2026-09-15T20:50:01.219 INFO kycontroller - Kyber controller. Revision 0.20.0-66-gb29f8f4
2026-09-15T20:50:01.219 INFO kycontroller::config - Using configuration file "\\\\?\\C:\\Users\\trist\\Workspace\\KyberFrog_WS2\\kyberfrog\\bench\\runs\\2026-09-15-step4\\k-plain-3\\kyber_config.toml"
2026-09-15T20:50:01.220 INFO kycontroller::auth::basic - Basic backend initialized with 1 expected user identities
2026-09-15T20:50:01.220 INFO kycontroller::auth::jwt - JWT backend initialized with algorithm HS256
2026-09-15T20:50:01.220 INFO libkypc::transport::ipc::windows - Creating NamedPipe listener factory, using instance ID 6456-0
2026-09-15T20:50:01.221 INFO kycontroller - Starting watchdog
2026-09-15T20:50:01.226 INFO libkypc::process::windows - Windows Job Object created for child process
2026-09-15T20:50:01.235[13708] INFO kyavserver - Process is now DPI aware
2026-09-15T20:50:01.236[13708] INFO kyavservice - AV service started
2026-09-15T20:50:01.236[13708] INFO kyavservice::config - Using configuration file "\\\\?\\C:\\Users\\trist\\Workspace\\KyberFrog_WS2\\kyberfrog\\bench\\runs\\2026-09-15-step4\\k-plain-3\\kyber_config.toml"
2026-09-15T20:50:01.236[13708] INFO kyavservice - Start display enumeration
2026-09-15T20:50:01.284[13708] INFO txproto::spout - Spout: New sender registered: "kybench-src" (1920x1080)
2026-09-15T20:50:01.284[13708] INFO txproto::spout - Spout: New sender registered: "kybench-src" (1920x1080)
2026-09-15T20:50:01.284 INFO kycontroller - Got initial displays: [Display { id: 4227119652, name: "kybench-src", height: 1080, width: 1920, x: 0, y: 0 }]
2026-09-15T20:50:01.284 INFO kycontroller - HTTP listening on port 9150
2026-09-15T20:50:01.284 INFO kycontroller - Webclient root not found
2026-09-15T20:50:01.285 INFO actix_server::builder - starting 12 workers
2026-09-15T20:50:01.285 INFO actix_server::server - Actix runtime found; starting in Actix runtime
2026-09-15T20:50:01.285 INFO actix_server::server - starting service: "actix-web-service-[::]:9150", workers: 12, listening on: [::]:9150
2026-09-15T20:50:01.289 INFO kycontroller::statemachine - Got display update (session: None): [Display { id: 4227119652, name: "kybench-src", height: 1080, width: 1920, x: 0, y: 0 }]
2026-09-15T20:50:04.233 INFO actix_web::middleware::logger - ::ffff:127.0.0.1 "GET /capabilities HTTP/1.1" 200 46 "-" "-" 0.000223
2026-09-15T20:50:04.234 INFO kycontroller - Logging in "vj"...
2026-09-15T20:50:04.234 INFO actix_web::middleware::logger - ::ffff:127.0.0.1 "POST /session/login HTTP/1.1" 200 189 "-" "-" 0.000172
2026-09-15T20:50:04.239 INFO kycontroller - Websocket token validated and consumed for session b0256fd3-283b-42f0-a37e-73fcc8cdbd43
2026-09-15T20:50:04.239 INFO kycontroller - Session "b0256fd3-283b-42f0-a37e-73fcc8cdbd43" controlplane connected
2026-09-15T20:50:04.239 INFO actix_web::middleware::logger - ::ffff:127.0.0.1 "GET /enumerate_displays HTTP/1.1" 200 79 "-" "-" 0.000055
2026-09-15T20:50:04.240 INFO kycontroller::kymux_controller - Starting common Kymux server on address [::]:9150 (supports QUIC + WebTransport)
2026-09-15T20:50:04.240 INFO kycontroller::kymux_controller - Generating short-lived certificate for WebTransport compatibility
2026-09-15T20:50:04.240 INFO kycontroller::kymux_controller - Generated certificate with hash: 974ee2bca94c37051101aaf167ec30d57a4b4567d23c58db6b70ff96cb1f4e69
2026-09-15T20:50:04.240 INFO kycontroller::kymux_controller::requests - Kymux started. Public port: 9150
2026-09-15T20:50:04.240 INFO actix_web::middleware::logger - ::ffff:127.0.0.1 "POST /kymux/start_mux HTTP/1.1" 200 269 "-" "-" 0.000632
2026-09-15T20:50:04.240 INFO kycontroller::kymux_controller::server - Waiting for Kymux connections
2026-09-15T20:50:04.242 INFO kycontroller::kymux_controller::server - Kymux connection accepted
2026-09-15T20:50:04.242 INFO kycontroller::kymux_controller::server - Connection routed to session b0256fd3-283b-42f0-a37e-73fcc8cdbd43
2026-09-15T20:50:04.243 INFO kycontroller::kymux_controller - Connection received for session b0256fd3-283b-42f0-a37e-73fcc8cdbd43
2026-09-15T20:50:04.243 INFO kycontroller::avservices_manager - Start Video avservice for display 4227119652 (Shared { display_id: 4227119652 })
2026-09-15T20:50:04.245 INFO libkypc::process::windows - Windows Job Object created for child process
2026-09-15T20:50:04.255[4604] INFO kyavserver - Process is now DPI aware
2026-09-15T20:50:04.255[4604] INFO kyavservice - AV service started
2026-09-15T20:50:04.255[4604] INFO kyavservice::config - Using configuration file "\\\\?\\C:\\Users\\trist\\Workspace\\KyberFrog_WS2\\kyberfrog\\bench\\runs\\2026-09-15-step4\\k-plain-3\\kyber_config.toml"
2026-09-15T20:50:04.255[4604] INFO kyavservice - Start Kymux Video: URI "kymux://127.0.0.1:9091/0", bitrate: 20000000, codec: H264, yuv444: false, intra_refresh: None
2026-09-15T20:50:04.255 WARN kycontroller::kymux_controller - Audio disabled
2026-09-15T20:50:04.255 WARN kycontroller::kymux_controller - Input server disabled
2026-09-15T20:50:04.255 INFO kycontroller::kymux_controller::requests - Session started. SessionId: 352771281
2026-09-15T20:50:04.255 INFO actix_web::middleware::logger - ::ffff:127.0.0.1 "POST /kymux/start_session HTTP/1.1" 200 156 "-" "-" 0.012596
2026-09-15T20:50:04.256[4604] INFO kyavservice::kymux - Start video, using clock ZeroedOrigin
2026-09-15T20:50:04.256[4604] INFO txproto::packet sink - connecting to URI: kymux://127.0.0.1:9091/0
2026-09-15T20:50:04.256 INFO kycom::connection - TCP connection for endpoint 0
2026-09-15T20:50:04.256[4604] INFO txproto::packet sink - connected to kymux://127.0.0.1:9091/0
2026-09-15T20:50:04.256[4604] INFO kyavservice::video - register_io_cb with api_list: ["spout", "wasapi"]
2026-09-15T20:50:04.314[4604] INFO txproto::spout - Spout: New sender registered: "kybench-src" (1920x1080)
2026-09-15T20:50:04.314[4604] INFO txproto::spout - Spout: New sender registered: "kybench-src" (1920x1080)
2026-09-15T20:50:04.314[4604] INFO kyavservice::video - Start screen grab on display 4227119652
2026-09-15T20:50:04.314[4604] INFO kyavservice::video - Forcing Spout sender "kybench-src" (id 0xFBF4BA24), ignoring requested display 4227119652
2026-09-15T20:50:04.314[4604] INFO txproto::tx - Using 'spout' backend for video capture
2026-09-15T20:50:04.315[4604] INFO kyavservice::video - libx264 encoder configuration dump:
[kyavserver.video_encoder_config]
b = 20000000
tune = "zerolatency"
flags = "+global_header"
x264-params = "force-cfr=0"
preset = "ultrafast"

2026-09-15T20:50:04.315[4604] INFO kyavservice::video - Create encoder libx264
2026-09-15T20:50:04.316[4604] INFO txproto::spout - Sender sync: access mutex present, frame counting present
2026-09-15T20:50:04.317[4604] INFO txproto::spout - Bound sender texture 1920x1080 (bgra)
2026-09-15T20:50:04.317[4604] INFO txproto::kybench-src - First frame acquired
2026-09-15T20:50:04.330[4604] INFO txproto::libx264 - using cpu capabilities: MMX2 SSE2Fast SSSE3 SSE4.2 AVX FMA3 BMI2 AVX2
2026-09-15T20:50:04.331[4604] INFO txproto::libx264 - profile Constrained Baseline, level 4.2, 4:2:0, 8-bit
2026-09-15T20:50:04.332[4604] INFO txproto::libx264 - 264 - core 164 r3107 a8b68eb - H.264/MPEG-4 AVC codec - Copyleft 2003-2023 - http://www.videolan.org/x264.html - options: cabac=0 ref=1 deblock=0:0:0 analyse=0:0 me=dia subme=0 psy=1 psy_rd=1.00:0.00 mixed_ref=0 me_range=16 chroma_me=1 trellis=0 8x8dct=0 cqm=0 deadzone=21,11 fast_pskip=1 chroma_qp_offset=0 threads=2 lookahead_threads=2 sliced_threads=1 slices=2 nr=0 decimate=1 interlaced=0 bluray_compat=0 constrained_intra=0 bframes=0 weightp=0 keyint=250 keyint_min=25 scenecut=0 intra_refresh=0 rc=abr mbtree=0 bitrate=20000 ratetol=1.0 qcomp=0.60 qpmin=0 qpmax=69 qpstep=4 ip_ratio=1.40 aq=0
2026-09-15T20:50:04.332[4604] INFO txproto::packet sink - Send config packet
2026-09-15T20:50:04.332[4604] INFO kyavservice - Video force IDR
2026-09-15T20:50:04.332[4604] INFO txproto::lavc:libx264 - Force IDR
2026-09-15T20:50:05.287[13708] INFO txproto::spout - Spout: New sender registered: "bench-out" (1920x1080)
2026-09-15T20:50:05.315[4604] INFO txproto::spout - Spout: New sender registered: "bench-out" (1920x1080)
2026-09-15T20:56:17.268 ERROR kyproto::control - ControlError("read error")
2026-09-15T20:56:17.268 ERROR kyproto::router - RouterError("accept_uni() failed: ConnectionError(\"closed by peer: Closed by Kyproto user (code 0)\")")
2026-09-15T20:56:17.268 ERROR kyproto::router - RouterError("accept_bi() failed: ConnectionError(\"closed by peer: Closed by Kyproto user (code 0)\")")
2026-09-15T20:56:17.268 ERROR kyproto::router - RouterError("read_datagram() failed: ConnectionError(\"closed by peer: Closed by Kyproto user (code 0)\")")
2026-09-15T20:56:17.268 INFO kycontroller::kymux_controller - Kymux connection closed for session b0256fd3-283b-42f0-a37e-73fcc8cdbd43: Ok(())
2026-09-15T20:56:17.268 WARN kyproto::router - Task accept_uni seems to be already stopped
2026-09-15T20:56:17.268 WARN kycontroller::statemachine - Kymux connection timeout for session b0256fd3-283b-42f0-a37e-73fcc8cdbd43
2026-09-15T20:56:17.268 WARN kyproto::router - Task accept_bi seems to be already stopped
2026-09-15T20:56:17.268 WARN kyproto::router - Task recv_datagrams seems to be already stopped
2026-09-15T20:56:17.268 WARN kyproto::control - Task control recv_msgs seems to be already stopped
2026-09-15T20:56:17.285 INFO kycontroller::controller - Preparing stop session b0256fd3-283b-42f0-a37e-73fcc8cdbd43
2026-09-15T20:56:17.285 INFO kycontroller::controller - Stop session b0256fd3-283b-42f0-a37e-73fcc8cdbd43
2026-09-15T20:56:17.285 INFO kycontroller::controller - Stop dataplane
2026-09-15T20:56:17.285 INFO kycontroller::kymux_controller - Stopping shared Kymux infrastructure
2026-09-15T20:56:17.285 INFO kycontroller::kymux_controller - Stopping Kymux server
2026-09-15T20:56:17.285 INFO actix_web::middleware::logger - ::ffff:127.0.0.1 "GET /ws HTTP/1.1" 101 513 "-" "-" 373.046494
2026-09-15T20:56:17.285 INFO kycontroller::avservices_manager - Last client left video Shared { display_id: 4227119652 }, stopping avservice
2026-09-15T20:56:17.285 WARN kycontroller::kymux_controller::server - Kynet accept failed: connection error: Endpoint closed
2026-09-15T20:56:17.285 WARN kycontroller::kymux_controller::server - Kynet accept failed: connection error: Endpoint closed
2026-09-15T20:56:17.285 WARN kycontroller::kymux_controller::server - Kynet accept failed: connection error: Endpoint closed
2026-09-15T20:56:17.285 WARN kycontroller::kymux_controller::server - Kynet accept failed: connection error: Endpoint closed
2026-09-15T20:56:17.285 WARN kycontroller::kymux_controller::server - Kynet accept failed: connection error: Endpoint closed
2026-09-15T20:56:17.285 WARN kycontroller::kymux_controller::server - Kynet accept failed: connection error: Endpoint closed
2026-09-15T20:56:17.285 WARN kycontroller::kymux_controller::server - Kynet accept failed: connection error: Endpoint closed
2026-09-15T20:56:17.285 WARN kycontroller::kymux_controller::server - Kynet accept failed: connection error: Endpoint closed
2026-09-15T20:56:17.285 WARN kycontroller::kymux_controller::server - Kynet accept failed: connection error: Endpoint closed
2026-09-15T20:56:17.285 WARN kycontroller::kymux_controller::server - Kynet accept failed: connection error: Endpoint closed
2026-09-15T20:56:17.285 WARN kycontroller::kymux_controller::server - Kynet accept failed: connection error: Endpoint closed
2026-09-15T20:56:17.285 WARN kycontroller::kymux_controller::server - Kynet accept failed: connection error: Endpoint closed
2026-09-15T20:56:17.285 WARN kycontroller::kymux_controller::server - Kynet accept failed: connection error: Endpoint closed
2026-09-15T20:56:17.285 WARN kycontroller::kymux_controller::server - Kynet accept failed: connection error: Endpoint closed
2026-09-15T20:56:17.286 WARN kycontroller::kymux_controller::server - Kynet accept failed: connection error: Endpoint closed
2026-09-15T20:56:17.286 WARN kycontroller::kymux_controller::server - Kynet accept failed: connection error: Endpoint closed
2026-09-15T20:56:17.286 WARN kycontroller::kymux_controller::server - Kynet accept failed: connection error: Endpoint closed
2026-09-15T20:56:17.286 WARN kycontroller::kymux_controller::server - Kynet accept failed: connection error: Endpoint closed
2026-09-15T20:56:17.286 WARN kycontroller::kymux_controller::server - Kynet accept failed: connection error: Endpoint closed
2026-09-15T20:56:17.286 WARN kycontroller::kymux_controller::server - Kynet accept failed: connection error: Endpoint closed
2026-09-15T20:56:17.286 WARN kycontroller::kymux_controller::server - Kynet accept failed: connection error: Endpoint closed
2026-09-15T20:56:17.286 WARN kycontroller::kymux_controller::server - Kynet accept failed: connection error: Endpoint closed
2026-09-15T20:56:17.286 WARN kycontroller::kymux_controller::server - Kynet accept failed: connection error: Endpoint closed
2026-09-15T20:56:17.286 WARN kycontroller::kymux_controller::server - Kynet accept failed: connection error: Endpoint closed
2026-09-15T20:56:17.286 WARN kycontroller::kymux_controller::server - Kynet accept failed: connection error: Endpoint closed
2026-09-15T20:56:17.286 WARN kycontroller::kymux_controller::server - Kynet accept failed: connection error: Endpoint closed
2026-09-15T20:56:17.286 WARN kycontroller::kymux_controller::server - Kynet accept failed: connection error: Endpoint closed
2026-09-15T20:56:17.286 WARN kycontroller::kymux_controller::server - Kynet accept failed: connection error: Endpoint closed
2026-09-15T20:56:17.286 WARN kycontroller::kymux_controller::server - Kynet accept failed: connection error: Endpoint closed
2026-09-15T20:56:17.286 WARN kycontroller::kymux_controller::server - Kynet accept failed: connection error: Endpoint closed
2026-09-15T20:56:17.286 WARN kycontroller::kymux_controller::server - Kynet accept failed: connection error: Endpoint closed
2026-09-15T20:56:17.286 WARN kycontroller::kymux_controller::server - Kynet accept failed: connection error: Endpoint closed
2026-09-15T20:56:17.286 WARN kycontroller::kymux_controller::server - Kynet accept failed: connection error: Endpoint closed
2026-09-15T20:56:17.286 WARN kycontroller::kymux_controller::server - Kynet accept failed: connection error: Endpoint closed
2026-09-15T20:56:17.286 WARN kycontroller::kymux_controller::server - Kynet accept failed: connection error: Endpoint closed
2026-09-15T20:56:17.286 WARN kycontroller::kymux_controller::server - Kynet accept failed: connection error: Endpoint closed
2026-09-15T20:56:17.286 WARN kycontroller::kymux_controller::server - Kynet accept failed: connection error: Endpoint closed
2026-09-15T20:56:17.286 WARN kycontroller::kymux_controller::server - Kynet accept failed: connection error: Endpoint closed
2026-09-15T20:56:17.286 WARN kycontroller::kymux_controller::server - Kynet accept failed: connection error: Endpoint closed
2026-09-15T20:56:17.286 WARN kycontroller::kymux_controller::server - Kynet accept failed: connection error: Endpoint closed
2026-09-15T20:56:17.286 WARN kycontroller::kymux_controller::server - Kynet accept failed: connection error: Endpoint closed
2026-09-15T20:56:17.286 WARN kycontroller::kymux_controller::server - Kynet accept failed: connection error: Endpoint closed
2026-09-15T20:56:17.286 WARN kycontroller::kymux_controller::server - Kynet accept failed: connection error: Endpoint closed
2026-09-15T20:56:17.286 WARN kycontroller::kymux_controller::server - Kynet accept failed: connection error: Endpoint closed
2026-09-15T20:56:17.286 WARN kycontroller::kymux_controller::server - Kynet accept failed: connection error: Endpoint closed
2026-09-15T20:56:17.286 WARN kycontroller::kymux_controller::server - Kynet accept failed: connection error: Endpoint closed
2026-09-15T20:56:17.286 WARN kycontroller::kymux_controller::server - Kynet accept failed: connection error: Endpoint closed
2026-09-15T20:56:17.286 WARN kycontroller::kymux_controller::server - Kynet accept failed: connection error: Endpoint closed
2026-09-15T20:56:17.286 WARN kycontroller::kymux_controller::server - Kynet accept failed: connection error: Endpoint closed
2026-09-15T20:56:17.286 WARN kycontroller::kymux_controller::server - Kynet accept failed: connection error: Endpoint closed
2026-09-15T20:56:17.286 WARN kycontroller::kymux_controller::server - Kynet accept failed: connection error: Endpoint closed
2026-09-15T20:56:17.286 WARN kycontroller::kymux_controller::server - Kynet accept failed: connection error: Endpoint closed
2026-09-15T20:56:17.286 WARN kycontroller::kymux_controller::server - Kynet accept failed: connection error: Endpoint closed
2026-09-15T20:56:17.286 WARN kycontroller::kymux_controller::server - Kynet accept failed: connection error: Endpoint closed
2026-09-15T20:56:17.286 WARN kycontroller::kymux_controller::server - Kynet accept failed: connection error: Endpoint closed
2026-09-15T20:56:17.286 WARN kycontroller::kymux_controller::server - Kynet accept failed: connection error: Endpoint closed
2026-09-15T20:56:17.286 WARN kycontroller::kymux_controller::server - Kynet accept failed: connection error: Endpoint closed
2026-09-15T20:56:17.286 WARN kycontroller::kymux_controller::server - Kynet accept failed: connection error: Endpoint closed
2026-09-15T20:56:17.286 WARN kycontroller::kymux_controller::server - Kynet accept failed: connection error: Endpoint closed
2026-09-15T20:56:17.286 WARN kycontroller::kymux_controller::server - Kynet accept failed: connection error: Endpoint closed
2026-09-15T20:56:17.286 WARN kycontroller::kymux_controller::server - Kynet accept failed: connection error: Endpoint closed
2026-09-15T20:56:17.286 WARN kycontroller::kymux_controller::server - Kynet accept failed: connection error: Endpoint closed
2026-09-15T20:56:17.286 WARN kycontroller::kymux_controller::server - Kynet accept failed: connection error: Endpoint closed
2026-09-15T20:56:17.286 WARN kycontroller::kymux_controller::server - Kynet accept failed: connection error: Endpoint closed
2026-09-15T20:56:17.286 WARN kycontroller::kymux_controller::server - Kynet accept failed: connection error: Endpoint closed
2026-09-15T20:56:17.286 WARN kycontroller::kymux_controller::server - Kynet accept failed: connection error: Endpoint closed
2026-09-15T20:56:17.286 WARN kycontroller::kymux_controller::server - Kynet accept failed: connection error: Endpoint closed
2026-09-15T20:56:17.286 WARN kycontroller::kymux_controller::server - Kynet accept failed: connection error: Endpoint closed
2026-09-15T20:56:17.286 WARN kycontroller::kymux_controller::server - Kynet accept failed: connection error: Endpoint closed
2026-09-15T20:56:17.286 WARN kycontroller::kymux_controller::server - Kynet accept failed: connection error: Endpoint closed
2026-09-15T20:56:17.286 WARN kycontroller::kymux_controller::server - Kynet accept failed: connection error: Endpoint closed
2026-09-15T20:56:17.286 WARN kycontroller::kymux_controller::server - Kynet accept failed: connection error: Endpoint closed
2026-09-15T20:56:17.286 WARN kycontroller::kymux_controller::server - Kynet accept failed: connection error: Endpoint closed
2026-09-15T20:56:17.286 WARN kycontroller::kymux_controller::server - Kynet accept failed: connection error: Endpoint closed
2026-09-15T20:56:17.286 WARN kycontroller::kymux_controller::server - Kynet accept failed: connection error: Endpoint closed
2026-09-15T20:56:17.286 WARN kycontroller::kymux_controller::server - Kynet accept failed: connection error: Endpoint closed
2026-09-15T20:56:17.286 WARN kycontroller::kymux_controller::server - Kynet accept failed: connection error: Endpoint closed
2026-09-15T20:56:17.286 WARN kycontroller::kymux_controller::server - Kynet accept failed: connection error: Endpoint closed
2026-09-15T20:56:17.287 WARN kycontroller::kymux_controller::server - Kynet accept failed: connection error: Endpoint closed
2026-09-15T20:56:17.287 WARN kycontroller::kymux_controller::server - Kynet accept failed: connection error: Endpoint closed
2026-09-15T20:56:17.287 WARN kycontroller::kymux_controller::server - Kynet accept failed: connection error: Endpoint closed
2026-09-15T20:56:17.287 WARN kycontroller::kymux_controller::server - Kynet accept failed: connection error: Endpoint closed
2026-09-15T20:56:17.287 INFO libkypc::process - Kill Child(C:\Users\trist\KyberFrog-bench\bundle-643ee0e\kyavserver)
2026-09-15T20:56:17.287 WARN kycontroller::kymux_controller::server - Kynet accept failed: connection error: Endpoint closed
2026-09-15T20:56:17.287 WARN kycontroller::kymux_controller::server - Kynet accept failed: connection error: Endpoint closed
2026-09-15T20:56:17.287 WARN kycontroller::kymux_controller::server - Kynet accept failed: connection error: Endpoint closed
2026-09-15T20:56:17.287 WARN kycontroller::kymux_controller::server - Kynet accept failed: connection error: Endpoint closed
2026-09-15T20:56:17.287 WARN kycontroller::kymux_controller::server - Kynet accept failed: connection error: Endpoint closed
2026-09-15T20:56:17.287 WARN kycontroller::kymux_controller::server - Kynet accept failed: connection error: Endpoint closed
2026-09-15T20:56:17.287 WARN kycontroller::kymux_controller::server - Kynet accept failed: connection error: Endpoint closed
2026-09-15T20:56:17.287 WARN kycontroller::kymux_controller::server - Kynet accept failed: connection error: Endpoint closed
2026-09-15T20:56:17.287 WARN kycontroller::kymux_controller::server - Kynet accept failed: connection error: Endpoint closed
2026-09-15T20:56:17.287 WARN kycontroller::kymux_controller::server - Kynet accept failed: connection error: Endpoint closed
2026-09-15T20:56:17.287 WARN kycontroller::kymux_controller::server - Kynet accept failed: connection error: Endpoint closed
2026-09-15T20:56:17.287 WARN kycontroller::kymux_controller::server - Kynet accept failed: connection error: Endpoint closed
2026-09-15T20:56:17.287 WARN kycontroller::kymux_controller::server - Kynet accept failed: connection error: Endpoint closed
2026-09-15T20:56:17.287 WARN kycontroller::kymux_controller::server - Kynet accept failed: connection error: Endpoint closed
2026-09-15T20:56:17.287 WARN kycontroller::kymux_controller::server - Kynet accept failed: connection error: Endpoint closed
2026-09-15T20:56:17.287 WARN kycontroller::kymux_controller::server - Kynet accept failed: connection error: Endpoint closed
2026-09-15T20:56:17.287 WARN kycontroller::kymux_controller::server - Kynet accept failed: connection error: Endpoint closed
2026-09-15T20:56:17.287 WARN kycontroller::kymux_controller::server - Kynet accept failed: connection error: Endpoint closed
2026-09-15T20:56:17.287 WARN kycontroller::kymux_controller::server - Kynet accept failed: connection error: Endpoint closed
2026-09-15T20:56:17.287 WARN kycontroller::kymux_controller::server - Kynet accept failed: connection error: Endpoint closed
2026-09-15T20:56:17.287 WARN kycontroller::kymux_controller::server - Kynet accept failed: connection error: Endpoint closed
2026-09-15T20:56:17.287 WARN kycontroller::kymux_controller::server - Kynet accept failed: connection error: Endpoint closed
2026-09-15T20:56:17.287 WARN kycontroller::kymux_controller::server - Kynet accept failed: connection error: Endpoint closed
2026-09-15T20:56:17.287 WARN kycontroller::kymux_controller::server - Kynet accept failed: connection error: Endpoint closed
2026-09-15T20:56:17.287 WARN kycontroller::kymux_controller::server - Kynet accept failed: connection error: Endpoint closed
2026-09-15T20:56:17.287 WARN kycontroller::kymux_controller::server - Kynet accept failed: connection error: Endpoint closed
2026-09-15T20:56:17.287 WARN kycontroller::kymux_controller::server - Kynet accept failed: connection error: Endpoint closed
2026-09-15T20:56:17.287 WARN kycontroller::kymux_controller::server - Kynet accept failed: connection error: Endpoint closed
2026-09-15T20:56:17.287 WARN kycontroller::kymux_controller::server - Kynet accept failed: connection error: Endpoint closed
2026-09-15T20:56:17.287 WARN kycontroller::kymux_controller::server - Kynet accept failed: connection error: Endpoint closed
2026-09-15T20:56:17.287 WARN kycontroller::kymux_controller::server - Kynet accept failed: connection error: Endpoint closed
2026-09-15T20:56:17.287 WARN kycontroller::kymux_controller::server - Kynet accept failed: connection error: Endpoint closed
2026-09-15T20:56:17.287 WARN kycontroller::kymux_controller::server - Kynet accept failed: connection error: Endpoint closed
2026-09-15T20:56:17.287 WARN kycontroller::kymux_controller::server - Kynet accept failed: connection error: Endpoint closed
2026-09-15T20:56:17.287 WARN kycontroller::kymux_controller::server - Kynet accept failed: connection error: Endpoint closed
2026-09-15T20:56:17.287 WARN kycontroller::kymux_controller::server - Kynet accept failed: connection error: Endpoint closed
2026-09-15T20:56:17.287 WARN kycontroller::kymux_controller::server - Kynet accept failed: connection error: Endpoint closed
2026-09-15T20:56:17.287 WARN kycontroller::kymux_controller::server - Kynet accept failed: connection error: Endpoint closed
2026-09-15T20:56:17.287 WARN kycontroller::kymux_controller::server - Kynet accept failed: connection error: Endpoint closed
2026-09-15T20:56:17.288 WARN kycontroller::kymux_controller::server - Kynet accept failed: connection error: Endpoint closed
2026-09-15T20:56:17.288 WARN kycontroller::kymux_controller::server - Kynet accept failed: connection error: Endpoint closed
2026-09-15T20:56:17.288 WARN kycontroller::kymux_controller::server - Kynet accept failed: connection error: Endpoint closed
2026-09-15T20:56:17.288 WARN kycontroller::kymux_controller::server - Kynet accept failed: connection error: Endpoint closed
2026-09-15T20:56:17.288 WARN kycontroller::kymux_controller::server - Kynet accept failed: connection error: Endpoint closed
2026-09-15T20:56:17.288 WARN kycontroller::kymux_controller::server - Kynet accept failed: connection error: Endpoint closed
2026-09-15T20:56:17.288 WARN kycontroller::kymux_controller::server - Kynet accept failed: connection error: Endpoint closed
2026-09-15T20:56:17.288 WARN kycontroller::kymux_controller::server - Kynet accept failed: connection error: Endpoint closed
2026-09-15T20:56:17.288 WARN kycontroller::kymux_controller::server - Kynet accept failed: connection error: Endpoint closed
2026-09-15T20:56:17.288 WARN kycontroller::kymux_controller::server - Kynet accept failed: connection error: Endpoint closed
2026-09-15T20:56:17.288 WARN kycontroller::kymux_controller::server - Kynet accept failed: connection error: Endpoint closed
2026-09-15T20:56:17.288 WARN kycontroller::kymux_controller::server - Kynet accept failed: connection error: Endpoint closed
2026-09-15T20:56:17.288 WARN kycontroller::kymux_controller::server - Kynet accept failed: connection error: Endpoint closed
2026-09-15T20:56:17.288 WARN kycontroller::kymux_controller::server - Kynet accept failed: connection error: Endpoint closed
2026-09-15T20:56:17.288 WARN kycontroller::kymux_controller::server - Kynet accept failed: connection error: Endpoint closed
2026-09-15T20:56:17.288 WARN kycontroller::kymux_controller::server - Kynet accept failed: connection error: Endpoint closed
2026-09-15T20:56:17.288 WARN kycontroller::kymux_controller::server - Kynet accept failed: connection error: Endpoint closed
2026-09-15T20:56:17.288 WARN kycontroller::kymux_controller::server - Kynet accept failed: connection error: Endpoint closed
2026-09-15T20:56:17.288 WARN kycontroller::kymux_controller::server - Kynet accept failed: connection error: Endpoint closed
2026-09-15T20:56:17.288 WARN kycontroller::kymux_controller::server - Kynet accept failed: connection error: Endpoint closed
2026-09-15T20:56:17.288 WARN kycontroller::kymux_controller::server - Kynet accept failed: connection error: Endpoint closed
2026-09-15T20:56:17.288 WARN kycontroller::kymux_controller::server - Kynet accept failed: connection error: Endpoint closed
2026-09-15T20:56:17.288 WARN kycontroller::kymux_controller::server - Kynet accept failed: connection error: Endpoint closed
2026-09-15T20:56:17.288 WARN kycontroller::kymux_controller::server - Kynet accept failed: connection error: Endpoint closed
2026-09-15T20:56:17.288 WARN kycontroller::kymux_controller::server - Kynet accept failed: connection error: Endpoint closed
2026-09-15T20:56:17.288 WARN kycontroller::kymux_controller::server - Kynet accept failed: connection error: Endpoint closed
2026-09-15T20:56:17.288 WARN kycontroller::kymux_controller::server - Kynet accept failed: connection error: Endpoint closed
2026-09-15T20:56:17.288 WARN kycontroller::kymux_controller::server - Kynet accept failed: connection error: Endpoint closed
2026-09-15T20:56:17.288 WARN kycontroller::kymux_controller::server - Kynet accept failed: connection error: Endpoint closed
2026-09-15T20:56:17.288 WARN kycontroller::kymux_controller::server - Kynet accept failed: connection error: Endpoint closed
2026-09-15T20:56:17.288 WARN kycontroller::kymux_controller::server - Kynet accept failed: connection error: Endpoint closed
2026-09-15T20:56:17.288 WARN kycontroller::kymux_controller::server - Kynet accept failed: connection error: Endpoint closed
2026-09-15T20:56:17.288 WARN kycontroller::kymux_controller::server - Kynet accept failed: connection error: Endpoint closed
2026-09-15T20:56:17.288 WARN kycontroller::kymux_controller::server - Kynet accept failed: connection error: Endpoint closed
2026-09-15T20:56:17.288 WARN kycontroller::kymux_controller::server - Kynet accept failed: connection error: Endpoint closed
2026-09-15T20:56:17.288 WARN kycontroller::kymux_controller::server - Kynet accept failed: connection error: Endpoint closed
2026-09-15T20:56:17.288 WARN kycontroller::kymux_controller::server - Kynet accept failed: connection error: Endpoint closed
2026-09-15T20:56:17.288 WARN kycontroller::kymux_controller::server - Kynet accept failed: connection error: Endpoint closed
2026-09-15T20:56:17.288 WARN kycontroller::kymux_controller::server - Kynet accept failed: connection error: Endpoint closed
2026-09-15T20:56:17.288 WARN kycontroller::kymux_controller::server - Kynet accept failed: connection error: Endpoint closed
2026-09-15T20:56:17.288 WARN kycontroller::kymux_controller::server - Kynet accept failed: connection error: Endpoint closed
2026-09-15T20:56:17.288 WARN kycontroller::kymux_controller::server - Kynet accept failed: connection error: Endpoint closed
2026-09-15T20:56:17.288 WARN kycontroller::kymux_controller::server - Kynet accept failed: connection error: Endpoint closed
2026-09-15T20:56:17.288 WARN kycontroller::kymux_controller::server - Kynet accept failed: connection error: Endpoint closed
2026-09-15T20:56:17.288 WARN kycontroller::kymux_controller::server - Kynet accept failed: connection error: Endpoint closed
2026-09-15T20:56:17.288 WARN kycontroller::kymux_controller::server - Kynet accept failed: connection error: Endpoint closed
2026-09-15T20:56:17.288 WARN kycontroller::kymux_controller::server - Kynet accept failed: connection error: Endpoint closed
2026-09-15T20:56:17.288 WARN kycontroller::kymux_controller::server - Kynet accept failed: connection error: Endpoint closed
2026-09-15T20:56:17.288 WARN kycontroller::kymux_controller::server - Kynet accept failed: connection error: Endpoint closed
2026-09-15T20:56:17.288 WARN kycontroller::kymux_controller::server - Kynet accept failed: connection error: Endpoint closed
2026-09-15T20:56:17.288 WARN kycontroller::kymux_controller::server - Kynet accept failed: connection error: Endpoint closed
2026-09-15T20:56:17.288 WARN kycontroller::kymux_controller::server - Kynet accept failed: connection error: Endpoint closed
2026-09-15T20:56:17.288 WARN kycontroller::kymux_controller::server - Kynet accept failed: connection error: Endpoint closed
2026-09-15T20:56:17.288 WARN kycontroller::kymux_controller::server - Kynet accept failed: connection error: Endpoint closed
2026-09-15T20:56:17.288 WARN kycontroller::kymux_controller::server - Kynet accept failed: connection error: Endpoint closed
2026-09-15T20:56:17.288 WARN kycontroller::kymux_controller::server - Kynet accept failed: connection error: Endpoint closed
2026-09-15T20:56:17.288 WARN kycontroller::kymux_controller::server - Kynet accept failed: connection error: Endpoint closed
2026-09-15T20:56:17.288 WARN kycontroller::kymux_controller::server - Kynet accept failed: connection error: Endpoint closed
2026-09-15T20:56:17.288 WARN kycontroller::kymux_controller::server - Kynet accept failed: connection error: Endpoint closed
2026-09-15T20:56:17.288 WARN kycontroller::kymux_controller::server - Kynet accept failed: connection error: Endpoint closed
2026-09-15T20:56:17.288 WARN kycontroller::kymux_controller::server - Kynet accept failed: connection error: Endpoint closed
2026-09-15T20:56:17.288 WARN kycontroller::kymux_controller::server - Kynet accept failed: connection error: Endpoint closed
2026-09-15T20:56:17.288 WARN kycontroller::kymux_controller::server - Kynet accept failed: connection error: Endpoint closed
2026-09-15T20:56:17.288 WARN kycontroller::kymux_controller::server - Kynet accept failed: connection error: Endpoint closed
2026-09-15T20:56:17.288 WARN kycontroller::kymux_controller::server - Kynet accept failed: connection error: Endpoint closed
2026-09-15T20:56:17.288 WARN kycontroller::kymux_controller::server - Kynet accept failed: connection error: Endpoint closed
2026-09-15T20:56:17.288 WARN kycontroller::kymux_controller::server - Kynet accept failed: connection error: Endpoint closed
2026-09-15T20:56:17.288 WARN kycontroller::kymux_controller::server - Kynet accept failed: connection error: Endpoint closed
2026-09-15T20:56:17.288 WARN kycontroller::kymux_controller::server - Kynet accept failed: connection error: Endpoint closed
2026-09-15T20:56:17.288 WARN kycontroller::kymux_controller::server - Kynet accept failed: connection error: Endpoint closed
2026-09-15T20:56:17.288 WARN kycontroller::kymux_controller::server - Kynet accept failed: connection error: Endpoint closed
2026-09-15T20:56:17.289 WARN kycontroller::kymux_controller::server - Kynet accept failed: connection error: Endpoint closed
2026-09-15T20:56:17.289 WARN kycontroller::kymux_controller::server - Kynet accept failed: connection error: Endpoint closed
2026-09-15T20:56:17.289 WARN kycontroller::kymux_controller::server - Kynet accept failed: connection error: Endpoint closed
2026-09-15T20:56:17.289 WARN kycontroller::kymux_controller::server - Kynet accept failed: connection error: Endpoint closed
2026-09-15T20:56:17.289 WARN kycontroller::kymux_controller::server - Kynet accept failed: connection error: Endpoint closed
2026-09-15T20:56:17.289 WARN kycontroller::kymux_controller::server - Kynet accept failed: connection error: Endpoint closed
2026-09-15T20:56:17.289 WARN kycontroller::kymux_controller::server - Kynet accept failed: connection error: Endpoint closed
2026-09-15T20:56:17.289 WARN kycontroller::kymux_controller::server - Kynet accept failed: connection error: Endpoint closed
2026-09-15T20:56:17.289 WARN kycontroller::kymux_controller::server - Kynet accept failed: connection error: Endpoint closed
2026-09-15T20:56:17.289 WARN kycontroller::kymux_controller::server - Kynet accept failed: connection error: Endpoint closed
2026-09-15T20:56:17.289 WARN kycontroller::kymux_controller::server - Kynet accept failed: connection error: Endpoint closed
2026-09-15T20:56:17.289 WARN kycontroller::kymux_controller::server - Kynet accept failed: connection error: Endpoint closed
2026-09-15T20:56:17.289 WARN kycontroller::kymux_controller::server - Kynet accept failed: connection error: Endpoint closed
2026-09-15T20:56:17.289 WARN kycontroller::kymux_controller::server - Kynet accept failed: connection error: Endpoint closed
2026-09-15T20:56:17.289 WARN kycontroller::kymux_controller::server - Kynet accept failed: connection error: Endpoint closed
2026-09-15T20:56:17.289 WARN kycontroller::kymux_controller::server - Kynet accept failed: connection error: Endpoint closed
2026-09-15T20:56:17.289 WARN kycontroller::kymux_controller::server - Kynet accept failed: connection error: Endpoint closed
2026-09-15T20:56:17.289 WARN kycontroller::kymux_controller::server - Kynet accept failed: connection error: Endpoint closed
2026-09-15T20:56:17.289 WARN kycontroller::kymux_controller::server - Kynet accept failed: connection error: Endpoint closed
2026-09-15T20:56:17.289 WARN kycontroller::kymux_controller::server - Kynet accept failed: connection error: Endpoint closed
2026-09-15T20:56:17.289 WARN kycontroller::kymux_controller::server - Kynet accept failed: connection error: Endpoint closed
2026-09-15T20:56:17.289 WARN kycontroller::kymux_controller::server - Kynet accept failed: connection error: Endpoint closed
2026-09-15T20:56:17.289 WARN kycontroller::kymux_controller::server - Kynet accept failed: connection error: Endpoint closed
2026-09-15T20:56:17.289 WARN kycontroller::kymux_controller::server - Kynet accept failed: connection error: Endpoint closed
2026-09-15T20:56:17.289 WARN kycontroller::kymux_controller::server - Kynet accept failed: connection error: Endpoint closed
2026-09-15T20:56:17.289 WARN kycontroller::kymux_controller::server - Kynet accept failed: connection error: Endpoint closed
2026-09-15T20:56:17.289 WARN kycontroller::kymux_controller::server - Kynet accept failed: connection error: Endpoint closed
2026-09-15T20:56:17.289 WARN kycontroller::kymux_controller::server - Kynet accept failed: connection error: Endpoint closed
2026-09-15T20:56:17.289 WARN kycontroller::kymux_controller::server - Kynet accept failed: connection error: Endpoint closed
2026-09-15T20:56:17.289 WARN kycontroller::kymux_controller::server - Kynet accept failed: connection error: Endpoint closed
2026-09-15T20:56:17.289 WARN kycontroller::kymux_controller::server - Kynet accept failed: connection error: Endpoint closed
2026-09-15T20:56:17.289 WARN kycontroller::kymux_controller::server - Kynet accept failed: connection error: Endpoint closed
2026-09-15T20:56:17.289 WARN kycontroller::kymux_controller::server - Kynet accept failed: connection error: Endpoint closed
2026-09-15T20:56:17.289 WARN kycontroller::kymux_controller::server - Kynet accept failed: connection error: Endpoint closed
2026-09-15T20:56:17.289 WARN kycontroller::kymux_controller::server - Kynet accept failed: connection error: Endpoint closed
2026-09-15T20:56:17.289 WARN kycontroller::kymux_controller::server - Kynet accept failed: connection error: Endpoint closed
2026-09-15T20:56:17.289 WARN kycontroller::kymux_controller::server - Kynet accept failed: connection error: Endpoint closed
2026-09-15T20:56:17.289 WARN kycontroller::kymux_controller::server - Kynet accept failed: connection error: Endpoint closed
2026-09-15T20:56:17.289 WARN kycontroller::kymux_controller::server - Kynet accept failed: connection error: Endpoint closed
2026-09-15T20:56:17.289 WARN kycontroller::kymux_controller::server - Kynet accept failed: connection error: Endpoint closed
2026-09-15T20:56:17.289 WARN kycontroller::kymux_controller::server - Kynet accept failed: connection error: Endpoint closed
2026-09-15T20:56:17.289 WARN kycontroller::kymux_controller::server - Kynet accept failed: connection error: Endpoint closed
2026-09-15T20:56:17.289 WARN kycontroller::kymux_controller::server - Kynet accept failed: connection error: Endpoint closed
2026-09-15T20:56:17.289 WARN kycontroller::kymux_controller::server - Kynet accept failed: connection error: Endpoint closed
2026-09-15T20:56:17.289 WARN kycontroller::kymux_controller::server - Kynet accept failed: connection error: Endpoint closed
2026-09-15T20:56:17.289 WARN kycontroller::kymux_controller::server - Kynet accept failed: connection error: Endpoint closed
2026-09-15T20:56:17.289 WARN kycontroller::kymux_controller::server - Kynet accept failed: connection error: Endpoint closed
2026-09-15T20:56:17.289 WARN kycontroller::kymux_controller::server - Kynet accept failed: connection error: Endpoint closed
2026-09-15T20:56:17.289 WARN kycontroller::kymux_controller::server - Kynet accept failed: connection error: Endpoint closed
2026-09-15T20:56:17.289 WARN kycontroller::kymux_controller::server - Kynet accept failed: connection error: Endpoint closed
2026-09-15T20:56:17.289 WARN kycontroller::kymux_controller::server - Kynet accept failed: connection error: Endpoint closed
2026-09-15T20:56:17.289 WARN kycontroller::kymux_controller::server - Kynet accept failed: connection error: Endpoint closed
2026-09-15T20:56:17.289 WARN kycontroller::kymux_controller::server - Kynet accept failed: connection error: Endpoint closed
2026-09-15T20:56:17.289 WARN kycontroller::kymux_controller::server - Kynet accept failed: connection error: Endpoint closed
2026-09-15T20:56:17.289 WARN kycontroller::kymux_controller::server - Kynet accept failed: connection error: Endpoint closed
2026-09-15T20:56:17.289 WARN kycontroller::kymux_controller::server - Kynet accept failed: connection error: Endpoint closed
2026-09-15T20:56:17.289 WARN kycontroller::kymux_controller::server - Kynet accept failed: connection error: Endpoint closed
2026-09-15T20:56:17.289 WARN kycontroller::kymux_controller::server - Kynet accept failed: connection error: Endpoint closed
2026-09-15T20:56:17.289 WARN kycontroller::kymux_controller::server - Kynet accept failed: connection error: Endpoint closed
2026-09-15T20:56:17.289 WARN kycontroller::kymux_controller::server - Kynet accept failed: connection error: Endpoint closed
2026-09-15T20:56:17.289 WARN kycontroller::kymux_controller::server - Kynet accept failed: connection error: Endpoint closed
2026-09-15T20:56:17.289 WARN kycontroller::kymux_controller::server - Kynet accept failed: connection error: Endpoint closed
2026-09-15T20:56:17.290 WARN kycontroller::kymux_controller::server - Kynet accept failed: connection error: Endpoint closed
2026-09-15T20:56:17.290 WARN kycontroller::kymux_controller::server - Kynet accept failed: connection error: Endpoint closed
2026-09-15T20:56:17.290 WARN kycontroller::kymux_controller::server - Kynet accept failed: connection error: Endpoint closed
2026-09-15T20:56:17.290 WARN kycontroller::kymux_controller::server - Kynet accept failed: connection error: Endpoint closed
2026-09-15T20:56:17.290 WARN kycontroller::kymux_controller::server - Kynet accept failed: connection error: Endpoint closed
2026-09-15T20:56:17.290 WARN kycontroller::kymux_controller::server - Kynet accept failed: connection error: Endpoint closed
2026-09-15T20:56:17.290 WARN kycontroller::kymux_controller::server - Kynet accept failed: connection error: Endpoint closed
2026-09-15T20:56:17.290 WARN kycontroller::kymux_controller::server - Kynet accept failed: connection error: Endpoint closed
2026-09-15T20:56:17.290 WARN kycontroller::kymux_controller::server - Kynet accept failed: connection error: Endpoint closed
2026-09-15T20:56:17.290 WARN kycontroller::kymux_controller::server - Kynet accept failed: connection error: Endpoint closed
2026-09-15T20:56:17.290 WARN kycontroller::kymux_controller::server - Kynet accept failed: connection error: Endpoint closed
2026-09-15T20:56:17.290 WARN kycontroller::kymux_controller::server - Kynet accept failed: connection error: Endpoint closed
2026-09-15T20:56:17.290 WARN kycontroller::kymux_controller::server - Kynet accept failed: connection error: Endpoint closed
2026-09-15T20:56:17.290 WARN kycontroller::kymux_controller::server - Kynet accept failed: connection error: Endpoint closed
2026-09-15T20:56:17.290 WARN kycontroller::kymux_controller::server - Kynet accept failed: connection error: Endpoint closed
2026-09-15T20:56:17.290 WARN kycontroller::kymux_controller::server - Kynet accept failed: connection error: Endpoint closed
2026-09-15T20:56:17.290 WARN kycontroller::kymux_controller::server - Kynet accept failed: connection error: Endpoint closed
2026-09-15T20:56:17.290 WARN kycontroller::kymux_controller::server - Kynet accept failed: connection error: Endpoint closed
2026-09-15T20:56:17.290 WARN kycontroller::kymux_controller::server - Kynet accept failed: connection error: Endpoint closed
2026-09-15T20:56:17.290 WARN kycontroller::kymux_controller::server - Kynet accept failed: connection error: Endpoint closed
2026-09-15T20:56:17.290 WARN kycontroller::kymux_controller::server - Kynet accept failed: connection error: Endpoint closed
2026-09-15T20:56:17.290 WARN kycontroller::kymux_controller::server - Kynet accept failed: connection error: Endpoint closed
2026-09-15T20:56:17.290 WARN kycontroller::kymux_controller::server - Kynet accept failed: connection error: Endpoint closed
2026-09-15T20:56:17.290 WARN kycontroller::kymux_controller::server - Kynet accept failed: connection error: Endpoint closed
2026-09-15T20:56:17.290 WARN kycontroller::kymux_controller::server - Kynet accept failed: connection error: Endpoint closed
2026-09-15T20:56:17.290 WARN kycontroller::kymux_controller::server - Kynet accept failed: connection error: Endpoint closed
2026-09-15T20:56:17.290 WARN kycontroller::kymux_controller::server - Kynet accept failed: connection error: Endpoint closed
2026-09-15T20:56:17.290 WARN kycontroller::kymux_controller::server - Kynet accept failed: connection error: Endpoint closed
2026-09-15T20:56:17.290 WARN kycontroller::kymux_controller::server - Kynet accept failed: connection error: Endpoint closed
2026-09-15T20:56:17.290 WARN kycontroller::kymux_controller::server - Kynet accept failed: connection error: Endpoint closed
2026-09-15T20:56:17.290 WARN kycontroller::kymux_controller::server - Kynet accept failed: connection error: Endpoint closed
2026-09-15T20:56:17.290 WARN kycontroller::kymux_controller::server - Kynet accept failed: connection error: Endpoint closed
2026-09-15T20:56:17.290 WARN kycontroller::kymux_controller::server - Kynet accept failed: connection error: Endpoint closed
2026-09-15T20:56:17.290 WARN kycontroller::kymux_controller::server - Kynet accept failed: connection error: Endpoint closed
2026-09-15T20:56:17.290 WARN kycontroller::kymux_controller::server - Kynet accept failed: connection error: Endpoint closed
2026-09-15T20:56:17.290 WARN kycontroller::kymux_controller::server - Kynet accept failed: connection error: Endpoint closed
2026-09-15T20:56:17.290 WARN kycontroller::kymux_controller::server - Kynet accept failed: connection error: Endpoint closed
2026-09-15T20:56:17.290 WARN kycontroller::kymux_controller::server - Kynet accept failed: connection error: Endpoint closed
2026-09-15T20:56:17.290 WARN kycontroller::kymux_controller::server - Kynet accept failed: connection error: Endpoint closed
2026-09-15T20:56:17.290 WARN kycontroller::kymux_controller::server - Kynet accept failed: connection error: Endpoint closed
2026-09-15T20:56:17.290 WARN kycontroller::kymux_controller::server - Kynet accept failed: connection error: Endpoint closed
2026-09-15T20:56:17.290 WARN kycontroller::kymux_controller::server - Kynet accept failed: connection error: Endpoint closed
2026-09-15T20:56:17.290 WARN kycontroller::kymux_controller::server - Kynet accept failed: connection error: Endpoint closed
2026-09-15T20:56:17.290 WARN kycontroller::kymux_controller::server - Kynet accept failed: connection error: Endpoint closed
2026-09-15T20:56:17.290 WARN kycontroller::kymux_controller::server - Kynet accept failed: connection error: Endpoint closed
2026-09-15T20:56:17.290 WARN kycontroller::kymux_controller::server - Kynet accept failed: connection error: Endpoint closed
2026-09-15T20:56:17.290 WARN kycontroller::kymux_controller::server - Kynet accept failed: connection error: Endpoint closed
2026-09-15T20:56:17.290 WARN kycontroller::kymux_controller::server - Kynet accept failed: connection error: Endpoint closed
2026-09-15T20:56:17.290 WARN kycontroller::kymux_controller::server - Kynet accept failed: connection error: Endpoint closed
2026-09-15T20:56:17.290 WARN kycontroller::kymux_controller::server - Kynet accept failed: connection error: Endpoint closed
2026-09-15T20:56:17.290 WARN kycontroller::kymux_controller::server - Kynet accept failed: connection error: Endpoint closed
2026-09-15T20:56:17.290 WARN kycontroller::kymux_controller::server - Kynet accept failed: connection error: Endpoint closed
2026-09-15T20:56:17.290 WARN kycontroller::kymux_controller::server - Kynet accept failed: connection error: Endpoint closed
2026-09-15T20:56:17.290 WARN kycontroller::kymux_controller::server - Kynet accept failed: connection error: Endpoint closed
2026-09-15T20:56:17.290 WARN kycontroller::kymux_controller::server - Kynet accept failed: connection error: Endpoint closed
2026-09-15T20:56:17.290 WARN kycontroller::kymux_controller::server - Kynet accept failed: connection error: Endpoint closed
2026-09-15T20:56:17.291 WARN kycontroller::kymux_controller::server - Kynet accept failed: connection error: Endpoint closed
2026-09-15T20:56:17.291 WARN kycontroller::kymux_controller::server - Kynet accept failed: connection error: Endpoint closed
2026-09-15T20:56:17.291 WARN kycontroller::kymux_controller::server - Kynet accept failed: connection error: Endpoint closed
2026-09-15T20:56:17.291 WARN kycontroller::kymux_controller::server - Kynet accept failed: connection error: Endpoint closed
2026-09-15T20:56:17.291 WARN kycontroller::kymux_controller::server - Kynet accept failed: connection error: Endpoint closed
2026-09-15T20:56:17.291 WARN kycontroller::kymux_controller::server - Kynet accept failed: connection error: Endpoint closed
2026-09-15T20:56:17.291 WARN kycontroller::kymux_controller::server - Kynet accept failed: connection error: Endpoint closed
2026-09-15T20:56:17.291 WARN kycontroller::kymux_controller::server - Kynet accept failed: connection error: Endpoint closed
2026-09-15T20:56:17.291 WARN kycontroller::kymux_controller::server - Kynet accept failed: connection error: Endpoint closed
2026-09-15T20:56:17.291 WARN kycontroller::kymux_controller::server - Kynet accept failed: connection error: Endpoint closed
2026-09-15T20:56:17.291 WARN kycontroller::kymux_controller::server - Kynet accept failed: connection error: Endpoint closed
2026-09-15T20:56:17.291 WARN kycontroller::kymux_controller::server - Kynet accept failed: connection error: Endpoint closed
2026-09-15T20:56:17.291 WARN kycontroller::kymux_controller::server - Kynet accept failed: connection error: Endpoint closed
2026-09-15T20:56:17.291 WARN kycontroller::kymux_controller::server - Kynet accept failed: connection error: Endpoint closed
2026-09-15T20:56:17.291 WARN kycontroller::kymux_controller::server - Kynet accept failed: connection error: Endpoint closed
2026-09-15T20:56:17.291 WARN kycontroller::kymux_controller::server - Kynet accept failed: connection error: Endpoint closed
2026-09-15T20:56:17.291 WARN kycontroller::kymux_controller::server - Kynet accept failed: connection error: Endpoint closed
2026-09-15T20:56:17.291 WARN kycontroller::kymux_controller::server - Kynet accept failed: connection error: Endpoint closed
2026-09-15T20:56:17.291 WARN kycontroller::kymux_controller::server - Kynet accept failed: connection error: Endpoint closed
2026-09-15T20:56:17.291 WARN kycontroller::kymux_controller::server - Kynet accept failed: connection error: Endpoint closed
2026-09-15T20:56:17.291 WARN kycontroller::kymux_controller::server - Kynet accept failed: connection error: Endpoint closed
2026-09-15T20:56:17.291 WARN kycontroller::kymux_controller::server - Kynet accept failed: connection error: Endpoint closed
2026-09-15T20:56:17.291 WARN kycontroller::kymux_controller::server - Kynet accept failed: connection error: Endpoint closed
2026-09-15T20:56:17.291 WARN kycontroller::kymux_controller::server - Kynet accept failed: connection error: Endpoint closed
2026-09-15T20:56:17.291 WARN kycontroller::kymux_controller::server - Kynet accept failed: connection error: Endpoint closed
2026-09-15T20:56:17.291 WARN kycontroller::kymux_controller::server - Kynet accept failed: connection error: Endpoint closed
2026-09-15T20:56:17.291 WARN kycontroller::kymux_controller::server - Kynet accept failed: connection error: Endpoint closed
2026-09-15T20:56:17.291 WARN kycontroller::kymux_controller::server - Kynet accept failed: connection error: Endpoint closed
2026-09-15T20:56:17.291 WARN kycontroller::kymux_controller::server - Kynet accept failed: connection error: Endpoint closed
2026-09-15T20:56:17.291 WARN kycontroller::kymux_controller::server - Kynet accept failed: connection error: Endpoint closed
2026-09-15T20:56:17.291 WARN kycontroller::kymux_controller::server - Kynet accept failed: connection error: Endpoint closed
2026-09-15T20:56:17.291 WARN kycontroller::kymux_controller::server - Kynet accept failed: connection error: Endpoint closed
2026-09-15T20:56:17.291 WARN kycontroller::kymux_controller::server - Kynet accept failed: connection error: Endpoint closed
2026-09-15T20:56:17.291 WARN kycontroller::kymux_controller::server - Kynet accept failed: connection error: Endpoint closed
2026-09-15T20:56:17.291 WARN kycontroller::kymux_controller::server - Kynet accept failed: connection error: Endpoint closed
2026-09-15T20:56:17.291 WARN kycontroller::kymux_controller::server - Kynet accept failed: connection error: Endpoint closed
2026-09-15T20:56:17.291 WARN kycontroller::kymux_controller::server - Kynet accept failed: connection error: Endpoint closed
2026-09-15T20:56:17.291 WARN kycontroller::kymux_controller::server - Kynet accept failed: connection error: Endpoint closed
2026-09-15T20:56:17.291 WARN kycontroller::kymux_controller::server - Kynet accept failed: connection error: Endpoint closed
2026-09-15T20:56:17.291 WARN kycontroller::kymux_controller::server - Kynet accept failed: connection error: Endpoint closed
2026-09-15T20:56:17.291 WARN kycontroller::kymux_controller::server - Kynet accept failed: connection error: Endpoint closed
2026-09-15T20:56:17.291 WARN kycontroller::kymux_controller::server - Kynet accept failed: connection error: Endpoint closed
2026-09-15T20:56:17.291 WARN kycontroller::kymux_controller::server - Kynet accept failed: connection error: Endpoint closed
2026-09-15T20:56:17.291 WARN kycontroller::kymux_controller::server - Kynet accept failed: connection error: Endpoint closed
2026-09-15T20:56:17.291 WARN kycontroller::kymux_controller::server - Kynet accept failed: connection error: Endpoint closed
2026-09-15T20:56:17.291 WARN kycontroller::kymux_controller::server - Kynet accept failed: connection error: Endpoint closed
2026-09-15T20:56:17.291 WARN kycontroller::kymux_controller::server - Kynet accept failed: connection error: Endpoint closed
2026-09-15T20:56:17.291 WARN kycontroller::kymux_controller::server - Kynet accept failed: connection error: Endpoint closed
2026-09-15T20:56:17.291 WARN kycontroller::kymux_controller::server - Kynet accept failed: connection error: Endpoint closed
2026-09-15T20:56:17.291 WARN kycontroller::kymux_controller::server - Kynet accept failed: connection error: Endpoint closed
2026-09-15T20:56:17.291 WARN kycontroller::kymux_controller::server - Kynet accept failed: connection error: Endpoint closed
2026-09-15T20:56:17.291 WARN kycontroller::kymux_controller::server - Kynet accept failed: connection error: Endpoint closed
2026-09-15T20:56:17.291 WARN kycontroller::kymux_controller::server - Kynet accept failed: connection error: Endpoint closed
2026-09-15T20:56:17.291 WARN kycontroller::kymux_controller::server - Kynet accept failed: connection error: Endpoint closed
2026-09-15T20:56:17.291 WARN kycontroller::kymux_controller::server - Kynet accept failed: connection error: Endpoint closed
2026-09-15T20:56:17.291 WARN kycontroller::kymux_controller::server - Kynet accept failed: connection error: Endpoint closed
2026-09-15T20:56:17.291 WARN kycontroller::kymux_controller::server - Kynet accept failed: connection error: Endpoint closed
2026-09-15T20:56:17.291 WARN kycontroller::kymux_controller::server - Kynet accept failed: connection error: Endpoint closed
2026-09-15T20:56:17.291 WARN kycontroller::kymux_controller::server - Kynet accept failed: connection error: Endpoint closed
2026-09-15T20:56:17.291 WARN kycontroller::kymux_controller::server - Kynet accept failed: connection error: Endpoint closed
2026-09-15T20:56:17.291 WARN kycontroller::kymux_controller::server - Kynet accept failed: connection error: Endpoint closed
2026-09-15T20:56:17.291 WARN kycontroller::kymux_controller::server - Kynet accept failed: connection error: Endpoint closed
2026-09-15T20:56:17.292 WARN kycontroller::kymux_controller::server - Kynet accept failed: connection error: Endpoint closed
2026-09-15T20:56:17.292 WARN kycontroller::kymux_controller::server - Kynet accept failed: connection error: Endpoint closed
2026-09-15T20:56:17.292 WARN kycontroller::kymux_controller::server - Kynet accept failed: connection error: Endpoint closed
2026-09-15T20:56:17.292 WARN kycontroller::kymux_controller::server - Kynet accept failed: connection error: Endpoint closed
2026-09-15T20:56:17.292 WARN kycontroller::kymux_controller::server - Kynet accept failed: connection error: Endpoint closed
2026-09-15T20:56:17.292 WARN kycontroller::kymux_controller::server - Kynet accept failed: connection error: Endpoint closed
2026-09-15T20:56:17.292 WARN kycontroller::kymux_controller::server - Kynet accept failed: connection error: Endpoint closed
2026-09-15T20:56:17.292 WARN kycontroller::kymux_controller::server - Kynet accept failed: connection error: Endpoint closed
2026-09-15T20:56:17.292 WARN kycontroller::kymux_controller::server - Kynet accept failed: connection error: Endpoint closed
2026-09-15T20:56:17.292 WARN kycontroller::kymux_controller::server - Kynet accept failed: connection error: Endpoint closed
2026-09-15T20:56:17.292 WARN kycontroller::kymux_controller::server - Kynet accept failed: connection error: Endpoint closed
2026-09-15T20:56:17.292 WARN kycontroller::kymux_controller::server - Kynet accept failed: connection error: Endpoint closed
2026-09-15T20:56:17.292 WARN kycontroller::kymux_controller::server - Kynet accept failed: connection error: Endpoint closed
2026-09-15T20:56:17.292 WARN kycontroller::kymux_controller::server - Kynet accept failed: connection error: Endpoint closed
2026-09-15T20:56:17.292 WARN kycontroller::kymux_controller::server - Kynet accept failed: connection error: Endpoint closed
2026-09-15T20:56:17.292 WARN kycontroller::kymux_controller::server - Kynet accept failed: connection error: Endpoint closed
2026-09-15T20:56:17.292 WARN kycontroller::kymux_controller::server - Kynet accept failed: connection error: Endpoint closed
2026-09-15T20:56:17.292 WARN kycontroller::kymux_controller::server - Kynet accept failed: connection error: Endpoint closed
2026-09-15T20:56:17.292 WARN kycontroller::kymux_controller::server - Kynet accept failed: connection error: Endpoint closed
2026-09-15T20:56:17.292 WARN kycontroller::kymux_controller::server - Kynet accept failed: connection error: Endpoint closed
2026-09-15T20:56:17.292 WARN kycontroller::kymux_controller::server - Kynet accept failed: connection error: Endpoint closed
2026-09-15T20:56:17.292 WARN kycontroller::kymux_controller::server - Kynet accept failed: connection error: Endpoint closed
2026-09-15T20:56:17.292 WARN kycontroller::kymux_controller::server - Kynet accept failed: connection error: Endpoint closed
2026-09-15T20:56:17.292 WARN kycontroller::kymux_controller::server - Kynet accept failed: connection error: Endpoint closed
2026-09-15T20:56:17.292 WARN kycontroller::kymux_controller::server - Kynet accept failed: connection error: Endpoint closed
2026-09-15T20:56:17.292 WARN kycontroller::kymux_controller::server - Kynet accept failed: connection error: Endpoint closed
2026-09-15T20:56:17.292 WARN kycontroller::kymux_controller::server - Kynet accept failed: connection error: Endpoint closed
2026-09-15T20:56:17.292 WARN kycontroller::kymux_controller::server - Kynet accept failed: connection error: Endpoint closed
2026-09-15T20:56:17.292 WARN kycontroller::kymux_controller::server - Kynet accept failed: connection error: Endpoint closed
2026-09-15T20:56:17.292 WARN kycontroller::kymux_controller::server - Kynet accept failed: connection error: Endpoint closed
2026-09-15T20:56:17.292 WARN kycontroller::kymux_controller::server - Kynet accept failed: connection error: Endpoint closed
2026-09-15T20:56:17.292 WARN kycontroller::kymux_controller::server - Kynet accept failed: connection error: Endpoint closed
2026-09-15T20:56:17.292 WARN kycontroller::kymux_controller::server - Kynet accept failed: connection error: Endpoint closed
2026-09-15T20:56:17.292 WARN kycontroller::kymux_controller::server - Kynet accept failed: connection error: Endpoint closed
2026-09-15T20:56:17.292 WARN kycontroller::kymux_controller::server - Kynet accept failed: connection error: Endpoint closed
2026-09-15T20:56:17.292 WARN kycontroller::kymux_controller::server - Kynet accept failed: connection error: Endpoint closed
2026-09-15T20:56:17.292 WARN kycontroller::kymux_controller::server - Kynet accept failed: connection error: Endpoint closed
2026-09-15T20:56:17.292 WARN kycontroller::kymux_controller::server - Kynet accept failed: connection error: Endpoint closed
2026-09-15T20:56:17.292 WARN kycontroller::kymux_controller::server - Kynet accept failed: connection error: Endpoint closed
2026-09-15T20:56:17.292 WARN kycontroller::kymux_controller::server - Kynet accept failed: connection error: Endpoint closed
2026-09-15T20:56:17.292 WARN kycontroller::kymux_controller::server - Kynet accept failed: connection error: Endpoint closed
2026-09-15T20:56:17.292 WARN kycontroller::kymux_controller::server - Kynet accept failed: connection error: Endpoint closed
2026-09-15T20:56:17.292 WARN kycontroller::kymux_controller::server - Kynet accept failed: connection error: Endpoint closed
2026-09-15T20:56:17.292 WARN kycontroller::kymux_controller::server - Kynet accept failed: connection error: Endpoint closed
2026-09-15T20:56:17.292 WARN kycontroller::kymux_controller::server - Kynet accept failed: connection error: Endpoint closed
2026-09-15T20:56:17.292 WARN kycontroller::kymux_controller::server - Kynet accept failed: connection error: Endpoint closed
2026-09-15T20:56:17.292 WARN kycontroller::kymux_controller::server - Kynet accept failed: connection error: Endpoint closed
2026-09-15T20:56:17.292 WARN kycontroller::kymux_controller::server - Kynet accept failed: connection error: Endpoint closed
2026-09-15T20:56:17.292 WARN kycontroller::kymux_controller::server - Kynet accept failed: connection error: Endpoint closed
2026-09-15T20:56:17.292 WARN kycontroller::kymux_controller::server - Kynet accept failed: connection error: Endpoint closed
2026-09-15T20:56:17.293 WARN kycontroller::kymux_controller::server - Kynet accept failed: connection error: Endpoint closed
2026-09-15T20:56:17.293 WARN kycontroller::kymux_controller::server - Kynet accept failed: connection error: Endpoint closed
2026-09-15T20:56:17.293 WARN kycontroller::kymux_controller::server - Kynet accept failed: connection error: Endpoint closed
2026-09-15T20:56:17.293 WARN kycontroller::kymux_controller::server - Kynet accept failed: connection error: Endpoint closed
2026-09-15T20:56:17.293 WARN kycontroller::kymux_controller::server - Kynet accept failed: connection error: Endpoint closed
2026-09-15T20:56:17.293 WARN kycontroller::kymux_controller::server - Kynet accept failed: connection error: Endpoint closed
2026-09-15T20:56:17.293 WARN kycontroller::kymux_controller::server - Kynet accept failed: connection error: Endpoint closed
2026-09-15T20:56:17.293 WARN kycontroller::kymux_controller::server - Kynet accept failed: connection error: Endpoint closed
2026-09-15T20:56:17.293 WARN kycontroller::kymux_controller::server - Kynet accept failed: connection error: Endpoint closed
2026-09-15T20:56:17.293 WARN kycontroller::kymux_controller::server - Kynet accept failed: connection error: Endpoint closed
2026-09-15T20:56:17.293 WARN kycontroller::kymux_controller::server - Kynet accept failed: connection error: Endpoint closed
2026-09-15T20:56:17.293 WARN kycontroller::kymux_controller::server - Kynet accept failed: connection error: Endpoint closed
2026-09-15T20:56:17.293 WARN kycontroller::kymux_controller::server - Kynet accept failed: connection error: Endpoint closed
2026-09-15T20:56:17.293 WARN kycontroller::kymux_controller::server - Kynet accept failed: connection error: Endpoint closed
2026-09-15T20:56:17.293 WARN kycontroller::kymux_controller::server - Kynet accept failed: connection error: Endpoint closed
2026-09-15T20:56:17.293 WARN kycontroller::kymux_controller::server - Kynet accept failed: connection error: Endpoint closed
2026-09-15T20:56:17.293 WARN kycontroller::kymux_controller::server - Kynet accept failed: connection error: Endpoint closed
2026-09-15T20:56:17.293 WARN kycontroller::kymux_controller::server - Kynet accept failed: connection error: Endpoint closed
2026-09-15T20:56:17.293 WARN kycontroller::kymux_controller::server - Kynet accept failed: connection error: Endpoint closed
2026-09-15T20:56:17.293 WARN kycontroller::kymux_controller::server - Kynet accept failed: connection error: Endpoint closed
2026-09-15T20:56:17.293 WARN kycontroller::kymux_controller::server - Kynet accept failed: connection error: Endpoint closed
2026-09-15T20:56:17.293 WARN kycontroller::kymux_controller::server - Kynet accept failed: connection error: Endpoint closed
2026-09-15T20:56:17.293 WARN kycontroller::kymux_controller::server - Kynet accept failed: connection error: Endpoint closed
2026-09-15T20:56:17.293 WARN kycontroller::kymux_controller::server - Kynet accept failed: connection error: Endpoint closed
2026-09-15T20:56:17.293 WARN kycontroller::kymux_controller::server - Kynet accept failed: connection error: Endpoint closed
2026-09-15T20:56:17.293 WARN kycontroller::kymux_controller::server - Kynet accept failed: connection error: Endpoint closed
2026-09-15T20:56:17.293 WARN kycontroller::kymux_controller::server - Kynet accept failed: connection error: Endpoint closed
2026-09-15T20:56:17.293 WARN kycontroller::kymux_controller::server - Kynet accept failed: connection error: Endpoint closed
2026-09-15T20:56:17.293 WARN kycontroller::kymux_controller::server - Kynet accept failed: connection error: Endpoint closed
2026-09-15T20:56:17.293 WARN kycontroller::kymux_controller::server - Kynet accept failed: connection error: Endpoint closed
2026-09-15T20:56:17.293 WARN kycontroller::kymux_controller::server - Kynet accept failed: connection error: Endpoint closed
2026-09-15T20:56:17.293 WARN kycontroller::kymux_controller::server - Kynet accept failed: connection error: Endpoint closed
2026-09-15T20:56:17.293 WARN kycontroller::kymux_controller::server - Kynet accept failed: connection error: Endpoint closed
2026-09-15T20:56:17.293 WARN kycontroller::kymux_controller::server - Kynet accept failed: connection error: Endpoint closed
2026-09-15T20:56:17.293 WARN kycontroller::kymux_controller::server - Kynet accept failed: connection error: Endpoint closed
2026-09-15T20:56:17.293 WARN kycontroller::kymux_controller::server - Kynet accept failed: connection error: Endpoint closed
2026-09-15T20:56:17.293 WARN kycontroller::kymux_controller::server - Kynet accept failed: connection error: Endpoint closed
2026-09-15T20:56:17.293 WARN kycontroller::kymux_controller::server - Kynet accept failed: connection error: Endpoint closed
2026-09-15T20:56:17.293 WARN kycontroller::kymux_controller::server - Kynet accept failed: connection error: Endpoint closed
2026-09-15T20:56:17.293 WARN kycontroller::kymux_controller::server - Kynet accept failed: connection error: Endpoint closed
2026-09-15T20:56:17.293 WARN kycontroller::kymux_controller::server - Kynet accept failed: connection error: Endpoint closed
2026-09-15T20:56:17.293 WARN kycontroller::kymux_controller::server - Kynet accept failed: connection error: Endpoint closed
2026-09-15T20:56:17.293 WARN kycontroller::kymux_controller::server - Kynet accept failed: connection error: Endpoint closed
2026-09-15T20:56:17.293 WARN kycontroller::kymux_controller::server - Kynet accept failed: connection error: Endpoint closed
2026-09-15T20:56:17.293 WARN kycontroller::kymux_controller::server - Kynet accept failed: connection error: Endpoint closed
2026-09-15T20:56:17.293 WARN kycontroller::kymux_controller::server - Kynet accept failed: connection error: Endpoint closed
2026-09-15T20:56:17.293 WARN kycontroller::kymux_controller::server - Kynet accept failed: connection error: Endpoint closed
2026-09-15T20:56:17.293 WARN kycontroller::kymux_controller::server - Kynet accept failed: connection error: Endpoint closed
2026-09-15T20:56:17.293 WARN kycontroller::kymux_controller::server - Kynet accept failed: connection error: Endpoint closed
2026-09-15T20:56:17.293 WARN kycontroller::kymux_controller::server - Kynet accept failed: connection error: Endpoint closed
2026-09-15T20:56:17.293 WARN kycontroller::kymux_controller::server - Kynet accept failed: connection error: Endpoint closed
2026-09-15T20:56:17.293 WARN kycontroller::kymux_controller::server - Kynet accept failed: connection error: Endpoint closed
2026-09-15T20:56:17.293 WARN kycontroller::kymux_controller::server - Kynet accept failed: connection error: Endpoint closed
2026-09-15T20:56:17.293 WARN kycontroller::kymux_controller::server - Kynet accept failed: connection error: Endpoint closed
2026-09-15T20:56:17.293 WARN kycontroller::kymux_controller::server - Kynet accept failed: connection error: Endpoint closed
2026-09-15T20:56:17.293 WARN kycontroller::kymux_controller::server - Kynet accept failed: connection error: Endpoint closed
2026-09-15T20:56:17.293 WARN kycontroller::kymux_controller::server - Kynet accept failed: connection error: Endpoint closed
2026-09-15T20:56:17.293 WARN kycontroller::kymux_controller::server - Kynet accept failed: connection error: Endpoint closed
2026-09-15T20:56:17.293 WARN kycontroller::kymux_controller::server - Kynet accept failed: connection error: Endpoint closed
2026-09-15T20:56:17.294 WARN kycontroller::kymux_controller::server - Kynet accept failed: connection error: Endpoint closed
2026-09-15T20:56:17.294 WARN kycontroller::kymux_controller::server - Kynet accept failed: connection error: Endpoint closed
2026-09-15T20:56:17.294 WARN kycontroller::kymux_controller::server - Kynet accept failed: connection error: Endpoint closed
2026-09-15T20:56:17.294 WARN kycontroller::kymux_controller::server - Kynet accept failed: connection error: Endpoint closed
2026-09-15T20:56:17.294 WARN kycontroller::kymux_controller::server - Kynet accept failed: connection error: Endpoint closed
2026-09-15T20:56:17.294 WARN kycontroller::kymux_controller::server - Kynet accept failed: connection error: Endpoint closed
2026-09-15T20:56:17.294 WARN kycontroller::kymux_controller::server - Kynet accept failed: connection error: Endpoint closed
2026-09-15T20:56:17.294 WARN kycontroller::kymux_controller::server - Kynet accept failed: connection error: Endpoint closed
2026-09-15T20:56:17.294 WARN kycontroller::kymux_controller::server - Kynet accept failed: connection error: Endpoint closed
2026-09-15T20:56:17.294 WARN kycontroller::kymux_controller::server - Kynet accept failed: connection error: Endpoint closed
2026-09-15T20:56:17.294 WARN kycontroller::kymux_controller::server - Kynet accept failed: connection error: Endpoint closed
2026-09-15T20:56:17.294 WARN kycontroller::kymux_controller::server - Kynet accept failed: connection error: Endpoint closed
2026-09-15T20:56:17.294 WARN kycontroller::kymux_controller::server - Kynet accept failed: connection error: Endpoint closed
2026-09-15T20:56:17.294 WARN kycontroller::kymux_controller::server - Kynet accept failed: connection error: Endpoint closed
2026-09-15T20:56:17.294 WARN kycontroller::kymux_controller::server - Kynet accept failed: connection error: Endpoint closed
2026-09-15T20:56:17.294 WARN kycontroller::kymux_controller::server - Kynet accept failed: connection error: Endpoint closed
2026-09-15T20:56:17.294 WARN kycontroller::kymux_controller::server - Kynet accept failed: connection error: Endpoint closed
2026-09-15T20:56:17.294 WARN kycontroller::kymux_controller::server - Kynet accept failed: connection error: Endpoint closed
2026-09-15T20:56:17.294 WARN kycontroller::kymux_controller::server - Kynet accept failed: connection error: Endpoint closed
2026-09-15T20:56:17.294 WARN kycontroller::kymux_controller::server - Kynet accept failed: connection error: Endpoint closed
2026-09-15T20:56:17.294 WARN kycontroller::kymux_controller::server - Kynet accept failed: connection error: Endpoint closed
2026-09-15T20:56:17.294 WARN kycontroller::kymux_controller::server - Kynet accept failed: connection error: Endpoint closed
2026-09-15T20:56:17.294 WARN kycontroller::kymux_controller::server - Kynet accept failed: connection error: Endpoint closed
2026-09-15T20:56:17.294 WARN kycontroller::kymux_controller::server - Kynet accept failed: connection error: Endpoint closed
2026-09-15T20:56:17.294 WARN kycontroller::kymux_controller::server - Kynet accept failed: connection error: Endpoint closed
2026-09-15T20:56:17.294 WARN kycontroller::kymux_controller::server - Kynet accept failed: connection error: Endpoint closed
2026-09-15T20:56:17.294 WARN kycontroller::kymux_controller::server - Kynet accept failed: connection error: Endpoint closed
2026-09-15T20:56:17.294 WARN kycontroller::kymux_controller::server - Kynet accept failed: connection error: Endpoint closed
2026-09-15T20:56:17.294 WARN kycontroller::kymux_controller::server - Kynet accept failed: connection error: Endpoint closed
2026-09-15T20:56:17.294 WARN kycontroller::kymux_controller::server - Kynet accept failed: connection error: Endpoint closed
2026-09-15T20:56:17.294 WARN kycontroller::kymux_controller::server - Kynet accept failed: connection error: Endpoint closed
2026-09-15T20:56:17.294 WARN kycontroller::kymux_controller::server - Kynet accept failed: connection error: Endpoint closed
2026-09-15T20:56:17.294 WARN kycontroller::kymux_controller::server - Kynet accept failed: connection error: Endpoint closed
2026-09-15T20:56:17.294 WARN kycontroller::kymux_controller::server - Kynet accept failed: connection error: Endpoint closed
2026-09-15T20:56:17.294 WARN kycontroller::kymux_controller::server - Kynet accept failed: connection error: Endpoint closed
2026-09-15T20:56:17.294 WARN kycontroller::kymux_controller::server - Kynet accept failed: connection error: Endpoint closed
2026-09-15T20:56:17.294 WARN kycontroller::kymux_controller::server - Kynet accept failed: connection error: Endpoint closed
2026-09-15T20:56:17.294 WARN kycontroller::kymux_controller::server - Kynet accept failed: connection error: Endpoint closed
2026-09-15T20:56:17.294 WARN kycontroller::kymux_controller::server - Kynet accept failed: connection error: Endpoint closed
2026-09-15T20:56:17.294 WARN kycontroller::kymux_controller::server - Kynet accept failed: connection error: Endpoint closed
2026-09-15T20:56:17.294 WARN kycontroller::kymux_controller::server - Kynet accept failed: connection error: Endpoint closed
2026-09-15T20:56:17.294 WARN kycontroller::kymux_controller::server - Kynet accept failed: connection error: Endpoint closed
2026-09-15T20:56:17.294 WARN kycontroller::kymux_controller::server - Kynet accept failed: connection error: Endpoint closed
2026-09-15T20:56:17.294 WARN kycontroller::kymux_controller::server - Kynet accept failed: connection error: Endpoint closed
2026-09-15T20:56:17.294 WARN kycontroller::kymux_controller::server - Kynet accept failed: connection error: Endpoint closed
2026-09-15T20:56:17.294 WARN kycontroller::kymux_controller::server - Kynet accept failed: connection error: Endpoint closed
2026-09-15T20:56:17.294 WARN kycontroller::kymux_controller::server - Kynet accept failed: connection error: Endpoint closed
2026-09-15T20:56:17.294 WARN kycontroller::kymux_controller::server - Kynet accept failed: connection error: Endpoint closed
2026-09-15T20:56:17.294 WARN kycontroller::kymux_controller::server - Kynet accept failed: connection error: Endpoint closed
2026-09-15T20:56:17.294 WARN kycontroller::kymux_controller::server - Kynet accept failed: connection error: Endpoint closed
2026-09-15T20:56:17.294 WARN kycontroller::kymux_controller::server - Kynet accept failed: connection error: Endpoint closed
2026-09-15T20:56:17.294 WARN kycontroller::kymux_controller::server - Kynet accept failed: connection error: Endpoint closed
2026-09-15T20:56:17.294 WARN kycontroller::kymux_controller::server - Kynet accept failed: connection error: Endpoint closed
2026-09-15T20:56:17.294 WARN kycontroller::kymux_controller::server - Kynet accept failed: connection error: Endpoint closed
2026-09-15T20:56:17.294 WARN kycontroller::kymux_controller::server - Kynet accept failed: connection error: Endpoint closed
2026-09-15T20:56:17.294 WARN kycontroller::kymux_controller::server - Kynet accept failed: connection error: Endpoint closed
2026-09-15T20:56:17.294 WARN kycontroller::kymux_controller::server - Kynet accept failed: connection error: Endpoint closed
2026-09-15T20:56:17.294 WARN kycontroller::kymux_controller::server - Kynet accept failed: connection error: Endpoint closed
2026-09-15T20:56:17.295 WARN kycontroller::kymux_controller::server - Kynet accept failed: connection error: Endpoint closed
2026-09-15T20:56:17.295 WARN kycontroller::kymux_controller::server - Kynet accept failed: connection error: Endpoint closed
2026-09-15T20:56:17.295 WARN kycontroller::kymux_controller::server - Kynet accept failed: connection error: Endpoint closed
2026-09-15T20:56:17.295 WARN kycontroller::kymux_controller::server - Kynet accept failed: connection error: Endpoint closed
2026-09-15T20:56:17.295 WARN kycontroller::kymux_controller::server - Kynet accept failed: connection error: Endpoint closed
2026-09-15T20:56:17.295 WARN kycontroller::kymux_controller::server - Kynet accept failed: connection error: Endpoint closed
2026-09-15T20:56:17.295 WARN kycontroller::kymux_controller::server - Kynet accept failed: connection error: Endpoint closed
2026-09-15T20:56:17.295 WARN kycontroller::kymux_controller::server - Kynet accept failed: connection error: Endpoint closed
2026-09-15T20:56:17.295 WARN kycontroller::kymux_controller::server - Kynet accept failed: connection error: Endpoint closed
2026-09-15T20:56:17.295 WARN kycontroller::kymux_controller::server - Kynet accept failed: connection error: Endpoint closed
2026-09-15T20:56:17.295 WARN kycontroller::kymux_controller::server - Kynet accept failed: connection error: Endpoint closed
2026-09-15T20:56:17.295 WARN kycontroller::kymux_controller::server - Kynet accept failed: connection error: Endpoint closed
2026-09-15T20:56:17.295 WARN kycontroller::kymux_controller::server - Kynet accept failed: connection error: Endpoint closed
2026-09-15T20:56:17.295 WARN kycontroller::kymux_controller::server - Kynet accept failed: connection error: Endpoint closed
2026-09-15T20:56:17.295 WARN kycontroller::kymux_controller::server - Kynet accept failed: connection error: Endpoint closed
2026-09-15T20:56:17.295 WARN kycontroller::kymux_controller::server - Kynet accept failed: connection error: Endpoint closed
2026-09-15T20:56:17.295 WARN kycontroller::kymux_controller::server - Kynet accept failed: connection error: Endpoint closed
2026-09-15T20:56:17.295 WARN kycontroller::kymux_controller::server - Kynet accept failed: connection error: Endpoint closed
2026-09-15T20:56:17.295 WARN kycontroller::kymux_controller::server - Kynet accept failed: connection error: Endpoint closed
2026-09-15T20:56:17.295 WARN kycontroller::kymux_controller::server - Kynet accept failed: connection error: Endpoint closed
2026-09-15T20:56:17.295 WARN kycontroller::kymux_controller::server - Kynet accept failed: connection error: Endpoint closed
2026-09-15T20:56:17.295 WARN kycontroller::kymux_controller::server - Kynet accept failed: connection error: Endpoint closed
2026-09-15T20:56:17.295 WARN kycontroller::kymux_controller::server - Kynet accept failed: connection error: Endpoint closed
2026-09-15T20:56:17.295 WARN kycontroller::kymux_controller::server - Kynet accept failed: connection error: Endpoint closed
2026-09-15T20:56:17.295 WARN kycontroller::kymux_controller::server - Kynet accept failed: connection error: Endpoint closed
2026-09-15T20:56:17.295 WARN kycontroller::kymux_controller::server - Kynet accept failed: connection error: Endpoint closed
2026-09-15T20:56:17.295 WARN kycontroller::kymux_controller::server - Kynet accept failed: connection error: Endpoint closed
2026-09-15T20:56:17.295 WARN kycontroller::kymux_controller::server - Kynet accept failed: connection error: Endpoint closed
2026-09-15T20:56:17.295 WARN kycontroller::kymux_controller::server - Kynet accept failed: connection error: Endpoint closed
2026-09-15T20:56:17.295 WARN kycontroller::kymux_controller::server - Kynet accept failed: connection error: Endpoint closed
2026-09-15T20:56:17.295 WARN kycontroller::kymux_controller::server - Kynet accept failed: connection error: Endpoint closed
2026-09-15T20:56:17.295 WARN kycontroller::kymux_controller::server - Kynet accept failed: connection error: Endpoint closed
2026-09-15T20:56:17.295 WARN kycontroller::kymux_controller::server - Kynet accept failed: connection error: Endpoint closed
2026-09-15T20:56:17.295 WARN kycontroller::kymux_controller::server - Kynet accept failed: connection error: Endpoint closed
2026-09-15T20:56:17.295 WARN kycontroller::kymux_controller::server - Kynet accept failed: connection error: Endpoint closed
2026-09-15T20:56:17.295 WARN kycontroller::kymux_controller::server - Kynet accept failed: connection error: Endpoint closed
2026-09-15T20:56:17.295 WARN kycontroller::kymux_controller::server - Kynet accept failed: connection error: Endpoint closed
2026-09-15T20:56:17.295 WARN kycontroller::kymux_controller::server - Kynet accept failed: connection error: Endpoint closed
2026-09-15T20:56:17.295 WARN kycontroller::kymux_controller::server - Kynet accept failed: connection error: Endpoint closed
2026-09-15T20:56:17.295 WARN kycontroller::kymux_controller::server - Kynet accept failed: connection error: Endpoint closed
2026-09-15T20:56:17.295 WARN kycontroller::kymux_controller::server - Kynet accept failed: connection error: Endpoint closed
2026-09-15T20:56:17.295 WARN kycontroller::kymux_controller::server - Kynet accept failed: connection error: Endpoint closed
2026-09-15T20:56:17.295 WARN kycontroller::kymux_controller::server - Kynet accept failed: connection error: Endpoint closed
2026-09-15T20:56:17.295 WARN kycontroller::kymux_controller::server - Kynet accept failed: connection error: Endpoint closed
2026-09-15T20:56:17.295 WARN kycontroller::kymux_controller::server - Kynet accept failed: connection error: Endpoint closed
2026-09-15T20:56:17.295 WARN kycontroller::kymux_controller::server - Kynet accept failed: connection error: Endpoint closed
2026-09-15T20:56:17.295 WARN kycontroller::kymux_controller::server - Kynet accept failed: connection error: Endpoint closed
2026-09-15T20:56:17.295 WARN kycontroller::kymux_controller::server - Kynet accept failed: connection error: Endpoint closed
2026-09-15T20:56:17.295 WARN kycontroller::kymux_controller::server - Kynet accept failed: connection error: Endpoint closed
2026-09-15T20:56:17.295 WARN kycontroller::kymux_controller::server - Kynet accept failed: connection error: Endpoint closed
2026-09-15T20:56:17.295 WARN kycontroller::kymux_controller::server - Kynet accept failed: connection error: Endpoint closed
2026-09-15T20:56:17.295 WARN kycontroller::kymux_controller::server - Kynet accept failed: connection error: Endpoint closed
2026-09-15T20:56:17.295 WARN kycontroller::kymux_controller::server - Kynet accept failed: connection error: Endpoint closed
2026-09-15T20:56:17.295 WARN kycontroller::kymux_controller::server - Kynet accept failed: connection error: Endpoint closed
2026-09-15T20:56:17.295 WARN kycontroller::kymux_controller::server - Kynet accept failed: connection error: Endpoint closed
2026-09-15T20:56:17.295 WARN kycontroller::kymux_controller::server - Kynet accept failed: connection error: Endpoint closed
2026-09-15T20:56:17.295 WARN kycontroller::kymux_controller::server - Kynet accept failed: connection error: Endpoint closed
2026-09-15T20:56:17.295 WARN kycontroller::kymux_controller::server - Kynet accept failed: connection error: Endpoint closed
2026-09-15T20:56:17.295 WARN kycontroller::kymux_controller::server - Kynet accept failed: connection error: Endpoint closed
2026-09-15T20:56:17.295 WARN kycontroller::kymux_controller::server - Kynet accept failed: connection error: Endpoint closed
2026-09-15T20:56:17.295 WARN kycontroller::kymux_controller::server - Kynet accept failed: connection error: Endpoint closed
2026-09-15T20:56:17.295 WARN kycontroller::kymux_controller::server - Kynet accept failed: connection error: Endpoint closed
2026-09-15T20:56:17.295 WARN kycontroller::kymux_controller::server - Kynet accept failed: connection error: Endpoint closed
2026-09-15T20:56:17.295 WARN kycontroller::kymux_controller::server - Kynet accept failed: connection error: Endpoint closed
2026-09-15T20:56:17.295 WARN kycontroller::kymux_controller::server - Kynet accept failed: connection error: Endpoint closed
2026-09-15T20:56:17.295 WARN kycontroller::kymux_controller::server - Kynet accept failed: connection error: Endpoint closed
2026-09-15T20:56:17.295 WARN kycontroller::kymux_controller::server - Kynet accept failed: connection error: Endpoint closed
2026-09-15T20:56:17.295 WARN kycontroller::kymux_controller::server - Kynet accept failed: connection error: Endpoint closed
2026-09-15T20:56:17.295 WARN kycontroller::kymux_controller::server - Kynet accept failed: connection error: Endpoint closed
2026-09-15T20:56:17.295 WARN kycontroller::kymux_controller::server - Kynet accept failed: connection error: Endpoint closed
2026-09-15T20:56:17.295 WARN kycontroller::kymux_controller::server - Kynet accept failed: connection error: Endpoint closed
2026-09-15T20:56:17.295 WARN kycontroller::kymux_controller::server - Kynet accept failed: connection error: Endpoint closed
2026-09-15T20:56:17.295 WARN kycontroller::kymux_controller::server - Kynet accept failed: connection error: Endpoint closed
2026-09-15T20:56:17.295 WARN kycontroller::kymux_controller::server - Kynet accept failed: connection error: Endpoint closed
2026-09-15T20:56:17.295 WARN kycontroller::kymux_controller::server - Kynet accept failed: connection error: Endpoint closed
2026-09-15T20:56:17.295 WARN kycontroller::kymux_controller::server - Kynet accept failed: connection error: Endpoint closed
2026-09-15T20:56:17.295 WARN kycontroller::kymux_controller::server - Kynet accept failed: connection error: Endpoint closed
2026-09-15T20:56:17.295 WARN kycontroller::kymux_controller::server - Kynet accept failed: connection error: Endpoint closed
2026-09-15T20:56:17.295 WARN kycontroller::kymux_controller::server - Kynet accept failed: connection error: Endpoint closed
2026-09-15T20:56:17.295 WARN kycontroller::kymux_controller::server - Kynet accept failed: connection error: Endpoint closed
2026-09-15T20:56:17.295 WARN kycontroller::kymux_controller::server - Kynet accept failed: connection error: Endpoint closed
2026-09-15T20:56:17.295 WARN kycontroller::kymux_controller::server - Kynet accept failed: connection error: Endpoint closed
2026-09-15T20:56:17.295 WARN kycontroller::kymux_controller::server - Kynet accept failed: connection error: Endpoint closed
2026-09-15T20:56:17.295 WARN kycontroller::kymux_controller::server - Kynet accept failed: connection error: Endpoint closed
2026-09-15T20:56:17.295 WARN kycontroller::kymux_controller::server - Kynet accept failed: connection error: Endpoint closed
2026-09-15T20:56:17.295 WARN kycontroller::kymux_controller::server - Kynet accept failed: connection error: Endpoint closed
2026-09-15T20:56:17.295 WARN kycontroller::kymux_controller::server - Kynet accept failed: connection error: Endpoint closed
2026-09-15T20:56:17.295 WARN kycontroller::kymux_controller::server - Kynet accept failed: connection error: Endpoint closed
2026-09-15T20:56:17.295 WARN kycontroller::kymux_controller::server - Kynet accept failed: connection error: Endpoint closed
2026-09-15T20:56:17.296 WARN kycontroller::kymux_controller::server - Kynet accept failed: connection error: Endpoint closed
2026-09-15T20:56:17.296 WARN kycontroller::kymux_controller::server - Kynet accept failed: connection error: Endpoint closed
2026-09-15T20:56:17.296 WARN kycontroller::kymux_controller::server - Kynet accept failed: connection error: Endpoint closed
2026-09-15T20:56:17.296 WARN kycontroller::kymux_controller::server - Kynet accept failed: connection error: Endpoint closed
2026-09-15T20:56:17.296 WARN kycontroller::kymux_controller::server - Kynet accept failed: connection error: Endpoint closed
2026-09-15T20:56:17.296 WARN kycontroller::kymux_controller::server - Kynet accept failed: connection error: Endpoint closed
2026-09-15T20:56:17.296 WARN kycontroller::kymux_controller::server - Kynet accept failed: connection error: Endpoint closed
2026-09-15T20:56:17.296 WARN kycontroller::kymux_controller::server - Kynet accept failed: connection error: Endpoint closed
2026-09-15T20:56:17.296 WARN kycontroller::kymux_controller::server - Kynet accept failed: connection error: Endpoint closed
2026-09-15T20:56:17.296 WARN kycontroller::kymux_controller::server - Kynet accept failed: connection error: Endpoint closed
2026-09-15T20:56:17.296 WARN kycontroller::kymux_controller::server - Kynet accept failed: connection error: Endpoint closed
2026-09-15T20:56:17.296 WARN kycontroller::kymux_controller::server - Kynet accept failed: connection error: Endpoint closed
2026-09-15T20:56:17.296 WARN kycontroller::kymux_controller::server - Kynet accept failed: connection error: Endpoint closed
2026-09-15T20:56:17.296 WARN kycontroller::kymux_controller::server - Kynet accept failed: connection error: Endpoint closed
2026-09-15T20:56:17.296 WARN kycontroller::kymux_controller::server - Kynet accept failed: connection error: Endpoint closed
2026-09-15T20:56:17.296 WARN kycontroller::kymux_controller::server - Kynet accept failed: connection error: Endpoint closed
2026-09-15T20:56:17.296 WARN kycontroller::kymux_controller::server - Kynet accept failed: connection error: Endpoint closed
2026-09-15T20:56:17.296 WARN kycontroller::kymux_controller::server - Kynet accept failed: connection error: Endpoint closed
2026-09-15T20:56:17.296 WARN kycontroller::kymux_controller::server - Kynet accept failed: connection error: Endpoint closed
2026-09-15T20:56:17.296 WARN kycontroller::kymux_controller::server - Kynet accept failed: connection error: Endpoint closed
2026-09-15T20:56:17.296 WARN kycontroller::kymux_controller::server - Kynet accept failed: connection error: Endpoint closed
2026-09-15T20:56:17.296 WARN kycontroller::kymux_controller::server - Kynet accept failed: connection error: Endpoint closed
2026-09-15T20:56:17.296 WARN kycontroller::kymux_controller::server - Kynet accept failed: connection error: Endpoint closed
2026-09-15T20:56:17.296 WARN kycontroller::kymux_controller::server - Kynet accept failed: connection error: Endpoint closed
2026-09-15T20:56:17.296 WARN kycontroller::kymux_controller::server - Kynet accept failed: connection error: Endpoint closed
2026-09-15T20:56:17.296 WARN kycontroller::kymux_controller::server - Kynet accept failed: connection error: Endpoint closed
2026-09-15T20:56:17.296 WARN kycontroller::kymux_controller::server - Kynet accept failed: connection error: Endpoint closed
2026-09-15T20:56:17.296 WARN kycontroller::kymux_controller::server - Kynet accept failed: connection error: Endpoint closed
2026-09-15T20:56:17.296 WARN kycontroller::kymux_controller::server - Kynet accept failed: connection error: Endpoint closed
2026-09-15T20:56:17.296 WARN kycontroller::kymux_controller::server - Kynet accept failed: connection error: Endpoint closed
2026-09-15T20:56:17.296 WARN kycontroller::kymux_controller::server - Kynet accept failed: connection error: Endpoint closed
2026-09-15T20:56:17.296 WARN kycontroller::kymux_controller::server - Kynet accept failed: connection error: Endpoint closed
2026-09-15T20:56:17.296 WARN kycontroller::kymux_controller::server - Kynet accept failed: connection error: Endpoint closed
2026-09-15T20:56:17.296 WARN kycontroller::kymux_controller::server - Kynet accept failed: connection error: Endpoint closed
2026-09-15T20:56:17.296 WARN kycontroller::kymux_controller::server - Kynet accept failed: connection error: Endpoint closed
2026-09-15T20:56:17.296 WARN kycontroller::kymux_controller::server - Kynet accept failed: connection error: Endpoint closed
2026-09-15T20:56:17.296 WARN kycontroller::kymux_controller::server - Kynet accept failed: connection error: Endpoint closed
2026-09-15T20:56:17.296 WARN kycontroller::kymux_controller::server - Kynet accept failed: connection error: Endpoint closed
2026-09-15T20:56:17.296 WARN kycontroller::kymux_controller::server - Kynet accept failed: connection error: Endpoint closed
2026-09-15T20:56:17.296 WARN kycontroller::kymux_controller::server - Kynet accept failed: connection error: Endpoint closed
2026-09-15T20:56:17.296 WARN kycontroller::kymux_controller::server - Kynet accept failed: connection error: Endpoint closed
2026-09-15T20:56:17.296 WARN kycontroller::kymux_controller::server - Kynet accept failed: connection error: Endpoint closed
2026-09-15T20:56:17.296 WARN kycontroller::kymux_controller::server - Kynet accept failed: connection error: Endpoint closed
2026-09-15T20:56:17.296 WARN kycontroller::kymux_controller::server - Kynet accept failed: connection error: Endpoint closed
2026-09-15T20:56:17.296 WARN kycontroller::kymux_controller::server - Kynet accept failed: connection error: Endpoint closed
2026-09-15T20:56:17.296 WARN kycontroller::kymux_controller::server - Kynet accept failed: connection error: Endpoint closed
2026-09-15T20:56:17.296 WARN kycontroller::kymux_controller::server - Kynet accept failed: connection error: Endpoint closed
2026-09-15T20:56:17.296 WARN kycontroller::kymux_controller::server - Kynet accept failed: connection error: Endpoint closed
2026-09-15T20:56:17.296 WARN kycontroller::kymux_controller::server - Kynet accept failed: connection error: Endpoint closed
2026-09-15T20:56:17.296 WARN kycontroller::kymux_controller::server - Kynet accept failed: connection error: Endpoint closed
2026-09-15T20:56:17.296 WARN kycontroller::kymux_controller::server - Kynet accept failed: connection error: Endpoint closed
2026-09-15T20:56:17.296 WARN kycontroller::kymux_controller::server - Kynet accept failed: connection error: Endpoint closed
2026-09-15T20:56:17.296 WARN kycontroller::kymux_controller::server - Kynet accept failed: connection error: Endpoint closed
2026-09-15T20:56:17.296 WARN kycontroller::kymux_controller::server - Kynet accept failed: connection error: Endpoint closed
2026-09-15T20:56:17.296 WARN kycontroller::kymux_controller::server - Kynet accept failed: connection error: Endpoint closed
2026-09-15T20:56:17.296 WARN kycontroller::kymux_controller::server - Kynet accept failed: connection error: Endpoint closed
2026-09-15T20:56:17.296 WARN kycontroller::kymux_controller::server - Kynet accept failed: connection error: Endpoint closed
2026-09-15T20:56:17.296 WARN kycontroller::kymux_controller::server - Kynet accept failed: connection error: Endpoint closed
2026-09-15T20:56:17.296 WARN kycontroller::kymux_controller::server - Kynet accept failed: connection error: Endpoint closed
2026-09-15T20:56:17.296 WARN kycontroller::kymux_controller::server - Kynet accept failed: connection error: Endpoint closed
2026-09-15T20:56:17.296 WARN kycontroller::kymux_controller::server - Kynet accept failed: connection error: Endpoint closed
2026-09-15T20:56:17.296 WARN kycontroller::kymux_controller::server - Kynet accept failed: connection error: Endpoint closed
2026-09-15T20:56:17.296 WARN kycontroller::kymux_controller::server - Kynet accept failed: connection error: Endpoint closed
2026-09-15T20:56:17.296 WARN kycontroller::kymux_controller::server - Kynet accept failed: connection error: Endpoint closed
2026-09-15T20:56:17.296 WARN kycontroller::kymux_controller::server - Kynet accept failed: connection error: Endpoint closed
2026-09-15T20:56:17.296 WARN kycontroller::kymux_controller::server - Kynet accept failed: connection error: Endpoint closed
2026-09-15T20:56:17.296 WARN kycontroller::kymux_controller::server - Kynet accept failed: connection error: Endpoint closed
2026-09-15T20:56:17.296 WARN kycontroller::kymux_controller::server - Kynet accept failed: connection error: Endpoint closed
2026-09-15T20:56:17.296 WARN kycontroller::kymux_controller::server - Kynet accept failed: connection error: Endpoint closed
2026-09-15T20:56:17.296 WARN kycontroller::kymux_controller::server - Kynet accept failed: connection error: Endpoint closed
2026-09-15T20:56:17.296 WARN kycontroller::kymux_controller::server - Kynet accept failed: connection error: Endpoint closed
2026-09-15T20:56:17.296 WARN kycontroller::kymux_controller::server - Kynet accept failed: connection error: Endpoint closed
2026-09-15T20:56:17.296 WARN kycontroller::kymux_controller::server - Kynet accept failed: connection error: Endpoint closed
2026-09-15T20:56:17.296 WARN kycontroller::kymux_controller::server - Kynet accept failed: connection error: Endpoint closed
2026-09-15T20:56:17.296 WARN kycontroller::kymux_controller::server - Kynet accept failed: connection error: Endpoint closed
2026-09-15T20:56:17.296 WARN kycontroller::kymux_controller::server - Kynet accept failed: connection error: Endpoint closed
2026-09-15T20:56:17.296 WARN kycontroller::kymux_controller::server - Kynet accept failed: connection error: Endpoint closed
2026-09-15T20:56:17.296 WARN kycontroller::kymux_controller::server - Kynet accept failed: connection error: Endpoint closed
2026-09-15T20:56:17.296 WARN kycontroller::kymux_controller::server - Kynet accept failed: connection error: Endpoint closed
2026-09-15T20:56:17.296 WARN kycontroller::kymux_controller::server - Kynet accept failed: connection error: Endpoint closed
2026-09-15T20:56:17.296 WARN kycontroller::kymux_controller::server - Kynet accept failed: connection error: Endpoint closed
2026-09-15T20:56:17.296 WARN kycontroller::kymux_controller::server - Kynet accept failed: connection error: Endpoint closed
2026-09-15T20:56:17.296 WARN kycontroller::kymux_controller::server - Kynet accept failed: connection error: Endpoint closed
2026-09-15T20:56:17.296 WARN kycontroller::kymux_controller::server - Kynet accept failed: connection error: Endpoint closed
2026-09-15T20:56:17.296 WARN kycontroller::kymux_controller::server - Kynet accept failed: connection error: Endpoint closed
2026-09-15T20:56:17.296 WARN kycontroller::kymux_controller::server - Kynet accept failed: connection error: Endpoint closed
2026-09-15T20:56:17.296 WARN kycontroller::kymux_controller::server - Kynet accept failed: connection error: Endpoint closed
2026-09-15T20:56:17.296 WARN kycontroller::kymux_controller::server - Kynet accept failed: connection error: Endpoint closed
2026-09-15T20:56:17.297 WARN kycontroller::kymux_controller::server - Kynet accept failed: connection error: Endpoint closed
2026-09-15T20:56:17.297 WARN kycontroller::kymux_controller::server - Kynet accept failed: connection error: Endpoint closed
2026-09-15T20:56:17.297 WARN kycontroller::kymux_controller::server - Kynet accept failed: connection error: Endpoint closed
2026-09-15T20:56:17.297 WARN kycontroller::kymux_controller::server - Kynet accept failed: connection error: Endpoint closed
2026-09-15T20:56:17.297 WARN kycontroller::kymux_controller::server - Kynet accept failed: connection error: Endpoint closed
2026-09-15T20:56:17.297 WARN kycontroller::kymux_controller::server - Kynet accept failed: connection error: Endpoint closed
2026-09-15T20:56:17.297 WARN kycontroller::kymux_controller::server - Kynet accept failed: connection error: Endpoint closed
2026-09-15T20:56:17.297 WARN kycontroller::kymux_controller::server - Kynet accept failed: connection error: Endpoint closed
2026-09-15T20:56:17.297 WARN kycontroller::kymux_controller::server - Kynet accept failed: connection error: Endpoint closed
2026-09-15T20:56:17.297 WARN kycontroller::kymux_controller::server - Kynet accept failed: connection error: Endpoint closed
2026-09-15T20:56:17.297 WARN kycontroller::kymux_controller::server - Kynet accept failed: connection error: Endpoint closed
2026-09-15T20:56:17.297 WARN kycontroller::kymux_controller::server - Kynet accept failed: connection error: Endpoint closed
2026-09-15T20:56:17.297 WARN kycontroller::kymux_controller::server - Kynet accept failed: connection error: Endpoint closed
2026-09-15T20:56:17.297 WARN kycontroller::kymux_controller::server - Kynet accept failed: connection error: Endpoint closed
2026-09-15T20:56:17.297 WARN kycontroller::kymux_controller::server - Kynet accept failed: connection error: Endpoint closed
2026-09-15T20:56:17.297 WARN kycontroller::kymux_controller::server - Kynet accept failed: connection error: Endpoint closed
2026-09-15T20:56:17.297 WARN kycontroller::kymux_controller::server - Kynet accept failed: connection error: Endpoint closed
2026-09-15T20:56:17.297 WARN kycontroller::kymux_controller::server - Kynet accept failed: connection error: Endpoint closed
2026-09-15T20:56:17.297 WARN kycontroller::kymux_controller::server - Kynet accept failed: connection error: Endpoint closed
2026-09-15T20:56:17.297 WARN kycontroller::kymux_controller::server - Kynet accept failed: connection error: Endpoint closed
2026-09-15T20:56:17.297 WARN kycontroller::kymux_controller::server - Kynet accept failed: connection error: Endpoint closed
2026-09-15T20:56:17.297 WARN kycontroller::kymux_controller::server - Kynet accept failed: connection error: Endpoint closed
2026-09-15T20:56:17.297 WARN kycontroller::kymux_controller::server - Kynet accept failed: connection error: Endpoint closed
2026-09-15T20:56:17.297 WARN kycontroller::kymux_controller::server - Kynet accept failed: connection error: Endpoint closed
2026-09-15T20:56:17.297 WARN kycontroller::kymux_controller::server - Kynet accept failed: connection error: Endpoint closed
2026-09-15T20:56:17.297 WARN kycontroller::kymux_controller::server - Kynet accept failed: connection error: Endpoint closed
2026-09-15T20:56:17.297 WARN kycontroller::kymux_controller::server - Kynet accept failed: connection error: Endpoint closed
2026-09-15T20:56:17.297 WARN kycontroller::kymux_controller::server - Kynet accept failed: connection error: Endpoint closed
2026-09-15T20:56:17.297 WARN kycontroller::kymux_controller::server - Kynet accept failed: connection error: Endpoint closed
2026-09-15T20:56:17.297 WARN kycontroller::kymux_controller::server - Kynet accept failed: connection error: Endpoint closed
2026-09-15T20:56:17.297 WARN kycontroller::kymux_controller::server - Kynet accept failed: connection error: Endpoint closed
2026-09-15T20:56:17.297 WARN kycontroller::kymux_controller::server - Kynet accept failed: connection error: Endpoint closed
2026-09-15T20:56:17.297 WARN kycontroller::kymux_controller::server - Kynet accept failed: connection error: Endpoint closed
2026-09-15T20:56:17.297 WARN kycontroller::kymux_controller::server - Kynet accept failed: connection error: Endpoint closed
2026-09-15T20:56:17.297 WARN kycontroller::kymux_controller::server - Kynet accept failed: connection error: Endpoint closed
2026-09-15T20:56:17.297 WARN kycontroller::kymux_controller::server - Kynet accept failed: connection error: Endpoint closed
2026-09-15T20:56:17.297 WARN kycontroller::kymux_controller::server - Kynet accept failed: connection error: Endpoint closed
2026-09-15T20:56:17.297 WARN kycontroller::kymux_controller::server - Kynet accept failed: connection error: Endpoint closed
2026-09-15T20:56:17.297 WARN kycontroller::kymux_controller::server - Kynet accept failed: connection error: Endpoint closed
2026-09-15T20:56:17.297 WARN kycontroller::kymux_controller::server - Kynet accept failed: connection error: Endpoint closed
2026-09-15T20:56:17.297 WARN kycontroller::kymux_controller::server - Kynet accept failed: connection error: Endpoint closed
2026-09-15T20:56:17.297 WARN kycontroller::kymux_controller::server - Kynet accept failed: connection error: Endpoint closed
2026-09-15T20:56:17.297 WARN kycontroller::kymux_controller::server - Kynet accept failed: connection error: Endpoint closed
2026-09-15T20:56:17.297 WARN kycontroller::kymux_controller::server - Kynet accept failed: connection error: Endpoint closed
2026-09-15T20:56:17.297 WARN kycontroller::kymux_controller::server - Kynet accept failed: connection error: Endpoint closed
2026-09-15T20:56:17.297 WARN kycontroller::kymux_controller::server - Kynet accept failed: connection error: Endpoint closed
2026-09-15T20:56:17.297 WARN kycontroller::kymux_controller::server - Kynet accept failed: connection error: Endpoint closed
2026-09-15T20:56:17.297 WARN kycontroller::kymux_controller::server - Kynet accept failed: connection error: Endpoint closed
2026-09-15T20:56:17.297 WARN kycontroller::kymux_controller::server - Kynet accept failed: connection error: Endpoint closed
2026-09-15T20:56:17.297 WARN kycontroller::kymux_controller::server - Kynet accept failed: connection error: Endpoint closed
2026-09-15T20:56:17.297 WARN kycontroller::kymux_controller::server - Kynet accept failed: connection error: Endpoint closed
2026-09-15T20:56:17.297 WARN kycontroller::kymux_controller::server - Kynet accept failed: connection error: Endpoint closed
2026-09-15T20:56:17.297 WARN kycontroller::kymux_controller::server - Kynet accept failed: connection error: Endpoint closed
2026-09-15T20:56:17.297 WARN kycontroller::kymux_controller::server - Kynet accept failed: connection error: Endpoint closed
2026-09-15T20:56:17.297 WARN kycontroller::kymux_controller::server - Kynet accept failed: connection error: Endpoint closed
2026-09-15T20:56:17.297 WARN kycontroller::kymux_controller::server - Kynet accept failed: connection error: Endpoint closed
2026-09-15T20:56:17.297 WARN kycontroller::kymux_controller::server - Kynet accept failed: connection error: Endpoint closed
2026-09-15T20:56:17.297 WARN kycontroller::kymux_controller::server - Kynet accept failed: connection error: Endpoint closed
2026-09-15T20:56:17.297 WARN kycontroller::kymux_controller::server - Kynet accept failed: connection error: Endpoint closed
2026-09-15T20:56:17.297 WARN kycontroller::kymux_controller::server - Kynet accept failed: connection error: Endpoint closed
2026-09-15T20:56:17.297 WARN kycontroller::kymux_controller::server - Kynet accept failed: connection error: Endpoint closed
2026-09-15T20:56:17.297 WARN kycontroller::kymux_controller::server - Kynet accept failed: connection error: Endpoint closed
2026-09-15T20:56:17.297 WARN kycontroller::kymux_controller::server - Kynet accept failed: connection error: Endpoint closed
2026-09-15T20:56:17.297 WARN kycontroller::kymux_controller::server - Kynet accept failed: connection error: Endpoint closed
2026-09-15T20:56:17.297 WARN kycontroller::kymux_controller::server - Kynet accept failed: connection error: Endpoint closed
2026-09-15T20:56:17.297 WARN kycontroller::kymux_controller::server - Kynet accept failed: connection error: Endpoint closed
2026-09-15T20:56:17.297 WARN kycontroller::kymux_controller::server - Kynet accept failed: connection error: Endpoint closed
2026-09-15T20:56:17.297 WARN kycontroller::kymux_controller::server - Kynet accept failed: connection error: Endpoint closed
2026-09-15T20:56:17.297 WARN kycontroller::kymux_controller::server - Kynet accept failed: connection error: Endpoint closed
2026-09-15T20:56:17.297 WARN kycontroller::kymux_controller::server - Kynet accept failed: connection error: Endpoint closed
2026-09-15T20:56:17.297 WARN kycontroller::kymux_controller::server - Kynet accept failed: connection error: Endpoint closed
2026-09-15T20:56:17.297 WARN kycontroller::kymux_controller::server - Kynet accept failed: connection error: Endpoint closed
2026-09-15T20:56:17.297 WARN kycontroller::kymux_controller::server - Kynet accept failed: connection error: Endpoint closed
2026-09-15T20:56:17.297 WARN kycontroller::kymux_controller::server - Kynet accept failed: connection error: Endpoint closed
2026-09-15T20:56:17.297 WARN kycontroller::kymux_controller::server - Kynet accept failed: connection error: Endpoint closed
2026-09-15T20:56:17.297 WARN kycontroller::kymux_controller::server - Kynet accept failed: connection error: Endpoint closed
2026-09-15T20:56:17.297 WARN kycontroller::kymux_controller::server - Kynet accept failed: connection error: Endpoint closed
2026-09-15T20:56:17.297 WARN kycontroller::kymux_controller::server - Kynet accept failed: connection error: Endpoint closed
2026-09-15T20:56:17.297 WARN kycontroller::kymux_controller::server - Kynet accept failed: connection error: Endpoint closed
2026-09-15T20:56:17.297 WARN kycontroller::kymux_controller::server - Kynet accept failed: connection error: Endpoint closed
2026-09-15T20:56:17.297 WARN kycontroller::kymux_controller::server - Kynet accept failed: connection error: Endpoint closed
2026-09-15T20:56:17.297 WARN kycontroller::kymux_controller::server - Kynet accept failed: connection error: Endpoint closed
2026-09-15T20:56:17.297 WARN kycontroller::kymux_controller::server - Kynet accept failed: connection error: Endpoint closed
2026-09-15T20:56:17.297 WARN kycontroller::kymux_controller::server - Kynet accept failed: connection error: Endpoint closed
2026-09-15T20:56:17.297 WARN kycontroller::kymux_controller::server - Kynet accept failed: connection error: Endpoint closed
2026-09-15T20:56:17.297 WARN kycontroller::kymux_controller::server - Kynet accept failed: connection error: Endpoint closed
2026-09-15T20:56:17.297 WARN kycontroller::kymux_controller::server - Kynet accept failed: connection error: Endpoint closed
2026-09-15T20:56:17.297 WARN kycontroller::kymux_controller::server - Kynet accept failed: connection error: Endpoint closed
2026-09-15T20:56:17.297 WARN kycontroller::kymux_controller::server - Kynet accept failed: connection error: Endpoint closed
2026-09-15T20:56:17.297 WARN kycontroller::kymux_controller::server - Kynet accept failed: connection error: Endpoint closed
2026-09-15T20:56:17.297 WARN kycontroller::kymux_controller::server - Kynet accept failed: connection error: Endpoint closed
2026-09-15T20:56:17.297 WARN kycontroller::kymux_controller::server - Kynet accept failed: connection error: Endpoint closed
2026-09-15T20:56:17.297 WARN kycontroller::kymux_controller::server - Kynet accept failed: connection error: Endpoint closed
2026-09-15T20:56:17.297 WARN kycontroller::kymux_controller::server - Kynet accept failed: connection error: Endpoint closed
2026-09-15T20:56:17.298 WARN kycontroller::kymux_controller::server - Kynet accept failed: connection error: Endpoint closed
2026-09-15T20:56:17.298 WARN kycontroller::kymux_controller::server - Kynet accept failed: connection error: Endpoint closed
2026-09-15T20:56:17.298 WARN kycontroller::kymux_controller::server - Kynet accept failed: connection error: Endpoint closed
2026-09-15T20:56:17.298 WARN kycontroller::kymux_controller::server - Kynet accept failed: connection error: Endpoint closed
2026-09-15T20:56:17.298 WARN kycontroller::kymux_controller::server - Kynet accept failed: connection error: Endpoint closed
2026-09-15T20:56:17.298 WARN kycontroller::kymux_controller::server - Kynet accept failed: connection error: Endpoint closed
2026-09-15T20:56:17.298 WARN kycontroller::kymux_controller::server - Kynet accept failed: connection error: Endpoint closed
2026-09-15T20:56:17.298 WARN kycontroller::kymux_controller::server - Kynet accept failed: connection error: Endpoint closed
2026-09-15T20:56:17.298 WARN kycontroller::kymux_controller::server - Kynet accept failed: connection error: Endpoint closed
2026-09-15T20:56:17.298 WARN kycontroller::kymux_controller::server - Kynet accept failed: connection error: Endpoint closed
2026-09-15T20:56:17.298 WARN kycontroller::kymux_controller::server - Kynet accept failed: connection error: Endpoint closed
2026-09-15T20:56:17.298 WARN kycontroller::kymux_controller::server - Kynet accept failed: connection error: Endpoint closed
2026-09-15T20:56:17.298 WARN kycontroller::kymux_controller::server - Kynet accept failed: connection error: Endpoint closed
2026-09-15T20:56:17.298 WARN kycontroller::kymux_controller::server - Kynet accept failed: connection error: Endpoint closed
2026-09-15T20:56:17.298 WARN kycontroller::kymux_controller::server - Kynet accept failed: connection error: Endpoint closed
2026-09-15T20:56:17.298 WARN kycontroller::kymux_controller::server - Kynet accept failed: connection error: Endpoint closed
2026-09-15T20:56:17.298 WARN kycontroller::kymux_controller::server - Kynet accept failed: connection error: Endpoint closed
2026-09-15T20:56:17.298 WARN kycontroller::kymux_controller::server - Kynet accept failed: connection error: Endpoint closed
2026-09-15T20:56:17.298 WARN kycontroller::kymux_controller::server - Kynet accept failed: connection error: Endpoint closed
2026-09-15T20:56:17.298 WARN kycontroller::kymux_controller::server - Kynet accept failed: connection error: Endpoint closed
2026-09-15T20:56:17.298 WARN kycontroller::kymux_controller::server - Kynet accept failed: connection error: Endpoint closed
2026-09-15T20:56:17.298 WARN kycontroller::kymux_controller::server - Kynet accept failed: connection error: Endpoint closed
2026-09-15T20:56:17.298 WARN kycontroller::kymux_controller::server - Kynet accept failed: connection error: Endpoint closed
2026-09-15T20:56:17.298 WARN kycontroller::kymux_controller::server - Kynet accept failed: connection error: Endpoint closed
2026-09-15T20:56:17.298 WARN kycontroller::kymux_controller::server - Kynet accept failed: connection error: Endpoint closed
2026-09-15T20:56:17.298 WARN kycontroller::kymux_controller::server - Kynet accept failed: connection error: Endpoint closed
2026-09-15T20:56:17.298 WARN kycontroller::kymux_controller::server - Kynet accept failed: connection error: Endpoint closed
2026-09-15T20:56:17.298 WARN kycontroller::kymux_controller::server - Kynet accept failed: connection error: Endpoint closed
2026-09-15T20:56:17.298 WARN kycontroller::kymux_controller::server - Kynet accept failed: connection error: Endpoint closed
2026-09-15T20:56:17.298 WARN kycontroller::kymux_controller::server - Kynet accept failed: connection error: Endpoint closed
2026-09-15T20:56:17.298 WARN kycontroller::kymux_controller::server - Kynet accept failed: connection error: Endpoint closed
2026-09-15T20:56:17.298 WARN kycontroller::kymux_controller::server - Kynet accept failed: connection error: Endpoint closed
2026-09-15T20:56:17.298 WARN kycontroller::kymux_controller::server - Kynet accept failed: connection error: Endpoint closed
2026-09-15T20:56:17.298 WARN kycontroller::kymux_controller::server - Kynet accept failed: connection error: Endpoint closed
2026-09-15T20:56:17.298 WARN kycontroller::kymux_controller::server - Kynet accept failed: connection error: Endpoint closed
2026-09-15T20:56:17.298 WARN kycontroller::kymux_controller::server - Kynet accept failed: connection error: Endpoint closed
2026-09-15T20:56:17.298 WARN kycontroller::kymux_controller::server - Kynet accept failed: connection error: Endpoint closed
2026-09-15T20:56:17.298 WARN kycontroller::kymux_controller::server - Kynet accept failed: connection error: Endpoint closed
2026-09-15T20:56:17.298 WARN kycontroller::kymux_controller::server - Kynet accept failed: connection error: Endpoint closed
2026-09-15T20:56:17.298 WARN kycontroller::kymux_controller::server - Kynet accept failed: connection error: Endpoint closed
2026-09-15T20:56:17.298 WARN kycontroller::kymux_controller::server - Kynet accept failed: connection error: Endpoint closed
2026-09-15T20:56:17.298 WARN kycontroller::kymux_controller::server - Kynet accept failed: connection error: Endpoint closed
2026-09-15T20:56:17.298 WARN kycontroller::kymux_controller::server - Kynet accept failed: connection error: Endpoint closed
2026-09-15T20:56:17.298 WARN kycontroller::kymux_controller::server - Kynet accept failed: connection error: Endpoint closed
2026-09-15T20:56:17.298 WARN kycontroller::kymux_controller::server - Kynet accept failed: connection error: Endpoint closed
2026-09-15T20:56:17.298 WARN kycontroller::kymux_controller::server - Kynet accept failed: connection error: Endpoint closed
2026-09-15T20:56:17.298 WARN kycontroller::kymux_controller::server - Kynet accept failed: connection error: Endpoint closed
2026-09-15T20:56:17.298 WARN kycontroller::kymux_controller::server - Kynet accept failed: connection error: Endpoint closed
2026-09-15T20:56:17.298 WARN kycontroller::kymux_controller::server - Kynet accept failed: connection error: Endpoint closed
2026-09-15T20:56:17.298 WARN kycontroller::kymux_controller::server - Kynet accept failed: connection error: Endpoint closed
2026-09-15T20:56:17.298 WARN kycontroller::kymux_controller::server - Kynet accept failed: connection error: Endpoint closed
2026-09-15T20:56:17.298 WARN kycontroller::kymux_controller::server - Kynet accept failed: connection error: Endpoint closed
2026-09-15T20:56:17.298 WARN kycontroller::kymux_controller::server - Kynet accept failed: connection error: Endpoint closed
2026-09-15T20:56:17.298 WARN kycontroller::kymux_controller::server - Kynet accept failed: connection error: Endpoint closed
2026-09-15T20:56:17.298 WARN kycontroller::kymux_controller::server - Kynet accept failed: connection error: Endpoint closed
2026-09-15T20:56:17.298 WARN kycontroller::kymux_controller::server - Kynet accept failed: connection error: Endpoint closed
2026-09-15T20:56:17.298 WARN kycontroller::kymux_controller::server - Kynet accept failed: connection error: Endpoint closed
2026-09-15T20:56:17.298 WARN kycontroller::kymux_controller::server - Kynet accept failed: connection error: Endpoint closed
2026-09-15T20:56:17.298 WARN kycontroller::kymux_controller::server - Kynet accept failed: connection error: Endpoint closed
2026-09-15T20:56:17.298 WARN kycontroller::kymux_controller::server - Kynet accept failed: connection error: Endpoint closed
2026-09-15T20:56:17.298 WARN kycontroller::kymux_controller::server - Kynet accept failed: connection error: Endpoint closed
2026-09-15T20:56:17.298 WARN kycontroller::kymux_controller::server - Kynet accept failed: connection error: Endpoint closed
2026-09-15T20:56:17.298 WARN kycontroller::kymux_controller::server - Kynet accept failed: connection error: Endpoint closed
2026-09-15T20:56:17.298 WARN kycontroller::kymux_controller::server - Kynet accept failed: connection error: Endpoint closed
2026-09-15T20:56:17.298 WARN kycontroller::kymux_controller::server - Kynet accept failed: connection error: Endpoint closed
2026-09-15T20:56:17.298 WARN kycontroller::kymux_controller::server - Kynet accept failed: connection error: Endpoint closed
2026-09-15T20:56:17.298 WARN kycontroller::kymux_controller::server - Kynet accept failed: connection error: Endpoint closed
2026-09-15T20:56:17.298 WARN kycontroller::kymux_controller::server - Kynet accept failed: connection error: Endpoint closed
2026-09-15T20:56:17.298 WARN kycontroller::kymux_controller::server - Kynet accept failed: connection error: Endpoint closed
2026-09-15T20:56:17.298 WARN kycontroller::kymux_controller::server - Kynet accept failed: connection error: Endpoint closed
2026-09-15T20:56:17.298 WARN kycontroller::kymux_controller::server - Kynet accept failed: connection error: Endpoint closed
2026-09-15T20:56:17.298 WARN kycontroller::kymux_controller::server - Kynet accept failed: connection error: Endpoint closed
2026-09-15T20:56:17.298 WARN kycontroller::kymux_controller::server - Kynet accept failed: connection error: Endpoint closed
2026-09-15T20:56:17.298 WARN kycontroller::kymux_controller::server - Kynet accept failed: connection error: Endpoint closed
2026-09-15T20:56:17.298 WARN kycontroller::kymux_controller::server - Kynet accept failed: connection error: Endpoint closed
2026-09-15T20:56:17.298 WARN kycontroller::kymux_controller::server - Kynet accept failed: connection error: Endpoint closed
2026-09-15T20:56:17.298 WARN kycontroller::kymux_controller::server - Kynet accept failed: connection error: Endpoint closed
2026-09-15T20:56:17.298 WARN kycontroller::kymux_controller::server - Kynet accept failed: connection error: Endpoint closed
2026-09-15T20:56:17.298 WARN kycontroller::kymux_controller::server - Kynet accept failed: connection error: Endpoint closed
2026-09-15T20:56:17.298 WARN kycontroller::kymux_controller::server - Kynet accept failed: connection error: Endpoint closed
2026-09-15T20:56:17.298 WARN kycontroller::kymux_controller::server - Kynet accept failed: connection error: Endpoint closed
2026-09-15T20:56:17.298 WARN kycontroller::kymux_controller::server - Kynet accept failed: connection error: Endpoint closed
2026-09-15T20:56:17.298 WARN kycontroller::kymux_controller::server - Kynet accept failed: connection error: Endpoint closed
2026-09-15T20:56:17.298 WARN kycontroller::kymux_controller::server - Kynet accept failed: connection error: Endpoint closed
2026-09-15T20:56:17.298 WARN kycontroller::kymux_controller::server - Kynet accept failed: connection error: Endpoint closed
2026-09-15T20:56:17.298 WARN kycontroller::kymux_controller::server - Kynet accept failed: connection error: Endpoint closed
2026-09-15T20:56:17.298 WARN kycontroller::kymux_controller::server - Kynet accept failed: connection error: Endpoint closed
2026-09-15T20:56:17.298 WARN kycontroller::kymux_controller::server - Kynet accept failed: connection error: Endpoint closed
2026-09-15T20:56:17.298 WARN kycontroller::kymux_controller::server - Kynet accept failed: connection error: Endpoint closed
2026-09-15T20:56:17.298 WARN kycontroller::kymux_controller::server - Kynet accept failed: connection error: Endpoint closed
2026-09-15T20:56:17.298 WARN kycontroller::kymux_controller::server - Kynet accept failed: connection error: Endpoint closed
2026-09-15T20:56:17.299 WARN kycontroller::kymux_controller::server - Kynet accept failed: connection error: Endpoint closed
2026-09-15T20:56:17.299 WARN kycontroller::kymux_controller::server - Kynet accept failed: connection error: Endpoint closed
2026-09-15T20:56:17.299 WARN kycontroller::kymux_controller::server - Kynet accept failed: connection error: Endpoint closed
2026-09-15T20:56:17.299 WARN kycontroller::kymux_controller::server - Kynet accept failed: connection error: Endpoint closed
2026-09-15T20:56:17.299 WARN kycontroller::kymux_controller::server - Kynet accept failed: connection error: Endpoint closed
2026-09-15T20:56:17.299 WARN kycontroller::kymux_controller::server - Kynet accept failed: connection error: Endpoint closed
2026-09-15T20:56:17.299 WARN kycontroller::kymux_controller::server - Kynet accept failed: connection error: Endpoint closed
2026-09-15T20:56:17.299 WARN kycontroller::kymux_controller::server - Kynet accept failed: connection error: Endpoint closed
2026-09-15T20:56:17.299 WARN kycontroller::kymux_controller::server - Kynet accept failed: connection error: Endpoint closed
2026-09-15T20:56:17.299 WARN kycontroller::kymux_controller::server - Kynet accept failed: connection error: Endpoint closed
2026-09-15T20:56:17.299 WARN kycontroller::kymux_controller::server - Kynet accept failed: connection error: Endpoint closed
2026-09-15T20:56:17.299 WARN kycontroller::kymux_controller::server - Kynet accept failed: connection error: Endpoint closed
2026-09-15T20:56:17.299 WARN kycontroller::kymux_controller::server - Kynet accept failed: connection error: Endpoint closed
2026-09-15T20:56:17.299 WARN kycontroller::kymux_controller::server - Kynet accept failed: connection error: Endpoint closed
2026-09-15T20:56:17.299 WARN kycontroller::kymux_controller::server - Kynet accept failed: connection error: Endpoint closed
2026-09-15T20:56:17.299 WARN kycontroller::kymux_controller::server - Kynet accept failed: connection error: Endpoint closed
2026-09-15T20:56:17.299 WARN kycontroller::kymux_controller::server - Kynet accept failed: connection error: Endpoint closed
2026-09-15T20:56:17.299 WARN kycontroller::kymux_controller::server - Kynet accept failed: connection error: Endpoint closed
2026-09-15T20:56:17.299 WARN kycontroller::kymux_controller::server - Kynet accept failed: connection error: Endpoint closed
2026-09-15T20:56:17.299 WARN kycontroller::kymux_controller::server - Kynet accept failed: connection error: Endpoint closed
2026-09-15T20:56:17.299 WARN kycontroller::kymux_controller::server - Kynet accept failed: connection error: Endpoint closed
2026-09-15T20:56:17.299 WARN kycontroller::kymux_controller::server - Kynet accept failed: connection error: Endpoint closed
2026-09-15T20:56:17.299 WARN kycontroller::kymux_controller::server - Kynet accept failed: connection error: Endpoint closed
2026-09-15T20:56:17.299 WARN kycontroller::kymux_controller::server - Kynet accept failed: connection error: Endpoint closed
2026-09-15T20:56:17.299 WARN kycontroller::kymux_controller::server - Kynet accept failed: connection error: Endpoint closed
2026-09-15T20:56:17.299 WARN kycontroller::kymux_controller::server - Kynet accept failed: connection error: Endpoint closed
2026-09-15T20:56:17.299 WARN kycontroller::kymux_controller::server - Kynet accept failed: connection error: Endpoint closed
2026-09-15T20:56:17.299 WARN kycontroller::kymux_controller::server - Kynet accept failed: connection error: Endpoint closed
2026-09-15T20:56:17.299 WARN kycontroller::kymux_controller::server - Kynet accept failed: connection error: Endpoint closed
2026-09-15T20:56:17.299 WARN kycontroller::kymux_controller::server - Kynet accept failed: connection error: Endpoint closed
2026-09-15T20:56:17.299 WARN kycontroller::kymux_controller::server - Kynet accept failed: connection error: Endpoint closed
2026-09-15T20:56:17.299 WARN kycontroller::kymux_controller::server - Kynet accept failed: connection error: Endpoint closed
2026-09-15T20:56:17.299 WARN kycontroller::kymux_controller::server - Kynet accept failed: connection error: Endpoint closed
2026-09-15T20:56:17.299 WARN kycontroller::kymux_controller::server - Kynet accept failed: connection error: Endpoint closed
2026-09-15T20:56:17.299 WARN kycontroller::kymux_controller::server - Kynet accept failed: connection error: Endpoint closed
2026-09-15T20:56:17.299 WARN kycontroller::kymux_controller::server - Kynet accept failed: connection error: Endpoint closed
2026-09-15T20:56:17.299 WARN kycontroller::kymux_controller::server - Kynet accept failed: connection error: Endpoint closed
2026-09-15T20:56:17.299 WARN kycontroller::kymux_controller::server - Kynet accept failed: connection error: Endpoint closed
2026-09-15T20:56:17.299 WARN kycontroller::kymux_controller::server - Kynet accept failed: connection error: Endpoint closed
2026-09-15T20:56:17.299 WARN kycontroller::kymux_controller::server - Kynet accept failed: connection error: Endpoint closed
2026-09-15T20:56:17.299 WARN kycontroller::kymux_controller::server - Kynet accept failed: connection error: Endpoint closed
2026-09-15T20:56:17.299 WARN kycontroller::kymux_controller::server - Kynet accept failed: connection error: Endpoint closed
2026-09-15T20:56:17.299 WARN kycontroller::kymux_controller::server - Kynet accept failed: connection error: Endpoint closed
2026-09-15T20:56:17.299 WARN kycontroller::kymux_controller::server - Kynet accept failed: connection error: Endpoint closed
2026-09-15T20:56:17.299 WARN kycontroller::kymux_controller::server - Kynet accept failed: connection error: Endpoint closed
2026-09-15T20:56:17.299 WARN kycontroller::kymux_controller::server - Kynet accept failed: connection error: Endpoint closed
2026-09-15T20:56:17.299 WARN kycontroller::kymux_controller::server - Kynet accept failed: connection error: Endpoint closed
2026-09-15T20:56:17.299 WARN kycontroller::kymux_controller::server - Kynet accept failed: connection error: Endpoint closed
2026-09-15T20:56:17.299 WARN kycontroller::kymux_controller::server - Kynet accept failed: connection error: Endpoint closed
2026-09-15T20:56:17.299 WARN kycontroller::kymux_controller::server - Kynet accept failed: connection error: Endpoint closed
2026-09-15T20:56:17.299 WARN kycontroller::kymux_controller::server - Kynet accept failed: connection error: Endpoint closed
2026-09-15T20:56:17.299 WARN kycontroller::kymux_controller::server - Kynet accept failed: connection error: Endpoint closed
2026-09-15T20:56:17.299 WARN kycontroller::kymux_controller::server - Kynet accept failed: connection error: Endpoint closed
2026-09-15T20:56:17.299 WARN kycontroller::kymux_controller::server - Kynet accept failed: connection error: Endpoint closed
2026-09-15T20:56:17.299 WARN kycontroller::kymux_controller::server - Kynet accept failed: connection error: Endpoint closed
2026-09-15T20:56:17.299 WARN kycontroller::kymux_controller::server - Kynet accept failed: connection error: Endpoint closed
2026-09-15T20:56:17.299 WARN kycontroller::kymux_controller::server - Kynet accept failed: connection error: Endpoint closed
2026-09-15T20:56:17.299 WARN kycontroller::kymux_controller::server - Kynet accept failed: connection error: Endpoint closed
2026-09-15T20:56:17.299 WARN kycontroller::kymux_controller::server - Kynet accept failed: connection error: Endpoint closed
2026-09-15T20:56:17.299 WARN kycontroller::kymux_controller::server - Kynet accept failed: connection error: Endpoint closed
2026-09-15T20:56:17.299 WARN kycontroller::kymux_controller::server - Kynet accept failed: connection error: Endpoint closed
2026-09-15T20:56:17.299 WARN kycontroller::kymux_controller::server - Kynet accept failed: connection error: Endpoint closed
2026-09-15T20:56:17.299 WARN kycontroller::kymux_controller::server - Kynet accept failed: connection error: Endpoint closed
2026-09-15T20:56:17.299 WARN kycontroller::kymux_controller::server - Kynet accept failed: connection error: Endpoint closed
2026-09-15T20:56:17.299 WARN kycontroller::kymux_controller::server - Kynet accept failed: connection error: Endpoint closed
2026-09-15T20:56:17.299 WARN kycontroller::kymux_controller::server - Kynet accept failed: connection error: Endpoint closed
2026-09-15T20:56:17.299 WARN kycontroller::kymux_controller::server - Kynet accept failed: connection error: Endpoint closed
2026-09-15T20:56:17.299 WARN kycontroller::kymux_controller::server - Kynet accept failed: connection error: Endpoint closed
2026-09-15T20:56:17.299 WARN kycontroller::kymux_controller::server - Kynet accept failed: connection error: Endpoint closed
2026-09-15T20:56:17.299 WARN kycontroller::kymux_controller::server - Kynet accept failed: connection error: Endpoint closed
2026-09-15T20:56:17.299 WARN kycontroller::kymux_controller::server - Kynet accept failed: connection error: Endpoint closed
2026-09-15T20:56:17.299 WARN kycontroller::kymux_controller::server - Kynet accept failed: connection error: Endpoint closed
2026-09-15T20:56:17.299 WARN kycontroller::kymux_controller::server - Kynet accept failed: connection error: Endpoint closed
2026-09-15T20:56:17.299 WARN kycontroller::kymux_controller::server - Kynet accept failed: connection error: Endpoint closed
2026-09-15T20:56:17.299 WARN kycontroller::kymux_controller::server - Kynet accept failed: connection error: Endpoint closed
2026-09-15T20:56:17.299 WARN kycontroller::kymux_controller::server - Kynet accept failed: connection error: Endpoint closed
2026-09-15T20:56:17.299 WARN kycontroller::kymux_controller::server - Kynet accept failed: connection error: Endpoint closed
2026-09-15T20:56:17.299 WARN kycontroller::kymux_controller::server - Kynet accept failed: connection error: Endpoint closed
2026-09-15T20:56:17.299 WARN kycontroller::kymux_controller::server - Kynet accept failed: connection error: Endpoint closed
2026-09-15T20:56:17.299 WARN kycontroller::kymux_controller::server - Kynet accept failed: connection error: Endpoint closed
2026-09-15T20:56:17.299 WARN kycontroller::kymux_controller::server - Kynet accept failed: connection error: Endpoint closed
2026-09-15T20:56:17.299 WARN kycontroller::kymux_controller::server - Kynet accept failed: connection error: Endpoint closed
2026-09-15T20:56:17.299 WARN kycontroller::kymux_controller::server - Kynet accept failed: connection error: Endpoint closed
2026-09-15T20:56:17.299 WARN kycontroller::kymux_controller::server - Kynet accept failed: connection error: Endpoint closed
2026-09-15T20:56:17.299 WARN kycontroller::kymux_controller::server - Kynet accept failed: connection error: Endpoint closed
2026-09-15T20:56:17.299 WARN kycontroller::kymux_controller::server - Kynet accept failed: connection error: Endpoint closed
2026-09-15T20:56:17.299 WARN kycontroller::kymux_controller::server - Kynet accept failed: connection error: Endpoint closed
2026-09-15T20:56:17.299 WARN kycontroller::kymux_controller::server - Kynet accept failed: connection error: Endpoint closed
2026-09-15T20:56:17.299 WARN kycontroller::kymux_controller::server - Kynet accept failed: connection error: Endpoint closed
2026-09-15T20:56:17.299 WARN kycontroller::kymux_controller::server - Kynet accept failed: connection error: Endpoint closed
2026-09-15T20:56:17.299 WARN kycontroller::kymux_controller::server - Kynet accept failed: connection error: Endpoint closed
2026-09-15T20:56:17.299 WARN kycontroller::kymux_controller::server - Kynet accept failed: connection error: Endpoint closed
2026-09-15T20:56:17.299 WARN kycontroller::kymux_controller::server - Kynet accept failed: connection error: Endpoint closed
2026-09-15T20:56:17.300 WARN kycontroller::kymux_controller::server - Kynet accept failed: connection error: Endpoint closed
2026-09-15T20:56:17.300 WARN kycontroller::kymux_controller::server - Kynet accept failed: connection error: Endpoint closed
2026-09-15T20:56:17.300 WARN kycontroller::kymux_controller::server - Kynet accept failed: connection error: Endpoint closed
2026-09-15T20:56:17.300 WARN kycontroller::kymux_controller::server - Kynet accept failed: connection error: Endpoint closed
2026-09-15T20:56:17.300 WARN kycontroller::kymux_controller::server - Kynet accept failed: connection error: Endpoint closed
2026-09-15T20:56:17.300 WARN kycontroller::kymux_controller::server - Kynet accept failed: connection error: Endpoint closed
2026-09-15T20:56:17.300 WARN kycontroller::kymux_controller::server - Kynet accept failed: connection error: Endpoint closed
2026-09-15T20:56:17.300 WARN kycontroller::kymux_controller::server - Kynet accept failed: connection error: Endpoint closed
2026-09-15T20:56:17.300 WARN kycontroller::kymux_controller::server - Kynet accept failed: connection error: Endpoint closed
2026-09-15T20:56:17.300 WARN kycontroller::kymux_controller::server - Kynet accept failed: connection error: Endpoint closed
2026-09-15T20:56:17.300 WARN kycontroller::kymux_controller::server - Kynet accept failed: connection error: Endpoint closed
2026-09-15T20:56:17.300 WARN kycontroller::kymux_controller::server - Kynet accept failed: connection error: Endpoint closed
2026-09-15T20:56:17.300 WARN kycontroller::kymux_controller::server - Kynet accept failed: connection error: Endpoint closed
2026-09-15T20:56:17.300 WARN kycontroller::kymux_controller::server - Kynet accept failed: connection error: Endpoint closed
2026-09-15T20:56:17.300 WARN kycontroller::kymux_controller::server - Kynet accept failed: connection error: Endpoint closed
2026-09-15T20:56:17.300 WARN kycontroller::kymux_controller::server - Kynet accept failed: connection error: Endpoint closed
2026-09-15T20:56:17.300 WARN kycontroller::kymux_controller::server - Kynet accept failed: connection error: Endpoint closed
2026-09-15T20:56:17.300 WARN kycontroller::kymux_controller::server - Kynet accept failed: connection error: Endpoint closed
2026-09-15T20:56:17.300 WARN kycontroller::kymux_controller::server - Kynet accept failed: connection error: Endpoint closed
2026-09-15T20:56:17.300 WARN kycontroller::kymux_controller::server - Kynet accept failed: connection error: Endpoint closed
2026-09-15T20:56:17.300 WARN kycontroller::kymux_controller::server - Kynet accept failed: connection error: Endpoint closed
2026-09-15T20:56:17.300 WARN kycontroller::kymux_controller::server - Kynet accept failed: connection error: Endpoint closed
2026-09-15T20:56:17.300 WARN kycontroller::kymux_controller::server - Kynet accept failed: connection error: Endpoint closed
2026-09-15T20:56:17.300 WARN kycontroller::kymux_controller::server - Kynet accept failed: connection error: Endpoint closed
2026-09-15T20:56:17.300 WARN kycontroller::kymux_controller::server - Kynet accept failed: connection error: Endpoint closed
2026-09-15T20:56:17.300 WARN kycontroller::kymux_controller::server - Kynet accept failed: connection error: Endpoint closed
2026-09-15T20:56:17.300 WARN kycontroller::kymux_controller::server - Kynet accept failed: connection error: Endpoint closed
2026-09-15T20:56:17.300 WARN kycontroller::kymux_controller::server - Kynet accept failed: connection error: Endpoint closed
2026-09-15T20:56:17.300 WARN kycontroller::kymux_controller::server - Kynet accept failed: connection error: Endpoint closed
2026-09-15T20:56:17.300 WARN kycontroller::kymux_controller::server - Kynet accept failed: connection error: Endpoint closed
2026-09-15T20:56:17.300 WARN kycontroller::kymux_controller::server - Kynet accept failed: connection error: Endpoint closed
2026-09-15T20:56:17.300 WARN kycontroller::kymux_controller::server - Kynet accept failed: connection error: Endpoint closed
2026-09-15T20:56:17.300 WARN kycontroller::kymux_controller::server - Kynet accept failed: connection error: Endpoint closed
2026-09-15T20:56:17.300 WARN kycontroller::kymux_controller::server - Kynet accept failed: connection error: Endpoint closed
2026-09-15T20:56:17.300 WARN kycontroller::kymux_controller::server - Kynet accept failed: connection error: Endpoint closed
2026-09-15T20:56:17.300 WARN kycontroller::kymux_controller::server - Kynet accept failed: connection error: Endpoint closed
2026-09-15T20:56:17.300 WARN kycontroller::kymux_controller::server - Kynet accept failed: connection error: Endpoint closed
2026-09-15T20:56:17.300 WARN kycontroller::kymux_controller::server - Kynet accept failed: connection error: Endpoint closed
2026-09-15T20:56:17.300 WARN kycontroller::kymux_controller::server - Kynet accept failed: connection error: Endpoint closed
2026-09-15T20:56:17.300 WARN kycontroller::kymux_controller::server - Kynet accept failed: connection error: Endpoint closed
2026-09-15T20:56:17.300 WARN kycontroller::kymux_controller::server - Kynet accept failed: connection error: Endpoint closed
2026-09-15T20:56:17.300 WARN kycontroller::kymux_controller::server - Kynet accept failed: connection error: Endpoint closed
2026-09-15T20:56:17.300 WARN kycontroller::kymux_controller::server - Kynet accept failed: connection error: Endpoint closed
2026-09-15T20:56:17.300 WARN kycontroller::kymux_controller::server - Kynet accept failed: connection error: Endpoint closed
2026-09-15T20:56:17.300 WARN kycontroller::kymux_controller::server - Kynet accept failed: connection error: Endpoint closed
2026-09-15T20:56:17.300 WARN kycontroller::kymux_controller::server - Kynet accept failed: connection error: Endpoint closed
2026-09-15T20:56:17.300 WARN kycontroller::kymux_controller::server - Kynet accept failed: connection error: Endpoint closed
2026-09-15T20:56:17.300 WARN kycontroller::kymux_controller::server - Kynet accept failed: connection error: Endpoint closed
2026-09-15T20:56:17.300 WARN kycontroller::kymux_controller::server - Kynet accept failed: connection error: Endpoint closed
2026-09-15T20:56:17.300 WARN kycontroller::kymux_controller::server - Kynet accept failed: connection error: Endpoint closed
2026-09-15T20:56:17.300 WARN kycontroller::kymux_controller::server - Kynet accept failed: connection error: Endpoint closed
2026-09-15T20:56:17.300 WARN kycontroller::kymux_controller::server - Kynet accept failed: connection error: Endpoint closed
2026-09-15T20:56:17.300 WARN kycontroller::kymux_controller::server - Kynet accept failed: connection error: Endpoint closed
2026-09-15T20:56:17.300 WARN kycontroller::kymux_controller::server - Kynet accept failed: connection error: Endpoint closed
2026-09-15T20:56:17.300 WARN kycontroller::kymux_controller::server - Kynet accept failed: connection error: Endpoint closed
2026-09-15T20:56:17.300 WARN kycontroller::kymux_controller::server - Kynet accept failed: connection error: Endpoint closed
2026-09-15T20:56:17.300 WARN kycontroller::kymux_controller::server - Kynet accept failed: connection error: Endpoint closed
2026-09-15T20:56:17.300 WARN kycontroller::kymux_controller::server - Kynet accept failed: connection error: Endpoint closed
2026-09-15T20:56:17.300 WARN kycontroller::kymux_controller::server - Kynet accept failed: connection error: Endpoint closed
2026-09-15T20:56:17.300 WARN kycontroller::kymux_controller::server - Kynet accept failed: connection error: Endpoint closed
2026-09-15T20:56:17.300 WARN kycontroller::kymux_controller::server - Kynet accept failed: connection error: Endpoint closed
2026-09-15T20:56:17.300 WARN kycontroller::kymux_controller::server - Kynet accept failed: connection error: Endpoint closed
2026-09-15T20:56:17.300 WARN kycontroller::kymux_controller::server - Kynet accept failed: connection error: Endpoint closed
2026-09-15T20:56:17.300 WARN kycontroller::kymux_controller::server - Kynet accept failed: connection error: Endpoint closed
2026-09-15T20:56:17.300 WARN kycontroller::kymux_controller::server - Kynet accept failed: connection error: Endpoint closed
2026-09-15T20:56:17.300 WARN kycontroller::kymux_controller::server - Kynet accept failed: connection error: Endpoint closed
2026-09-15T20:56:17.300 WARN kycontroller::kymux_controller::server - Kynet accept failed: connection error: Endpoint closed
2026-09-15T20:56:17.300 WARN kycontroller::kymux_controller::server - Kynet accept failed: connection error: Endpoint closed
2026-09-15T20:56:17.300 WARN kycontroller::kymux_controller::server - Kynet accept failed: connection error: Endpoint closed
2026-09-15T20:56:17.300 WARN kycontroller::kymux_controller::server - Kynet accept failed: connection error: Endpoint closed
2026-09-15T20:56:17.300 WARN kycontroller::kymux_controller::server - Kynet accept failed: connection error: Endpoint closed
2026-09-15T20:56:17.300 WARN kycontroller::kymux_controller::server - Kynet accept failed: connection error: Endpoint closed
2026-09-15T20:56:17.300 WARN kycontroller::kymux_controller::server - Kynet accept failed: connection error: Endpoint closed
2026-09-15T20:56:17.300 WARN kycontroller::kymux_controller::server - Kynet accept failed: connection error: Endpoint closed
2026-09-15T20:56:17.300 WARN kycontroller::kymux_controller::server - Kynet accept failed: connection error: Endpoint closed
2026-09-15T20:56:17.300 WARN kycontroller::kymux_controller::server - Kynet accept failed: connection error: Endpoint closed
2026-09-15T20:56:17.300 WARN kycontroller::kymux_controller::server - Kynet accept failed: connection error: Endpoint closed
2026-09-15T20:56:17.300 WARN kycontroller::kymux_controller::server - Kynet accept failed: connection error: Endpoint closed
2026-09-15T20:56:17.300 WARN kycontroller::kymux_controller::server - Kynet accept failed: connection error: Endpoint closed
2026-09-15T20:56:17.300 WARN kycontroller::kymux_controller::server - Kynet accept failed: connection error: Endpoint closed
2026-09-15T20:56:17.300 WARN kycontroller::kymux_controller::server - Kynet accept failed: connection error: Endpoint closed
2026-09-15T20:56:17.300 WARN kycontroller::kymux_controller::server - Kynet accept failed: connection error: Endpoint closed
2026-09-15T20:56:17.300 WARN kycontroller::kymux_controller::server - Kynet accept failed: connection error: Endpoint closed
2026-09-15T20:56:17.300 WARN kycontroller::kymux_controller::server - Kynet accept failed: connection error: Endpoint closed
2026-09-15T20:56:17.300 WARN kycontroller::kymux_controller::server - Kynet accept failed: connection error: Endpoint closed
2026-09-15T20:56:17.300 WARN kycontroller::kymux_controller::server - Kynet accept failed: connection error: Endpoint closed
2026-09-15T20:56:17.300 WARN kycontroller::kymux_controller::server - Kynet accept failed: connection error: Endpoint closed
2026-09-15T20:56:17.300 WARN kycontroller::kymux_controller::server - Kynet accept failed: connection error: Endpoint closed
2026-09-15T20:56:17.300 WARN kycontroller::kymux_controller::server - Kynet accept failed: connection error: Endpoint closed
2026-09-15T20:56:17.300 WARN kycontroller::kymux_controller::server - Kynet accept failed: connection error: Endpoint closed
2026-09-15T20:56:17.300 WARN kycontroller::kymux_controller::server - Kynet accept failed: connection error: Endpoint closed
2026-09-15T20:56:17.300 WARN kycontroller::kymux_controller::server - Kynet accept failed: connection error: Endpoint closed
2026-09-15T20:56:17.300 WARN kycontroller::kymux_controller::server - Kynet accept failed: connection error: Endpoint closed
2026-09-15T20:56:17.300 WARN kycontroller::kymux_controller::server - Kynet accept failed: connection error: Endpoint closed
2026-09-15T20:56:17.301 WARN kycontroller::kymux_controller::server - Kynet accept failed: connection error: Endpoint closed
2026-09-15T20:56:17.301 WARN kycontroller::kymux_controller::server - Kynet accept failed: connection error: Endpoint closed
2026-09-15T20:56:17.301 WARN kycontroller::kymux_controller::server - Kynet accept failed: connection error: Endpoint closed
2026-09-15T20:56:17.301 WARN kycontroller::kymux_controller::server - Kynet accept failed: connection error: Endpoint closed
2026-09-15T20:56:17.301 WARN kycontroller::kymux_controller::server - Kynet accept failed: connection error: Endpoint closed
2026-09-15T20:56:17.301 WARN kycontroller::kymux_controller::server - Kynet accept failed: connection error: Endpoint closed
2026-09-15T20:56:17.301 WARN kycontroller::kymux_controller::server - Kynet accept failed: connection error: Endpoint closed
2026-09-15T20:56:17.301 WARN kycontroller::kymux_controller::server - Kynet accept failed: connection error: Endpoint closed
2026-09-15T20:56:17.301 WARN kycontroller::kymux_controller::server - Kynet accept failed: connection error: Endpoint closed
2026-09-15T20:56:17.301 WARN kycontroller::kymux_controller::server - Kynet accept failed: connection error: Endpoint closed
2026-09-15T20:56:17.301 WARN kycontroller::kymux_controller::server - Kynet accept failed: connection error: Endpoint closed
2026-09-15T20:56:17.301 WARN kycontroller::kymux_controller::server - Kynet accept failed: connection error: Endpoint closed
2026-09-15T20:56:17.301 WARN kycontroller::kymux_controller::server - Kynet accept failed: connection error: Endpoint closed
2026-09-15T20:56:17.301 WARN kycontroller::kymux_controller::server - Kynet accept failed: connection error: Endpoint closed
2026-09-15T20:56:17.301 WARN kycontroller::kymux_controller::server - Kynet accept failed: connection error: Endpoint closed
2026-09-15T20:56:17.301 WARN kycontroller::kymux_controller::server - Kynet accept failed: connection error: Endpoint closed
2026-09-15T20:56:17.301 WARN kycontroller::kymux_controller::server - Kynet accept failed: connection error: Endpoint closed
2026-09-15T20:56:17.301 WARN kycontroller::kymux_controller::server - Kynet accept failed: connection error: Endpoint closed
2026-09-15T20:56:17.301 WARN kycontroller::kymux_controller::server - Kynet accept failed: connection error: Endpoint closed
2026-09-15T20:56:17.301 WARN kycontroller::kymux_controller::server - Kynet accept failed: connection error: Endpoint closed
2026-09-15T20:56:17.301 WARN kycontroller::kymux_controller::server - Kynet accept failed: connection error: Endpoint closed
2026-09-15T20:56:17.301 WARN kycontroller::kymux_controller::server - Kynet accept failed: connection error: Endpoint closed
2026-09-15T20:56:17.301 WARN kycontroller::kymux_controller::server - Kynet accept failed: connection error: Endpoint closed
2026-09-15T20:56:17.301 WARN kycontroller::kymux_controller::server - Kynet accept failed: connection error: Endpoint closed
2026-09-15T20:56:17.301 WARN kycontroller::kymux_controller::server - Kynet accept failed: connection error: Endpoint closed
2026-09-15T20:56:17.301 WARN kycontroller::kymux_controller::server - Kynet accept failed: connection error: Endpoint closed
2026-09-15T20:56:17.301 WARN kycontroller::kymux_controller::server - Kynet accept failed: connection error: Endpoint closed
2026-09-15T20:56:17.301 WARN kycontroller::kymux_controller::server - Kynet accept failed: connection error: Endpoint closed
2026-09-15T20:56:17.301 WARN kycontroller::kymux_controller::server - Kynet accept failed: connection error: Endpoint closed
2026-09-15T20:56:17.301 WARN kycontroller::kymux_controller::server - Kynet accept failed: connection error: Endpoint closed
2026-09-15T20:56:17.301 WARN kycontroller::kymux_controller::server - Kynet accept failed: connection error: Endpoint closed
2026-09-15T20:56:17.301 WARN kycontroller::kymux_controller::server - Kynet accept failed: connection error: Endpoint closed
2026-09-15T20:56:17.301 WARN kycontroller::kymux_controller::server - Kynet accept failed: connection error: Endpoint closed
2026-09-15T20:56:17.301 WARN kycontroller::kymux_controller::server - Kynet accept failed: connection error: Endpoint closed
2026-09-15T20:56:17.301 WARN kycontroller::kymux_controller::server - Kynet accept failed: connection error: Endpoint closed
2026-09-15T20:56:17.301 WARN kycontroller::kymux_controller::server - Kynet accept failed: connection error: Endpoint closed
2026-09-15T20:56:17.301 WARN kycontroller::kymux_controller::server - Kynet accept failed: connection error: Endpoint closed
2026-09-15T20:56:17.301 WARN kycontroller::kymux_controller::server - Kynet accept failed: connection error: Endpoint closed
2026-09-15T20:56:17.301 WARN kycontroller::kymux_controller::server - Kynet accept failed: connection error: Endpoint closed
2026-09-15T20:56:17.301 WARN kycontroller::kymux_controller::server - Kynet accept failed: connection error: Endpoint closed
2026-09-15T20:56:17.301 WARN kycontroller::kymux_controller::server - Kynet accept failed: connection error: Endpoint closed
2026-09-15T20:56:17.301 WARN kycontroller::kymux_controller::server - Kynet accept failed: connection error: Endpoint closed
2026-09-15T20:56:17.301 WARN kycontroller::kymux_controller::server - Kynet accept failed: connection error: Endpoint closed
2026-09-15T20:56:17.301 WARN kycontroller::kymux_controller::server - Kynet accept failed: connection error: Endpoint closed
2026-09-15T20:56:17.301 WARN kycontroller::kymux_controller::server - Kynet accept failed: connection error: Endpoint closed
2026-09-15T20:56:17.301 WARN kycontroller::kymux_controller::server - Kynet accept failed: connection error: Endpoint closed
2026-09-15T20:56:17.301 WARN kycontroller::kymux_controller::server - Kynet accept failed: connection error: Endpoint closed
2026-09-15T20:56:17.301 WARN kycontroller::kymux_controller::server - Kynet accept failed: connection error: Endpoint closed
2026-09-15T20:56:17.301 WARN kycontroller::kymux_controller::server - Kynet accept failed: connection error: Endpoint closed
2026-09-15T20:56:17.301 WARN kycontroller::kymux_controller::server - Kynet accept failed: connection error: Endpoint closed
2026-09-15T20:56:17.301 WARN kycontroller::kymux_controller::server - Kynet accept failed: connection error: Endpoint closed
2026-09-15T20:56:17.301 WARN kycontroller::kymux_controller::server - Kynet accept failed: connection error: Endpoint closed
2026-09-15T20:56:17.301 WARN kycontroller::kymux_controller::server - Kynet accept failed: connection error: Endpoint closed
2026-09-15T20:56:17.301 WARN kycontroller::kymux_controller::server - Kynet accept failed: connection error: Endpoint closed
2026-09-15T20:56:17.301 WARN kycontroller::kymux_controller::server - Kynet accept failed: connection error: Endpoint closed
2026-09-15T20:56:17.301 WARN kycontroller::kymux_controller::server - Kynet accept failed: connection error: Endpoint closed
2026-09-15T20:56:17.301 WARN kycontroller::kymux_controller::server - Kynet accept failed: connection error: Endpoint closed
2026-09-15T20:56:17.301 WARN kycontroller::kymux_controller::server - Kynet accept failed: connection error: Endpoint closed
2026-09-15T20:56:17.301 WARN kycontroller::kymux_controller::server - Kynet accept failed: connection error: Endpoint closed
2026-09-15T20:56:17.301 WARN kycontroller::kymux_controller::server - Kynet accept failed: connection error: Endpoint closed
2026-09-15T20:56:17.301 WARN kycontroller::kymux_controller::server - Kynet accept failed: connection error: Endpoint closed
2026-09-15T20:56:17.301 WARN kycontroller::kymux_controller::server - Kynet accept failed: connection error: Endpoint closed
2026-09-15T20:56:17.301 WARN kycontroller::kymux_controller::server - Kynet accept failed: connection error: Endpoint closed
2026-09-15T20:56:17.301 WARN kycontroller::kymux_controller::server - Kynet accept failed: connection error: Endpoint closed
2026-09-15T20:56:17.301 WARN kycontroller::kymux_controller::server - Kynet accept failed: connection error: Endpoint closed
2026-09-15T20:56:17.301 WARN kycontroller::kymux_controller::server - Kynet accept failed: connection error: Endpoint closed
2026-09-15T20:56:17.301 WARN kycontroller::kymux_controller::server - Kynet accept failed: connection error: Endpoint closed
2026-09-15T20:56:17.301 WARN kycontroller::kymux_controller::server - Kynet accept failed: connection error: Endpoint closed
2026-09-15T20:56:17.301 WARN kycontroller::kymux_controller::server - Kynet accept failed: connection error: Endpoint closed
2026-09-15T20:56:17.301 WARN kycontroller::kymux_controller::server - Kynet accept failed: connection error: Endpoint closed
2026-09-15T20:56:17.301 WARN kycontroller::kymux_controller::server - Kynet accept failed: connection error: Endpoint closed
2026-09-15T20:56:17.301 WARN kycontroller::kymux_controller::server - Kynet accept failed: connection error: Endpoint closed
2026-09-15T20:56:17.301 WARN kycontroller::kymux_controller::server - Kynet accept failed: connection error: Endpoint closed
2026-09-15T20:56:17.301 WARN kycontroller::kymux_controller::server - Kynet accept failed: connection error: Endpoint closed
2026-09-15T20:56:17.301 WARN kycontroller::kymux_controller::server - Kynet accept failed: connection error: Endpoint closed
2026-09-15T20:56:17.301 WARN kycontroller::kymux_controller::server - Kynet accept failed: connection error: Endpoint closed
2026-09-15T20:56:17.301 WARN kycontroller::kymux_controller::server - Kynet accept failed: connection error: Endpoint closed
2026-09-15T20:56:17.301 WARN kycontroller::kymux_controller::server - Kynet accept failed: connection error: Endpoint closed
2026-09-15T20:56:17.301 WARN kycontroller::kymux_controller::server - Kynet accept failed: connection error: Endpoint closed
2026-09-15T20:56:17.301 WARN kycontroller::kymux_controller::server - Kynet accept failed: connection error: Endpoint closed
2026-09-15T20:56:17.301 WARN kycontroller::kymux_controller::server - Kynet accept failed: connection error: Endpoint closed
2026-09-15T20:56:17.301 WARN kycontroller::kymux_controller::server - Kynet accept failed: connection error: Endpoint closed
2026-09-15T20:56:17.301 WARN kycontroller::kymux_controller::server - Kynet accept failed: connection error: Endpoint closed
2026-09-15T20:56:17.301 WARN kycontroller::kymux_controller::server - Kynet accept failed: connection error: Endpoint closed
2026-09-15T20:56:17.301 WARN kycontroller::kymux_controller::server - Kynet accept failed: connection error: Endpoint closed
2026-09-15T20:56:17.301 WARN kycontroller::kymux_controller::server - Kynet accept failed: connection error: Endpoint closed
2026-09-15T20:56:17.301 WARN kycontroller::kymux_controller::server - Kynet accept failed: connection error: Endpoint closed
2026-09-15T20:56:17.302 WARN kycontroller::kymux_controller::server - Kynet accept failed: connection error: Endpoint closed
2026-09-15T20:56:17.302 WARN kycontroller::kymux_controller::server - Kynet accept failed: connection error: Endpoint closed
2026-09-15T20:56:17.302 WARN kycontroller::kymux_controller::server - Kynet accept failed: connection error: Endpoint closed
2026-09-15T20:56:17.302 WARN kycontroller::kymux_controller::server - Kynet accept failed: connection error: Endpoint closed
2026-09-15T20:56:17.302 WARN kycontroller::kymux_controller::server - Kynet accept failed: connection error: Endpoint closed
2026-09-15T20:56:17.302 WARN kycontroller::kymux_controller::server - Kynet accept failed: connection error: Endpoint closed
2026-09-15T20:56:17.302 WARN kycontroller::kymux_controller::server - Kynet accept failed: connection error: Endpoint closed
2026-09-15T20:56:17.302 WARN kycontroller::kymux_controller::server - Kynet accept failed: connection error: Endpoint closed
2026-09-15T20:56:17.302 WARN kycontroller::kymux_controller::server - Kynet accept failed: connection error: Endpoint closed
2026-09-15T20:56:17.302 WARN kycontroller::kymux_controller::server - Kynet accept failed: connection error: Endpoint closed
2026-09-15T20:56:17.302 WARN kycontroller::kymux_controller::server - Kynet accept failed: connection error: Endpoint closed
2026-09-15T20:56:17.302 WARN kycontroller::kymux_controller::server - Kynet accept failed: connection error: Endpoint closed
2026-09-15T20:56:17.302 WARN kycontroller::kymux_controller::server - Kynet accept failed: connection error: Endpoint closed
2026-09-15T20:56:17.302 WARN kycontroller::kymux_controller::server - Kynet accept failed: connection error: Endpoint closed
2026-09-15T20:56:17.302 WARN kycontroller::kymux_controller::server - Kynet accept failed: connection error: Endpoint closed
2026-09-15T20:56:17.302 WARN kycontroller::kymux_controller::server - Kynet accept failed: connection error: Endpoint closed
2026-09-15T20:56:17.302 WARN kycontroller::kymux_controller::server - Kynet accept failed: connection error: Endpoint closed
2026-09-15T20:56:17.302 WARN kycontroller::kymux_controller::server - Kynet accept failed: connection error: Endpoint closed
2026-09-15T20:56:17.302 WARN kycontroller::kymux_controller::server - Kynet accept failed: connection error: Endpoint closed
2026-09-15T20:56:17.302 WARN kycontroller::kymux_controller::server - Kynet accept failed: connection error: Endpoint closed
2026-09-15T20:56:17.302 WARN kycontroller::kymux_controller::server - Kynet accept failed: connection error: Endpoint closed
2026-09-15T20:56:17.302 WARN kycontroller::kymux_controller::server - Kynet accept failed: connection error: Endpoint closed
2026-09-15T20:56:17.302 WARN kycontroller::kymux_controller::server - Kynet accept failed: connection error: Endpoint closed
2026-09-15T20:56:17.302 WARN kycontroller::kymux_controller::server - Kynet accept failed: connection error: Endpoint closed
2026-09-15T20:56:17.302 WARN kycontroller::kymux_controller::server - Kynet accept failed: connection error: Endpoint closed
2026-09-15T20:56:17.302 WARN kycontroller::kymux_controller::server - Kynet accept failed: connection error: Endpoint closed
2026-09-15T20:56:17.302 WARN kycontroller::kymux_controller::server - Kynet accept failed: connection error: Endpoint closed
2026-09-15T20:56:17.302 WARN kycontroller::kymux_controller::server - Kynet accept failed: connection error: Endpoint closed
2026-09-15T20:56:17.302 WARN kycontroller::kymux_controller::server - Kynet accept failed: connection error: Endpoint closed
2026-09-15T20:56:17.302 WARN kycontroller::kymux_controller::server - Kynet accept failed: connection error: Endpoint closed
2026-09-15T20:56:17.302 WARN kycontroller::kymux_controller::server - Kynet accept failed: connection error: Endpoint closed
2026-09-15T20:56:17.302 WARN kycontroller::kymux_controller::server - Kynet accept failed: connection error: Endpoint closed
2026-09-15T20:56:17.302 WARN kycontroller::kymux_controller::server - Kynet accept failed: connection error: Endpoint closed
2026-09-15T20:56:17.302 WARN kycontroller::kymux_controller::server - Kynet accept failed: connection error: Endpoint closed
2026-09-15T20:56:17.302 WARN kycontroller::kymux_controller::server - Kynet accept failed: connection error: Endpoint closed
2026-09-15T20:56:17.302 WARN kycontroller::kymux_controller::server - Kynet accept failed: connection error: Endpoint closed
2026-09-15T20:56:17.302 WARN kycontroller::kymux_controller::server - Kynet accept failed: connection error: Endpoint closed
2026-09-15T20:56:17.302 WARN kycontroller::kymux_controller::server - Kynet accept failed: connection error: Endpoint closed
2026-09-15T20:56:17.302 WARN kycontroller::kymux_controller::server - Kynet accept failed: connection error: Endpoint closed
2026-09-15T20:56:17.302 WARN kycontroller::kymux_controller::server - Kynet accept failed: connection error: Endpoint closed
2026-09-15T20:56:17.302 WARN kycontroller::kymux_controller::server - Kynet accept failed: connection error: Endpoint closed
2026-09-15T20:56:17.302 WARN kycontroller::kymux_controller::server - Kynet accept failed: connection error: Endpoint closed
2026-09-15T20:56:17.302 WARN kycontroller::kymux_controller::server - Kynet accept failed: connection error: Endpoint closed
2026-09-15T20:56:17.302 WARN kycontroller::kymux_controller::server - Kynet accept failed: connection error: Endpoint closed
2026-09-15T20:56:17.302 WARN kycontroller::kymux_controller::server - Kynet accept failed: connection error: Endpoint closed
2026-09-15T20:56:17.302 WARN kycontroller::kymux_controller::server - Kynet accept failed: connection error: Endpoint closed
2026-09-15T20:56:17.302 WARN kycontroller::kymux_controller::server - Kynet accept failed: connection error: Endpoint closed
2026-09-15T20:56:17.302 WARN kycontroller::kymux_controller::server - Kynet accept failed: connection error: Endpoint closed
2026-09-15T20:56:17.302 WARN kycontroller::kymux_controller::server - Kynet accept failed: connection error: Endpoint closed
2026-09-15T20:56:17.302 WARN kycontroller::kymux_controller::server - Kynet accept failed: connection error: Endpoint closed
2026-09-15T20:56:17.302 WARN kycontroller::kymux_controller::server - Kynet accept failed: connection error: Endpoint closed
2026-09-15T20:56:17.302 WARN kycontroller::kymux_controller::server - Kynet accept failed: connection error: Endpoint closed
2026-09-15T20:56:17.302 WARN kycontroller::kymux_controller::server - Kynet accept failed: connection error: Endpoint closed
2026-09-15T20:56:17.302 WARN kycontroller::kymux_controller::server - Kynet accept failed: connection error: Endpoint closed
2026-09-15T20:56:17.302 WARN kycontroller::kymux_controller::server - Kynet accept failed: connection error: Endpoint closed
2026-09-15T20:56:17.302 WARN kycontroller::kymux_controller::server - Kynet accept failed: connection error: Endpoint closed
2026-09-15T20:56:17.302 WARN kycontroller::kymux_controller::server - Kynet accept failed: connection error: Endpoint closed
2026-09-15T20:56:17.302 WARN kycontroller::kymux_controller::server - Kynet accept failed: connection error: Endpoint closed
2026-09-15T20:56:17.302 WARN kycontroller::kymux_controller::server - Kynet accept failed: connection error: Endpoint closed
2026-09-15T20:56:17.302 WARN kycontroller::kymux_controller::server - Kynet accept failed: connection error: Endpoint closed
2026-09-15T20:56:17.302 WARN kycontroller::kymux_controller::server - Kynet accept failed: connection error: Endpoint closed
2026-09-15T20:56:17.302 WARN kycontroller::kymux_controller::server - Kynet accept failed: connection error: Endpoint closed
2026-09-15T20:56:17.302 WARN kycontroller::kymux_controller::server - Kynet accept failed: connection error: Endpoint closed
2026-09-15T20:56:17.302 WARN kycontroller::kymux_controller::server - Kynet accept failed: connection error: Endpoint closed
2026-09-15T20:56:17.302 WARN kycontroller::kymux_controller::server - Kynet accept failed: connection error: Endpoint closed
2026-09-15T20:56:17.302 WARN kycontroller::kymux_controller::server - Kynet accept failed: connection error: Endpoint closed
2026-09-15T20:56:17.302 WARN kycontroller::kymux_controller::server - Kynet accept failed: connection error: Endpoint closed
2026-09-15T20:56:17.302 WARN kycontroller::kymux_controller::server - Kynet accept failed: connection error: Endpoint closed
2026-09-15T20:56:17.302 WARN kycontroller::kymux_controller::server - Kynet accept failed: connection error: Endpoint closed
2026-09-15T20:56:17.302 WARN kycontroller::kymux_controller::server - Kynet accept failed: connection error: Endpoint closed
2026-09-15T20:56:17.302 WARN kycontroller::kymux_controller::server - Kynet accept failed: connection error: Endpoint closed
2026-09-15T20:56:17.302 WARN kycontroller::kymux_controller::server - Kynet accept failed: connection error: Endpoint closed
2026-09-15T20:56:17.302 WARN kycontroller::kymux_controller::server - Kynet accept failed: connection error: Endpoint closed
2026-09-15T20:56:17.302 WARN kycontroller::kymux_controller::server - Kynet accept failed: connection error: Endpoint closed
2026-09-15T20:56:17.302 WARN kycontroller::kymux_controller::server - Kynet accept failed: connection error: Endpoint closed
2026-09-15T20:56:17.302 WARN kycontroller::kymux_controller::server - Kynet accept failed: connection error: Endpoint closed
2026-09-15T20:56:17.302 WARN kycontroller::kymux_controller::server - Kynet accept failed: connection error: Endpoint closed
2026-09-15T20:56:17.302 WARN kycontroller::kymux_controller::server - Kynet accept failed: connection error: Endpoint closed
2026-09-15T20:56:17.302 WARN kycontroller::kymux_controller::server - Kynet accept failed: connection error: Endpoint closed
2026-09-15T20:56:17.302 WARN kycontroller::kymux_controller::server - Kynet accept failed: connection error: Endpoint closed
2026-09-15T20:56:17.302 WARN kycontroller::kymux_controller::server - Kynet accept failed: connection error: Endpoint closed
2026-09-15T20:56:17.302 WARN kycontroller::kymux_controller::server - Kynet accept failed: connection error: Endpoint closed
2026-09-15T20:56:17.302 WARN kycontroller::kymux_controller::server - Kynet accept failed: connection error: Endpoint closed
2026-09-15T20:56:17.302 WARN kycontroller::kymux_controller::server - Kynet accept failed: connection error: Endpoint closed
2026-09-15T20:56:17.302 WARN kycontroller::kymux_controller::server - Kynet accept failed: connection error: Endpoint closed
2026-09-15T20:56:17.302 WARN kycontroller::kymux_controller::server - Kynet accept failed: connection error: Endpoint closed
2026-09-15T20:56:17.302 WARN kycontroller::kymux_controller::server - Kynet accept failed: connection error: Endpoint closed
2026-09-15T20:56:17.302 WARN kycontroller::kymux_controller::server - Kynet accept failed: connection error: Endpoint closed
2026-09-15T20:56:17.302 WARN kycontroller::kymux_controller::server - Kynet accept failed: connection error: Endpoint closed
2026-09-15T20:56:17.302 WARN kycontroller::kymux_controller::server - Kynet accept failed: connection error: Endpoint closed
2026-09-15T20:56:17.302 WARN kycontroller::kymux_controller::server - Kynet accept failed: connection error: Endpoint closed
2026-09-15T20:56:17.302 WARN kycontroller::kymux_controller::server - Kynet accept failed: connection error: Endpoint closed
2026-09-15T20:56:17.302 WARN kycontroller::kymux_controller::server - Kynet accept failed: connection error: Endpoint closed
2026-09-15T20:56:17.303 WARN kycontroller::kymux_controller::server - Kynet accept failed: connection error: Endpoint closed
2026-09-15T20:56:17.303 WARN kycontroller::kymux_controller::server - Kynet accept failed: connection error: Endpoint closed
2026-09-15T20:56:17.303 WARN kycontroller::kymux_controller::server - Kynet accept failed: connection error: Endpoint closed
2026-09-15T20:56:17.303 WARN kycontroller::kymux_controller::server - Kynet accept failed: connection error: Endpoint closed
2026-09-15T20:56:17.303 WARN kycontroller::kymux_controller::server - Kynet accept failed: connection error: Endpoint closed
2026-09-15T20:56:17.303 WARN kycontroller::kymux_controller::server - Kynet accept failed: connection error: Endpoint closed
2026-09-15T20:56:17.303 WARN kycontroller::kymux_controller::server - Kynet accept failed: connection error: Endpoint closed
2026-09-15T20:56:17.303 WARN kycontroller::kymux_controller::server - Kynet accept failed: connection error: Endpoint closed
2026-09-15T20:56:17.303 WARN kycontroller::kymux_controller::server - Kynet accept failed: connection error: Endpoint closed
2026-09-15T20:56:17.303 WARN kycontroller::kymux_controller::server - Kynet accept failed: connection error: Endpoint closed
2026-09-15T20:56:17.303 WARN kycontroller::kymux_controller::server - Kynet accept failed: connection error: Endpoint closed
2026-09-15T20:56:17.303 WARN kycontroller::kymux_controller::server - Kynet accept failed: connection error: Endpoint closed
2026-09-15T20:56:17.303 WARN kycontroller::kymux_controller::server - Kynet accept failed: connection error: Endpoint closed
2026-09-15T20:56:17.303 WARN kycontroller::kymux_controller::server - Kynet accept failed: connection error: Endpoint closed
2026-09-15T20:56:17.303 WARN kycontroller::kymux_controller::server - Kynet accept failed: connection error: Endpoint closed
2026-09-15T20:56:17.303 WARN kycontroller::kymux_controller::server - Kynet accept failed: connection error: Endpoint closed
2026-09-15T20:56:17.303 WARN kycontroller::kymux_controller::server - Kynet accept failed: connection error: Endpoint closed
2026-09-15T20:56:17.303 WARN kycontroller::kymux_controller::server - Kynet accept failed: connection error: Endpoint closed
2026-09-15T20:56:17.303 WARN kycontroller::kymux_controller::server - Kynet accept failed: connection error: Endpoint closed
2026-09-15T20:56:17.303 WARN kycontroller::kymux_controller::server - Kynet accept failed: connection error: Endpoint closed
2026-09-15T20:56:17.303 WARN kycontroller::kymux_controller::server - Kynet accept failed: connection error: Endpoint closed
2026-09-15T20:56:17.303 WARN kycontroller::kymux_controller::server - Kynet accept failed: connection error: Endpoint closed
2026-09-15T20:56:17.303 WARN kycontroller::kymux_controller::server - Kynet accept failed: connection error: Endpoint closed
2026-09-15T20:56:17.303 WARN kycontroller::kymux_controller::server - Kynet accept failed: connection error: Endpoint closed
2026-09-15T20:56:17.303 WARN kycontroller::kymux_controller::server - Kynet accept failed: connection error: Endpoint closed
2026-09-15T20:56:17.303 WARN kycontroller::kymux_controller::server - Kynet accept failed: connection error: Endpoint closed
2026-09-15T20:56:17.303 WARN kycontroller::kymux_controller::server - Kynet accept failed: connection error: Endpoint closed
2026-09-15T20:56:17.303 WARN kycontroller::kymux_controller::server - Kynet accept failed: connection error: Endpoint closed
2026-09-15T20:56:17.303 WARN kycontroller::kymux_controller::server - Kynet accept failed: connection error: Endpoint closed
2026-09-15T20:56:17.303 WARN kycontroller::kymux_controller::server - Kynet accept failed: connection error: Endpoint closed
2026-09-15T20:56:17.303 WARN kycontroller::kymux_controller::server - Kynet accept failed: connection error: Endpoint closed
2026-09-15T20:56:17.303 WARN kycontroller::kymux_controller::server - Kynet accept failed: connection error: Endpoint closed
2026-09-15T20:56:17.303 WARN kycontroller::kymux_controller::server - Kynet accept failed: connection error: Endpoint closed
2026-09-15T20:56:17.303 WARN kycontroller::kymux_controller::server - Kynet accept failed: connection error: Endpoint closed
2026-09-15T20:56:17.303 WARN kycontroller::kymux_controller::server - Kynet accept failed: connection error: Endpoint closed
2026-09-15T20:56:17.303 WARN kycontroller::kymux_controller::server - Kynet accept failed: connection error: Endpoint closed
2026-09-15T20:56:17.303 WARN kycontroller::kymux_controller::server - Kynet accept failed: connection error: Endpoint closed
2026-09-15T20:56:17.303 WARN kycontroller::kymux_controller::server - Kynet accept failed: connection error: Endpoint closed
2026-09-15T20:56:17.303 WARN kycontroller::kymux_controller::server - Kynet accept failed: connection error: Endpoint closed
2026-09-15T20:56:17.303 WARN kycontroller::kymux_controller::server - Kynet accept failed: connection error: Endpoint closed
2026-09-15T20:56:17.303 WARN kycontroller::kymux_controller::server - Kynet accept failed: connection error: Endpoint closed
2026-09-15T20:56:17.303 WARN kycontroller::kymux_controller::server - Kynet accept failed: connection error: Endpoint closed
2026-09-15T20:56:17.303 WARN kycontroller::kymux_controller::server - Kynet accept failed: connection error: Endpoint closed
2026-09-15T20:56:17.303 WARN kycontroller::kymux_controller::server - Kynet accept failed: connection error: Endpoint closed
2026-09-15T20:56:17.303 WARN kycontroller::kymux_controller::server - Kynet accept failed: connection error: Endpoint closed
2026-09-15T20:56:17.303 WARN kycontroller::kymux_controller::server - Kynet accept failed: connection error: Endpoint closed
2026-09-15T20:56:17.303 WARN kycontroller::kymux_controller::server - Kynet accept failed: connection error: Endpoint closed
2026-09-15T20:56:17.303 WARN kycontroller::kymux_controller::server - Kynet accept failed: connection error: Endpoint closed
2026-09-15T20:56:17.303 WARN kycontroller::kymux_controller::server - Kynet accept failed: connection error: Endpoint closed
2026-09-15T20:56:17.303 WARN kycontroller::kymux_controller::server - Kynet accept failed: connection error: Endpoint closed
2026-09-15T20:56:17.303 WARN kycontroller::kymux_controller::server - Kynet accept failed: connection error: Endpoint closed
2026-09-15T20:56:17.303 WARN kycontroller::kymux_controller::server - Kynet accept failed: connection error: Endpoint closed
2026-09-15T20:56:17.303 WARN kycontroller::kymux_controller::server - Kynet accept failed: connection error: Endpoint closed
2026-09-15T20:56:17.303 WARN kycontroller::kymux_controller::server - Kynet accept failed: connection error: Endpoint closed
2026-09-15T20:56:17.303 WARN kycontroller::kymux_controller::server - Kynet accept failed: connection error: Endpoint closed
2026-09-15T20:56:17.303 WARN kycontroller::kymux_controller::server - Kynet accept failed: connection error: Endpoint closed
2026-09-15T20:56:17.303 WARN kycontroller::kymux_controller::server - Kynet accept failed: connection error: Endpoint closed
2026-09-15T20:56:17.303 WARN kycontroller::kymux_controller::server - Kynet accept failed: connection error: Endpoint closed
2026-09-15T20:56:17.303 WARN kycontroller::kymux_controller::server - Kynet accept failed: connection error: Endpoint closed
2026-09-15T20:56:17.303 WARN kycontroller::kymux_controller::server - Kynet accept failed: connection error: Endpoint closed
2026-09-15T20:56:17.303 WARN kycontroller::kymux_controller::server - Kynet accept failed: connection error: Endpoint closed
2026-09-15T20:56:17.303 WARN kycontroller::kymux_controller::server - Kynet accept failed: connection error: Endpoint closed
2026-09-15T20:56:17.303 WARN kycontroller::kymux_controller::server - Kynet accept failed: connection error: Endpoint closed
2026-09-15T20:56:17.303 WARN kycontroller::kymux_controller::server - Kynet accept failed: connection error: Endpoint closed
2026-09-15T20:56:17.303 WARN kycontroller::kymux_controller::server - Kynet accept failed: connection error: Endpoint closed
2026-09-15T20:56:17.303 WARN kycontroller::kymux_controller::server - Kynet accept failed: connection error: Endpoint closed
2026-09-15T20:56:17.303 WARN kycontroller::kymux_controller::server - Kynet accept failed: connection error: Endpoint closed
2026-09-15T20:56:17.303 WARN kycontroller::kymux_controller::server - Kynet accept failed: connection error: Endpoint closed
2026-09-15T20:56:17.303 WARN kycontroller::kymux_controller::server - Kynet accept failed: connection error: Endpoint closed
2026-09-15T20:56:17.303 WARN kycontroller::kymux_controller::server - Kynet accept failed: connection error: Endpoint closed
2026-09-15T20:56:17.303 WARN kycontroller::kymux_controller::server - Kynet accept failed: connection error: Endpoint closed
2026-09-15T20:56:17.303 WARN kycontroller::kymux_controller::server - Kynet accept failed: connection error: Endpoint closed
2026-09-15T20:56:17.303 WARN kycontroller::kymux_controller::server - Kynet accept failed: connection error: Endpoint closed
2026-09-15T20:56:17.303 WARN kycontroller::kymux_controller::server - Kynet accept failed: connection error: Endpoint closed
2026-09-15T20:56:17.303 WARN kycontroller::kymux_controller::server - Kynet accept failed: connection error: Endpoint closed
2026-09-15T20:56:17.303 WARN kycontroller::kymux_controller::server - Kynet accept failed: connection error: Endpoint closed
2026-09-15T20:56:17.303 WARN kycontroller::kymux_controller::server - Kynet accept failed: connection error: Endpoint closed
2026-09-15T20:56:17.303 WARN kycontroller::kymux_controller::server - Kynet accept failed: connection error: Endpoint closed
2026-09-15T20:56:17.303 WARN kycontroller::kymux_controller::server - Kynet accept failed: connection error: Endpoint closed
2026-09-15T20:56:17.303 WARN kycontroller::kymux_controller::server - Kynet accept failed: connection error: Endpoint closed
2026-09-15T20:56:17.303 WARN kycontroller::kymux_controller::server - Kynet accept failed: connection error: Endpoint closed
2026-09-15T20:56:17.303 WARN kycontroller::kymux_controller::server - Kynet accept failed: connection error: Endpoint closed
2026-09-15T20:56:17.303 WARN kycontroller::kymux_controller::server - Kynet accept failed: connection error: Endpoint closed
2026-09-15T20:56:17.303 WARN kycontroller::kymux_controller::server - Kynet accept failed: connection error: Endpoint closed
2026-09-15T20:56:17.303 WARN kycontroller::kymux_controller::server - Kynet accept failed: connection error: Endpoint closed
2026-09-15T20:56:17.303 WARN kycontroller::kymux_controller::server - Kynet accept failed: connection error: Endpoint closed
2026-09-15T20:56:17.303 WARN kycontroller::kymux_controller::server - Kynet accept failed: connection error: Endpoint closed
2026-09-15T20:56:17.303 WARN kycontroller::kymux_controller::server - Kynet accept failed: connection error: Endpoint closed
2026-09-15T20:56:17.303 WARN kycontroller::kymux_controller::server - Kynet accept failed: connection error: Endpoint closed
2026-09-15T20:56:17.303 WARN kycontroller::kymux_controller::server - Kynet accept failed: connection error: Endpoint closed
2026-09-15T20:56:17.303 WARN kycontroller::kymux_controller::server - Kynet accept failed: connection error: Endpoint closed
2026-09-15T20:56:17.303 WARN kycontroller::kymux_controller::server - Kynet accept failed: connection error: Endpoint closed
2026-09-15T20:56:17.303 WARN kycontroller::kymux_controller::server - Kynet accept failed: connection error: Endpoint closed
2026-09-15T20:56:17.303 WARN kycontroller::kymux_controller::server - Kynet accept failed: connection error: Endpoint closed
2026-09-15T20:56:17.304 WARN kycontroller::kymux_controller::server - Kynet accept failed: connection error: Endpoint closed
2026-09-15T20:56:17.304 WARN kycontroller::kymux_controller::server - Kynet accept failed: connection error: Endpoint closed
2026-09-15T20:56:17.304 WARN kycontroller::kymux_controller::server - Kynet accept failed: connection error: Endpoint closed
2026-09-15T20:56:17.304 WARN kycontroller::kymux_controller::server - Kynet accept failed: connection error: Endpoint closed
2026-09-15T20:56:17.304 WARN kycontroller::kymux_controller::server - Kynet accept failed: connection error: Endpoint closed
2026-09-15T20:56:17.304 WARN kycontroller::kymux_controller::server - Kynet accept failed: connection error: Endpoint closed
2026-09-15T20:56:17.304 WARN kycontroller::kymux_controller::server - Kynet accept failed: connection error: Endpoint closed
2026-09-15T20:56:17.304 WARN kycontroller::kymux_controller::server - Kynet accept failed: connection error: Endpoint closed
2026-09-15T20:56:17.304 WARN kycontroller::kymux_controller::server - Kynet accept failed: connection error: Endpoint closed
2026-09-15T20:56:17.304 WARN kycontroller::kymux_controller::server - Kynet accept failed: connection error: Endpoint closed
2026-09-15T20:56:17.304 WARN kycontroller::kymux_controller::server - Kynet accept failed: connection error: Endpoint closed
2026-09-15T20:56:17.304 WARN kycontroller::kymux_controller::server - Kynet accept failed: connection error: Endpoint closed
2026-09-15T20:56:17.304 WARN kycontroller::kymux_controller::server - Kynet accept failed: connection error: Endpoint closed
2026-09-15T20:56:17.304 WARN kycontroller::kymux_controller::server - Kynet accept failed: connection error: Endpoint closed
2026-09-15T20:56:17.304 WARN kycontroller::kymux_controller::server - Kynet accept failed: connection error: Endpoint closed
2026-09-15T20:56:17.304 WARN kycontroller::kymux_controller::server - Kynet accept failed: connection error: Endpoint closed
2026-09-15T20:56:17.304 WARN kycontroller::kymux_controller::server - Kynet accept failed: connection error: Endpoint closed
2026-09-15T20:56:17.304 WARN kycontroller::kymux_controller::server - Kynet accept failed: connection error: Endpoint closed
2026-09-15T20:56:17.304 WARN kycontroller::kymux_controller::server - Kynet accept failed: connection error: Endpoint closed
2026-09-15T20:56:17.304 WARN kycontroller::kymux_controller::server - Kynet accept failed: connection error: Endpoint closed
2026-09-15T20:56:17.304 WARN kycontroller::kymux_controller::server - Kynet accept failed: connection error: Endpoint closed
2026-09-15T20:56:17.304 WARN kycontroller::kymux_controller::server - Kynet accept failed: connection error: Endpoint closed
2026-09-15T20:56:17.304 WARN kycontroller::kymux_controller::server - Kynet accept failed: connection error: Endpoint closed
2026-09-15T20:56:17.304 WARN kycontroller::kymux_controller::server - Kynet accept failed: connection error: Endpoint closed
2026-09-15T20:56:17.304 WARN kycontroller::kymux_controller::server - Kynet accept failed: connection error: Endpoint closed
2026-09-15T20:56:17.304 WARN kycontroller::kymux_controller::server - Kynet accept failed: connection error: Endpoint closed
2026-09-15T20:56:17.304 WARN kycontroller::kymux_controller::server - Kynet accept failed: connection error: Endpoint closed
2026-09-15T20:56:17.304 WARN kycontroller::kymux_controller::server - Kynet accept failed: connection error: Endpoint closed
2026-09-15T20:56:17.304 WARN kycontroller::kymux_controller::server - Kynet accept failed: connection error: Endpoint closed
2026-09-15T20:56:17.304 WARN kycontroller::kymux_controller::server - Kynet accept failed: connection error: Endpoint closed
2026-09-15T20:56:17.304 WARN kycontroller::kymux_controller::server - Kynet accept failed: connection error: Endpoint closed
2026-09-15T20:56:17.304 WARN kycontroller::kymux_controller::server - Kynet accept failed: connection error: Endpoint closed
2026-09-15T20:56:17.304 WARN kycontroller::kymux_controller::server - Kynet accept failed: connection error: Endpoint closed
2026-09-15T20:56:17.304 WARN kycontroller::kymux_controller::server - Kynet accept failed: connection error: Endpoint closed
2026-09-15T20:56:17.304 WARN kycontroller::kymux_controller::server - Kynet accept failed: connection error: Endpoint closed
2026-09-15T20:56:17.304 WARN kycontroller::kymux_controller::server - Kynet accept failed: connection error: Endpoint closed
2026-09-15T20:56:17.304 WARN kycontroller::kymux_controller::server - Kynet accept failed: connection error: Endpoint closed
2026-09-15T20:56:17.304 WARN kycontroller::kymux_controller::server - Kynet accept failed: connection error: Endpoint closed
2026-09-15T20:56:17.304 WARN kycontroller::kymux_controller::server - Kynet accept failed: connection error: Endpoint closed
2026-09-15T20:56:17.304 WARN kycontroller::kymux_controller::server - Kynet accept failed: connection error: Endpoint closed
2026-09-15T20:56:17.304 WARN kycontroller::kymux_controller::server - Kynet accept failed: connection error: Endpoint closed
2026-09-15T20:56:17.304 WARN kycontroller::kymux_controller::server - Kynet accept failed: connection error: Endpoint closed
2026-09-15T20:56:17.304 WARN kycontroller::kymux_controller::server - Kynet accept failed: connection error: Endpoint closed
2026-09-15T20:56:17.304 WARN kycontroller::kymux_controller::server - Kynet accept failed: connection error: Endpoint closed
2026-09-15T20:56:17.304 WARN kycontroller::kymux_controller::server - Kynet accept failed: connection error: Endpoint closed
2026-09-15T20:56:17.304 WARN kycontroller::kymux_controller::server - Kynet accept failed: connection error: Endpoint closed
2026-09-15T20:56:17.304 WARN kycontroller::kymux_controller::server - Kynet accept failed: connection error: Endpoint closed
2026-09-15T20:56:17.304 WARN kycontroller::kymux_controller::server - Kynet accept failed: connection error: Endpoint closed
2026-09-15T20:56:17.304 WARN kycontroller::kymux_controller::server - Kynet accept failed: connection error: Endpoint closed
2026-09-15T20:56:17.304 WARN kycontroller::kymux_controller::server - Kynet accept failed: connection error: Endpoint closed
2026-09-15T20:56:17.304 WARN kycontroller::kymux_controller::server - Kynet accept failed: connection error: Endpoint closed
2026-09-15T20:56:17.304 WARN kycontroller::kymux_controller::server - Kynet accept failed: connection error: Endpoint closed
2026-09-15T20:56:17.304 WARN kycontroller::kymux_controller::server - Kynet accept failed: connection error: Endpoint closed
2026-09-15T20:56:17.304 WARN kycontroller::kymux_controller::server - Kynet accept failed: connection error: Endpoint closed
2026-09-15T20:56:17.304 WARN kycontroller::kymux_controller::server - Kynet accept failed: connection error: Endpoint closed
2026-09-15T20:56:17.304 WARN kycontroller::kymux_controller::server - Kynet accept failed: connection error: Endpoint closed
2026-09-15T20:56:17.304 WARN kycontroller::kymux_controller::server - Kynet accept failed: connection error: Endpoint closed
2026-09-15T20:56:17.304 WARN kycontroller::kymux_controller::server - Kynet accept failed: connection error: Endpoint closed
2026-09-15T20:56:17.304 WARN kycontroller::kymux_controller::server - Kynet accept failed: connection error: Endpoint closed
2026-09-15T20:56:17.304 WARN kycontroller::kymux_controller::server - Kynet accept failed: connection error: Endpoint closed
2026-09-15T20:56:17.304 WARN kycontroller::kymux_controller::server - Kynet accept failed: connection error: Endpoint closed
2026-09-15T20:56:17.304 WARN kycontroller::kymux_controller::server - Kynet accept failed: connection error: Endpoint closed
2026-09-15T20:56:17.304 WARN kycontroller::kymux_controller::server - Kynet accept failed: connection error: Endpoint closed
2026-09-15T20:56:17.304 WARN kycontroller::kymux_controller::server - Kynet accept failed: connection error: Endpoint closed
2026-09-15T20:56:17.304 WARN kycontroller::kymux_controller::server - Kynet accept failed: connection error: Endpoint closed
2026-09-15T20:56:17.304 WARN kycontroller::kymux_controller::server - Kynet accept failed: connection error: Endpoint closed
2026-09-15T20:56:17.304 WARN kycontroller::kymux_controller::server - Kynet accept failed: connection error: Endpoint closed
2026-09-15T20:56:17.304 WARN kycontroller::kymux_controller::server - Kynet accept failed: connection error: Endpoint closed
2026-09-15T20:56:17.304 WARN kycontroller::kymux_controller::server - Kynet accept failed: connection error: Endpoint closed
2026-09-15T20:56:17.304 WARN kycontroller::kymux_controller::server - Kynet accept failed: connection error: Endpoint closed
2026-09-15T20:56:17.304 WARN kycontroller::kymux_controller::server - Kynet accept failed: connection error: Endpoint closed
2026-09-15T20:56:17.304 WARN kycontroller::kymux_controller::server - Kynet accept failed: connection error: Endpoint closed
2026-09-15T20:56:17.304 WARN kycontroller::kymux_controller::server - Kynet accept failed: connection error: Endpoint closed
2026-09-15T20:56:17.304 WARN kycontroller::kymux_controller::server - Kynet accept failed: connection error: Endpoint closed
2026-09-15T20:56:17.304 WARN kycontroller::kymux_controller::server - Kynet accept failed: connection error: Endpoint closed
2026-09-15T20:56:17.304 WARN kycontroller::kymux_controller::server - Kynet accept failed: connection error: Endpoint closed
2026-09-15T20:56:17.304 WARN kycontroller::kymux_controller::server - Kynet accept failed: connection error: Endpoint closed
2026-09-15T20:56:17.304 WARN kycontroller::kymux_controller::server - Kynet accept failed: connection error: Endpoint closed
2026-09-15T20:56:17.304 WARN kycontroller::kymux_controller::server - Kynet accept failed: connection error: Endpoint closed
2026-09-15T20:56:17.304 WARN kycontroller::kymux_controller::server - Kynet accept failed: connection error: Endpoint closed
2026-09-15T20:56:17.304 WARN kycontroller::kymux_controller::server - Kynet accept failed: connection error: Endpoint closed
2026-09-15T20:56:17.304 WARN kycontroller::kymux_controller::server - Kynet accept failed: connection error: Endpoint closed
2026-09-15T20:56:17.304 WARN kycontroller::kymux_controller::server - Kynet accept failed: connection error: Endpoint closed
2026-09-15T20:56:17.304 WARN kycontroller::kymux_controller::server - Kynet accept failed: connection error: Endpoint closed
2026-09-15T20:56:17.304 WARN kycontroller::kymux_controller::server - Kynet accept failed: connection error: Endpoint closed
2026-09-15T20:56:17.304 WARN kycontroller::kymux_controller::server - Kynet accept failed: connection error: Endpoint closed
2026-09-15T20:56:17.304 WARN kycontroller::kymux_controller::server - Kynet accept failed: connection error: Endpoint closed
2026-09-15T20:56:17.304 WARN libkypc::commander - Commander Rx task ended with error: IpcIOError { source: Kind(UnexpectedEof) }
2026-09-15T20:56:17.305 INFO kycom::server - VideoServerProtocol forwarder ended with result ProtocolError("Une connexion existante a dû être fermée par l’hôte distant. (os error 10054)")
2026-09-15T20:56:17.305 WARN kycontroller::kymux_controller::server - Kynet accept failed: connection error: Endpoint closed
2026-09-15T20:56:17.305 WARN kycontroller::kymux_controller::server - Kynet accept failed: connection error: Endpoint closed
2026-09-15T20:56:17.305 WARN kycontroller::kymux_controller::server - Kynet accept failed: connection error: Endpoint closed
2026-09-15T20:56:17.305 WARN kycontroller::kymux_controller::server - Kynet accept failed: connection error: Endpoint closed
2026-09-15T20:56:17.305 WARN kycontroller::kymux_controller::server - Kynet accept failed: connection error: Endpoint closed
2026-09-15T20:56:17.305 WARN kycontroller::kymux_controller::server - Kynet accept failed: connection error: Endpoint closed
2026-09-15T20:56:17.305 WARN kycontroller::kymux_controller::server - Kynet accept failed: connection error: Endpoint closed
2026-09-15T20:56:17.305 WARN kycontroller::kymux_controller::server - Kynet accept failed: connection error: Endpoint closed
2026-09-15T20:56:17.305 WARN kycontroller::kymux_controller::server - Kynet accept failed: connection error: Endpoint closed
2026-09-15T20:56:17.305 WARN kycontroller::kymux_controller::server - Kynet accept failed: connection error: Endpoint closed
2026-09-15T20:56:17.305 WARN kycontroller::kymux_controller::server - Kynet accept failed: connection error: Endpoint closed
2026-09-15T20:56:17.305 WARN kycontroller::kymux_controller::server - Kynet accept failed: connection error: Endpoint closed
2026-09-15T20:56:17.305 WARN kycontroller::kymux_controller::server - Kynet accept failed: connection error: Endpoint closed
2026-09-15T20:56:17.305 WARN kycontroller::kymux_controller::server - Kynet accept failed: connection error: Endpoint closed
2026-09-15T20:56:17.305 WARN kycontroller::kymux_controller::server - Kynet accept failed: connection error: Endpoint closed
2026-09-15T20:56:17.305 WARN kycontroller::kymux_controller::server - Kynet accept failed: connection error: Endpoint closed
2026-09-15T20:56:17.305 WARN kycontroller::kymux_controller::server - Kynet accept failed: connection error: Endpoint closed
2026-09-15T20:56:17.305 WARN kycontroller::kymux_controller::server - Kynet accept failed: connection error: Endpoint closed
2026-09-15T20:56:17.305 WARN kycontroller::kymux_controller::server - Kynet accept failed: connection error: Endpoint closed
2026-09-15T20:56:17.305 WARN kycontroller::kymux_controller::server - Kynet accept failed: connection error: Endpoint closed
2026-09-15T20:56:17.305 WARN kycontroller::kymux_controller::server - Kynet accept failed: connection error: Endpoint closed
2026-09-15T20:56:17.305 WARN kycontroller::kymux_controller::server - Kynet accept failed: connection error: Endpoint closed
2026-09-15T20:56:17.305 WARN kycontroller::kymux_controller::server - Kynet accept failed: connection error: Endpoint closed
2026-09-15T20:56:17.305 WARN kycontroller::kymux_controller::server - Kynet accept failed: connection error: Endpoint closed
2026-09-15T20:56:17.305 WARN kycontroller::kymux_controller::server - Kynet accept failed: connection error: Endpoint closed
2026-09-15T20:56:17.305 WARN kycontroller::kymux_controller::server - Kynet accept failed: connection error: Endpoint closed
2026-09-15T20:56:17.305 WARN kycontroller::kymux_controller::server - Kynet accept failed: connection error: Endpoint closed
2026-09-15T20:56:17.305 WARN kycontroller::kymux_controller::server - Kynet accept failed: connection error: Endpoint closed
2026-09-15T20:56:17.305 WARN kycontroller::kymux_controller::server - Kynet accept failed: connection error: Endpoint closed
2026-09-15T20:56:17.305 WARN kycontroller::kymux_controller::server - Kynet accept failed: connection error: Endpoint closed
2026-09-15T20:56:17.305 WARN kycontroller::kymux_controller::server - Kynet accept failed: connection error: Endpoint closed
2026-09-15T20:56:17.305 WARN kycontroller::kymux_controller::server - Kynet accept failed: connection error: Endpoint closed
2026-09-15T20:56:17.305 WARN kycontroller::kymux_controller::server - Kynet accept failed: connection error: Endpoint closed
2026-09-15T20:56:17.305 WARN kycontroller::kymux_controller::server - Kynet accept failed: connection error: Endpoint closed
2026-09-15T20:56:17.305 WARN kycontroller::kymux_controller::server - Kynet accept failed: connection error: Endpoint closed
2026-09-15T20:56:17.305 WARN kycontroller::kymux_controller::server - Kynet accept failed: connection error: Endpoint closed
2026-09-15T20:56:17.305 WARN kycontroller::kymux_controller::server - Kynet accept failed: connection error: Endpoint closed
2026-09-15T20:56:17.305 WARN kycontroller::kymux_controller::server - Kynet accept failed: connection error: Endpoint closed
2026-09-15T20:56:17.305 WARN kycontroller::kymux_controller::server - Kynet accept failed: connection error: Endpoint closed
2026-09-15T20:56:17.305 WARN kycontroller::kymux_controller::server - Kynet accept failed: connection error: Endpoint closed
2026-09-15T20:56:17.305 WARN kycontroller::kymux_controller::server - Kynet accept failed: connection error: Endpoint closed
2026-09-15T20:56:17.305 WARN kycontroller::kymux_controller::server - Kynet accept failed: connection error: Endpoint closed
2026-09-15T20:56:17.305 WARN kycontroller::kymux_controller::server - Kynet accept failed: connection error: Endpoint closed
2026-09-15T20:56:17.305 WARN kycontroller::kymux_controller::server - Kynet accept failed: connection error: Endpoint closed
2026-09-15T20:56:17.305 WARN kycontroller::kymux_controller::server - Kynet accept failed: connection error: Endpoint closed
2026-09-15T20:56:17.305 WARN kycontroller::kymux_controller::server - Kynet accept failed: connection error: Endpoint closed
2026-09-15T20:56:17.305 WARN kycontroller::kymux_controller::server - Kynet accept failed: connection error: Endpoint closed
2026-09-15T20:56:17.305 WARN kycontroller::kymux_controller::server - Kynet accept failed: connection error: Endpoint closed
2026-09-15T20:56:17.305 WARN kycontroller::kymux_controller::server - Kynet accept failed: connection error: Endpoint closed
2026-09-15T20:56:17.305 WARN kycontroller::kymux_controller::server - Kynet accept failed: connection error: Endpoint closed
2026-09-15T20:56:17.305 WARN kycontroller::kymux_controller::server - Kynet accept failed: connection error: Endpoint closed
2026-09-15T20:56:17.305 WARN kycontroller::kymux_controller::server - Kynet accept failed: connection error: Endpoint closed
2026-09-15T20:56:17.305 WARN kycontroller::kymux_controller::server - Kynet accept failed: connection error: Endpoint closed
2026-09-15T20:56:17.305 WARN kycontroller::kymux_controller::server - Kynet accept failed: connection error: Endpoint closed
2026-09-15T20:56:17.305 WARN kycontroller::kymux_controller::server - Kynet accept failed: connection error: Endpoint closed
2026-09-15T20:56:17.305 WARN kycontroller::kymux_controller::server - Kynet accept failed: connection error: Endpoint closed
2026-09-15T20:56:17.305 WARN kycontroller::kymux_controller::server - Kynet accept failed: connection error: Endpoint closed
2026-09-15T20:56:17.305 WARN kycontroller::kymux_controller::server - Kynet accept failed: connection error: Endpoint closed
2026-09-15T20:56:17.305 WARN kycontroller::kymux_controller::server - Kynet accept failed: connection error: Endpoint closed
2026-09-15T20:56:17.305 WARN kycontroller::kymux_controller::server - Kynet accept failed: connection error: Endpoint closed
2026-09-15T20:56:17.305 WARN kycontroller::kymux_controller::server - Kynet accept failed: connection error: Endpoint closed
2026-09-15T20:56:17.305 WARN kycontroller::kymux_controller::server - Kynet accept failed: connection error: Endpoint closed
2026-09-15T20:56:17.305 WARN kycontroller::kymux_controller::server - Kynet accept failed: connection error: Endpoint closed
2026-09-15T20:56:17.306 WARN kycontroller::kymux_controller::server - Kynet accept failed: connection error: Endpoint closed
2026-09-15T20:56:17.306 WARN kycontroller::kymux_controller::server - Kynet accept failed: connection error: Endpoint closed
2026-09-15T20:56:17.306 WARN kycontroller::kymux_controller::server - Kynet accept failed: connection error: Endpoint closed
2026-09-15T20:56:17.306 WARN kycontroller::kymux_controller::server - Kynet accept failed: connection error: Endpoint closed
2026-09-15T20:56:17.306 WARN kycontroller::kymux_controller::server - Kynet accept failed: connection error: Endpoint closed
2026-09-15T20:56:17.306 WARN kycontroller::kymux_controller::server - Kynet accept failed: connection error: Endpoint closed
2026-09-15T20:56:17.306 WARN kycontroller::kymux_controller::server - Kynet accept failed: connection error: Endpoint closed
2026-09-15T20:56:17.306 WARN kycontroller::kymux_controller::server - Kynet accept failed: connection error: Endpoint closed
2026-09-15T20:56:17.306 WARN kycontroller::kymux_controller::server - Kynet accept failed: connection error: Endpoint closed
2026-09-15T20:56:17.306 WARN kycontroller::kymux_controller::server - Kynet accept failed: connection error: Endpoint closed
2026-09-15T20:56:17.306 WARN kycontroller::kymux_controller::server - Kynet accept failed: connection error: Endpoint closed
2026-09-15T20:56:17.306 WARN kycontroller::kymux_controller::server - Kynet accept failed: connection error: Endpoint closed
2026-09-15T20:56:17.306 WARN kycontroller::kymux_controller::server - Kynet accept failed: connection error: Endpoint closed
2026-09-15T20:56:17.306 WARN kycontroller::kymux_controller::server - Kynet accept failed: connection error: Endpoint closed
2026-09-15T20:56:17.306 WARN kycontroller::kymux_controller::server - Kynet accept failed: connection error: Endpoint closed
2026-09-15T20:56:17.306 WARN kycontroller::kymux_controller::server - Kynet accept failed: connection error: Endpoint closed
2026-09-15T20:56:17.306 WARN kycontroller::kymux_controller::server - Kynet accept failed: connection error: Endpoint closed
2026-09-15T20:56:17.306 WARN kycontroller::kymux_controller::server - Kynet accept failed: connection error: Endpoint closed
2026-09-15T20:56:17.306 WARN kycontroller::kymux_controller::server - Kynet accept failed: connection error: Endpoint closed
2026-09-15T20:56:17.306 WARN kycontroller::kymux_controller::server - Kynet accept failed: connection error: Endpoint closed
2026-09-15T20:56:17.306 WARN kycontroller::kymux_controller::server - Kynet accept failed: connection error: Endpoint closed
2026-09-15T20:56:17.306 WARN kycontroller::kymux_controller::server - Kynet accept failed: connection error: Endpoint closed
2026-09-15T20:56:17.306 WARN kycontroller::kymux_controller::server - Kynet accept failed: connection error: Endpoint closed
2026-09-15T20:56:17.306 WARN kycontroller::kymux_controller::server - Kynet accept failed: connection error: Endpoint closed
2026-09-15T20:56:17.306 WARN kycontroller::kymux_controller::server - Kynet accept failed: connection error: Endpoint closed
2026-09-15T20:56:17.306 WARN kycontroller::kymux_controller::server - Kynet accept failed: connection error: Endpoint closed
2026-09-15T20:56:17.306 WARN kycontroller::kymux_controller::server - Kynet accept failed: connection error: Endpoint closed
2026-09-15T20:56:17.306 WARN kycontroller::kymux_controller::server - Kynet accept failed: connection error: Endpoint closed
2026-09-15T20:56:17.306 WARN kycontroller::kymux_controller::server - Kynet accept failed: connection error: Endpoint closed
2026-09-15T20:56:17.306 WARN kycontroller::kymux_controller::server - Kynet accept failed: connection error: Endpoint closed
2026-09-15T20:56:17.306 WARN kycontroller::kymux_controller::server - Kynet accept failed: connection error: Endpoint closed
2026-09-15T20:56:17.306 WARN kycontroller::kymux_controller::server - Kynet accept failed: connection error: Endpoint closed
2026-09-15T20:56:17.306 WARN kycontroller::kymux_controller::server - Kynet accept failed: connection error: Endpoint closed
2026-09-15T20:56:17.306 WARN kycontroller::kymux_controller::server - Kynet accept failed: connection error: Endpoint closed
2026-09-15T20:56:17.306 WARN kycontroller::kymux_controller::server - Kynet accept failed: connection error: Endpoint closed
2026-09-15T20:56:17.306 WARN kycontroller::kymux_controller::server - Kynet accept failed: connection error: Endpoint closed
2026-09-15T20:56:17.306 WARN kycontroller::kymux_controller::server - Kynet accept failed: connection error: Endpoint closed
2026-09-15T20:56:17.306 WARN kycontroller::kymux_controller::server - Kynet accept failed: connection error: Endpoint closed
2026-09-15T20:56:17.306 WARN kycontroller::kymux_controller::server - Kynet accept failed: connection error: Endpoint closed
2026-09-15T20:56:17.306 WARN kycontroller::kymux_controller::server - Kynet accept failed: connection error: Endpoint closed
2026-09-15T20:56:17.306 WARN kycontroller::kymux_controller::server - Kynet accept failed: connection error: Endpoint closed
2026-09-15T20:56:17.306 WARN kycontroller::kymux_controller::server - Kynet accept failed: connection error: Endpoint closed
2026-09-15T20:56:17.306 WARN kycontroller::kymux_controller::server - Kynet accept failed: connection error: Endpoint closed
2026-09-15T20:56:17.306 WARN kycontroller::kymux_controller::server - Kynet accept failed: connection error: Endpoint closed
2026-09-15T20:56:17.306 WARN kycontroller::kymux_controller::server - Kynet accept failed: connection error: Endpoint closed
2026-09-15T20:56:17.306 WARN kycontroller::kymux_controller::server - Kynet accept failed: connection error: Endpoint closed
2026-09-15T20:56:17.306 WARN kycontroller::kymux_controller::server - Kynet accept failed: connection error: Endpoint closed
2026-09-15T20:56:17.306 WARN kycontroller::kymux_controller::server - Kynet accept failed: connection error: Endpoint closed
2026-09-15T20:56:17.306 WARN kycontroller::kymux_controller::server - Kynet accept failed: connection error: Endpoint closed
2026-09-15T20:56:17.306 WARN kycontroller::kymux_controller::server - Kynet accept failed: connection error: Endpoint closed
2026-09-15T20:56:17.306 WARN kycontroller::kymux_controller::server - Kynet accept failed: connection error: Endpoint closed
2026-09-15T20:56:17.306 WARN kycontroller::kymux_controller::server - Kynet accept failed: connection error: Endpoint closed
2026-09-15T20:56:17.306 WARN kycontroller::kymux_controller::server - Kynet accept failed: connection error: Endpoint closed
2026-09-15T20:56:17.306 WARN kycontroller::kymux_controller::server - Kynet accept failed: connection error: Endpoint closed
2026-09-15T20:56:17.306 WARN kycontroller::kymux_controller::server - Kynet accept failed: connection error: Endpoint closed
2026-09-15T20:56:17.306 WARN kycontroller::kymux_controller::server - Kynet accept failed: connection error: Endpoint closed
2026-09-15T20:56:17.306 WARN kycontroller::kymux_controller::server - Kynet accept failed: connection error: Endpoint closed
2026-09-15T20:56:17.306 WARN kycontroller::kymux_controller::server - Kynet accept failed: connection error: Endpoint closed
2026-09-15T20:56:17.306 WARN kycontroller::kymux_controller::server - Kynet accept failed: connection error: Endpoint closed
2026-09-15T20:56:17.306 WARN kycontroller::kymux_controller::server - Kynet accept failed: connection error: Endpoint closed
2026-09-15T20:56:17.306 WARN kycontroller::kymux_controller::server - Kynet accept failed: connection error: Endpoint closed
2026-09-15T20:56:17.306 WARN kycontroller::kymux_controller::server - Kynet accept failed: connection error: Endpoint closed
2026-09-15T20:56:17.306 WARN kycontroller::kymux_controller::server - Kynet accept failed: connection error: Endpoint closed
2026-09-15T20:56:17.306 WARN kycontroller::kymux_controller::server - Kynet accept failed: connection error: Endpoint closed
2026-09-15T20:56:17.306 WARN kycontroller::kymux_controller::server - Kynet accept failed: connection error: Endpoint closed
2026-09-15T20:56:17.306 WARN kycontroller::kymux_controller::server - Kynet accept failed: connection error: Endpoint closed
2026-09-15T20:56:17.306 WARN kycontroller::kymux_controller::server - Kynet accept failed: connection error: Endpoint closed
2026-09-15T20:56:17.306 WARN kycontroller::kymux_controller::server - Kynet accept failed: connection error: Endpoint closed
2026-09-15T20:56:17.306 WARN kycontroller::kymux_controller::server - Kynet accept failed: connection error: Endpoint closed
2026-09-15T20:56:17.306 WARN kycontroller::kymux_controller::server - Kynet accept failed: connection error: Endpoint closed
2026-09-15T20:56:17.306 WARN kycontroller::kymux_controller::server - Kynet accept failed: connection error: Endpoint closed
2026-09-15T20:56:17.306 WARN kycontroller::kymux_controller::server - Kynet accept failed: connection error: Endpoint closed
2026-09-15T20:56:17.306 WARN kycontroller::kymux_controller::server - Kynet accept failed: connection error: Endpoint closed
2026-09-15T20:56:17.306 WARN kycontroller::kymux_controller::server - Kynet accept failed: connection error: Endpoint closed
2026-09-15T20:56:17.306 WARN kycontroller::kymux_controller::server - Kynet accept failed: connection error: Endpoint closed
2026-09-15T20:56:17.306 WARN kycontroller::kymux_controller::server - Kynet accept failed: connection error: Endpoint closed
2026-09-15T20:56:17.306 WARN kycontroller::kymux_controller::server - Kynet accept failed: connection error: Endpoint closed
2026-09-15T20:56:17.306 WARN kycontroller::kymux_controller::server - Kynet accept failed: connection error: Endpoint closed
2026-09-15T20:56:17.306 WARN kycontroller::kymux_controller::server - Kynet accept failed: connection error: Endpoint closed
2026-09-15T20:56:17.306 WARN kycontroller::kymux_controller::server - Kynet accept failed: connection error: Endpoint closed
2026-09-15T20:56:17.306 WARN kycontroller::kymux_controller::server - Kynet accept failed: connection error: Endpoint closed
2026-09-15T20:56:17.306 WARN kycontroller::kymux_controller::server - Kynet accept failed: connection error: Endpoint closed
2026-09-15T20:56:17.306 WARN kycontroller::kymux_controller::server - Kynet accept failed: connection error: Endpoint closed
2026-09-15T20:56:17.306 WARN kycontroller::kymux_controller::server - Kynet accept failed: connection error: Endpoint closed
2026-09-15T20:56:17.306 WARN kycontroller::kymux_controller::server - Kynet accept failed: connection error: Endpoint closed
2026-09-15T20:56:17.306 WARN kycontroller::kymux_controller::server - Kynet accept failed: connection error: Endpoint closed
2026-09-15T20:56:17.306 WARN kycontroller::kymux_controller::server - Kynet accept failed: connection error: Endpoint closed
2026-09-15T20:56:17.306 WARN kycontroller::kymux_controller::server - Kynet accept failed: connection error: Endpoint closed
2026-09-15T20:56:17.306 WARN kycontroller::kymux_controller::server - Kynet accept failed: connection error: Endpoint closed
2026-09-15T20:56:17.306 WARN kycontroller::kymux_controller::server - Kynet accept failed: connection error: Endpoint closed
2026-09-15T20:56:17.306 WARN kycontroller::kymux_controller::server - Kynet accept failed: connection error: Endpoint closed
2026-09-15T20:56:17.306 WARN kycontroller::kymux_controller::server - Kynet accept failed: connection error: Endpoint closed
2026-09-15T20:56:17.307 WARN kycontroller::kymux_controller::server - Kynet accept failed: connection error: Endpoint closed
2026-09-15T20:56:17.307 WARN kycontroller::kymux_controller::server - Kynet accept failed: connection error: Endpoint closed
2026-09-15T20:56:17.307 WARN kycontroller::kymux_controller::server - Kynet accept failed: connection error: Endpoint closed
2026-09-15T20:56:17.307 WARN kycontroller::kymux_controller::server - Kynet accept failed: connection error: Endpoint closed
2026-09-15T20:56:17.307 WARN kycontroller::kymux_controller::server - Kynet accept failed: connection error: Endpoint closed
2026-09-15T20:56:17.307 WARN kycontroller::kymux_controller::server - Kynet accept failed: connection error: Endpoint closed
2026-09-15T20:56:17.307 WARN kycontroller::kymux_controller::server - Kynet accept failed: connection error: Endpoint closed
2026-09-15T20:56:17.307 WARN kycontroller::kymux_controller::server - Kynet accept failed: connection error: Endpoint closed
2026-09-15T20:56:17.307 WARN kycontroller::kymux_controller::server - Kynet accept failed: connection error: Endpoint closed
2026-09-15T20:56:17.307 WARN kycontroller::kymux_controller::server - Kynet accept failed: connection error: Endpoint closed
2026-09-15T20:56:17.307 WARN kycontroller::kymux_controller::server - Kynet accept failed: connection error: Endpoint closed
2026-09-15T20:56:17.307 WARN kycontroller::kymux_controller::server - Kynet accept failed: connection error: Endpoint closed
2026-09-15T20:56:17.307 WARN kycontroller::kymux_controller::server - Kynet accept failed: connection error: Endpoint closed
2026-09-15T20:56:17.307 WARN kycontroller::kymux_controller::server - Kynet accept failed: connection error: Endpoint closed
2026-09-15T20:56:17.307 WARN kycontroller::kymux_controller::server - Kynet accept failed: connection error: Endpoint closed
2026-09-15T20:56:17.307 WARN kycontroller::kymux_controller::server - Kynet accept failed: connection error: Endpoint closed
2026-09-15T20:56:17.307 WARN kycontroller::kymux_controller::server - Kynet accept failed: connection error: Endpoint closed
2026-09-15T20:56:17.307 WARN kycontroller::kymux_controller::server - Kynet accept failed: connection error: Endpoint closed
2026-09-15T20:56:17.307 WARN kycontroller::kymux_controller::server - Kynet accept failed: connection error: Endpoint closed
2026-09-15T20:56:17.307 WARN kycontroller::kymux_controller::server - Kynet accept failed: connection error: Endpoint closed
2026-09-15T20:56:17.307 WARN kycontroller::kymux_controller::server - Kynet accept failed: connection error: Endpoint closed
2026-09-15T20:56:17.307 WARN kycontroller::kymux_controller::server - Kynet accept failed: connection error: Endpoint closed
2026-09-15T20:56:17.307 WARN kycontroller::kymux_controller::server - Kynet accept failed: connection error: Endpoint closed
2026-09-15T20:56:17.307 WARN kycontroller::kymux_controller::server - Kynet accept failed: connection error: Endpoint closed
2026-09-15T20:56:17.307 WARN kycontroller::kymux_controller::server - Kynet accept failed: connection error: Endpoint closed
2026-09-15T20:56:17.307 WARN kycontroller::kymux_controller::server - Kynet accept failed: connection error: Endpoint closed
2026-09-15T20:56:17.307 WARN kycontroller::kymux_controller::server - Kynet accept failed: connection error: Endpoint closed
2026-09-15T20:56:17.307 WARN kycontroller::kymux_controller::server - Kynet accept failed: connection error: Endpoint closed
2026-09-15T20:56:17.307 WARN kycontroller::kymux_controller::server - Kynet accept failed: connection error: Endpoint closed
2026-09-15T20:56:17.307 WARN kycontroller::kymux_controller::server - Kynet accept failed: connection error: Endpoint closed
2026-09-15T20:56:17.307 WARN kycontroller::kymux_controller::server - Kynet accept failed: connection error: Endpoint closed
2026-09-15T20:56:17.307 WARN kycontroller::kymux_controller::server - Kynet accept failed: connection error: Endpoint closed
2026-09-15T20:56:17.307 WARN kycontroller::kymux_controller::server - Kynet accept failed: connection error: Endpoint closed
2026-09-15T20:56:17.307 WARN kycontroller::kymux_controller::server - Kynet accept failed: connection error: Endpoint closed
2026-09-15T20:56:17.307 WARN kycontroller::kymux_controller::server - Kynet accept failed: connection error: Endpoint closed
2026-09-15T20:56:17.307 WARN kycontroller::kymux_controller::server - Kynet accept failed: connection error: Endpoint closed
2026-09-15T20:56:17.307 WARN kycontroller::kymux_controller::server - Kynet accept failed: connection error: Endpoint closed
2026-09-15T20:56:17.307 WARN kycontroller::kymux_controller::server - Kynet accept failed: connection error: Endpoint closed
2026-09-15T20:56:17.307 WARN kycontroller::kymux_controller::server - Kynet accept failed: connection error: Endpoint closed
2026-09-15T20:56:17.307 WARN kycontroller::kymux_controller::server - Kynet accept failed: connection error: Endpoint closed
2026-09-15T20:56:17.307 WARN kycontroller::kymux_controller::server - Kynet accept failed: connection error: Endpoint closed
2026-09-15T20:56:17.307 WARN kycontroller::kymux_controller::server - Kynet accept failed: connection error: Endpoint closed
2026-09-15T20:56:17.307 WARN kycontroller::kymux_controller::server - Kynet accept failed: connection error: Endpoint closed
2026-09-15T20:56:17.307 WARN kycontroller::kymux_controller::server - Kynet accept failed: connection error: Endpoint closed
2026-09-15T20:56:17.307 WARN kycontroller::kymux_controller::server - Kynet accept failed: connection error: Endpoint closed
2026-09-15T20:56:17.307 WARN kycontroller::kymux_controller::server - Kynet accept failed: connection error: Endpoint closed
2026-09-15T20:56:17.307 WARN kycontroller::kymux_controller::server - Kynet accept failed: connection error: Endpoint closed
2026-09-15T20:56:17.307 WARN kycontroller::kymux_controller::server - Kynet accept failed: connection error: Endpoint closed
2026-09-15T20:56:17.307 WARN kycontroller::kymux_controller::server - Kynet accept failed: connection error: Endpoint closed
2026-09-15T20:56:17.307 WARN kycontroller::kymux_controller::server - Kynet accept failed: connection error: Endpoint closed
2026-09-15T20:56:17.307 WARN kycontroller::kymux_controller::server - Kynet accept failed: connection error: Endpoint closed
2026-09-15T20:56:17.307 WARN kycontroller::kymux_controller::server - Kynet accept failed: connection error: Endpoint closed
2026-09-15T20:56:17.307 WARN kycontroller::kymux_controller::server - Kynet accept failed: connection error: Endpoint closed
2026-09-15T20:56:17.307 WARN kycontroller::kymux_controller::server - Kynet accept failed: connection error: Endpoint closed
2026-09-15T20:56:17.307 WARN kycontroller::kymux_controller::server - Kynet accept failed: connection error: Endpoint closed
2026-09-15T20:56:17.307 WARN kycontroller::kymux_controller::server - Kynet accept failed: connection error: Endpoint closed
2026-09-15T20:56:17.307 WARN kycontroller::kymux_controller::server - Kynet accept failed: connection error: Endpoint closed
2026-09-15T20:56:17.307 WARN kycontroller::kymux_controller::server - Kynet accept failed: connection error: Endpoint closed
2026-09-15T20:56:17.307 WARN kycontroller::kymux_controller::server - Kynet accept failed: connection error: Endpoint closed
2026-09-15T20:56:17.307 WARN kycontroller::kymux_controller::server - Kynet accept failed: connection error: Endpoint closed
2026-09-15T20:56:17.307 WARN kycontroller::kymux_controller::server - Kynet accept failed: connection error: Endpoint closed
2026-09-15T20:56:17.307 WARN kycontroller::kymux_controller::server - Kynet accept failed: connection error: Endpoint closed
2026-09-15T20:56:17.307 WARN kycontroller::kymux_controller::server - Kynet accept failed: connection error: Endpoint closed
2026-09-15T20:56:17.307 WARN kycontroller::kymux_controller::server - Kynet accept failed: connection error: Endpoint closed
2026-09-15T20:56:17.307 WARN kycontroller::kymux_controller::server - Kynet accept failed: connection error: Endpoint closed
2026-09-15T20:56:17.307 WARN kycontroller::kymux_controller::server - Kynet accept failed: connection error: Endpoint closed
2026-09-15T20:56:17.307 WARN kycontroller::kymux_controller::server - Kynet accept failed: connection error: Endpoint closed
2026-09-15T20:56:17.307 WARN kycontroller::kymux_controller::server - Kynet accept failed: connection error: Endpoint closed
2026-09-15T20:56:17.307 WARN kycontroller::kymux_controller::server - Kynet accept failed: connection error: Endpoint closed
2026-09-15T20:56:17.307 WARN kycontroller::kymux_controller::server - Kynet accept failed: connection error: Endpoint closed
2026-09-15T20:56:17.307 WARN kycontroller::kymux_controller::server - Kynet accept failed: connection error: Endpoint closed
2026-09-15T20:56:17.307 WARN kycontroller::kymux_controller::server - Kynet accept failed: connection error: Endpoint closed
2026-09-15T20:56:17.307 WARN kycontroller::kymux_controller::server - Kynet accept failed: connection error: Endpoint closed
2026-09-15T20:56:17.307 WARN kycontroller::kymux_controller::server - Kynet accept failed: connection error: Endpoint closed
2026-09-15T20:56:17.307 WARN kycontroller::kymux_controller::server - Kynet accept failed: connection error: Endpoint closed
2026-09-15T20:56:17.307 WARN kycontroller::kymux_controller::server - Kynet accept failed: connection error: Endpoint closed
2026-09-15T20:56:17.307 WARN kycontroller::kymux_controller::server - Kynet accept failed: connection error: Endpoint closed
2026-09-15T20:56:17.307 WARN kycontroller::kymux_controller::server - Kynet accept failed: connection error: Endpoint closed
2026-09-15T20:56:17.307 WARN kycontroller::kymux_controller::server - Kynet accept failed: connection error: Endpoint closed
2026-09-15T20:56:17.307 WARN kycontroller::kymux_controller::server - Kynet accept failed: connection error: Endpoint closed
2026-09-15T20:56:17.307 WARN kycontroller::kymux_controller::server - Kynet accept failed: connection error: Endpoint closed
2026-09-15T20:56:17.307 WARN kycontroller::kymux_controller::server - Kynet accept failed: connection error: Endpoint closed
2026-09-15T20:56:17.307 WARN kycontroller::kymux_controller::server - Kynet accept failed: connection error: Endpoint closed
2026-09-15T20:56:17.307 WARN kycontroller::kymux_controller::server - Kynet accept failed: connection error: Endpoint closed
2026-09-15T20:56:17.307 WARN kycontroller::kymux_controller::server - Kynet accept failed: connection error: Endpoint closed
2026-09-15T20:56:17.307 WARN kycontroller::kymux_controller::server - Kynet accept failed: connection error: Endpoint closed
2026-09-15T20:56:17.307 WARN kycontroller::kymux_controller::server - Kynet accept failed: connection error: Endpoint closed
2026-09-15T20:56:17.307 WARN kycontroller::kymux_controller::server - Kynet accept failed: connection error: Endpoint closed
2026-09-15T20:56:17.307 WARN kycontroller::kymux_controller::server - Kynet accept failed: connection error: Endpoint closed
2026-09-15T20:56:17.307 WARN kycontroller::kymux_controller::server - Kynet accept failed: connection error: Endpoint closed
2026-09-15T20:56:17.307 WARN kycontroller::kymux_controller::server - Kynet accept failed: connection error: Endpoint closed
2026-09-15T20:56:17.307 WARN kycontroller::kymux_controller::server - Kynet accept failed: connection error: Endpoint closed
2026-09-15T20:56:17.307 WARN kycontroller::kymux_controller::server - Kynet accept failed: connection error: Endpoint closed
2026-09-15T20:56:17.307 WARN kycontroller::kymux_controller::server - Kynet accept failed: connection error: Endpoint closed
2026-09-15T20:56:17.307 WARN kycontroller::kymux_controller::server - Kynet accept failed: connection error: Endpoint closed
2026-09-15T20:56:17.307 WARN kycontroller::kymux_controller::server - Kynet accept failed: connection error: Endpoint closed
2026-09-15T20:56:17.307 WARN kycontroller::kymux_controller::server - Kynet accept failed: connection error: Endpoint closed
2026-09-15T20:56:17.307 WARN kycontroller::kymux_controller::server - Kynet accept failed: connection error: Endpoint closed
2026-09-15T20:56:17.307 WARN kycontroller::kymux_controller::server - Kynet accept failed: connection error: Endpoint closed
2026-09-15T20:56:17.307 WARN kycontroller::kymux_controller::server - Kynet accept failed: connection error: Endpoint closed
2026-09-15T20:56:17.307 WARN kycontroller::kymux_controller::server - Kynet accept failed: connection error: Endpoint closed
2026-09-15T20:56:17.307 WARN kycontroller::kymux_controller::server - Kynet accept failed: connection error: Endpoint closed
2026-09-15T20:56:17.308 WARN kycontroller::kymux_controller::server - Kynet accept failed: connection error: Endpoint closed
2026-09-15T20:56:17.308 WARN kycontroller::kymux_controller::server - Kynet accept failed: connection error: Endpoint closed
2026-09-15T20:56:17.308 WARN kycontroller::kymux_controller::server - Kynet accept failed: connection error: Endpoint closed
2026-09-15T20:56:17.308 WARN kycontroller::kymux_controller::server - Kynet accept failed: connection error: Endpoint closed
2026-09-15T20:56:17.308 WARN kycontroller::kymux_controller::server - Kynet accept failed: connection error: Endpoint closed
2026-09-15T20:56:17.308 WARN kycontroller::kymux_controller::server - Kynet accept failed: connection error: Endpoint closed
2026-09-15T20:56:17.308 WARN kycontroller::kymux_controller::server - Kynet accept failed: connection error: Endpoint closed
2026-09-15T20:56:17.308 WARN kycontroller::kymux_controller::server - Kynet accept failed: connection error: Endpoint closed
2026-09-15T20:56:17.308 WARN kycontroller::kymux_controller::server - Kynet accept failed: connection error: Endpoint closed
2026-09-15T20:56:17.308 WARN kycontroller::kymux_controller::server - Kynet accept failed: connection error: Endpoint closed
2026-09-15T20:56:17.308 WARN kycontroller::kymux_controller::server - Kynet accept failed: connection error: Endpoint closed
2026-09-15T20:56:17.308 WARN kycontroller::kymux_controller::server - Kynet accept failed: connection error: Endpoint closed
2026-09-15T20:56:17.308 WARN kycontroller::kymux_controller::server - Kynet accept failed: connection error: Endpoint closed
2026-09-15T20:56:17.308 WARN kycontroller::kymux_controller::server - Kynet accept failed: connection error: Endpoint closed
2026-09-15T20:56:17.308 WARN kycontroller::kymux_controller::server - Kynet accept failed: connection error: Endpoint closed
2026-09-15T20:56:17.308 WARN kycontroller::kymux_controller::server - Kynet accept failed: connection error: Endpoint closed
2026-09-15T20:56:17.308 WARN kycontroller::kymux_controller::server - Kynet accept failed: connection error: Endpoint closed
2026-09-15T20:56:17.308 WARN kycontroller::kymux_controller::server - Kynet accept failed: connection error: Endpoint closed
2026-09-15T20:56:17.308 WARN kycontroller::kymux_controller::server - Kynet accept failed: connection error: Endpoint closed
2026-09-15T20:56:17.308 WARN kycontroller::kymux_controller::server - Kynet accept failed: connection error: Endpoint closed
2026-09-15T20:56:17.308 WARN kycontroller::kymux_controller::server - Kynet accept failed: connection error: Endpoint closed
2026-09-15T20:56:17.308 WARN kycontroller::kymux_controller::server - Kynet accept failed: connection error: Endpoint closed
2026-09-15T20:56:17.308 WARN kycontroller::kymux_controller::server - Kynet accept failed: connection error: Endpoint closed
2026-09-15T20:56:17.308 WARN kycontroller::kymux_controller::server - Kynet accept failed: connection error: Endpoint closed
2026-09-15T20:56:17.308 WARN kycontroller::kymux_controller::server - Kynet accept failed: connection error: Endpoint closed
2026-09-15T20:56:17.308 WARN kycontroller::kymux_controller::server - Kynet accept failed: connection error: Endpoint closed
2026-09-15T20:56:17.308 WARN kycontroller::kymux_controller::server - Kynet accept failed: connection error: Endpoint closed
2026-09-15T20:56:17.308 WARN kycontroller::kymux_controller::server - Kynet accept failed: connection error: Endpoint closed
2026-09-15T20:56:17.308 WARN kycontroller::kymux_controller::server - Kynet accept failed: connection error: Endpoint closed
2026-09-15T20:56:17.308 WARN kycontroller::kymux_controller::server - Kynet accept failed: connection error: Endpoint closed
2026-09-15T20:56:17.308 WARN kycontroller::kymux_controller::server - Kynet accept failed: connection error: Endpoint closed
2026-09-15T20:56:17.308 WARN kycontroller::kymux_controller::server - Kynet accept failed: connection error: Endpoint closed
2026-09-15T20:56:17.308 WARN kycontroller::kymux_controller::server - Kynet accept failed: connection error: Endpoint closed
2026-09-15T20:56:17.308 WARN kycontroller::kymux_controller::server - Kynet accept failed: connection error: Endpoint closed
2026-09-15T20:56:17.308 WARN kycontroller::kymux_controller::server - Kynet accept failed: connection error: Endpoint closed
2026-09-15T20:56:17.308 WARN kycontroller::kymux_controller::server - Kynet accept failed: connection error: Endpoint closed
2026-09-15T20:56:17.308 WARN kycontroller::kymux_controller::server - Kynet accept failed: connection error: Endpoint closed
2026-09-15T20:56:17.308 WARN kycontroller::kymux_controller::server - Kynet accept failed: connection error: Endpoint closed
2026-09-15T20:56:17.308 WARN kycontroller::kymux_controller::server - Kynet accept failed: connection error: Endpoint closed
2026-09-15T20:56:17.308 WARN kycontroller::kymux_controller::server - Kynet accept failed: connection error: Endpoint closed
2026-09-15T20:56:17.308 WARN kycontroller::kymux_controller::server - Kynet accept failed: connection error: Endpoint closed
2026-09-15T20:56:17.308 WARN kycontroller::kymux_controller::server - Kynet accept failed: connection error: Endpoint closed
2026-09-15T20:56:17.308 WARN kycontroller::kymux_controller::server - Kynet accept failed: connection error: Endpoint closed
2026-09-15T20:56:17.308 WARN kycontroller::kymux_controller::server - Kynet accept failed: connection error: Endpoint closed
2026-09-15T20:56:17.308 WARN kycontroller::kymux_controller::server - Kynet accept failed: connection error: Endpoint closed
2026-09-15T20:56:17.308 WARN kycontroller::kymux_controller::server - Kynet accept failed: connection error: Endpoint closed
2026-09-15T20:56:17.308 WARN kycontroller::kymux_controller::server - Kynet accept failed: connection error: Endpoint closed
2026-09-15T20:56:17.308 WARN kycontroller::kymux_controller::server - Kynet accept failed: connection error: Endpoint closed
2026-09-15T20:56:17.308 WARN kycontroller::kymux_controller::server - Kynet accept failed: connection error: Endpoint closed
2026-09-15T20:56:17.308 WARN kycontroller::kymux_controller::server - Kynet accept failed: connection error: Endpoint closed
2026-09-15T20:56:17.308 WARN kycontroller::kymux_controller::server - Kynet accept failed: connection error: Endpoint closed
2026-09-15T20:56:17.308 WARN kycontroller::kymux_controller::server - Kynet accept failed: connection error: Endpoint closed
2026-09-15T20:56:17.308 WARN kycontroller::kymux_controller::server - Kynet accept failed: connection error: Endpoint closed
2026-09-15T20:56:17.308 WARN kycontroller::kymux_controller::server - Kynet accept failed: connection error: Endpoint closed
2026-09-15T20:56:17.308 WARN kycontroller::kymux_controller::server - Kynet accept failed: connection error: Endpoint closed
2026-09-15T20:56:17.308 WARN kycontroller::kymux_controller::server - Kynet accept failed: connection error: Endpoint closed
2026-09-15T20:56:17.308 WARN kycontroller::kymux_controller::server - Kynet accept failed: connection error: Endpoint closed
2026-09-15T20:56:17.308 WARN kycontroller::kymux_controller::server - Kynet accept failed: connection error: Endpoint closed
2026-09-15T20:56:17.308 WARN kycontroller::kymux_controller::server - Kynet accept failed: connection error: Endpoint closed
2026-09-15T20:56:17.308 WARN kycontroller::kymux_controller::server - Kynet accept failed: connection error: Endpoint closed
2026-09-15T20:56:17.308 WARN kycontroller::kymux_controller::server - Kynet accept failed: connection error: Endpoint closed
2026-09-15T20:56:17.308 WARN kycontroller::kymux_controller::server - Kynet accept failed: connection error: Endpoint closed
2026-09-15T20:56:17.308 WARN kycontroller::kymux_controller::server - Kynet accept failed: connection error: Endpoint closed
2026-09-15T20:56:17.308 WARN kycontroller::kymux_controller::server - Kynet accept failed: connection error: Endpoint closed
2026-09-15T20:56:17.308 WARN kycontroller::kymux_controller::server - Kynet accept failed: connection error: Endpoint closed
2026-09-15T20:56:17.308 WARN kycontroller::kymux_controller::server - Kynet accept failed: connection error: Endpoint closed
2026-09-15T20:56:17.308 WARN kycontroller::kymux_controller::server - Kynet accept failed: connection error: Endpoint closed
2026-09-15T20:56:17.308 WARN kycontroller::kymux_controller::server - Kynet accept failed: connection error: Endpoint closed
2026-09-15T20:56:17.308 WARN kycontroller::kymux_controller::server - Kynet accept failed: connection error: Endpoint closed
2026-09-15T20:56:17.308 WARN kycontroller::kymux_controller::server - Kynet accept failed: connection error: Endpoint closed
2026-09-15T20:56:17.308 WARN kycontroller::kymux_controller::server - Kynet accept failed: connection error: Endpoint closed
2026-09-15T20:56:17.308 WARN kycontroller::kymux_controller::server - Kynet accept failed: connection error: Endpoint closed
2026-09-15T20:56:17.308 WARN kycontroller::kymux_controller::server - Kynet accept failed: connection error: Endpoint closed
2026-09-15T20:56:17.308 WARN kycontroller::kymux_controller::server - Kynet accept failed: connection error: Endpoint closed
2026-09-15T20:56:17.308 WARN kycontroller::kymux_controller::server - Kynet accept failed: connection error: Endpoint closed
2026-09-15T20:56:17.308 WARN kycontroller::kymux_controller::server - Kynet accept failed: connection error: Endpoint closed
2026-09-15T20:56:17.308 WARN kycontroller::kymux_controller::server - Kynet accept failed: connection error: Endpoint closed
2026-09-15T20:56:17.308 WARN kycontroller::kymux_controller::server - Kynet accept failed: connection error: Endpoint closed
2026-09-15T20:56:17.308 WARN kycontroller::kymux_controller::server - Kynet accept failed: connection error: Endpoint closed
2026-09-15T20:56:17.308 WARN kycontroller::kymux_controller::server - Kynet accept failed: connection error: Endpoint closed
2026-09-15T20:56:17.308 WARN kycontroller::kymux_controller::server - Kynet accept failed: connection error: Endpoint closed
2026-09-15T20:56:17.308 WARN kycontroller::kymux_controller::server - Kynet accept failed: connection error: Endpoint closed
2026-09-15T20:56:17.308 WARN kycontroller::kymux_controller::server - Kynet accept failed: connection error: Endpoint closed
2026-09-15T20:56:17.308 WARN kycontroller::kymux_controller::server - Kynet accept failed: connection error: Endpoint closed
2026-09-15T20:56:17.308 WARN kycontroller::kymux_controller::server - Kynet accept failed: connection error: Endpoint closed
2026-09-15T20:56:17.308 WARN kycontroller::kymux_controller::server - Kynet accept failed: connection error: Endpoint closed
2026-09-15T20:56:17.308 WARN kycontroller::kymux_controller::server - Kynet accept failed: connection error: Endpoint closed
2026-09-15T20:56:17.308 WARN kycontroller::kymux_controller::server - Kynet accept failed: connection error: Endpoint closed
2026-09-15T20:56:17.308 WARN kycontroller::kymux_controller::server - Kynet accept failed: connection error: Endpoint closed
2026-09-15T20:56:17.308 WARN kycontroller::kymux_controller::server - Kynet accept failed: connection error: Endpoint closed
2026-09-15T20:56:17.308 WARN kycontroller::kymux_controller::server - Kynet accept failed: connection error: Endpoint closed
2026-09-15T20:56:17.308 WARN kycontroller::kymux_controller::server - Kynet accept failed: connection error: Endpoint closed
2026-09-15T20:56:17.308 WARN kycontroller::kymux_controller::server - Kynet accept failed: connection error: Endpoint closed
2026-09-15T20:56:17.308 WARN kycontroller::kymux_controller::server - Kynet accept failed: connection error: Endpoint closed
2026-09-15T20:56:17.309 WARN kycontroller::kymux_controller::server - Kynet accept failed: connection error: Endpoint closed
2026-09-15T20:56:17.309 WARN kycontroller::kymux_controller::server - Kynet accept failed: connection error: Endpoint closed
2026-09-15T20:56:17.309 WARN kycontroller::kymux_controller::server - Kynet accept failed: connection error: Endpoint closed
2026-09-15T20:56:17.309 WARN kycontroller::kymux_controller::server - Kynet accept failed: connection error: Endpoint closed
2026-09-15T20:56:17.309 WARN kycontroller::kymux_controller::server - Kynet accept failed: connection error: Endpoint closed
2026-09-15T20:56:17.309 WARN kycontroller::kymux_controller::server - Kynet accept failed: connection error: Endpoint closed
2026-09-15T20:56:17.309 WARN kycontroller::kymux_controller::server - Kynet accept failed: connection error: Endpoint closed
2026-09-15T20:56:17.309 WARN kycontroller::kymux_controller::server - Kynet accept failed: connection error: Endpoint closed
2026-09-15T20:56:17.309 WARN kycontroller::kymux_controller::server - Kynet accept failed: connection error: Endpoint closed
2026-09-15T20:56:17.309 WARN kycontroller::kymux_controller::server - Kynet accept failed: connection error: Endpoint closed
2026-09-15T20:56:17.309 WARN kycontroller::kymux_controller::server - Kynet accept failed: connection error: Endpoint closed
2026-09-15T20:56:17.309 WARN kycontroller::kymux_controller::server - Kynet accept failed: connection error: Endpoint closed
2026-09-15T20:56:17.309 WARN kycontroller::kymux_controller::server - Kynet accept failed: connection error: Endpoint closed
2026-09-15T20:56:17.309 WARN kycontroller::kymux_controller::server - Kynet accept failed: connection error: Endpoint closed
2026-09-15T20:56:17.309 WARN kycontroller::kymux_controller::server - Kynet accept failed: connection error: Endpoint closed
2026-09-15T20:56:17.309 WARN kycontroller::kymux_controller::server - Kynet accept failed: connection error: Endpoint closed
2026-09-15T20:56:17.309 WARN kycontroller::kymux_controller::server - Kynet accept failed: connection error: Endpoint closed
2026-09-15T20:56:17.309 WARN kycontroller::kymux_controller::server - Kynet accept failed: connection error: Endpoint closed
2026-09-15T20:56:17.309 WARN kycontroller::kymux_controller::server - Kynet accept failed: connection error: Endpoint closed
2026-09-15T20:56:17.309 WARN kycontroller::kymux_controller::server - Kynet accept failed: connection error: Endpoint closed
2026-09-15T20:56:17.309 WARN kycontroller::kymux_controller::server - Kynet accept failed: connection error: Endpoint closed
2026-09-15T20:56:17.309 WARN kycontroller::kymux_controller::server - Kynet accept failed: connection error: Endpoint closed
2026-09-15T20:56:17.309 WARN kycontroller::kymux_controller::server - Kynet accept failed: connection error: Endpoint closed
2026-09-15T20:56:17.309 WARN kycontroller::kymux_controller::server - Kynet accept failed: connection error: Endpoint closed
2026-09-15T20:56:17.309 WARN kycontroller::kymux_controller::server - Kynet accept failed: connection error: Endpoint closed
2026-09-15T20:56:17.309 WARN kycontroller::kymux_controller::server - Kynet accept failed: connection error: Endpoint closed
2026-09-15T20:56:17.309 WARN kycontroller::kymux_controller::server - Kynet accept failed: connection error: Endpoint closed
2026-09-15T20:56:17.309 WARN kycontroller::kymux_controller::server - Kynet accept failed: connection error: Endpoint closed
2026-09-15T20:56:17.309 WARN kycontroller::kymux_controller::server - Kynet accept failed: connection error: Endpoint closed
2026-09-15T20:56:17.309 WARN kycontroller::kymux_controller::server - Kynet accept failed: connection error: Endpoint closed
2026-09-15T20:56:17.309 WARN kycontroller::kymux_controller::server - Kynet accept failed: connection error: Endpoint closed
2026-09-15T20:56:17.309 WARN kycontroller::kymux_controller::server - Kynet accept failed: connection error: Endpoint closed
2026-09-15T20:56:17.309 WARN kycontroller::kymux_controller::server - Kynet accept failed: connection error: Endpoint closed
2026-09-15T20:56:17.309 WARN kycontroller::kymux_controller::server - Kynet accept failed: connection error: Endpoint closed
2026-09-15T20:56:17.309 WARN kycontroller::kymux_controller::server - Kynet accept failed: connection error: Endpoint closed
2026-09-15T20:56:17.309 WARN kycontroller::kymux_controller::server - Kynet accept failed: connection error: Endpoint closed
2026-09-15T20:56:17.309 WARN kycontroller::kymux_controller::server - Kynet accept failed: connection error: Endpoint closed
2026-09-15T20:56:17.309 WARN kycontroller::kymux_controller::server - Kynet accept failed: connection error: Endpoint closed
2026-09-15T20:56:17.309 WARN kycontroller::kymux_controller::server - Kynet accept failed: connection error: Endpoint closed
2026-09-15T20:56:17.309 WARN kycontroller::kymux_controller::server - Kynet accept failed: connection error: Endpoint closed
2026-09-15T20:56:17.309 WARN kycontroller::kymux_controller::server - Kynet accept failed: connection error: Endpoint closed
2026-09-15T20:56:17.309 WARN kycontroller::kymux_controller::server - Kynet accept failed: connection error: Endpoint closed
2026-09-15T20:56:17.309 WARN kycontroller::kymux_controller::server - Kynet accept failed: connection error: Endpoint closed
2026-09-15T20:56:17.309 WARN kycontroller::kymux_controller::server - Kynet accept failed: connection error: Endpoint closed
2026-09-15T20:56:17.309 WARN kycontroller::kymux_controller::server - Kynet accept failed: connection error: Endpoint closed
2026-09-15T20:56:17.309 WARN kycontroller::kymux_controller::server - Kynet accept failed: connection error: Endpoint closed
2026-09-15T20:56:17.309 WARN kycontroller::kymux_controller::server - Kynet accept failed: connection error: Endpoint closed
2026-09-15T20:56:17.309 WARN kycontroller::kymux_controller::server - Kynet accept failed: connection error: Endpoint closed
2026-09-15T20:56:17.309 WARN kycontroller::kymux_controller::server - Kynet accept failed: connection error: Endpoint closed
2026-09-15T20:56:17.309 WARN kycontroller::kymux_controller::server - Kynet accept failed: connection error: Endpoint closed
2026-09-15T20:56:17.309 WARN kycontroller::kymux_controller::server - Kynet accept failed: connection error: Endpoint closed
2026-09-15T20:56:17.309 WARN kycontroller::kymux_controller::server - Kynet accept failed: connection error: Endpoint closed
2026-09-15T20:56:17.309 WARN kycontroller::kymux_controller::server - Kynet accept failed: connection error: Endpoint closed
2026-09-15T20:56:17.309 WARN kycontroller::kymux_controller::server - Kynet accept failed: connection error: Endpoint closed
2026-09-15T20:56:17.309 WARN kycontroller::kymux_controller::server - Kynet accept failed: connection error: Endpoint closed
2026-09-15T20:56:17.309 WARN kycontroller::kymux_controller::server - Kynet accept failed: connection error: Endpoint closed
2026-09-15T20:56:17.309 WARN kycontroller::kymux_controller::server - Kynet accept failed: connection error: Endpoint closed
2026-09-15T20:56:17.309 WARN kycontroller::kymux_controller::server - Kynet accept failed: connection error: Endpoint closed
2026-09-15T20:56:17.309 WARN kycontroller::kymux_controller::server - Kynet accept failed: connection error: Endpoint closed
2026-09-15T20:56:17.309 WARN kycontroller::kymux_controller::server - Kynet accept failed: connection error: Endpoint closed
2026-09-15T20:56:17.309 WARN kycontroller::kymux_controller::server - Kynet accept failed: connection error: Endpoint closed
2026-09-15T20:56:17.309 WARN kycontroller::kymux_controller::server - Kynet accept failed: connection error: Endpoint closed
2026-09-15T20:56:17.309 WARN kycontroller::kymux_controller::server - Kynet accept failed: connection error: Endpoint closed
2026-09-15T20:56:17.309 WARN kycontroller::kymux_controller::server - Kynet accept failed: connection error: Endpoint closed
2026-09-15T20:56:17.309 WARN kycontroller::kymux_controller::server - Kynet accept failed: connection error: Endpoint closed
2026-09-15T20:56:17.309 WARN kycontroller::kymux_controller::server - Kynet accept failed: connection error: Endpoint closed
2026-09-15T20:56:17.309 WARN kycontroller::kymux_controller::server - Kynet accept failed: connection error: Endpoint closed
2026-09-15T20:56:17.309 WARN kycontroller::kymux_controller::server - Kynet accept failed: connection error: Endpoint closed
2026-09-15T20:56:17.309 WARN kycontroller::kymux_controller::server - Kynet accept failed: connection error: Endpoint closed
2026-09-15T20:56:17.309 WARN kycontroller::kymux_controller::server - Kynet accept failed: connection error: Endpoint closed
2026-09-15T20:56:17.309 WARN kycontroller::kymux_controller::server - Kynet accept failed: connection error: Endpoint closed
2026-09-15T20:56:17.309 WARN kycontroller::kymux_controller::server - Kynet accept failed: connection error: Endpoint closed
2026-09-15T20:56:17.309 WARN kycontroller::kymux_controller::server - Kynet accept failed: connection error: Endpoint closed
2026-09-15T20:56:17.309 WARN kycontroller::kymux_controller::server - Kynet accept failed: connection error: Endpoint closed
2026-09-15T20:56:17.309 WARN kycontroller::kymux_controller::server - Kynet accept failed: connection error: Endpoint closed
2026-09-15T20:56:17.309 WARN kycontroller::kymux_controller::server - Kynet accept failed: connection error: Endpoint closed
2026-09-15T20:56:17.309 WARN kycontroller::kymux_controller::server - Kynet accept failed: connection error: Endpoint closed
2026-09-15T20:56:17.309 WARN kycontroller::kymux_controller::server - Kynet accept failed: connection error: Endpoint closed
2026-09-15T20:56:17.309 WARN kycontroller::kymux_controller::server - Kynet accept failed: connection error: Endpoint closed
2026-09-15T20:56:17.309 WARN kycontroller::kymux_controller::server - Kynet accept failed: connection error: Endpoint closed
2026-09-15T20:56:17.309 WARN kycontroller::kymux_controller::server - Kynet accept failed: connection error: Endpoint closed
2026-09-15T20:56:17.309 WARN kycontroller::kymux_controller::server - Kynet accept failed: connection error: Endpoint closed
2026-09-15T20:56:17.309 WARN kycontroller::kymux_controller::server - Kynet accept failed: connection error: Endpoint closed
2026-09-15T20:56:17.309 WARN kycontroller::kymux_controller::server - Kynet accept failed: connection error: Endpoint closed
2026-09-15T20:56:17.309 WARN kycontroller::kymux_controller::server - Kynet accept failed: connection error: Endpoint closed
2026-09-15T20:56:17.309 WARN kycontroller::kymux_controller::server - Kynet accept failed: connection error: Endpoint closed
2026-09-15T20:56:17.309 WARN kycontroller::kymux_controller::server - Kynet accept failed: connection error: Endpoint closed
2026-09-15T20:56:17.309 WARN kycontroller::kymux_controller::server - Kynet accept failed: connection error: Endpoint closed
2026-09-15T20:56:17.309 WARN kycontroller::kymux_controller::server - Kynet accept failed: connection error: Endpoint closed
2026-09-15T20:56:17.309 WARN kycontroller::kymux_controller::server - Kynet accept failed: connection error: Endpoint closed
2026-09-15T20:56:17.309 WARN kycontroller::kymux_controller::server - Kynet accept failed: connection error: Endpoint closed
2026-09-15T20:56:17.309 WARN kycontroller::kymux_controller::server - Kynet accept failed: connection error: Endpoint closed
2026-09-15T20:56:17.310 WARN kycontroller::kymux_controller::server - Kynet accept failed: connection error: Endpoint closed
2026-09-15T20:56:17.310 WARN kycontroller::kymux_controller::server - Kynet accept failed: connection error: Endpoint closed
2026-09-15T20:56:17.310 WARN kycontroller::kymux_controller::server - Kynet accept failed: connection error: Endpoint closed
2026-09-15T20:56:17.310 WARN kycontroller::kymux_controller::server - Kynet accept failed: connection error: Endpoint closed
2026-09-15T20:56:17.310 WARN kycontroller::kymux_controller::server - Kynet accept failed: connection error: Endpoint closed
2026-09-15T20:56:17.310 WARN kycontroller::kymux_controller::server - Kynet accept failed: connection error: Endpoint closed
2026-09-15T20:56:17.310 WARN kycontroller::kymux_controller::server - Kynet accept failed: connection error: Endpoint closed
2026-09-15T20:56:17.310 WARN kycontroller::kymux_controller::server - Kynet accept failed: connection error: Endpoint closed
2026-09-15T20:56:17.310 WARN kycontroller::kymux_controller::server - Kynet accept failed: connection error: Endpoint closed
2026-09-15T20:56:17.310 WARN kycontroller::kymux_controller::server - Kynet accept failed: connection error: Endpoint closed
2026-09-15T20:56:17.310 WARN kycontroller::kymux_controller::server - Kynet accept failed: connection error: Endpoint closed
2026-09-15T20:56:17.310 WARN kycontroller::kymux_controller::server - Kynet accept failed: connection error: Endpoint closed
2026-09-15T20:56:17.310 WARN kycontroller::kymux_controller::server - Kynet accept failed: connection error: Endpoint closed
2026-09-15T20:56:17.310 WARN kycontroller::kymux_controller::server - Kynet accept failed: connection error: Endpoint closed
2026-09-15T20:56:17.310 WARN kycontroller::kymux_controller::server - Kynet accept failed: connection error: Endpoint closed
2026-09-15T20:56:17.310 WARN kycontroller::kymux_controller::server - Kynet accept failed: connection error: Endpoint closed
2026-09-15T20:56:17.310 WARN kycontroller::kymux_controller::server - Kynet accept failed: connection error: Endpoint closed
2026-09-15T20:56:17.310 WARN kycontroller::kymux_controller::server - Kynet accept failed: connection error: Endpoint closed
2026-09-15T20:56:17.310 WARN kycontroller::kymux_controller::server - Kynet accept failed: connection error: Endpoint closed
2026-09-15T20:56:17.310 WARN kycontroller::kymux_controller::server - Kynet accept failed: connection error: Endpoint closed
2026-09-15T20:56:17.310 WARN kycontroller::kymux_controller::server - Kynet accept failed: connection error: Endpoint closed
2026-09-15T20:56:17.310 WARN kycontroller::kymux_controller::server - Kynet accept failed: connection error: Endpoint closed
2026-09-15T20:56:17.310 WARN kycontroller::kymux_controller::server - Kynet accept failed: connection error: Endpoint closed
2026-09-15T20:56:17.310 WARN kycontroller::kymux_controller::server - Kynet accept failed: connection error: Endpoint closed
2026-09-15T20:56:17.310 WARN kycontroller::kymux_controller::server - Kynet accept failed: connection error: Endpoint closed
2026-09-15T20:56:17.310 WARN kycontroller::kymux_controller::server - Kynet accept failed: connection error: Endpoint closed
2026-09-15T20:56:17.310 WARN kycontroller::kymux_controller::server - Kynet accept failed: connection error: Endpoint closed
2026-09-15T20:56:17.310 WARN kycontroller::kymux_controller::server - Kynet accept failed: connection error: Endpoint closed
2026-09-15T20:56:17.310 WARN kycontroller::kymux_controller::server - Kynet accept failed: connection error: Endpoint closed
2026-09-15T20:56:17.310 WARN kycontroller::kymux_controller::server - Kynet accept failed: connection error: Endpoint closed
2026-09-15T20:56:17.310 WARN kycontroller::kymux_controller::server - Kynet accept failed: connection error: Endpoint closed
2026-09-15T20:56:17.310 WARN kycontroller::kymux_controller::server - Kynet accept failed: connection error: Endpoint closed
2026-09-15T20:56:17.310 WARN kycontroller::kymux_controller::server - Kynet accept failed: connection error: Endpoint closed
2026-09-15T20:56:17.310 WARN kycontroller::kymux_controller::server - Kynet accept failed: connection error: Endpoint closed
2026-09-15T20:56:17.310 WARN kycontroller::kymux_controller::server - Kynet accept failed: connection error: Endpoint closed
2026-09-15T20:56:17.310 WARN kycontroller::kymux_controller::server - Kynet accept failed: connection error: Endpoint closed
2026-09-15T20:56:17.310 WARN kycontroller::kymux_controller::server - Kynet accept failed: connection error: Endpoint closed
2026-09-15T20:56:17.310 WARN kycontroller::kymux_controller::server - Kynet accept failed: connection error: Endpoint closed
2026-09-15T20:56:17.310 WARN kycontroller::kymux_controller::server - Kynet accept failed: connection error: Endpoint closed
2026-09-15T20:56:17.310 WARN kycontroller::kymux_controller::server - Kynet accept failed: connection error: Endpoint closed
2026-09-15T20:56:17.310 WARN kycontroller::kymux_controller::server - Kynet accept failed: connection error: Endpoint closed
2026-09-15T20:56:17.310 WARN kycontroller::kymux_controller::server - Kynet accept failed: connection error: Endpoint closed
2026-09-15T20:56:17.310 WARN kycontroller::kymux_controller::server - Kynet accept failed: connection error: Endpoint closed
2026-09-15T20:56:17.310 WARN kycontroller::kymux_controller::server - Kynet accept failed: connection error: Endpoint closed
2026-09-15T20:56:17.310 WARN kycontroller::kymux_controller::server - Kynet accept failed: connection error: Endpoint closed
2026-09-15T20:56:17.310 WARN kycontroller::kymux_controller::server - Kynet accept failed: connection error: Endpoint closed
2026-09-15T20:56:17.310 WARN kycontroller::kymux_controller::server - Kynet accept failed: connection error: Endpoint closed
2026-09-15T20:56:17.310 WARN kycontroller::kymux_controller::server - Kynet accept failed: connection error: Endpoint closed
2026-09-15T20:56:17.310 WARN kycontroller::kymux_controller::server - Kynet accept failed: connection error: Endpoint closed
2026-09-15T20:56:17.310 WARN kycontroller::kymux_controller::server - Kynet accept failed: connection error: Endpoint closed
2026-09-15T20:56:17.310 WARN kycontroller::kymux_controller::server - Kynet accept failed: connection error: Endpoint closed
2026-09-15T20:56:17.310 WARN kycontroller::kymux_controller::server - Kynet accept failed: connection error: Endpoint closed
2026-09-15T20:56:17.310 WARN kycontroller::kymux_controller::server - Kynet accept failed: connection error: Endpoint closed
2026-09-15T20:56:17.310 WARN kycontroller::kymux_controller::server - Kynet accept failed: connection error: Endpoint closed
2026-09-15T20:56:17.310 WARN kycontroller::kymux_controller::server - Kynet accept failed: connection error: Endpoint closed
2026-09-15T20:56:17.310 WARN kycontroller::kymux_controller::server - Kynet accept failed: connection error: Endpoint closed
2026-09-15T20:56:17.310 WARN kycontroller::kymux_controller::server - Kynet accept failed: connection error: Endpoint closed
2026-09-15T20:56:17.310 WARN kycontroller::kymux_controller::server - Kynet accept failed: connection error: Endpoint closed
2026-09-15T20:56:17.310 WARN kycontroller::kymux_controller::server - Kynet accept failed: connection error: Endpoint closed
2026-09-15T20:56:17.310 WARN kycontroller::kymux_controller::server - Kynet accept failed: connection error: Endpoint closed
2026-09-15T20:56:17.310 WARN kycontroller::kymux_controller::server - Kynet accept failed: connection error: Endpoint closed
2026-09-15T20:56:17.310 WARN kycontroller::kymux_controller::server - Kynet accept failed: connection error: Endpoint closed
2026-09-15T20:56:17.310 WARN kycontroller::kymux_controller::server - Kynet accept failed: connection error: Endpoint closed
2026-09-15T20:56:17.310 WARN kycontroller::kymux_controller::server - Kynet accept failed: connection error: Endpoint closed
2026-09-15T20:56:17.310 WARN kycontroller::kymux_controller::server - Kynet accept failed: connection error: Endpoint closed
2026-09-15T20:56:17.310 WARN kycontroller::kymux_controller::server - Kynet accept failed: connection error: Endpoint closed
2026-09-15T20:56:17.310 WARN kycontroller::kymux_controller::server - Kynet accept failed: connection error: Endpoint closed
2026-09-15T20:56:17.310 WARN kycontroller::kymux_controller::server - Kynet accept failed: connection error: Endpoint closed
2026-09-15T20:56:17.310 WARN kycontroller::kymux_controller::server - Kynet accept failed: connection error: Endpoint closed
2026-09-15T20:56:17.310 WARN kycontroller::kymux_controller::server - Kynet accept failed: connection error: Endpoint closed
2026-09-15T20:56:17.310 WARN kycontroller::kymux_controller::server - Kynet accept failed: connection error: Endpoint closed
2026-09-15T20:56:17.311 INFO libkypc::process - Child(C:\Users\trist\KyberFrog-bench\bundle-643ee0e\kyavserver) stopped: exit code: 1
2026-09-15T20:56:17.311 INFO kycontroller::avservice - AvServer Video exited
2026-09-15T20:56:17.311 WARN kycontroller::kymux_controller::server - Kynet accept failed: connection error: Endpoint closed
2026-09-15T20:56:17.311 INFO kycontroller::avservices_manager - Last AV stream torn down, stopping shared kycom
2026-09-15T20:56:17.311 WARN kycontroller::kymux_controller::server - Kynet accept failed: connection error: Endpoint closed
2026-09-15T20:56:17.311 WARN kycontroller::kymux_controller::server - Kynet accept failed: connection error: Endpoint closed
2026-09-15T20:56:17.311 WARN kycontroller::kymux_controller::server - Kynet accept failed: connection error: Endpoint closed
2026-09-15T20:56:17.311 WARN kycontroller::kymux_controller::server - Kynet accept failed: connection error: Endpoint closed
2026-09-15T20:56:17.311 WARN kycontroller::kymux_controller::server - Kynet accept failed: connection error: Endpoint closed
2026-09-15T20:56:17.311 WARN kycontroller::kymux_controller::server - Kynet accept failed: connection error: Endpoint closed
2026-09-15T20:56:17.311 WARN kycontroller::kymux_controller::server - Kynet accept failed: connection error: Endpoint closed
2026-09-15T20:56:17.311 WARN kycontroller::kymux_controller::server - Kynet accept failed: connection error: Endpoint closed
2026-09-15T20:56:17.311 WARN kycontroller::kymux_controller::server - Kynet accept failed: connection error: Endpoint closed
2026-09-15T20:56:17.311 WARN kycontroller::kymux_controller::server - Kynet accept failed: connection error: Endpoint closed
2026-09-15T20:56:17.311 WARN kycontroller::kymux_controller::server - Kynet accept failed: connection error: Endpoint closed
2026-09-15T20:56:17.311 WARN kycontroller::kymux_controller::server - Kynet accept failed: connection error: Endpoint closed
2026-09-15T20:56:17.311 WARN kycontroller::kymux_controller::server - Kynet accept failed: connection error: Endpoint closed
2026-09-15T20:56:17.311 WARN kycontroller::kymux_controller::server - Kynet accept failed: connection error: Endpoint closed
2026-09-15T20:56:17.311 WARN kycontroller::kymux_controller::server - Kynet accept failed: connection error: Endpoint closed
2026-09-15T20:56:17.311 WARN kycontroller::kymux_controller::server - Kynet accept failed: connection error: Endpoint closed
2026-09-15T20:56:17.311 WARN kycontroller::kymux_controller::server - Kynet accept failed: connection error: Endpoint closed
2026-09-15T20:56:17.311 WARN kycontroller::kymux_controller::server - Kynet accept failed: connection error: Endpoint closed
2026-09-15T20:56:17.311 WARN kycontroller::kymux_controller::server - Kynet accept failed: connection error: Endpoint closed
2026-09-15T20:56:17.311 WARN kycontroller::kymux_controller::server - Kynet accept failed: connection error: Endpoint closed
2026-09-15T20:56:17.311 WARN kycontroller::kymux_controller::server - Kynet accept failed: connection error: Endpoint closed
2026-09-15T20:56:17.311 WARN kycontroller::kymux_controller::server - Kynet accept failed: connection error: Endpoint closed
2026-09-15T20:56:17.311 WARN kycontroller::kymux_controller::server - Kynet accept failed: connection error: Endpoint closed
2026-09-15T20:56:17.311 WARN kycontroller::kymux_controller::server - Kynet accept failed: connection error: Endpoint closed
2026-09-15T20:56:17.311 WARN kycontroller::kymux_controller::server - Kynet accept failed: connection error: Endpoint closed
2026-09-15T20:56:17.311 WARN kycontroller::kymux_controller::server - Kynet accept failed: connection error: Endpoint closed
2026-09-15T20:56:17.311 WARN kycontroller::kymux_controller::server - Kynet accept failed: connection error: Endpoint closed
2026-09-15T20:56:17.311 WARN kycontroller::kymux_controller::server - Kynet accept failed: connection error: Endpoint closed
2026-09-15T20:56:17.311 WARN kycontroller::kymux_controller::server - Kynet accept failed: connection error: Endpoint closed
2026-09-15T20:56:17.311 WARN kycontroller::kymux_controller::server - Kynet accept failed: connection error: Endpoint closed
2026-09-15T20:56:17.311 WARN kycontroller::kymux_controller::server - Kynet accept failed: connection error: Endpoint closed
2026-09-15T20:56:17.311 WARN kycontroller::kymux_controller::server - Kynet accept failed: connection error: Endpoint closed
2026-09-15T20:56:17.311 WARN kycontroller::kymux_controller::server - Kynet accept failed: connection error: Endpoint closed
2026-09-15T20:56:17.311 WARN kycontroller::kymux_controller::server - Kynet accept failed: connection error: Endpoint closed
2026-09-15T20:56:17.311 WARN kycontroller::kymux_controller::server - Kynet accept failed: connection error: Endpoint closed
2026-09-15T20:56:17.311 WARN kycontroller::kymux_controller::server - Kynet accept failed: connection error: Endpoint closed
2026-09-15T20:56:17.311 WARN kycontroller::kymux_controller::server - Kynet accept failed: connection error: Endpoint closed
2026-09-15T20:56:17.311 WARN kycontroller::kymux_controller::server - Kynet accept failed: connection error: Endpoint closed
2026-09-15T20:56:17.311 WARN kycontroller::kymux_controller::server - Kynet accept failed: connection error: Endpoint closed
2026-09-15T20:56:17.311 WARN kycontroller::kymux_controller::server - Kynet accept failed: connection error: Endpoint closed
2026-09-15T20:56:17.311 WARN kycontroller::kymux_controller::server - Kynet accept failed: connection error: Endpoint closed
2026-09-15T20:56:17.311 WARN kycontroller::kymux_controller::server - Kynet accept failed: connection error: Endpoint closed
2026-09-15T20:56:17.311 WARN kycontroller::kymux_controller::server - Kynet accept failed: connection error: Endpoint closed
2026-09-15T20:56:17.311 WARN kycontroller::kymux_controller::server - Kynet accept failed: connection error: Endpoint closed
2026-09-15T20:56:17.311 WARN kycontroller::kymux_controller::server - Kynet accept failed: connection error: Endpoint closed
2026-09-15T20:56:17.311 WARN kycontroller::kymux_controller::server - Kynet accept failed: connection error: Endpoint closed
2026-09-15T20:56:17.311 WARN kycontroller::kymux_controller::server - Kynet accept failed: connection error: Endpoint closed
2026-09-15T20:56:17.311 WARN kycontroller::kymux_controller::server - Kynet accept failed: connection error: Endpoint closed
2026-09-15T20:56:17.311 WARN kycontroller::kymux_controller::server - Kynet accept failed: connection error: Endpoint closed
2026-09-15T20:56:17.311 WARN kycontroller::kymux_controller::server - Kynet accept failed: connection error: Endpoint closed
2026-09-15T20:56:17.311 WARN kycontroller::kymux_controller::server - Kynet accept failed: connection error: Endpoint closed
2026-09-15T20:56:17.311 WARN kycontroller::kymux_controller::server - Kynet accept failed: connection error: Endpoint closed
2026-09-15T20:56:17.311 WARN kycontroller::kymux_controller::server - Kynet accept failed: connection error: Endpoint closed
2026-09-15T20:56:17.311 WARN kycontroller::kymux_controller::server - Kynet accept failed: connection error: Endpoint closed
2026-09-15T20:56:17.311 WARN kycontroller::kymux_controller::server - Kynet accept failed: connection error: Endpoint closed
2026-09-15T20:56:17.312 WARN kycontroller::kymux_controller::server - Kynet accept failed: connection error: Endpoint closed
2026-09-15T20:56:17.312 WARN kycontroller::kymux_controller::server - Kynet accept failed: connection error: Endpoint closed
2026-09-15T20:56:17.312 WARN kycontroller::kymux_controller::server - Kynet accept failed: connection error: Endpoint closed
2026-09-15T20:56:17.312 WARN kycontroller::kymux_controller::server - Kynet accept failed: connection error: Endpoint closed
2026-09-15T20:56:17.312 WARN kycontroller::kymux_controller::server - Kynet accept failed: connection error: Endpoint closed
2026-09-15T20:56:17.312 WARN kycontroller::kymux_controller::server - Kynet accept failed: connection error: Endpoint closed
2026-09-15T20:56:17.312 WARN kycontroller::kymux_controller::server - Kynet accept failed: connection error: Endpoint closed
2026-09-15T20:56:17.312 WARN kycontroller::kymux_controller::server - Kynet accept failed: connection error: Endpoint closed
2026-09-15T20:56:17.312 WARN kycontroller::kymux_controller::server - Kynet accept failed: connection error: Endpoint closed
2026-09-15T20:56:17.312 WARN kycontroller::kymux_controller::server - Kynet accept failed: connection error: Endpoint closed
2026-09-15T20:56:17.312 WARN kycontroller::kymux_controller::server - Kynet accept failed: connection error: Endpoint closed
2026-09-15T20:56:17.312 WARN kycontroller::kymux_controller::server - Kynet accept failed: connection error: Endpoint closed
2026-09-15T20:56:17.312 WARN kycontroller::kymux_controller::server - Kynet accept failed: connection error: Endpoint closed
2026-09-15T20:56:17.312 WARN kycontroller::kymux_controller::server - Kynet accept failed: connection error: Endpoint closed
2026-09-15T20:56:17.312 WARN kycontroller::kymux_controller::server - Kynet accept failed: connection error: Endpoint closed
2026-09-15T20:56:17.312 WARN kycontroller::kymux_controller::server - Kynet accept failed: connection error: Endpoint closed
2026-09-15T20:56:17.312 WARN kycontroller::kymux_controller::server - Kynet accept failed: connection error: Endpoint closed
2026-09-15T20:56:17.312 WARN kycontroller::kymux_controller::server - Kynet accept failed: connection error: Endpoint closed
2026-09-15T20:56:17.312 WARN kycontroller::kymux_controller::server - Kynet accept failed: connection error: Endpoint closed
2026-09-15T20:56:17.312 WARN kycontroller::kymux_controller::server - Kynet accept failed: connection error: Endpoint closed
2026-09-15T20:56:17.312 WARN kycontroller::kymux_controller::server - Kynet accept failed: connection error: Endpoint closed
2026-09-15T20:56:17.312 WARN kycontroller::kymux_controller::server - Kynet accept failed: connection error: Endpoint closed
2026-09-15T20:56:17.312 WARN kycontroller::kymux_controller::server - Kynet accept failed: connection error: Endpoint closed
2026-09-15T20:56:17.312 WARN kycontroller::kymux_controller::server - Kynet accept failed: connection error: Endpoint closed
2026-09-15T20:56:17.312 WARN kycontroller::kymux_controller::server - Kynet accept failed: connection error: Endpoint closed
2026-09-15T20:56:17.312 WARN kycontroller::kymux_controller::server - Kynet accept failed: connection error: Endpoint closed
2026-09-15T20:56:17.312 WARN kycontroller::kymux_controller::server - Kynet accept failed: connection error: Endpoint closed
2026-09-15T20:56:17.312 WARN kycontroller::kymux_controller::server - Kynet accept failed: connection error: Endpoint closed
2026-09-15T20:56:17.312 WARN kycontroller::kymux_controller::server - Kynet accept failed: connection error: Endpoint closed
2026-09-15T20:56:17.312 WARN kycontroller::kymux_controller::server - Kynet accept failed: connection error: Endpoint closed
2026-09-15T20:56:17.312 WARN kycontroller::kymux_controller::server - Kynet accept failed: connection error: Endpoint closed
2026-09-15T20:56:17.312 WARN kycontroller::kymux_controller::server - Kynet accept failed: connection error: Endpoint closed
2026-09-15T20:56:17.312 WARN kycontroller::kymux_controller::server - Kynet accept failed: connection error: Endpoint closed
2026-09-15T20:56:17.312 WARN kycontroller::kymux_controller::server - Kynet accept failed: connection error: Endpoint closed
2026-09-15T20:56:17.312 WARN kycontroller::kymux_controller::server - Kynet accept failed: connection error: Endpoint closed
2026-09-15T20:56:17.312 WARN kycontroller::kymux_controller::server - Kynet accept failed: connection error: Endpoint closed
2026-09-15T20:56:17.312 WARN kycontroller::kymux_controller::server - Kynet accept failed: connection error: Endpoint closed
2026-09-15T20:56:17.312 WARN kycontroller::kymux_controller::server - Kynet accept failed: connection error: Endpoint closed
2026-09-15T20:56:17.312 WARN kycontroller::kymux_controller::server - Kynet accept failed: connection error: Endpoint closed
2026-09-15T20:56:17.312 WARN kycontroller::kymux_controller::server - Kynet accept failed: connection error: Endpoint closed
2026-09-15T20:56:17.312 WARN kycontroller::kymux_controller::server - Kynet accept failed: connection error: Endpoint closed
2026-09-15T20:56:17.312 WARN kycontroller::kymux_controller::server - Kynet accept failed: connection error: Endpoint closed
2026-09-15T20:56:17.312 WARN kycontroller::kymux_controller::server - Kynet accept failed: connection error: Endpoint closed
2026-09-15T20:56:17.312 WARN kycontroller::kymux_controller::server - Kynet accept failed: connection error: Endpoint closed
2026-09-15T20:56:17.312 WARN kycontroller::kymux_controller::server - Kynet accept failed: connection error: Endpoint closed
2026-09-15T20:56:17.312 WARN kycontroller::kymux_controller::server - Kynet accept failed: connection error: Endpoint closed
2026-09-15T20:56:17.312 WARN kycontroller::kymux_controller::server - Kynet accept failed: connection error: Endpoint closed
2026-09-15T20:56:17.312 WARN kycontroller::kymux_controller::server - Kynet accept failed: connection error: Endpoint closed
2026-09-15T20:56:17.312 WARN kycontroller::kymux_controller::server - Kynet accept failed: connection error: Endpoint closed
2026-09-15T20:56:17.312 WARN kycontroller::kymux_controller::server - Kynet accept failed: connection error: Endpoint closed
2026-09-15T20:56:17.312 WARN kycontroller::kymux_controller::server - Kynet accept failed: connection error: Endpoint closed
2026-09-15T20:56:17.312 WARN kycontroller::kymux_controller::server - Kynet accept failed: connection error: Endpoint closed
2026-09-15T20:56:17.312 WARN kycontroller::kymux_controller::server - Kynet accept failed: connection error: Endpoint closed
2026-09-15T20:56:17.312 WARN kycontroller::kymux_controller::server - Kynet accept failed: connection error: Endpoint closed
2026-09-15T20:56:17.312 WARN kycontroller::kymux_controller::server - Kynet accept failed: connection error: Endpoint closed
2026-09-15T20:56:17.312 WARN kycontroller::kymux_controller::server - Kynet accept failed: connection error: Endpoint closed
2026-09-15T20:56:17.312 WARN kycontroller::kymux_controller::server - Kynet accept failed: connection error: Endpoint closed
2026-09-15T20:56:17.312 WARN kycontroller::kymux_controller::server - Kynet accept failed: connection error: Endpoint closed
2026-09-15T20:56:17.312 WARN kycontroller::kymux_controller::server - Kynet accept failed: connection error: Endpoint closed
2026-09-15T20:56:17.312 WARN kycontroller::kymux_controller::server - Kynet accept failed: connection error: Endpoint closed
2026-09-15T20:56:17.312 WARN kycontroller::kymux_controller::server - Kynet accept failed: connection error: Endpoint closed
2026-09-15T20:56:17.312 WARN kycontroller::kymux_controller::server - Kynet accept failed: connection error: Endpoint closed
2026-09-15T20:56:17.312 WARN kycontroller::kymux_controller::server - Kynet accept failed: connection error: Endpoint closed
2026-09-15T20:56:17.312 WARN kycontroller::kymux_controller::server - Kynet accept failed: connection error: Endpoint closed
2026-09-15T20:56:17.312 WARN kycontroller::kymux_controller::server - Kynet accept failed: connection error: Endpoint closed
2026-09-15T20:56:17.312 WARN kycontroller::kymux_controller::server - Kynet accept failed: connection error: Endpoint closed
2026-09-15T20:56:17.312 WARN kycontroller::kymux_controller::server - Kynet accept failed: connection error: Endpoint closed
2026-09-15T20:56:17.312 WARN kycontroller::kymux_controller::server - Kynet accept failed: connection error: Endpoint closed
2026-09-15T20:56:17.312 WARN kycontroller::kymux_controller::server - Kynet accept failed: connection error: Endpoint closed
2026-09-15T20:56:17.312 WARN kycontroller::kymux_controller::server - Kynet accept failed: connection error: Endpoint closed
2026-09-15T20:56:17.312 WARN kycontroller::kymux_controller::server - Kynet accept failed: connection error: Endpoint closed
2026-09-15T20:56:17.312 WARN kycontroller::kymux_controller::server - Kynet accept failed: connection error: Endpoint closed
2026-09-15T20:56:17.312 WARN kycontroller::kymux_controller::server - Kynet accept failed: connection error: Endpoint closed
2026-09-15T20:56:17.312 WARN kycontroller::kymux_controller::server - Kynet accept failed: connection error: Endpoint closed
2026-09-15T20:56:17.312 WARN kycontroller::kymux_controller::server - Kynet accept failed: connection error: Endpoint closed
2026-09-15T20:56:17.312 WARN kycontroller::kymux_controller::server - Kynet accept failed: connection error: Endpoint closed
2026-09-15T20:56:17.312 WARN kycontroller::kymux_controller::server - Kynet accept failed: connection error: Endpoint closed
2026-09-15T20:56:17.312 WARN kycontroller::kymux_controller::server - Kynet accept failed: connection error: Endpoint closed
2026-09-15T20:56:17.312 WARN kycontroller::kymux_controller::server - Kynet accept failed: connection error: Endpoint closed
2026-09-15T20:56:17.312 WARN kycontroller::kymux_controller::server - Kynet accept failed: connection error: Endpoint closed
2026-09-15T20:56:17.312 WARN kycontroller::kymux_controller::server - Kynet accept failed: connection error: Endpoint closed
2026-09-15T20:56:17.312 WARN kycontroller::kymux_controller::server - Kynet accept failed: connection error: Endpoint closed
2026-09-15T20:56:17.312 WARN kycontroller::kymux_controller::server - Kynet accept failed: connection error: Endpoint closed
2026-09-15T20:56:17.312 WARN kycontroller::kymux_controller::server - Kynet accept failed: connection error: Endpoint closed
2026-09-15T20:56:17.313 WARN kycontroller::kymux_controller::server - Kynet accept failed: connection error: Endpoint closed
2026-09-15T20:56:17.313 WARN kycontroller::kymux_controller::server - Kynet accept failed: connection error: Endpoint closed
2026-09-15T20:56:17.313 WARN kycontroller::kymux_controller::server - Kynet accept failed: connection error: Endpoint closed
2026-09-15T20:56:17.313 WARN kycontroller::kymux_controller::server - Kynet accept failed: connection error: Endpoint closed
2026-09-15T20:56:17.313 WARN kycontroller::kymux_controller::server - Kynet accept failed: connection error: Endpoint closed
2026-09-15T20:56:17.313 WARN kycontroller::kymux_controller::server - Kynet accept failed: connection error: Endpoint closed
2026-09-15T20:56:17.313 WARN kycontroller::kymux_controller::server - Kynet accept failed: connection error: Endpoint closed
2026-09-15T20:56:17.313 WARN kycontroller::kymux_controller::server - Kynet accept failed: connection error: Endpoint closed
2026-09-15T20:56:17.313 WARN kycontroller::kymux_controller::server - Kynet accept failed: connection error: Endpoint closed
2026-09-15T20:56:17.313 WARN kycontroller::kymux_controller::server - Kynet accept failed: connection error: Endpoint closed
2026-09-15T20:56:17.313 WARN kycontroller::kymux_controller::server - Kynet accept failed: connection error: Endpoint closed
2026-09-15T20:56:17.313 WARN kycontroller::kymux_controller::server - Kynet accept failed: connection error: Endpoint closed
2026-09-15T20:56:17.313 WARN kycontroller::kymux_controller::server - Kynet accept failed: connection error: Endpoint closed
2026-09-15T20:56:17.313 WARN kycontroller::kymux_controller::server - Kynet accept failed: connection error: Endpoint closed
2026-09-15T20:56:17.313 WARN kycontroller::kymux_controller::server - Kynet accept failed: connection error: Endpoint closed
2026-09-15T20:56:17.313 WARN kycontroller::kymux_controller::server - Kynet accept failed: connection error: Endpoint closed
2026-09-15T20:56:17.313 WARN kycontroller::kymux_controller::server - Kynet accept failed: connection error: Endpoint closed
2026-09-15T20:56:17.313 WARN kycontroller::kymux_controller::server - Kynet accept failed: connection error: Endpoint closed
2026-09-15T20:56:17.313 WARN kycontroller::kymux_controller::server - Kynet accept failed: connection error: Endpoint closed
2026-09-15T20:56:17.313 WARN kycontroller::kymux_controller::server - Kynet accept failed: connection error: Endpoint closed
2026-09-15T20:56:17.313 WARN kycontroller::kymux_controller::server - Kynet accept failed: connection error: Endpoint closed
2026-09-15T20:56:17.313 WARN kycontroller::kymux_controller::server - Kynet accept failed: connection error: Endpoint closed
2026-09-15T20:56:17.313 WARN kycontroller::kymux_controller::server - Kynet accept failed: connection error: Endpoint closed
2026-09-15T20:56:17.313 WARN kycontroller::kymux_controller::server - Kynet accept failed: connection error: Endpoint closed
2026-09-15T20:56:17.313 WARN kycontroller::kymux_controller::server - Kynet accept failed: connection error: Endpoint closed
2026-09-15T20:56:17.313 WARN kycontroller::kymux_controller::server - Kynet accept failed: connection error: Endpoint closed
2026-09-15T20:56:17.313 WARN kycontroller::kymux_controller::server - Kynet accept failed: connection error: Endpoint closed
2026-09-15T20:56:17.313 WARN kycontroller::kymux_controller::server - Kynet accept failed: connection error: Endpoint closed
2026-09-15T20:56:17.313 WARN kycontroller::kymux_controller::server - Kynet accept failed: connection error: Endpoint closed
2026-09-15T20:56:17.313 WARN kycontroller::kymux_controller::server - Kynet accept failed: connection error: Endpoint closed
2026-09-15T20:56:17.313 WARN kycontroller::kymux_controller::server - Kynet accept failed: connection error: Endpoint closed
2026-09-15T20:56:17.313 WARN kycontroller::kymux_controller::server - Kynet accept failed: connection error: Endpoint closed
2026-09-15T20:56:17.313 WARN kycontroller::kymux_controller::server - Kynet accept failed: connection error: Endpoint closed
2026-09-15T20:56:17.313 WARN kycontroller::kymux_controller::server - Kynet accept failed: connection error: Endpoint closed
2026-09-15T20:56:17.313 WARN kycontroller::kymux_controller::server - Kynet accept failed: connection error: Endpoint closed
2026-09-15T20:56:17.313 WARN kycontroller::kymux_controller::server - Kynet accept failed: connection error: Endpoint closed
2026-09-15T20:56:17.313 WARN kycontroller::kymux_controller::server - Kynet accept failed: connection error: Endpoint closed
2026-09-15T20:56:17.313 WARN kycontroller::kymux_controller::server - Kynet accept failed: connection error: Endpoint closed
2026-09-15T20:56:17.313 WARN kycontroller::kymux_controller::server - Kynet accept failed: connection error: Endpoint closed
2026-09-15T20:56:17.313 WARN kycontroller::kymux_controller::server - Kynet accept failed: connection error: Endpoint closed
2026-09-15T20:56:17.313 WARN kycontroller::kymux_controller::server - Kynet accept failed: connection error: Endpoint closed
2026-09-15T20:56:17.313 WARN kycontroller::kymux_controller::server - Kynet accept failed: connection error: Endpoint closed
2026-09-15T20:56:17.313 WARN kycontroller::kymux_controller::server - Kynet accept failed: connection error: Endpoint closed
2026-09-15T20:56:17.313 WARN kycontroller::kymux_controller::server - Kynet accept failed: connection error: Endpoint closed
2026-09-15T20:56:17.313 WARN kycontroller::kymux_controller::server - Kynet accept failed: connection error: Endpoint closed
2026-09-15T20:56:17.313 WARN kycontroller::kymux_controller::server - Kynet accept failed: connection error: Endpoint closed
2026-09-15T20:56:17.313 WARN kycontroller::kymux_controller::server - Kynet accept failed: connection error: Endpoint closed
2026-09-15T20:56:17.313 WARN kycontroller::kymux_controller::server - Kynet accept failed: connection error: Endpoint closed
2026-09-15T20:56:17.313 WARN kycontroller::kymux_controller::server - Kynet accept failed: connection error: Endpoint closed
2026-09-15T20:56:17.313 WARN kycontroller::kymux_controller::server - Kynet accept failed: connection error: Endpoint closed
2026-09-15T20:56:17.313 WARN kycontroller::kymux_controller::server - Kynet accept failed: connection error: Endpoint closed
2026-09-15T20:56:17.313 WARN kycontroller::kymux_controller::server - Kynet accept failed: connection error: Endpoint closed
2026-09-15T20:56:17.313 WARN kycontroller::kymux_controller::server - Kynet accept failed: connection error: Endpoint closed
2026-09-15T20:56:17.313 WARN kycontroller::kymux_controller::server - Kynet accept failed: connection error: Endpoint closed
2026-09-15T20:56:17.313 WARN kycontroller::kymux_controller::server - Kynet accept failed: connection error: Endpoint closed
2026-09-15T20:56:17.313 WARN kycontroller::kymux_controller::server - Kynet accept failed: connection error: Endpoint closed
2026-09-15T20:56:17.313 WARN kycontroller::kymux_controller::server - Kynet accept failed: connection error: Endpoint closed
2026-09-15T20:56:17.313 WARN kycontroller::kymux_controller::server - Kynet accept failed: connection error: Endpoint closed
2026-09-15T20:56:17.313 WARN kycontroller::kymux_controller::server - Kynet accept failed: connection error: Endpoint closed
2026-09-15T20:56:17.313 WARN kycontroller::kymux_controller::server - Kynet accept failed: connection error: Endpoint closed
2026-09-15T20:56:17.313 WARN kycontroller::kymux_controller::server - Kynet accept failed: connection error: Endpoint closed
2026-09-15T20:56:17.313 WARN kycontroller::kymux_controller::server - Kynet accept failed: connection error: Endpoint closed
2026-09-15T20:56:17.313 WARN kycontroller::kymux_controller::server - Kynet accept failed: connection error: Endpoint closed
2026-09-15T20:56:17.313 WARN kycontroller::kymux_controller::server - Kynet accept failed: connection error: Endpoint closed
2026-09-15T20:56:17.313 WARN kycontroller::kymux_controller::server - Kynet accept failed: connection error: Endpoint closed
2026-09-15T20:56:17.313 WARN kycontroller::kymux_controller::server - Kynet accept failed: connection error: Endpoint closed
2026-09-15T20:56:17.313 WARN kycontroller::kymux_controller::server - Kynet accept failed: connection error: Endpoint closed
2026-09-15T20:56:17.313 WARN kycontroller::kymux_controller::server - Kynet accept failed: connection error: Endpoint closed
2026-09-15T20:56:17.313 WARN kycontroller::kymux_controller::server - Kynet accept failed: connection error: Endpoint closed
2026-09-15T20:56:17.313 WARN kycontroller::kymux_controller::server - Kynet accept failed: connection error: Endpoint closed
2026-09-15T20:56:17.313 WARN kycontroller::kymux_controller::server - Kynet accept failed: connection error: Endpoint closed
2026-09-15T20:56:17.313 WARN kycontroller::kymux_controller::server - Kynet accept failed: connection error: Endpoint closed
2026-09-15T20:56:17.313 WARN kycontroller::kymux_controller::server - Kynet accept failed: connection error: Endpoint closed
2026-09-15T20:56:17.313 WARN kycontroller::kymux_controller::server - Kynet accept failed: connection error: Endpoint closed
2026-09-15T20:56:17.313 WARN kycontroller::kymux_controller::server - Kynet accept failed: connection error: Endpoint closed
2026-09-15T20:56:17.313 WARN kycontroller::kymux_controller::server - Kynet accept failed: connection error: Endpoint closed
2026-09-15T20:56:17.313 WARN kycontroller::kymux_controller::server - Kynet accept failed: connection error: Endpoint closed
2026-09-15T20:56:17.313 WARN kycontroller::kymux_controller::server - Kynet accept failed: connection error: Endpoint closed
2026-09-15T20:56:17.313 WARN kycontroller::kymux_controller::server - Kynet accept failed: connection error: Endpoint closed
2026-09-15T20:56:17.313 WARN kycontroller::kymux_controller::server - Kynet accept failed: connection error: Endpoint closed
2026-09-15T20:56:17.313 WARN kycontroller::kymux_controller::server - Kynet accept failed: connection error: Endpoint closed
2026-09-15T20:56:17.313 WARN kycontroller::kymux_controller::server - Kynet accept failed: connection error: Endpoint closed
2026-09-15T20:56:17.313 WARN kycontroller::kymux_controller::server - Kynet accept failed: connection error: Endpoint closed
2026-09-15T20:56:17.313 WARN kycontroller::kymux_controller::server - Kynet accept failed: connection error: Endpoint closed
2026-09-15T20:56:17.313 WARN kycontroller::kymux_controller::server - Kynet accept failed: connection error: Endpoint closed
2026-09-15T20:56:17.313 WARN kycontroller::kymux_controller::server - Kynet accept failed: connection error: Endpoint closed
2026-09-15T20:56:17.313 WARN kycontroller::kymux_controller::server - Kynet accept failed: connection error: Endpoint closed
2026-09-15T20:56:17.313 WARN kycontroller::kymux_controller::server - Kynet accept failed: connection error: Endpoint closed
2026-09-15T20:56:17.314 WARN kycontroller::kymux_controller::server - Kynet accept failed: connection error: Endpoint closed
2026-09-15T20:56:17.314 WARN kycontroller::kymux_controller::server - Kynet accept failed: connection error: Endpoint closed
2026-09-15T20:56:17.314 WARN kycontroller::kymux_controller::server - Kynet accept failed: connection error: Endpoint closed
2026-09-15T20:56:17.314 WARN kycontroller::kymux_controller::server - Kynet accept failed: connection error: Endpoint closed
2026-09-15T20:56:17.314 WARN kycontroller::kymux_controller::server - Kynet accept failed: connection error: Endpoint closed
2026-09-15T20:56:17.314 WARN kycontroller::kymux_controller::server - Kynet accept failed: connection error: Endpoint closed
2026-09-15T20:56:17.314 WARN kycontroller::kymux_controller::server - Kynet accept failed: connection error: Endpoint closed
2026-09-15T20:56:17.314 WARN kycontroller::kymux_controller::server - Kynet accept failed: connection error: Endpoint closed
2026-09-15T20:56:17.314 WARN kycontroller::kymux_controller::server - Kynet accept failed: connection error: Endpoint closed
2026-09-15T20:56:17.314 WARN kycontroller::kymux_controller::server - Kynet accept failed: connection error: Endpoint closed
2026-09-15T20:56:17.314 WARN kycontroller::kymux_controller::server - Kynet accept failed: connection error: Endpoint closed
2026-09-15T20:56:17.314 WARN kycontroller::kymux_controller::server - Kynet accept failed: connection error: Endpoint closed
2026-09-15T20:56:17.314 WARN kycontroller::kymux_controller::server - Kynet accept failed: connection error: Endpoint closed
2026-09-15T20:56:17.314 WARN kycontroller::kymux_controller::server - Kynet accept failed: connection error: Endpoint closed
2026-09-15T20:56:17.314 WARN kycontroller::kymux_controller::server - Kynet accept failed: connection error: Endpoint closed
2026-09-15T20:56:17.314 WARN kycontroller::kymux_controller::server - Kynet accept failed: connection error: Endpoint closed
2026-09-15T20:56:17.314 WARN kycontroller::kymux_controller::server - Kynet accept failed: connection error: Endpoint closed
2026-09-15T20:56:17.314 WARN kycontroller::kymux_controller::server - Kynet accept failed: connection error: Endpoint closed
2026-09-15T20:56:17.314 WARN kycontroller::kymux_controller::server - Kynet accept failed: connection error: Endpoint closed
2026-09-15T20:56:17.314 WARN kycontroller::kymux_controller::server - Kynet accept failed: connection error: Endpoint closed
2026-09-15T20:56:17.314 WARN kycontroller::kymux_controller::server - Kynet accept failed: connection error: Endpoint closed
2026-09-15T20:56:17.314 WARN kycontroller::kymux_controller::server - Kynet accept failed: connection error: Endpoint closed
2026-09-15T20:56:17.314 WARN kycontroller::kymux_controller::server - Kynet accept failed: connection error: Endpoint closed
2026-09-15T20:56:17.314 WARN kycontroller::kymux_controller::server - Kynet accept failed: connection error: Endpoint closed
2026-09-15T20:56:17.314 WARN kycontroller::kymux_controller::server - Kynet accept failed: connection error: Endpoint closed
2026-09-15T20:56:17.314 WARN kycontroller::kymux_controller::server - Kynet accept failed: connection error: Endpoint closed
2026-09-15T20:56:17.314 WARN kycontroller::kymux_controller::server - Kynet accept failed: connection error: Endpoint closed
2026-09-15T20:56:17.314 WARN kycontroller::kymux_controller::server - Kynet accept failed: connection error: Endpoint closed
2026-09-15T20:56:17.314 WARN kycontroller::kymux_controller::server - Kynet accept failed: connection error: Endpoint closed
2026-09-15T20:56:17.314 WARN kycontroller::kymux_controller::server - Kynet accept failed: connection error: Endpoint closed
2026-09-15T20:56:17.314 WARN kycontroller::kymux_controller::server - Kynet accept failed: connection error: Endpoint closed
2026-09-15T20:56:17.314 WARN kycontroller::kymux_controller::server - Kynet accept failed: connection error: Endpoint closed
2026-09-15T20:56:17.314 WARN kycontroller::kymux_controller::server - Kynet accept failed: connection error: Endpoint closed
2026-09-15T20:56:17.314 WARN kycontroller::kymux_controller::server - Kynet accept failed: connection error: Endpoint closed
2026-09-15T20:56:17.314 WARN kycontroller::kymux_controller::server - Kynet accept failed: connection error: Endpoint closed
2026-09-15T20:56:17.314 WARN kycontroller::kymux_controller::server - Kynet accept failed: connection error: Endpoint closed
2026-09-15T20:56:17.314 WARN kycontroller::kymux_controller::server - Kynet accept failed: connection error: Endpoint closed
2026-09-15T20:56:17.314 WARN kycontroller::kymux_controller::server - Kynet accept failed: connection error: Endpoint closed
2026-09-15T20:56:17.314 WARN kycontroller::kymux_controller::server - Kynet accept failed: connection error: Endpoint closed
2026-09-15T20:56:17.314 WARN kycontroller::kymux_controller::server - Kynet accept failed: connection error: Endpoint closed
2026-09-15T20:56:17.314 WARN kycontroller::kymux_controller::server - Kynet accept failed: connection error: Endpoint closed
2026-09-15T20:56:17.314 WARN kycontroller::kymux_controller::server - Kynet accept failed: connection error: Endpoint closed
2026-09-15T20:56:17.314 WARN kycontroller::kymux_controller::server - Kynet accept failed: connection error: Endpoint closed
2026-09-15T20:56:17.314 WARN kycontroller::kymux_controller::server - Kynet accept failed: connection error: Endpoint closed
2026-09-15T20:56:17.314 WARN kycontroller::kymux_controller::server - Kynet accept failed: connection error: Endpoint closed
2026-09-15T20:56:17.314 WARN kycontroller::kymux_controller::server - Kynet accept failed: connection error: Endpoint closed
2026-09-15T20:56:17.314 WARN kycontroller::kymux_controller::server - Kynet accept failed: connection error: Endpoint closed
2026-09-15T20:56:17.314 WARN kycontroller::kymux_controller::server - Kynet accept failed: connection error: Endpoint closed
2026-09-15T20:56:17.314 WARN kycontroller::kymux_controller::server - Kynet accept failed: connection error: Endpoint closed
2026-09-15T20:56:17.314 WARN kycontroller::kymux_controller::server - Kynet accept failed: connection error: Endpoint closed
2026-09-15T20:56:17.314 WARN kycontroller::kymux_controller::server - Kynet accept failed: connection error: Endpoint closed
2026-09-15T20:56:17.314 WARN kycontroller::kymux_controller::server - Kynet accept failed: connection error: Endpoint closed
2026-09-15T20:56:17.314 WARN kycontroller::kymux_controller::server - Kynet accept failed: connection error: Endpoint closed
2026-09-15T20:56:17.314 WARN kycontroller::kymux_controller::server - Kynet accept failed: connection error: Endpoint closed
2026-09-15T20:56:17.314 WARN kycontroller::kymux_controller::server - Kynet accept failed: connection error: Endpoint closed
2026-09-15T20:56:17.314 WARN kycontroller::kymux_controller::server - Kynet accept failed: connection error: Endpoint closed
2026-09-15T20:56:17.314 WARN kycontroller::kymux_controller::server - Kynet accept failed: connection error: Endpoint closed
2026-09-15T20:56:17.314 WARN kycontroller::kymux_controller::server - Kynet accept failed: connection error: Endpoint closed
2026-09-15T20:56:17.314 WARN kycontroller::kymux_controller::server - Kynet accept failed: connection error: Endpoint closed
2026-09-15T20:56:17.314 WARN kycontroller::kymux_controller::server - Kynet accept failed: connection error: Endpoint closed
2026-09-15T20:56:17.314 WARN kycontroller::kymux_controller::server - Kynet accept failed: connection error: Endpoint closed
2026-09-15T20:56:17.314 WARN kycontroller::kymux_controller::server - Kynet accept failed: connection error: Endpoint closed
2026-09-15T20:56:17.314 WARN kycontroller::kymux_controller::server - Kynet accept failed: connection error: Endpoint closed
2026-09-15T20:56:17.314 WARN kycontroller::kymux_controller::server - Kynet accept failed: connection error: Endpoint closed
2026-09-15T20:56:17.314 WARN kycontroller::kymux_controller::server - Kynet accept failed: connection error: Endpoint closed
2026-09-15T20:56:17.314 WARN kycontroller::kymux_controller::server - Kynet accept failed: connection error: Endpoint closed
2026-09-15T20:56:17.314 WARN kycontroller::kymux_controller::server - Kynet accept failed: connection error: Endpoint closed
2026-09-15T20:56:17.314 WARN kycontroller::kymux_controller::server - Kynet accept failed: connection error: Endpoint closed
2026-09-15T20:56:17.314 WARN kycontroller::kymux_controller::server - Kynet accept failed: connection error: Endpoint closed
2026-09-15T20:56:17.314 WARN kycontroller::kymux_controller::server - Kynet accept failed: connection error: Endpoint closed
2026-09-15T20:56:17.314 WARN kycontroller::kymux_controller::server - Kynet accept failed: connection error: Endpoint closed
2026-09-15T20:56:17.314 WARN kycontroller::kymux_controller::server - Kynet accept failed: connection error: Endpoint closed
2026-09-15T20:56:17.314 WARN kycontroller::kymux_controller::server - Kynet accept failed: connection error: Endpoint closed
2026-09-15T20:56:17.314 WARN kycontroller::kymux_controller::server - Kynet accept failed: connection error: Endpoint closed
2026-09-15T20:56:17.314 WARN kycontroller::kymux_controller::server - Kynet accept failed: connection error: Endpoint closed
2026-09-15T20:56:17.314 WARN kycontroller::kymux_controller::server - Kynet accept failed: connection error: Endpoint closed
2026-09-15T20:56:17.314 WARN kycontroller::kymux_controller::server - Kynet accept failed: connection error: Endpoint closed
2026-09-15T20:56:17.314 WARN kycontroller::kymux_controller::server - Kynet accept failed: connection error: Endpoint closed
2026-09-15T20:56:17.314 WARN kycontroller::kymux_controller::server - Kynet accept failed: connection error: Endpoint closed
2026-09-15T20:56:17.314 WARN kycontroller::kymux_controller::server - Kynet accept failed: connection error: Endpoint closed
2026-09-15T20:56:17.314 WARN kycontroller::kymux_controller::server - Kynet accept failed: connection error: Endpoint closed
2026-09-15T20:56:17.314 WARN kycontroller::kymux_controller::server - Kynet accept failed: connection error: Endpoint closed
2026-09-15T20:56:17.314 WARN kycontroller::kymux_controller::server - Kynet accept failed: connection error: Endpoint closed
2026-09-15T20:56:17.314 WARN kycontroller::kymux_controller::server - Kynet accept failed: connection error: Endpoint closed
2026-09-15T20:56:17.314 WARN kycontroller::kymux_controller::server - Kynet accept failed: connection error: Endpoint closed
2026-09-15T20:56:17.314 WARN kycontroller::kymux_controller::server - Kynet accept failed: connection error: Endpoint closed
2026-09-15T20:56:17.314 WARN kycontroller::kymux_controller::server - Kynet accept failed: connection error: Endpoint closed
2026-09-15T20:56:17.314 WARN kycontroller::kymux_controller::server - Kynet accept failed: connection error: Endpoint closed
2026-09-15T20:56:17.314 WARN kycontroller::kymux_controller::server - Kynet accept failed: connection error: Endpoint closed
2026-09-15T20:56:17.314 WARN kycontroller::kymux_controller::server - Kynet accept failed: connection error: Endpoint closed
2026-09-15T20:56:17.314 WARN kycontroller::kymux_controller::server - Kynet accept failed: connection error: Endpoint closed
2026-09-15T20:56:17.315 WARN kycontroller::kymux_controller::server - Kynet accept failed: connection error: Endpoint closed
2026-09-15T20:56:17.315 WARN kycontroller::kymux_controller::server - Kynet accept failed: connection error: Endpoint closed
2026-09-15T20:56:17.315 WARN kycontroller::kymux_controller::server - Kynet accept failed: connection error: Endpoint closed
2026-09-15T20:56:17.315 WARN kycontroller::kymux_controller::server - Kynet accept failed: connection error: Endpoint closed
2026-09-15T20:56:17.315 WARN kycontroller::kymux_controller::server - Kynet accept failed: connection error: Endpoint closed
2026-09-15T20:56:17.315 WARN kycontroller::kymux_controller::server - Kynet accept failed: connection error: Endpoint closed
2026-09-15T20:56:17.315 WARN kycontroller::kymux_controller::server - Kynet accept failed: connection error: Endpoint closed
2026-09-15T20:56:17.315 WARN kycontroller::kymux_controller::server - Kynet accept failed: connection error: Endpoint closed
2026-09-15T20:56:17.315 WARN kycontroller::kymux_controller::server - Kynet accept failed: connection error: Endpoint closed
2026-09-15T20:56:17.315 WARN kycontroller::kymux_controller::server - Kynet accept failed: connection error: Endpoint closed
2026-09-15T20:56:17.315 WARN kycontroller::kymux_controller::server - Kynet accept failed: connection error: Endpoint closed
2026-09-15T20:56:17.315 WARN kycontroller::kymux_controller::server - Kynet accept failed: connection error: Endpoint closed
2026-09-15T20:56:17.315 WARN kycontroller::kymux_controller::server - Kynet accept failed: connection error: Endpoint closed
2026-09-15T20:56:17.315 WARN kycontroller::kymux_controller::server - Kynet accept failed: connection error: Endpoint closed
2026-09-15T20:56:17.315 WARN kycontroller::kymux_controller::server - Kynet accept failed: connection error: Endpoint closed
2026-09-15T20:56:17.315 WARN kycontroller::kymux_controller::server - Kynet accept failed: connection error: Endpoint closed
2026-09-15T20:56:17.315 WARN kycontroller::kymux_controller::server - Kynet accept failed: connection error: Endpoint closed
2026-09-15T20:56:17.315 WARN kycontroller::kymux_controller::server - Kynet accept failed: connection error: Endpoint closed
2026-09-15T20:56:17.315 WARN kycontroller::kymux_controller::server - Kynet accept failed: connection error: Endpoint closed
2026-09-15T20:56:17.315 WARN kycontroller::kymux_controller::server - Kynet accept failed: connection error: Endpoint closed
2026-09-15T20:56:17.315 WARN kycontroller::kymux_controller::server - Kynet accept failed: connection error: Endpoint closed
2026-09-15T20:56:17.315 WARN kycontroller::kymux_controller::server - Kynet accept failed: connection error: Endpoint closed
2026-09-15T20:56:17.315 WARN kycontroller::kymux_controller::server - Kynet accept failed: connection error: Endpoint closed
2026-09-15T20:56:17.315 WARN kycontroller::kymux_controller::server - Kynet accept failed: connection error: Endpoint closed
2026-09-15T20:56:17.315 WARN kycontroller::kymux_controller::server - Kynet accept failed: connection error: Endpoint closed
2026-09-15T20:56:17.315 WARN kycontroller::kymux_controller::server - Kynet accept failed: connection error: Endpoint closed
2026-09-15T20:56:17.315 WARN kycontroller::kymux_controller::server - Kynet accept failed: connection error: Endpoint closed
2026-09-15T20:56:17.315 WARN kycontroller::kymux_controller::server - Kynet accept failed: connection error: Endpoint closed
2026-09-15T20:56:17.315 WARN kycontroller::kymux_controller::server - Kynet accept failed: connection error: Endpoint closed
2026-09-15T20:56:17.315 WARN kycontroller::kymux_controller::server - Kynet accept failed: connection error: Endpoint closed
2026-09-15T20:56:17.315 WARN kycontroller::kymux_controller::server - Kynet accept failed: connection error: Endpoint closed
2026-09-15T20:56:17.315 WARN kycontroller::kymux_controller::server - Kynet accept failed: connection error: Endpoint closed
2026-09-15T20:56:17.315 WARN kycontroller::kymux_controller::server - Kynet accept failed: connection error: Endpoint closed
2026-09-15T20:56:17.315 WARN kycontroller::kymux_controller::server - Kynet accept failed: connection error: Endpoint closed
2026-09-15T20:56:17.315 WARN kycontroller::kymux_controller::server - Kynet accept failed: connection error: Endpoint closed
2026-09-15T20:56:17.315 WARN kycontroller::kymux_controller::server - Kynet accept failed: connection error: Endpoint closed
2026-09-15T20:56:17.315 WARN kycontroller::kymux_controller::server - Kynet accept failed: connection error: Endpoint closed
2026-09-15T20:56:17.315 WARN kycontroller::kymux_controller::server - Kynet accept failed: connection error: Endpoint closed
2026-09-15T20:56:17.315 WARN kycontroller::kymux_controller::server - Kynet accept failed: connection error: Endpoint closed
2026-09-15T20:56:17.315 WARN kycontroller::kymux_controller::server - Kynet accept failed: connection error: Endpoint closed
2026-09-15T20:56:17.315 WARN kycontroller::kymux_controller::server - Kynet accept failed: connection error: Endpoint closed
2026-09-15T20:56:17.315 WARN kycontroller::kymux_controller::server - Kynet accept failed: connection error: Endpoint closed
2026-09-15T20:56:17.315 WARN kycontroller::kymux_controller::server - Kynet accept failed: connection error: Endpoint closed
2026-09-15T20:56:17.315 WARN kycontroller::kymux_controller::server - Kynet accept failed: connection error: Endpoint closed
2026-09-15T20:56:17.315 WARN kycontroller::kymux_controller::server - Kynet accept failed: connection error: Endpoint closed
2026-09-15T20:56:17.315 WARN kycontroller::kymux_controller::server - Kynet accept failed: connection error: Endpoint closed
2026-09-15T20:56:17.315 WARN kycontroller::kymux_controller::server - Kynet accept failed: connection error: Endpoint closed
2026-09-15T20:56:17.315 WARN kycontroller::kymux_controller::server - Kynet accept failed: connection error: Endpoint closed
2026-09-15T20:56:17.315 WARN kycontroller::kymux_controller::server - Kynet accept failed: connection error: Endpoint closed
2026-09-15T20:56:17.315 WARN kycontroller::kymux_controller::server - Kynet accept failed: connection error: Endpoint closed
2026-09-15T20:56:17.315 WARN kycontroller::kymux_controller::server - Kynet accept failed: connection error: Endpoint closed
2026-09-15T20:56:17.315 WARN kycontroller::kymux_controller::server - Kynet accept failed: connection error: Endpoint closed
2026-09-15T20:56:17.315 WARN kycontroller::kymux_controller::server - Kynet accept failed: connection error: Endpoint closed
2026-09-15T20:56:17.315 WARN kycontroller::kymux_controller::server - Kynet accept failed: connection error: Endpoint closed
2026-09-15T20:56:17.315 WARN kycontroller::kymux_controller::server - Kynet accept failed: connection error: Endpoint closed
2026-09-15T20:56:17.315 WARN kycontroller::kymux_controller::server - Kynet accept failed: connection error: Endpoint closed
2026-09-15T20:56:17.315 WARN kycontroller::kymux_controller::server - Kynet accept failed: connection error: Endpoint closed
2026-09-15T20:56:17.315 WARN kycontroller::kymux_controller::server - Kynet accept failed: connection error: Endpoint closed
2026-09-15T20:56:17.315 WARN kycontroller::kymux_controller::server - Kynet accept failed: connection error: Endpoint closed
2026-09-15T20:56:17.315 WARN kycontroller::kymux_controller::server - Kynet accept failed: connection error: Endpoint closed
2026-09-15T20:56:17.315 WARN kycontroller::kymux_controller::server - Kynet accept failed: connection error: Endpoint closed
2026-09-15T20:56:17.315 WARN kycontroller::kymux_controller::server - Kynet accept failed: connection error: Endpoint closed
2026-09-15T20:56:17.315 WARN kycontroller::kymux_controller::server - Kynet accept failed: connection error: Endpoint closed
2026-09-15T20:56:17.315 WARN kycontroller::kymux_controller::server - Kynet accept failed: connection error: Endpoint closed
2026-09-15T20:56:17.315 WARN kycontroller::kymux_controller::server - Kynet accept failed: connection error: Endpoint closed
2026-09-15T20:56:17.315 WARN kycontroller::kymux_controller::server - Kynet accept failed: connection error: Endpoint closed
2026-09-15T20:56:17.315 WARN kycontroller::kymux_controller::server - Kynet accept failed: connection error: Endpoint closed
2026-09-15T20:56:17.315 WARN kycontroller::kymux_controller::server - Kynet accept failed: connection error: Endpoint closed
2026-09-15T20:56:17.315 WARN kycontroller::kymux_controller::server - Kynet accept failed: connection error: Endpoint closed
2026-09-15T20:56:17.315 WARN kycontroller::kymux_controller::server - Kynet accept failed: connection error: Endpoint closed
2026-09-15T20:56:17.315 WARN kycontroller::kymux_controller::server - Kynet accept failed: connection error: Endpoint closed
2026-09-15T20:56:17.315 WARN kycontroller::kymux_controller::server - Kynet accept failed: connection error: Endpoint closed
2026-09-15T20:56:17.315 WARN kycontroller::kymux_controller::server - Kynet accept failed: connection error: Endpoint closed
2026-09-15T20:56:17.315 WARN kycontroller::kymux_controller::server - Kynet accept failed: connection error: Endpoint closed
2026-09-15T20:56:17.315 WARN kycontroller::kymux_controller::server - Kynet accept failed: connection error: Endpoint closed
2026-09-15T20:56:17.315 WARN kycontroller::kymux_controller::server - Kynet accept failed: connection error: Endpoint closed
2026-09-15T20:56:17.315 WARN kycontroller::kymux_controller::server - Kynet accept failed: connection error: Endpoint closed
2026-09-15T20:56:17.315 WARN kycontroller::kymux_controller::server - Kynet accept failed: connection error: Endpoint closed
2026-09-15T20:56:17.315 WARN kycontroller::kymux_controller::server - Kynet accept failed: connection error: Endpoint closed
2026-09-15T20:56:17.315 WARN kycontroller::kymux_controller::server - Kynet accept failed: connection error: Endpoint closed
2026-09-15T20:56:17.315 WARN kycontroller::kymux_controller::server - Kynet accept failed: connection error: Endpoint closed
2026-09-15T20:56:17.315 WARN kycontroller::kymux_controller::server - Kynet accept failed: connection error: Endpoint closed
2026-09-15T20:56:17.315 WARN kycontroller::kymux_controller::server - Kynet accept failed: connection error: Endpoint closed
2026-09-15T20:56:17.315 WARN kycontroller::kymux_controller::server - Kynet accept failed: connection error: Endpoint closed
2026-09-15T20:56:17.315 WARN kycontroller::kymux_controller::server - Kynet accept failed: connection error: Endpoint closed
2026-09-15T20:56:17.315 WARN kycontroller::kymux_controller::server - Kynet accept failed: connection error: Endpoint closed
2026-09-15T20:56:17.315 WARN kycontroller::kymux_controller::server - Kynet accept failed: connection error: Endpoint closed
2026-09-15T20:56:17.315 WARN kycontroller::kymux_controller::server - Kynet accept failed: connection error: Endpoint closed
2026-09-15T20:56:17.315 WARN kycontroller::kymux_controller::server - Kynet accept failed: connection error: Endpoint closed
2026-09-15T20:56:17.315 WARN kycontroller::kymux_controller::server - Kynet accept failed: connection error: Endpoint closed
2026-09-15T20:56:17.315 WARN kycontroller::kymux_controller::server - Kynet accept failed: connection error: Endpoint closed
2026-09-15T20:56:17.315 WARN kycontroller::kymux_controller::server - Kynet accept failed: connection error: Endpoint closed
2026-09-15T20:56:17.315 WARN kycontroller::kymux_controller::server - Kynet accept failed: connection error: Endpoint closed
2026-09-15T20:56:17.315 WARN kycontroller::kymux_controller::server - Kynet accept failed: connection error: Endpoint closed
2026-09-15T20:56:17.315 WARN kycontroller::kymux_controller::server - Kynet accept failed: connection error: Endpoint closed
2026-09-15T20:56:17.315 WARN kycontroller::kymux_controller::server - Kynet accept failed: connection error: Endpoint closed
2026-09-15T20:56:17.315 WARN kycontroller::kymux_controller::server - Kynet accept failed: connection error: Endpoint closed
2026-09-15T20:56:17.315 WARN kycontroller::kymux_controller::server - Kynet accept failed: connection error: Endpoint closed
2026-09-15T20:56:17.315 WARN kycontroller::kymux_controller::server - Kynet accept failed: connection error: Endpoint closed
2026-09-15T20:56:17.315 WARN kycontroller::kymux_controller::server - Kynet accept failed: connection error: Endpoint closed
2026-09-15T20:56:17.315 WARN kycontroller::kymux_controller::server - Kynet accept failed: connection error: Endpoint closed
2026-09-15T20:56:17.315 WARN kycontroller::kymux_controller::server - Kynet accept failed: connection error: Endpoint closed
2026-09-15T20:56:17.315 WARN kycontroller::kymux_controller::server - Kynet accept failed: connection error: Endpoint closed
2026-09-15T20:56:17.315 WARN kycontroller::kymux_controller::server - Kynet accept failed: connection error: Endpoint closed
2026-09-15T20:56:17.315 WARN kycontroller::kymux_controller::server - Kynet accept failed: connection error: Endpoint closed
2026-09-15T20:56:17.315 WARN kycontroller::kymux_controller::server - Kynet accept failed: connection error: Endpoint closed
2026-09-15T20:56:17.315 WARN kycontroller::kymux_controller::server - Kynet accept failed: connection error: Endpoint closed
2026-09-15T20:56:17.315 WARN kycontroller::kymux_controller::server - Kynet accept failed: connection error: Endpoint closed
2026-09-15T20:56:17.315 WARN kycontroller::kymux_controller::server - Kynet accept failed: connection error: Endpoint closed
2026-09-15T20:56:17.315 WARN kycontroller::kymux_controller::server - Kynet accept failed: connection error: Endpoint closed
2026-09-15T20:56:17.315 WARN kycontroller::kymux_controller::server - Kynet accept failed: connection error: Endpoint closed
2026-09-15T20:56:17.316 WARN kycontroller::kymux_controller::server - Kynet accept failed: connection error: Endpoint closed
2026-09-15T20:56:17.316 WARN kycontroller::kymux_controller::server - Kynet accept failed: connection error: Endpoint closed
2026-09-15T20:56:17.316 WARN kycontroller::kymux_controller::server - Kynet accept failed: connection error: Endpoint closed
2026-09-15T20:56:17.316 WARN kycontroller::kymux_controller::server - Kynet accept failed: connection error: Endpoint closed
2026-09-15T20:56:17.316 WARN kycontroller::kymux_controller::server - Kynet accept failed: connection error: Endpoint closed
2026-09-15T20:56:17.316 WARN kycontroller::kymux_controller::server - Kynet accept failed: connection error: Endpoint closed
2026-09-15T20:56:17.316 WARN kycontroller::kymux_controller::server - Kynet accept failed: connection error: Endpoint closed
2026-09-15T20:56:17.316 WARN kycontroller::kymux_controller::server - Kynet accept failed: connection error: Endpoint closed
2026-09-15T20:56:17.316 WARN kycontroller::kymux_controller::server - Kynet accept failed: connection error: Endpoint closed
2026-09-15T20:56:17.316 WARN kycontroller::kymux_controller::server - Kynet accept failed: connection error: Endpoint closed
2026-09-15T20:56:17.316 WARN kycontroller::kymux_controller::server - Kynet accept failed: connection error: Endpoint closed
2026-09-15T20:56:17.316 WARN kycontroller::kymux_controller::server - Kynet accept failed: connection error: Endpoint closed
2026-09-15T20:56:17.316 WARN kycontroller::kymux_controller::server - Kynet accept failed: connection error: Endpoint closed
2026-09-15T20:56:17.316 WARN kycontroller::kymux_controller::server - Kynet accept failed: connection error: Endpoint closed
2026-09-15T20:56:17.316 WARN kycontroller::kymux_controller::server - Kynet accept failed: connection error: Endpoint closed
2026-09-15T20:56:17.316 WARN kycontroller::kymux_controller::server - Kynet accept failed: connection error: Endpoint closed
2026-09-15T20:56:17.316 WARN kycontroller::kymux_controller::server - Kynet accept failed: connection error: Endpoint closed
2026-09-15T20:56:17.316 WARN kycontroller::kymux_controller::server - Kynet accept failed: connection error: Endpoint closed
2026-09-15T20:56:17.316 WARN kycontroller::kymux_controller::server - Kynet accept failed: connection error: Endpoint closed
2026-09-15T20:56:17.316 WARN kycontroller::kymux_controller::server - Kynet accept failed: connection error: Endpoint closed
2026-09-15T20:56:17.316 WARN kycontroller::kymux_controller::server - Kynet accept failed: connection error: Endpoint closed
2026-09-15T20:56:17.316 WARN kycontroller::kymux_controller::server - Kynet accept failed: connection error: Endpoint closed
2026-09-15T20:56:17.316 WARN kycontroller::kymux_controller::server - Kynet accept failed: connection error: Endpoint closed
2026-09-15T20:56:17.316 WARN kycontroller::kymux_controller::server - Kynet accept failed: connection error: Endpoint closed
2026-09-15T20:56:17.316 WARN kycontroller::kymux_controller::server - Kynet accept failed: connection error: Endpoint closed
2026-09-15T20:56:17.316 WARN kycontroller::kymux_controller::server - Kynet accept failed: connection error: Endpoint closed
2026-09-15T20:56:17.316 WARN kycontroller::kymux_controller::server - Kynet accept failed: connection error: Endpoint closed
2026-09-15T20:56:17.316 WARN kycontroller::kymux_controller::server - Kynet accept failed: connection error: Endpoint closed
2026-09-15T20:56:17.316 WARN kycontroller::kymux_controller::server - Kynet accept failed: connection error: Endpoint closed
2026-09-15T20:56:17.316 WARN kycontroller::kymux_controller::server - Kynet accept failed: connection error: Endpoint closed
2026-09-15T20:56:17.316 WARN kycontroller::kymux_controller::server - Kynet accept failed: connection error: Endpoint closed
2026-09-15T20:56:17.316 WARN kycontroller::kymux_controller::server - Kynet accept failed: connection error: Endpoint closed
2026-09-15T20:56:17.316 WARN kycontroller::kymux_controller::server - Kynet accept failed: connection error: Endpoint closed
2026-09-15T20:56:17.316 WARN kycontroller::kymux_controller::server - Kynet accept failed: connection error: Endpoint closed
2026-09-15T20:56:17.316 WARN kycontroller::kymux_controller::server - Kynet accept failed: connection error: Endpoint closed
2026-09-15T20:56:17.316 WARN kycontroller::kymux_controller::server - Kynet accept failed: connection error: Endpoint closed
2026-09-15T20:56:17.316 WARN kycontroller::kymux_controller::server - Kynet accept failed: connection error: Endpoint closed
2026-09-15T20:56:17.316 WARN kycontroller::kymux_controller::server - Kynet accept failed: connection error: Endpoint closed
2026-09-15T20:56:17.316 WARN kycontroller::kymux_controller::server - Kynet accept failed: connection error: Endpoint closed
2026-09-15T20:56:17.316 WARN kycontroller::kymux_controller::server - Kynet accept failed: connection error: Endpoint closed
2026-09-15T20:56:17.316 WARN kycontroller::kymux_controller::server - Kynet accept failed: connection error: Endpoint closed
2026-09-15T20:56:17.316 WARN kycontroller::kymux_controller::server - Kynet accept failed: connection error: Endpoint closed
2026-09-15T20:56:17.316 WARN kycontroller::kymux_controller::server - Kynet accept failed: connection error: Endpoint closed
2026-09-15T20:56:17.316 WARN kycontroller::kymux_controller::server - Kynet accept failed: connection error: Endpoint closed
2026-09-15T20:56:17.316 WARN kycontroller::kymux_controller::server - Kynet accept failed: connection error: Endpoint closed
2026-09-15T20:56:17.316 WARN kycontroller::kymux_controller::server - Kynet accept failed: connection error: Endpoint closed
2026-09-15T20:56:17.316 WARN kycontroller::kymux_controller::server - Kynet accept failed: connection error: Endpoint closed
2026-09-15T20:56:17.316 WARN kycontroller::kymux_controller::server - Kynet accept failed: connection error: Endpoint closed
2026-09-15T20:56:17.316 WARN kycontroller::kymux_controller::server - Kynet accept failed: connection error: Endpoint closed
2026-09-15T20:56:17.316 WARN kycontroller::kymux_controller::server - Kynet accept failed: connection error: Endpoint closed
2026-09-15T20:56:17.316 WARN kycontroller::kymux_controller::server - Kynet accept failed: connection error: Endpoint closed
2026-09-15T20:56:17.316 WARN kycontroller::kymux_controller::server - Kynet accept failed: connection error: Endpoint closed
2026-09-15T20:56:17.316 WARN kycontroller::kymux_controller::server - Kynet accept failed: connection error: Endpoint closed
2026-09-15T20:56:17.316 WARN kycontroller::kymux_controller::server - Kynet accept failed: connection error: Endpoint closed
2026-09-15T20:56:17.316 WARN kycontroller::kymux_controller::server - Kynet accept failed: connection error: Endpoint closed
2026-09-15T20:56:17.316 WARN kycontroller::kymux_controller::server - Kynet accept failed: connection error: Endpoint closed
2026-09-15T20:56:17.316 WARN kycontroller::kymux_controller::server - Kynet accept failed: connection error: Endpoint closed
2026-09-15T20:56:17.316 WARN kycontroller::kymux_controller::server - Kynet accept failed: connection error: Endpoint closed
2026-09-15T20:56:17.316 WARN kycontroller::kymux_controller::server - Kynet accept failed: connection error: Endpoint closed
2026-09-15T20:56:17.316 WARN kycontroller::kymux_controller::server - Kynet accept failed: connection error: Endpoint closed
2026-09-15T20:56:17.316 WARN kycontroller::kymux_controller::server - Kynet accept failed: connection error: Endpoint closed
2026-09-15T20:56:17.316 WARN kycontroller::kymux_controller::server - Kynet accept failed: connection error: Endpoint closed
2026-09-15T20:56:17.316 WARN kycontroller::kymux_controller::server - Kynet accept failed: connection error: Endpoint closed
2026-09-15T20:56:17.316 WARN kycontroller::kymux_controller::server - Kynet accept failed: connection error: Endpoint closed
2026-09-15T20:56:17.316 WARN kycontroller::kymux_controller::server - Kynet accept failed: connection error: Endpoint closed
2026-09-15T20:56:17.316 WARN kycontroller::kymux_controller::server - Kynet accept failed: connection error: Endpoint closed
2026-09-15T20:56:17.316 WARN kycontroller::kymux_controller::server - Kynet accept failed: connection error: Endpoint closed
2026-09-15T20:56:17.316 WARN kycontroller::kymux_controller::server - Kynet accept failed: connection error: Endpoint closed
2026-09-15T20:56:17.316 WARN kycontroller::kymux_controller::server - Kynet accept failed: connection error: Endpoint closed
2026-09-15T20:56:17.316 WARN kycontroller::kymux_controller::server - Kynet accept failed: connection error: Endpoint closed
2026-09-15T20:56:17.316 WARN kycontroller::kymux_controller::server - Kynet accept failed: connection error: Endpoint closed
2026-09-15T20:56:17.316 WARN kycontroller::kymux_controller::server - Kynet accept failed: connection error: Endpoint closed
2026-09-15T20:56:17.316 WARN kycontroller::kymux_controller::server - Kynet accept failed: connection error: Endpoint closed
2026-09-15T20:56:17.316 WARN kycontroller::kymux_controller::server - Kynet accept failed: connection error: Endpoint closed
2026-09-15T20:56:17.316 WARN kycontroller::kymux_controller::server - Kynet accept failed: connection error: Endpoint closed
2026-09-15T20:56:17.316 WARN kycontroller::kymux_controller::server - Kynet accept failed: connection error: Endpoint closed
2026-09-15T20:56:17.316 WARN kycontroller::kymux_controller::server - Kynet accept failed: connection error: Endpoint closed
2026-09-15T20:56:17.316 WARN kycontroller::kymux_controller::server - Kynet accept failed: connection error: Endpoint closed
2026-09-15T20:56:17.316 WARN kycontroller::kymux_controller::server - Kynet accept failed: connection error: Endpoint closed
2026-09-15T20:56:17.316 WARN kycontroller::kymux_controller::server - Kynet accept failed: connection error: Endpoint closed
2026-09-15T20:56:17.316 WARN kycontroller::kymux_controller::server - Kynet accept failed: connection error: Endpoint closed
2026-09-15T20:56:17.316 WARN kycontroller::kymux_controller::server - Kynet accept failed: connection error: Endpoint closed
2026-09-15T20:56:17.316 WARN kycontroller::kymux_controller::server - Kynet accept failed: connection error: Endpoint closed
2026-09-15T20:56:17.316 WARN kycontroller::kymux_controller::server - Kynet accept failed: connection error: Endpoint closed
2026-09-15T20:56:17.316 WARN kycontroller::kymux_controller::server - Kynet accept failed: connection error: Endpoint closed
2026-09-15T20:56:17.316 WARN kycontroller::kymux_controller::server - Kynet accept failed: connection error: Endpoint closed
2026-09-15T20:56:17.316 WARN kycontroller::kymux_controller::server - Kynet accept failed: connection error: Endpoint closed
2026-09-15T20:56:17.316 WARN kycontroller::kymux_controller::server - Kynet accept failed: connection error: Endpoint closed
2026-09-15T20:56:17.316 WARN kycontroller::kymux_controller::server - Kynet accept failed: connection error: Endpoint closed
2026-09-15T20:56:17.316 WARN kycontroller::kymux_controller::server - Kynet accept failed: connection error: Endpoint closed
2026-09-15T20:56:17.316 WARN kycontroller::kymux_controller::server - Kynet accept failed: connection error: Endpoint closed
2026-09-15T20:56:17.316 WARN kycontroller::kymux_controller::server - Kynet accept failed: connection error: Endpoint closed
2026-09-15T20:56:17.316 WARN kycontroller::kymux_controller::server - Kynet accept failed: connection error: Endpoint closed
2026-09-15T20:56:17.316 WARN kycontroller::kymux_controller::server - Kynet accept failed: connection error: Endpoint closed
2026-09-15T20:56:17.316 WARN kycontroller::kymux_controller::server - Kynet accept failed: connection error: Endpoint closed
2026-09-15T20:56:17.316 WARN kycontroller::kymux_controller::server - Kynet accept failed: connection error: Endpoint closed
2026-09-15T20:56:17.316 WARN kycontroller::kymux_controller::server - Kynet accept failed: connection error: Endpoint closed
2026-09-15T20:56:17.316 WARN kycontroller::kymux_controller::server - Kynet accept failed: connection error: Endpoint closed
2026-09-15T20:56:17.316 WARN kycontroller::kymux_controller::server - Kynet accept failed: connection error: Endpoint closed
2026-09-15T20:56:17.316 WARN kycontroller::kymux_controller::server - Kynet accept failed: connection error: Endpoint closed
2026-09-15T20:56:17.316 WARN kycontroller::kymux_controller::server - Kynet accept failed: connection error: Endpoint closed
2026-09-15T20:56:17.316 WARN kycontroller::kymux_controller::server - Kynet accept failed: connection error: Endpoint closed
2026-09-15T20:56:17.316 WARN kycontroller::kymux_controller::server - Kynet accept failed: connection error: Endpoint closed
2026-09-15T20:56:17.316 WARN kycontroller::kymux_controller::server - Kynet accept failed: connection error: Endpoint closed
2026-09-15T20:56:17.316 WARN kycontroller::kymux_controller::server - Kynet accept failed: connection error: Endpoint closed
2026-09-15T20:56:17.316 WARN kycontroller::kymux_controller::server - Kynet accept failed: connection error: Endpoint closed
2026-09-15T20:56:17.316 WARN kycontroller::kymux_controller::server - Kynet accept failed: connection error: Endpoint closed
2026-09-15T20:56:17.316 WARN kycontroller::kymux_controller::server - Kynet accept failed: connection error: Endpoint closed
2026-09-15T20:56:17.316 WARN kycontroller::kymux_controller::server - Kynet accept failed: connection error: Endpoint closed
2026-09-15T20:56:17.316 WARN kycontroller::kymux_controller::server - Kynet accept failed: connection error: Endpoint closed
2026-09-15T20:56:17.316 WARN kycontroller::kymux_controller::server - Kynet accept failed: connection error: Endpoint closed
2026-09-15T20:56:17.316 WARN kycontroller::kymux_controller::server - Kynet accept failed: connection error: Endpoint closed
2026-09-15T20:56:17.316 WARN kycontroller::kymux_controller::server - Kynet accept failed: connection error: Endpoint closed
2026-09-15T20:56:17.316 WARN kycontroller::kymux_controller::server - Kynet accept failed: connection error: Endpoint closed
2026-09-15T20:56:17.317 WARN kycontroller::kymux_controller::server - Kynet accept failed: connection error: Endpoint closed
2026-09-15T20:56:17.317 WARN kycontroller::kymux_controller::server - Kynet accept failed: connection error: Endpoint closed
2026-09-15T20:56:17.317 WARN kycontroller::kymux_controller::server - Kynet accept failed: connection error: Endpoint closed
2026-09-15T20:56:17.317 WARN kycontroller::kymux_controller::server - Kynet accept failed: connection error: Endpoint closed
2026-09-15T20:56:17.317 WARN kycontroller::kymux_controller::server - Kynet accept failed: connection error: Endpoint closed
2026-09-15T20:56:17.317 WARN kycontroller::kymux_controller::server - Kynet accept failed: connection error: Endpoint closed
2026-09-15T20:56:17.317 WARN kycontroller::kymux_controller::server - Kynet accept failed: connection error: Endpoint closed
2026-09-15T20:56:17.317 WARN kycontroller::kymux_controller::server - Kynet accept failed: connection error: Endpoint closed
2026-09-15T20:56:17.317 WARN kycontroller::kymux_controller::server - Kynet accept failed: connection error: Endpoint closed
2026-09-15T20:56:17.317 WARN kycontroller::kymux_controller::server - Kynet accept failed: connection error: Endpoint closed
2026-09-15T20:56:17.317 WARN kycontroller::kymux_controller::server - Kynet accept failed: connection error: Endpoint closed
2026-09-15T20:56:17.317 WARN kycontroller::kymux_controller::server - Kynet accept failed: connection error: Endpoint closed
2026-09-15T20:56:17.317 WARN kycontroller::kymux_controller::server - Kynet accept failed: connection error: Endpoint closed
2026-09-15T20:56:17.317 WARN kycontroller::kymux_controller::server - Kynet accept failed: connection error: Endpoint closed
2026-09-15T20:56:17.317 WARN kycontroller::kymux_controller::server - Kynet accept failed: connection error: Endpoint closed
2026-09-15T20:56:17.317 WARN kycontroller::kymux_controller::server - Kynet accept failed: connection error: Endpoint closed
2026-09-15T20:56:17.317 WARN kycontroller::kymux_controller::server - Kynet accept failed: connection error: Endpoint closed
2026-09-15T20:56:17.317 WARN kycontroller::kymux_controller::server - Kynet accept failed: connection error: Endpoint closed
2026-09-15T20:56:17.317 WARN kycontroller::kymux_controller::server - Kynet accept failed: connection error: Endpoint closed
2026-09-15T20:56:17.317 WARN kycontroller::kymux_controller::server - Kynet accept failed: connection error: Endpoint closed
2026-09-15T20:56:17.317 WARN kycontroller::kymux_controller::server - Kynet accept failed: connection error: Endpoint closed
2026-09-15T20:56:17.317 WARN kycontroller::kymux_controller::server - Kynet accept failed: connection error: Endpoint closed
2026-09-15T20:56:17.317 WARN kycontroller::kymux_controller::server - Kynet accept failed: connection error: Endpoint closed
2026-09-15T20:56:17.317 WARN kycontroller::kymux_controller::server - Kynet accept failed: connection error: Endpoint closed
2026-09-15T20:56:17.317 WARN kycontroller::kymux_controller::server - Kynet accept failed: connection error: Endpoint closed
2026-09-15T20:56:17.317 WARN kycontroller::kymux_controller::server - Kynet accept failed: connection error: Endpoint closed
2026-09-15T20:56:17.317 WARN kycontroller::kymux_controller::server - Kynet accept failed: connection error: Endpoint closed
2026-09-15T20:56:17.317 WARN kycontroller::kymux_controller::server - Kynet accept failed: connection error: Endpoint closed
2026-09-15T20:56:17.317 WARN kycontroller::kymux_controller::server - Kynet accept failed: connection error: Endpoint closed
2026-09-15T20:56:17.317 WARN kycontroller::kymux_controller::server - Kynet accept failed: connection error: Endpoint closed
2026-09-15T20:56:17.317 WARN kycontroller::kymux_controller::server - Kynet accept failed: connection error: Endpoint closed
2026-09-15T20:56:17.317 WARN kycontroller::kymux_controller::server - Kynet accept failed: connection error: Endpoint closed
2026-09-15T20:56:17.317 WARN kycontroller::kymux_controller::server - Kynet accept failed: connection error: Endpoint closed
2026-09-15T20:56:17.317 WARN kycontroller::kymux_controller::server - Kynet accept failed: connection error: Endpoint closed
2026-09-15T20:56:17.317 WARN kycontroller::kymux_controller::server - Kynet accept failed: connection error: Endpoint closed
2026-09-15T20:56:17.317 WARN kycontroller::kymux_controller::server - Kynet accept failed: connection error: Endpoint closed
2026-09-15T20:56:17.317 WARN kycontroller::kymux_controller::server - Kynet accept failed: connection error: Endpoint closed
2026-09-15T20:56:17.317 WARN kycontroller::kymux_controller::server - Kynet accept failed: connection error: Endpoint closed
2026-09-15T20:56:17.317 WARN kycontroller::kymux_controller::server - Kynet accept failed: connection error: Endpoint closed
2026-09-15T20:56:17.317 WARN kycontroller::kymux_controller::server - Kynet accept failed: connection error: Endpoint closed
2026-09-15T20:56:17.317 WARN kycontroller::kymux_controller::server - Kynet accept failed: connection error: Endpoint closed
2026-09-15T20:56:17.317 WARN kycontroller::kymux_controller::server - Kynet accept failed: connection error: Endpoint closed
2026-09-15T20:56:17.317 WARN kycontroller::kymux_controller::server - Kynet accept failed: connection error: Endpoint closed
2026-09-15T20:56:17.317 WARN kycontroller::kymux_controller::server - Kynet accept failed: connection error: Endpoint closed
2026-09-15T20:56:17.317 WARN kycontroller::kymux_controller::server - Kynet accept failed: connection error: Endpoint closed
2026-09-15T20:56:17.317 WARN kycontroller::kymux_controller::server - Kynet accept failed: connection error: Endpoint closed
2026-09-15T20:56:17.317 WARN kycontroller::kymux_controller::server - Kynet accept failed: connection error: Endpoint closed
2026-09-15T20:56:17.317 WARN kycontroller::kymux_controller::server - Kynet accept failed: connection error: Endpoint closed
2026-09-15T20:56:17.317 WARN kycontroller::kymux_controller::server - Kynet accept failed: connection error: Endpoint closed
2026-09-15T20:56:17.317 WARN kycontroller::kymux_controller::server - Kynet accept failed: connection error: Endpoint closed
2026-09-15T20:56:17.317 WARN kycontroller::kymux_controller::server - Kynet accept failed: connection error: Endpoint closed
2026-09-15T20:56:17.317 WARN kycontroller::kymux_controller::server - Kynet accept failed: connection error: Endpoint closed
2026-09-15T20:56:17.317 WARN kycontroller::kymux_controller::server - Kynet accept failed: connection error: Endpoint closed
2026-09-15T20:56:17.317 WARN kycontroller::kymux_controller::server - Kynet accept failed: connection error: Endpoint closed
2026-09-15T20:56:17.317 WARN kycontroller::kymux_controller::server - Kynet accept failed: connection error: Endpoint closed
2026-09-15T20:56:17.317 WARN kycontroller::kymux_controller::server - Kynet accept failed: connection error: Endpoint closed
2026-09-15T20:56:17.317 WARN kycontroller::kymux_controller::server - Kynet accept failed: connection error: Endpoint closed
2026-09-15T20:56:17.317 WARN kycontroller::kymux_controller::server - Kynet accept failed: connection error: Endpoint closed
2026-09-15T20:56:17.317 WARN kycontroller::kymux_controller::server - Kynet accept failed: connection error: Endpoint closed
2026-09-15T20:56:17.317 WARN kycontroller::kymux_controller::server - Kynet accept failed: connection error: Endpoint closed
2026-09-15T20:56:17.317 WARN kycontroller::kymux_controller::server - Kynet accept failed: connection error: Endpoint closed
2026-09-15T20:56:17.317 WARN kycontroller::kymux_controller::server - Kynet accept failed: connection error: Endpoint closed
2026-09-15T20:56:17.317 WARN kycontroller::kymux_controller::server - Kynet accept failed: connection error: Endpoint closed
2026-09-15T20:56:17.317 WARN kycontroller::kymux_controller::server - Kynet accept failed: connection error: Endpoint closed
2026-09-15T20:56:17.317 WARN kycontroller::kymux_controller::server - Kynet accept failed: connection error: Endpoint closed
2026-09-15T20:56:17.317 WARN kycontroller::kymux_controller::server - Kynet accept failed: connection error: Endpoint closed
2026-09-15T20:56:17.317 WARN kycontroller::kymux_controller::server - Kynet accept failed: connection error: Endpoint closed
2026-09-15T20:56:17.317 WARN kycontroller::kymux_controller::server - Kynet accept failed: connection error: Endpoint closed
2026-09-15T20:56:17.317 WARN kycontroller::kymux_controller::server - Kynet accept failed: connection error: Endpoint closed
2026-09-15T20:56:17.317 WARN kycontroller::kymux_controller::server - Kynet accept failed: connection error: Endpoint closed
2026-09-15T20:56:17.317 WARN kycontroller::kymux_controller::server - Kynet accept failed: connection error: Endpoint closed
2026-09-15T20:56:17.317 WARN kycontroller::kymux_controller::server - Kynet accept failed: connection error: Endpoint closed
2026-09-15T20:56:17.317 WARN kycontroller::kymux_controller::server - Kynet accept failed: connection error: Endpoint closed
2026-09-15T20:56:17.317 WARN kycontroller::kymux_controller::server - Kynet accept failed: connection error: Endpoint closed
2026-09-15T20:56:17.317 WARN kycontroller::kymux_controller::server - Kynet accept failed: connection error: Endpoint closed
2026-09-15T20:56:17.317 WARN kycontroller::kymux_controller::server - Kynet accept failed: connection error: Endpoint closed
2026-09-15T20:56:17.317 WARN kycontroller::kymux_controller::server - Kynet accept failed: connection error: Endpoint closed
2026-09-15T20:56:17.317 WARN kycontroller::kymux_controller::server - Kynet accept failed: connection error: Endpoint closed
2026-09-15T20:56:17.317 WARN kycontroller::kymux_controller::server - Kynet accept failed: connection error: Endpoint closed
2026-09-15T20:56:17.317 WARN kycontroller::kymux_controller::server - Kynet accept failed: connection error: Endpoint closed
2026-09-15T20:56:17.317 WARN kycontroller::kymux_controller::server - Kynet accept failed: connection error: Endpoint closed
2026-09-15T20:56:17.317 WARN kycontroller::kymux_controller::server - Kynet accept failed: connection error: Endpoint closed
2026-09-15T20:56:17.317 WARN kycontroller::kymux_controller::server - Kynet accept failed: connection error: Endpoint closed
2026-09-15T20:56:17.317 WARN kycontroller::kymux_controller::server - Kynet accept failed: connection error: Endpoint closed
2026-09-15T20:56:17.317 WARN kycontroller::kymux_controller::server - Kynet accept failed: connection error: Endpoint closed
2026-09-15T20:56:17.317 WARN kycontroller::kymux_controller::server - Kynet accept failed: connection error: Endpoint closed
2026-09-15T20:56:17.317 WARN kycontroller::kymux_controller::server - Kynet accept failed: connection error: Endpoint closed
2026-09-15T20:56:17.317 WARN kycontroller::kymux_controller::server - Kynet accept failed: connection error: Endpoint closed
2026-09-15T20:56:17.317 WARN kycontroller::kymux_controller::server - Kynet accept failed: connection error: Endpoint closed
2026-09-15T20:56:17.317 WARN kycontroller::kymux_controller::server - Kynet accept failed: connection error: Endpoint closed
2026-09-15T20:56:17.317 WARN kycontroller::kymux_controller::server - Kynet accept failed: connection error: Endpoint closed
2026-09-15T20:56:17.317 WARN kycontroller::kymux_controller::server - Kynet accept failed: connection error: Endpoint closed
2026-09-15T20:56:17.317 WARN kycontroller::kymux_controller::server - Kynet accept failed: connection error: Endpoint closed
2026-09-15T20:56:17.317 WARN kycontroller::kymux_controller::server - Kynet accept failed: connection error: Endpoint closed
2026-09-15T20:56:17.317 WARN kycontroller::kymux_controller::server - Kynet accept failed: connection error: Endpoint closed
2026-09-15T20:56:17.317 WARN kycontroller::kymux_controller::server - Kynet accept failed: connection error: Endpoint closed
2026-09-15T20:56:17.317 WARN kycontroller::kymux_controller::server - Kynet accept failed: connection error: Endpoint closed
2026-09-15T20:56:17.317 WARN kycontroller::kymux_controller::server - Kynet accept failed: connection error: Endpoint closed
2026-09-15T20:56:17.317 WARN kycontroller::kymux_controller::server - Kynet accept failed: connection error: Endpoint closed
2026-09-15T20:56:17.317 WARN kycontroller::kymux_controller::server - Kynet accept failed: connection error: Endpoint closed
2026-09-15T20:56:17.317 WARN kycontroller::kymux_controller::server - Kynet accept failed: connection error: Endpoint closed
2026-09-15T20:56:17.317 WARN kycontroller::kymux_controller::server - Kynet accept failed: connection error: Endpoint closed
2026-09-15T20:56:17.317 WARN kycontroller::kymux_controller::server - Kynet accept failed: connection error: Endpoint closed
2026-09-15T20:56:17.317 WARN kycontroller::kymux_controller::server - Kynet accept failed: connection error: Endpoint closed
2026-09-15T20:56:17.317 WARN kycontroller::kymux_controller::server - Kynet accept failed: connection error: Endpoint closed
2026-09-15T20:56:17.317 WARN kycontroller::kymux_controller::server - Kynet accept failed: connection error: Endpoint closed
2026-09-15T20:56:17.317 WARN kycontroller::kymux_controller::server - Kynet accept failed: connection error: Endpoint closed
2026-09-15T20:56:17.317 WARN kycontroller::kymux_controller::server - Kynet accept failed: connection error: Endpoint closed
2026-09-15T20:56:17.317 WARN kycontroller::kymux_controller::server - Kynet accept failed: connection error: Endpoint closed
2026-09-15T20:56:17.317 WARN kycontroller::kymux_controller::server - Kynet accept failed: connection error: Endpoint closed
2026-09-15T20:56:17.317 WARN kycontroller::kymux_controller::server - Kynet accept failed: connection error: Endpoint closed
2026-09-15T20:56:17.318 WARN kycontroller::kymux_controller::server - Kynet accept failed: connection error: Endpoint closed
2026-09-15T20:56:17.318 WARN kycontroller::kymux_controller::server - Kynet accept failed: connection error: Endpoint closed
2026-09-15T20:56:17.318 WARN kycontroller::kymux_controller::server - Kynet accept failed: connection error: Endpoint closed
2026-09-15T20:56:17.318 WARN kycontroller::kymux_controller::server - Kynet accept failed: connection error: Endpoint closed
2026-09-15T20:56:17.318 WARN kycontroller::kymux_controller::server - Kynet accept failed: connection error: Endpoint closed
2026-09-15T20:56:17.318 WARN kycontroller::kymux_controller::server - Kynet accept failed: connection error: Endpoint closed
2026-09-15T20:56:17.318 WARN kycontroller::kymux_controller::server - Kynet accept failed: connection error: Endpoint closed
2026-09-15T20:56:17.318 WARN kycontroller::kymux_controller::server - Kynet accept failed: connection error: Endpoint closed
2026-09-15T20:56:17.318 WARN kycontroller::kymux_controller::server - Kynet accept failed: connection error: Endpoint closed
2026-09-15T20:56:17.318 WARN kycontroller::kymux_controller::server - Kynet accept failed: connection error: Endpoint closed
2026-09-15T20:56:17.318 WARN kycontroller::kymux_controller::server - Kynet accept failed: connection error: Endpoint closed
2026-09-15T20:56:17.318 WARN kycontroller::kymux_controller::server - Kynet accept failed: connection error: Endpoint closed
2026-09-15T20:56:17.318 WARN kycontroller::kymux_controller::server - Kynet accept failed: connection error: Endpoint closed
2026-09-15T20:56:17.318 WARN kycontroller::kymux_controller::server - Kynet accept failed: connection error: Endpoint closed
2026-09-15T20:56:17.318 WARN kycontroller::kymux_controller::server - Kynet accept failed: connection error: Endpoint closed
2026-09-15T20:56:17.318 WARN kycontroller::kymux_controller::server - Kynet accept failed: connection error: Endpoint closed
2026-09-15T20:56:17.318 WARN kycontroller::kymux_controller::server - Kynet accept failed: connection error: Endpoint closed
2026-09-15T20:56:17.318 WARN kycontroller::kymux_controller::server - Kynet accept failed: connection error: Endpoint closed
2026-09-15T20:56:17.318 WARN kycontroller::kymux_controller::server - Kynet accept failed: connection error: Endpoint closed
2026-09-15T20:56:17.318 WARN kycontroller::kymux_controller::server - Kynet accept failed: connection error: Endpoint closed
2026-09-15T20:56:17.318 WARN kycontroller::kymux_controller::server - Kynet accept failed: connection error: Endpoint closed
2026-09-15T20:56:17.318 WARN kycontroller::kymux_controller::server - Kynet accept failed: connection error: Endpoint closed
2026-09-15T20:56:17.318 WARN kycontroller::kymux_controller::server - Kynet accept failed: connection error: Endpoint closed
2026-09-15T20:56:17.318 WARN kycontroller::kymux_controller::server - Kynet accept failed: connection error: Endpoint closed
2026-09-15T20:56:17.318 WARN kycontroller::kymux_controller::server - Kynet accept failed: connection error: Endpoint closed
2026-09-15T20:56:17.318 WARN kycontroller::kymux_controller::server - Kynet accept failed: connection error: Endpoint closed
2026-09-15T20:56:17.318 WARN kycontroller::kymux_controller::server - Kynet accept failed: connection error: Endpoint closed
2026-09-15T20:56:17.318 WARN kycontroller::kymux_controller::server - Kynet accept failed: connection error: Endpoint closed
2026-09-15T20:56:17.318 WARN kycontroller::kymux_controller::server - Kynet accept failed: connection error: Endpoint closed
2026-09-15T20:56:17.318 WARN kycontroller::kymux_controller::server - Kynet accept failed: connection error: Endpoint closed
2026-09-15T20:56:17.318 WARN kycontroller::kymux_controller::server - Kynet accept failed: connection error: Endpoint closed
2026-09-15T20:56:17.318 WARN kycontroller::kymux_controller::server - Kynet accept failed: connection error: Endpoint closed
2026-09-15T20:56:17.318 WARN kycontroller::kymux_controller::server - Kynet accept failed: connection error: Endpoint closed
2026-09-15T20:56:17.318 WARN kycontroller::kymux_controller::server - Kynet accept failed: connection error: Endpoint closed
2026-09-15T20:56:17.318 WARN kycontroller::kymux_controller::server - Kynet accept failed: connection error: Endpoint closed
2026-09-15T20:56:17.318 WARN kycontroller::kymux_controller::server - Kynet accept failed: connection error: Endpoint closed
2026-09-15T20:56:17.318 WARN kycontroller::kymux_controller::server - Kynet accept failed: connection error: Endpoint closed
2026-09-15T20:56:17.318 WARN kycontroller::kymux_controller::server - Kynet accept failed: connection error: Endpoint closed
2026-09-15T20:56:17.318 WARN kycontroller::kymux_controller::server - Kynet accept failed: connection error: Endpoint closed
2026-09-15T20:56:17.318 WARN kycontroller::kymux_controller::server - Kynet accept failed: connection error: Endpoint closed
2026-09-15T20:56:17.318 WARN kycontroller::kymux_controller::server - Kynet accept failed: connection error: Endpoint closed
2026-09-15T20:56:17.318 WARN kycontroller::kymux_controller::server - Kynet accept failed: connection error: Endpoint closed
2026-09-15T20:56:17.318 WARN kycontroller::kymux_controller::server - Kynet accept failed: connection error: Endpoint closed
2026-09-15T20:56:17.318 WARN kycontroller::kymux_controller::server - Kynet accept failed: connection error: Endpoint closed
2026-09-15T20:56:17.318 WARN kycontroller::kymux_controller::server - Kynet accept failed: connection error: Endpoint closed
2026-09-15T20:56:17.318 WARN kycontroller::kymux_controller::server - Kynet accept failed: connection error: Endpoint closed
2026-09-15T20:56:17.318 WARN kycontroller::kymux_controller::server - Kynet accept failed: connection error: Endpoint closed
2026-09-15T20:56:17.318 WARN kycontroller::kymux_controller::server - Kynet accept failed: connection error: Endpoint closed
2026-09-15T20:56:17.318 WARN kycontroller::kymux_controller::server - Kynet accept failed: connection error: Endpoint closed
2026-09-15T20:56:17.318 WARN kycontroller::kymux_controller::server - Kynet accept failed: connection error: Endpoint closed
2026-09-15T20:56:17.318 WARN kycontroller::kymux_controller::server - Kynet accept failed: connection error: Endpoint closed
2026-09-15T20:56:17.318 WARN kycontroller::kymux_controller::server - Kynet accept failed: connection error: Endpoint closed
2026-09-15T20:56:17.318 WARN kycontroller::kymux_controller::server - Kynet accept failed: connection error: Endpoint closed
2026-09-15T20:56:17.318 WARN kycontroller::kymux_controller::server - Kynet accept failed: connection error: Endpoint closed
2026-09-15T20:56:17.318 WARN kycontroller::kymux_controller::server - Kynet accept failed: connection error: Endpoint closed
2026-09-15T20:56:17.318 WARN kycontroller::kymux_controller::server - Kynet accept failed: connection error: Endpoint closed
2026-09-15T20:56:17.318 WARN kycontroller::kymux_controller::server - Kynet accept failed: connection error: Endpoint closed
2026-09-15T20:56:17.318 WARN kycontroller::kymux_controller::server - Kynet accept failed: connection error: Endpoint closed
2026-09-15T20:56:17.318 WARN kycontroller::kymux_controller::server - Kynet accept failed: connection error: Endpoint closed
2026-09-15T20:56:17.318 WARN kycontroller::kymux_controller::server - Kynet accept failed: connection error: Endpoint closed
2026-09-15T20:56:17.318 WARN kycontroller::kymux_controller::server - Kynet accept failed: connection error: Endpoint closed
2026-09-15T20:56:17.318 WARN kycontroller::kymux_controller::server - Kynet accept failed: connection error: Endpoint closed
2026-09-15T20:56:17.318 WARN kycontroller::kymux_controller::server - Kynet accept failed: connection error: Endpoint closed
2026-09-15T20:56:17.318 WARN kycontroller::kymux_controller::server - Kynet accept failed: connection error: Endpoint closed
2026-09-15T20:56:17.318 WARN kycontroller::kymux_controller::server - Kynet accept failed: connection error: Endpoint closed
2026-09-15T20:56:17.318 WARN kycontroller::kymux_controller::server - Kynet accept failed: connection error: Endpoint closed
2026-09-15T20:56:17.318 WARN kycontroller::kymux_controller::server - Kynet accept failed: connection error: Endpoint closed
2026-09-15T20:56:17.318 WARN kycontroller::kymux_controller::server - Kynet accept failed: connection error: Endpoint closed
2026-09-15T20:56:17.318 WARN kycontroller::kymux_controller::server - Kynet accept failed: connection error: Endpoint closed
2026-09-15T20:56:17.318 WARN kycontroller::kymux_controller::server - Kynet accept failed: connection error: Endpoint closed
2026-09-15T20:56:17.318 WARN kycontroller::kymux_controller::server - Kynet accept failed: connection error: Endpoint closed
2026-09-15T20:56:17.318 WARN kycontroller::kymux_controller::server - Kynet accept failed: connection error: Endpoint closed
2026-09-15T20:56:17.318 WARN kycontroller::kymux_controller::server - Kynet accept failed: connection error: Endpoint closed
2026-09-15T20:56:17.318 WARN kycontroller::kymux_controller::server - Kynet accept failed: connection error: Endpoint closed
2026-09-15T20:56:17.318 WARN kycontroller::kymux_controller::server - Kynet accept failed: connection error: Endpoint closed
2026-09-15T20:56:17.318 WARN kycontroller::kymux_controller::server - Kynet accept failed: connection error: Endpoint closed
2026-09-15T20:56:17.318 WARN kycontroller::kymux_controller::server - Kynet accept failed: connection error: Endpoint closed
2026-09-15T20:56:17.318 WARN kycontroller::kymux_controller::server - Kynet accept failed: connection error: Endpoint closed
2026-09-15T20:56:17.318 WARN kycontroller::kymux_controller::server - Kynet accept failed: connection error: Endpoint closed
2026-09-15T20:56:17.318 WARN kycontroller::kymux_controller::server - Kynet accept failed: connection error: Endpoint closed
2026-09-15T20:56:17.318 WARN kycontroller::kymux_controller::server - Kynet accept failed: connection error: Endpoint closed
2026-09-15T20:56:17.318 WARN kycontroller::kymux_controller::server - Kynet accept failed: connection error: Endpoint closed
2026-09-15T20:56:17.318 WARN kycontroller::kymux_controller::server - Kynet accept failed: connection error: Endpoint closed
2026-09-15T20:56:17.318 WARN kycontroller::kymux_controller::server - Kynet accept failed: connection error: Endpoint closed
2026-09-15T20:56:17.318 WARN kycontroller::kymux_controller::server - Kynet accept failed: connection error: Endpoint closed
2026-09-15T20:56:17.318 WARN kycontroller::kymux_controller::server - Kynet accept failed: connection error: Endpoint closed
2026-09-15T20:56:17.318 WARN kycontroller::kymux_controller::server - Kynet accept failed: connection error: Endpoint closed
2026-09-15T20:56:17.318 WARN kycontroller::kymux_controller::server - Kynet accept failed: connection error: Endpoint closed
2026-09-15T20:56:17.318 WARN kycontroller::kymux_controller::server - Kynet accept failed: connection error: Endpoint closed
2026-09-15T20:56:17.318 WARN kycontroller::kymux_controller::server - Kynet accept failed: connection error: Endpoint closed
2026-09-15T20:56:17.318 WARN kycontroller::kymux_controller::server - Kynet accept failed: connection error: Endpoint closed
2026-09-15T20:56:17.318 WARN kycontroller::kymux_controller::server - Kynet accept failed: connection error: Endpoint closed
2026-09-15T20:56:17.318 WARN kycontroller::kymux_controller::server - Kynet accept failed: connection error: Endpoint closed
2026-09-15T20:56:17.318 WARN kycontroller::kymux_controller::server - Kynet accept failed: connection error: Endpoint closed
2026-09-15T20:56:17.318 WARN kycontroller::kymux_controller::server - Kynet accept failed: connection error: Endpoint closed
2026-09-15T20:56:17.318 WARN kycontroller::kymux_controller::server - Kynet accept failed: connection error: Endpoint closed
2026-09-15T20:56:17.318 WARN kycontroller::kymux_controller::server - Kynet accept failed: connection error: Endpoint closed
2026-09-15T20:56:17.318 WARN kycontroller::kymux_controller::server - Kynet accept failed: connection error: Endpoint closed
2026-09-15T20:56:17.318 WARN kycontroller::kymux_controller::server - Kynet accept failed: connection error: Endpoint closed
2026-09-15T20:56:17.318 WARN kycontroller::kymux_controller::server - Kynet accept failed: connection error: Endpoint closed
2026-09-15T20:56:17.318 WARN kycontroller::kymux_controller::server - Kynet accept failed: connection error: Endpoint closed
2026-09-15T20:56:17.318 WARN kycontroller::kymux_controller::server - Kynet accept failed: connection error: Endpoint closed
2026-09-15T20:56:17.318 WARN kycontroller::kymux_controller::server - Kynet accept failed: connection error: Endpoint closed
2026-09-15T20:56:17.318 WARN kycontroller::kymux_controller::server - Kynet accept failed: connection error: Endpoint closed
2026-09-15T20:56:17.318 WARN kycontroller::kymux_controller::server - Kynet accept failed: connection error: Endpoint closed
2026-09-15T20:56:17.318 WARN kycontroller::kymux_controller::server - Kynet accept failed: connection error: Endpoint closed
2026-09-15T20:56:17.318 WARN kycontroller::kymux_controller::server - Kynet accept failed: connection error: Endpoint closed
2026-09-15T20:56:17.318 WARN kycontroller::kymux_controller::server - Kynet accept failed: connection error: Endpoint closed
2026-09-15T20:56:17.318 WARN kycontroller::kymux_controller::server - Kynet accept failed: connection error: Endpoint closed
2026-09-15T20:56:17.318 WARN kycontroller::kymux_controller::server - Kynet accept failed: connection error: Endpoint closed
2026-09-15T20:56:17.318 WARN kycontroller::kymux_controller::server - Kynet accept failed: connection error: Endpoint closed
2026-09-15T20:56:17.319 WARN kycontroller::kymux_controller::server - Kynet accept failed: connection error: Endpoint closed
2026-09-15T20:56:17.319 WARN kycontroller::kymux_controller::server - Kynet accept failed: connection error: Endpoint closed
2026-09-15T20:56:17.319 WARN kycontroller::kymux_controller::server - Kynet accept failed: connection error: Endpoint closed
2026-09-15T20:56:17.319 WARN kycontroller::kymux_controller::server - Kynet accept failed: connection error: Endpoint closed
2026-09-15T20:56:17.319 WARN kycontroller::kymux_controller::server - Kynet accept failed: connection error: Endpoint closed
2026-09-15T20:56:17.319 WARN kycontroller::kymux_controller::server - Kynet accept failed: connection error: Endpoint closed
2026-09-15T20:56:17.319 WARN kycontroller::kymux_controller::server - Kynet accept failed: connection error: Endpoint closed
2026-09-15T20:56:17.319 WARN kycontroller::kymux_controller::server - Kynet accept failed: connection error: Endpoint closed
2026-09-15T20:56:17.319 WARN kycontroller::kymux_controller::server - Kynet accept failed: connection error: Endpoint closed
2026-09-15T20:56:17.319 WARN kycontroller::kymux_controller::server - Kynet accept failed: connection error: Endpoint closed
2026-09-15T20:56:17.319 WARN kycontroller::kymux_controller::server - Kynet accept failed: connection error: Endpoint closed
2026-09-15T20:56:17.319 WARN kycontroller::kymux_controller::server - Kynet accept failed: connection error: Endpoint closed
2026-09-15T20:56:17.319 WARN kycontroller::kymux_controller::server - Kynet accept failed: connection error: Endpoint closed
2026-09-15T20:56:17.319 WARN kycontroller::kymux_controller::server - Kynet accept failed: connection error: Endpoint closed
2026-09-15T20:56:17.319 WARN kycontroller::kymux_controller::server - Kynet accept failed: connection error: Endpoint closed
2026-09-15T20:56:17.319 WARN kycontroller::kymux_controller::server - Kynet accept failed: connection error: Endpoint closed
2026-09-15T20:56:17.319 WARN kycontroller::kymux_controller::server - Kynet accept failed: connection error: Endpoint closed
2026-09-15T20:56:17.319 WARN kycontroller::kymux_controller::server - Kynet accept failed: connection error: Endpoint closed
2026-09-15T20:56:17.319 WARN kycontroller::kymux_controller::server - Kynet accept failed: connection error: Endpoint closed
2026-09-15T20:56:17.319 WARN kycontroller::kymux_controller::server - Kynet accept failed: connection error: Endpoint closed
2026-09-15T20:56:17.319 WARN kycontroller::kymux_controller::server - Kynet accept failed: connection error: Endpoint closed
2026-09-15T20:56:17.319 WARN kycontroller::kymux_controller::server - Kynet accept failed: connection error: Endpoint closed
2026-09-15T20:56:17.319 WARN kycontroller::kymux_controller::server - Kynet accept failed: connection error: Endpoint closed
2026-09-15T20:56:17.319 WARN kycontroller::kymux_controller::server - Kynet accept failed: connection error: Endpoint closed
2026-09-15T20:56:17.319 WARN kycontroller::kymux_controller::server - Kynet accept failed: connection error: Endpoint closed
2026-09-15T20:56:17.319 WARN kycontroller::kymux_controller::server - Kynet accept failed: connection error: Endpoint closed
2026-09-15T20:56:17.319 WARN kycontroller::kymux_controller::server - Kynet accept failed: connection error: Endpoint closed
2026-09-15T20:56:17.319 WARN kycontroller::kymux_controller::server - Kynet accept failed: connection error: Endpoint closed
2026-09-15T20:56:17.319 WARN kycontroller::kymux_controller::server - Kynet accept failed: connection error: Endpoint closed
2026-09-15T20:56:17.319 WARN kycontroller::kymux_controller::server - Kynet accept failed: connection error: Endpoint closed
2026-09-15T20:56:17.319 WARN kycontroller::kymux_controller::server - Kynet accept failed: connection error: Endpoint closed
2026-09-15T20:56:17.319 WARN kycontroller::kymux_controller::server - Kynet accept failed: connection error: Endpoint closed
2026-09-15T20:56:17.319 WARN kycontroller::kymux_controller::server - Kynet accept failed: connection error: Endpoint closed
2026-09-15T20:56:17.319 WARN kycontroller::kymux_controller::server - Kynet accept failed: connection error: Endpoint closed
2026-09-15T20:56:17.319 WARN kycontroller::kymux_controller::server - Kynet accept failed: connection error: Endpoint closed
2026-09-15T20:56:17.319 WARN kycontroller::kymux_controller::server - Kynet accept failed: connection error: Endpoint closed
2026-09-15T20:56:17.319 WARN kycontroller::kymux_controller::server - Kynet accept failed: connection error: Endpoint closed
2026-09-15T20:56:17.319 WARN kycontroller::kymux_controller::server - Kynet accept failed: connection error: Endpoint closed
2026-09-15T20:56:17.319 WARN kycontroller::kymux_controller::server - Kynet accept failed: connection error: Endpoint closed
2026-09-15T20:56:17.319 WARN kycontroller::kymux_controller::server - Kynet accept failed: connection error: Endpoint closed
2026-09-15T20:56:17.319 WARN kycontroller::kymux_controller::server - Kynet accept failed: connection error: Endpoint closed
2026-09-15T20:56:17.319 WARN kycontroller::kymux_controller::server - Kynet accept failed: connection error: Endpoint closed
2026-09-15T20:56:17.319 WARN kycontroller::kymux_controller::server - Kynet accept failed: connection error: Endpoint closed
2026-09-15T20:56:17.319 WARN kycontroller::kymux_controller::server - Kynet accept failed: connection error: Endpoint closed
2026-09-15T20:56:17.319 WARN kycontroller::kymux_controller::server - Kynet accept failed: connection error: Endpoint closed
2026-09-15T20:56:17.319 WARN kycontroller::kymux_controller::server - Kynet accept failed: connection error: Endpoint closed
2026-09-15T20:56:17.319 WARN kycontroller::kymux_controller::server - Kynet accept failed: connection error: Endpoint closed
2026-09-15T20:56:17.319 WARN kycontroller::kymux_controller::server - Kynet accept failed: connection error: Endpoint closed
2026-09-15T20:56:17.319 WARN kycontroller::kymux_controller::server - Kynet accept failed: connection error: Endpoint closed
2026-09-15T20:56:17.319 WARN kycontroller::kymux_controller::server - Kynet accept failed: connection error: Endpoint closed
2026-09-15T20:56:17.319 WARN kycontroller::kymux_controller::server - Kynet accept failed: connection error: Endpoint closed
2026-09-15T20:56:17.319 WARN kycontroller::kymux_controller::server - Kynet accept failed: connection error: Endpoint closed
2026-09-15T20:56:17.319 WARN kycontroller::kymux_controller::server - Kynet accept failed: connection error: Endpoint closed
2026-09-15T20:56:17.319 WARN kycontroller::kymux_controller::server - Kynet accept failed: connection error: Endpoint closed
2026-09-15T20:56:17.319 WARN kycontroller::kymux_controller::server - Kynet accept failed: connection error: Endpoint closed
2026-09-15T20:56:17.319 WARN kycontroller::kymux_controller::server - Kynet accept failed: connection error: Endpoint closed
2026-09-15T20:56:17.319 WARN kycontroller::kymux_controller::server - Kynet accept failed: connection error: Endpoint closed
2026-09-15T20:56:17.319 WARN kycontroller::kymux_controller::server - Kynet accept failed: connection error: Endpoint closed
2026-09-15T20:56:17.319 WARN kycontroller::kymux_controller::server - Kynet accept failed: connection error: Endpoint closed
2026-09-15T20:56:17.319 WARN kycontroller::kymux_controller::server - Kynet accept failed: connection error: Endpoint closed
2026-09-15T20:56:17.319 WARN kycontroller::kymux_controller::server - Kynet accept failed: connection error: Endpoint closed
2026-09-15T20:56:17.319 WARN kycontroller::kymux_controller::server - Kynet accept failed: connection error: Endpoint closed
2026-09-15T20:56:17.319 WARN kycontroller::kymux_controller::server - Kynet accept failed: connection error: Endpoint closed
2026-09-15T20:56:17.319 WARN kycontroller::kymux_controller::server - Kynet accept failed: connection error: Endpoint closed
2026-09-15T20:56:17.319 WARN kycontroller::kymux_controller::server - Kynet accept failed: connection error: Endpoint closed
2026-09-15T20:56:17.319 WARN kycontroller::kymux_controller::server - Kynet accept failed: connection error: Endpoint closed
2026-09-15T20:56:17.319 WARN kycontroller::kymux_controller::server - Kynet accept failed: connection error: Endpoint closed
2026-09-15T20:56:17.319 WARN kycontroller::kymux_controller::server - Kynet accept failed: connection error: Endpoint closed
2026-09-15T20:56:17.319 WARN kycontroller::kymux_controller::server - Kynet accept failed: connection error: Endpoint closed
2026-09-15T20:56:17.319 WARN kycontroller::kymux_controller::server - Kynet accept failed: connection error: Endpoint closed
2026-09-15T20:56:17.319 WARN kycontroller::kymux_controller::server - Kynet accept failed: connection error: Endpoint closed
2026-09-15T20:56:17.319 WARN kycontroller::kymux_controller::server - Kynet accept failed: connection error: Endpoint closed
2026-09-15T20:56:17.319 WARN kycontroller::kymux_controller::server - Kynet accept failed: connection error: Endpoint closed
2026-09-15T20:56:17.319 WARN kycontroller::kymux_controller::server - Kynet accept failed: connection error: Endpoint closed
2026-09-15T20:56:17.319 WARN kycontroller::kymux_controller::server - Kynet accept failed: connection error: Endpoint closed
2026-09-15T20:56:17.319 WARN kycontroller::kymux_controller::server - Kynet accept failed: connection error: Endpoint closed
2026-09-15T20:56:17.319 WARN kycontroller::kymux_controller::server - Kynet accept failed: connection error: Endpoint closed
2026-09-15T20:56:17.319 WARN kycontroller::kymux_controller::server - Kynet accept failed: connection error: Endpoint closed
2026-09-15T20:56:17.319 WARN kycontroller::kymux_controller::server - Kynet accept failed: connection error: Endpoint closed
2026-09-15T20:56:17.319 WARN kycontroller::kymux_controller::server - Kynet accept failed: connection error: Endpoint closed
2026-09-15T20:56:17.319 WARN kycontroller::kymux_controller::server - Kynet accept failed: connection error: Endpoint closed
2026-09-15T20:56:17.319 WARN kycontroller::kymux_controller::server - Kynet accept failed: connection error: Endpoint closed
2026-09-15T20:56:17.319 WARN kycontroller::kymux_controller::server - Kynet accept failed: connection error: Endpoint closed
2026-09-15T20:56:17.319 WARN kycontroller::kymux_controller::server - Kynet accept failed: connection error: Endpoint closed
2026-09-15T20:56:17.319 WARN kycontroller::kymux_controller::server - Kynet accept failed: connection error: Endpoint closed
2026-09-15T20:56:17.319 WARN kycontroller::kymux_controller::server - Kynet accept failed: connection error: Endpoint closed
2026-09-15T20:56:17.319 WARN kycontroller::kymux_controller::server - Kynet accept failed: connection error: Endpoint closed
2026-09-15T20:56:17.319 WARN kycontroller::kymux_controller::server - Kynet accept failed: connection error: Endpoint closed
2026-09-15T20:56:17.319 WARN kycontroller::kymux_controller::server - Kynet accept failed: connection error: Endpoint closed
2026-09-15T20:56:17.319 WARN kycontroller::kymux_controller::server - Kynet accept failed: connection error: Endpoint closed
2026-09-15T20:56:17.319 WARN kycontroller::kymux_controller::server - Kynet accept failed: connection error: Endpoint closed
2026-09-15T20:56:17.319 WARN kycontroller::kymux_controller::server - Kynet accept failed: connection error: Endpoint closed
2026-09-15T20:56:17.319 WARN kycontroller::kymux_controller::server - Kynet accept failed: connection error: Endpoint closed
2026-09-15T20:56:17.319 WARN kycontroller::kymux_controller::server - Kynet accept failed: connection error: Endpoint closed
2026-09-15T20:56:17.319 WARN kycontroller::kymux_controller::server - Kynet accept failed: connection error: Endpoint closed
2026-09-15T20:56:17.319 WARN kycontroller::kymux_controller::server - Kynet accept failed: connection error: Endpoint closed
2026-09-15T20:56:17.319 WARN kycontroller::kymux_controller::server - Kynet accept failed: connection error: Endpoint closed
2026-09-15T20:56:17.319 WARN kycontroller::kymux_controller::server - Kynet accept failed: connection error: Endpoint closed
2026-09-15T20:56:17.319 WARN kycontroller::kymux_controller::server - Kynet accept failed: connection error: Endpoint closed
2026-09-15T20:56:17.319 WARN kycontroller::kymux_controller::server - Kynet accept failed: connection error: Endpoint closed
2026-09-15T20:56:17.319 WARN kycontroller::kymux_controller::server - Kynet accept failed: connection error: Endpoint closed
2026-09-15T20:56:17.319 WARN kycontroller::kymux_controller::server - Kynet accept failed: connection error: Endpoint closed
2026-09-15T20:56:17.319 WARN kycontroller::kymux_controller::server - Kynet accept failed: connection error: Endpoint closed
2026-09-15T20:56:17.319 WARN kycontroller::kymux_controller::server - Kynet accept failed: connection error: Endpoint closed
2026-09-15T20:56:17.319 WARN kycontroller::kymux_controller::server - Kynet accept failed: connection error: Endpoint closed
2026-09-15T20:56:17.319 WARN kycontroller::kymux_controller::server - Kynet accept failed: connection error: Endpoint closed
2026-09-15T20:56:17.319 WARN kycontroller::kymux_controller::server - Kynet accept failed: connection error: Endpoint closed
2026-09-15T20:56:17.319 WARN kycontroller::kymux_controller::server - Kynet accept failed: connection error: Endpoint closed
2026-09-15T20:56:17.319 WARN kycontroller::kymux_controller::server - Kynet accept failed: connection error: Endpoint closed
2026-09-15T20:56:17.319 WARN kycontroller::kymux_controller::server - Kynet accept failed: connection error: Endpoint closed
2026-09-15T20:56:17.319 WARN kycontroller::kymux_controller::server - Kynet accept failed: connection error: Endpoint closed
2026-09-15T20:56:17.319 WARN kycontroller::kymux_controller::server - Kynet accept failed: connection error: Endpoint closed
2026-09-15T20:56:17.319 WARN kycontroller::kymux_controller::server - Kynet accept failed: connection error: Endpoint closed
2026-09-15T20:56:17.319 WARN kycontroller::kymux_controller::server - Kynet accept failed: connection error: Endpoint closed
2026-09-15T20:56:17.319 WARN kycontroller::kymux_controller::server - Kynet accept failed: connection error: Endpoint closed
2026-09-15T20:56:17.320 WARN kycontroller::kymux_controller::server - Kynet accept failed: connection error: Endpoint closed
2026-09-15T20:56:17.320 WARN kycontroller::kymux_controller::server - Kynet accept failed: connection error: Endpoint closed
2026-09-15T20:56:17.320 WARN kycontroller::kymux_controller::server - Kynet accept failed: connection error: Endpoint closed
2026-09-15T20:56:17.320 WARN kycontroller::kymux_controller::server - Kynet accept failed: connection error: Endpoint closed
2026-09-15T20:56:17.320 WARN kycontroller::kymux_controller::server - Kynet accept failed: connection error: Endpoint closed
2026-09-15T20:56:17.320 WARN kycontroller::kymux_controller::server - Kynet accept failed: connection error: Endpoint closed
2026-09-15T20:56:17.320 WARN kycontroller::kymux_controller::server - Kynet accept failed: connection error: Endpoint closed
2026-09-15T20:56:17.320 WARN kycontroller::kymux_controller::server - Kynet accept failed: connection error: Endpoint closed
2026-09-15T20:56:17.320 WARN kycontroller::kymux_controller::server - Kynet accept failed: connection error: Endpoint closed
2026-09-15T20:56:17.320 WARN kycontroller::kymux_controller::server - Kynet accept failed: connection error: Endpoint closed
2026-09-15T20:56:17.320 WARN kycontroller::kymux_controller::server - Kynet accept failed: connection error: Endpoint closed
2026-09-15T20:56:17.320 WARN kycontroller::kymux_controller::server - Kynet accept failed: connection error: Endpoint closed
2026-09-15T20:56:17.320 WARN kycontroller::kymux_controller::server - Kynet accept failed: connection error: Endpoint closed
2026-09-15T20:56:17.320 WARN kycontroller::kymux_controller::server - Kynet accept failed: connection error: Endpoint closed
2026-09-15T20:56:17.320 WARN kycontroller::kymux_controller::server - Kynet accept failed: connection error: Endpoint closed
2026-09-15T20:56:17.320 WARN kycontroller::kymux_controller::server - Kynet accept failed: connection error: Endpoint closed
2026-09-15T20:56:17.320 WARN kycontroller::kymux_controller::server - Kynet accept failed: connection error: Endpoint closed
2026-09-15T20:56:17.320 WARN kycontroller::kymux_controller::server - Kynet accept failed: connection error: Endpoint closed
2026-09-15T20:56:17.320 WARN kycontroller::kymux_controller::server - Kynet accept failed: connection error: Endpoint closed
2026-09-15T20:56:17.320 WARN kycontroller::kymux_controller::server - Kynet accept failed: connection error: Endpoint closed
2026-09-15T20:56:17.320 WARN kycontroller::kymux_controller::server - Kynet accept failed: connection error: Endpoint closed
2026-09-15T20:56:17.320 WARN kycontroller::kymux_controller::server - Kynet accept failed: connection error: Endpoint closed
2026-09-15T20:56:17.320 WARN kycontroller::kymux_controller::server - Kynet accept failed: connection error: Endpoint closed
2026-09-15T20:56:17.320 WARN kycontroller::kymux_controller::server - Kynet accept failed: connection error: Endpoint closed
2026-09-15T20:56:17.320 WARN kycontroller::kymux_controller::server - Kynet accept failed: connection error: Endpoint closed
2026-09-15T20:56:17.320 WARN kycontroller::kymux_controller::server - Kynet accept failed: connection error: Endpoint closed
2026-09-15T20:56:17.320 WARN kycontroller::kymux_controller::server - Kynet accept failed: connection error: Endpoint closed
2026-09-15T20:56:17.320 WARN kycontroller::kymux_controller::server - Kynet accept failed: connection error: Endpoint closed
2026-09-15T20:56:17.320 WARN kycontroller::kymux_controller::server - Kynet accept failed: connection error: Endpoint closed
2026-09-15T20:56:17.320 WARN kycontroller::kymux_controller::server - Kynet accept failed: connection error: Endpoint closed
2026-09-15T20:56:17.320 WARN kycontroller::kymux_controller::server - Kynet accept failed: connection error: Endpoint closed
2026-09-15T20:56:17.320 WARN kycontroller::kymux_controller::server - Kynet accept failed: connection error: Endpoint closed
2026-09-15T20:56:17.320 WARN kycontroller::kymux_controller::server - Kynet accept failed: connection error: Endpoint closed
2026-09-15T20:56:17.320 WARN kycontroller::kymux_controller::server - Kynet accept failed: connection error: Endpoint closed
2026-09-15T20:56:17.320 WARN kycontroller::kymux_controller::server - Kynet accept failed: connection error: Endpoint closed
2026-09-15T20:56:17.320 WARN kycontroller::kymux_controller::server - Kynet accept failed: connection error: Endpoint closed
2026-09-15T20:56:17.320 WARN kycontroller::kymux_controller::server - Kynet accept failed: connection error: Endpoint closed
2026-09-15T20:56:17.320 WARN kycontroller::kymux_controller::server - Kynet accept failed: connection error: Endpoint closed
2026-09-15T20:56:17.320 WARN kycontroller::kymux_controller::server - Kynet accept failed: connection error: Endpoint closed
2026-09-15T20:56:17.320 WARN kycontroller::kymux_controller::server - Kynet accept failed: connection error: Endpoint closed
2026-09-15T20:56:17.320 WARN kycontroller::kymux_controller::server - Kynet accept failed: connection error: Endpoint closed
2026-09-15T20:56:17.320 WARN kycontroller::kymux_controller::server - Kynet accept failed: connection error: Endpoint closed
2026-09-15T20:56:17.320 WARN kycontroller::kymux_controller::server - Kynet accept failed: connection error: Endpoint closed
2026-09-15T20:56:17.320 WARN kycontroller::kymux_controller::server - Kynet accept failed: connection error: Endpoint closed
2026-09-15T20:56:17.320 WARN kycontroller::kymux_controller::server - Kynet accept failed: connection error: Endpoint closed
2026-09-15T20:56:17.320 WARN kycontroller::kymux_controller::server - Kynet accept failed: connection error: Endpoint closed
2026-09-15T20:56:17.320 WARN kycontroller::kymux_controller::server - Kynet accept failed: connection error: Endpoint closed
2026-09-15T20:56:17.320 WARN kycontroller::kymux_controller::server - Kynet accept failed: connection error: Endpoint closed
2026-09-15T20:56:17.320 WARN kycontroller::kymux_controller::server - Kynet accept failed: connection error: Endpoint closed
2026-09-15T20:56:17.320 WARN kycontroller::kymux_controller::server - Kynet accept failed: connection error: Endpoint closed
2026-09-15T20:56:17.320 WARN kycontroller::kymux_controller::server - Kynet accept failed: connection error: Endpoint closed
2026-09-15T20:56:17.320 WARN kycontroller::kymux_controller::server - Kynet accept failed: connection error: Endpoint closed
2026-09-15T20:56:17.320 WARN kycontroller::kymux_controller::server - Kynet accept failed: connection error: Endpoint closed
2026-09-15T20:56:17.320 WARN kycontroller::kymux_controller::server - Kynet accept failed: connection error: Endpoint closed
2026-09-15T20:56:17.320 WARN kycontroller::kymux_controller::server - Kynet accept failed: connection error: Endpoint closed
2026-09-15T20:56:17.320 WARN kycontroller::kymux_controller::server - Kynet accept failed: connection error: Endpoint closed
2026-09-15T20:56:17.320 WARN kycontroller::kymux_controller::server - Kynet accept failed: connection error: Endpoint closed
2026-09-15T20:56:17.320 WARN kycontroller::kymux_controller::server - Kynet accept failed: connection error: Endpoint closed
2026-09-15T20:56:17.320 WARN kycontroller::kymux_controller::server - Kynet accept failed: connection error: Endpoint closed
2026-09-15T20:56:17.320 WARN kycontroller::kymux_controller::server - Kynet accept failed: connection error: Endpoint closed
2026-09-15T20:56:17.320 WARN kycontroller::kymux_controller::server - Kynet accept failed: connection error: Endpoint closed
2026-09-15T20:56:17.320 WARN kycontroller::kymux_controller::server - Kynet accept failed: connection error: Endpoint closed
2026-09-15T20:56:17.320 WARN kycontroller::kymux_controller::server - Kynet accept failed: connection error: Endpoint closed
2026-09-15T20:56:17.320 WARN kycontroller::kymux_controller::server - Kynet accept failed: connection error: Endpoint closed
2026-09-15T20:56:17.320 WARN kycontroller::kymux_controller::server - Kynet accept failed: connection error: Endpoint closed
2026-09-15T20:56:17.320 WARN kycontroller::kymux_controller::server - Kynet accept failed: connection error: Endpoint closed
2026-09-15T20:56:17.320 WARN kycontroller::kymux_controller::server - Kynet accept failed: connection error: Endpoint closed
2026-09-15T20:56:17.320 WARN kycontroller::kymux_controller::server - Kynet accept failed: connection error: Endpoint closed
2026-09-15T20:56:17.320 WARN kycontroller::kymux_controller::server - Kynet accept failed: connection error: Endpoint closed
2026-09-15T20:56:17.320 WARN kycontroller::kymux_controller::server - Kynet accept failed: connection error: Endpoint closed
2026-09-15T20:56:17.320 WARN kycontroller::kymux_controller::server - Kynet accept failed: connection error: Endpoint closed
2026-09-15T20:56:17.320 WARN kycontroller::kymux_controller::server - Kynet accept failed: connection error: Endpoint closed
2026-09-15T20:56:17.320 WARN kycontroller::kymux_controller::server - Kynet accept failed: connection error: Endpoint closed
2026-09-15T20:56:17.320 WARN kycontroller::kymux_controller::server - Kynet accept failed: connection error: Endpoint closed
2026-09-15T20:56:17.320 WARN kycontroller::kymux_controller::server - Kynet accept failed: connection error: Endpoint closed
2026-09-15T20:56:17.320 WARN kycontroller::kymux_controller::server - Kynet accept failed: connection error: Endpoint closed
2026-09-15T20:56:17.320 WARN kycontroller::kymux_controller::server - Kynet accept failed: connection error: Endpoint closed
2026-09-15T20:56:17.320 WARN kycontroller::kymux_controller::server - Kynet accept failed: connection error: Endpoint closed
2026-09-15T20:56:17.320 WARN kycontroller::kymux_controller::server - Kynet accept failed: connection error: Endpoint closed
2026-09-15T20:56:17.320 WARN kycontroller::kymux_controller::server - Kynet accept failed: connection error: Endpoint closed
2026-09-15T20:56:17.320 WARN kycontroller::kymux_controller::server - Kynet accept failed: connection error: Endpoint closed
2026-09-15T20:56:17.320 WARN kycontroller::kymux_controller::server - Kynet accept failed: connection error: Endpoint closed
2026-09-15T20:56:17.320 WARN kycontroller::kymux_controller::server - Kynet accept failed: connection error: Endpoint closed
2026-09-15T20:56:17.320 WARN kycontroller::kymux_controller::server - Kynet accept failed: connection error: Endpoint closed
2026-09-15T20:56:17.320 WARN kycontroller::kymux_controller::server - Kynet accept failed: connection error: Endpoint closed
2026-09-15T20:56:17.320 WARN kycontroller::kymux_controller::server - Kynet accept failed: connection error: Endpoint closed
2026-09-15T20:56:17.320 WARN kycontroller::kymux_controller::server - Kynet accept failed: connection error: Endpoint closed
2026-09-15T20:56:17.320 WARN kycontroller::kymux_controller::server - Kynet accept failed: connection error: Endpoint closed
2026-09-15T20:56:17.320 WARN kycontroller::kymux_controller::server - Kynet accept failed: connection error: Endpoint closed
2026-09-15T20:56:17.320 WARN kycontroller::kymux_controller::server - Kynet accept failed: connection error: Endpoint closed
2026-09-15T20:56:17.320 WARN kycontroller::kymux_controller::server - Kynet accept failed: connection error: Endpoint closed
2026-09-15T20:56:17.320 WARN kycontroller::kymux_controller::server - Kynet accept failed: connection error: Endpoint closed
2026-09-15T20:56:17.320 WARN kycontroller::kymux_controller::server - Kynet accept failed: connection error: Endpoint closed
2026-09-15T20:56:17.320 WARN kycontroller::kymux_controller::server - Kynet accept failed: connection error: Endpoint closed
2026-09-15T20:56:17.320 WARN kycontroller::kymux_controller::server - Kynet accept failed: connection error: Endpoint closed
2026-09-15T20:56:17.320 WARN kycontroller::kymux_controller::server - Kynet accept failed: connection error: Endpoint closed
2026-09-15T20:56:17.320 WARN kycontroller::kymux_controller::server - Kynet accept failed: connection error: Endpoint closed
2026-09-15T20:56:17.320 WARN kycontroller::kymux_controller::server - Kynet accept failed: connection error: Endpoint closed
2026-09-15T20:56:17.320 WARN kycontroller::kymux_controller::server - Kynet accept failed: connection error: Endpoint closed
2026-09-15T20:56:17.320 WARN kycontroller::kymux_controller::server - Kynet accept failed: connection error: Endpoint closed
2026-09-15T20:56:17.320 WARN kycontroller::kymux_controller::server - Kynet accept failed: connection error: Endpoint closed
2026-09-15T20:56:17.320 WARN kycontroller::kymux_controller::server - Kynet accept failed: connection error: Endpoint closed
2026-09-15T20:56:17.320 WARN kycontroller::kymux_controller::server - Kynet accept failed: connection error: Endpoint closed
2026-09-15T20:56:17.320 WARN kycontroller::kymux_controller::server - Kynet accept failed: connection error: Endpoint closed
2026-09-15T20:56:17.320 WARN kycontroller::kymux_controller::server - Kynet accept failed: connection error: Endpoint closed
2026-09-15T20:56:17.320 WARN kycontroller::kymux_controller::server - Kynet accept failed: connection error: Endpoint closed
2026-09-15T20:56:17.320 WARN kycontroller::kymux_controller::server - Kynet accept failed: connection error: Endpoint closed
2026-09-15T20:56:17.320 WARN kycontroller::kymux_controller::server - Kynet accept failed: connection error: Endpoint closed
2026-09-15T20:56:17.320 WARN kycontroller::kymux_controller::server - Kynet accept failed: connection error: Endpoint closed
2026-09-15T20:56:17.320 WARN kycontroller::kymux_controller::server - Kynet accept failed: connection error: Endpoint closed
2026-09-15T20:56:17.320 WARN kycontroller::kymux_controller::server - Kynet accept failed: connection error: Endpoint closed
2026-09-15T20:56:17.320 WARN kycontroller::kymux_controller::server - Kynet accept failed: connection error: Endpoint closed
2026-09-15T20:56:17.320 WARN kycontroller::kymux_controller::server - Kynet accept failed: connection error: Endpoint closed
2026-09-15T20:56:17.320 WARN kycontroller::kymux_controller::server - Kynet accept failed: connection error: Endpoint closed
2026-09-15T20:56:17.321 WARN kycontroller::kymux_controller::server - Kynet accept failed: connection error: Endpoint closed
2026-09-15T20:56:17.321 WARN kycontroller::kymux_controller::server - Kynet accept failed: connection error: Endpoint closed
2026-09-15T20:56:17.321 WARN kycontroller::kymux_controller::server - Kynet accept failed: connection error: Endpoint closed
2026-09-15T20:56:17.321 WARN kycontroller::kymux_controller::server - Kynet accept failed: connection error: Endpoint closed
2026-09-15T20:56:17.321 WARN kycontroller::kymux_controller::server - Kynet accept failed: connection error: Endpoint closed
2026-09-15T20:56:17.321 WARN kycontroller::kymux_controller::server - Kynet accept failed: connection error: Endpoint closed
2026-09-15T20:56:17.321 WARN kycontroller::kymux_controller::server - Kynet accept failed: connection error: Endpoint closed
2026-09-15T20:56:17.321 WARN kycontroller::kymux_controller::server - Kynet accept failed: connection error: Endpoint closed
2026-09-15T20:56:17.321 WARN kycontroller::kymux_controller::server - Kynet accept failed: connection error: Endpoint closed
2026-09-15T20:56:17.321 WARN kycontroller::kymux_controller::server - Kynet accept failed: connection error: Endpoint closed
2026-09-15T20:56:17.321 WARN kycontroller::kymux_controller::server - Kynet accept failed: connection error: Endpoint closed
2026-09-15T20:56:17.321 WARN kycontroller::kymux_controller::server - Kynet accept failed: connection error: Endpoint closed
2026-09-15T20:56:17.321 WARN kycontroller::kymux_controller::server - Kynet accept failed: connection error: Endpoint closed
2026-09-15T20:56:17.321 WARN kycontroller::kymux_controller::server - Kynet accept failed: connection error: Endpoint closed
2026-09-15T20:56:17.321 WARN kycontroller::kymux_controller::server - Kynet accept failed: connection error: Endpoint closed
2026-09-15T20:56:17.321 WARN kycontroller::kymux_controller::server - Kynet accept failed: connection error: Endpoint closed
2026-09-15T20:56:17.321 WARN kycontroller::kymux_controller::server - Kynet accept failed: connection error: Endpoint closed
2026-09-15T20:56:17.321 WARN kycontroller::kymux_controller::server - Kynet accept failed: connection error: Endpoint closed
2026-09-15T20:56:17.321 WARN kycontroller::kymux_controller::server - Kynet accept failed: connection error: Endpoint closed
2026-09-15T20:56:17.321 WARN kycontroller::kymux_controller::server - Kynet accept failed: connection error: Endpoint closed
2026-09-15T20:56:17.321 WARN kycontroller::kymux_controller::server - Kynet accept failed: connection error: Endpoint closed
2026-09-15T20:56:17.321 WARN kycontroller::kymux_controller::server - Kynet accept failed: connection error: Endpoint closed
2026-09-15T20:56:17.321 WARN kycontroller::kymux_controller::server - Kynet accept failed: connection error: Endpoint closed
2026-09-15T20:56:17.321 WARN kycontroller::kymux_controller::server - Kynet accept failed: connection error: Endpoint closed
2026-09-15T20:56:17.321 WARN kycontroller::kymux_controller::server - Kynet accept failed: connection error: Endpoint closed
2026-09-15T20:56:17.321 WARN kycontroller::kymux_controller::server - Kynet accept failed: connection error: Endpoint closed
2026-09-15T20:56:17.321 WARN kycontroller::kymux_controller::server - Kynet accept failed: connection error: Endpoint closed
2026-09-15T20:56:17.321 WARN kycontroller::kymux_controller::server - Kynet accept failed: connection error: Endpoint closed
2026-09-15T20:56:17.321 WARN kycontroller::kymux_controller::server - Kynet accept failed: connection error: Endpoint closed
2026-09-15T20:56:17.321 WARN kycontroller::kymux_controller::server - Kynet accept failed: connection error: Endpoint closed
2026-09-15T20:56:17.321 WARN kycontroller::kymux_controller::server - Kynet accept failed: connection error: Endpoint closed
2026-09-15T20:56:17.321 WARN kycontroller::kymux_controller::server - Kynet accept failed: connection error: Endpoint closed
2026-09-15T20:56:17.321 WARN kycontroller::kymux_controller::server - Kynet accept failed: connection error: Endpoint closed
2026-09-15T20:56:17.321 WARN kycontroller::kymux_controller::server - Kynet accept failed: connection error: Endpoint closed
2026-09-15T20:56:17.321 WARN kycontroller::kymux_controller::server - Kynet accept failed: connection error: Endpoint closed
2026-09-15T20:56:17.321 WARN kycontroller::kymux_controller::server - Kynet accept failed: connection error: Endpoint closed
2026-09-15T20:56:17.321 WARN kycontroller::kymux_controller::server - Kynet accept failed: connection error: Endpoint closed
2026-09-15T20:56:17.321 WARN kycontroller::kymux_controller::server - Kynet accept failed: connection error: Endpoint closed
2026-09-15T20:56:17.321 WARN kycontroller::kymux_controller::server - Kynet accept failed: connection error: Endpoint closed
2026-09-15T20:56:17.321 WARN kycontroller::kymux_controller::server - Kynet accept failed: connection error: Endpoint closed
2026-09-15T20:56:17.321 WARN kycontroller::kymux_controller::server - Kynet accept failed: connection error: Endpoint closed
2026-09-15T20:56:17.321 WARN kycontroller::kymux_controller::server - Kynet accept failed: connection error: Endpoint closed
2026-09-15T20:56:17.321 WARN kycontroller::kymux_controller::server - Kynet accept failed: connection error: Endpoint closed
2026-09-15T20:56:17.321 WARN kycontroller::kymux_controller::server - Kynet accept failed: connection error: Endpoint closed
2026-09-15T20:56:17.321 WARN kycontroller::kymux_controller::server - Kynet accept failed: connection error: Endpoint closed
2026-09-15T20:56:17.321 WARN kycontroller::kymux_controller::server - Kynet accept failed: connection error: Endpoint closed
2026-09-15T20:56:17.321 WARN kycontroller::kymux_controller::server - Kynet accept failed: connection error: Endpoint closed
2026-09-15T20:56:17.321 WARN kycontroller::kymux_controller::server - Kynet accept failed: connection error: Endpoint closed
2026-09-15T20:56:17.321 WARN kycontroller::kymux_controller::server - Kynet accept failed: connection error: Endpoint closed
2026-09-15T20:56:17.321 WARN kycontroller::kymux_controller::server - Kynet accept failed: connection error: Endpoint closed
2026-09-15T20:56:17.321 WARN kycontroller::kymux_controller::server - Kynet accept failed: connection error: Endpoint closed
2026-09-15T20:56:17.321 WARN kycontroller::kymux_controller::server - Kynet accept failed: connection error: Endpoint closed
2026-09-15T20:56:17.321 WARN kycontroller::kymux_controller::server - Kynet accept failed: connection error: Endpoint closed
2026-09-15T20:56:17.321 WARN kycontroller::kymux_controller::server - Kynet accept failed: connection error: Endpoint closed
2026-09-15T20:56:17.321 WARN kycontroller::kymux_controller::server - Kynet accept failed: connection error: Endpoint closed
2026-09-15T20:56:17.321 WARN kycontroller::kymux_controller::server - Kynet accept failed: connection error: Endpoint closed
2026-09-15T20:56:17.321 WARN kycontroller::kymux_controller::server - Kynet accept failed: connection error: Endpoint closed
2026-09-15T20:56:17.321 WARN kycontroller::kymux_controller::server - Kynet accept failed: connection error: Endpoint closed
2026-09-15T20:56:17.321 WARN kycontroller::kymux_controller::server - Kynet accept failed: connection error: Endpoint closed
2026-09-15T20:56:17.321 WARN kycontroller::kymux_controller::server - Kynet accept failed: connection error: Endpoint closed
2026-09-15T20:56:17.321 WARN kycontroller::kymux_controller::server - Kynet accept failed: connection error: Endpoint closed
2026-09-15T20:56:17.321 WARN kycontroller::kymux_controller::server - Kynet accept failed: connection error: Endpoint closed
2026-09-15T20:56:17.321 WARN kycontroller::kymux_controller::server - Kynet accept failed: connection error: Endpoint closed
2026-09-15T20:56:17.321 WARN kycontroller::kymux_controller::server - Kynet accept failed: connection error: Endpoint closed
2026-09-15T20:56:17.321 WARN kycontroller::kymux_controller::server - Kynet accept failed: connection error: Endpoint closed
2026-09-15T20:56:17.321 WARN kycontroller::kymux_controller::server - Kynet accept failed: connection error: Endpoint closed
2026-09-15T20:56:17.321 WARN kycontroller::kymux_controller::server - Kynet accept failed: connection error: Endpoint closed
2026-09-15T20:56:17.321 WARN kycontroller::kymux_controller::server - Kynet accept failed: connection error: Endpoint closed
2026-09-15T20:56:17.321 WARN kycontroller::kymux_controller::server - Kynet accept failed: connection error: Endpoint closed
2026-09-15T20:56:17.321 WARN kycontroller::kymux_controller::server - Kynet accept failed: connection error: Endpoint closed
2026-09-15T20:56:17.321 WARN kycontroller::kymux_controller::server - Kynet accept failed: connection error: Endpoint closed
2026-09-15T20:56:17.321 WARN kycontroller::kymux_controller::server - Kynet accept failed: connection error: Endpoint closed
2026-09-15T20:56:17.321 WARN kycontroller::kymux_controller::server - Kynet accept failed: connection error: Endpoint closed
2026-09-15T20:56:17.321 WARN kycontroller::kymux_controller::server - Kynet accept failed: connection error: Endpoint closed
2026-09-15T20:56:17.321 WARN kycontroller::kymux_controller::server - Kynet accept failed: connection error: Endpoint closed
2026-09-15T20:56:17.321 WARN kycontroller::kymux_controller::server - Kynet accept failed: connection error: Endpoint closed
2026-09-15T20:56:17.321 WARN kycontroller::kymux_controller::server - Kynet accept failed: connection error: Endpoint closed
2026-09-15T20:56:17.321 WARN kycontroller::kymux_controller::server - Kynet accept failed: connection error: Endpoint closed
2026-09-15T20:56:17.321 WARN kycontroller::kymux_controller::server - Kynet accept failed: connection error: Endpoint closed
2026-09-15T20:56:17.321 WARN kycontroller::kymux_controller::server - Kynet accept failed: connection error: Endpoint closed
2026-09-15T20:56:17.321 WARN kycontroller::kymux_controller::server - Kynet accept failed: connection error: Endpoint closed
2026-09-15T20:56:17.321 WARN kycontroller::kymux_controller::server - Kynet accept failed: connection error: Endpoint closed
2026-09-15T20:56:17.321 WARN kycontroller::kymux_controller::server - Kynet accept failed: connection error: Endpoint closed
2026-09-15T20:56:17.321 WARN kycontroller::kymux_controller::server - Kynet accept failed: connection error: Endpoint closed
2026-09-15T20:56:17.321 WARN kycontroller::kymux_controller::server - Kynet accept failed: connection error: Endpoint closed
2026-09-15T20:56:17.321 WARN kycontroller::kymux_controller::server - Kynet accept failed: connection error: Endpoint closed
2026-09-15T20:56:17.321 WARN kycontroller::kymux_controller::server - Kynet accept failed: connection error: Endpoint closed
2026-09-15T20:56:17.321 WARN kycontroller::kymux_controller::server - Kynet accept failed: connection error: Endpoint closed
2026-09-15T20:56:17.321 WARN kycontroller::kymux_controller::server - Kynet accept failed: connection error: Endpoint closed
2026-09-15T20:56:17.321 WARN kycontroller::kymux_controller::server - Kynet accept failed: connection error: Endpoint closed
2026-09-15T20:56:17.321 WARN kycontroller::kymux_controller::server - Kynet accept failed: connection error: Endpoint closed
2026-09-15T20:56:17.321 WARN kycontroller::kymux_controller::server - Kynet accept failed: connection error: Endpoint closed
2026-09-15T20:56:17.321 WARN kycontroller::kymux_controller::server - Kynet accept failed: connection error: Endpoint closed
2026-09-15T20:56:17.321 WARN kycontroller::kymux_controller::server - Kynet accept failed: connection error: Endpoint closed
2026-09-15T20:56:17.321 WARN kycontroller::kymux_controller::server - Kynet accept failed: connection error: Endpoint closed
2026-09-15T20:56:17.321 WARN kycontroller::kymux_controller::server - Kynet accept failed: connection error: Endpoint closed
2026-09-15T20:56:17.321 WARN kycontroller::kymux_controller::server - Kynet accept failed: connection error: Endpoint closed
2026-09-15T20:56:17.321 WARN kycontroller::kymux_controller::server - Kynet accept failed: connection error: Endpoint closed
2026-09-15T20:56:17.321 WARN kycontroller::kymux_controller::server - Kynet accept failed: connection error: Endpoint closed
2026-09-15T20:56:17.321 WARN kycontroller::kymux_controller::server - Kynet accept failed: connection error: Endpoint closed
2026-09-15T20:56:17.321 WARN kycontroller::kymux_controller::server - Kynet accept failed: connection error: Endpoint closed
2026-09-15T20:56:17.321 WARN kycontroller::kymux_controller::server - Kynet accept failed: connection error: Endpoint closed
2026-09-15T20:56:17.321 WARN kycontroller::kymux_controller::server - Kynet accept failed: connection error: Endpoint closed
2026-09-15T20:56:17.321 WARN kycontroller::kymux_controller::server - Kynet accept failed: connection error: Endpoint closed
2026-09-15T20:56:17.321 WARN kycontroller::kymux_controller::server - Kynet accept failed: connection error: Endpoint closed
2026-09-15T20:56:17.321 WARN kycontroller::kymux_controller::server - Kynet accept failed: connection error: Endpoint closed
2026-09-15T20:56:17.321 WARN kycontroller::kymux_controller::server - Kynet accept failed: connection error: Endpoint closed
2026-09-15T20:56:17.321 WARN kycontroller::kymux_controller::server - Kynet accept failed: connection error: Endpoint closed
2026-09-15T20:56:17.321 WARN kycontroller::kymux_controller::server - Kynet accept failed: connection error: Endpoint closed
2026-09-15T20:56:17.321 WARN kycontroller::kymux_controller::server - Kynet accept failed: connection error: Endpoint closed
2026-09-15T20:56:17.321 WARN kycontroller::kymux_controller::server - Kynet accept failed: connection error: Endpoint closed
2026-09-15T20:56:17.322 WARN kycontroller::kymux_controller::server - Kynet accept failed: connection error: Endpoint closed
2026-09-15T20:56:17.322 WARN kycontroller::kymux_controller::server - Kynet accept failed: connection error: Endpoint closed
2026-09-15T20:56:17.322 WARN kycontroller::kymux_controller::server - Kynet accept failed: connection error: Endpoint closed
2026-09-15T20:56:17.322 WARN kycontroller::kymux_controller::server - Kynet accept failed: connection error: Endpoint closed
2026-09-15T20:56:17.322 WARN kycontroller::kymux_controller::server - Kynet accept failed: connection error: Endpoint closed
2026-09-15T20:56:17.322 WARN kycontroller::kymux_controller::server - Kynet accept failed: connection error: Endpoint closed
2026-09-15T20:56:17.322 WARN kycontroller::kymux_controller::server - Kynet accept failed: connection error: Endpoint closed
2026-09-15T20:56:17.322 WARN kycontroller::kymux_controller::server - Kynet accept failed: connection error: Endpoint closed
2026-09-15T20:56:17.322 WARN kycontroller::kymux_controller::server - Kynet accept failed: connection error: Endpoint closed
2026-09-15T20:56:17.322 WARN kycontroller::kymux_controller::server - Kynet accept failed: connection error: Endpoint closed
2026-09-15T20:56:17.322 WARN kycontroller::kymux_controller::server - Kynet accept failed: connection error: Endpoint closed
2026-09-15T20:56:17.322 WARN kycontroller::kymux_controller::server - Kynet accept failed: connection error: Endpoint closed
2026-09-15T20:56:17.322 WARN kycontroller::kymux_controller::server - Kynet accept failed: connection error: Endpoint closed
2026-09-15T20:56:17.322 WARN kycontroller::kymux_controller::server - Kynet accept failed: connection error: Endpoint closed
2026-09-15T20:56:17.322 WARN kycontroller::kymux_controller::server - Kynet accept failed: connection error: Endpoint closed
2026-09-15T20:56:17.322 WARN kycontroller::kymux_controller::server - Kynet accept failed: connection error: Endpoint closed
2026-09-15T20:56:17.322 WARN kycontroller::kymux_controller::server - Kynet accept failed: connection error: Endpoint closed
2026-09-15T20:56:17.322 WARN kycontroller::kymux_controller::server - Kynet accept failed: connection error: Endpoint closed
2026-09-15T20:56:17.322 WARN kycontroller::kymux_controller::server - Kynet accept failed: connection error: Endpoint closed
2026-09-15T20:56:17.322 WARN kycontroller::kymux_controller::server - Kynet accept failed: connection error: Endpoint closed
2026-09-15T20:56:17.322 WARN kycontroller::kymux_controller::server - Kynet accept failed: connection error: Endpoint closed
2026-09-15T20:56:17.322 WARN kycontroller::kymux_controller::server - Kynet accept failed: connection error: Endpoint closed
2026-09-15T20:56:17.322 WARN kycontroller::kymux_controller::server - Kynet accept failed: connection error: Endpoint closed
2026-09-15T20:56:17.322 WARN kycontroller::kymux_controller::server - Kynet accept failed: connection error: Endpoint closed
2026-09-15T20:56:17.322 WARN kycontroller::kymux_controller::server - Kynet accept failed: connection error: Endpoint closed
2026-09-15T20:56:17.322 WARN kycontroller::kymux_controller::server - Kynet accept failed: connection error: Endpoint closed
2026-09-15T20:56:17.322 WARN kycontroller::kymux_controller::server - Kynet accept failed: connection error: Endpoint closed
2026-09-15T20:56:17.322 WARN kycontroller::kymux_controller::server - Kynet accept failed: connection error: Endpoint closed
2026-09-15T20:56:17.322 WARN kycontroller::kymux_controller::server - Kynet accept failed: connection error: Endpoint closed
2026-09-15T20:56:17.322 WARN kycontroller::kymux_controller::server - Kynet accept failed: connection error: Endpoint closed
2026-09-15T20:56:17.322 WARN kycontroller::kymux_controller::server - Kynet accept failed: connection error: Endpoint closed
2026-09-15T20:56:17.322 WARN kycontroller::kymux_controller::server - Kynet accept failed: connection error: Endpoint closed
2026-09-15T20:56:17.322 WARN kycontroller::kymux_controller::server - Kynet accept failed: connection error: Endpoint closed
2026-09-15T20:56:17.322 WARN kycontroller::kymux_controller::server - Kynet accept failed: connection error: Endpoint closed
2026-09-15T20:56:17.322 WARN kycontroller::kymux_controller::server - Kynet accept failed: connection error: Endpoint closed
2026-09-15T20:56:17.322 WARN kycontroller::kymux_controller::server - Kynet accept failed: connection error: Endpoint closed
2026-09-15T20:56:17.322 WARN kycontroller::kymux_controller::server - Kynet accept failed: connection error: Endpoint closed
2026-09-15T20:56:17.322 WARN kycontroller::kymux_controller::server - Kynet accept failed: connection error: Endpoint closed
2026-09-15T20:56:17.322 WARN kycontroller::kymux_controller::server - Kynet accept failed: connection error: Endpoint closed
2026-09-15T20:56:17.322 WARN kycontroller::kymux_controller::server - Kynet accept failed: connection error: Endpoint closed
2026-09-15T20:56:17.322 WARN kycontroller::kymux_controller::server - Kynet accept failed: connection error: Endpoint closed
2026-09-15T20:56:17.322 WARN kycontroller::kymux_controller::server - Kynet accept failed: connection error: Endpoint closed
2026-09-15T20:56:17.322 WARN kycontroller::kymux_controller::server - Kynet accept failed: connection error: Endpoint closed
2026-09-15T20:56:17.322 WARN kycontroller::kymux_controller::server - Kynet accept failed: connection error: Endpoint closed
2026-09-15T20:56:17.322 WARN kycontroller::kymux_controller::server - Kynet accept failed: connection error: Endpoint closed
2026-09-15T20:56:17.322 WARN kycontroller::kymux_controller::server - Kynet accept failed: connection error: Endpoint closed
2026-09-15T20:56:17.322 WARN kycontroller::kymux_controller::server - Kynet accept failed: connection error: Endpoint closed
2026-09-15T20:56:17.322 WARN kycontroller::kymux_controller::server - Kynet accept failed: connection error: Endpoint closed
2026-09-15T20:56:17.322 WARN kycontroller::kymux_controller::server - Kynet accept failed: connection error: Endpoint closed
2026-09-15T20:56:17.322 WARN kycontroller::kymux_controller::server - Kynet accept failed: connection error: Endpoint closed
2026-09-15T20:56:17.322 WARN kycontroller::kymux_controller::server - Kynet accept failed: connection error: Endpoint closed
2026-09-15T20:56:17.322 WARN kycontroller::kymux_controller::server - Kynet accept failed: connection error: Endpoint closed
2026-09-15T20:56:17.322 WARN kycontroller::kymux_controller::server - Kynet accept failed: connection error: Endpoint closed
2026-09-15T20:56:17.322 WARN kycontroller::kymux_controller::server - Kynet accept failed: connection error: Endpoint closed
2026-09-15T20:56:17.322 WARN kycontroller::kymux_controller::server - Kynet accept failed: connection error: Endpoint closed
2026-09-15T20:56:17.322 WARN kycontroller::kymux_controller::server - Kynet accept failed: connection error: Endpoint closed
2026-09-15T20:56:17.322 WARN kycontroller::kymux_controller::server - Kynet accept failed: connection error: Endpoint closed
2026-09-15T20:56:17.322 WARN kycontroller::kymux_controller::server - Kynet accept failed: connection error: Endpoint closed
2026-09-15T20:56:17.322 WARN kycontroller::kymux_controller::server - Kynet accept failed: connection error: Endpoint closed
2026-09-15T20:56:17.322 WARN kycontroller::kymux_controller::server - Kynet accept failed: connection error: Endpoint closed
2026-09-15T20:56:17.322 WARN kycontroller::kymux_controller::server - Kynet accept failed: connection error: Endpoint closed
2026-09-15T20:56:17.322 WARN kycontroller::kymux_controller::server - Kynet accept failed: connection error: Endpoint closed
2026-09-15T20:56:17.322 WARN kycontroller::kymux_controller::server - Kynet accept failed: connection error: Endpoint closed
2026-09-15T20:56:17.322 WARN kycontroller::kymux_controller::server - Kynet accept failed: connection error: Endpoint closed
2026-09-15T20:56:17.322 WARN kycontroller::kymux_controller::server - Kynet accept failed: connection error: Endpoint closed
2026-09-15T20:56:17.322 WARN kycontroller::kymux_controller::server - Kynet accept failed: connection error: Endpoint closed
2026-09-15T20:56:17.322 WARN kycontroller::kymux_controller::server - Kynet accept failed: connection error: Endpoint closed
2026-09-15T20:56:17.322 WARN kycontroller::kymux_controller::server - Kynet accept failed: connection error: Endpoint closed
2026-09-15T20:56:17.322 WARN kycontroller::kymux_controller::server - Kynet accept failed: connection error: Endpoint closed
2026-09-15T20:56:17.322 WARN kycontroller::kymux_controller::server - Kynet accept failed: connection error: Endpoint closed
2026-09-15T20:56:17.322 WARN kycontroller::kymux_controller::server - Kynet accept failed: connection error: Endpoint closed
2026-09-15T20:56:17.322 WARN kycontroller::kymux_controller::server - Kynet accept failed: connection error: Endpoint closed
2026-09-15T20:56:17.322 WARN kycontroller::kymux_controller::server - Kynet accept failed: connection error: Endpoint closed
2026-09-15T20:56:17.322 WARN kycontroller::kymux_controller::server - Kynet accept failed: connection error: Endpoint closed
2026-09-15T20:56:17.322 WARN kycontroller::kymux_controller::server - Kynet accept failed: connection error: Endpoint closed
2026-09-15T20:56:17.322 WARN kycontroller::kymux_controller::server - Kynet accept failed: connection error: Endpoint closed
2026-09-15T20:56:17.322 WARN kycontroller::kymux_controller::server - Kynet accept failed: connection error: Endpoint closed
2026-09-15T20:56:17.322 WARN kycontroller::kymux_controller::server - Kynet accept failed: connection error: Endpoint closed
2026-09-15T20:56:17.322 WARN kycontroller::kymux_controller::server - Kynet accept failed: connection error: Endpoint closed
2026-09-15T20:56:17.322 WARN kycontroller::kymux_controller::server - Kynet accept failed: connection error: Endpoint closed
2026-09-15T20:56:17.322 WARN kycontroller::kymux_controller::server - Kynet accept failed: connection error: Endpoint closed
2026-09-15T20:56:17.322 WARN kycontroller::kymux_controller::server - Kynet accept failed: connection error: Endpoint closed
2026-09-15T20:56:17.322 WARN kycontroller::kymux_controller::server - Kynet accept failed: connection error: Endpoint closed
2026-09-15T20:56:17.322 WARN kycontroller::kymux_controller::server - Kynet accept failed: connection error: Endpoint closed
2026-09-15T20:56:17.322 WARN kycontroller::kymux_controller::server - Kynet accept failed: connection error: Endpoint closed
2026-09-15T20:56:17.322 WARN kycontroller::kymux_controller::server - Kynet accept failed: connection error: Endpoint closed
2026-09-15T20:56:17.322 WARN kycontroller::kymux_controller::server - Kynet accept failed: connection error: Endpoint closed
2026-09-15T20:56:17.322 WARN kycontroller::kymux_controller::server - Kynet accept failed: connection error: Endpoint closed
2026-09-15T20:56:17.322 WARN kycontroller::kymux_controller::server - Kynet accept failed: connection error: Endpoint closed
2026-09-15T20:56:17.322 WARN kycontroller::kymux_controller::server - Kynet accept failed: connection error: Endpoint closed
2026-09-15T20:56:17.322 WARN kycontroller::kymux_controller::server - Kynet accept failed: connection error: Endpoint closed
2026-09-15T20:56:17.322 WARN kycontroller::kymux_controller::server - Kynet accept failed: connection error: Endpoint closed
2026-09-15T20:56:17.322 WARN kycontroller::kymux_controller::server - Kynet accept failed: connection error: Endpoint closed
2026-09-15T20:56:17.322 WARN kycontroller::kymux_controller::server - Kynet accept failed: connection error: Endpoint closed
2026-09-15T20:56:17.322 WARN kycontroller::kymux_controller::server - Kynet accept failed: connection error: Endpoint closed
2026-09-15T20:56:17.322 WARN kycontroller::kymux_controller::server - Kynet accept failed: connection error: Endpoint closed
2026-09-15T20:56:17.322 WARN kycontroller::kymux_controller::server - Kynet accept failed: connection error: Endpoint closed
2026-09-15T20:56:17.322 WARN kycontroller::kymux_controller::server - Kynet accept failed: connection error: Endpoint closed
2026-09-15T20:56:17.322 WARN kycontroller::kymux_controller::server - Kynet accept failed: connection error: Endpoint closed
2026-09-15T20:56:17.322 WARN kycontroller::kymux_controller::server - Kynet accept failed: connection error: Endpoint closed
2026-09-15T20:56:17.322 WARN kycontroller::kymux_controller::server - Kynet accept failed: connection error: Endpoint closed
2026-09-15T20:56:17.322 WARN kycontroller::kymux_controller::server - Kynet accept failed: connection error: Endpoint closed
2026-09-15T20:56:17.322 WARN kycontroller::kymux_controller::server - Kynet accept failed: connection error: Endpoint closed
2026-09-15T20:56:17.322 WARN kycontroller::kymux_controller::server - Kynet accept failed: connection error: Endpoint closed
2026-09-15T20:56:17.322 WARN kycontroller::kymux_controller::server - Kynet accept failed: connection error: Endpoint closed
2026-09-15T20:56:17.322 WARN kycontroller::kymux_controller::server - Kynet accept failed: connection error: Endpoint closed
2026-09-15T20:56:17.322 WARN kycontroller::kymux_controller::server - Kynet accept failed: connection error: Endpoint closed
2026-09-15T20:56:17.322 WARN kycontroller::kymux_controller::server - Kynet accept failed: connection error: Endpoint closed
2026-09-15T20:56:17.322 WARN kycontroller::kymux_controller::server - Kynet accept failed: connection error: Endpoint closed
2026-09-15T20:56:17.322 WARN kycontroller::kymux_controller::server - Kynet accept failed: connection error: Endpoint closed
2026-09-15T20:56:17.322 WARN kycontroller::kymux_controller::server - Kynet accept failed: connection error: Endpoint closed
2026-09-15T20:56:17.322 WARN kycontroller::kymux_controller::server - Kynet accept failed: connection error: Endpoint closed
2026-09-15T20:56:17.322 WARN kycontroller::kymux_controller::server - Kynet accept failed: connection error: Endpoint closed
2026-09-15T20:56:17.322 WARN kycontroller::kymux_controller::server - Kynet accept failed: connection error: Endpoint closed
2026-09-15T20:56:17.322 WARN kycontroller::kymux_controller::server - Kynet accept failed: connection error: Endpoint closed
2026-09-15T20:56:17.323 WARN kycontroller::kymux_controller::server - Kynet accept failed: connection error: Endpoint closed
2026-09-15T20:56:17.323 WARN kycontroller::kymux_controller::server - Kynet accept failed: connection error: Endpoint closed
2026-09-15T20:56:17.323 WARN kycontroller::kymux_controller::server - Kynet accept failed: connection error: Endpoint closed
2026-09-15T20:56:17.323 WARN kycontroller::kymux_controller::server - Kynet accept failed: connection error: Endpoint closed
2026-09-15T20:56:17.323 WARN kycontroller::kymux_controller::server - Kynet accept failed: connection error: Endpoint closed
2026-09-15T20:56:17.323 WARN kycontroller::kymux_controller::server - Kynet accept failed: connection error: Endpoint closed
2026-09-15T20:56:17.323 WARN kycontroller::kymux_controller::server - Kynet accept failed: connection error: Endpoint closed
2026-09-15T20:56:17.323 WARN kycontroller::kymux_controller::server - Kynet accept failed: connection error: Endpoint closed
2026-09-15T20:56:17.323 WARN kycontroller::kymux_controller::server - Kynet accept failed: connection error: Endpoint closed
2026-09-15T20:56:17.323 WARN kycontroller::kymux_controller::server - Kynet accept failed: connection error: Endpoint closed
2026-09-15T20:56:17.323 WARN kycontroller::kymux_controller::server - Kynet accept failed: connection error: Endpoint closed
2026-09-15T20:56:17.323 WARN kycontroller::kymux_controller::server - Kynet accept failed: connection error: Endpoint closed
2026-09-15T20:56:17.323 WARN kycontroller::kymux_controller::server - Kynet accept failed: connection error: Endpoint closed
2026-09-15T20:56:17.323 WARN kycontroller::kymux_controller::server - Kynet accept failed: connection error: Endpoint closed
2026-09-15T20:56:17.323 WARN kycontroller::kymux_controller::server - Kynet accept failed: connection error: Endpoint closed
2026-09-15T20:56:17.323 WARN kycontroller::kymux_controller::server - Kynet accept failed: connection error: Endpoint closed
2026-09-15T20:56:17.323 WARN kycontroller::kymux_controller::server - Kynet accept failed: connection error: Endpoint closed
2026-09-15T20:56:17.323 WARN kycontroller::kymux_controller::server - Kynet accept failed: connection error: Endpoint closed
2026-09-15T20:56:17.323 WARN kycontroller::kymux_controller::server - Kynet accept failed: connection error: Endpoint closed
2026-09-15T20:56:17.323 WARN kycontroller::kymux_controller::server - Kynet accept failed: connection error: Endpoint closed
2026-09-15T20:56:17.323 WARN kycontroller::kymux_controller::server - Kynet accept failed: connection error: Endpoint closed
2026-09-15T20:56:17.323 WARN kycontroller::kymux_controller::server - Kynet accept failed: connection error: Endpoint closed
2026-09-15T20:56:17.323 WARN kycontroller::kymux_controller::server - Kynet accept failed: connection error: Endpoint closed
2026-09-15T20:56:17.323 WARN kycontroller::kymux_controller::server - Kynet accept failed: connection error: Endpoint closed
2026-09-15T20:56:17.323 WARN kycontroller::kymux_controller::server - Kynet accept failed: connection error: Endpoint closed
2026-09-15T20:56:17.323 WARN kycontroller::kymux_controller::server - Kynet accept failed: connection error: Endpoint closed
2026-09-15T20:56:17.323 WARN kycontroller::kymux_controller::server - Kynet accept failed: connection error: Endpoint closed
2026-09-15T20:56:17.323 WARN kycontroller::kymux_controller::server - Kynet accept failed: connection error: Endpoint closed
2026-09-15T20:56:17.323 WARN kycontroller::kymux_controller::server - Kynet accept failed: connection error: Endpoint closed
2026-09-15T20:56:17.323 WARN kycontroller::kymux_controller::server - Kynet accept failed: connection error: Endpoint closed
2026-09-15T20:56:17.323 WARN kycontroller::kymux_controller::server - Kynet accept failed: connection error: Endpoint closed
2026-09-15T20:56:17.323 WARN kycontroller::kymux_controller::server - Kynet accept failed: connection error: Endpoint closed
2026-09-15T20:56:17.323 WARN kycontroller::kymux_controller::server - Kynet accept failed: connection error: Endpoint closed
2026-09-15T20:56:17.323 WARN kycontroller::kymux_controller::server - Kynet accept failed: connection error: Endpoint closed
2026-09-15T20:56:17.323 WARN kycontroller::kymux_controller::server - Kynet accept failed: connection error: Endpoint closed
2026-09-15T20:56:17.323 WARN kycontroller::kymux_controller::server - Kynet accept failed: connection error: Endpoint closed
2026-09-15T20:56:17.323 WARN kycontroller::kymux_controller::server - Kynet accept failed: connection error: Endpoint closed
2026-09-15T20:56:17.323 WARN kycontroller::kymux_controller::server - Kynet accept failed: connection error: Endpoint closed
2026-09-15T20:56:17.323 WARN kycontroller::kymux_controller::server - Kynet accept failed: connection error: Endpoint closed
2026-09-15T20:56:17.323 WARN kycontroller::kymux_controller::server - Kynet accept failed: connection error: Endpoint closed
2026-09-15T20:56:17.323 WARN kycontroller::kymux_controller::server - Kynet accept failed: connection error: Endpoint closed
2026-09-15T20:56:17.323 WARN kycontroller::kymux_controller::server - Kynet accept failed: connection error: Endpoint closed
2026-09-15T20:56:17.323 WARN kycontroller::kymux_controller::server - Kynet accept failed: connection error: Endpoint closed
2026-09-15T20:56:17.323 WARN kycontroller::kymux_controller::server - Kynet accept failed: connection error: Endpoint closed
2026-09-15T20:56:17.323 WARN kycontroller::kymux_controller::server - Kynet accept failed: connection error: Endpoint closed
2026-09-15T20:56:17.323 WARN kycontroller::kymux_controller::server - Kynet accept failed: connection error: Endpoint closed
2026-09-15T20:56:17.323 WARN kycontroller::kymux_controller::server - Kynet accept failed: connection error: Endpoint closed
2026-09-15T20:56:17.323 WARN kycontroller::kymux_controller::server - Kynet accept failed: connection error: Endpoint closed
2026-09-15T20:56:17.323 WARN kycontroller::kymux_controller::server - Kynet accept failed: connection error: Endpoint closed
2026-09-15T20:56:17.323 WARN kycontroller::kymux_controller::server - Kynet accept failed: connection error: Endpoint closed
2026-09-15T20:56:17.323 WARN kycontroller::kymux_controller::server - Kynet accept failed: connection error: Endpoint closed
2026-09-15T20:56:17.323 WARN kycontroller::kymux_controller::server - Kynet accept failed: connection error: Endpoint closed
2026-09-15T20:56:17.323 WARN kycontroller::kymux_controller::server - Kynet accept failed: connection error: Endpoint closed
2026-09-15T20:56:17.323 WARN kycontroller::kymux_controller::server - Kynet accept failed: connection error: Endpoint closed
2026-09-15T20:56:17.323 WARN kycontroller::kymux_controller::server - Kynet accept failed: connection error: Endpoint closed
2026-09-15T20:56:17.323 WARN kycontroller::kymux_controller::server - Kynet accept failed: connection error: Endpoint closed
2026-09-15T20:56:17.323 WARN kycontroller::kymux_controller::server - Kynet accept failed: connection error: Endpoint closed
2026-09-15T20:56:17.323 WARN kycontroller::kymux_controller::server - Kynet accept failed: connection error: Endpoint closed
2026-09-15T20:56:17.323 WARN kycontroller::kymux_controller::server - Kynet accept failed: connection error: Endpoint closed
2026-09-15T20:56:17.323 WARN kycontroller::kymux_controller::server - Kynet accept failed: connection error: Endpoint closed
2026-09-15T20:56:17.323 WARN kycontroller::kymux_controller::server - Kynet accept failed: connection error: Endpoint closed
2026-09-15T20:56:17.323 WARN kycontroller::kymux_controller::server - Kynet accept failed: connection error: Endpoint closed
2026-09-15T20:56:17.323 WARN kycontroller::kymux_controller::server - Kynet accept failed: connection error: Endpoint closed
2026-09-15T20:56:17.323 WARN kycontroller::kymux_controller::server - Kynet accept failed: connection error: Endpoint closed
2026-09-15T20:56:17.323 WARN kycontroller::kymux_controller::server - Kynet accept failed: connection error: Endpoint closed
2026-09-15T20:56:17.323 WARN kycontroller::kymux_controller::server - Kynet accept failed: connection error: Endpoint closed
2026-09-15T20:56:17.323 WARN kycontroller::kymux_controller::server - Kynet accept failed: connection error: Endpoint closed
2026-09-15T20:56:17.323 WARN kycontroller::kymux_controller::server - Kynet accept failed: connection error: Endpoint closed
2026-09-15T20:56:17.323 WARN kycontroller::kymux_controller::server - Kynet accept failed: connection error: Endpoint closed
2026-09-15T20:56:17.323 WARN kycontroller::kymux_controller::server - Kynet accept failed: connection error: Endpoint closed
2026-09-15T20:56:17.323 WARN kycontroller::kymux_controller::server - Kynet accept failed: connection error: Endpoint closed
2026-09-15T20:56:17.323 WARN kycontroller::kymux_controller::server - Kynet accept failed: connection error: Endpoint closed
2026-09-15T20:56:17.323 WARN kycontroller::kymux_controller::server - Kynet accept failed: connection error: Endpoint closed
2026-09-15T20:56:17.323 WARN kycontroller::kymux_controller::server - Kynet accept failed: connection error: Endpoint closed
2026-09-15T20:56:17.323 WARN kycontroller::kymux_controller::server - Kynet accept failed: connection error: Endpoint closed
2026-09-15T20:56:17.323 WARN kycontroller::kymux_controller::server - Kynet accept failed: connection error: Endpoint closed
2026-09-15T20:56:17.323 WARN kycontroller::kymux_controller::server - Kynet accept failed: connection error: Endpoint closed
2026-09-15T20:56:17.323 WARN kycontroller::kymux_controller::server - Kynet accept failed: connection error: Endpoint closed
2026-09-15T20:56:17.323 WARN kycontroller::kymux_controller::server - Kynet accept failed: connection error: Endpoint closed
2026-09-15T20:56:17.323 WARN kycontroller::kymux_controller::server - Kynet accept failed: connection error: Endpoint closed
2026-09-15T20:56:17.323 WARN kycontroller::kymux_controller::server - Kynet accept failed: connection error: Endpoint closed
2026-09-15T20:56:17.323 WARN kycontroller::kymux_controller::server - Kynet accept failed: connection error: Endpoint closed
2026-09-15T20:56:17.323 WARN kycontroller::kymux_controller::server - Kynet accept failed: connection error: Endpoint closed
2026-09-15T20:56:17.323 WARN kycontroller::kymux_controller::server - Kynet accept failed: connection error: Endpoint closed
2026-09-15T20:56:17.323 WARN kycontroller::kymux_controller::server - Kynet accept failed: connection error: Endpoint closed
2026-09-15T20:56:17.323 WARN kycontroller::kymux_controller::server - Kynet accept failed: connection error: Endpoint closed
2026-09-15T20:56:17.323 WARN kycontroller::kymux_controller::server - Kynet accept failed: connection error: Endpoint closed
2026-09-15T20:56:17.323 WARN kycontroller::kymux_controller::server - Kynet accept failed: connection error: Endpoint closed
2026-09-15T20:56:17.323 WARN kycontroller::kymux_controller::server - Kynet accept failed: connection error: Endpoint closed
2026-09-15T20:56:17.323 WARN kycontroller::kymux_controller::server - Kynet accept failed: connection error: Endpoint closed
2026-09-15T20:56:17.323 WARN kycontroller::kymux_controller::server - Kynet accept failed: connection error: Endpoint closed
2026-09-15T20:56:17.323 WARN kycontroller::kymux_controller::server - Kynet accept failed: connection error: Endpoint closed
2026-09-15T20:56:17.323 WARN kycontroller::kymux_controller::server - Kynet accept failed: connection error: Endpoint closed
2026-09-15T20:56:17.323 WARN kycontroller::kymux_controller::server - Kynet accept failed: connection error: Endpoint closed
2026-09-15T20:56:17.323 WARN kycontroller::kymux_controller::server - Kynet accept failed: connection error: Endpoint closed
2026-09-15T20:56:17.323 WARN kycontroller::kymux_controller::server - Kynet accept failed: connection error: Endpoint closed
2026-09-15T20:56:17.323 WARN kycontroller::kymux_controller::server - Kynet accept failed: connection error: Endpoint closed
2026-09-15T20:56:17.323 WARN kycontroller::kymux_controller::server - Kynet accept failed: connection error: Endpoint closed
2026-09-15T20:56:17.323 WARN kycontroller::kymux_controller::server - Kynet accept failed: connection error: Endpoint closed
2026-09-15T20:56:17.323 WARN kycontroller::kymux_controller::server - Kynet accept failed: connection error: Endpoint closed
2026-09-15T20:56:17.323 WARN kycontroller::kymux_controller::server - Kynet accept failed: connection error: Endpoint closed
2026-09-15T20:56:17.323 WARN kycontroller::kymux_controller::server - Kynet accept failed: connection error: Endpoint closed
2026-09-15T20:56:17.323 WARN kycontroller::kymux_controller::server - Kynet accept failed: connection error: Endpoint closed
2026-09-15T20:56:17.323 WARN kycontroller::kymux_controller::server - Kynet accept failed: connection error: Endpoint closed
2026-09-15T20:56:17.323 WARN kycontroller::kymux_controller::server - Kynet accept failed: connection error: Endpoint closed
2026-09-15T20:56:17.323 WARN kycontroller::kymux_controller::server - Kynet accept failed: connection error: Endpoint closed
2026-09-15T20:56:17.323 WARN kycontroller::kymux_controller::server - Kynet accept failed: connection error: Endpoint closed
2026-09-15T20:56:17.323 WARN kycontroller::kymux_controller::server - Kynet accept failed: connection error: Endpoint closed
2026-09-15T20:56:17.323 WARN kycontroller::kymux_controller::server - Kynet accept failed: connection error: Endpoint closed
2026-09-15T20:56:17.324 WARN kycontroller::kymux_controller::server - Kynet accept failed: connection error: Endpoint closed
2026-09-15T20:56:17.324 WARN kycontroller::kymux_controller::server - Kynet accept failed: connection error: Endpoint closed
2026-09-15T20:56:17.324 WARN kycontroller::kymux_controller::server - Kynet accept failed: connection error: Endpoint closed
2026-09-15T20:56:17.324 WARN kycontroller::kymux_controller::server - Kynet accept failed: connection error: Endpoint closed
2026-09-15T20:56:17.324 WARN kycontroller::kymux_controller::server - Kynet accept failed: connection error: Endpoint closed
2026-09-15T20:56:17.324 WARN kycontroller::kymux_controller::server - Kynet accept failed: connection error: Endpoint closed
2026-09-15T20:56:17.324 WARN kycontroller::kymux_controller::server - Kynet accept failed: connection error: Endpoint closed
2026-09-15T20:56:17.324 WARN kycontroller::kymux_controller::server - Kynet accept failed: connection error: Endpoint closed
2026-09-15T20:56:17.324 WARN kycontroller::kymux_controller::server - Kynet accept failed: connection error: Endpoint closed
2026-09-15T20:56:17.324 WARN kycontroller::kymux_controller::server - Kynet accept failed: connection error: Endpoint closed
2026-09-15T20:56:17.324 WARN kycontroller::kymux_controller::server - Kynet accept failed: connection error: Endpoint closed
2026-09-15T20:56:17.324 WARN kycontroller::kymux_controller::server - Kynet accept failed: connection error: Endpoint closed
2026-09-15T20:56:17.324 WARN kycontroller::kymux_controller::server - Kynet accept failed: connection error: Endpoint closed
2026-09-15T20:56:17.324 WARN kycontroller::kymux_controller::server - Kynet accept failed: connection error: Endpoint closed
2026-09-15T20:56:17.324 WARN kycontroller::kymux_controller::server - Kynet accept failed: connection error: Endpoint closed
2026-09-15T20:56:17.324 WARN kycontroller::kymux_controller::server - Kynet accept failed: connection error: Endpoint closed
2026-09-15T20:56:17.324 WARN kycontroller::kymux_controller::server - Kynet accept failed: connection error: Endpoint closed
2026-09-15T20:56:17.324 WARN kycontroller::kymux_controller::server - Kynet accept failed: connection error: Endpoint closed
2026-09-15T20:56:17.324 WARN kycontroller::kymux_controller::server - Kynet accept failed: connection error: Endpoint closed
2026-09-15T20:56:17.324 WARN kycontroller::kymux_controller::server - Kynet accept failed: connection error: Endpoint closed
2026-09-15T20:56:17.324 WARN kycontroller::kymux_controller::server - Kynet accept failed: connection error: Endpoint closed
2026-09-15T20:56:17.324 WARN kycontroller::kymux_controller::server - Kynet accept failed: connection error: Endpoint closed
2026-09-15T20:56:17.324 WARN kycontroller::kymux_controller::server - Kynet accept failed: connection error: Endpoint closed
2026-09-15T20:56:17.324 WARN kycontroller::kymux_controller::server - Kynet accept failed: connection error: Endpoint closed
2026-09-15T20:56:17.324 WARN kycontroller::kymux_controller::server - Kynet accept failed: connection error: Endpoint closed
2026-09-15T20:56:17.324 WARN kycontroller::kymux_controller::server - Kynet accept failed: connection error: Endpoint closed
2026-09-15T20:56:17.324 WARN kycontroller::kymux_controller::server - Kynet accept failed: connection error: Endpoint closed
2026-09-15T20:56:17.324 WARN kycontroller::kymux_controller::server - Kynet accept failed: connection error: Endpoint closed
2026-09-15T20:56:17.324 WARN kycontroller::kymux_controller::server - Kynet accept failed: connection error: Endpoint closed
2026-09-15T20:56:17.324 WARN kycontroller::kymux_controller::server - Kynet accept failed: connection error: Endpoint closed
2026-09-15T20:56:17.324 WARN kycontroller::kymux_controller::server - Kynet accept failed: connection error: Endpoint closed
2026-09-15T20:56:17.324 WARN kycontroller::kymux_controller::server - Kynet accept failed: connection error: Endpoint closed
2026-09-15T20:56:17.324 WARN kycontroller::kymux_controller::server - Kynet accept failed: connection error: Endpoint closed
2026-09-15T20:56:17.324 WARN kycontroller::kymux_controller::server - Kynet accept failed: connection error: Endpoint closed
2026-09-15T20:56:17.324 WARN kycontroller::kymux_controller::server - Kynet accept failed: connection error: Endpoint closed
2026-09-15T20:56:17.324 WARN kycontroller::kymux_controller::server - Kynet accept failed: connection error: Endpoint closed
2026-09-15T20:56:17.324 WARN kycontroller::kymux_controller::server - Kynet accept failed: connection error: Endpoint closed
2026-09-15T20:56:17.324 WARN kycontroller::kymux_controller::server - Kynet accept failed: connection error: Endpoint closed
2026-09-15T20:56:17.324 WARN kycontroller::kymux_controller::server - Kynet accept failed: connection error: Endpoint closed
2026-09-15T20:56:17.324 WARN kycontroller::kymux_controller::server - Kynet accept failed: connection error: Endpoint closed
2026-09-15T20:56:17.324 WARN kycontroller::kymux_controller::server - Kynet accept failed: connection error: Endpoint closed
2026-09-15T20:56:17.324 WARN kycontroller::kymux_controller::server - Kynet accept failed: connection error: Endpoint closed
2026-09-15T20:56:17.324 WARN kycontroller::kymux_controller::server - Kynet accept failed: connection error: Endpoint closed
2026-09-15T20:56:17.324 WARN kycontroller::kymux_controller::server - Kynet accept failed: connection error: Endpoint closed
2026-09-15T20:56:17.324 WARN kycontroller::kymux_controller::server - Kynet accept failed: connection error: Endpoint closed
2026-09-15T20:56:17.324 WARN kycontroller::kymux_controller::server - Kynet accept failed: connection error: Endpoint closed
2026-09-15T20:56:17.324 WARN kycontroller::kymux_controller::server - Kynet accept failed: connection error: Endpoint closed
2026-09-15T20:56:17.324 WARN kycontroller::kymux_controller::server - Kynet accept failed: connection error: Endpoint closed
2026-09-15T20:56:17.324 WARN kycontroller::kymux_controller::server - Kynet accept failed: connection error: Endpoint closed
2026-09-15T20:56:17.324 WARN kycontroller::kymux_controller::server - Kynet accept failed: connection error: Endpoint closed
2026-09-15T20:56:17.324 WARN kycontroller::kymux_controller::server - Kynet accept failed: connection error: Endpoint closed
2026-09-15T20:56:17.324 WARN kycontroller::kymux_controller::server - Kynet accept failed: connection error: Endpoint closed
2026-09-15T20:56:17.324 WARN kycontroller::kymux_controller::server - Kynet accept failed: connection error: Endpoint closed
2026-09-15T20:56:17.324 WARN kycontroller::kymux_controller::server - Kynet accept failed: connection error: Endpoint closed
2026-09-15T20:56:17.324 WARN kycontroller::kymux_controller::server - Kynet accept failed: connection error: Endpoint closed
2026-09-15T20:56:17.324 WARN kycontroller::kymux_controller::server - Kynet accept failed: connection error: Endpoint closed
2026-09-15T20:56:17.324 WARN kycontroller::kymux_controller::server - Kynet accept failed: connection error: Endpoint closed
2026-09-15T20:56:17.324 WARN kycontroller::kymux_controller::server - Kynet accept failed: connection error: Endpoint closed
2026-09-15T20:56:17.324 WARN kycontroller::kymux_controller::server - Kynet accept failed: connection error: Endpoint closed
2026-09-15T20:56:17.324 WARN kycontroller::kymux_controller::server - Kynet accept failed: connection error: Endpoint closed
2026-09-15T20:56:17.324 WARN kycontroller::kymux_controller::server - Kynet accept failed: connection error: Endpoint closed
2026-09-15T20:56:17.324 WARN kycontroller::kymux_controller::server - Kynet accept failed: connection error: Endpoint closed
2026-09-15T20:56:17.324 WARN kycontroller::kymux_controller::server - Kynet accept failed: connection error: Endpoint closed
2026-09-15T20:56:17.324 WARN kycontroller::kymux_controller::server - Kynet accept failed: connection error: Endpoint closed
2026-09-15T20:56:17.324 WARN kycontroller::kymux_controller::server - Kynet accept failed: connection error: Endpoint closed
2026-09-15T20:56:17.324 WARN kycontroller::kymux_controller::server - Kynet accept failed: connection error: Endpoint closed
2026-09-15T20:56:17.324 WARN kycontroller::kymux_controller::server - Kynet accept failed: connection error: Endpoint closed
2026-09-15T20:56:17.324 WARN kycontroller::kymux_controller::server - Kynet accept failed: connection error: Endpoint closed
2026-09-15T20:56:17.324 WARN kycontroller::kymux_controller::server - Kynet accept failed: connection error: Endpoint closed
2026-09-15T20:56:17.324 WARN kycontroller::kymux_controller::server - Kynet accept failed: connection error: Endpoint closed
2026-09-15T20:56:17.324 WARN kycontroller::kymux_controller::server - Kynet accept failed: connection error: Endpoint closed
2026-09-15T20:56:17.324 WARN kycontroller::kymux_controller::server - Kynet accept failed: connection error: Endpoint closed
2026-09-15T20:56:17.324 WARN kycontroller::kymux_controller::server - Kynet accept failed: connection error: Endpoint closed
2026-09-15T20:56:17.324 WARN kycontroller::kymux_controller::server - Kynet accept failed: connection error: Endpoint closed
2026-09-15T20:56:17.324 WARN kycontroller::kymux_controller::server - Kynet accept failed: connection error: Endpoint closed
2026-09-15T20:56:17.324 WARN kycontroller::kymux_controller::server - Kynet accept failed: connection error: Endpoint closed
2026-09-15T20:56:17.324 WARN kycontroller::kymux_controller::server - Kynet accept failed: connection error: Endpoint closed
2026-09-15T20:56:17.324 WARN kycontroller::kymux_controller::server - Kynet accept failed: connection error: Endpoint closed
2026-09-15T20:56:17.324 WARN kycontroller::kymux_controller::server - Kynet accept failed: connection error: Endpoint closed
2026-09-15T20:56:17.324 WARN kycontroller::kymux_controller::server - Kynet accept failed: connection error: Endpoint closed
2026-09-15T20:56:17.324 WARN kycontroller::kymux_controller::server - Kynet accept failed: connection error: Endpoint closed
2026-09-15T20:56:17.324 WARN kycontroller::kymux_controller::server - Kynet accept failed: connection error: Endpoint closed
2026-09-15T20:56:17.324 WARN kycontroller::kymux_controller::server - Kynet accept failed: connection error: Endpoint closed
2026-09-15T20:56:17.324 WARN kycontroller::kymux_controller::server - Kynet accept failed: connection error: Endpoint closed
2026-09-15T20:56:17.324 WARN kycontroller::kymux_controller::server - Kynet accept failed: connection error: Endpoint closed
2026-09-15T20:56:17.324 WARN kycontroller::kymux_controller::server - Kynet accept failed: connection error: Endpoint closed
2026-09-15T20:56:17.324 WARN kycontroller::kymux_controller::server - Kynet accept failed: connection error: Endpoint closed
2026-09-15T20:56:17.324 WARN kycontroller::kymux_controller::server - Kynet accept failed: connection error: Endpoint closed
2026-09-15T20:56:17.324 WARN kycontroller::kymux_controller::server - Kynet accept failed: connection error: Endpoint closed
2026-09-15T20:56:17.324 WARN kycontroller::kymux_controller::server - Kynet accept failed: connection error: Endpoint closed
2026-09-15T20:56:17.324 WARN kycontroller::kymux_controller::server - Kynet accept failed: connection error: Endpoint closed
2026-09-15T20:56:17.324 WARN kycontroller::kymux_controller::server - Kynet accept failed: connection error: Endpoint closed
2026-09-15T20:56:17.324 WARN kycontroller::kymux_controller::server - Kynet accept failed: connection error: Endpoint closed
2026-09-15T20:56:17.324 WARN kycontroller::kymux_controller::server - Kynet accept failed: connection error: Endpoint closed
2026-09-15T20:56:17.324 WARN kycontroller::kymux_controller::server - Kynet accept failed: connection error: Endpoint closed
2026-09-15T20:56:17.324 WARN kycontroller::kymux_controller::server - Kynet accept failed: connection error: Endpoint closed
2026-09-15T20:56:17.324 WARN kycontroller::kymux_controller::server - Kynet accept failed: connection error: Endpoint closed
2026-09-15T20:56:17.324 WARN kycontroller::kymux_controller::server - Kynet accept failed: connection error: Endpoint closed
2026-09-15T20:56:17.324 WARN kycontroller::kymux_controller::server - Kynet accept failed: connection error: Endpoint closed
2026-09-15T20:56:17.324 WARN kycontroller::kymux_controller::server - Kynet accept failed: connection error: Endpoint closed
2026-09-15T20:56:17.324 WARN kycontroller::kymux_controller::server - Kynet accept failed: connection error: Endpoint closed
2026-09-15T20:56:17.324 WARN kycontroller::kymux_controller::server - Kynet accept failed: connection error: Endpoint closed
2026-09-15T20:56:17.324 WARN kycontroller::kymux_controller::server - Kynet accept failed: connection error: Endpoint closed
2026-09-15T20:56:17.324 WARN kycontroller::kymux_controller::server - Kynet accept failed: connection error: Endpoint closed
2026-09-15T20:56:17.324 WARN kycontroller::kymux_controller::server - Kynet accept failed: connection error: Endpoint closed
2026-09-15T20:56:17.324 WARN kycontroller::kymux_controller::server - Kynet accept failed: connection error: Endpoint closed
2026-09-15T20:56:17.324 WARN kycontroller::kymux_controller::server - Kynet accept failed: connection error: Endpoint closed
2026-09-15T20:56:17.324 WARN kycontroller::kymux_controller::server - Kynet accept failed: connection error: Endpoint closed
2026-09-15T20:56:17.324 WARN kycontroller::kymux_controller::server - Kynet accept failed: connection error: Endpoint closed
2026-09-15T20:56:17.324 WARN kycontroller::kymux_controller::server - Kynet accept failed: connection error: Endpoint closed
2026-09-15T20:56:17.324 WARN kycontroller::kymux_controller::server - Kynet accept failed: connection error: Endpoint closed
2026-09-15T20:56:17.324 WARN kycontroller::kymux_controller::server - Kynet accept failed: connection error: Endpoint closed
2026-09-15T20:56:17.325 WARN kycontroller::kymux_controller::server - Kynet accept failed: connection error: Endpoint closed
2026-09-15T20:56:17.325 WARN kycontroller::kymux_controller::server - Kynet accept failed: connection error: Endpoint closed
2026-09-15T20:56:17.325 WARN kycontroller::kymux_controller::server - Kynet accept failed: connection error: Endpoint closed
2026-09-15T20:56:17.325 WARN kycontroller::kymux_controller::server - Kynet accept failed: connection error: Endpoint closed
2026-09-15T20:56:17.325 WARN kycontroller::kymux_controller::server - Kynet accept failed: connection error: Endpoint closed
2026-09-15T20:56:17.325 WARN kycontroller::kymux_controller::server - Kynet accept failed: connection error: Endpoint closed
2026-09-15T20:56:17.325 WARN kycontroller::kymux_controller::server - Kynet accept failed: connection error: Endpoint closed
2026-09-15T20:56:17.325 WARN kycontroller::kymux_controller::server - Kynet accept failed: connection error: Endpoint closed
2026-09-15T20:56:17.325 WARN kycontroller::kymux_controller::server - Kynet accept failed: connection error: Endpoint closed
2026-09-15T20:56:17.325 WARN kycontroller::kymux_controller::server - Kynet accept failed: connection error: Endpoint closed
2026-09-15T20:56:17.325 WARN kycontroller::kymux_controller::server - Kynet accept failed: connection error: Endpoint closed
2026-09-15T20:56:17.325 WARN kycontroller::kymux_controller::server - Kynet accept failed: connection error: Endpoint closed
2026-09-15T20:56:17.325 WARN kycontroller::kymux_controller::server - Kynet accept failed: connection error: Endpoint closed
2026-09-15T20:56:17.325 WARN kycontroller::kymux_controller::server - Kynet accept failed: connection error: Endpoint closed
2026-09-15T20:56:17.325 WARN kycontroller::kymux_controller::server - Kynet accept failed: connection error: Endpoint closed
2026-09-15T20:56:17.325 WARN kycontroller::kymux_controller::server - Kynet accept failed: connection error: Endpoint closed
2026-09-15T20:56:17.325 WARN kycontroller::kymux_controller::server - Kynet accept failed: connection error: Endpoint closed
2026-09-15T20:56:17.325 WARN kycontroller::kymux_controller::server - Kynet accept failed: connection error: Endpoint closed
2026-09-15T20:56:17.325 WARN kycontroller::kymux_controller::server - Kynet accept failed: connection error: Endpoint closed
2026-09-15T20:56:17.325 WARN kycontroller::kymux_controller::server - Kynet accept failed: connection error: Endpoint closed
2026-09-15T20:56:17.325 WARN kycontroller::kymux_controller::server - Kynet accept failed: connection error: Endpoint closed
2026-09-15T20:56:17.325 WARN kycontroller::kymux_controller::server - Kynet accept failed: connection error: Endpoint closed
2026-09-15T20:56:17.325 WARN kycontroller::kymux_controller::server - Kynet accept failed: connection error: Endpoint closed
2026-09-15T20:56:17.325 WARN kycontroller::kymux_controller::server - Kynet accept failed: connection error: Endpoint closed
2026-09-15T20:56:17.325 WARN kycontroller::kymux_controller::server - Kynet accept failed: connection error: Endpoint closed
2026-09-15T20:56:17.325 WARN kycontroller::kymux_controller::server - Kynet accept failed: connection error: Endpoint closed
2026-09-15T20:56:17.325 WARN kycontroller::kymux_controller::server - Kynet accept failed: connection error: Endpoint closed
2026-09-15T20:56:17.325 WARN kycontroller::kymux_controller::server - Kynet accept failed: connection error: Endpoint closed
2026-09-15T20:56:17.325 WARN kycontroller::kymux_controller::server - Kynet accept failed: connection error: Endpoint closed
2026-09-15T20:56:17.325 WARN kycontroller::kymux_controller::server - Kynet accept failed: connection error: Endpoint closed
2026-09-15T20:56:17.325 WARN kycontroller::kymux_controller::server - Kynet accept failed: connection error: Endpoint closed
2026-09-15T20:56:17.325 WARN kycontroller::kymux_controller::server - Kynet accept failed: connection error: Endpoint closed
2026-09-15T20:56:17.325 WARN kycontroller::kymux_controller::server - Kynet accept failed: connection error: Endpoint closed
2026-09-15T20:56:17.325 WARN kycontroller::kymux_controller::server - Kynet accept failed: connection error: Endpoint closed
2026-09-15T20:56:17.325 WARN kycontroller::kymux_controller::server - Kynet accept failed: connection error: Endpoint closed
2026-09-15T20:56:17.325 WARN kycontroller::kymux_controller::server - Kynet accept failed: connection error: Endpoint closed
2026-09-15T20:56:17.325 WARN kycontroller::kymux_controller::server - Kynet accept failed: connection error: Endpoint closed
2026-09-15T20:56:17.325 WARN kycontroller::kymux_controller::server - Kynet accept failed: connection error: Endpoint closed
2026-09-15T20:56:17.325 WARN kycontroller::kymux_controller::server - Kynet accept failed: connection error: Endpoint closed
2026-09-15T20:56:17.325 WARN kycontroller::kymux_controller::server - Kynet accept failed: connection error: Endpoint closed
2026-09-15T20:56:17.325 WARN kycontroller::kymux_controller::server - Kynet accept failed: connection error: Endpoint closed
2026-09-15T20:56:17.325 WARN kycontroller::kymux_controller::server - Kynet accept failed: connection error: Endpoint closed
2026-09-15T20:56:17.325 WARN kycontroller::kymux_controller::server - Kynet accept failed: connection error: Endpoint closed
2026-09-15T20:56:17.325 WARN kycontroller::kymux_controller::server - Kynet accept failed: connection error: Endpoint closed
2026-09-15T20:56:17.325 WARN kycontroller::kymux_controller::server - Kynet accept failed: connection error: Endpoint closed
2026-09-15T20:56:17.325 WARN kycontroller::kymux_controller::server - Kynet accept failed: connection error: Endpoint closed
2026-09-15T20:56:17.325 WARN kycontroller::kymux_controller::server - Kynet accept failed: connection error: Endpoint closed
2026-09-15T20:56:17.325 WARN kycontroller::kymux_controller::server - Kynet accept failed: connection error: Endpoint closed
2026-09-15T20:56:17.325 WARN kycontroller::kymux_controller::server - Kynet accept failed: connection error: Endpoint closed
2026-09-15T20:56:17.325 WARN kycontroller::kymux_controller::server - Kynet accept failed: connection error: Endpoint closed
2026-09-15T20:56:17.325 WARN kycontroller::kymux_controller::server - Kynet accept failed: connection error: Endpoint closed
2026-09-15T20:56:17.325 WARN kycontroller::kymux_controller::server - Kynet accept failed: connection error: Endpoint closed
2026-09-15T20:56:17.325 WARN kycontroller::kymux_controller::server - Kynet accept failed: connection error: Endpoint closed
2026-09-15T20:56:17.325 WARN kycontroller::kymux_controller::server - Kynet accept failed: connection error: Endpoint closed
2026-09-15T20:56:17.325 WARN kycontroller::kymux_controller::server - Kynet accept failed: connection error: Endpoint closed
2026-09-15T20:56:17.325 WARN kycontroller::kymux_controller::server - Kynet accept failed: connection error: Endpoint closed
2026-09-15T20:56:17.325 WARN kycontroller::kymux_controller::server - Kynet accept failed: connection error: Endpoint closed
2026-09-15T20:56:17.325 WARN kycontroller::kymux_controller::server - Kynet accept failed: connection error: Endpoint closed
2026-09-15T20:56:17.325 WARN kycontroller::kymux_controller::server - Kynet accept failed: connection error: Endpoint closed
2026-09-15T20:56:17.325 WARN kycontroller::kymux_controller::server - Kynet accept failed: connection error: Endpoint closed
2026-09-15T20:56:17.325 WARN kycontroller::kymux_controller::server - Kynet accept failed: connection error: Endpoint closed
2026-09-15T20:56:17.325 WARN kycontroller::kymux_controller::server - Kynet accept failed: connection error: Endpoint closed
2026-09-15T20:56:17.325 WARN kycontroller::kymux_controller::server - Kynet accept failed: connection error: Endpoint closed
2026-09-15T20:56:17.325 WARN kycontroller::kymux_controller::server - Kynet accept failed: connection error: Endpoint closed
2026-09-15T20:56:17.325 WARN kycontroller::kymux_controller::server - Kynet accept failed: connection error: Endpoint closed
2026-09-15T20:56:17.325 WARN kycontroller::kymux_controller::server - Kynet accept failed: connection error: Endpoint closed
2026-09-15T20:56:17.325 WARN kycontroller::kymux_controller::server - Kynet accept failed: connection error: Endpoint closed
2026-09-15T20:56:17.325 WARN kycontroller::kymux_controller::server - Kynet accept failed: connection error: Endpoint closed
2026-09-15T20:56:17.325 WARN kycontroller::kymux_controller::server - Kynet accept failed: connection error: Endpoint closed
2026-09-15T20:56:17.325 WARN kycontroller::kymux_controller::server - Kynet accept failed: connection error: Endpoint closed
2026-09-15T20:56:17.325 WARN kycontroller::kymux_controller::server - Kynet accept failed: connection error: Endpoint closed
2026-09-15T20:56:17.325 WARN kycontroller::kymux_controller::server - Kynet accept failed: connection error: Endpoint closed
2026-09-15T20:56:17.325 WARN kycontroller::kymux_controller::server - Kynet accept failed: connection error: Endpoint closed
2026-09-15T20:56:17.325 WARN kycontroller::kymux_controller::server - Kynet accept failed: connection error: Endpoint closed
2026-09-15T20:56:17.325 WARN kycontroller::kymux_controller::server - Kynet accept failed: connection error: Endpoint closed
2026-09-15T20:56:17.325 WARN kycontroller::kymux_controller::server - Kynet accept failed: connection error: Endpoint closed
2026-09-15T20:56:17.325 WARN kycontroller::kymux_controller::server - Kynet accept failed: connection error: Endpoint closed
2026-09-15T20:56:17.325 WARN kycontroller::kymux_controller::server - Kynet accept failed: connection error: Endpoint closed
2026-09-15T20:56:17.325 WARN kycontroller::kymux_controller::server - Kynet accept failed: connection error: Endpoint closed
2026-09-15T20:56:17.325 WARN kycontroller::kymux_controller::server - Kynet accept failed: connection error: Endpoint closed
2026-09-15T20:56:17.325 WARN kycontroller::kymux_controller::server - Kynet accept failed: connection error: Endpoint closed
2026-09-15T20:56:17.325 WARN kycontroller::kymux_controller::server - Kynet accept failed: connection error: Endpoint closed
2026-09-15T20:56:17.325 WARN kycontroller::kymux_controller::server - Kynet accept failed: connection error: Endpoint closed
2026-09-15T20:56:17.325 WARN kycontroller::kymux_controller::server - Kynet accept failed: connection error: Endpoint closed
2026-09-15T20:56:17.325 WARN kycontroller::kymux_controller::server - Kynet accept failed: connection error: Endpoint closed
2026-09-15T20:56:17.325 WARN kycontroller::kymux_controller::server - Kynet accept failed: connection error: Endpoint closed
2026-09-15T20:56:17.325 WARN kycontroller::kymux_controller::server - Kynet accept failed: connection error: Endpoint closed
2026-09-15T20:56:17.325 WARN kycontroller::kymux_controller::server - Kynet accept failed: connection error: Endpoint closed
2026-09-15T20:56:17.325 WARN kycontroller::kymux_controller::server - Kynet accept failed: connection error: Endpoint closed
2026-09-15T20:56:17.325 WARN kycontroller::kymux_controller::server - Kynet accept failed: connection error: Endpoint closed
2026-09-15T20:56:17.325 WARN kycontroller::kymux_controller::server - Kynet accept failed: connection error: Endpoint closed
2026-09-15T20:56:17.325 WARN kycontroller::kymux_controller::server - Kynet accept failed: connection error: Endpoint closed
2026-09-15T20:56:17.325 WARN kycontroller::kymux_controller::server - Kynet accept failed: connection error: Endpoint closed
2026-09-15T20:56:17.325 WARN kycontroller::kymux_controller::server - Kynet accept failed: connection error: Endpoint closed
2026-09-15T20:56:17.325 WARN kycontroller::kymux_controller::server - Kynet accept failed: connection error: Endpoint closed
2026-09-15T20:56:17.325 WARN kycontroller::kymux_controller::server - Kynet accept failed: connection error: Endpoint closed
2026-09-15T20:56:17.325 WARN kycontroller::kymux_controller::server - Kynet accept failed: connection error: Endpoint closed
2026-09-15T20:56:17.325 WARN kycontroller::kymux_controller::server - Kynet accept failed: connection error: Endpoint closed
2026-09-15T20:56:17.325 WARN kycontroller::kymux_controller::server - Kynet accept failed: connection error: Endpoint closed
2026-09-15T20:56:17.325 WARN kycontroller::kymux_controller::server - Kynet accept failed: connection error: Endpoint closed
2026-09-15T20:56:17.325 WARN kycontroller::kymux_controller::server - Kynet accept failed: connection error: Endpoint closed
2026-09-15T20:56:17.325 WARN kycontroller::kymux_controller::server - Kynet accept failed: connection error: Endpoint closed
2026-09-15T20:56:17.325 WARN kycontroller::kymux_controller::server - Kynet accept failed: connection error: Endpoint closed
2026-09-15T20:56:17.325 WARN kycontroller::kymux_controller::server - Kynet accept failed: connection error: Endpoint closed
2026-09-15T20:56:17.325 WARN kycontroller::kymux_controller::server - Kynet accept failed: connection error: Endpoint closed
2026-09-15T20:56:17.325 WARN kycontroller::kymux_controller::server - Kynet accept failed: connection error: Endpoint closed
2026-09-15T20:56:17.325 WARN kycontroller::kymux_controller::server - Kynet accept failed: connection error: Endpoint closed
2026-09-15T20:56:17.325 WARN kycontroller::kymux_controller::server - Kynet accept failed: connection error: Endpoint closed
2026-09-15T20:56:17.325 WARN kycontroller::kymux_controller::server - Kynet accept failed: connection error: Endpoint closed
2026-09-15T20:56:17.325 WARN kycontroller::kymux_controller::server - Kynet accept failed: connection error: Endpoint closed
2026-09-15T20:56:17.325 WARN kycontroller::kymux_controller::server - Kynet accept failed: connection error: Endpoint closed
2026-09-15T20:56:17.325 WARN kycontroller::kymux_controller::server - Kynet accept failed: connection error: Endpoint closed
2026-09-15T20:56:17.325 WARN kycontroller::kymux_controller::server - Kynet accept failed: connection error: Endpoint closed
2026-09-15T20:56:17.325 WARN kycontroller::kymux_controller::server - Kynet accept failed: connection error: Endpoint closed
2026-09-15T20:56:17.325 WARN kycontroller::kymux_controller::server - Kynet accept failed: connection error: Endpoint closed
2026-09-15T20:56:17.326 WARN kycontroller::kymux_controller::server - Kynet accept failed: connection error: Endpoint closed
2026-09-15T20:56:17.326 WARN kycontroller::kymux_controller::server - Kynet accept failed: connection error: Endpoint closed
2026-09-15T20:56:17.326 WARN kycontroller::kymux_controller::server - Kynet accept failed: connection error: Endpoint closed
2026-09-15T20:56:17.326 WARN kycontroller::kymux_controller::server - Kynet accept failed: connection error: Endpoint closed
2026-09-15T20:56:17.326 WARN kycontroller::kymux_controller::server - Kynet accept failed: connection error: Endpoint closed
2026-09-15T20:56:17.326 WARN kycontroller::kymux_controller::server - Kynet accept failed: connection error: Endpoint closed
2026-09-15T20:56:17.326 WARN kycontroller::kymux_controller::server - Kynet accept failed: connection error: Endpoint closed
2026-09-15T20:56:17.326 WARN kycontroller::kymux_controller::server - Kynet accept failed: connection error: Endpoint closed
2026-09-15T20:56:17.326 WARN kycontroller::kymux_controller::server - Kynet accept failed: connection error: Endpoint closed
2026-09-15T20:56:17.326 WARN kycontroller::kymux_controller::server - Kynet accept failed: connection error: Endpoint closed
2026-09-15T20:56:17.326 WARN kycontroller::kymux_controller::server - Kynet accept failed: connection error: Endpoint closed
2026-09-15T20:56:17.326 WARN kycontroller::kymux_controller::server - Kynet accept failed: connection error: Endpoint closed
2026-09-15T20:56:17.326 WARN kycontroller::kymux_controller::server - Kynet accept failed: connection error: Endpoint closed
2026-09-15T20:56:17.326 WARN kycontroller::kymux_controller::server - Kynet accept failed: connection error: Endpoint closed
2026-09-15T20:56:17.326 WARN kycontroller::kymux_controller::server - Kynet accept failed: connection error: Endpoint closed
2026-09-15T20:56:17.326 WARN kycontroller::kymux_controller::server - Kynet accept failed: connection error: Endpoint closed
2026-09-15T20:56:17.326 WARN kycontroller::kymux_controller::server - Kynet accept failed: connection error: Endpoint closed
2026-09-15T20:56:17.326 WARN kycontroller::kymux_controller::server - Kynet accept failed: connection error: Endpoint closed
2026-09-15T20:56:17.326 WARN kycontroller::kymux_controller::server - Kynet accept failed: connection error: Endpoint closed
2026-09-15T20:56:17.326 WARN kycontroller::kymux_controller::server - Kynet accept failed: connection error: Endpoint closed
2026-09-15T20:56:17.326 WARN kycontroller::kymux_controller::server - Kynet accept failed: connection error: Endpoint closed
2026-09-15T20:56:17.326 WARN kycontroller::kymux_controller::server - Kynet accept failed: connection error: Endpoint closed
2026-09-15T20:56:17.326 WARN kycontroller::kymux_controller::server - Kynet accept failed: connection error: Endpoint closed
2026-09-15T20:56:17.326 WARN kycontroller::kymux_controller::server - Kynet accept failed: connection error: Endpoint closed
2026-09-15T20:56:17.326 WARN kycontroller::kymux_controller::server - Kynet accept failed: connection error: Endpoint closed
2026-09-15T20:56:17.326 WARN kycontroller::kymux_controller::server - Kynet accept failed: connection error: Endpoint closed
2026-09-15T20:56:17.326 WARN kycontroller::kymux_controller::server - Kynet accept failed: connection error: Endpoint closed
2026-09-15T20:56:17.326 WARN kycontroller::kymux_controller::server - Kynet accept failed: connection error: Endpoint closed
2026-09-15T20:56:17.326 WARN kycontroller::kymux_controller::server - Kynet accept failed: connection error: Endpoint closed
2026-09-15T20:56:17.326 WARN kycontroller::kymux_controller::server - Kynet accept failed: connection error: Endpoint closed
2026-09-15T20:56:17.326 WARN kycontroller::kymux_controller::server - Kynet accept failed: connection error: Endpoint closed
2026-09-15T20:56:17.326 WARN kycontroller::kymux_controller::server - Kynet accept failed: connection error: Endpoint closed
2026-09-15T20:56:17.326 WARN kycontroller::kymux_controller::server - Kynet accept failed: connection error: Endpoint closed
2026-09-15T20:56:17.326 WARN kycontroller::kymux_controller::server - Kynet accept failed: connection error: Endpoint closed
2026-09-15T20:56:17.326 WARN kycontroller::kymux_controller::server - Kynet accept failed: connection error: Endpoint closed
2026-09-15T20:56:17.326 WARN kycontroller::kymux_controller::server - Kynet accept failed: connection error: Endpoint closed
2026-09-15T20:56:17.326 WARN kycontroller::kymux_controller::server - Kynet accept failed: connection error: Endpoint closed
2026-09-15T20:56:17.326 WARN kycontroller::kymux_controller::server - Kynet accept failed: connection error: Endpoint closed
2026-09-15T20:56:17.326 WARN kycontroller::kymux_controller::server - Kynet accept failed: connection error: Endpoint closed
2026-09-15T20:56:17.326 WARN kycontroller::kymux_controller::server - Kynet accept failed: connection error: Endpoint closed
2026-09-15T20:56:17.326 WARN kycontroller::kymux_controller::server - Kynet accept failed: connection error: Endpoint closed
2026-09-15T20:56:17.326 WARN kycontroller::kymux_controller::server - Kynet accept failed: connection error: Endpoint closed
2026-09-15T20:56:17.326 WARN kycontroller::kymux_controller::server - Kynet accept failed: connection error: Endpoint closed
2026-09-15T20:56:17.326 WARN kycontroller::kymux_controller::server - Kynet accept failed: connection error: Endpoint closed
2026-09-15T20:56:17.326 WARN kycontroller::kymux_controller::server - Kynet accept failed: connection error: Endpoint closed
2026-09-15T20:56:17.326 WARN kycontroller::kymux_controller::server - Kynet accept failed: connection error: Endpoint closed
2026-09-15T20:56:17.326 WARN kycontroller::kymux_controller::server - Kynet accept failed: connection error: Endpoint closed
2026-09-15T20:56:17.326 WARN kycontroller::kymux_controller::server - Kynet accept failed: connection error: Endpoint closed
2026-09-15T20:56:17.326 WARN kycontroller::kymux_controller::server - Kynet accept failed: connection error: Endpoint closed
2026-09-15T20:56:17.326 WARN kycontroller::kymux_controller::server - Kynet accept failed: connection error: Endpoint closed
2026-09-15T20:56:17.326 WARN kycontroller::kymux_controller::server - Kynet accept failed: connection error: Endpoint closed
2026-09-15T20:56:17.326 WARN kycontroller::kymux_controller::server - Kynet accept failed: connection error: Endpoint closed
2026-09-15T20:56:17.326 WARN kycontroller::kymux_controller::server - Kynet accept failed: connection error: Endpoint closed
2026-09-15T20:56:17.326 WARN kycontroller::kymux_controller::server - Kynet accept failed: connection error: Endpoint closed
2026-09-15T20:56:17.326 WARN kycontroller::kymux_controller::server - Kynet accept failed: connection error: Endpoint closed
2026-09-15T20:56:17.326 WARN kycontroller::kymux_controller::server - Kynet accept failed: connection error: Endpoint closed
2026-09-15T20:56:17.326 WARN kycontroller::kymux_controller::server - Kynet accept failed: connection error: Endpoint closed
2026-09-15T20:56:17.326 WARN kycontroller::kymux_controller::server - Kynet accept failed: connection error: Endpoint closed
2026-09-15T20:56:17.326 WARN kycontroller::kymux_controller::server - Kynet accept failed: connection error: Endpoint closed
2026-09-15T20:56:17.326 WARN kycontroller::kymux_controller::server - Kynet accept failed: connection error: Endpoint closed
2026-09-15T20:56:17.326 WARN kycontroller::kymux_controller::server - Kynet accept failed: connection error: Endpoint closed
2026-09-15T20:56:17.326 WARN kycontroller::kymux_controller::server - Kynet accept failed: connection error: Endpoint closed
2026-09-15T20:56:17.326 WARN kycontroller::kymux_controller::server - Kynet accept failed: connection error: Endpoint closed
2026-09-15T20:56:17.326 WARN kycontroller::kymux_controller::server - Kynet accept failed: connection error: Endpoint closed
2026-09-15T20:56:17.326 WARN kycontroller::kymux_controller::server - Kynet accept failed: connection error: Endpoint closed
2026-09-15T20:56:17.326 WARN kycontroller::kymux_controller::server - Kynet accept failed: connection error: Endpoint closed
2026-09-15T20:56:17.326 WARN kycontroller::kymux_controller::server - Kynet accept failed: connection error: Endpoint closed
2026-09-15T20:56:17.326 WARN kycontroller::kymux_controller::server - Kynet accept failed: connection error: Endpoint closed
2026-09-15T20:56:17.326 WARN kycontroller::kymux_controller::server - Kynet accept failed: connection error: Endpoint closed
2026-09-15T20:56:17.326 WARN kycontroller::kymux_controller::server - Kynet accept failed: connection error: Endpoint closed
2026-09-15T20:56:17.326 WARN kycontroller::kymux_controller::server - Kynet accept failed: connection error: Endpoint closed
2026-09-15T20:56:17.326 WARN kycontroller::kymux_controller::server - Kynet accept failed: connection error: Endpoint closed
2026-09-15T20:56:17.326 WARN kycontroller::kymux_controller::server - Kynet accept failed: connection error: Endpoint closed
2026-09-15T20:56:17.326 WARN kycontroller::kymux_controller::server - Kynet accept failed: connection error: Endpoint closed
2026-09-15T20:56:17.326 WARN kycontroller::kymux_controller::server - Kynet accept failed: connection error: Endpoint closed
2026-09-15T20:56:17.326 WARN kycontroller::kymux_controller::server - Kynet accept failed: connection error: Endpoint closed
2026-09-15T20:56:17.326 WARN kycontroller::kymux_controller::server - Kynet accept failed: connection error: Endpoint closed
2026-09-15T20:56:17.326 WARN kycontroller::kymux_controller::server - Kynet accept failed: connection error: Endpoint closed
2026-09-15T20:56:17.326 WARN kycontroller::kymux_controller::server - Kynet accept failed: connection error: Endpoint closed
2026-09-15T20:56:17.326 WARN kycontroller::kymux_controller::server - Kynet accept failed: connection error: Endpoint closed
2026-09-15T20:56:17.326 WARN kycontroller::kymux_controller::server - Kynet accept failed: connection error: Endpoint closed
2026-09-15T20:56:17.326 WARN kycontroller::kymux_controller::server - Kynet accept failed: connection error: Endpoint closed
2026-09-15T20:56:17.326 WARN kycontroller::kymux_controller::server - Kynet accept failed: connection error: Endpoint closed
2026-09-15T20:56:17.326 WARN kycontroller::kymux_controller::server - Kynet accept failed: connection error: Endpoint closed
2026-09-15T20:56:17.326 WARN kycontroller::kymux_controller::server - Kynet accept failed: connection error: Endpoint closed
2026-09-15T20:56:17.326 WARN kycontroller::kymux_controller::server - Kynet accept failed: connection error: Endpoint closed
2026-09-15T20:56:17.326 WARN kycontroller::kymux_controller::server - Kynet accept failed: connection error: Endpoint closed
2026-09-15T20:56:17.326 WARN kycontroller::kymux_controller::server - Kynet accept failed: connection error: Endpoint closed
2026-09-15T20:56:17.326 WARN kycontroller::kymux_controller::server - Kynet accept failed: connection error: Endpoint closed
2026-09-15T20:56:17.326 WARN kycontroller::kymux_controller::server - Kynet accept failed: connection error: Endpoint closed
2026-09-15T20:56:17.326 WARN kycontroller::kymux_controller::server - Kynet accept failed: connection error: Endpoint closed
2026-09-15T20:56:17.326 WARN kycontroller::kymux_controller::server - Kynet accept failed: connection error: Endpoint closed
2026-09-15T20:56:17.326 WARN kycontroller::kymux_controller::server - Kynet accept failed: connection error: Endpoint closed
2026-09-15T20:56:17.326 WARN kycontroller::kymux_controller::server - Kynet accept failed: connection error: Endpoint closed
2026-09-15T20:56:17.326 WARN kycontroller::kymux_controller::server - Kynet accept failed: connection error: Endpoint closed
2026-09-15T20:56:17.326 WARN kycontroller::kymux_controller::server - Kynet accept failed: connection error: Endpoint closed
2026-09-15T20:56:17.326 WARN kycontroller::kymux_controller::server - Kynet accept failed: connection error: Endpoint closed
2026-09-15T20:56:17.326 WARN kycontroller::kymux_controller::server - Kynet accept failed: connection error: Endpoint closed
2026-09-15T20:56:17.326 WARN kycontroller::kymux_controller::server - Kynet accept failed: connection error: Endpoint closed
2026-09-15T20:56:17.326 WARN kycontroller::kymux_controller::server - Kynet accept failed: connection error: Endpoint closed
2026-09-15T20:56:17.326 WARN kycontroller::kymux_controller::server - Kynet accept failed: connection error: Endpoint closed
2026-09-15T20:56:17.326 WARN kycontroller::kymux_controller::server - Kynet accept failed: connection error: Endpoint closed
2026-09-15T20:56:17.326 WARN kycontroller::kymux_controller::server - Kynet accept failed: connection error: Endpoint closed
2026-09-15T20:56:17.326 WARN kycontroller::kymux_controller::server - Kynet accept failed: connection error: Endpoint closed
2026-09-15T20:56:17.326 WARN kycontroller::kymux_controller::server - Kynet accept failed: connection error: Endpoint closed
2026-09-15T20:56:17.326 WARN kycontroller::kymux_controller::server - Kynet accept failed: connection error: Endpoint closed
2026-09-15T20:56:17.326 WARN kycontroller::kymux_controller::server - Kynet accept failed: connection error: Endpoint closed
2026-09-15T20:56:17.326 WARN kycontroller::kymux_controller::server - Kynet accept failed: connection error: Endpoint closed
2026-09-15T20:56:17.326 WARN kycontroller::kymux_controller::server - Kynet accept failed: connection error: Endpoint closed
2026-09-15T20:56:17.326 WARN kycontroller::kymux_controller::server - Kynet accept failed: connection error: Endpoint closed
2026-09-15T20:56:17.326 WARN kycontroller::kymux_controller::server - Kynet accept failed: connection error: Endpoint closed
2026-09-15T20:56:17.326 WARN kycontroller::kymux_controller::server - Kynet accept failed: connection error: Endpoint closed
2026-09-15T20:56:17.326 WARN kycontroller::kymux_controller::server - Kynet accept failed: connection error: Endpoint closed
2026-09-15T20:56:17.327 WARN kycontroller::kymux_controller::server - Kynet accept failed: connection error: Endpoint closed
2026-09-15T20:56:17.327 WARN kycontroller::kymux_controller::server - Kynet accept failed: connection error: Endpoint closed
2026-09-15T20:56:17.327 WARN kycontroller::kymux_controller::server - Kynet accept failed: connection error: Endpoint closed
2026-09-15T20:56:17.327 WARN kycontroller::kymux_controller::server - Kynet accept failed: connection error: Endpoint closed
2026-09-15T20:56:17.327 WARN kycontroller::kymux_controller::server - Kynet accept failed: connection error: Endpoint closed
2026-09-15T20:56:17.327 WARN kycontroller::kymux_controller::server - Kynet accept failed: connection error: Endpoint closed
2026-09-15T20:56:17.327 WARN kycontroller::kymux_controller::server - Kynet accept failed: connection error: Endpoint closed
2026-09-15T20:56:17.327 WARN kycontroller::kymux_controller::server - Kynet accept failed: connection error: Endpoint closed
2026-09-15T20:56:17.327 WARN kycontroller::kymux_controller::server - Kynet accept failed: connection error: Endpoint closed
2026-09-15T20:56:17.327 WARN kycontroller::kymux_controller::server - Kynet accept failed: connection error: Endpoint closed
2026-09-15T20:56:17.327 WARN kycontroller::kymux_controller::server - Kynet accept failed: connection error: Endpoint closed
2026-09-15T20:56:17.327 WARN kycontroller::kymux_controller::server - Kynet accept failed: connection error: Endpoint closed
2026-09-15T20:56:17.327 WARN kycontroller::kymux_controller::server - Kynet accept failed: connection error: Endpoint closed
2026-09-15T20:56:17.327 WARN kycontroller::kymux_controller::server - Kynet accept failed: connection error: Endpoint closed
2026-09-15T20:56:17.327 WARN kycontroller::kymux_controller::server - Kynet accept failed: connection error: Endpoint closed
2026-09-15T20:56:17.327 WARN kycontroller::kymux_controller::server - Kynet accept failed: connection error: Endpoint closed
2026-09-15T20:56:17.327 WARN kycontroller::kymux_controller::server - Kynet accept failed: connection error: Endpoint closed
2026-09-15T20:56:17.327 WARN kycontroller::kymux_controller::server - Kynet accept failed: connection error: Endpoint closed
2026-09-15T20:56:17.327 WARN kycontroller::kymux_controller::server - Kynet accept failed: connection error: Endpoint closed
2026-09-15T20:56:17.327 WARN kycontroller::kymux_controller::server - Kynet accept failed: connection error: Endpoint closed
2026-09-15T20:56:17.327 WARN kycontroller::kymux_controller::server - Kynet accept failed: connection error: Endpoint closed
2026-09-15T20:56:17.327 WARN kycontroller::kymux_controller::server - Kynet accept failed: connection error: Endpoint closed
2026-09-15T20:56:17.327 WARN kycontroller::kymux_controller::server - Kynet accept failed: connection error: Endpoint closed
2026-09-15T20:56:17.327 WARN kycontroller::kymux_controller::server - Kynet accept failed: connection error: Endpoint closed
2026-09-15T20:56:17.327 WARN kycontroller::kymux_controller::server - Kynet accept failed: connection error: Endpoint closed
2026-09-15T20:56:17.327 WARN kycontroller::kymux_controller::server - Kynet accept failed: connection error: Endpoint closed
2026-09-15T20:56:17.327 WARN kycontroller::kymux_controller::server - Kynet accept failed: connection error: Endpoint closed
2026-09-15T20:56:17.327 WARN kycontroller::kymux_controller::server - Kynet accept failed: connection error: Endpoint closed
2026-09-15T20:56:17.327 WARN kycontroller::kymux_controller::server - Kynet accept failed: connection error: Endpoint closed
2026-09-15T20:56:17.327 WARN kycontroller::kymux_controller::server - Kynet accept failed: connection error: Endpoint closed
2026-09-15T20:56:17.327 WARN kycontroller::kymux_controller::server - Kynet accept failed: connection error: Endpoint closed
2026-09-15T20:56:17.327 WARN kycontroller::kymux_controller::server - Kynet accept failed: connection error: Endpoint closed
2026-09-15T20:56:17.327 WARN kycontroller::kymux_controller::server - Kynet accept failed: connection error: Endpoint closed
2026-09-15T20:56:17.327 WARN kycontroller::kymux_controller::server - Kynet accept failed: connection error: Endpoint closed
2026-09-15T20:56:17.327 WARN kycontroller::kymux_controller::server - Kynet accept failed: connection error: Endpoint closed
2026-09-15T20:56:17.327 WARN kycontroller::kymux_controller::server - Kynet accept failed: connection error: Endpoint closed
2026-09-15T20:56:17.327 WARN kycontroller::kymux_controller::server - Kynet accept failed: connection error: Endpoint closed
2026-09-15T20:56:17.327 WARN kycontroller::kymux_controller::server - Kynet accept failed: connection error: Endpoint closed
2026-09-15T20:56:17.327 WARN kycontroller::kymux_controller::server - Kynet accept failed: connection error: Endpoint closed
2026-09-15T20:56:17.327 WARN kycontroller::kymux_controller::server - Kynet accept failed: connection error: Endpoint closed
2026-09-15T20:56:17.327 WARN kycontroller::kymux_controller::server - Kynet accept failed: connection error: Endpoint closed
2026-09-15T20:56:17.327 WARN kycontroller::kymux_controller::server - Kynet accept failed: connection error: Endpoint closed
2026-09-15T20:56:17.327 WARN kycontroller::kymux_controller::server - Kynet accept failed: connection error: Endpoint closed
2026-09-15T20:56:17.327 WARN kycontroller::kymux_controller::server - Kynet accept failed: connection error: Endpoint closed
2026-09-15T20:56:17.327 WARN kycontroller::kymux_controller::server - Kynet accept failed: connection error: Endpoint closed
2026-09-15T20:56:17.327 WARN kycontroller::kymux_controller::server - Kynet accept failed: connection error: Endpoint closed
2026-09-15T20:56:17.327 WARN kycontroller::kymux_controller::server - Kynet accept failed: connection error: Endpoint closed
2026-09-15T20:56:17.327 WARN kycontroller::kymux_controller::server - Kynet accept failed: connection error: Endpoint closed
2026-09-15T20:56:17.327 WARN kycontroller::kymux_controller::server - Kynet accept failed: connection error: Endpoint closed
2026-09-15T20:56:17.327 WARN kycontroller::kymux_controller::server - Kynet accept failed: connection error: Endpoint closed
2026-09-15T20:56:17.327 WARN kycontroller::kymux_controller::server - Kynet accept failed: connection error: Endpoint closed
2026-09-15T20:56:17.327 WARN kycontroller::kymux_controller::server - Kynet accept failed: connection error: Endpoint closed
2026-09-15T20:56:17.327 WARN kycontroller::kymux_controller::server - Kynet accept failed: connection error: Endpoint closed
2026-09-15T20:56:17.327 WARN kycontroller::kymux_controller::server - Kynet accept failed: connection error: Endpoint closed
2026-09-15T20:56:17.327 WARN kycontroller::kymux_controller::server - Kynet accept failed: connection error: Endpoint closed
2026-09-15T20:56:17.327 WARN kycontroller::kymux_controller::server - Kynet accept failed: connection error: Endpoint closed
2026-09-15T20:56:17.327 WARN kycontroller::kymux_controller::server - Kynet accept failed: connection error: Endpoint closed
2026-09-15T20:56:17.327 WARN kycontroller::kymux_controller::server - Kynet accept failed: connection error: Endpoint closed
2026-09-15T20:56:17.327 WARN kycontroller::kymux_controller::server - Kynet accept failed: connection error: Endpoint closed
2026-09-15T20:56:17.327 WARN kycontroller::kymux_controller::server - Kynet accept failed: connection error: Endpoint closed
2026-09-15T20:56:17.327 WARN kycontroller::kymux_controller::server - Kynet accept failed: connection error: Endpoint closed
2026-09-15T20:56:17.327 WARN kycontroller::kymux_controller::server - Kynet accept failed: connection error: Endpoint closed
2026-09-15T20:56:17.327 WARN kycontroller::kymux_controller::server - Kynet accept failed: connection error: Endpoint closed
2026-09-15T20:56:17.327 WARN kycontroller::kymux_controller::server - Kynet accept failed: connection error: Endpoint closed
2026-09-15T20:56:17.327 WARN kycontroller::kymux_controller::server - Kynet accept failed: connection error: Endpoint closed
2026-09-15T20:56:17.327 WARN kycontroller::kymux_controller::server - Kynet accept failed: connection error: Endpoint closed
2026-09-15T20:56:17.327 WARN kycontroller::kymux_controller::server - Kynet accept failed: connection error: Endpoint closed
2026-09-15T20:56:17.327 WARN kycontroller::kymux_controller::server - Kynet accept failed: connection error: Endpoint closed
2026-09-15T20:56:17.327 WARN kycontroller::kymux_controller::server - Kynet accept failed: connection error: Endpoint closed
2026-09-15T20:56:17.327 WARN kycontroller::kymux_controller::server - Kynet accept failed: connection error: Endpoint closed
2026-09-15T20:56:17.327 WARN kycontroller::kymux_controller::server - Kynet accept failed: connection error: Endpoint closed
2026-09-15T20:56:17.327 WARN kycontroller::kymux_controller::server - Kynet accept failed: connection error: Endpoint closed
2026-09-15T20:56:17.327 WARN kycontroller::kymux_controller::server - Kynet accept failed: connection error: Endpoint closed
2026-09-15T20:56:17.327 WARN kycontroller::kymux_controller::server - Kynet accept failed: connection error: Endpoint closed
2026-09-15T20:56:17.327 WARN kycontroller::kymux_controller::server - Kynet accept failed: connection error: Endpoint closed
2026-09-15T20:56:17.327 WARN kycontroller::kymux_controller::server - Kynet accept failed: connection error: Endpoint closed
2026-09-15T20:56:17.327 WARN kycontroller::kymux_controller::server - Kynet accept failed: connection error: Endpoint closed
2026-09-15T20:56:17.327 WARN kycontroller::kymux_controller::server - Kynet accept failed: connection error: Endpoint closed
2026-09-15T20:56:17.327 WARN kycontroller::kymux_controller::server - Kynet accept failed: connection error: Endpoint closed
2026-09-15T20:56:17.327 WARN kycontroller::kymux_controller::server - Kynet accept failed: connection error: Endpoint closed
2026-09-15T20:56:17.327 WARN kycontroller::kymux_controller::server - Kynet accept failed: connection error: Endpoint closed
2026-09-15T20:56:17.327 WARN kycontroller::kymux_controller::server - Kynet accept failed: connection error: Endpoint closed
2026-09-15T20:56:17.327 WARN kycontroller::kymux_controller::server - Kynet accept failed: connection error: Endpoint closed
2026-09-15T20:56:17.327 WARN kycontroller::kymux_controller::server - Kynet accept failed: connection error: Endpoint closed
2026-09-15T20:56:17.327 WARN kycontroller::kymux_controller::server - Kynet accept failed: connection error: Endpoint closed
2026-09-15T20:56:17.327 WARN kycontroller::kymux_controller::server - Kynet accept failed: connection error: Endpoint closed
2026-09-15T20:56:17.327 WARN kycontroller::kymux_controller::server - Kynet accept failed: connection error: Endpoint closed
2026-09-15T20:56:17.327 WARN kycontroller::kymux_controller::server - Kynet accept failed: connection error: Endpoint closed
2026-09-15T20:56:17.327 WARN kycontroller::kymux_controller::server - Kynet accept failed: connection error: Endpoint closed
2026-09-15T20:56:17.327 WARN kycontroller::kymux_controller::server - Kynet accept failed: connection error: Endpoint closed
2026-09-15T20:56:17.327 WARN kycontroller::kymux_controller::server - Kynet accept failed: connection error: Endpoint closed
2026-09-15T20:56:17.327 WARN kycontroller::kymux_controller::server - Kynet accept failed: connection error: Endpoint closed
2026-09-15T20:56:17.327 WARN kycontroller::kymux_controller::server - Kynet accept failed: connection error: Endpoint closed
2026-09-15T20:56:17.327 WARN kycontroller::kymux_controller::server - Kynet accept failed: connection error: Endpoint closed
2026-09-15T20:56:17.327 WARN kycontroller::kymux_controller::server - Kynet accept failed: connection error: Endpoint closed
2026-09-15T20:56:17.327 WARN kycontroller::kymux_controller::server - Kynet accept failed: connection error: Endpoint closed
2026-09-15T20:56:17.327 WARN kycontroller::kymux_controller::server - Kynet accept failed: connection error: Endpoint closed
2026-09-15T20:56:17.327 WARN kycontroller::kymux_controller::server - Kynet accept failed: connection error: Endpoint closed
2026-09-15T20:56:17.328 WARN kycontroller::kymux_controller::server - Kynet accept failed: connection error: Endpoint closed
2026-09-15T20:56:17.328 WARN kycontroller::kymux_controller::server - Kynet accept failed: connection error: Endpoint closed
2026-09-15T20:56:17.328 WARN kycontroller::kymux_controller::server - Kynet accept failed: connection error: Endpoint closed
2026-09-15T20:56:17.328 WARN kycontroller::kymux_controller::server - Kynet accept failed: connection error: Endpoint closed
2026-09-15T20:56:17.328 WARN kycontroller::kymux_controller::server - Kynet accept failed: connection error: Endpoint closed
2026-09-15T20:56:17.328 WARN kycontroller::kymux_controller::server - Kynet accept failed: connection error: Endpoint closed
2026-09-15T20:56:17.328 WARN kycontroller::kymux_controller::server - Kynet accept failed: connection error: Endpoint closed
2026-09-15T20:56:17.328 WARN kycontroller::kymux_controller::server - Kynet accept failed: connection error: Endpoint closed
2026-09-15T20:56:17.328 WARN kycontroller::kymux_controller::server - Kynet accept failed: connection error: Endpoint closed
2026-09-15T20:56:17.328 WARN kycontroller::kymux_controller::server - Kynet accept failed: connection error: Endpoint closed
2026-09-15T20:56:17.328 WARN kycontroller::kymux_controller::server - Kynet accept failed: connection error: Endpoint closed
2026-09-15T20:56:17.328 WARN kycontroller::kymux_controller::server - Kynet accept failed: connection error: Endpoint closed
2026-09-15T20:56:17.328 WARN kycontroller::kymux_controller::server - Kynet accept failed: connection error: Endpoint closed
2026-09-15T20:56:17.328 WARN kycontroller::kymux_controller::server - Kynet accept failed: connection error: Endpoint closed
2026-09-15T20:56:17.328 WARN kycontroller::kymux_controller::server - Kynet accept failed: connection error: Endpoint closed
2026-09-15T20:56:17.328 WARN kycontroller::kymux_controller::server - Kynet accept failed: connection error: Endpoint closed
2026-09-15T20:56:17.328 WARN kycontroller::kymux_controller::server - Kynet accept failed: connection error: Endpoint closed
2026-09-15T20:56:17.328 WARN kycontroller::kymux_controller::server - Kynet accept failed: connection error: Endpoint closed
2026-09-15T20:56:17.328 WARN kycontroller::kymux_controller::server - Kynet accept failed: connection error: Endpoint closed
2026-09-15T20:56:17.328 WARN kycontroller::kymux_controller::server - Kynet accept failed: connection error: Endpoint closed
2026-09-15T20:56:17.328 WARN kycontroller::kymux_controller::server - Kynet accept failed: connection error: Endpoint closed
2026-09-15T20:56:17.328 WARN kycontroller::kymux_controller::server - Kynet accept failed: connection error: Endpoint closed
2026-09-15T20:56:17.328 WARN kycontroller::kymux_controller::server - Kynet accept failed: connection error: Endpoint closed
2026-09-15T20:56:17.328 WARN kycontroller::kymux_controller::server - Kynet accept failed: connection error: Endpoint closed
2026-09-15T20:56:17.328 WARN kycontroller::kymux_controller::server - Kynet accept failed: connection error: Endpoint closed
2026-09-15T20:56:17.328 WARN kycontroller::kymux_controller::server - Kynet accept failed: connection error: Endpoint closed
2026-09-15T20:56:17.328 WARN kycontroller::kymux_controller::server - Kynet accept failed: connection error: Endpoint closed
2026-09-15T20:56:17.328 WARN kycontroller::kymux_controller::server - Kynet accept failed: connection error: Endpoint closed
2026-09-15T20:56:17.328 WARN kycontroller::kymux_controller::server - Kynet accept failed: connection error: Endpoint closed
2026-09-15T20:56:17.328 WARN kycontroller::kymux_controller::server - Kynet accept failed: connection error: Endpoint closed
2026-09-15T20:56:17.328 WARN kycontroller::kymux_controller::server - Kynet accept failed: connection error: Endpoint closed
2026-09-15T20:56:17.328 WARN kycontroller::kymux_controller::server - Kynet accept failed: connection error: Endpoint closed
2026-09-15T20:56:17.328 WARN kycontroller::kymux_controller::server - Kynet accept failed: connection error: Endpoint closed
2026-09-15T20:56:17.328 WARN kycontroller::kymux_controller::server - Kynet accept failed: connection error: Endpoint closed
2026-09-15T20:56:17.328 WARN kycontroller::kymux_controller::server - Kynet accept failed: connection error: Endpoint closed
2026-09-15T20:56:17.328 WARN kycontroller::kymux_controller::server - Kynet accept failed: connection error: Endpoint closed
2026-09-15T20:56:17.328 WARN kycontroller::kymux_controller::server - Kynet accept failed: connection error: Endpoint closed
2026-09-15T20:56:17.328 WARN kycontroller::kymux_controller::server - Kynet accept failed: connection error: Endpoint closed
2026-09-15T20:56:17.328 WARN kycontroller::kymux_controller::server - Kynet accept failed: connection error: Endpoint closed
2026-09-15T20:56:17.328 WARN kycontroller::kymux_controller::server - Kynet accept failed: connection error: Endpoint closed
2026-09-15T20:56:17.328 WARN kycontroller::kymux_controller::server - Kynet accept failed: connection error: Endpoint closed
2026-09-15T20:56:17.328 WARN kycontroller::kymux_controller::server - Kynet accept failed: connection error: Endpoint closed
2026-09-15T20:56:17.328 WARN kycontroller::kymux_controller::server - Kynet accept failed: connection error: Endpoint closed
2026-09-15T20:56:17.328 WARN kycontroller::kymux_controller::server - Kynet accept failed: connection error: Endpoint closed
2026-09-15T20:56:17.328 WARN kycontroller::kymux_controller::server - Kynet accept failed: connection error: Endpoint closed
2026-09-15T20:56:17.328 WARN kycontroller::kymux_controller::server - Kynet accept failed: connection error: Endpoint closed
2026-09-15T20:56:17.328 WARN kycontroller::kymux_controller::server - Kynet accept failed: connection error: Endpoint closed
2026-09-15T20:56:17.328 WARN kycontroller::kymux_controller::server - Kynet accept failed: connection error: Endpoint closed
2026-09-15T20:56:17.328 WARN kycontroller::kymux_controller::server - Kynet accept failed: connection error: Endpoint closed
2026-09-15T20:56:17.328 WARN kycontroller::kymux_controller::server - Kynet accept failed: connection error: Endpoint closed
2026-09-15T20:56:17.328 WARN kycontroller::kymux_controller::server - Kynet accept failed: connection error: Endpoint closed
2026-09-15T20:56:17.328 WARN kycontroller::kymux_controller::server - Kynet accept failed: connection error: Endpoint closed
2026-09-15T20:56:17.328 WARN kycontroller::kymux_controller::server - Kynet accept failed: connection error: Endpoint closed
2026-09-15T20:56:17.328 WARN kycontroller::kymux_controller::server - Kynet accept failed: connection error: Endpoint closed
2026-09-15T20:56:17.328 WARN kycontroller::kymux_controller::server - Kynet accept failed: connection error: Endpoint closed
2026-09-15T20:56:17.328 WARN kycontroller::kymux_controller::server - Kynet accept failed: connection error: Endpoint closed
2026-09-15T20:56:17.328 WARN kycontroller::kymux_controller::server - Kynet accept failed: connection error: Endpoint closed
2026-09-15T20:56:17.328 WARN kycontroller::kymux_controller::server - Kynet accept failed: connection error: Endpoint closed
2026-09-15T20:56:17.328 WARN kycontroller::kymux_controller::server - Kynet accept failed: connection error: Endpoint closed
2026-09-15T20:56:17.328 WARN kycontroller::kymux_controller::server - Kynet accept failed: connection error: Endpoint closed
2026-09-15T20:56:17.328 WARN kycontroller::kymux_controller::server - Kynet accept failed: connection error: Endpoint closed
2026-09-15T20:56:17.328 WARN kycontroller::kymux_controller::server - Kynet accept failed: connection error: Endpoint closed
2026-09-15T20:56:17.328 WARN kycontroller::kymux_controller::server - Kynet accept failed: connection error: Endpoint closed
2026-09-15T20:56:17.328 WARN kycontroller::kymux_controller::server - Kynet accept failed: connection error: Endpoint closed
2026-09-15T20:56:17.328 WARN kycontroller::kymux_controller::server - Kynet accept failed: connection error: Endpoint closed
2026-09-15T20:56:17.328 WARN kycontroller::kymux_controller::server - Kynet accept failed: connection error: Endpoint closed
2026-09-15T20:56:17.328 WARN kycontroller::kymux_controller::server - Kynet accept failed: connection error: Endpoint closed
2026-09-15T20:56:17.328 WARN kycontroller::kymux_controller::server - Kynet accept failed: connection error: Endpoint closed
2026-09-15T20:56:17.328 WARN kycontroller::kymux_controller::server - Kynet accept failed: connection error: Endpoint closed
2026-09-15T20:56:17.328 WARN kycontroller::kymux_controller::server - Kynet accept failed: connection error: Endpoint closed
2026-09-15T20:56:17.328 WARN kycontroller::kymux_controller::server - Kynet accept failed: connection error: Endpoint closed
2026-09-15T20:56:17.328 WARN kycontroller::kymux_controller::server - Kynet accept failed: connection error: Endpoint closed
2026-09-15T20:56:17.328 WARN kycontroller::kymux_controller::server - Kynet accept failed: connection error: Endpoint closed
2026-09-15T20:56:17.328 WARN kycontroller::kymux_controller::server - Kynet accept failed: connection error: Endpoint closed
2026-09-15T20:56:17.328 WARN kycontroller::kymux_controller::server - Kynet accept failed: connection error: Endpoint closed
2026-09-15T20:56:17.328 WARN kycontroller::kymux_controller::server - Kynet accept failed: connection error: Endpoint closed
2026-09-15T20:56:17.328 WARN kycontroller::kymux_controller::server - Kynet accept failed: connection error: Endpoint closed
2026-09-15T20:56:17.328 WARN kycontroller::kymux_controller::server - Kynet accept failed: connection error: Endpoint closed
2026-09-15T20:56:17.328 WARN kycontroller::kymux_controller::server - Kynet accept failed: connection error: Endpoint closed
2026-09-15T20:56:17.328 WARN kycontroller::kymux_controller::server - Kynet accept failed: connection error: Endpoint closed
2026-09-15T20:56:17.328 WARN kycontroller::kymux_controller::server - Kynet accept failed: connection error: Endpoint closed
2026-09-15T20:56:17.328 WARN kycontroller::kymux_controller::server - Kynet accept failed: connection error: Endpoint closed
2026-09-15T20:56:17.328 WARN kycontroller::kymux_controller::server - Kynet accept failed: connection error: Endpoint closed
2026-09-15T20:56:17.329 WARN kycontroller::kymux_controller::server - Kynet accept failed: connection error: Endpoint closed
2026-09-15T20:56:17.329 WARN kycontroller::kymux_controller::server - Kynet accept failed: connection error: Endpoint closed
2026-09-15T20:56:17.329 WARN kycontroller::kymux_controller::server - Kynet accept failed: connection error: Endpoint closed
2026-09-15T20:56:17.329 WARN kycontroller::kymux_controller::server - Kynet accept failed: connection error: Endpoint closed
2026-09-15T20:56:17.329 WARN kycontroller::kymux_controller::server - Kynet accept failed: connection error: Endpoint closed
2026-09-15T20:56:17.329 WARN kycontroller::kymux_controller::server - Kynet accept failed: connection error: Endpoint closed
2026-09-15T20:56:17.329 WARN kycontroller::kymux_controller::server - Kynet accept failed: connection error: Endpoint closed
2026-09-15T20:56:17.329 WARN kycontroller::kymux_controller::server - Kynet accept failed: connection error: Endpoint closed
2026-09-15T20:56:17.329 WARN kycontroller::kymux_controller::server - Kynet accept failed: connection error: Endpoint closed
2026-09-15T20:56:17.329 WARN kycontroller::kymux_controller::server - Kynet accept failed: connection error: Endpoint closed
2026-09-15T20:56:17.329 WARN kycontroller::kymux_controller::server - Kynet accept failed: connection error: Endpoint closed
2026-09-15T20:56:17.329 WARN kycontroller::kymux_controller::server - Kynet accept failed: connection error: Endpoint closed
2026-09-15T20:56:17.329 WARN kycontroller::kymux_controller::server - Kynet accept failed: connection error: Endpoint closed
2026-09-15T20:56:17.329 WARN kycontroller::kymux_controller::server - Kynet accept failed: connection error: Endpoint closed
2026-09-15T20:56:17.329 WARN kycontroller::kymux_controller::server - Kynet accept failed: connection error: Endpoint closed
2026-09-15T20:56:17.329 WARN kycontroller::kymux_controller::server - Kynet accept failed: connection error: Endpoint closed
2026-09-15T20:56:17.329 WARN kycontroller::kymux_controller::server - Kynet accept failed: connection error: Endpoint closed
2026-09-15T20:56:17.329 WARN kycontroller::kymux_controller::server - Kynet accept failed: connection error: Endpoint closed
2026-09-15T20:56:17.329 WARN kycontroller::kymux_controller::server - Kynet accept failed: connection error: Endpoint closed
2026-09-15T20:56:17.329 WARN kycontroller::kymux_controller::server - Kynet accept failed: connection error: Endpoint closed
2026-09-15T20:56:17.329 WARN kycontroller::kymux_controller::server - Kynet accept failed: connection error: Endpoint closed
2026-09-15T20:56:17.329 WARN kycontroller::kymux_controller::server - Kynet accept failed: connection error: Endpoint closed
2026-09-15T20:56:17.329 WARN kycontroller::kymux_controller::server - Kynet accept failed: connection error: Endpoint closed
2026-09-15T20:56:17.329 WARN kycontroller::kymux_controller::server - Kynet accept failed: connection error: Endpoint closed
2026-09-15T20:56:17.329 WARN kycontroller::kymux_controller::server - Kynet accept failed: connection error: Endpoint closed
2026-09-15T20:56:17.329 WARN kycontroller::kymux_controller::server - Kynet accept failed: connection error: Endpoint closed
2026-09-15T20:56:17.329 WARN kycontroller::kymux_controller::server - Kynet accept failed: connection error: Endpoint closed
2026-09-15T20:56:17.329 WARN kycontroller::kymux_controller::server - Kynet accept failed: connection error: Endpoint closed
2026-09-15T20:56:17.329 WARN kycontroller::kymux_controller::server - Kynet accept failed: connection error: Endpoint closed
2026-09-15T20:56:17.329 WARN kycontroller::kymux_controller::server - Kynet accept failed: connection error: Endpoint closed
2026-09-15T20:56:17.329 WARN kycontroller::kymux_controller::server - Kynet accept failed: connection error: Endpoint closed
2026-09-15T20:56:17.329 WARN kycontroller::kymux_controller::server - Kynet accept failed: connection error: Endpoint closed
2026-09-15T20:56:17.329 WARN kycontroller::kymux_controller::server - Kynet accept failed: connection error: Endpoint closed
2026-09-15T20:56:17.329 WARN kycontroller::kymux_controller::server - Kynet accept failed: connection error: Endpoint closed
2026-09-15T20:56:17.329 WARN kycontroller::kymux_controller::server - Kynet accept failed: connection error: Endpoint closed
2026-09-15T20:56:17.329 WARN kycontroller::kymux_controller::server - Kynet accept failed: connection error: Endpoint closed
2026-09-15T20:56:17.329 WARN kycontroller::kymux_controller::server - Kynet accept failed: connection error: Endpoint closed
2026-09-15T20:56:17.329 WARN kycontroller::kymux_controller::server - Kynet accept failed: connection error: Endpoint closed
2026-09-15T20:56:17.329 WARN kycontroller::kymux_controller::server - Kynet accept failed: connection error: Endpoint closed
2026-09-15T20:56:17.329 WARN kycontroller::kymux_controller::server - Kynet accept failed: connection error: Endpoint closed
2026-09-15T20:56:17.329 WARN kycontroller::kymux_controller::server - Kynet accept failed: connection error: Endpoint closed
2026-09-15T20:56:17.329 WARN kycontroller::kymux_controller::server - Kynet accept failed: connection error: Endpoint closed
2026-09-15T20:56:17.329 WARN kycontroller::kymux_controller::server - Kynet accept failed: connection error: Endpoint closed
2026-09-15T20:56:17.329 WARN kycontroller::kymux_controller::server - Kynet accept failed: connection error: Endpoint closed
2026-09-15T20:56:17.329 WARN kycontroller::kymux_controller::server - Kynet accept failed: connection error: Endpoint closed
2026-09-15T20:56:17.329 WARN kycontroller::kymux_controller::server - Kynet accept failed: connection error: Endpoint closed
2026-09-15T20:56:17.329 WARN kycontroller::kymux_controller::server - Kynet accept failed: connection error: Endpoint closed
2026-09-15T20:56:17.329 WARN kycontroller::kymux_controller::server - Kynet accept failed: connection error: Endpoint closed
2026-09-15T20:56:17.329 WARN kycontroller::kymux_controller::server - Kynet accept failed: connection error: Endpoint closed
2026-09-15T20:56:17.329 WARN kycontroller::kymux_controller::server - Kynet accept failed: connection error: Endpoint closed
2026-09-15T20:56:17.329 WARN kycontroller::kymux_controller::server - Kynet accept failed: connection error: Endpoint closed
2026-09-15T20:56:17.329 WARN kycontroller::kymux_controller::server - Kynet accept failed: connection error: Endpoint closed
2026-09-15T20:56:17.329 WARN kycontroller::kymux_controller::server - Kynet accept failed: connection error: Endpoint closed
2026-09-15T20:56:17.329 WARN kycontroller::kymux_controller::server - Kynet accept failed: connection error: Endpoint closed
2026-09-15T20:56:17.329 WARN kycontroller::kymux_controller::server - Kynet accept failed: connection error: Endpoint closed
2026-09-15T20:56:17.329 WARN kycontroller::kymux_controller::server - Kynet accept failed: connection error: Endpoint closed
2026-09-15T20:56:17.329 WARN kycontroller::kymux_controller::server - Kynet accept failed: connection error: Endpoint closed
2026-09-15T20:56:17.329 WARN kycontroller::kymux_controller::server - Kynet accept failed: connection error: Endpoint closed
2026-09-15T20:56:17.329 WARN kycontroller::kymux_controller::server - Kynet accept failed: connection error: Endpoint closed
2026-09-15T20:56:17.329 WARN kycontroller::kymux_controller::server - Kynet accept failed: connection error: Endpoint closed
2026-09-15T20:56:17.329 WARN kycontroller::kymux_controller::server - Kynet accept failed: connection error: Endpoint closed
2026-09-15T20:56:17.329 WARN kycontroller::kymux_controller::server - Kynet accept failed: connection error: Endpoint closed
2026-09-15T20:56:17.329 WARN kycontroller::kymux_controller::server - Kynet accept failed: connection error: Endpoint closed
2026-09-15T20:56:17.329 WARN kycontroller::kymux_controller::server - Kynet accept failed: connection error: Endpoint closed
2026-09-15T20:56:17.329 WARN kycontroller::kymux_controller::server - Kynet accept failed: connection error: Endpoint closed
2026-09-15T20:56:17.329 WARN kycontroller::kymux_controller::server - Kynet accept failed: connection error: Endpoint closed
2026-09-15T20:56:17.329 WARN kycontroller::kymux_controller::server - Kynet accept failed: connection error: Endpoint closed
2026-09-15T20:56:17.329 WARN kycontroller::kymux_controller::server - Kynet accept failed: connection error: Endpoint closed
2026-09-15T20:56:17.329 WARN kycontroller::kymux_controller::server - Kynet accept failed: connection error: Endpoint closed
2026-09-15T20:56:17.329 WARN kycontroller::kymux_controller::server - Kynet accept failed: connection error: Endpoint closed
2026-09-15T20:56:17.329 WARN kycontroller::kymux_controller::server - Kynet accept failed: connection error: Endpoint closed
2026-09-15T20:56:17.329 WARN kycontroller::kymux_controller::server - Kynet accept failed: connection error: Endpoint closed
2026-09-15T20:56:17.329 WARN kycontroller::kymux_controller::server - Kynet accept failed: connection error: Endpoint closed
2026-09-15T20:56:17.329 WARN kycontroller::kymux_controller::server - Kynet accept failed: connection error: Endpoint closed
2026-09-15T20:56:17.329 WARN kycontroller::kymux_controller::server - Kynet accept failed: connection error: Endpoint closed
2026-09-15T20:56:17.329 WARN kycontroller::kymux_controller::server - Kynet accept failed: connection error: Endpoint closed
2026-09-15T20:56:17.329 WARN kycontroller::kymux_controller::server - Kynet accept failed: connection error: Endpoint closed
2026-09-15T20:56:17.329 WARN kycontroller::kymux_controller::server - Kynet accept failed: connection error: Endpoint closed
2026-09-15T20:56:17.329 WARN kycontroller::kymux_controller::server - Kynet accept failed: connection error: Endpoint closed
2026-09-15T20:56:17.329 WARN kycontroller::kymux_controller::server - Kynet accept failed: connection error: Endpoint closed
2026-09-15T20:56:17.329 WARN kycontroller::kymux_controller::server - Kynet accept failed: connection error: Endpoint closed
2026-09-15T20:56:17.329 WARN kycontroller::kymux_controller::server - Kynet accept failed: connection error: Endpoint closed
2026-09-15T20:56:17.329 WARN kycontroller::kymux_controller::server - Kynet accept failed: connection error: Endpoint closed
2026-09-15T20:56:17.329 WARN kycontroller::kymux_controller::server - Kynet accept failed: connection error: Endpoint closed
2026-09-15T20:56:17.329 WARN kycontroller::kymux_controller::server - Kynet accept failed: connection error: Endpoint closed
2026-09-15T20:56:17.329 WARN kycontroller::kymux_controller::server - Kynet accept failed: connection error: Endpoint closed
2026-09-15T20:56:17.329 WARN kycontroller::kymux_controller::server - Kynet accept failed: connection error: Endpoint closed
2026-09-15T20:56:17.329 WARN kycontroller::kymux_controller::server - Kynet accept failed: connection error: Endpoint closed
2026-09-15T20:56:17.329 WARN kycontroller::kymux_controller::server - Kynet accept failed: connection error: Endpoint closed
2026-09-15T20:56:17.329 WARN kycontroller::kymux_controller::server - Kynet accept failed: connection error: Endpoint closed
2026-09-15T20:56:17.329 WARN kycontroller::kymux_controller::server - Kynet accept failed: connection error: Endpoint closed
2026-09-15T20:56:17.330 WARN kycontroller::kymux_controller::server - Kynet accept failed: connection error: Endpoint closed
2026-09-15T20:56:17.330 WARN kycontroller::kymux_controller::server - Kynet accept failed: connection error: Endpoint closed
2026-09-15T20:56:17.330 WARN kycontroller::kymux_controller::server - Kynet accept failed: connection error: Endpoint closed
2026-09-15T20:56:17.330 WARN kycontroller::kymux_controller::server - Kynet accept failed: connection error: Endpoint closed
2026-09-15T20:56:17.330 WARN kycontroller::kymux_controller::server - Kynet accept failed: connection error: Endpoint closed
2026-09-15T20:56:17.330 WARN kycontroller::kymux_controller::server - Kynet accept failed: connection error: Endpoint closed
2026-09-15T20:56:17.330 WARN kycontroller::kymux_controller::server - Kynet accept failed: connection error: Endpoint closed
2026-09-15T20:56:17.330 WARN kycontroller::kymux_controller::server - Kynet accept failed: connection error: Endpoint closed
2026-09-15T20:56:17.330 WARN kycontroller::kymux_controller::server - Kynet accept failed: connection error: Endpoint closed
2026-09-15T20:56:17.330 WARN kycontroller::kymux_controller::server - Kynet accept failed: connection error: Endpoint closed
2026-09-15T20:56:17.330 WARN kycontroller::kymux_controller::server - Kynet accept failed: connection error: Endpoint closed
2026-09-15T20:56:17.330 WARN kycontroller::kymux_controller::server - Kynet accept failed: connection error: Endpoint closed
2026-09-15T20:56:17.330 WARN kycontroller::kymux_controller::server - Kynet accept failed: connection error: Endpoint closed
2026-09-15T20:56:17.330 WARN kycontroller::kymux_controller::server - Kynet accept failed: connection error: Endpoint closed
2026-09-15T20:56:17.330 WARN kycontroller::kymux_controller::server - Kynet accept failed: connection error: Endpoint closed
2026-09-15T20:56:17.330 WARN kycontroller::kymux_controller::server - Kynet accept failed: connection error: Endpoint closed
2026-09-15T20:56:17.330 WARN kycontroller::kymux_controller::server - Kynet accept failed: connection error: Endpoint closed
2026-09-15T20:56:17.330 WARN kycontroller::kymux_controller::server - Kynet accept failed: connection error: Endpoint closed
2026-09-15T20:56:17.330 WARN kycontroller::kymux_controller::server - Kynet accept failed: connection error: Endpoint closed
2026-09-15T20:56:17.330 WARN kycontroller::kymux_controller::server - Kynet accept failed: connection error: Endpoint closed
2026-09-15T20:56:17.330 WARN kycontroller::kymux_controller::server - Kynet accept failed: connection error: Endpoint closed
2026-09-15T20:56:17.330 WARN kycontroller::kymux_controller::server - Kynet accept failed: connection error: Endpoint closed
2026-09-15T20:56:17.330 WARN kycontroller::kymux_controller::server - Kynet accept failed: connection error: Endpoint closed
2026-09-15T20:56:17.330 WARN kycontroller::kymux_controller::server - Kynet accept failed: connection error: Endpoint closed
2026-09-15T20:56:17.330 WARN kycontroller::kymux_controller::server - Kynet accept failed: connection error: Endpoint closed
2026-09-15T20:56:17.330 WARN kycontroller::kymux_controller::server - Kynet accept failed: connection error: Endpoint closed
2026-09-15T20:56:17.330 WARN kycontroller::kymux_controller::server - Kynet accept failed: connection error: Endpoint closed
2026-09-15T20:56:17.330 WARN kycontroller::kymux_controller::server - Kynet accept failed: connection error: Endpoint closed
2026-09-15T20:56:17.330 WARN kycontroller::kymux_controller::server - Kynet accept failed: connection error: Endpoint closed
2026-09-15T20:56:17.330 WARN kycontroller::kymux_controller::server - Kynet accept failed: connection error: Endpoint closed
2026-09-15T20:56:17.330 WARN kycontroller::kymux_controller::server - Kynet accept failed: connection error: Endpoint closed
2026-09-15T20:56:17.330 WARN kycontroller::kymux_controller::server - Kynet accept failed: connection error: Endpoint closed
2026-09-15T20:56:17.330 WARN kycontroller::kymux_controller::server - Kynet accept failed: connection error: Endpoint closed
2026-09-15T20:56:17.330 WARN kycontroller::kymux_controller::server - Kynet accept failed: connection error: Endpoint closed
2026-09-15T20:56:17.330 WARN kycontroller::kymux_controller::server - Kynet accept failed: connection error: Endpoint closed
2026-09-15T20:56:17.330 WARN kycontroller::kymux_controller::server - Kynet accept failed: connection error: Endpoint closed
2026-09-15T20:56:17.330 WARN kycontroller::kymux_controller::server - Kynet accept failed: connection error: Endpoint closed
2026-09-15T20:56:17.330 WARN kycontroller::kymux_controller::server - Kynet accept failed: connection error: Endpoint closed
2026-09-15T20:56:17.330 WARN kycontroller::kymux_controller::server - Kynet accept failed: connection error: Endpoint closed
2026-09-15T20:56:17.330 WARN kycontroller::kymux_controller::server - Kynet accept failed: connection error: Endpoint closed
2026-09-15T20:56:17.330 WARN kycontroller::kymux_controller::server - Kynet accept failed: connection error: Endpoint closed
2026-09-15T20:56:17.330 WARN kycontroller::kymux_controller::server - Kynet accept failed: connection error: Endpoint closed
2026-09-15T20:56:17.330 WARN kycontroller::kymux_controller::server - Kynet accept failed: connection error: Endpoint closed
2026-09-15T20:56:17.330 WARN kycontroller::kymux_controller::server - Kynet accept failed: connection error: Endpoint closed
2026-09-15T20:56:17.330 WARN kycontroller::kymux_controller::server - Kynet accept failed: connection error: Endpoint closed
2026-09-15T20:56:17.330 WARN kycontroller::kymux_controller::server - Kynet accept failed: connection error: Endpoint closed
2026-09-15T20:56:17.330 WARN kycontroller::kymux_controller::server - Kynet accept failed: connection error: Endpoint closed
2026-09-15T20:56:17.330 WARN kycontroller::kymux_controller::server - Kynet accept failed: connection error: Endpoint closed
2026-09-15T20:56:17.330 WARN kycontroller::kymux_controller::server - Kynet accept failed: connection error: Endpoint closed
2026-09-15T20:56:17.330 WARN kycontroller::kymux_controller::server - Kynet accept failed: connection error: Endpoint closed
2026-09-15T20:56:17.330 WARN kycontroller::kymux_controller::server - Kynet accept failed: connection error: Endpoint closed
2026-09-15T20:56:17.330 WARN kycontroller::kymux_controller::server - Kynet accept failed: connection error: Endpoint closed
2026-09-15T20:56:17.330 WARN kycontroller::kymux_controller::server - Kynet accept failed: connection error: Endpoint closed
2026-09-15T20:56:17.330 WARN kycontroller::kymux_controller::server - Kynet accept failed: connection error: Endpoint closed
2026-09-15T20:56:17.330 WARN kycontroller::kymux_controller::server - Kynet accept failed: connection error: Endpoint closed
2026-09-15T20:56:17.330 WARN kycontroller::kymux_controller::server - Kynet accept failed: connection error: Endpoint closed
2026-09-15T20:56:17.330 WARN kycontroller::kymux_controller::server - Kynet accept failed: connection error: Endpoint closed
2026-09-15T20:56:17.330 WARN kycontroller::kymux_controller::server - Kynet accept failed: connection error: Endpoint closed
2026-09-15T20:56:17.330 WARN kycontroller::kymux_controller::server - Kynet accept failed: connection error: Endpoint closed
2026-09-15T20:56:17.330 WARN kycontroller::kymux_controller::server - Kynet accept failed: connection error: Endpoint closed
2026-09-15T20:56:17.330 WARN kycontroller::kymux_controller::server - Kynet accept failed: connection error: Endpoint closed
2026-09-15T20:56:17.330 WARN kycontroller::kymux_controller::server - Kynet accept failed: connection error: Endpoint closed
2026-09-15T20:56:17.330 WARN kycontroller::kymux_controller::server - Kynet accept failed: connection error: Endpoint closed
2026-09-15T20:56:17.330 WARN kycontroller::kymux_controller::server - Kynet accept failed: connection error: Endpoint closed
2026-09-15T20:56:17.330 WARN kycontroller::kymux_controller::server - Kynet accept failed: connection error: Endpoint closed
2026-09-15T20:56:17.330 WARN kycontroller::kymux_controller::server - Kynet accept failed: connection error: Endpoint closed
2026-09-15T20:56:17.330 WARN kycontroller::kymux_controller::server - Kynet accept failed: connection error: Endpoint closed
2026-09-15T20:56:17.330 WARN kycontroller::kymux_controller::server - Kynet accept failed: connection error: Endpoint closed
2026-09-15T20:56:17.330 WARN kycontroller::kymux_controller::server - Kynet accept failed: connection error: Endpoint closed
2026-09-15T20:56:17.330 WARN kycontroller::kymux_controller::server - Kynet accept failed: connection error: Endpoint closed
2026-09-15T20:56:17.330 WARN kycontroller::kymux_controller::server - Kynet accept failed: connection error: Endpoint closed
2026-09-15T20:56:17.330 WARN kycontroller::kymux_controller::server - Kynet accept failed: connection error: Endpoint closed
2026-09-15T20:56:17.330 WARN kycontroller::kymux_controller::server - Kynet accept failed: connection error: Endpoint closed
2026-09-15T20:56:17.330 WARN kycontroller::kymux_controller::server - Kynet accept failed: connection error: Endpoint closed
2026-09-15T20:56:17.330 WARN kycontroller::kymux_controller::server - Kynet accept failed: connection error: Endpoint closed
2026-09-15T20:56:17.330 WARN kycontroller::kymux_controller::server - Kynet accept failed: connection error: Endpoint closed
2026-09-15T20:56:17.330 WARN kycontroller::kymux_controller::server - Kynet accept failed: connection error: Endpoint closed
2026-09-15T20:56:17.330 WARN kycontroller::kymux_controller::server - Kynet accept failed: connection error: Endpoint closed
2026-09-15T20:56:17.330 WARN kycontroller::kymux_controller::server - Kynet accept failed: connection error: Endpoint closed
2026-09-15T20:56:17.330 WARN kycontroller::kymux_controller::server - Kynet accept failed: connection error: Endpoint closed
2026-09-15T20:56:17.330 WARN kycontroller::kymux_controller::server - Kynet accept failed: connection error: Endpoint closed
2026-09-15T20:56:17.330 WARN kycontroller::kymux_controller::server - Kynet accept failed: connection error: Endpoint closed
2026-09-15T20:56:17.330 WARN kycontroller::kymux_controller::server - Kynet accept failed: connection error: Endpoint closed
2026-09-15T20:56:17.330 WARN kycontroller::kymux_controller::server - Kynet accept failed: connection error: Endpoint closed
2026-09-15T20:56:17.330 WARN kycontroller::kymux_controller::server - Kynet accept failed: connection error: Endpoint closed
2026-09-15T20:56:17.330 WARN kycontroller::kymux_controller::server - Kynet accept failed: connection error: Endpoint closed
2026-09-15T20:56:17.330 WARN kycontroller::kymux_controller::server - Kynet accept failed: connection error: Endpoint closed
2026-09-15T20:56:17.331 WARN kycontroller::kymux_controller::server - Kynet accept failed: connection error: Endpoint closed
2026-09-15T20:56:17.331 WARN kycontroller::kymux_controller::server - Kynet accept failed: connection error: Endpoint closed
2026-09-15T20:56:17.331 WARN kycontroller::kymux_controller::server - Kynet accept failed: connection error: Endpoint closed
2026-09-15T20:56:17.331 WARN kycontroller::kymux_controller::server - Kynet accept failed: connection error: Endpoint closed
2026-09-15T20:56:17.331 WARN kycontroller::kymux_controller::server - Kynet accept failed: connection error: Endpoint closed
2026-09-15T20:56:17.331 WARN kycontroller::kymux_controller::server - Kynet accept failed: connection error: Endpoint closed
2026-09-15T20:56:17.331 WARN kycontroller::kymux_controller::server - Kynet accept failed: connection error: Endpoint closed
2026-09-15T20:56:17.331 WARN kycontroller::kymux_controller::server - Kynet accept failed: connection error: Endpoint closed
2026-09-15T20:56:17.331 WARN kycontroller::kymux_controller::server - Kynet accept failed: connection error: Endpoint closed
2026-09-15T20:56:17.331 WARN kycontroller::kymux_controller::server - Kynet accept failed: connection error: Endpoint closed
2026-09-15T20:56:17.331 WARN kycontroller::kymux_controller::server - Kynet accept failed: connection error: Endpoint closed
2026-09-15T20:56:17.331 WARN kycontroller::kymux_controller::server - Kynet accept failed: connection error: Endpoint closed
2026-09-15T20:56:17.331 WARN kycontroller::kymux_controller::server - Kynet accept failed: connection error: Endpoint closed
2026-09-15T20:56:17.331 WARN kycontroller::kymux_controller::server - Kynet accept failed: connection error: Endpoint closed
2026-09-15T20:56:17.331 WARN kycontroller::kymux_controller::server - Kynet accept failed: connection error: Endpoint closed
2026-09-15T20:56:17.331 WARN kycontroller::kymux_controller::server - Kynet accept failed: connection error: Endpoint closed
2026-09-15T20:56:17.331 WARN kycontroller::kymux_controller::server - Kynet accept failed: connection error: Endpoint closed
2026-09-15T20:56:17.331 WARN kycontroller::kymux_controller::server - Kynet accept failed: connection error: Endpoint closed
2026-09-15T20:56:17.331 WARN kycontroller::kymux_controller::server - Kynet accept failed: connection error: Endpoint closed
2026-09-15T20:56:17.331 WARN kycontroller::kymux_controller::server - Kynet accept failed: connection error: Endpoint closed
2026-09-15T20:56:17.331 WARN kycontroller::kymux_controller::server - Kynet accept failed: connection error: Endpoint closed
2026-09-15T20:56:17.331 WARN kycontroller::kymux_controller::server - Kynet accept failed: connection error: Endpoint closed
2026-09-15T20:56:17.331 WARN kycontroller::kymux_controller::server - Kynet accept failed: connection error: Endpoint closed
2026-09-15T20:56:17.331 WARN kycontroller::kymux_controller::server - Kynet accept failed: connection error: Endpoint closed
2026-09-15T20:56:17.331 WARN kycontroller::kymux_controller::server - Kynet accept failed: connection error: Endpoint closed
2026-09-15T20:56:17.331 WARN kycontroller::kymux_controller::server - Kynet accept failed: connection error: Endpoint closed
2026-09-15T20:56:17.331 WARN kycontroller::kymux_controller::server - Kynet accept failed: connection error: Endpoint closed
2026-09-15T20:56:17.331 WARN kycontroller::kymux_controller::server - Kynet accept failed: connection error: Endpoint closed
2026-09-15T20:56:17.331 WARN kycontroller::kymux_controller::server - Kynet accept failed: connection error: Endpoint closed
2026-09-15T20:56:17.331 WARN kycontroller::kymux_controller::server - Kynet accept failed: connection error: Endpoint closed
2026-09-15T20:56:17.331 WARN kycontroller::kymux_controller::server - Kynet accept failed: connection error: Endpoint closed
2026-09-15T20:56:17.331 WARN kycontroller::kymux_controller::server - Kynet accept failed: connection error: Endpoint closed
2026-09-15T20:56:17.331 WARN kycontroller::kymux_controller::server - Kynet accept failed: connection error: Endpoint closed
2026-09-15T20:56:17.331 WARN kycontroller::kymux_controller::server - Kynet accept failed: connection error: Endpoint closed
2026-09-15T20:56:17.331 WARN kycontroller::kymux_controller::server - Kynet accept failed: connection error: Endpoint closed
2026-09-15T20:56:17.331 WARN kycontroller::kymux_controller::server - Kynet accept failed: connection error: Endpoint closed
2026-09-15T20:56:17.331 WARN kycontroller::kymux_controller::server - Kynet accept failed: connection error: Endpoint closed
2026-09-15T20:56:17.331 WARN kycontroller::kymux_controller::server - Kynet accept failed: connection error: Endpoint closed
2026-09-15T20:56:17.331 WARN kycontroller::kymux_controller::server - Kynet accept failed: connection error: Endpoint closed
2026-09-15T20:56:17.331 WARN kycontroller::kymux_controller::server - Kynet accept failed: connection error: Endpoint closed
2026-09-15T20:56:17.331 WARN kycontroller::kymux_controller::server - Kynet accept failed: connection error: Endpoint closed
2026-09-15T20:56:17.331 WARN kycontroller::kymux_controller::server - Kynet accept failed: connection error: Endpoint closed
2026-09-15T20:56:17.331 WARN kycontroller::kymux_controller::server - Kynet accept failed: connection error: Endpoint closed
2026-09-15T20:56:17.331 WARN kycontroller::kymux_controller::server - Kynet accept failed: connection error: Endpoint closed
2026-09-15T20:56:17.331 WARN kycontroller::kymux_controller::server - Kynet accept failed: connection error: Endpoint closed
2026-09-15T20:56:17.331 WARN kycontroller::kymux_controller::server - Kynet accept failed: connection error: Endpoint closed
2026-09-15T20:56:17.331 WARN kycontroller::kymux_controller::server - Kynet accept failed: connection error: Endpoint closed
2026-09-15T20:56:17.331 WARN kycontroller::kymux_controller::server - Kynet accept failed: connection error: Endpoint closed
2026-09-15T20:56:17.331 WARN kycontroller::kymux_controller::server - Kynet accept failed: connection error: Endpoint closed
2026-09-15T20:56:17.331 WARN kycontroller::kymux_controller::server - Kynet accept failed: connection error: Endpoint closed
2026-09-15T20:56:17.331 WARN kycontroller::kymux_controller::server - Kynet accept failed: connection error: Endpoint closed
2026-09-15T20:56:17.331 WARN kycontroller::kymux_controller::server - Kynet accept failed: connection error: Endpoint closed
2026-09-15T20:56:17.331 WARN kycontroller::kymux_controller::server - Kynet accept failed: connection error: Endpoint closed
2026-09-15T20:56:17.331 WARN kycontroller::kymux_controller::server - Kynet accept failed: connection error: Endpoint closed
2026-09-15T20:56:17.331 WARN kycontroller::kymux_controller::server - Kynet accept failed: connection error: Endpoint closed
2026-09-15T20:56:17.331 WARN kycontroller::kymux_controller::server - Kynet accept failed: connection error: Endpoint closed
2026-09-15T20:56:17.331 WARN kycontroller::kymux_controller::server - Kynet accept failed: connection error: Endpoint closed
2026-09-15T20:56:17.331 WARN kycontroller::kymux_controller::server - Kynet accept failed: connection error: Endpoint closed
2026-09-15T20:56:17.331 WARN kycontroller::kymux_controller::server - Kynet accept failed: connection error: Endpoint closed
2026-09-15T20:56:17.331 WARN kycontroller::kymux_controller::server - Kynet accept failed: connection error: Endpoint closed
2026-09-15T20:56:17.331 WARN kycontroller::kymux_controller::server - Kynet accept failed: connection error: Endpoint closed
2026-09-15T20:56:17.331 WARN kycontroller::kymux_controller::server - Kynet accept failed: connection error: Endpoint closed
2026-09-15T20:56:17.331 WARN kycontroller::kymux_controller::server - Kynet accept failed: connection error: Endpoint closed
2026-09-15T20:56:17.331 WARN kycontroller::kymux_controller::server - Kynet accept failed: connection error: Endpoint closed
2026-09-15T20:56:17.331 WARN kycontroller::kymux_controller::server - Kynet accept failed: connection error: Endpoint closed
2026-09-15T20:56:17.331 WARN kycontroller::kymux_controller::server - Kynet accept failed: connection error: Endpoint closed
2026-09-15T20:56:17.331 WARN kycontroller::kymux_controller::server - Kynet accept failed: connection error: Endpoint closed
2026-09-15T20:56:17.331 WARN kycontroller::kymux_controller::server - Kynet accept failed: connection error: Endpoint closed
2026-09-15T20:56:17.331 WARN kycontroller::kymux_controller::server - Kynet accept failed: connection error: Endpoint closed
2026-09-15T20:56:17.331 WARN kycontroller::kymux_controller::server - Kynet accept failed: connection error: Endpoint closed
2026-09-15T20:56:17.331 WARN kycontroller::kymux_controller::server - Kynet accept failed: connection error: Endpoint closed
2026-09-15T20:56:17.331 WARN kycontroller::kymux_controller::server - Kynet accept failed: connection error: Endpoint closed
2026-09-15T20:56:17.331 WARN kycontroller::kymux_controller::server - Kynet accept failed: connection error: Endpoint closed
2026-09-15T20:56:17.331 WARN kycontroller::kymux_controller::server - Kynet accept failed: connection error: Endpoint closed
2026-09-15T20:56:17.331 WARN kycontroller::kymux_controller::server - Kynet accept failed: connection error: Endpoint closed
2026-09-15T20:56:17.331 WARN kycontroller::kymux_controller::server - Kynet accept failed: connection error: Endpoint closed
2026-09-15T20:56:17.331 WARN kycontroller::kymux_controller::server - Kynet accept failed: connection error: Endpoint closed
2026-09-15T20:56:17.331 WARN kycontroller::kymux_controller::server - Kynet accept failed: connection error: Endpoint closed
2026-09-15T20:56:17.331 WARN kycontroller::kymux_controller::server - Kynet accept failed: connection error: Endpoint closed
2026-09-15T20:56:17.331 WARN kycontroller::kymux_controller::server - Kynet accept failed: connection error: Endpoint closed
2026-09-15T20:56:17.331 WARN kycontroller::kymux_controller::server - Kynet accept failed: connection error: Endpoint closed
2026-09-15T20:56:17.331 WARN kycontroller::kymux_controller::server - Kynet accept failed: connection error: Endpoint closed
2026-09-15T20:56:17.331 WARN kycontroller::kymux_controller::server - Kynet accept failed: connection error: Endpoint closed
2026-09-15T20:56:17.331 WARN kycontroller::kymux_controller::server - Kynet accept failed: connection error: Endpoint closed
2026-09-15T20:56:17.331 WARN kycontroller::kymux_controller::server - Kynet accept failed: connection error: Endpoint closed
2026-09-15T20:56:17.331 WARN kycontroller::kymux_controller::server - Kynet accept failed: connection error: Endpoint closed
2026-09-15T20:56:17.331 WARN kycontroller::kymux_controller::server - Kynet accept failed: connection error: Endpoint closed
2026-09-15T20:56:17.331 WARN kycontroller::kymux_controller::server - Kynet accept failed: connection error: Endpoint closed
2026-09-15T20:56:17.331 WARN kycontroller::kymux_controller::server - Kynet accept failed: connection error: Endpoint closed
2026-09-15T20:56:17.331 WARN kycontroller::kymux_controller::server - Kynet accept failed: connection error: Endpoint closed
2026-09-15T20:56:17.332 WARN kycontroller::kymux_controller::server - Kynet accept failed: connection error: Endpoint closed
2026-09-15T20:56:17.332 WARN kycontroller::kymux_controller::server - Kynet accept failed: connection error: Endpoint closed
2026-09-15T20:56:17.332 WARN kycontroller::kymux_controller::server - Kynet accept failed: connection error: Endpoint closed
2026-09-15T20:56:17.332 WARN kycontroller::kymux_controller::server - Kynet accept failed: connection error: Endpoint closed
2026-09-15T20:56:17.332 WARN kycontroller::kymux_controller::server - Kynet accept failed: connection error: Endpoint closed
2026-09-15T20:56:17.332 WARN kycontroller::kymux_controller::server - Kynet accept failed: connection error: Endpoint closed
2026-09-15T20:56:17.332 WARN kycontroller::kymux_controller::server - Kynet accept failed: connection error: Endpoint closed
2026-09-15T20:56:17.332 WARN kycontroller::kymux_controller::server - Kynet accept failed: connection error: Endpoint closed
2026-09-15T20:56:17.332 WARN kycontroller::kymux_controller::server - Kynet accept failed: connection error: Endpoint closed
2026-09-15T20:56:17.332 WARN kycontroller::kymux_controller::server - Kynet accept failed: connection error: Endpoint closed
2026-09-15T20:56:17.332 WARN kycontroller::kymux_controller::server - Kynet accept failed: connection error: Endpoint closed
2026-09-15T20:56:17.332 WARN kycontroller::kymux_controller::server - Kynet accept failed: connection error: Endpoint closed
2026-09-15T20:56:17.332 WARN kycontroller::kymux_controller::server - Kynet accept failed: connection error: Endpoint closed
2026-09-15T20:56:17.332 WARN kycontroller::kymux_controller::server - Kynet accept failed: connection error: Endpoint closed
2026-09-15T20:56:17.332 WARN kycontroller::kymux_controller::server - Kynet accept failed: connection error: Endpoint closed
2026-09-15T20:56:17.332 WARN kycontroller::kymux_controller::server - Kynet accept failed: connection error: Endpoint closed
2026-09-15T20:56:17.332 WARN kycontroller::kymux_controller::server - Kynet accept failed: connection error: Endpoint closed
2026-09-15T20:56:17.332 WARN kycontroller::kymux_controller::server - Kynet accept failed: connection error: Endpoint closed
2026-09-15T20:56:17.332 WARN kycontroller::kymux_controller::server - Kynet accept failed: connection error: Endpoint closed
2026-09-15T20:56:17.332 WARN kycontroller::kymux_controller::server - Kynet accept failed: connection error: Endpoint closed
2026-09-15T20:56:17.332 WARN kycontroller::kymux_controller::server - Kynet accept failed: connection error: Endpoint closed
2026-09-15T20:56:17.332 WARN kycontroller::kymux_controller::server - Kynet accept failed: connection error: Endpoint closed
2026-09-15T20:56:17.332 WARN kycontroller::kymux_controller::server - Kynet accept failed: connection error: Endpoint closed
2026-09-15T20:56:17.332 WARN kycontroller::kymux_controller::server - Kynet accept failed: connection error: Endpoint closed
2026-09-15T20:56:17.332 WARN kycontroller::kymux_controller::server - Kynet accept failed: connection error: Endpoint closed
2026-09-15T20:56:17.332 WARN kycontroller::kymux_controller::server - Kynet accept failed: connection error: Endpoint closed
2026-09-15T20:56:17.332 WARN kycontroller::kymux_controller::server - Kynet accept failed: connection error: Endpoint closed
2026-09-15T20:56:17.332 WARN kycontroller::kymux_controller::server - Kynet accept failed: connection error: Endpoint closed
2026-09-15T20:56:17.332 WARN kycontroller::kymux_controller::server - Kynet accept failed: connection error: Endpoint closed
2026-09-15T20:56:17.332 WARN kycontroller::kymux_controller::server - Kynet accept failed: connection error: Endpoint closed
2026-09-15T20:56:17.332 WARN kycontroller::kymux_controller::server - Kynet accept failed: connection error: Endpoint closed
2026-09-15T20:56:17.332 WARN kycontroller::kymux_controller::server - Kynet accept failed: connection error: Endpoint closed
2026-09-15T20:56:17.332 WARN kycontroller::kymux_controller::server - Kynet accept failed: connection error: Endpoint closed
2026-09-15T20:56:17.332 WARN kycontroller::kymux_controller::server - Kynet accept failed: connection error: Endpoint closed
2026-09-15T20:56:17.332 WARN kycontroller::kymux_controller::server - Kynet accept failed: connection error: Endpoint closed
2026-09-15T20:56:17.332 WARN kycontroller::kymux_controller::server - Kynet accept failed: connection error: Endpoint closed
2026-09-15T20:56:17.332 WARN kycontroller::kymux_controller::server - Kynet accept failed: connection error: Endpoint closed
2026-09-15T20:56:17.332 WARN kycontroller::kymux_controller::server - Kynet accept failed: connection error: Endpoint closed
2026-09-15T20:56:17.332 WARN kycontroller::kymux_controller::server - Kynet accept failed: connection error: Endpoint closed
2026-09-15T20:56:17.332 WARN kycontroller::kymux_controller::server - Kynet accept failed: connection error: Endpoint closed
2026-09-15T20:56:17.332 WARN kycontroller::kymux_controller::server - Kynet accept failed: connection error: Endpoint closed
2026-09-15T20:56:17.332 WARN kycontroller::kymux_controller::server - Kynet accept failed: connection error: Endpoint closed
2026-09-15T20:56:17.332 WARN kycontroller::kymux_controller::server - Kynet accept failed: connection error: Endpoint closed
2026-09-15T20:56:17.332 WARN kycontroller::kymux_controller::server - Kynet accept failed: connection error: Endpoint closed
2026-09-15T20:56:17.332 WARN kycontroller::kymux_controller::server - Kynet accept failed: connection error: Endpoint closed
2026-09-15T20:56:17.332 WARN kycontroller::kymux_controller::server - Kynet accept failed: connection error: Endpoint closed
2026-09-15T20:56:17.332 WARN kycontroller::kymux_controller::server - Kynet accept failed: connection error: Endpoint closed
2026-09-15T20:56:17.332 WARN kycontroller::kymux_controller::server - Kynet accept failed: connection error: Endpoint closed
2026-09-15T20:56:17.332 WARN kycontroller::kymux_controller::server - Kynet accept failed: connection error: Endpoint closed
2026-09-15T20:56:17.332 WARN kycontroller::kymux_controller::server - Kynet accept failed: connection error: Endpoint closed
2026-09-15T20:56:17.332 WARN kycontroller::kymux_controller::server - Kynet accept failed: connection error: Endpoint closed
2026-09-15T20:56:17.332 WARN kycontroller::kymux_controller::server - Kynet accept failed: connection error: Endpoint closed
2026-09-15T20:56:17.332 WARN kycontroller::kymux_controller::server - Kynet accept failed: connection error: Endpoint closed
2026-09-15T20:56:17.332 WARN kycontroller::kymux_controller::server - Kynet accept failed: connection error: Endpoint closed
2026-09-15T20:56:17.332 WARN kycontroller::kymux_controller::server - Kynet accept failed: connection error: Endpoint closed
2026-09-15T20:56:17.332 WARN kycontroller::kymux_controller::server - Kynet accept failed: connection error: Endpoint closed
2026-09-15T20:56:17.332 WARN kycontroller::kymux_controller::server - Kynet accept failed: connection error: Endpoint closed
2026-09-15T20:56:17.332 WARN kycontroller::kymux_controller::server - Kynet accept failed: connection error: Endpoint closed
2026-09-15T20:56:17.332 WARN kycontroller::kymux_controller::server - Kynet accept failed: connection error: Endpoint closed
2026-09-15T20:56:17.332 WARN kycontroller::kymux_controller::server - Kynet accept failed: connection error: Endpoint closed
2026-09-15T20:56:17.332 WARN kycontroller::kymux_controller::server - Kynet accept failed: connection error: Endpoint closed
2026-09-15T20:56:17.332 WARN kycontroller::kymux_controller::server - Kynet accept failed: connection error: Endpoint closed
2026-09-15T20:56:17.332 WARN kycontroller::kymux_controller::server - Kynet accept failed: connection error: Endpoint closed
2026-09-15T20:56:17.332 WARN kycontroller::kymux_controller::server - Kynet accept failed: connection error: Endpoint closed
2026-09-15T20:56:17.332 WARN kycontroller::kymux_controller::server - Kynet accept failed: connection error: Endpoint closed
2026-09-15T20:56:17.332 WARN kycontroller::kymux_controller::server - Kynet accept failed: connection error: Endpoint closed
2026-09-15T20:56:17.332 WARN kycontroller::kymux_controller::server - Kynet accept failed: connection error: Endpoint closed
2026-09-15T20:56:17.332 WARN kycontroller::kymux_controller::server - Kynet accept failed: connection error: Endpoint closed
2026-09-15T20:56:17.332 WARN kycontroller::kymux_controller::server - Kynet accept failed: connection error: Endpoint closed
2026-09-15T20:56:17.332 WARN kycontroller::kymux_controller::server - Kynet accept failed: connection error: Endpoint closed
2026-09-15T20:56:17.332 WARN kycontroller::kymux_controller::server - Kynet accept failed: connection error: Endpoint closed
2026-09-15T20:56:17.332 WARN kycontroller::kymux_controller::server - Kynet accept failed: connection error: Endpoint closed
2026-09-15T20:56:17.332 WARN kycontroller::kymux_controller::server - Kynet accept failed: connection error: Endpoint closed
2026-09-15T20:56:17.332 WARN kycontroller::kymux_controller::server - Kynet accept failed: connection error: Endpoint closed
2026-09-15T20:56:17.332 WARN kycontroller::kymux_controller::server - Kynet accept failed: connection error: Endpoint closed
2026-09-15T20:56:17.332 WARN kycontroller::kymux_controller::server - Kynet accept failed: connection error: Endpoint closed
2026-09-15T20:56:17.332 WARN kycontroller::kymux_controller::server - Kynet accept failed: connection error: Endpoint closed
2026-09-15T20:56:17.332 WARN kycontroller::kymux_controller::server - Kynet accept failed: connection error: Endpoint closed
2026-09-15T20:56:17.332 WARN kycontroller::kymux_controller::server - Kynet accept failed: connection error: Endpoint closed
2026-09-15T20:56:17.332 WARN kycontroller::kymux_controller::server - Kynet accept failed: connection error: Endpoint closed
2026-09-15T20:56:17.332 WARN kycontroller::kymux_controller::server - Kynet accept failed: connection error: Endpoint closed
2026-09-15T20:56:17.332 WARN kycontroller::kymux_controller::server - Kynet accept failed: connection error: Endpoint closed
2026-09-15T20:56:17.332 WARN kycontroller::kymux_controller::server - Kynet accept failed: connection error: Endpoint closed
2026-09-15T20:56:17.332 WARN kycontroller::kymux_controller::server - Kynet accept failed: connection error: Endpoint closed
2026-09-15T20:56:17.332 WARN kycontroller::kymux_controller::server - Kynet accept failed: connection error: Endpoint closed
2026-09-15T20:56:17.332 WARN kycontroller::kymux_controller::server - Kynet accept failed: connection error: Endpoint closed
2026-09-15T20:56:17.332 WARN kycontroller::kymux_controller::server - Kynet accept failed: connection error: Endpoint closed
2026-09-15T20:56:17.332 WARN kycontroller::kymux_controller::server - Kynet accept failed: connection error: Endpoint closed
2026-09-15T20:56:17.332 WARN kycontroller::kymux_controller::server - Kynet accept failed: connection error: Endpoint closed
2026-09-15T20:56:17.332 WARN kycontroller::kymux_controller::server - Kynet accept failed: connection error: Endpoint closed
2026-09-15T20:56:17.332 WARN kycontroller::kymux_controller::server - Kynet accept failed: connection error: Endpoint closed
2026-09-15T20:56:17.332 WARN kycontroller::kymux_controller::server - Kynet accept failed: connection error: Endpoint closed
2026-09-15T20:56:17.332 WARN kycontroller::kymux_controller::server - Kynet accept failed: connection error: Endpoint closed
2026-09-15T20:56:17.332 WARN kycontroller::kymux_controller::server - Kynet accept failed: connection error: Endpoint closed
2026-09-15T20:56:17.332 WARN kycontroller::kymux_controller::server - Kynet accept failed: connection error: Endpoint closed
2026-09-15T20:56:17.332 WARN kycontroller::kymux_controller::server - Kynet accept failed: connection error: Endpoint closed
2026-09-15T20:56:17.332 WARN kycontroller::kymux_controller::server - Kynet accept failed: connection error: Endpoint closed
2026-09-15T20:56:17.332 WARN kycontroller::kymux_controller::server - Kynet accept failed: connection error: Endpoint closed
2026-09-15T20:56:17.332 WARN kycontroller::kymux_controller::server - Kynet accept failed: connection error: Endpoint closed
2026-09-15T20:56:17.332 WARN kycontroller::kymux_controller::server - Kynet accept failed: connection error: Endpoint closed
2026-09-15T20:56:17.332 WARN kycontroller::kymux_controller::server - Kynet accept failed: connection error: Endpoint closed
2026-09-15T20:56:17.332 WARN kycontroller::kymux_controller::server - Kynet accept failed: connection error: Endpoint closed
2026-09-15T20:56:17.333 WARN kycontroller::kymux_controller::server - Kynet accept failed: connection error: Endpoint closed
2026-09-15T20:56:17.333 WARN kycontroller::kymux_controller::server - Kynet accept failed: connection error: Endpoint closed
2026-09-15T20:56:17.333 WARN kycontroller::kymux_controller::server - Kynet accept failed: connection error: Endpoint closed
2026-09-15T20:56:17.333 WARN kycontroller::kymux_controller::server - Kynet accept failed: connection error: Endpoint closed
2026-09-15T20:56:17.333 WARN kycontroller::kymux_controller::server - Kynet accept failed: connection error: Endpoint closed
2026-09-15T20:56:17.333 WARN kycontroller::kymux_controller::server - Kynet accept failed: connection error: Endpoint closed
2026-09-15T20:56:17.333 WARN kycontroller::kymux_controller::server - Kynet accept failed: connection error: Endpoint closed
2026-09-15T20:56:17.333 WARN kycontroller::kymux_controller::server - Kynet accept failed: connection error: Endpoint closed
2026-09-15T20:56:17.333 WARN kycontroller::kymux_controller::server - Kynet accept failed: connection error: Endpoint closed
2026-09-15T20:56:17.333 WARN kycontroller::kymux_controller::server - Kynet accept failed: connection error: Endpoint closed
2026-09-15T20:56:17.333 WARN kycontroller::kymux_controller::server - Kynet accept failed: connection error: Endpoint closed
2026-09-15T20:56:17.333 WARN kycontroller::kymux_controller::server - Kynet accept failed: connection error: Endpoint closed
2026-09-15T20:56:17.333 WARN kycontroller::kymux_controller::server - Kynet accept failed: connection error: Endpoint closed
2026-09-15T20:56:17.333 WARN kycontroller::kymux_controller::server - Kynet accept failed: connection error: Endpoint closed
2026-09-15T20:56:17.333 WARN kycontroller::kymux_controller::server - Kynet accept failed: connection error: Endpoint closed
2026-09-15T20:56:17.333 WARN kycontroller::kymux_controller::server - Kynet accept failed: connection error: Endpoint closed
2026-09-15T20:56:17.333 WARN kycontroller::kymux_controller::server - Kynet accept failed: connection error: Endpoint closed
2026-09-15T20:56:17.333 WARN kycontroller::kymux_controller::server - Kynet accept failed: connection error: Endpoint closed
2026-09-15T20:56:17.333 WARN kycontroller::kymux_controller::server - Kynet accept failed: connection error: Endpoint closed
2026-09-15T20:56:17.333 WARN kycontroller::kymux_controller::server - Kynet accept failed: connection error: Endpoint closed
2026-09-15T20:56:17.333 WARN kycontroller::kymux_controller::server - Kynet accept failed: connection error: Endpoint closed
2026-09-15T20:56:17.333 WARN kycontroller::kymux_controller::server - Kynet accept failed: connection error: Endpoint closed
2026-09-15T20:56:17.333 WARN kycontroller::kymux_controller::server - Kynet accept failed: connection error: Endpoint closed
2026-09-15T20:56:17.333 WARN kycontroller::kymux_controller::server - Kynet accept failed: connection error: Endpoint closed
2026-09-15T20:56:17.333 WARN kycontroller::kymux_controller::server - Kynet accept failed: connection error: Endpoint closed
2026-09-15T20:56:17.333 WARN kycontroller::kymux_controller::server - Kynet accept failed: connection error: Endpoint closed
2026-09-15T20:56:17.333 WARN kycontroller::kymux_controller::server - Kynet accept failed: connection error: Endpoint closed
2026-09-15T20:56:17.333 WARN kycontroller::kymux_controller::server - Kynet accept failed: connection error: Endpoint closed
2026-09-15T20:56:17.333 WARN kycontroller::kymux_controller::server - Kynet accept failed: connection error: Endpoint closed
2026-09-15T20:56:17.333 WARN kycontroller::kymux_controller::server - Kynet accept failed: connection error: Endpoint closed
2026-09-15T20:56:17.333 WARN kycontroller::kymux_controller::server - Kynet accept failed: connection error: Endpoint closed
2026-09-15T20:56:17.333 WARN kycontroller::kymux_controller::server - Kynet accept failed: connection error: Endpoint closed
2026-09-15T20:56:17.333 WARN kycontroller::kymux_controller::server - Kynet accept failed: connection error: Endpoint closed
2026-09-15T20:56:17.333 WARN kycontroller::kymux_controller::server - Kynet accept failed: connection error: Endpoint closed
2026-09-15T20:56:17.333 WARN kycontroller::kymux_controller::server - Kynet accept failed: connection error: Endpoint closed
2026-09-15T20:56:17.333 WARN kycontroller::kymux_controller::server - Kynet accept failed: connection error: Endpoint closed
2026-09-15T20:56:17.333 WARN kycontroller::kymux_controller::server - Kynet accept failed: connection error: Endpoint closed
2026-09-15T20:56:17.333 WARN kycontroller::kymux_controller::server - Kynet accept failed: connection error: Endpoint closed
2026-09-15T20:56:17.333 WARN kycontroller::kymux_controller::server - Kynet accept failed: connection error: Endpoint closed
2026-09-15T20:56:17.333 WARN kycontroller::kymux_controller::server - Kynet accept failed: connection error: Endpoint closed
2026-09-15T20:56:17.333 WARN kycontroller::kymux_controller::server - Kynet accept failed: connection error: Endpoint closed
2026-09-15T20:56:17.333 WARN kycontroller::kymux_controller::server - Kynet accept failed: connection error: Endpoint closed
2026-09-15T20:56:17.333 WARN kycontroller::kymux_controller::server - Kynet accept failed: connection error: Endpoint closed
2026-09-15T20:56:17.333 WARN kycontroller::kymux_controller::server - Kynet accept failed: connection error: Endpoint closed
2026-09-15T20:56:17.333 WARN kycontroller::kymux_controller::server - Kynet accept failed: connection error: Endpoint closed
2026-09-15T20:56:17.333 WARN kycontroller::kymux_controller::server - Kynet accept failed: connection error: Endpoint closed
2026-09-15T20:56:17.333 WARN kycontroller::kymux_controller::server - Kynet accept failed: connection error: Endpoint closed
2026-09-15T20:56:17.333 WARN kycontroller::kymux_controller::server - Kynet accept failed: connection error: Endpoint closed
2026-09-15T20:56:17.333 WARN kycontroller::kymux_controller::server - Kynet accept failed: connection error: Endpoint closed
2026-09-15T20:56:17.333 WARN kycontroller::kymux_controller::server - Kynet accept failed: connection error: Endpoint closed
2026-09-15T20:56:17.333 WARN kycontroller::kymux_controller::server - Kynet accept failed: connection error: Endpoint closed
2026-09-15T20:56:17.333 WARN kycontroller::kymux_controller::server - Kynet accept failed: connection error: Endpoint closed
2026-09-15T20:56:17.333 WARN kycontroller::kymux_controller::server - Kynet accept failed: connection error: Endpoint closed
2026-09-15T20:56:17.333 WARN kycontroller::kymux_controller::server - Kynet accept failed: connection error: Endpoint closed
2026-09-15T20:56:17.333 WARN kycontroller::kymux_controller::server - Kynet accept failed: connection error: Endpoint closed
2026-09-15T20:56:17.333 WARN kycontroller::kymux_controller::server - Kynet accept failed: connection error: Endpoint closed
2026-09-15T20:56:17.333 WARN kycontroller::kymux_controller::server - Kynet accept failed: connection error: Endpoint closed
2026-09-15T20:56:17.333 WARN kycontroller::kymux_controller::server - Kynet accept failed: connection error: Endpoint closed
2026-09-15T20:56:17.333 WARN kycontroller::kymux_controller::server - Kynet accept failed: connection error: Endpoint closed
2026-09-15T20:56:17.333 WARN kycontroller::kymux_controller::server - Kynet accept failed: connection error: Endpoint closed
2026-09-15T20:56:17.333 WARN kycontroller::kymux_controller::server - Kynet accept failed: connection error: Endpoint closed
2026-09-15T20:56:17.333 WARN kycontroller::kymux_controller::server - Kynet accept failed: connection error: Endpoint closed
2026-09-15T20:56:17.333 WARN kycontroller::kymux_controller::server - Kynet accept failed: connection error: Endpoint closed
2026-09-15T20:56:17.333 WARN kycontroller::kymux_controller::server - Kynet accept failed: connection error: Endpoint closed
2026-09-15T20:56:17.333 WARN kycontroller::kymux_controller::server - Kynet accept failed: connection error: Endpoint closed
2026-09-15T20:56:17.333 WARN kycontroller::kymux_controller::server - Kynet accept failed: connection error: Endpoint closed
2026-09-15T20:56:17.333 WARN kycontroller::kymux_controller::server - Kynet accept failed: connection error: Endpoint closed
2026-09-15T20:56:17.333 WARN kycontroller::kymux_controller::server - Kynet accept failed: connection error: Endpoint closed
2026-09-15T20:56:17.333 WARN kycontroller::kymux_controller::server - Kynet accept failed: connection error: Endpoint closed
2026-09-15T20:56:17.333 WARN kycontroller::kymux_controller::server - Kynet accept failed: connection error: Endpoint closed
2026-09-15T20:56:17.333 WARN kycontroller::kymux_controller::server - Kynet accept failed: connection error: Endpoint closed
2026-09-15T20:56:17.333 WARN kycontroller::kymux_controller::server - Kynet accept failed: connection error: Endpoint closed
2026-09-15T20:56:17.333 WARN kycontroller::kymux_controller::server - Kynet accept failed: connection error: Endpoint closed
2026-09-15T20:56:17.333 WARN kycontroller::kymux_controller::server - Kynet accept failed: connection error: Endpoint closed
2026-09-15T20:56:17.333 WARN kycontroller::kymux_controller::server - Kynet accept failed: connection error: Endpoint closed
2026-09-15T20:56:17.333 WARN kycontroller::kymux_controller::server - Kynet accept failed: connection error: Endpoint closed
2026-09-15T20:56:17.333 WARN kycontroller::kymux_controller::server - Kynet accept failed: connection error: Endpoint closed
2026-09-15T20:56:17.333 WARN kycontroller::kymux_controller::server - Kynet accept failed: connection error: Endpoint closed
2026-09-15T20:56:17.333 WARN kycontroller::kymux_controller::server - Kynet accept failed: connection error: Endpoint closed
2026-09-15T20:56:17.333 WARN kycontroller::kymux_controller::server - Kynet accept failed: connection error: Endpoint closed
2026-09-15T20:56:17.333 WARN kycontroller::kymux_controller::server - Kynet accept failed: connection error: Endpoint closed
2026-09-15T20:56:17.333 WARN kycontroller::kymux_controller::server - Kynet accept failed: connection error: Endpoint closed
2026-09-15T20:56:17.333 WARN kycontroller::kymux_controller::server - Kynet accept failed: connection error: Endpoint closed
2026-09-15T20:56:17.333 WARN kycontroller::kymux_controller::server - Kynet accept failed: connection error: Endpoint closed
2026-09-15T20:56:17.333 WARN kycontroller::kymux_controller::server - Kynet accept failed: connection error: Endpoint closed
2026-09-15T20:56:17.333 WARN kycontroller::kymux_controller::server - Kynet accept failed: connection error: Endpoint closed
2026-09-15T20:56:17.333 WARN kycontroller::kymux_controller::server - Kynet accept failed: connection error: Endpoint closed
2026-09-15T20:56:17.333 WARN kycontroller::kymux_controller::server - Kynet accept failed: connection error: Endpoint closed
2026-09-15T20:56:17.333 WARN kycontroller::kymux_controller::server - Kynet accept failed: connection error: Endpoint closed
2026-09-15T20:56:17.333 WARN kycontroller::kymux_controller::server - Kynet accept failed: connection error: Endpoint closed
2026-09-15T20:56:17.333 WARN kycontroller::kymux_controller::server - Kynet accept failed: connection error: Endpoint closed
2026-09-15T20:56:17.333 WARN kycontroller::kymux_controller::server - Kynet accept failed: connection error: Endpoint closed
2026-09-15T20:56:17.333 WARN kycontroller::kymux_controller::server - Kynet accept failed: connection error: Endpoint closed
2026-09-15T20:56:17.333 WARN kycontroller::kymux_controller::server - Kynet accept failed: connection error: Endpoint closed
2026-09-15T20:56:17.333 WARN kycontroller::kymux_controller::server - Kynet accept failed: connection error: Endpoint closed
2026-09-15T20:56:17.333 WARN kycontroller::kymux_controller::server - Kynet accept failed: connection error: Endpoint closed
2026-09-15T20:56:17.333 WARN kycontroller::kymux_controller::server - Kynet accept failed: connection error: Endpoint closed
2026-09-15T20:56:17.333 WARN kycontroller::kymux_controller::server - Kynet accept failed: connection error: Endpoint closed
2026-09-15T20:56:17.333 WARN kycontroller::kymux_controller::server - Kynet accept failed: connection error: Endpoint closed
2026-09-15T20:56:17.333 WARN kycontroller::kymux_controller::server - Kynet accept failed: connection error: Endpoint closed
2026-09-15T20:56:17.333 WARN kycontroller::kymux_controller::server - Kynet accept failed: connection error: Endpoint closed
2026-09-15T20:56:17.333 WARN kycontroller::kymux_controller::server - Kynet accept failed: connection error: Endpoint closed
2026-09-15T20:56:17.333 WARN kycontroller::kymux_controller::server - Kynet accept failed: connection error: Endpoint closed
2026-09-15T20:56:17.333 WARN kycontroller::kymux_controller::server - Kynet accept failed: connection error: Endpoint closed
2026-09-15T20:56:17.333 WARN kycontroller::kymux_controller::server - Kynet accept failed: connection error: Endpoint closed
2026-09-15T20:56:17.333 WARN kycontroller::kymux_controller::server - Kynet accept failed: connection error: Endpoint closed
2026-09-15T20:56:17.333 WARN kycontroller::kymux_controller::server - Kynet accept failed: connection error: Endpoint closed
2026-09-15T20:56:17.333 WARN kycontroller::kymux_controller::server - Kynet accept failed: connection error: Endpoint closed
2026-09-15T20:56:17.333 WARN kycontroller::kymux_controller::server - Kynet accept failed: connection error: Endpoint closed
2026-09-15T20:56:17.334 WARN kycontroller::kymux_controller::server - Kynet accept failed: connection error: Endpoint closed
2026-09-15T20:56:17.334 WARN kycontroller::kymux_controller::server - Kynet accept failed: connection error: Endpoint closed
2026-09-15T20:56:17.334 WARN kycontroller::kymux_controller::server - Kynet accept failed: connection error: Endpoint closed
2026-09-15T20:56:17.334 WARN kycontroller::kymux_controller::server - Kynet accept failed: connection error: Endpoint closed
2026-09-15T20:56:17.334 WARN kycontroller::kymux_controller::server - Kynet accept failed: connection error: Endpoint closed
2026-09-15T20:56:17.334 WARN kycontroller::kymux_controller::server - Kynet accept failed: connection error: Endpoint closed
2026-09-15T20:56:17.334 WARN kycontroller::kymux_controller::server - Kynet accept failed: connection error: Endpoint closed
2026-09-15T20:56:17.334 WARN kycontroller::kymux_controller::server - Kynet accept failed: connection error: Endpoint closed
2026-09-15T20:56:17.334 WARN kycontroller::kymux_controller::server - Kynet accept failed: connection error: Endpoint closed
2026-09-15T20:56:17.334 WARN kycontroller::kymux_controller::server - Kynet accept failed: connection error: Endpoint closed
2026-09-15T20:56:17.334 WARN kycontroller::kymux_controller::server - Kynet accept failed: connection error: Endpoint closed
2026-09-15T20:56:17.334 WARN kycontroller::kymux_controller::server - Kynet accept failed: connection error: Endpoint closed
2026-09-15T20:56:17.334 WARN kycontroller::kymux_controller::server - Kynet accept failed: connection error: Endpoint closed
2026-09-15T20:56:17.334 WARN kycontroller::kymux_controller::server - Kynet accept failed: connection error: Endpoint closed
2026-09-15T20:56:17.334 WARN kycontroller::kymux_controller::server - Kynet accept failed: connection error: Endpoint closed
2026-09-15T20:56:17.334 WARN kycontroller::kymux_controller::server - Kynet accept failed: connection error: Endpoint closed
2026-09-15T20:56:17.334 WARN kycontroller::kymux_controller::server - Kynet accept failed: connection error: Endpoint closed
2026-09-15T20:56:17.334 WARN kycontroller::kymux_controller::server - Kynet accept failed: connection error: Endpoint closed
2026-09-15T20:56:17.334 WARN kycontroller::kymux_controller::server - Kynet accept failed: connection error: Endpoint closed
2026-09-15T20:56:17.334 WARN kycontroller::kymux_controller::server - Kynet accept failed: connection error: Endpoint closed
2026-09-15T20:56:17.334 WARN kycontroller::kymux_controller::server - Kynet accept failed: connection error: Endpoint closed
2026-09-15T20:56:17.334 WARN kycontroller::kymux_controller::server - Kynet accept failed: connection error: Endpoint closed
2026-09-15T20:56:17.334 WARN kycontroller::kymux_controller::server - Kynet accept failed: connection error: Endpoint closed
2026-09-15T20:56:17.334 WARN kycontroller::kymux_controller::server - Kynet accept failed: connection error: Endpoint closed
2026-09-15T20:56:17.334 WARN kycontroller::kymux_controller::server - Kynet accept failed: connection error: Endpoint closed
2026-09-15T20:56:17.334 WARN kycontroller::kymux_controller::server - Kynet accept failed: connection error: Endpoint closed
2026-09-15T20:56:17.334 WARN kycontroller::kymux_controller::server - Kynet accept failed: connection error: Endpoint closed
2026-09-15T20:56:17.334 WARN kycontroller::kymux_controller::server - Kynet accept failed: connection error: Endpoint closed
2026-09-15T20:56:17.334 WARN kycontroller::kymux_controller::server - Kynet accept failed: connection error: Endpoint closed
2026-09-15T20:56:17.334 WARN kycontroller::kymux_controller::server - Kynet accept failed: connection error: Endpoint closed
2026-09-15T20:56:17.334 WARN kycontroller::kymux_controller::server - Kynet accept failed: connection error: Endpoint closed
2026-09-15T20:56:17.334 WARN kycontroller::kymux_controller::server - Kynet accept failed: connection error: Endpoint closed
2026-09-15T20:56:17.334 WARN kycontroller::kymux_controller::server - Kynet accept failed: connection error: Endpoint closed
2026-09-15T20:56:17.334 WARN kycontroller::kymux_controller::server - Kynet accept failed: connection error: Endpoint closed
2026-09-15T20:56:17.334 WARN kycontroller::kymux_controller::server - Kynet accept failed: connection error: Endpoint closed
2026-09-15T20:56:17.334 WARN kycontroller::kymux_controller::server - Kynet accept failed: connection error: Endpoint closed
2026-09-15T20:56:17.334 WARN kycontroller::kymux_controller::server - Kynet accept failed: connection error: Endpoint closed
2026-09-15T20:56:17.334 WARN kycontroller::kymux_controller::server - Kynet accept failed: connection error: Endpoint closed
2026-09-15T20:56:17.334 WARN kycontroller::kymux_controller::server - Kynet accept failed: connection error: Endpoint closed
2026-09-15T20:56:17.334 WARN kycontroller::kymux_controller::server - Kynet accept failed: connection error: Endpoint closed
2026-09-15T20:56:17.334 WARN kycontroller::kymux_controller::server - Kynet accept failed: connection error: Endpoint closed
2026-09-15T20:56:17.334 WARN kycontroller::kymux_controller::server - Kynet accept failed: connection error: Endpoint closed
2026-09-15T20:56:17.334 WARN kycontroller::kymux_controller::server - Kynet accept failed: connection error: Endpoint closed
2026-09-15T20:56:17.334 WARN kycontroller::kymux_controller::server - Kynet accept failed: connection error: Endpoint closed
2026-09-15T20:56:17.334 WARN kycontroller::kymux_controller::server - Kynet accept failed: connection error: Endpoint closed
2026-09-15T20:56:17.334 WARN kycontroller::kymux_controller::server - Kynet accept failed: connection error: Endpoint closed
2026-09-15T20:56:17.334 WARN kycontroller::kymux_controller::server - Kynet accept failed: connection error: Endpoint closed
2026-09-15T20:56:17.334 WARN kycontroller::kymux_controller::server - Kynet accept failed: connection error: Endpoint closed
2026-09-15T20:56:17.334 WARN kycontroller::kymux_controller::server - Kynet accept failed: connection error: Endpoint closed
2026-09-15T20:56:17.334 WARN kycontroller::kymux_controller::server - Kynet accept failed: connection error: Endpoint closed
2026-09-15T20:56:17.334 WARN kycontroller::kymux_controller::server - Kynet accept failed: connection error: Endpoint closed
2026-09-15T20:56:17.334 WARN kycontroller::kymux_controller::server - Kynet accept failed: connection error: Endpoint closed
2026-09-15T20:56:17.334 WARN kycontroller::kymux_controller::server - Kynet accept failed: connection error: Endpoint closed
2026-09-15T20:56:17.334 WARN kycontroller::kymux_controller::server - Kynet accept failed: connection error: Endpoint closed
2026-09-15T20:56:17.334 WARN kycontroller::kymux_controller::server - Kynet accept failed: connection error: Endpoint closed
2026-09-15T20:56:17.334 WARN kycontroller::kymux_controller::server - Kynet accept failed: connection error: Endpoint closed
2026-09-15T20:56:17.334 WARN kycontroller::kymux_controller::server - Kynet accept failed: connection error: Endpoint closed
2026-09-15T20:56:17.334 WARN kycontroller::kymux_controller::server - Kynet accept failed: connection error: Endpoint closed
2026-09-15T20:56:17.334 WARN kycontroller::kymux_controller::server - Kynet accept failed: connection error: Endpoint closed
2026-09-15T20:56:17.334 WARN kycontroller::kymux_controller::server - Kynet accept failed: connection error: Endpoint closed
2026-09-15T20:56:17.334 WARN kycontroller::kymux_controller::server - Kynet accept failed: connection error: Endpoint closed
2026-09-15T20:56:17.334 WARN kycontroller::kymux_controller::server - Kynet accept failed: connection error: Endpoint closed
2026-09-15T20:56:17.334 WARN kycontroller::kymux_controller::server - Kynet accept failed: connection error: Endpoint closed
2026-09-15T20:56:17.334 WARN kycontroller::kymux_controller::server - Kynet accept failed: connection error: Endpoint closed
2026-09-15T20:56:17.334 WARN kycontroller::kymux_controller::server - Kynet accept failed: connection error: Endpoint closed
2026-09-15T20:56:17.334 WARN kycontroller::kymux_controller::server - Kynet accept failed: connection error: Endpoint closed
2026-09-15T20:56:17.334 WARN kycontroller::kymux_controller::server - Kynet accept failed: connection error: Endpoint closed
2026-09-15T20:56:17.334 WARN kycontroller::kymux_controller::server - Kynet accept failed: connection error: Endpoint closed
2026-09-15T20:56:17.334 WARN kycontroller::kymux_controller::server - Kynet accept failed: connection error: Endpoint closed
2026-09-15T20:56:17.334 WARN kycontroller::kymux_controller::server - Kynet accept failed: connection error: Endpoint closed
2026-09-15T20:56:17.334 WARN kycontroller::kymux_controller::server - Kynet accept failed: connection error: Endpoint closed
2026-09-15T20:56:17.334 WARN kycontroller::kymux_controller::server - Kynet accept failed: connection error: Endpoint closed
2026-09-15T20:56:17.334 WARN kycontroller::kymux_controller::server - Kynet accept failed: connection error: Endpoint closed
2026-09-15T20:56:17.334 WARN kycontroller::kymux_controller::server - Kynet accept failed: connection error: Endpoint closed
2026-09-15T20:56:17.334 WARN kycontroller::kymux_controller::server - Kynet accept failed: connection error: Endpoint closed
2026-09-15T20:56:17.334 WARN kycontroller::kymux_controller::server - Kynet accept failed: connection error: Endpoint closed
2026-09-15T20:56:17.334 WARN kycontroller::kymux_controller::server - Kynet accept failed: connection error: Endpoint closed
2026-09-15T20:56:17.334 WARN kycontroller::kymux_controller::server - Kynet accept failed: connection error: Endpoint closed
2026-09-15T20:56:17.334 WARN kycontroller::kymux_controller::server - Kynet accept failed: connection error: Endpoint closed
2026-09-15T20:56:17.334 WARN kycontroller::kymux_controller::server - Kynet accept failed: connection error: Endpoint closed
2026-09-15T20:56:17.334 WARN kycontroller::kymux_controller::server - Kynet accept failed: connection error: Endpoint closed
2026-09-15T20:56:17.334 WARN kycontroller::kymux_controller::server - Kynet accept failed: connection error: Endpoint closed
2026-09-15T20:56:17.334 WARN kycontroller::kymux_controller::server - Kynet accept failed: connection error: Endpoint closed
2026-09-15T20:56:17.334 WARN kycontroller::kymux_controller::server - Kynet accept failed: connection error: Endpoint closed
2026-09-15T20:56:17.334 WARN kycontroller::kymux_controller::server - Kynet accept failed: connection error: Endpoint closed
2026-09-15T20:56:17.334 WARN kycontroller::kymux_controller::server - Kynet accept failed: connection error: Endpoint closed
2026-09-15T20:56:17.334 WARN kycontroller::kymux_controller::server - Kynet accept failed: connection error: Endpoint closed
2026-09-15T20:56:17.334 WARN kycontroller::kymux_controller::server - Kynet accept failed: connection error: Endpoint closed
2026-09-15T20:56:17.334 WARN kycontroller::kymux_controller::server - Kynet accept failed: connection error: Endpoint closed
2026-09-15T20:56:17.334 WARN kycontroller::kymux_controller::server - Kynet accept failed: connection error: Endpoint closed
2026-09-15T20:56:17.334 WARN kycontroller::kymux_controller::server - Kynet accept failed: connection error: Endpoint closed
2026-09-15T20:56:17.334 WARN kycontroller::kymux_controller::server - Kynet accept failed: connection error: Endpoint closed
2026-09-15T20:56:17.334 WARN kycontroller::kymux_controller::server - Kynet accept failed: connection error: Endpoint closed
2026-09-15T20:56:17.334 WARN kycontroller::kymux_controller::server - Kynet accept failed: connection error: Endpoint closed
2026-09-15T20:56:17.334 WARN kycontroller::kymux_controller::server - Kynet accept failed: connection error: Endpoint closed
2026-09-15T20:56:17.334 WARN kycontroller::kymux_controller::server - Kynet accept failed: connection error: Endpoint closed
2026-09-15T20:56:17.334 WARN kycontroller::kymux_controller::server - Kynet accept failed: connection error: Endpoint closed
2026-09-15T20:56:17.334 WARN kycontroller::kymux_controller::server - Kynet accept failed: connection error: Endpoint closed
2026-09-15T20:56:17.334 WARN kycontroller::kymux_controller::server - Kynet accept failed: connection error: Endpoint closed
2026-09-15T20:56:17.334 WARN kycontroller::kymux_controller::server - Kynet accept failed: connection error: Endpoint closed
2026-09-15T20:56:17.334 WARN kycontroller::kymux_controller::server - Kynet accept failed: connection error: Endpoint closed
2026-09-15T20:56:17.334 WARN kycontroller::kymux_controller::server - Kynet accept failed: connection error: Endpoint closed
2026-09-15T20:56:17.334 WARN kycontroller::kymux_controller::server - Kynet accept failed: connection error: Endpoint closed
2026-09-15T20:56:17.334 WARN kycontroller::kymux_controller::server - Kynet accept failed: connection error: Endpoint closed
2026-09-15T20:56:17.334 WARN kycontroller::kymux_controller::server - Kynet accept failed: connection error: Endpoint closed
2026-09-15T20:56:17.334 WARN kycontroller::kymux_controller::server - Kynet accept failed: connection error: Endpoint closed
2026-09-15T20:56:17.334 WARN kycontroller::kymux_controller::server - Kynet accept failed: connection error: Endpoint closed
2026-09-15T20:56:17.334 WARN kycontroller::kymux_controller::server - Kynet accept failed: connection error: Endpoint closed
2026-09-15T20:56:17.334 WARN kycontroller::kymux_controller::server - Kynet accept failed: connection error: Endpoint closed
2026-09-15T20:56:17.334 WARN kycontroller::kymux_controller::server - Kynet accept failed: connection error: Endpoint closed
2026-09-15T20:56:17.334 WARN kycontroller::kymux_controller::server - Kynet accept failed: connection error: Endpoint closed
2026-09-15T20:56:17.334 WARN kycontroller::kymux_controller::server - Kynet accept failed: connection error: Endpoint closed
2026-09-15T20:56:17.334 WARN kycontroller::kymux_controller::server - Kynet accept failed: connection error: Endpoint closed
2026-09-15T20:56:17.335 WARN kycontroller::kymux_controller::server - Kynet accept failed: connection error: Endpoint closed
2026-09-15T20:56:17.335 WARN kycontroller::kymux_controller::server - Kynet accept failed: connection error: Endpoint closed
2026-09-15T20:56:17.335 WARN kycontroller::kymux_controller::server - Kynet accept failed: connection error: Endpoint closed
2026-09-15T20:56:17.335 WARN kycontroller::kymux_controller::server - Kynet accept failed: connection error: Endpoint closed
2026-09-15T20:56:17.335 WARN kycontroller::kymux_controller::server - Kynet accept failed: connection error: Endpoint closed
2026-09-15T20:56:17.335 WARN kycontroller::kymux_controller::server - Kynet accept failed: connection error: Endpoint closed
2026-09-15T20:56:17.335 WARN kycontroller::kymux_controller::server - Kynet accept failed: connection error: Endpoint closed
2026-09-15T20:56:17.335 WARN kycontroller::kymux_controller::server - Kynet accept failed: connection error: Endpoint closed
2026-09-15T20:56:17.335 WARN kycontroller::kymux_controller::server - Kynet accept failed: connection error: Endpoint closed
2026-09-15T20:56:17.335 WARN kycontroller::kymux_controller::server - Kynet accept failed: connection error: Endpoint closed
2026-09-15T20:56:17.335 WARN kycontroller::kymux_controller::server - Kynet accept failed: connection error: Endpoint closed
2026-09-15T20:56:17.335 WARN kycontroller::kymux_controller::server - Kynet accept failed: connection error: Endpoint closed
2026-09-15T20:56:17.335 WARN kycontroller::kymux_controller::server - Kynet accept failed: connection error: Endpoint closed
2026-09-15T20:56:17.335 WARN kycontroller::kymux_controller::server - Kynet accept failed: connection error: Endpoint closed
2026-09-15T20:56:17.335 WARN kycontroller::kymux_controller::server - Kynet accept failed: connection error: Endpoint closed
2026-09-15T20:56:17.335 WARN kycontroller::kymux_controller::server - Kynet accept failed: connection error: Endpoint closed
2026-09-15T20:56:17.335 WARN kycontroller::kymux_controller::server - Kynet accept failed: connection error: Endpoint closed
2026-09-15T20:56:17.335 WARN kycontroller::kymux_controller::server - Kynet accept failed: connection error: Endpoint closed
2026-09-15T20:56:17.335 WARN kycontroller::kymux_controller::server - Kynet accept failed: connection error: Endpoint closed
2026-09-15T20:56:17.335 WARN kycontroller::kymux_controller::server - Kynet accept failed: connection error: Endpoint closed
2026-09-15T20:56:17.335 WARN kycontroller::kymux_controller::server - Kynet accept failed: connection error: Endpoint closed
2026-09-15T20:56:17.335 WARN kycontroller::kymux_controller::server - Kynet accept failed: connection error: Endpoint closed
2026-09-15T20:56:17.335 WARN kycontroller::kymux_controller::server - Kynet accept failed: connection error: Endpoint closed
2026-09-15T20:56:17.335 WARN kycontroller::kymux_controller::server - Kynet accept failed: connection error: Endpoint closed
2026-09-15T20:56:17.335 WARN kycontroller::kymux_controller::server - Kynet accept failed: connection error: Endpoint closed
2026-09-15T20:56:17.335 WARN kycontroller::kymux_controller::server - Kynet accept failed: connection error: Endpoint closed
2026-09-15T20:56:17.335 WARN kycontroller::kymux_controller::server - Kynet accept failed: connection error: Endpoint closed
2026-09-15T20:56:17.335 WARN kycontroller::kymux_controller::server - Kynet accept failed: connection error: Endpoint closed
2026-09-15T20:56:17.335 WARN kycontroller::kymux_controller::server - Kynet accept failed: connection error: Endpoint closed
2026-09-15T20:56:17.335 WARN kycontroller::kymux_controller::server - Kynet accept failed: connection error: Endpoint closed
2026-09-15T20:56:17.335 WARN kycontroller::kymux_controller::server - Kynet accept failed: connection error: Endpoint closed
2026-09-15T20:56:17.335 WARN kycontroller::kymux_controller::server - Kynet accept failed: connection error: Endpoint closed
2026-09-15T20:56:17.335 WARN kycontroller::kymux_controller::server - Kynet accept failed: connection error: Endpoint closed
2026-09-15T20:56:17.335 WARN kycontroller::kymux_controller::server - Kynet accept failed: connection error: Endpoint closed
2026-09-15T20:56:17.335 WARN kycontroller::kymux_controller::server - Kynet accept failed: connection error: Endpoint closed
2026-09-15T20:56:17.335 WARN kycontroller::kymux_controller::server - Kynet accept failed: connection error: Endpoint closed
2026-09-15T20:56:17.335 WARN kycontroller::kymux_controller::server - Kynet accept failed: connection error: Endpoint closed
2026-09-15T20:56:17.335 WARN kycontroller::kymux_controller::server - Kynet accept failed: connection error: Endpoint closed
2026-09-15T20:56:17.335 WARN kycontroller::kymux_controller::server - Kynet accept failed: connection error: Endpoint closed
2026-09-15T20:56:17.335 WARN kycontroller::kymux_controller::server - Kynet accept failed: connection error: Endpoint closed
2026-09-15T20:56:17.335 WARN kycontroller::kymux_controller::server - Kynet accept failed: connection error: Endpoint closed
2026-09-15T20:56:17.335 WARN kycontroller::kymux_controller::server - Kynet accept failed: connection error: Endpoint closed
2026-09-15T20:56:17.335 WARN kycontroller::kymux_controller::server - Kynet accept failed: connection error: Endpoint closed
2026-09-15T20:56:17.335 WARN kycontroller::kymux_controller::server - Kynet accept failed: connection error: Endpoint closed
2026-09-15T20:56:17.335 WARN kycontroller::kymux_controller::server - Kynet accept failed: connection error: Endpoint closed
2026-09-15T20:56:17.335 WARN kycontroller::kymux_controller::server - Kynet accept failed: connection error: Endpoint closed
2026-09-15T20:56:17.335 WARN kycontroller::kymux_controller::server - Kynet accept failed: connection error: Endpoint closed
2026-09-15T20:56:17.335 WARN kycontroller::kymux_controller::server - Kynet accept failed: connection error: Endpoint closed
2026-09-15T20:56:17.335 WARN kycontroller::kymux_controller::server - Kynet accept failed: connection error: Endpoint closed
2026-09-15T20:56:17.335 WARN kycontroller::kymux_controller::server - Kynet accept failed: connection error: Endpoint closed
2026-09-15T20:56:17.335 WARN kycontroller::kymux_controller::server - Kynet accept failed: connection error: Endpoint closed
2026-09-15T20:56:17.335 WARN kycontroller::kymux_controller::server - Kynet accept failed: connection error: Endpoint closed
2026-09-15T20:56:17.335 WARN kycontroller::kymux_controller::server - Kynet accept failed: connection error: Endpoint closed
2026-09-15T20:56:17.335 WARN kycontroller::kymux_controller::server - Kynet accept failed: connection error: Endpoint closed
2026-09-15T20:56:17.335 WARN kycontroller::kymux_controller::server - Kynet accept failed: connection error: Endpoint closed
2026-09-15T20:56:17.335 WARN kycontroller::kymux_controller::server - Kynet accept failed: connection error: Endpoint closed
2026-09-15T20:56:17.335 WARN kycontroller::kymux_controller::server - Kynet accept failed: connection error: Endpoint closed
2026-09-15T20:56:17.335 WARN kycontroller::kymux_controller::server - Kynet accept failed: connection error: Endpoint closed
2026-09-15T20:56:17.335 WARN kycontroller::kymux_controller::server - Kynet accept failed: connection error: Endpoint closed
2026-09-15T20:56:17.335 WARN kycontroller::kymux_controller::server - Kynet accept failed: connection error: Endpoint closed
2026-09-15T20:56:17.335 WARN kycontroller::kymux_controller::server - Kynet accept failed: connection error: Endpoint closed
2026-09-15T20:56:17.335 WARN kycontroller::kymux_controller::server - Kynet accept failed: connection error: Endpoint closed
2026-09-15T20:56:17.335 WARN kycontroller::kymux_controller::server - Kynet accept failed: connection error: Endpoint closed
2026-09-15T20:56:17.335 WARN kycontroller::kymux_controller::server - Kynet accept failed: connection error: Endpoint closed
2026-09-15T20:56:17.335 WARN kycontroller::kymux_controller::server - Kynet accept failed: connection error: Endpoint closed
2026-09-15T20:56:17.335 WARN kycontroller::kymux_controller::server - Kynet accept failed: connection error: Endpoint closed
2026-09-15T20:56:17.335 WARN kycontroller::kymux_controller::server - Kynet accept failed: connection error: Endpoint closed
2026-09-15T20:56:17.335 WARN kycontroller::kymux_controller::server - Kynet accept failed: connection error: Endpoint closed
2026-09-15T20:56:17.335 WARN kycontroller::kymux_controller::server - Kynet accept failed: connection error: Endpoint closed
2026-09-15T20:56:17.335 WARN kycontroller::kymux_controller::server - Kynet accept failed: connection error: Endpoint closed
2026-09-15T20:56:17.335 WARN kycontroller::kymux_controller::server - Kynet accept failed: connection error: Endpoint closed
2026-09-15T20:56:17.335 WARN kycontroller::kymux_controller::server - Kynet accept failed: connection error: Endpoint closed
2026-09-15T20:56:17.335 WARN kycontroller::kymux_controller::server - Kynet accept failed: connection error: Endpoint closed
2026-09-15T20:56:17.335 WARN kycontroller::kymux_controller::server - Kynet accept failed: connection error: Endpoint closed
2026-09-15T20:56:17.335 WARN kycontroller::kymux_controller::server - Kynet accept failed: connection error: Endpoint closed
2026-09-15T20:56:17.335 WARN kycontroller::kymux_controller::server - Kynet accept failed: connection error: Endpoint closed
2026-09-15T20:56:17.335 WARN kycontroller::kymux_controller::server - Kynet accept failed: connection error: Endpoint closed
2026-09-15T20:56:17.335 WARN kycontroller::kymux_controller::server - Kynet accept failed: connection error: Endpoint closed
2026-09-15T20:56:17.335 WARN kycontroller::kymux_controller::server - Kynet accept failed: connection error: Endpoint closed
2026-09-15T20:56:17.335 WARN kycontroller::kymux_controller::server - Kynet accept failed: connection error: Endpoint closed
2026-09-15T20:56:17.335 WARN kycontroller::kymux_controller::server - Kynet accept failed: connection error: Endpoint closed
2026-09-15T20:56:17.335 WARN kycontroller::kymux_controller::server - Kynet accept failed: connection error: Endpoint closed
2026-09-15T20:56:17.335 WARN kycontroller::kymux_controller::server - Kynet accept failed: connection error: Endpoint closed
2026-09-15T20:56:17.335 WARN kycontroller::kymux_controller::server - Kynet accept failed: connection error: Endpoint closed
2026-09-15T20:56:17.335 WARN kycontroller::kymux_controller::server - Kynet accept failed: connection error: Endpoint closed
2026-09-15T20:56:17.335 WARN kycontroller::kymux_controller::server - Kynet accept failed: connection error: Endpoint closed
2026-09-15T20:56:17.335 WARN kycontroller::kymux_controller::server - Kynet accept failed: connection error: Endpoint closed
2026-09-15T20:56:17.335 WARN kycontroller::kymux_controller::server - Kynet accept failed: connection error: Endpoint closed
2026-09-15T20:56:17.335 WARN kycontroller::kymux_controller::server - Kynet accept failed: connection error: Endpoint closed
2026-09-15T20:56:17.335 WARN kycontroller::kymux_controller::server - Kynet accept failed: connection error: Endpoint closed
2026-09-15T20:56:17.335 WARN kycontroller::kymux_controller::server - Kynet accept failed: connection error: Endpoint closed
2026-09-15T20:56:17.335 WARN kycontroller::kymux_controller::server - Kynet accept failed: connection error: Endpoint closed
2026-09-15T20:56:17.335 WARN kycontroller::kymux_controller::server - Kynet accept failed: connection error: Endpoint closed
2026-09-15T20:56:17.335 WARN kycontroller::kymux_controller::server - Kynet accept failed: connection error: Endpoint closed
2026-09-15T20:56:17.335 WARN kycontroller::kymux_controller::server - Kynet accept failed: connection error: Endpoint closed
2026-09-15T20:56:17.335 WARN kycontroller::kymux_controller::server - Kynet accept failed: connection error: Endpoint closed
2026-09-15T20:56:17.335 WARN kycontroller::kymux_controller::server - Kynet accept failed: connection error: Endpoint closed
2026-09-15T20:56:17.335 WARN kycontroller::kymux_controller::server - Kynet accept failed: connection error: Endpoint closed
2026-09-15T20:56:17.335 WARN kycontroller::kymux_controller::server - Kynet accept failed: connection error: Endpoint closed
2026-09-15T20:56:17.335 WARN kycontroller::kymux_controller::server - Kynet accept failed: connection error: Endpoint closed
2026-09-15T20:56:17.335 WARN kycontroller::kymux_controller::server - Kynet accept failed: connection error: Endpoint closed
2026-09-15T20:56:17.335 WARN kycontroller::kymux_controller::server - Kynet accept failed: connection error: Endpoint closed
2026-09-15T20:56:17.335 WARN kycontroller::kymux_controller::server - Kynet accept failed: connection error: Endpoint closed
2026-09-15T20:56:17.335 WARN kycontroller::kymux_controller::server - Kynet accept failed: connection error: Endpoint closed
2026-09-15T20:56:17.335 WARN kycontroller::kymux_controller::server - Kynet accept failed: connection error: Endpoint closed
2026-09-15T20:56:17.335 WARN kycontroller::kymux_controller::server - Kynet accept failed: connection error: Endpoint closed
2026-09-15T20:56:17.335 WARN kycontroller::kymux_controller::server - Kynet accept failed: connection error: Endpoint closed
2026-09-15T20:56:17.335 WARN kycontroller::kymux_controller::server - Kynet accept failed: connection error: Endpoint closed
2026-09-15T20:56:17.335 WARN kycontroller::kymux_controller::server - Kynet accept failed: connection error: Endpoint closed
2026-09-15T20:56:17.335 WARN kycontroller::kymux_controller::server - Kynet accept failed: connection error: Endpoint closed
2026-09-15T20:56:17.335 WARN kycontroller::kymux_controller::server - Kynet accept failed: connection error: Endpoint closed
2026-09-15T20:56:17.335 WARN kycontroller::kymux_controller::server - Kynet accept failed: connection error: Endpoint closed
2026-09-15T20:56:17.335 WARN kycontroller::kymux_controller::server - Kynet accept failed: connection error: Endpoint closed
2026-09-15T20:56:17.335 WARN kycontroller::kymux_controller::server - Kynet accept failed: connection error: Endpoint closed
2026-09-15T20:56:17.335 WARN kycontroller::kymux_controller::server - Kynet accept failed: connection error: Endpoint closed
2026-09-15T20:56:17.336 WARN kycontroller::kymux_controller::server - Kynet accept failed: connection error: Endpoint closed
2026-09-15T20:56:17.336 WARN kycontroller::kymux_controller::server - Kynet accept failed: connection error: Endpoint closed
2026-09-15T20:56:17.336 WARN kycontroller::kymux_controller::server - Kynet accept failed: connection error: Endpoint closed
2026-09-15T20:56:17.336 WARN kycontroller::kymux_controller::server - Kynet accept failed: connection error: Endpoint closed
2026-09-15T20:56:17.336 WARN kycontroller::kymux_controller::server - Kynet accept failed: connection error: Endpoint closed
2026-09-15T20:56:17.336 WARN kycontroller::kymux_controller::server - Kynet accept failed: connection error: Endpoint closed
2026-09-15T20:56:17.336 WARN kycontroller::kymux_controller::server - Kynet accept failed: connection error: Endpoint closed
2026-09-15T20:56:17.336 WARN kycontroller::kymux_controller::server - Kynet accept failed: connection error: Endpoint closed
2026-09-15T20:56:17.336 WARN kycontroller::kymux_controller::server - Kynet accept failed: connection error: Endpoint closed
2026-09-15T20:56:17.336 WARN kycontroller::kymux_controller::server - Kynet accept failed: connection error: Endpoint closed
2026-09-15T20:56:17.336 WARN kycontroller::kymux_controller::server - Kynet accept failed: connection error: Endpoint closed
2026-09-15T20:56:17.336 WARN kycontroller::kymux_controller::server - Kynet accept failed: connection error: Endpoint closed
2026-09-15T20:56:17.336 WARN kycontroller::kymux_controller::server - Kynet accept failed: connection error: Endpoint closed
2026-09-15T20:56:17.336 WARN kycontroller::kymux_controller::server - Kynet accept failed: connection error: Endpoint closed
2026-09-15T20:56:17.336 WARN kycontroller::kymux_controller::server - Kynet accept failed: connection error: Endpoint closed
2026-09-15T20:56:17.336 WARN kycontroller::kymux_controller::server - Kynet accept failed: connection error: Endpoint closed
2026-09-15T20:56:17.336 WARN kycontroller::kymux_controller::server - Kynet accept failed: connection error: Endpoint closed
2026-09-15T20:56:17.336 WARN kycontroller::kymux_controller::server - Kynet accept failed: connection error: Endpoint closed
2026-09-15T20:56:17.336 WARN kycontroller::kymux_controller::server - Kynet accept failed: connection error: Endpoint closed
2026-09-15T20:56:17.336 WARN kycontroller::kymux_controller::server - Kynet accept failed: connection error: Endpoint closed
2026-09-15T20:56:17.336 WARN kycontroller::kymux_controller::server - Kynet accept failed: connection error: Endpoint closed
2026-09-15T20:56:17.336 WARN kycontroller::kymux_controller::server - Kynet accept failed: connection error: Endpoint closed
2026-09-15T20:56:17.336 WARN kycontroller::kymux_controller::server - Kynet accept failed: connection error: Endpoint closed
2026-09-15T20:56:17.336 WARN kycontroller::kymux_controller::server - Kynet accept failed: connection error: Endpoint closed
2026-09-15T20:56:17.336 WARN kycontroller::kymux_controller::server - Kynet accept failed: connection error: Endpoint closed
2026-09-15T20:56:17.336 WARN kycontroller::kymux_controller::server - Kynet accept failed: connection error: Endpoint closed
2026-09-15T20:56:17.336 WARN kycontroller::kymux_controller::server - Kynet accept failed: connection error: Endpoint closed
2026-09-15T20:56:17.336 WARN kycontroller::kymux_controller::server - Kynet accept failed: connection error: Endpoint closed
2026-09-15T20:56:17.336 WARN kycontroller::kymux_controller::server - Kynet accept failed: connection error: Endpoint closed
2026-09-15T20:56:17.336 WARN kycontroller::kymux_controller::server - Kynet accept failed: connection error: Endpoint closed
2026-09-15T20:56:17.336 WARN kycontroller::kymux_controller::server - Kynet accept failed: connection error: Endpoint closed
2026-09-15T20:56:17.336 WARN kycontroller::kymux_controller::server - Kynet accept failed: connection error: Endpoint closed
2026-09-15T20:56:17.336 WARN kycontroller::kymux_controller::server - Kynet accept failed: connection error: Endpoint closed
2026-09-15T20:56:17.336 WARN kycontroller::kymux_controller::server - Kynet accept failed: connection error: Endpoint closed
2026-09-15T20:56:17.336 WARN kycontroller::kymux_controller::server - Kynet accept failed: connection error: Endpoint closed
2026-09-15T20:56:17.336 WARN kycontroller::kymux_controller::server - Kynet accept failed: connection error: Endpoint closed
2026-09-15T20:56:17.336 WARN kycontroller::kymux_controller::server - Kynet accept failed: connection error: Endpoint closed
2026-09-15T20:56:17.336 WARN kycontroller::kymux_controller::server - Kynet accept failed: connection error: Endpoint closed
2026-09-15T20:56:17.336 WARN kycontroller::kymux_controller::server - Kynet accept failed: connection error: Endpoint closed
2026-09-15T20:56:17.336 WARN kycontroller::kymux_controller::server - Kynet accept failed: connection error: Endpoint closed
2026-09-15T20:56:17.336 WARN kycontroller::kymux_controller::server - Kynet accept failed: connection error: Endpoint closed
2026-09-15T20:56:17.336 WARN kycontroller::kymux_controller::server - Kynet accept failed: connection error: Endpoint closed
2026-09-15T20:56:17.336 WARN kycontroller::kymux_controller::server - Kynet accept failed: connection error: Endpoint closed
2026-09-15T20:56:17.336 WARN kycontroller::kymux_controller::server - Kynet accept failed: connection error: Endpoint closed
2026-09-15T20:56:17.336 WARN kycontroller::kymux_controller::server - Kynet accept failed: connection error: Endpoint closed
2026-09-15T20:56:17.336 WARN kycontroller::kymux_controller::server - Kynet accept failed: connection error: Endpoint closed
2026-09-15T20:56:17.336 WARN kycontroller::kymux_controller::server - Kynet accept failed: connection error: Endpoint closed
2026-09-15T20:56:17.336 WARN kycontroller::kymux_controller::server - Kynet accept failed: connection error: Endpoint closed
2026-09-15T20:56:17.336 WARN kycontroller::kymux_controller::server - Kynet accept failed: connection error: Endpoint closed
2026-09-15T20:56:17.336 WARN kycontroller::kymux_controller::server - Kynet accept failed: connection error: Endpoint closed
2026-09-15T20:56:17.336 WARN kycontroller::kymux_controller::server - Kynet accept failed: connection error: Endpoint closed
2026-09-15T20:56:17.336 WARN kycontroller::kymux_controller::server - Kynet accept failed: connection error: Endpoint closed
2026-09-15T20:56:17.336 WARN kycontroller::kymux_controller::server - Kynet accept failed: connection error: Endpoint closed
2026-09-15T20:56:17.336 WARN kycontroller::kymux_controller::server - Kynet accept failed: connection error: Endpoint closed
2026-09-15T20:56:17.336 WARN kycontroller::kymux_controller::server - Kynet accept failed: connection error: Endpoint closed
2026-09-15T20:56:17.336 WARN kycontroller::kymux_controller::server - Kynet accept failed: connection error: Endpoint closed
2026-09-15T20:56:17.336 WARN kycontroller::kymux_controller::server - Kynet accept failed: connection error: Endpoint closed
2026-09-15T20:56:17.336 WARN kycontroller::kymux_controller::server - Kynet accept failed: connection error: Endpoint closed
2026-09-15T20:56:17.336 WARN kycontroller::kymux_controller::server - Kynet accept failed: connection error: Endpoint closed
2026-09-15T20:56:17.336 WARN kycontroller::kymux_controller::server - Kynet accept failed: connection error: Endpoint closed
2026-09-15T20:56:17.336 WARN kycontroller::kymux_controller::server - Kynet accept failed: connection error: Endpoint closed
2026-09-15T20:56:17.336 WARN kycontroller::kymux_controller::server - Kynet accept failed: connection error: Endpoint closed
2026-09-15T20:56:17.336 WARN kycontroller::kymux_controller::server - Kynet accept failed: connection error: Endpoint closed
2026-09-15T20:56:17.336 WARN kycontroller::kymux_controller::server - Kynet accept failed: connection error: Endpoint closed
2026-09-15T20:56:17.336 WARN kycontroller::kymux_controller::server - Kynet accept failed: connection error: Endpoint closed
2026-09-15T20:56:17.336 WARN kycontroller::kymux_controller::server - Kynet accept failed: connection error: Endpoint closed
2026-09-15T20:56:17.336 WARN kycontroller::kymux_controller::server - Kynet accept failed: connection error: Endpoint closed
2026-09-15T20:56:17.336 WARN kycontroller::kymux_controller::server - Kynet accept failed: connection error: Endpoint closed
2026-09-15T20:56:17.336 WARN kycontroller::kymux_controller::server - Kynet accept failed: connection error: Endpoint closed
2026-09-15T20:56:17.336 WARN kycontroller::kymux_controller::server - Kynet accept failed: connection error: Endpoint closed
2026-09-15T20:56:17.336 WARN kycontroller::kymux_controller::server - Kynet accept failed: connection error: Endpoint closed
2026-09-15T20:56:17.336 WARN kycontroller::kymux_controller::server - Kynet accept failed: connection error: Endpoint closed
2026-09-15T20:56:17.336 WARN kycontroller::kymux_controller::server - Kynet accept failed: connection error: Endpoint closed
2026-09-15T20:56:17.336 WARN kycontroller::kymux_controller::server - Kynet accept failed: connection error: Endpoint closed
2026-09-15T20:56:17.336 WARN kycontroller::kymux_controller::server - Kynet accept failed: connection error: Endpoint closed
2026-09-15T20:56:17.336 WARN kycontroller::kymux_controller::server - Kynet accept failed: connection error: Endpoint closed
2026-09-15T20:56:17.336 WARN kycontroller::kymux_controller::server - Kynet accept failed: connection error: Endpoint closed
2026-09-15T20:56:17.336 WARN kycontroller::kymux_controller::server - Kynet accept failed: connection error: Endpoint closed
2026-09-15T20:56:17.336 WARN kycontroller::kymux_controller::server - Kynet accept failed: connection error: Endpoint closed
2026-09-15T20:56:17.336 WARN kycontroller::kymux_controller::server - Kynet accept failed: connection error: Endpoint closed
2026-09-15T20:56:17.336 WARN kycontroller::kymux_controller::server - Kynet accept failed: connection error: Endpoint closed
2026-09-15T20:56:17.336 WARN kycontroller::kymux_controller::server - Kynet accept failed: connection error: Endpoint closed
2026-09-15T20:56:17.336 WARN kycontroller::kymux_controller::server - Kynet accept failed: connection error: Endpoint closed
2026-09-15T20:56:17.336 WARN kycontroller::kymux_controller::server - Kynet accept failed: connection error: Endpoint closed
2026-09-15T20:56:17.336 WARN kycontroller::kymux_controller::server - Kynet accept failed: connection error: Endpoint closed
2026-09-15T20:56:17.336 WARN kycontroller::kymux_controller::server - Kynet accept failed: connection error: Endpoint closed
2026-09-15T20:56:17.336 WARN kycontroller::kymux_controller::server - Kynet accept failed: connection error: Endpoint closed
2026-09-15T20:56:17.336 WARN kycontroller::kymux_controller::server - Kynet accept failed: connection error: Endpoint closed
2026-09-15T20:56:17.336 WARN kycontroller::kymux_controller::server - Kynet accept failed: connection error: Endpoint closed
2026-09-15T20:56:17.336 WARN kycontroller::kymux_controller::server - Kynet accept failed: connection error: Endpoint closed
2026-09-15T20:56:17.336 WARN kycontroller::kymux_controller::server - Kynet accept failed: connection error: Endpoint closed
2026-09-15T20:56:17.336 WARN kycontroller::kymux_controller::server - Kynet accept failed: connection error: Endpoint closed
2026-09-15T20:56:17.336 WARN kycontroller::kymux_controller::server - Kynet accept failed: connection error: Endpoint closed
2026-09-15T20:56:17.336 WARN kycontroller::kymux_controller::server - Kynet accept failed: connection error: Endpoint closed
2026-09-15T20:56:17.336 WARN kycontroller::kymux_controller::server - Kynet accept failed: connection error: Endpoint closed
2026-09-15T20:56:17.336 WARN kycontroller::kymux_controller::server - Kynet accept failed: connection error: Endpoint closed
2026-09-15T20:56:17.336 WARN kycontroller::kymux_controller::server - Kynet accept failed: connection error: Endpoint closed
2026-09-15T20:56:17.336 WARN kycontroller::kymux_controller::server - Kynet accept failed: connection error: Endpoint closed
2026-09-15T20:56:17.336 WARN kycontroller::kymux_controller::server - Kynet accept failed: connection error: Endpoint closed
2026-09-15T20:56:17.336 WARN kycontroller::kymux_controller::server - Kynet accept failed: connection error: Endpoint closed
2026-09-15T20:56:17.336 WARN kycontroller::kymux_controller::server - Kynet accept failed: connection error: Endpoint closed
2026-09-15T20:56:17.336 WARN kycontroller::kymux_controller::server - Kynet accept failed: connection error: Endpoint closed
2026-09-15T20:56:17.336 WARN kycontroller::kymux_controller::server - Kynet accept failed: connection error: Endpoint closed
2026-09-15T20:56:17.336 WARN kycontroller::kymux_controller::server - Kynet accept failed: connection error: Endpoint closed
2026-09-15T20:56:17.336 WARN kycontroller::kymux_controller::server - Kynet accept failed: connection error: Endpoint closed
2026-09-15T20:56:17.336 WARN kycontroller::kymux_controller::server - Kynet accept failed: connection error: Endpoint closed
2026-09-15T20:56:17.336 WARN kycontroller::kymux_controller::server - Kynet accept failed: connection error: Endpoint closed
2026-09-15T20:56:17.336 WARN kycontroller::kymux_controller::server - Kynet accept failed: connection error: Endpoint closed
2026-09-15T20:56:17.336 WARN kycontroller::kymux_controller::server - Kynet accept failed: connection error: Endpoint closed
2026-09-15T20:56:17.336 WARN kycontroller::kymux_controller::server - Kynet accept failed: connection error: Endpoint closed
2026-09-15T20:56:17.336 WARN kycontroller::kymux_controller::server - Kynet accept failed: connection error: Endpoint closed
2026-09-15T20:56:17.336 WARN kycontroller::kymux_controller::server - Kynet accept failed: connection error: Endpoint closed
2026-09-15T20:56:17.336 WARN kycontroller::kymux_controller::server - Kynet accept failed: connection error: Endpoint closed
2026-09-15T20:56:17.336 WARN kycontroller::kymux_controller::server - Kynet accept failed: connection error: Endpoint closed
2026-09-15T20:56:17.336 WARN kycontroller::kymux_controller::server - Kynet accept failed: connection error: Endpoint closed
2026-09-15T20:56:17.337 WARN kycontroller::kymux_controller::server - Kynet accept failed: connection error: Endpoint closed
2026-09-15T20:56:17.337 WARN kycontroller::kymux_controller::server - Kynet accept failed: connection error: Endpoint closed
2026-09-15T20:56:17.337 WARN kycontroller::kymux_controller::server - Kynet accept failed: connection error: Endpoint closed
2026-09-15T20:56:17.337 WARN kycontroller::kymux_controller::server - Kynet accept failed: connection error: Endpoint closed
2026-09-15T20:56:17.337 WARN kycontroller::kymux_controller::server - Kynet accept failed: connection error: Endpoint closed
2026-09-15T20:56:17.337 WARN kycontroller::kymux_controller::server - Kynet accept failed: connection error: Endpoint closed
2026-09-15T20:56:17.337 WARN kycontroller::kymux_controller::server - Kynet accept failed: connection error: Endpoint closed
2026-09-15T20:56:17.337 WARN kycontroller::kymux_controller::server - Kynet accept failed: connection error: Endpoint closed
2026-09-15T20:56:17.337 WARN kycontroller::kymux_controller::server - Kynet accept failed: connection error: Endpoint closed
2026-09-15T20:56:17.337 WARN kycontroller::kymux_controller::server - Kynet accept failed: connection error: Endpoint closed
2026-09-15T20:56:17.337 WARN kycontroller::kymux_controller::server - Kynet accept failed: connection error: Endpoint closed
2026-09-15T20:56:17.337 WARN kycontroller::kymux_controller::server - Kynet accept failed: connection error: Endpoint closed
2026-09-15T20:56:17.337 WARN kycontroller::kymux_controller::server - Kynet accept failed: connection error: Endpoint closed
2026-09-15T20:56:17.337 WARN kycontroller::kymux_controller::server - Kynet accept failed: connection error: Endpoint closed
2026-09-15T20:56:17.337 WARN kycontroller::kymux_controller::server - Kynet accept failed: connection error: Endpoint closed
2026-09-15T20:56:17.337 WARN kycontroller::kymux_controller::server - Kynet accept failed: connection error: Endpoint closed
2026-09-15T20:56:17.337 WARN kycontroller::kymux_controller::server - Kynet accept failed: connection error: Endpoint closed
2026-09-15T20:56:17.337 WARN kycontroller::kymux_controller::server - Kynet accept failed: connection error: Endpoint closed
2026-09-15T20:56:17.337 WARN kycontroller::kymux_controller::server - Kynet accept failed: connection error: Endpoint closed
2026-09-15T20:56:17.337 WARN kycontroller::kymux_controller::server - Kynet accept failed: connection error: Endpoint closed
2026-09-15T20:56:17.337 WARN kycontroller::kymux_controller::server - Kynet accept failed: connection error: Endpoint closed
2026-09-15T20:56:17.337 WARN kycontroller::kymux_controller::server - Kynet accept failed: connection error: Endpoint closed
2026-09-15T20:56:17.337 WARN kycontroller::kymux_controller::server - Kynet accept failed: connection error: Endpoint closed
2026-09-15T20:56:17.337 WARN kycontroller::kymux_controller::server - Kynet accept failed: connection error: Endpoint closed
2026-09-15T20:56:17.337 WARN kycontroller::kymux_controller::server - Kynet accept failed: connection error: Endpoint closed
2026-09-15T20:56:17.337 WARN kycontroller::kymux_controller::server - Kynet accept failed: connection error: Endpoint closed
2026-09-15T20:56:17.337 WARN kycontroller::kymux_controller::server - Kynet accept failed: connection error: Endpoint closed
2026-09-15T20:56:17.337 WARN kycontroller::kymux_controller::server - Kynet accept failed: connection error: Endpoint closed
2026-09-15T20:56:17.337 WARN kycontroller::kymux_controller::server - Kynet accept failed: connection error: Endpoint closed
2026-09-15T20:56:17.337 WARN kycontroller::kymux_controller::server - Kynet accept failed: connection error: Endpoint closed
2026-09-15T20:56:17.337 WARN kycontroller::kymux_controller::server - Kynet accept failed: connection error: Endpoint closed
2026-09-15T20:56:17.337 WARN kycontroller::kymux_controller::server - Kynet accept failed: connection error: Endpoint closed
2026-09-15T20:56:17.337 WARN kycontroller::kymux_controller::server - Kynet accept failed: connection error: Endpoint closed
2026-09-15T20:56:17.337 WARN kycontroller::kymux_controller::server - Kynet accept failed: connection error: Endpoint closed
2026-09-15T20:56:17.337 WARN kycontroller::kymux_controller::server - Kynet accept failed: connection error: Endpoint closed
2026-09-15T20:56:17.337 WARN kycontroller::kymux_controller::server - Kynet accept failed: connection error: Endpoint closed
2026-09-15T20:56:17.337 WARN kycontroller::kymux_controller::server - Kynet accept failed: connection error: Endpoint closed
2026-09-15T20:56:17.337 WARN kycontroller::kymux_controller::server - Kynet accept failed: connection error: Endpoint closed
2026-09-15T20:56:17.337 WARN kycontroller::kymux_controller::server - Kynet accept failed: connection error: Endpoint closed
2026-09-15T20:56:17.337 WARN kycontroller::kymux_controller::server - Kynet accept failed: connection error: Endpoint closed
2026-09-15T20:56:17.337 WARN kycontroller::kymux_controller::server - Kynet accept failed: connection error: Endpoint closed
2026-09-15T20:56:17.337 WARN kycontroller::kymux_controller::server - Kynet accept failed: connection error: Endpoint closed
2026-09-15T20:56:17.337 WARN kycontroller::kymux_controller::server - Kynet accept failed: connection error: Endpoint closed
2026-09-15T20:56:17.337 WARN kycontroller::kymux_controller::server - Kynet accept failed: connection error: Endpoint closed
2026-09-15T20:56:17.337 WARN kycontroller::kymux_controller::server - Kynet accept failed: connection error: Endpoint closed
2026-09-15T20:56:17.337 WARN kycontroller::kymux_controller::server - Kynet accept failed: connection error: Endpoint closed
2026-09-15T20:56:17.337 WARN kycontroller::kymux_controller::server - Kynet accept failed: connection error: Endpoint closed
2026-09-15T20:56:17.337 WARN kycontroller::kymux_controller::server - Kynet accept failed: connection error: Endpoint closed
2026-09-15T20:56:17.337 WARN kycontroller::kymux_controller::server - Kynet accept failed: connection error: Endpoint closed
2026-09-15T20:56:17.337 WARN kycontroller::kymux_controller::server - Kynet accept failed: connection error: Endpoint closed
2026-09-15T20:56:17.337 WARN kycontroller::kymux_controller::server - Kynet accept failed: connection error: Endpoint closed
2026-09-15T20:56:17.337 WARN kycontroller::kymux_controller::server - Kynet accept failed: connection error: Endpoint closed
2026-09-15T20:56:17.337 WARN kycontroller::kymux_controller::server - Kynet accept failed: connection error: Endpoint closed
2026-09-15T20:56:17.337 WARN kycontroller::kymux_controller::server - Kynet accept failed: connection error: Endpoint closed
2026-09-15T20:56:17.337 WARN kycontroller::kymux_controller::server - Kynet accept failed: connection error: Endpoint closed
2026-09-15T20:56:17.337 WARN kycontroller::kymux_controller::server - Kynet accept failed: connection error: Endpoint closed
2026-09-15T20:56:17.337 WARN kycontroller::kymux_controller::server - Kynet accept failed: connection error: Endpoint closed
2026-09-15T20:56:17.337 WARN kycontroller::kymux_controller::server - Kynet accept failed: connection error: Endpoint closed
2026-09-15T20:56:17.337 WARN kycontroller::kymux_controller::server - Kynet accept failed: connection error: Endpoint closed
2026-09-15T20:56:17.337 WARN kycontroller::kymux_controller::server - Kynet accept failed: connection error: Endpoint closed
2026-09-15T20:56:17.337 WARN kycontroller::kymux_controller::server - Kynet accept failed: connection error: Endpoint closed
2026-09-15T20:56:17.337 WARN kycontroller::kymux_controller::server - Kynet accept failed: connection error: Endpoint closed
2026-09-15T20:56:17.337 WARN kycontroller::kymux_controller::server - Kynet accept failed: connection error: Endpoint closed
2026-09-15T20:56:17.337 WARN kycontroller::kymux_controller::server - Kynet accept failed: connection error: Endpoint closed
2026-09-15T20:56:17.337 WARN kycontroller::kymux_controller::server - Kynet accept failed: connection error: Endpoint closed
2026-09-15T20:56:17.337 WARN kycontroller::kymux_controller::server - Kynet accept failed: connection error: Endpoint closed
2026-09-15T20:56:17.337 WARN kycontroller::kymux_controller::server - Kynet accept failed: connection error: Endpoint closed
2026-09-15T20:56:17.337 WARN kycontroller::kymux_controller::server - Kynet accept failed: connection error: Endpoint closed
2026-09-15T20:56:17.337 WARN kycontroller::kymux_controller::server - Kynet accept failed: connection error: Endpoint closed
2026-09-15T20:56:17.337 WARN kycontroller::kymux_controller::server - Kynet accept failed: connection error: Endpoint closed
2026-09-15T20:56:17.337 WARN kycontroller::kymux_controller::server - Kynet accept failed: connection error: Endpoint closed
2026-09-15T20:56:17.337 WARN kycontroller::kymux_controller::server - Kynet accept failed: connection error: Endpoint closed
2026-09-15T20:56:17.337 WARN kycontroller::kymux_controller::server - Kynet accept failed: connection error: Endpoint closed
2026-09-15T20:56:17.337 WARN kycontroller::kymux_controller::server - Kynet accept failed: connection error: Endpoint closed
2026-09-15T20:56:17.337 WARN kycontroller::kymux_controller::server - Kynet accept failed: connection error: Endpoint closed
2026-09-15T20:56:17.337 WARN kycontroller::kymux_controller::server - Kynet accept failed: connection error: Endpoint closed
2026-09-15T20:56:17.337 WARN kycontroller::kymux_controller::server - Kynet accept failed: connection error: Endpoint closed
2026-09-15T20:56:17.337 WARN kycontroller::kymux_controller::server - Kynet accept failed: connection error: Endpoint closed
2026-09-15T20:56:17.337 WARN kycontroller::kymux_controller::server - Kynet accept failed: connection error: Endpoint closed
2026-09-15T20:56:17.337 WARN kycontroller::kymux_controller::server - Kynet accept failed: connection error: Endpoint closed
2026-09-15T20:56:17.337 WARN kycontroller::kymux_controller::server - Kynet accept failed: connection error: Endpoint closed
2026-09-15T20:56:17.337 WARN kycontroller::kymux_controller::server - Kynet accept failed: connection error: Endpoint closed
2026-09-15T20:56:17.337 WARN kycontroller::kymux_controller::server - Kynet accept failed: connection error: Endpoint closed
2026-09-15T20:56:17.337 WARN kycontroller::kymux_controller::server - Kynet accept failed: connection error: Endpoint closed
2026-09-15T20:56:17.337 WARN kycontroller::kymux_controller::server - Kynet accept failed: connection error: Endpoint closed
2026-09-15T20:56:17.337 WARN kycontroller::kymux_controller::server - Kynet accept failed: connection error: Endpoint closed
2026-09-15T20:56:17.337 WARN kycontroller::kymux_controller::server - Kynet accept failed: connection error: Endpoint closed
2026-09-15T20:56:17.337 WARN kycontroller::kymux_controller::server - Kynet accept failed: connection error: Endpoint closed
2026-09-15T20:56:17.337 WARN kycontroller::kymux_controller::server - Kynet accept failed: connection error: Endpoint closed
2026-09-15T20:56:17.337 WARN kycontroller::kymux_controller::server - Kynet accept failed: connection error: Endpoint closed
2026-09-15T20:56:17.337 WARN kycontroller::kymux_controller::server - Kynet accept failed: connection error: Endpoint closed
2026-09-15T20:56:17.337 WARN kycontroller::kymux_controller::server - Kynet accept failed: connection error: Endpoint closed
2026-09-15T20:56:17.337 WARN kycontroller::kymux_controller::server - Kynet accept failed: connection error: Endpoint closed
2026-09-15T20:56:17.337 WARN kycontroller::kymux_controller::server - Kynet accept failed: connection error: Endpoint closed
2026-09-15T20:56:17.337 WARN kycontroller::kymux_controller::server - Kynet accept failed: connection error: Endpoint closed
2026-09-15T20:56:17.337 WARN kycontroller::kymux_controller::server - Kynet accept failed: connection error: Endpoint closed
2026-09-15T20:56:17.337 WARN kycontroller::kymux_controller::server - Kynet accept failed: connection error: Endpoint closed
2026-09-15T20:56:17.337 WARN kycontroller::kymux_controller::server - Kynet accept failed: connection error: Endpoint closed
2026-09-15T20:56:17.337 WARN kycontroller::kymux_controller::server - Kynet accept failed: connection error: Endpoint closed
2026-09-15T20:56:17.337 WARN kycontroller::kymux_controller::server - Kynet accept failed: connection error: Endpoint closed
2026-09-15T20:56:17.337 WARN kycontroller::kymux_controller::server - Kynet accept failed: connection error: Endpoint closed
2026-09-15T20:56:17.337 WARN kycontroller::kymux_controller::server - Kynet accept failed: connection error: Endpoint closed
2026-09-15T20:56:17.337 WARN kycontroller::kymux_controller::server - Kynet accept failed: connection error: Endpoint closed
2026-09-15T20:56:17.337 WARN kycontroller::kymux_controller::server - Kynet accept failed: connection error: Endpoint closed
2026-09-15T20:56:17.337 WARN kycontroller::kymux_controller::server - Kynet accept failed: connection error: Endpoint closed
2026-09-15T20:56:17.337 WARN kycontroller::kymux_controller::server - Kynet accept failed: connection error: Endpoint closed
2026-09-15T20:56:17.337 WARN kycontroller::kymux_controller::server - Kynet accept failed: connection error: Endpoint closed
2026-09-15T20:56:17.337 WARN kycontroller::kymux_controller::server - Kynet accept failed: connection error: Endpoint closed
2026-09-15T20:56:17.337 WARN kycontroller::kymux_controller::server - Kynet accept failed: connection error: Endpoint closed
2026-09-15T20:56:17.337 WARN kycontroller::kymux_controller::server - Kynet accept failed: connection error: Endpoint closed
2026-09-15T20:56:17.337 WARN kycontroller::kymux_controller::server - Kynet accept failed: connection error: Endpoint closed
2026-09-15T20:56:17.337 WARN kycontroller::kymux_controller::server - Kynet accept failed: connection error: Endpoint closed
2026-09-15T20:56:17.337 WARN kycontroller::kymux_controller::server - Kynet accept failed: connection error: Endpoint closed
2026-09-15T20:56:17.337 WARN kycontroller::kymux_controller::server - Kynet accept failed: connection error: Endpoint closed
2026-09-15T20:56:17.337 WARN kycontroller::kymux_controller::server - Kynet accept failed: connection error: Endpoint closed
2026-09-15T20:56:17.337 WARN kycontroller::kymux_controller::server - Kynet accept failed: connection error: Endpoint closed
2026-09-15T20:56:17.338 WARN kycontroller::kymux_controller::server - Kynet accept failed: connection error: Endpoint closed
2026-09-15T20:56:17.338 WARN kycontroller::kymux_controller::server - Kynet accept failed: connection error: Endpoint closed
2026-09-15T20:56:17.338 WARN kycontroller::kymux_controller::server - Kynet accept failed: connection error: Endpoint closed
2026-09-15T20:56:17.338 WARN kycontroller::kymux_controller::server - Kynet accept failed: connection error: Endpoint closed
2026-09-15T20:56:17.338 WARN kycontroller::kymux_controller::server - Kynet accept failed: connection error: Endpoint closed
2026-09-15T20:56:17.338 WARN kycontroller::kymux_controller::server - Kynet accept failed: connection error: Endpoint closed
2026-09-15T20:56:17.338 WARN kycontroller::kymux_controller::server - Kynet accept failed: connection error: Endpoint closed
2026-09-15T20:56:17.338 WARN kycontroller::kymux_controller::server - Kynet accept failed: connection error: Endpoint closed
2026-09-15T20:56:17.338 WARN kycontroller::kymux_controller::server - Kynet accept failed: connection error: Endpoint closed
2026-09-15T20:56:17.338 WARN kycontroller::kymux_controller::server - Kynet accept failed: connection error: Endpoint closed
2026-09-15T20:56:17.338 WARN kycontroller::kymux_controller::server - Kynet accept failed: connection error: Endpoint closed
2026-09-15T20:56:17.338 WARN kycontroller::kymux_controller::server - Kynet accept failed: connection error: Endpoint closed
2026-09-15T20:56:17.338 WARN kycontroller::kymux_controller::server - Kynet accept failed: connection error: Endpoint closed
2026-09-15T20:56:17.338 WARN kycontroller::kymux_controller::server - Kynet accept failed: connection error: Endpoint closed
2026-09-15T20:56:17.338 WARN kycontroller::kymux_controller::server - Kynet accept failed: connection error: Endpoint closed
2026-09-15T20:56:17.338 WARN kycontroller::kymux_controller::server - Kynet accept failed: connection error: Endpoint closed
2026-09-15T20:56:17.338 WARN kycontroller::kymux_controller::server - Kynet accept failed: connection error: Endpoint closed
2026-09-15T20:56:17.338 WARN kycontroller::kymux_controller::server - Kynet accept failed: connection error: Endpoint closed
2026-09-15T20:56:17.338 WARN kycontroller::kymux_controller::server - Kynet accept failed: connection error: Endpoint closed
2026-09-15T20:56:17.338 WARN kycontroller::kymux_controller::server - Kynet accept failed: connection error: Endpoint closed
2026-09-15T20:56:17.338 WARN kycontroller::kymux_controller::server - Kynet accept failed: connection error: Endpoint closed
2026-09-15T20:56:17.338 WARN kycontroller::kymux_controller::server - Kynet accept failed: connection error: Endpoint closed
2026-09-15T20:56:17.338 WARN kycontroller::kymux_controller::server - Kynet accept failed: connection error: Endpoint closed
2026-09-15T20:56:17.338 WARN kycontroller::kymux_controller::server - Kynet accept failed: connection error: Endpoint closed
2026-09-15T20:56:17.338 WARN kycontroller::kymux_controller::server - Kynet accept failed: connection error: Endpoint closed
2026-09-15T20:56:17.338 WARN kycontroller::kymux_controller::server - Kynet accept failed: connection error: Endpoint closed
2026-09-15T20:56:17.338 WARN kycontroller::kymux_controller::server - Kynet accept failed: connection error: Endpoint closed
2026-09-15T20:56:17.338 WARN kycontroller::kymux_controller::server - Kynet accept failed: connection error: Endpoint closed
2026-09-15T20:56:17.338 WARN kycontroller::kymux_controller::server - Kynet accept failed: connection error: Endpoint closed
2026-09-15T20:56:17.338 WARN kycontroller::kymux_controller::server - Kynet accept failed: connection error: Endpoint closed
2026-09-15T20:56:17.338 WARN kycontroller::kymux_controller::server - Kynet accept failed: connection error: Endpoint closed
2026-09-15T20:56:17.338 WARN kycontroller::kymux_controller::server - Kynet accept failed: connection error: Endpoint closed
2026-09-15T20:56:17.338 WARN kycontroller::kymux_controller::server - Kynet accept failed: connection error: Endpoint closed
2026-09-15T20:56:17.338 WARN kycontroller::kymux_controller::server - Kynet accept failed: connection error: Endpoint closed
2026-09-15T20:56:17.338 WARN kycontroller::kymux_controller::server - Kynet accept failed: connection error: Endpoint closed
2026-09-15T20:56:17.338 WARN kycontroller::kymux_controller::server - Kynet accept failed: connection error: Endpoint closed
2026-09-15T20:56:17.338 WARN kycontroller::kymux_controller::server - Kynet accept failed: connection error: Endpoint closed
2026-09-15T20:56:17.338 WARN kycontroller::kymux_controller::server - Kynet accept failed: connection error: Endpoint closed
2026-09-15T20:56:17.338 WARN kycontroller::kymux_controller::server - Kynet accept failed: connection error: Endpoint closed
2026-09-15T20:56:17.338 WARN kycontroller::kymux_controller::server - Kynet accept failed: connection error: Endpoint closed
2026-09-15T20:56:17.338 WARN kycontroller::kymux_controller::server - Kynet accept failed: connection error: Endpoint closed
2026-09-15T20:56:17.338 WARN kycontroller::kymux_controller::server - Kynet accept failed: connection error: Endpoint closed
2026-09-15T20:56:17.338 WARN kycontroller::kymux_controller::server - Kynet accept failed: connection error: Endpoint closed
2026-09-15T20:56:17.338 WARN kycontroller::kymux_controller::server - Kynet accept failed: connection error: Endpoint closed
2026-09-15T20:56:17.338 WARN kycontroller::kymux_controller::server - Kynet accept failed: connection error: Endpoint closed
2026-09-15T20:56:17.338 WARN kycontroller::kymux_controller::server - Kynet accept failed: connection error: Endpoint closed
2026-09-15T20:56:17.338 WARN kycontroller::kymux_controller::server - Kynet accept failed: connection error: Endpoint closed
2026-09-15T20:56:17.338 WARN kycontroller::kymux_controller::server - Kynet accept failed: connection error: Endpoint closed
2026-09-15T20:56:17.338 WARN kycontroller::kymux_controller::server - Kynet accept failed: connection error: Endpoint closed
2026-09-15T20:56:17.338 WARN kycontroller::kymux_controller::server - Kynet accept failed: connection error: Endpoint closed
2026-09-15T20:56:17.338 WARN kycontroller::kymux_controller::server - Kynet accept failed: connection error: Endpoint closed
2026-09-15T20:56:17.338 WARN kycontroller::kymux_controller::server - Kynet accept failed: connection error: Endpoint closed
2026-09-15T20:56:17.338 WARN kycontroller::kymux_controller::server - Kynet accept failed: connection error: Endpoint closed
2026-09-15T20:56:17.338 WARN kycontroller::kymux_controller::server - Kynet accept failed: connection error: Endpoint closed
2026-09-15T20:56:17.338 WARN kycontroller::kymux_controller::server - Kynet accept failed: connection error: Endpoint closed
2026-09-15T20:56:17.338 WARN kycontroller::kymux_controller::server - Kynet accept failed: connection error: Endpoint closed
2026-09-15T20:56:17.338 WARN kycontroller::kymux_controller::server - Kynet accept failed: connection error: Endpoint closed
2026-09-15T20:56:17.338 WARN kycontroller::kymux_controller::server - Kynet accept failed: connection error: Endpoint closed
2026-09-15T20:56:17.338 WARN kycontroller::kymux_controller::server - Kynet accept failed: connection error: Endpoint closed
2026-09-15T20:56:17.338 WARN kycontroller::kymux_controller::server - Kynet accept failed: connection error: Endpoint closed
2026-09-15T20:56:17.338 WARN kycontroller::kymux_controller::server - Kynet accept failed: connection error: Endpoint closed
2026-09-15T20:56:17.338 WARN kycontroller::kymux_controller::server - Kynet accept failed: connection error: Endpoint closed
2026-09-15T20:56:17.338 WARN kycontroller::kymux_controller::server - Kynet accept failed: connection error: Endpoint closed
2026-09-15T20:56:17.338 WARN kycontroller::kymux_controller::server - Kynet accept failed: connection error: Endpoint closed
2026-09-15T20:56:17.338 WARN kycontroller::kymux_controller::server - Kynet accept failed: connection error: Endpoint closed
2026-09-15T20:56:17.338 WARN kycontroller::kymux_controller::server - Kynet accept failed: connection error: Endpoint closed
2026-09-15T20:56:17.338 WARN kycontroller::kymux_controller::server - Kynet accept failed: connection error: Endpoint closed
2026-09-15T20:56:17.338 WARN kycontroller::kymux_controller::server - Kynet accept failed: connection error: Endpoint closed
2026-09-15T20:56:17.338 WARN kycontroller::kymux_controller::server - Kynet accept failed: connection error: Endpoint closed
2026-09-15T20:56:17.338 WARN kycontroller::kymux_controller::server - Kynet accept failed: connection error: Endpoint closed
2026-09-15T20:56:17.338 WARN kycontroller::kymux_controller::server - Kynet accept failed: connection error: Endpoint closed
2026-09-15T20:56:17.338 WARN kycontroller::kymux_controller::server - Kynet accept failed: connection error: Endpoint closed
2026-09-15T20:56:17.338 WARN kycontroller::kymux_controller::server - Kynet accept failed: connection error: Endpoint closed
2026-09-15T20:56:17.338 WARN kycontroller::kymux_controller::server - Kynet accept failed: connection error: Endpoint closed
2026-09-15T20:56:17.338 WARN kycontroller::kymux_controller::server - Kynet accept failed: connection error: Endpoint closed
2026-09-15T20:56:17.338 WARN kycontroller::kymux_controller::server - Kynet accept failed: connection error: Endpoint closed
2026-09-15T20:56:17.338 WARN kycontroller::kymux_controller::server - Kynet accept failed: connection error: Endpoint closed
2026-09-15T20:56:17.338 WARN kycontroller::kymux_controller::server - Kynet accept failed: connection error: Endpoint closed
2026-09-15T20:56:17.338 WARN kycontroller::kymux_controller::server - Kynet accept failed: connection error: Endpoint closed
2026-09-15T20:56:17.338 WARN kycontroller::kymux_controller::server - Kynet accept failed: connection error: Endpoint closed
2026-09-15T20:56:17.338 WARN kycontroller::kymux_controller::server - Kynet accept failed: connection error: Endpoint closed
2026-09-15T20:56:17.338 WARN kycontroller::kymux_controller::server - Kynet accept failed: connection error: Endpoint closed
2026-09-15T20:56:17.338 WARN kycontroller::kymux_controller::server - Kynet accept failed: connection error: Endpoint closed
2026-09-15T20:56:17.338 WARN kycontroller::kymux_controller::server - Kynet accept failed: connection error: Endpoint closed
2026-09-15T20:56:17.338 WARN kycontroller::kymux_controller::server - Kynet accept failed: connection error: Endpoint closed
2026-09-15T20:56:17.338 WARN kycontroller::kymux_controller::server - Kynet accept failed: connection error: Endpoint closed
2026-09-15T20:56:17.338 WARN kycontroller::kymux_controller::server - Kynet accept failed: connection error: Endpoint closed
2026-09-15T20:56:17.338 WARN kycontroller::kymux_controller::server - Kynet accept failed: connection error: Endpoint closed
2026-09-15T20:56:17.338 WARN kycontroller::kymux_controller::server - Kynet accept failed: connection error: Endpoint closed
2026-09-15T20:56:17.338 WARN kycontroller::kymux_controller::server - Kynet accept failed: connection error: Endpoint closed
2026-09-15T20:56:17.339 WARN kycontroller::kymux_controller::server - Kynet accept failed: connection error: Endpoint closed
2026-09-15T20:56:17.339 WARN kycontroller::kymux_controller::server - Kynet accept failed: connection error: Endpoint closed
2026-09-15T20:56:17.339 WARN kycontroller::kymux_controller::server - Kynet accept failed: connection error: Endpoint closed
2026-09-15T20:56:17.339 WARN kycontroller::kymux_controller::server - Kynet accept failed: connection error: Endpoint closed
2026-09-15T20:56:17.339 WARN kycontroller::kymux_controller::server - Kynet accept failed: connection error: Endpoint closed
2026-09-15T20:56:17.339 WARN kycontroller::kymux_controller::server - Kynet accept failed: connection error: Endpoint closed
2026-09-15T20:56:17.339 WARN kycontroller::kymux_controller::server - Kynet accept failed: connection error: Endpoint closed
2026-09-15T20:56:17.339 WARN kycontroller::kymux_controller::server - Kynet accept failed: connection error: Endpoint closed
2026-09-15T20:56:17.339 WARN kycontroller::kymux_controller::server - Kynet accept failed: connection error: Endpoint closed
2026-09-15T20:56:17.339 WARN kycontroller::kymux_controller::server - Kynet accept failed: connection error: Endpoint closed
2026-09-15T20:56:17.339 WARN kycontroller::kymux_controller::server - Kynet accept failed: connection error: Endpoint closed
2026-09-15T20:56:17.339 WARN kycontroller::kymux_controller::server - Kynet accept failed: connection error: Endpoint closed
2026-09-15T20:56:17.339 WARN kycontroller::kymux_controller::server - Kynet accept failed: connection error: Endpoint closed
2026-09-15T20:56:17.339 WARN kycontroller::kymux_controller::server - Kynet accept failed: connection error: Endpoint closed
2026-09-15T20:56:17.339 WARN kycontroller::kymux_controller::server - Kynet accept failed: connection error: Endpoint closed
2026-09-15T20:56:17.339 WARN kycontroller::kymux_controller::server - Kynet accept failed: connection error: Endpoint closed
2026-09-15T20:56:17.339 WARN kycontroller::kymux_controller::server - Kynet accept failed: connection error: Endpoint closed
2026-09-15T20:56:17.339 WARN kycontroller::kymux_controller::server - Kynet accept failed: connection error: Endpoint closed
2026-09-15T20:56:17.339 WARN kycontroller::kymux_controller::server - Kynet accept failed: connection error: Endpoint closed
2026-09-15T20:56:17.339 WARN kycontroller::kymux_controller::server - Kynet accept failed: connection error: Endpoint closed
2026-09-15T20:56:17.339 WARN kycontroller::kymux_controller::server - Kynet accept failed: connection error: Endpoint closed
2026-09-15T20:56:17.339 WARN kycontroller::kymux_controller::server - Kynet accept failed: connection error: Endpoint closed
2026-09-15T20:56:17.339 WARN kycontroller::kymux_controller::server - Kynet accept failed: connection error: Endpoint closed
2026-09-15T20:56:17.339 WARN kycontroller::kymux_controller::server - Kynet accept failed: connection error: Endpoint closed
2026-09-15T20:56:17.339 WARN kycontroller::kymux_controller::server - Kynet accept failed: connection error: Endpoint closed
2026-09-15T20:56:17.339 WARN kycontroller::kymux_controller::server - Kynet accept failed: connection error: Endpoint closed
2026-09-15T20:56:17.339 WARN kycontroller::kymux_controller::server - Kynet accept failed: connection error: Endpoint closed
2026-09-15T20:56:17.339 WARN kycontroller::kymux_controller::server - Kynet accept failed: connection error: Endpoint closed
2026-09-15T20:56:17.339 WARN kycontroller::kymux_controller::server - Kynet accept failed: connection error: Endpoint closed
2026-09-15T20:56:17.339 WARN kycontroller::kymux_controller::server - Kynet accept failed: connection error: Endpoint closed
2026-09-15T20:56:17.339 WARN kycontroller::kymux_controller::server - Kynet accept failed: connection error: Endpoint closed
2026-09-15T20:56:17.339 WARN kycontroller::kymux_controller::server - Kynet accept failed: connection error: Endpoint closed
2026-09-15T20:56:17.339 WARN kycontroller::kymux_controller::server - Kynet accept failed: connection error: Endpoint closed
2026-09-15T20:56:17.339 WARN kycontroller::kymux_controller::server - Kynet accept failed: connection error: Endpoint closed
2026-09-15T20:56:17.339 WARN kycontroller::kymux_controller::server - Kynet accept failed: connection error: Endpoint closed
2026-09-15T20:56:17.339 WARN kycontroller::kymux_controller::server - Kynet accept failed: connection error: Endpoint closed
2026-09-15T20:56:17.339 WARN kycontroller::kymux_controller::server - Kynet accept failed: connection error: Endpoint closed
2026-09-15T20:56:17.339 WARN kycontroller::kymux_controller::server - Kynet accept failed: connection error: Endpoint closed
2026-09-15T20:56:17.339 WARN kycontroller::kymux_controller::server - Kynet accept failed: connection error: Endpoint closed
2026-09-15T20:56:17.339 WARN kycontroller::kymux_controller::server - Kynet accept failed: connection error: Endpoint closed
2026-09-15T20:56:17.339 WARN kycontroller::kymux_controller::server - Kynet accept failed: connection error: Endpoint closed
2026-09-15T20:56:17.339 WARN kycontroller::kymux_controller::server - Kynet accept failed: connection error: Endpoint closed
2026-09-15T20:56:17.339 WARN kycontroller::kymux_controller::server - Kynet accept failed: connection error: Endpoint closed
2026-09-15T20:56:17.339 WARN kycontroller::kymux_controller::server - Kynet accept failed: connection error: Endpoint closed
2026-09-15T20:56:17.339 WARN kycontroller::kymux_controller::server - Kynet accept failed: connection error: Endpoint closed
2026-09-15T20:56:17.339 WARN kycontroller::kymux_controller::server - Kynet accept failed: connection error: Endpoint closed
2026-09-15T20:56:17.339 WARN kycontroller::kymux_controller::server - Kynet accept failed: connection error: Endpoint closed
2026-09-15T20:56:17.339 WARN kycontroller::kymux_controller::server - Kynet accept failed: connection error: Endpoint closed
2026-09-15T20:56:17.339 WARN kycontroller::kymux_controller::server - Kynet accept failed: connection error: Endpoint closed
2026-09-15T20:56:17.339 WARN kycontroller::kymux_controller::server - Kynet accept failed: connection error: Endpoint closed
2026-09-15T20:56:17.339 WARN kycontroller::kymux_controller::server - Kynet accept failed: connection error: Endpoint closed
2026-09-15T20:56:17.339 WARN kycontroller::kymux_controller::server - Kynet accept failed: connection error: Endpoint closed
2026-09-15T20:56:17.339 WARN kycontroller::kymux_controller::server - Kynet accept failed: connection error: Endpoint closed
2026-09-15T20:56:17.339 WARN kycontroller::kymux_controller::server - Kynet accept failed: connection error: Endpoint closed
2026-09-15T20:56:17.339 WARN kycontroller::kymux_controller::server - Kynet accept failed: connection error: Endpoint closed
2026-09-15T20:56:17.339 WARN kycontroller::kymux_controller::server - Kynet accept failed: connection error: Endpoint closed
2026-09-15T20:56:17.339 WARN kycontroller::kymux_controller::server - Kynet accept failed: connection error: Endpoint closed
2026-09-15T20:56:17.339 WARN kycontroller::kymux_controller::server - Kynet accept failed: connection error: Endpoint closed
2026-09-15T20:56:17.339 WARN kycontroller::kymux_controller::server - Kynet accept failed: connection error: Endpoint closed
2026-09-15T20:56:17.339 WARN kycontroller::kymux_controller::server - Kynet accept failed: connection error: Endpoint closed
2026-09-15T20:56:17.339 WARN kycontroller::kymux_controller::server - Kynet accept failed: connection error: Endpoint closed
2026-09-15T20:56:17.339 WARN kycontroller::kymux_controller::server - Kynet accept failed: connection error: Endpoint closed
2026-09-15T20:56:17.339 WARN kycontroller::kymux_controller::server - Kynet accept failed: connection error: Endpoint closed
2026-09-15T20:56:17.339 WARN kycontroller::kymux_controller::server - Kynet accept failed: connection error: Endpoint closed
2026-09-15T20:56:17.339 WARN kycontroller::kymux_controller::server - Kynet accept failed: connection error: Endpoint closed
2026-09-15T20:56:17.339 WARN kycontroller::kymux_controller::server - Kynet accept failed: connection error: Endpoint closed
2026-09-15T20:56:17.339 WARN kycontroller::kymux_controller::server - Kynet accept failed: connection error: Endpoint closed
2026-09-15T20:56:17.339 WARN kycontroller::kymux_controller::server - Kynet accept failed: connection error: Endpoint closed
2026-09-15T20:56:17.339 WARN kycontroller::kymux_controller::server - Kynet accept failed: connection error: Endpoint closed
2026-09-15T20:56:17.339 WARN kycontroller::kymux_controller::server - Kynet accept failed: connection error: Endpoint closed
2026-09-15T20:56:17.339 WARN kycontroller::kymux_controller::server - Kynet accept failed: connection error: Endpoint closed
2026-09-15T20:56:17.339 WARN kycontroller::kymux_controller::server - Kynet accept failed: connection error: Endpoint closed
2026-09-15T20:56:17.339 WARN kycontroller::kymux_controller::server - Kynet accept failed: connection error: Endpoint closed
2026-09-15T20:56:17.339 WARN kycontroller::kymux_controller::server - Kynet accept failed: connection error: Endpoint closed
2026-09-15T20:56:17.339 WARN kycontroller::kymux_controller::server - Kynet accept failed: connection error: Endpoint closed
2026-09-15T20:56:17.339 WARN kycontroller::kymux_controller::server - Kynet accept failed: connection error: Endpoint closed
2026-09-15T20:56:17.339 WARN kycontroller::kymux_controller::server - Kynet accept failed: connection error: Endpoint closed
2026-09-15T20:56:17.339 WARN kycontroller::kymux_controller::server - Kynet accept failed: connection error: Endpoint closed
2026-09-15T20:56:17.339 WARN kycontroller::kymux_controller::server - Kynet accept failed: connection error: Endpoint closed
2026-09-15T20:56:17.339 WARN kycontroller::kymux_controller::server - Kynet accept failed: connection error: Endpoint closed
2026-09-15T20:56:17.339 WARN kycontroller::kymux_controller::server - Kynet accept failed: connection error: Endpoint closed
2026-09-15T20:56:17.339 WARN kycontroller::kymux_controller::server - Kynet accept failed: connection error: Endpoint closed
2026-09-15T20:56:17.339 WARN kycontroller::kymux_controller::server - Kynet accept failed: connection error: Endpoint closed
2026-09-15T20:56:17.339 WARN kycontroller::kymux_controller::server - Kynet accept failed: connection error: Endpoint closed
2026-09-15T20:56:17.339 WARN kycontroller::kymux_controller::server - Kynet accept failed: connection error: Endpoint closed
2026-09-15T20:56:17.339 WARN kycontroller::kymux_controller::server - Kynet accept failed: connection error: Endpoint closed
2026-09-15T20:56:17.339 WARN kycontroller::kymux_controller::server - Kynet accept failed: connection error: Endpoint closed
2026-09-15T20:56:17.339 WARN kycontroller::kymux_controller::server - Kynet accept failed: connection error: Endpoint closed
2026-09-15T20:56:17.339 WARN kycontroller::kymux_controller::server - Kynet accept failed: connection error: Endpoint closed
2026-09-15T20:56:17.339 WARN kycontroller::kymux_controller::server - Kynet accept failed: connection error: Endpoint closed
2026-09-15T20:56:17.339 WARN kycontroller::kymux_controller::server - Kynet accept failed: connection error: Endpoint closed
2026-09-15T20:56:17.339 WARN kycontroller::kymux_controller::server - Kynet accept failed: connection error: Endpoint closed
2026-09-15T20:56:17.339 WARN kycontroller::kymux_controller::server - Kynet accept failed: connection error: Endpoint closed
2026-09-15T20:56:17.340 WARN kycontroller::kymux_controller::server - Kynet accept failed: connection error: Endpoint closed
2026-09-15T20:56:17.340 WARN kycontroller::kymux_controller::server - Kynet accept failed: connection error: Endpoint closed
2026-09-15T20:56:17.340 WARN kycontroller::kymux_controller::server - Kynet accept failed: connection error: Endpoint closed
2026-09-15T20:56:17.340 WARN kycontroller::kymux_controller::server - Kynet accept failed: connection error: Endpoint closed
2026-09-15T20:56:17.340 WARN kycontroller::kymux_controller::server - Kynet accept failed: connection error: Endpoint closed
2026-09-15T20:56:17.340 WARN kycontroller::kymux_controller::server - Kynet accept failed: connection error: Endpoint closed
2026-09-15T20:56:17.340 WARN kycontroller::kymux_controller::server - Kynet accept failed: connection error: Endpoint closed
2026-09-15T20:56:17.340 WARN kycontroller::kymux_controller::server - Kynet accept failed: connection error: Endpoint closed
2026-09-15T20:56:17.340 WARN kycontroller::kymux_controller::server - Kynet accept failed: connection error: Endpoint closed
2026-09-15T20:56:17.340 WARN kycontroller::kymux_controller::server - Kynet accept failed: connection error: Endpoint closed
2026-09-15T20:56:17.340 WARN kycontroller::kymux_controller::server - Kynet accept failed: connection error: Endpoint closed
2026-09-15T20:56:17.340 WARN kycontroller::kymux_controller::server - Kynet accept failed: connection error: Endpoint closed
2026-09-15T20:56:17.340 WARN kycontroller::kymux_controller::server - Kynet accept failed: connection error: Endpoint closed
2026-09-15T20:56:17.340 WARN kycontroller::kymux_controller::server - Kynet accept failed: connection error: Endpoint closed
2026-09-15T20:56:17.340 WARN kycontroller::kymux_controller::server - Kynet accept failed: connection error: Endpoint closed
2026-09-15T20:56:17.340 WARN kycontroller::kymux_controller::server - Kynet accept failed: connection error: Endpoint closed
2026-09-15T20:56:17.340 WARN kycontroller::kymux_controller::server - Kynet accept failed: connection error: Endpoint closed
2026-09-15T20:56:17.340 WARN kycontroller::kymux_controller::server - Kynet accept failed: connection error: Endpoint closed
2026-09-15T20:56:17.340 WARN kycontroller::kymux_controller::server - Kynet accept failed: connection error: Endpoint closed
2026-09-15T20:56:17.340 WARN kycontroller::kymux_controller::server - Kynet accept failed: connection error: Endpoint closed
2026-09-15T20:56:17.340 WARN kycontroller::kymux_controller::server - Kynet accept failed: connection error: Endpoint closed
2026-09-15T20:56:17.340 WARN kycontroller::kymux_controller::server - Kynet accept failed: connection error: Endpoint closed
2026-09-15T20:56:17.340 WARN kycontroller::kymux_controller::server - Kynet accept failed: connection error: Endpoint closed
2026-09-15T20:56:17.340 WARN kycontroller::kymux_controller::server - Kynet accept failed: connection error: Endpoint closed
2026-09-15T20:56:17.340 WARN kycontroller::kymux_controller::server - Kynet accept failed: connection error: Endpoint closed
2026-09-15T20:56:17.340 WARN kycontroller::kymux_controller::server - Kynet accept failed: connection error: Endpoint closed
2026-09-15T20:56:17.340 WARN kycontroller::kymux_controller::server - Kynet accept failed: connection error: Endpoint closed
2026-09-15T20:56:17.340 WARN kycontroller::kymux_controller::server - Kynet accept failed: connection error: Endpoint closed
2026-09-15T20:56:17.340 WARN kycontroller::kymux_controller::server - Kynet accept failed: connection error: Endpoint closed
2026-09-15T20:56:17.340 WARN kycontroller::kymux_controller::server - Kynet accept failed: connection error: Endpoint closed
2026-09-15T20:56:17.340 WARN kycontroller::kymux_controller::server - Kynet accept failed: connection error: Endpoint closed
2026-09-15T20:56:17.340 WARN kycontroller::kymux_controller::server - Kynet accept failed: connection error: Endpoint closed
2026-09-15T20:56:17.340 WARN kycontroller::kymux_controller::server - Kynet accept failed: connection error: Endpoint closed
2026-09-15T20:56:17.340 WARN kycontroller::kymux_controller::server - Kynet accept failed: connection error: Endpoint closed
2026-09-15T20:56:17.340 WARN kycontroller::kymux_controller::server - Kynet accept failed: connection error: Endpoint closed
2026-09-15T20:56:17.340 WARN kycontroller::kymux_controller::server - Kynet accept failed: connection error: Endpoint closed
2026-09-15T20:56:17.340 WARN kycontroller::kymux_controller::server - Kynet accept failed: connection error: Endpoint closed
2026-09-15T20:56:17.340 WARN kycontroller::kymux_controller::server - Kynet accept failed: connection error: Endpoint closed
2026-09-15T20:56:17.340 WARN kycontroller::kymux_controller::server - Kynet accept failed: connection error: Endpoint closed
2026-09-15T20:56:17.340 WARN kycontroller::kymux_controller::server - Kynet accept failed: connection error: Endpoint closed
2026-09-15T20:56:17.340 WARN kycontroller::kymux_controller::server - Kynet accept failed: connection error: Endpoint closed
2026-09-15T20:56:17.340 WARN kycontroller::kymux_controller::server - Kynet accept failed: connection error: Endpoint closed
2026-09-15T20:56:17.340 WARN kycontroller::kymux_controller::server - Kynet accept failed: connection error: Endpoint closed
2026-09-15T20:56:17.340 WARN kycontroller::kymux_controller::server - Kynet accept failed: connection error: Endpoint closed
2026-09-15T20:56:17.340 WARN kycontroller::kymux_controller::server - Kynet accept failed: connection error: Endpoint closed
2026-09-15T20:56:17.340 WARN kycontroller::kymux_controller::server - Kynet accept failed: connection error: Endpoint closed
2026-09-15T20:56:17.340 WARN kycontroller::kymux_controller::server - Kynet accept failed: connection error: Endpoint closed
2026-09-15T20:56:17.340 WARN kycontroller::kymux_controller::server - Kynet accept failed: connection error: Endpoint closed
2026-09-15T20:56:17.340 WARN kycontroller::kymux_controller::server - Kynet accept failed: connection error: Endpoint closed
2026-09-15T20:56:17.340 WARN kycontroller::kymux_controller::server - Kynet accept failed: connection error: Endpoint closed
2026-09-15T20:56:17.340 WARN kycontroller::kymux_controller::server - Kynet accept failed: connection error: Endpoint closed
2026-09-15T20:56:17.340 WARN kycontroller::kymux_controller::server - Kynet accept failed: connection error: Endpoint closed
2026-09-15T20:56:17.340 WARN kycontroller::kymux_controller::server - Kynet accept failed: connection error: Endpoint closed
2026-09-15T20:56:17.340 WARN kycontroller::kymux_controller::server - Kynet accept failed: connection error: Endpoint closed
2026-09-15T20:56:17.340 WARN kycontroller::kymux_controller::server - Kynet accept failed: connection error: Endpoint closed
2026-09-15T20:56:17.340 WARN kycontroller::kymux_controller::server - Kynet accept failed: connection error: Endpoint closed
2026-09-15T20:56:17.340 WARN kycontroller::kymux_controller::server - Kynet accept failed: connection error: Endpoint closed
2026-09-15T20:56:17.340 WARN kycontroller::kymux_controller::server - Kynet accept failed: connection error: Endpoint closed
2026-09-15T20:56:17.340 WARN kycontroller::kymux_controller::server - Kynet accept failed: connection error: Endpoint closed
2026-09-15T20:56:17.340 WARN kycontroller::kymux_controller::server - Kynet accept failed: connection error: Endpoint closed
2026-09-15T20:56:17.340 WARN kycontroller::kymux_controller::server - Kynet accept failed: connection error: Endpoint closed
2026-09-15T20:56:17.340 WARN kycontroller::kymux_controller::server - Kynet accept failed: connection error: Endpoint closed
2026-09-15T20:56:17.340 WARN kycontroller::kymux_controller::server - Kynet accept failed: connection error: Endpoint closed
2026-09-15T20:56:17.340 WARN kycontroller::kymux_controller::server - Kynet accept failed: connection error: Endpoint closed
2026-09-15T20:56:17.340 WARN kycontroller::kymux_controller::server - Kynet accept failed: connection error: Endpoint closed
2026-09-15T20:56:17.340 WARN kycontroller::kymux_controller::server - Kynet accept failed: connection error: Endpoint closed
2026-09-15T20:56:17.340 WARN kycontroller::kymux_controller::server - Kynet accept failed: connection error: Endpoint closed
2026-09-15T20:56:17.340 WARN kycontroller::kymux_controller::server - Kynet accept failed: connection error: Endpoint closed
2026-09-15T20:56:17.340 WARN kycontroller::kymux_controller::server - Kynet accept failed: connection error: Endpoint closed
2026-09-15T20:56:17.340 WARN kycontroller::kymux_controller::server - Kynet accept failed: connection error: Endpoint closed
2026-09-15T20:56:17.340 WARN kycontroller::kymux_controller::server - Kynet accept failed: connection error: Endpoint closed
2026-09-15T20:56:17.340 WARN kycontroller::kymux_controller::server - Kynet accept failed: connection error: Endpoint closed
2026-09-15T20:56:17.340 WARN kycontroller::kymux_controller::server - Kynet accept failed: connection error: Endpoint closed
2026-09-15T20:56:17.340 WARN kycontroller::kymux_controller::server - Kynet accept failed: connection error: Endpoint closed
2026-09-15T20:56:17.340 WARN kycontroller::kymux_controller::server - Kynet accept failed: connection error: Endpoint closed
2026-09-15T20:56:17.340 WARN kycontroller::kymux_controller::server - Kynet accept failed: connection error: Endpoint closed
2026-09-15T20:56:17.340 WARN kycontroller::kymux_controller::server - Kynet accept failed: connection error: Endpoint closed
2026-09-15T20:56:17.340 WARN kycontroller::kymux_controller::server - Kynet accept failed: connection error: Endpoint closed
2026-09-15T20:56:17.340 WARN kycontroller::kymux_controller::server - Kynet accept failed: connection error: Endpoint closed
2026-09-15T20:56:17.340 WARN kycontroller::kymux_controller::server - Kynet accept failed: connection error: Endpoint closed
2026-09-15T20:56:17.340 WARN kycontroller::kymux_controller::server - Kynet accept failed: connection error: Endpoint closed
2026-09-15T20:56:17.340 WARN kycontroller::kymux_controller::server - Kynet accept failed: connection error: Endpoint closed
2026-09-15T20:56:17.340 WARN kycontroller::kymux_controller::server - Kynet accept failed: connection error: Endpoint closed
2026-09-15T20:56:17.340 WARN kycontroller::kymux_controller::server - Kynet accept failed: connection error: Endpoint closed
2026-09-15T20:56:17.340 WARN kycontroller::kymux_controller::server - Kynet accept failed: connection error: Endpoint closed
2026-09-15T20:56:17.340 WARN kycontroller::kymux_controller::server - Kynet accept failed: connection error: Endpoint closed
2026-09-15T20:56:17.341 WARN kycontroller::kymux_controller::server - Kynet accept failed: connection error: Endpoint closed
2026-09-15T20:56:17.341 WARN kycontroller::kymux_controller::server - Kynet accept failed: connection error: Endpoint closed
2026-09-15T20:56:17.341 WARN kycontroller::kymux_controller::server - Kynet accept failed: connection error: Endpoint closed
2026-09-15T20:56:17.341 WARN kycontroller::kymux_controller::server - Kynet accept failed: connection error: Endpoint closed
2026-09-15T20:56:17.341 WARN kycontroller::kymux_controller::server - Kynet accept failed: connection error: Endpoint closed
2026-09-15T20:56:17.341 WARN kycontroller::kymux_controller::server - Kynet accept failed: connection error: Endpoint closed
2026-09-15T20:56:17.341 WARN kycontroller::kymux_controller::server - Kynet accept failed: connection error: Endpoint closed
2026-09-15T20:56:17.341 WARN kycontroller::kymux_controller::server - Kynet accept failed: connection error: Endpoint closed
2026-09-15T20:56:17.341 WARN kycontroller::kymux_controller::server - Kynet accept failed: connection error: Endpoint closed
2026-09-15T20:56:17.341 WARN kycontroller::kymux_controller::server - Kynet accept failed: connection error: Endpoint closed
2026-09-15T20:56:17.341 WARN kycontroller::kymux_controller::server - Kynet accept failed: connection error: Endpoint closed
2026-09-15T20:56:17.341 WARN kycontroller::kymux_controller::server - Kynet accept failed: connection error: Endpoint closed
2026-09-15T20:56:17.341 WARN kycontroller::kymux_controller::server - Kynet accept failed: connection error: Endpoint closed
2026-09-15T20:56:17.341 WARN kycontroller::kymux_controller::server - Kynet accept failed: connection error: Endpoint closed
2026-09-15T20:56:17.341 WARN kycontroller::kymux_controller::server - Kynet accept failed: connection error: Endpoint closed
2026-09-15T20:56:17.341 WARN kycontroller::kymux_controller::server - Kynet accept failed: connection error: Endpoint closed
2026-09-15T20:56:17.341 WARN kycontroller::kymux_controller::server - Kynet accept failed: connection error: Endpoint closed
2026-09-15T20:56:17.341 WARN kycontroller::kymux_controller::server - Kynet accept failed: connection error: Endpoint closed
2026-09-15T20:56:17.341 WARN kycontroller::kymux_controller::server - Kynet accept failed: connection error: Endpoint closed
2026-09-15T20:56:17.341 WARN kycontroller::kymux_controller::server - Kynet accept failed: connection error: Endpoint closed
2026-09-15T20:56:17.341 WARN kycontroller::kymux_controller::server - Kynet accept failed: connection error: Endpoint closed
2026-09-15T20:56:17.341 WARN kycontroller::kymux_controller::server - Kynet accept failed: connection error: Endpoint closed
2026-09-15T20:56:17.341 WARN kycontroller::kymux_controller::server - Kynet accept failed: connection error: Endpoint closed
2026-09-15T20:56:17.341 WARN kycontroller::kymux_controller::server - Kynet accept failed: connection error: Endpoint closed
2026-09-15T20:56:17.341 WARN kycontroller::kymux_controller::server - Kynet accept failed: connection error: Endpoint closed
2026-09-15T20:56:17.341 WARN kycontroller::kymux_controller::server - Kynet accept failed: connection error: Endpoint closed
2026-09-15T20:56:17.341 WARN kycontroller::kymux_controller::server - Kynet accept failed: connection error: Endpoint closed
2026-09-15T20:56:17.341 WARN kycontroller::kymux_controller::server - Kynet accept failed: connection error: Endpoint closed
2026-09-15T20:56:17.341 WARN kycontroller::kymux_controller::server - Kynet accept failed: connection error: Endpoint closed
2026-09-15T20:56:17.341 WARN kycontroller::kymux_controller::server - Kynet accept failed: connection error: Endpoint closed
2026-09-15T20:56:17.341 WARN kycontroller::kymux_controller::server - Kynet accept failed: connection error: Endpoint closed
2026-09-15T20:56:17.341 WARN kycontroller::kymux_controller::server - Kynet accept failed: connection error: Endpoint closed
2026-09-15T20:56:17.341 WARN kycontroller::kymux_controller::server - Kynet accept failed: connection error: Endpoint closed
2026-09-15T20:56:17.341 WARN kycontroller::kymux_controller::server - Kynet accept failed: connection error: Endpoint closed
2026-09-15T20:56:17.341 WARN kycontroller::kymux_controller::server - Kynet accept failed: connection error: Endpoint closed
2026-09-15T20:56:17.341 WARN kycontroller::kymux_controller::server - Kynet accept failed: connection error: Endpoint closed
2026-09-15T20:56:17.341 WARN kycontroller::kymux_controller::server - Kynet accept failed: connection error: Endpoint closed
2026-09-15T20:56:17.341 WARN kycontroller::kymux_controller::server - Kynet accept failed: connection error: Endpoint closed
2026-09-15T20:56:17.341 WARN kycontroller::kymux_controller::server - Kynet accept failed: connection error: Endpoint closed
2026-09-15T20:56:17.341 WARN kycontroller::kymux_controller::server - Kynet accept failed: connection error: Endpoint closed
2026-09-15T20:56:17.341 WARN kycontroller::kymux_controller::server - Kynet accept failed: connection error: Endpoint closed
2026-09-15T20:56:17.341 WARN kycontroller::kymux_controller::server - Kynet accept failed: connection error: Endpoint closed
2026-09-15T20:56:17.341 WARN kycontroller::kymux_controller::server - Kynet accept failed: connection error: Endpoint closed
2026-09-15T20:56:17.341 WARN kycontroller::kymux_controller::server - Kynet accept failed: connection error: Endpoint closed
2026-09-15T20:56:17.341 WARN kycontroller::kymux_controller::server - Kynet accept failed: connection error: Endpoint closed
2026-09-15T20:56:17.341 WARN kycontroller::kymux_controller::server - Kynet accept failed: connection error: Endpoint closed
2026-09-15T20:56:17.341 WARN kycontroller::kymux_controller::server - Kynet accept failed: connection error: Endpoint closed
2026-09-15T20:56:17.341 WARN kycontroller::kymux_controller::server - Kynet accept failed: connection error: Endpoint closed
2026-09-15T20:56:17.341 WARN kycontroller::kymux_controller::server - Kynet accept failed: connection error: Endpoint closed
2026-09-15T20:56:17.341 WARN kycontroller::kymux_controller::server - Kynet accept failed: connection error: Endpoint closed
2026-09-15T20:56:17.341 WARN kycontroller::kymux_controller::server - Kynet accept failed: connection error: Endpoint closed
2026-09-15T20:56:17.341 WARN kycontroller::kymux_controller::server - Kynet accept failed: connection error: Endpoint closed
2026-09-15T20:56:17.341 WARN kycontroller::kymux_controller::server - Kynet accept failed: connection error: Endpoint closed
2026-09-15T20:56:17.341 WARN kycontroller::kymux_controller::server - Kynet accept failed: connection error: Endpoint closed
2026-09-15T20:56:17.341 WARN kycontroller::kymux_controller::server - Kynet accept failed: connection error: Endpoint closed
2026-09-15T20:56:17.341 WARN kycontroller::kymux_controller::server - Kynet accept failed: connection error: Endpoint closed
2026-09-15T20:56:17.341 WARN kycontroller::kymux_controller::server - Kynet accept failed: connection error: Endpoint closed
2026-09-15T20:56:17.341 WARN kycontroller::kymux_controller::server - Kynet accept failed: connection error: Endpoint closed
2026-09-15T20:56:17.341 WARN kycontroller::kymux_controller::server - Kynet accept failed: connection error: Endpoint closed
2026-09-15T20:56:17.341 WARN kycontroller::kymux_controller::server - Kynet accept failed: connection error: Endpoint closed
2026-09-15T20:56:17.341 WARN kycontroller::kymux_controller::server - Kynet accept failed: connection error: Endpoint closed
2026-09-15T20:56:17.341 WARN kycontroller::kymux_controller::server - Kynet accept failed: connection error: Endpoint closed
2026-09-15T20:56:17.341 WARN kycontroller::kymux_controller::server - Kynet accept failed: connection error: Endpoint closed
2026-09-15T20:56:17.341 WARN kycontroller::kymux_controller::server - Kynet accept failed: connection error: Endpoint closed
2026-09-15T20:56:17.341 WARN kycontroller::kymux_controller::server - Kynet accept failed: connection error: Endpoint closed
2026-09-15T20:56:17.341 WARN kycontroller::kymux_controller::server - Kynet accept failed: connection error: Endpoint closed
2026-09-15T20:56:17.341 WARN kycontroller::kymux_controller::server - Kynet accept failed: connection error: Endpoint closed
2026-09-15T20:56:17.341 WARN kycontroller::kymux_controller::server - Kynet accept failed: connection error: Endpoint closed
2026-09-15T20:56:17.341 WARN kycontroller::kymux_controller::server - Kynet accept failed: connection error: Endpoint closed
2026-09-15T20:56:17.341 WARN kycontroller::kymux_controller::server - Kynet accept failed: connection error: Endpoint closed
2026-09-15T20:56:17.341 WARN kycontroller::kymux_controller::server - Kynet accept failed: connection error: Endpoint closed
2026-09-15T20:56:17.341 WARN kycontroller::kymux_controller::server - Kynet accept failed: connection error: Endpoint closed
2026-09-15T20:56:17.341 WARN kycontroller::kymux_controller::server - Kynet accept failed: connection error: Endpoint closed
2026-09-15T20:56:17.341 WARN kycontroller::kymux_controller::server - Kynet accept failed: connection error: Endpoint closed
2026-09-15T20:56:17.341 WARN kycontroller::kymux_controller::server - Kynet accept failed: connection error: Endpoint closed
2026-09-15T20:56:17.341 WARN kycontroller::kymux_controller::server - Kynet accept failed: connection error: Endpoint closed
2026-09-15T20:56:17.341 WARN kycontroller::kymux_controller::server - Kynet accept failed: connection error: Endpoint closed
2026-09-15T20:56:17.341 WARN kycontroller::kymux_controller::server - Kynet accept failed: connection error: Endpoint closed
2026-09-15T20:56:17.341 WARN kycontroller::kymux_controller::server - Kynet accept failed: connection error: Endpoint closed
2026-09-15T20:56:17.341 WARN kycontroller::kymux_controller::server - Kynet accept failed: connection error: Endpoint closed
2026-09-15T20:56:17.341 WARN kycontroller::kymux_controller::server - Kynet accept failed: connection error: Endpoint closed
2026-09-15T20:56:17.341 WARN kycontroller::kymux_controller::server - Kynet accept failed: connection error: Endpoint closed
2026-09-15T20:56:17.341 WARN kycontroller::kymux_controller::server - Kynet accept failed: connection error: Endpoint closed
2026-09-15T20:56:17.341 WARN kycontroller::kymux_controller::server - Kynet accept failed: connection error: Endpoint closed
2026-09-15T20:56:17.341 WARN kycontroller::kymux_controller::server - Kynet accept failed: connection error: Endpoint closed
2026-09-15T20:56:17.341 WARN kycontroller::kymux_controller::server - Kynet accept failed: connection error: Endpoint closed
2026-09-15T20:56:17.341 WARN kycontroller::kymux_controller::server - Kynet accept failed: connection error: Endpoint closed
2026-09-15T20:56:17.341 WARN kycontroller::kymux_controller::server - Kynet accept failed: connection error: Endpoint closed
2026-09-15T20:56:17.341 WARN kycontroller::kymux_controller::server - Kynet accept failed: connection error: Endpoint closed
2026-09-15T20:56:17.341 WARN kycontroller::kymux_controller::server - Kynet accept failed: connection error: Endpoint closed
2026-09-15T20:56:17.341 WARN kycontroller::kymux_controller::server - Kynet accept failed: connection error: Endpoint closed
2026-09-15T20:56:17.341 WARN kycontroller::kymux_controller::server - Kynet accept failed: connection error: Endpoint closed
2026-09-15T20:56:17.341 WARN kycontroller::kymux_controller::server - Kynet accept failed: connection error: Endpoint closed
2026-09-15T20:56:17.341 WARN kycontroller::kymux_controller::server - Kynet accept failed: connection error: Endpoint closed
2026-09-15T20:56:17.341 WARN kycontroller::kymux_controller::server - Kynet accept failed: connection error: Endpoint closed
2026-09-15T20:56:17.341 WARN kycontroller::kymux_controller::server - Kynet accept failed: connection error: Endpoint closed
2026-09-15T20:56:17.341 WARN kycontroller::kymux_controller::server - Kynet accept failed: connection error: Endpoint closed
2026-09-15T20:56:17.341 WARN kycontroller::kymux_controller::server - Kynet accept failed: connection error: Endpoint closed
2026-09-15T20:56:17.342 WARN kycontroller::kymux_controller::server - Kynet accept failed: connection error: Endpoint closed
2026-09-15T20:56:17.342 WARN kycontroller::kymux_controller::server - Kynet accept failed: connection error: Endpoint closed
2026-09-15T20:56:17.342 WARN kycontroller::kymux_controller::server - Kynet accept failed: connection error: Endpoint closed
2026-09-15T20:56:17.342 WARN kycontroller::kymux_controller::server - Kynet accept failed: connection error: Endpoint closed
2026-09-15T20:56:17.342 WARN kycontroller::kymux_controller::server - Kynet accept failed: connection error: Endpoint closed
2026-09-15T20:56:17.342 WARN kycontroller::kymux_controller::server - Kynet accept failed: connection error: Endpoint closed
2026-09-15T20:56:17.342 WARN kycontroller::kymux_controller::server - Kynet accept failed: connection error: Endpoint closed
2026-09-15T20:56:17.342 WARN kycontroller::kymux_controller::server - Kynet accept failed: connection error: Endpoint closed
2026-09-15T20:56:17.342 WARN kycontroller::kymux_controller::server - Kynet accept failed: connection error: Endpoint closed
2026-09-15T20:56:17.342 WARN kycontroller::kymux_controller::server - Kynet accept failed: connection error: Endpoint closed
2026-09-15T20:56:17.342 WARN kycontroller::kymux_controller::server - Kynet accept failed: connection error: Endpoint closed
2026-09-15T20:56:17.342 WARN kycontroller::kymux_controller::server - Kynet accept failed: connection error: Endpoint closed
2026-09-15T20:56:17.342 WARN kycontroller::kymux_controller::server - Kynet accept failed: connection error: Endpoint closed
2026-09-15T20:56:17.342 WARN kycontroller::kymux_controller::server - Kynet accept failed: connection error: Endpoint closed
2026-09-15T20:56:17.342 WARN kycontroller::kymux_controller::server - Kynet accept failed: connection error: Endpoint closed
2026-09-15T20:56:17.342 WARN kycontroller::kymux_controller::server - Kynet accept failed: connection error: Endpoint closed
2026-09-15T20:56:17.342 WARN kycontroller::kymux_controller::server - Kynet accept failed: connection error: Endpoint closed
2026-09-15T20:56:17.342 WARN kycontroller::kymux_controller::server - Kynet accept failed: connection error: Endpoint closed
2026-09-15T20:56:17.342 WARN kycontroller::kymux_controller::server - Kynet accept failed: connection error: Endpoint closed
2026-09-15T20:56:17.342 WARN kycontroller::kymux_controller::server - Kynet accept failed: connection error: Endpoint closed
2026-09-15T20:56:17.342 WARN kycontroller::kymux_controller::server - Kynet accept failed: connection error: Endpoint closed
2026-09-15T20:56:17.342 WARN kycontroller::kymux_controller::server - Kynet accept failed: connection error: Endpoint closed
2026-09-15T20:56:17.342 WARN kycontroller::kymux_controller::server - Kynet accept failed: connection error: Endpoint closed
2026-09-15T20:56:17.342 WARN kycontroller::kymux_controller::server - Kynet accept failed: connection error: Endpoint closed
2026-09-15T20:56:17.342 WARN kycontroller::kymux_controller::server - Kynet accept failed: connection error: Endpoint closed
2026-09-15T20:56:17.342 WARN kycontroller::kymux_controller::server - Kynet accept failed: connection error: Endpoint closed
2026-09-15T20:56:17.342 WARN kycontroller::kymux_controller::server - Kynet accept failed: connection error: Endpoint closed
2026-09-15T20:56:17.342 WARN kycontroller::kymux_controller::server - Kynet accept failed: connection error: Endpoint closed
2026-09-15T20:56:17.342 WARN kycontroller::kymux_controller::server - Kynet accept failed: connection error: Endpoint closed
2026-09-15T20:56:17.342 WARN kycontroller::kymux_controller::server - Kynet accept failed: connection error: Endpoint closed
2026-09-15T20:56:17.342 WARN kycontroller::kymux_controller::server - Kynet accept failed: connection error: Endpoint closed
2026-09-15T20:56:17.342 WARN kycontroller::kymux_controller::server - Kynet accept failed: connection error: Endpoint closed
2026-09-15T20:56:17.342 WARN kycontroller::kymux_controller::server - Kynet accept failed: connection error: Endpoint closed
2026-09-15T20:56:17.342 WARN kycontroller::kymux_controller::server - Kynet accept failed: connection error: Endpoint closed
2026-09-15T20:56:17.342 WARN kycontroller::kymux_controller::server - Kynet accept failed: connection error: Endpoint closed
2026-09-15T20:56:17.342 WARN kycontroller::kymux_controller::server - Kynet accept failed: connection error: Endpoint closed
2026-09-15T20:56:17.342 WARN kycontroller::kymux_controller::server - Kynet accept failed: connection error: Endpoint closed
2026-09-15T20:56:17.342 WARN kycontroller::kymux_controller::server - Kynet accept failed: connection error: Endpoint closed
2026-09-15T20:56:17.342 WARN kycontroller::kymux_controller::server - Kynet accept failed: connection error: Endpoint closed
2026-09-15T20:56:17.342 WARN kycontroller::kymux_controller::server - Kynet accept failed: connection error: Endpoint closed
2026-09-15T20:56:17.342 WARN kycontroller::kymux_controller::server - Kynet accept failed: connection error: Endpoint closed
2026-09-15T20:56:17.342 WARN kycontroller::kymux_controller::server - Kynet accept failed: connection error: Endpoint closed
2026-09-15T20:56:17.342 WARN kycontroller::kymux_controller::server - Kynet accept failed: connection error: Endpoint closed
2026-09-15T20:56:17.342 WARN kycontroller::kymux_controller::server - Kynet accept failed: connection error: Endpoint closed
2026-09-15T20:56:17.342 WARN kycontroller::kymux_controller::server - Kynet accept failed: connection error: Endpoint closed
2026-09-15T20:56:17.342 WARN kycontroller::kymux_controller::server - Kynet accept failed: connection error: Endpoint closed
2026-09-15T20:56:17.342 WARN kycontroller::kymux_controller::server - Kynet accept failed: connection error: Endpoint closed
2026-09-15T20:56:17.342 WARN kycontroller::kymux_controller::server - Kynet accept failed: connection error: Endpoint closed
2026-09-15T20:56:17.342 WARN kycontroller::kymux_controller::server - Kynet accept failed: connection error: Endpoint closed
2026-09-15T20:56:17.342 WARN kycontroller::kymux_controller::server - Kynet accept failed: connection error: Endpoint closed
2026-09-15T20:56:17.342 WARN kycontroller::kymux_controller::server - Kynet accept failed: connection error: Endpoint closed
2026-09-15T20:56:17.342 WARN kycontroller::kymux_controller::server - Kynet accept failed: connection error: Endpoint closed
2026-09-15T20:56:17.342 WARN kycontroller::kymux_controller::server - Kynet accept failed: connection error: Endpoint closed
2026-09-15T20:56:17.342 WARN kycontroller::kymux_controller::server - Kynet accept failed: connection error: Endpoint closed
2026-09-15T20:56:17.342 WARN kycontroller::kymux_controller::server - Kynet accept failed: connection error: Endpoint closed
2026-09-15T20:56:17.342 WARN kycontroller::kymux_controller::server - Kynet accept failed: connection error: Endpoint closed
2026-09-15T20:56:17.342 WARN kycontroller::kymux_controller::server - Kynet accept failed: connection error: Endpoint closed
2026-09-15T20:56:17.342 WARN kycontroller::kymux_controller::server - Kynet accept failed: connection error: Endpoint closed
2026-09-15T20:56:17.342 WARN kycontroller::kymux_controller::server - Kynet accept failed: connection error: Endpoint closed
2026-09-15T20:56:17.342 WARN kycontroller::kymux_controller::server - Kynet accept failed: connection error: Endpoint closed
2026-09-15T20:56:17.342 WARN kycontroller::kymux_controller::server - Kynet accept failed: connection error: Endpoint closed
2026-09-15T20:56:17.342 WARN kycontroller::kymux_controller::server - Kynet accept failed: connection error: Endpoint closed
2026-09-15T20:56:17.342 WARN kycontroller::kymux_controller::server - Kynet accept failed: connection error: Endpoint closed
2026-09-15T20:56:17.342 WARN kycontroller::kymux_controller::server - Kynet accept failed: connection error: Endpoint closed
2026-09-15T20:56:17.342 WARN kycontroller::kymux_controller::server - Kynet accept failed: connection error: Endpoint closed
2026-09-15T20:56:17.342 WARN kycontroller::kymux_controller::server - Kynet accept failed: connection error: Endpoint closed
2026-09-15T20:56:17.342 WARN kycontroller::kymux_controller::server - Kynet accept failed: connection error: Endpoint closed
2026-09-15T20:56:17.342 WARN kycontroller::kymux_controller::server - Kynet accept failed: connection error: Endpoint closed
2026-09-15T20:56:17.342 WARN kycontroller::kymux_controller::server - Kynet accept failed: connection error: Endpoint closed
2026-09-15T20:56:17.342 WARN kycontroller::kymux_controller::server - Kynet accept failed: connection error: Endpoint closed
2026-09-15T20:56:17.342 WARN kycontroller::kymux_controller::server - Kynet accept failed: connection error: Endpoint closed
2026-09-15T20:56:17.342 WARN kycontroller::kymux_controller::server - Kynet accept failed: connection error: Endpoint closed
2026-09-15T20:56:17.342 WARN kycontroller::kymux_controller::server - Kynet accept failed: connection error: Endpoint closed
2026-09-15T20:56:17.342 WARN kycontroller::kymux_controller::server - Kynet accept failed: connection error: Endpoint closed
2026-09-15T20:56:17.342 WARN kycontroller::kymux_controller::server - Kynet accept failed: connection error: Endpoint closed
2026-09-15T20:56:17.342 WARN kycontroller::kymux_controller::server - Kynet accept failed: connection error: Endpoint closed
2026-09-15T20:56:17.342 WARN kycontroller::kymux_controller::server - Kynet accept failed: connection error: Endpoint closed
2026-09-15T20:56:17.342 WARN kycontroller::kymux_controller::server - Kynet accept failed: connection error: Endpoint closed
2026-09-15T20:56:17.342 WARN kycontroller::kymux_controller::server - Kynet accept failed: connection error: Endpoint closed
2026-09-15T20:56:17.342 WARN kycontroller::kymux_controller::server - Kynet accept failed: connection error: Endpoint closed
2026-09-15T20:56:17.342 WARN kycontroller::kymux_controller::server - Kynet accept failed: connection error: Endpoint closed
2026-09-15T20:56:17.342 WARN kycontroller::kymux_controller::server - Kynet accept failed: connection error: Endpoint closed
2026-09-15T20:56:17.342 WARN kycontroller::kymux_controller::server - Kynet accept failed: connection error: Endpoint closed
2026-09-15T20:56:17.342 WARN kycontroller::kymux_controller::server - Kynet accept failed: connection error: Endpoint closed
2026-09-15T20:56:17.342 WARN kycontroller::kymux_controller::server - Kynet accept failed: connection error: Endpoint closed
2026-09-15T20:56:17.342 WARN kycontroller::kymux_controller::server - Kynet accept failed: connection error: Endpoint closed
2026-09-15T20:56:17.342 WARN kycontroller::kymux_controller::server - Kynet accept failed: connection error: Endpoint closed
2026-09-15T20:56:17.342 WARN kycontroller::kymux_controller::server - Kynet accept failed: connection error: Endpoint closed
2026-09-15T20:56:17.342 WARN kycontroller::kymux_controller::server - Kynet accept failed: connection error: Endpoint closed
2026-09-15T20:56:17.342 WARN kycontroller::kymux_controller::server - Kynet accept failed: connection error: Endpoint closed
2026-09-15T20:56:17.342 WARN kycontroller::kymux_controller::server - Kynet accept failed: connection error: Endpoint closed
2026-09-15T20:56:17.342 WARN kycontroller::kymux_controller::server - Kynet accept failed: connection error: Endpoint closed
2026-09-15T20:56:17.342 WARN kycontroller::kymux_controller::server - Kynet accept failed: connection error: Endpoint closed
2026-09-15T20:56:17.342 WARN kycontroller::kymux_controller::server - Kynet accept failed: connection error: Endpoint closed
2026-09-15T20:56:17.342 WARN kycontroller::kymux_controller::server - Kynet accept failed: connection error: Endpoint closed
2026-09-15T20:56:17.342 WARN kycontroller::kymux_controller::server - Kynet accept failed: connection error: Endpoint closed
2026-09-15T20:56:17.342 WARN kycontroller::kymux_controller::server - Kynet accept failed: connection error: Endpoint closed
2026-09-15T20:56:17.342 WARN kycontroller::kymux_controller::server - Kynet accept failed: connection error: Endpoint closed
2026-09-15T20:56:17.342 WARN kycontroller::kymux_controller::server - Kynet accept failed: connection error: Endpoint closed
2026-09-15T20:56:17.342 WARN kycontroller::kymux_controller::server - Kynet accept failed: connection error: Endpoint closed
2026-09-15T20:56:17.342 WARN kycontroller::kymux_controller::server - Kynet accept failed: connection error: Endpoint closed
2026-09-15T20:56:17.342 WARN kycontroller::kymux_controller::server - Kynet accept failed: connection error: Endpoint closed
2026-09-15T20:56:17.342 WARN kycontroller::kymux_controller::server - Kynet accept failed: connection error: Endpoint closed
2026-09-15T20:56:17.342 WARN kycontroller::kymux_controller::server - Kynet accept failed: connection error: Endpoint closed
2026-09-15T20:56:17.342 WARN kycontroller::kymux_controller::server - Kynet accept failed: connection error: Endpoint closed
2026-09-15T20:56:17.342 WARN kycontroller::kymux_controller::server - Kynet accept failed: connection error: Endpoint closed
2026-09-15T20:56:17.343 WARN kycontroller::kymux_controller::server - Kynet accept failed: connection error: Endpoint closed
2026-09-15T20:56:17.343 WARN kycontroller::kymux_controller::server - Kynet accept failed: connection error: Endpoint closed
2026-09-15T20:56:17.343 WARN kycontroller::kymux_controller::server - Kynet accept failed: connection error: Endpoint closed
2026-09-15T20:56:17.343 WARN kycontroller::kymux_controller::server - Kynet accept failed: connection error: Endpoint closed
2026-09-15T20:56:17.343 WARN kycontroller::kymux_controller::server - Kynet accept failed: connection error: Endpoint closed
2026-09-15T20:56:17.343 WARN kycontroller::kymux_controller::server - Kynet accept failed: connection error: Endpoint closed
2026-09-15T20:56:17.343 WARN kycontroller::kymux_controller::server - Kynet accept failed: connection error: Endpoint closed
2026-09-15T20:56:17.343 WARN kycontroller::kymux_controller::server - Kynet accept failed: connection error: Endpoint closed
2026-09-15T20:56:17.343 WARN kycontroller::kymux_controller::server - Kynet accept failed: connection error: Endpoint closed
2026-09-15T20:56:17.343 WARN kycontroller::kymux_controller::server - Kynet accept failed: connection error: Endpoint closed
2026-09-15T20:56:17.343 WARN kycontroller::kymux_controller::server - Kynet accept failed: connection error: Endpoint closed
2026-09-15T20:56:17.343 WARN kycontroller::kymux_controller::server - Kynet accept failed: connection error: Endpoint closed
2026-09-15T20:56:17.343 WARN kycontroller::kymux_controller::server - Kynet accept failed: connection error: Endpoint closed
2026-09-15T20:56:17.343 WARN kycontroller::kymux_controller::server - Kynet accept failed: connection error: Endpoint closed
2026-09-15T20:56:17.343 WARN kycontroller::kymux_controller::server - Kynet accept failed: connection error: Endpoint closed
2026-09-15T20:56:17.343 WARN kycontroller::kymux_controller::server - Kynet accept failed: connection error: Endpoint closed
2026-09-15T20:56:17.343 WARN kycontroller::kymux_controller::server - Kynet accept failed: connection error: Endpoint closed
2026-09-15T20:56:17.343 WARN kycontroller::kymux_controller::server - Kynet accept failed: connection error: Endpoint closed
2026-09-15T20:56:17.343 WARN kycontroller::kymux_controller::server - Kynet accept failed: connection error: Endpoint closed
2026-09-15T20:56:17.343 WARN kycontroller::kymux_controller::server - Kynet accept failed: connection error: Endpoint closed
2026-09-15T20:56:17.343 WARN kycontroller::kymux_controller::server - Kynet accept failed: connection error: Endpoint closed
2026-09-15T20:56:17.343 WARN kycontroller::kymux_controller::server - Kynet accept failed: connection error: Endpoint closed
2026-09-15T20:56:17.343 WARN kycontroller::kymux_controller::server - Kynet accept failed: connection error: Endpoint closed
2026-09-15T20:56:17.343 WARN kycontroller::kymux_controller::server - Kynet accept failed: connection error: Endpoint closed
2026-09-15T20:56:17.343 WARN kycontroller::kymux_controller::server - Kynet accept failed: connection error: Endpoint closed
2026-09-15T20:56:17.343 WARN kycontroller::kymux_controller::server - Kynet accept failed: connection error: Endpoint closed
2026-09-15T20:56:17.343 WARN kycontroller::kymux_controller::server - Kynet accept failed: connection error: Endpoint closed
2026-09-15T20:56:17.343 WARN kycontroller::kymux_controller::server - Kynet accept failed: connection error: Endpoint closed
2026-09-15T20:56:17.343 WARN kycontroller::kymux_controller::server - Kynet accept failed: connection error: Endpoint closed
2026-09-15T20:56:17.343 WARN kycontroller::kymux_controller::server - Kynet accept failed: connection error: Endpoint closed
2026-09-15T20:56:17.343 WARN kycontroller::kymux_controller::server - Kynet accept failed: connection error: Endpoint closed
2026-09-15T20:56:17.343 WARN kycontroller::kymux_controller::server - Kynet accept failed: connection error: Endpoint closed
2026-09-15T20:56:17.343 WARN kycontroller::kymux_controller::server - Kynet accept failed: connection error: Endpoint closed
2026-09-15T20:56:17.343 WARN kycontroller::kymux_controller::server - Kynet accept failed: connection error: Endpoint closed
2026-09-15T20:56:17.343 WARN kycontroller::kymux_controller::server - Kynet accept failed: connection error: Endpoint closed
2026-09-15T20:56:17.343 WARN kycontroller::kymux_controller::server - Kynet accept failed: connection error: Endpoint closed
2026-09-15T20:56:17.343 WARN kycontroller::kymux_controller::server - Kynet accept failed: connection error: Endpoint closed
2026-09-15T20:56:17.343 WARN kycontroller::kymux_controller::server - Kynet accept failed: connection error: Endpoint closed
2026-09-15T20:56:17.343 WARN kycontroller::kymux_controller::server - Kynet accept failed: connection error: Endpoint closed
2026-09-15T20:56:17.343 WARN kycontroller::kymux_controller::server - Kynet accept failed: connection error: Endpoint closed
2026-09-15T20:56:17.343 WARN kycontroller::kymux_controller::server - Kynet accept failed: connection error: Endpoint closed
2026-09-15T20:56:17.343 WARN kycontroller::kymux_controller::server - Kynet accept failed: connection error: Endpoint closed
2026-09-15T20:56:17.343 WARN kycontroller::kymux_controller::server - Kynet accept failed: connection error: Endpoint closed
2026-09-15T20:56:17.343 WARN kycontroller::kymux_controller::server - Kynet accept failed: connection error: Endpoint closed
2026-09-15T20:56:17.343 WARN kycontroller::kymux_controller::server - Kynet accept failed: connection error: Endpoint closed
2026-09-15T20:56:17.343 WARN kycontroller::kymux_controller::server - Kynet accept failed: connection error: Endpoint closed
2026-09-15T20:56:17.343 WARN kycontroller::kymux_controller::server - Kynet accept failed: connection error: Endpoint closed
2026-09-15T20:56:17.343 WARN kycontroller::kymux_controller::server - Kynet accept failed: connection error: Endpoint closed
2026-09-15T20:56:17.343 WARN kycontroller::kymux_controller::server - Kynet accept failed: connection error: Endpoint closed
2026-09-15T20:56:17.343 WARN kycontroller::kymux_controller::server - Kynet accept failed: connection error: Endpoint closed
2026-09-15T20:56:17.343 WARN kycontroller::kymux_controller::server - Kynet accept failed: connection error: Endpoint closed
2026-09-15T20:56:17.343 WARN kycontroller::kymux_controller::server - Kynet accept failed: connection error: Endpoint closed
2026-09-15T20:56:17.343 WARN kycontroller::kymux_controller::server - Kynet accept failed: connection error: Endpoint closed
2026-09-15T20:56:17.343 WARN kycontroller::kymux_controller::server - Kynet accept failed: connection error: Endpoint closed
2026-09-15T20:56:17.343 WARN kycontroller::kymux_controller::server - Kynet accept failed: connection error: Endpoint closed
2026-09-15T20:56:17.343 WARN kycontroller::kymux_controller::server - Kynet accept failed: connection error: Endpoint closed
2026-09-15T20:56:17.343 WARN kycontroller::kymux_controller::server - Kynet accept failed: connection error: Endpoint closed
2026-09-15T20:56:17.343 WARN kycontroller::kymux_controller::server - Kynet accept failed: connection error: Endpoint closed
2026-09-15T20:56:17.343 WARN kycontroller::kymux_controller::server - Kynet accept failed: connection error: Endpoint closed
2026-09-15T20:56:17.343 WARN kycontroller::kymux_controller::server - Kynet accept failed: connection error: Endpoint closed
2026-09-15T20:56:17.343 WARN kycontroller::kymux_controller::server - Kynet accept failed: connection error: Endpoint closed
2026-09-15T20:56:17.343 WARN kycontroller::kymux_controller::server - Kynet accept failed: connection error: Endpoint closed
2026-09-15T20:56:17.343 WARN kycontroller::kymux_controller::server - Kynet accept failed: connection error: Endpoint closed
2026-09-15T20:56:17.343 WARN kycontroller::kymux_controller::server - Kynet accept failed: connection error: Endpoint closed
2026-09-15T20:56:17.343 WARN kycontroller::kymux_controller::server - Kynet accept failed: connection error: Endpoint closed
2026-09-15T20:56:17.343 WARN kycontroller::kymux_controller::server - Kynet accept failed: connection error: Endpoint closed
2026-09-15T20:56:17.343 WARN kycontroller::kymux_controller::server - Kynet accept failed: connection error: Endpoint closed
2026-09-15T20:56:17.343 WARN kycontroller::kymux_controller::server - Kynet accept failed: connection error: Endpoint closed
2026-09-15T20:56:17.343 WARN kycontroller::kymux_controller::server - Kynet accept failed: connection error: Endpoint closed
2026-09-15T20:56:17.343 WARN kycontroller::kymux_controller::server - Kynet accept failed: connection error: Endpoint closed
2026-09-15T20:56:17.343 WARN kycontroller::kymux_controller::server - Kynet accept failed: connection error: Endpoint closed
2026-09-15T20:56:17.343 WARN kycontroller::kymux_controller::server - Kynet accept failed: connection error: Endpoint closed
2026-09-15T20:56:17.343 WARN kycontroller::kymux_controller::server - Kynet accept failed: connection error: Endpoint closed
2026-09-15T20:56:17.343 WARN kycontroller::kymux_controller::server - Kynet accept failed: connection error: Endpoint closed
2026-09-15T20:56:17.343 WARN kycontroller::kymux_controller::server - Kynet accept failed: connection error: Endpoint closed
2026-09-15T20:56:17.343 WARN kycontroller::kymux_controller::server - Kynet accept failed: connection error: Endpoint closed
2026-09-15T20:56:17.343 WARN kycontroller::kymux_controller::server - Kynet accept failed: connection error: Endpoint closed
2026-09-15T20:56:17.343 WARN kycontroller::kymux_controller::server - Kynet accept failed: connection error: Endpoint closed
2026-09-15T20:56:17.343 WARN kycontroller::kymux_controller::server - Kynet accept failed: connection error: Endpoint closed
2026-09-15T20:56:17.343 WARN kycontroller::kymux_controller::server - Kynet accept failed: connection error: Endpoint closed
2026-09-15T20:56:17.343 WARN kycontroller::kymux_controller::server - Kynet accept failed: connection error: Endpoint closed
2026-09-15T20:56:17.343 WARN kycontroller::kymux_controller::server - Kynet accept failed: connection error: Endpoint closed
2026-09-15T20:56:17.343 WARN kycontroller::kymux_controller::server - Kynet accept failed: connection error: Endpoint closed
2026-09-15T20:56:17.343 WARN kycontroller::kymux_controller::server - Kynet accept failed: connection error: Endpoint closed
2026-09-15T20:56:17.343 WARN kycontroller::kymux_controller::server - Kynet accept failed: connection error: Endpoint closed
2026-09-15T20:56:17.343 WARN kycontroller::kymux_controller::server - Kynet accept failed: connection error: Endpoint closed
2026-09-15T20:56:17.343 WARN kycontroller::kymux_controller::server - Kynet accept failed: connection error: Endpoint closed
2026-09-15T20:56:17.343 WARN kycontroller::kymux_controller::server - Kynet accept failed: connection error: Endpoint closed
2026-09-15T20:56:17.343 WARN kycontroller::kymux_controller::server - Kynet accept failed: connection error: Endpoint closed
2026-09-15T20:56:17.343 WARN kycontroller::kymux_controller::server - Kynet accept failed: connection error: Endpoint closed
2026-09-15T20:56:17.343 WARN kycontroller::kymux_controller::server - Kynet accept failed: connection error: Endpoint closed
2026-09-15T20:56:17.343 WARN kycontroller::kymux_controller::server - Kynet accept failed: connection error: Endpoint closed
2026-09-15T20:56:17.343 WARN kycontroller::kymux_controller::server - Kynet accept failed: connection error: Endpoint closed
2026-09-15T20:56:17.343 WARN kycontroller::kymux_controller::server - Kynet accept failed: connection error: Endpoint closed
2026-09-15T20:56:17.343 WARN kycontroller::kymux_controller::server - Kynet accept failed: connection error: Endpoint closed
2026-09-15T20:56:17.343 WARN kycontroller::kymux_controller::server - Kynet accept failed: connection error: Endpoint closed
2026-09-15T20:56:17.343 WARN kycontroller::kymux_controller::server - Kynet accept failed: connection error: Endpoint closed
2026-09-15T20:56:17.343 WARN kycontroller::kymux_controller::server - Kynet accept failed: connection error: Endpoint closed
2026-09-15T20:56:17.343 WARN kycontroller::kymux_controller::server - Kynet accept failed: connection error: Endpoint closed
2026-09-15T20:56:17.343 WARN kycontroller::kymux_controller::server - Kynet accept failed: connection error: Endpoint closed
2026-09-15T20:56:17.343 WARN kycontroller::kymux_controller::server - Kynet accept failed: connection error: Endpoint closed
2026-09-15T20:56:17.343 WARN kycontroller::kymux_controller::server - Kynet accept failed: connection error: Endpoint closed
2026-09-15T20:56:17.343 WARN kycontroller::kymux_controller::server - Kynet accept failed: connection error: Endpoint closed
2026-09-15T20:56:17.343 WARN kycontroller::kymux_controller::server - Kynet accept failed: connection error: Endpoint closed
2026-09-15T20:56:17.344 WARN kycontroller::kymux_controller::server - Kynet accept failed: connection error: Endpoint closed
2026-09-15T20:56:17.344 WARN kycontroller::kymux_controller::server - Kynet accept failed: connection error: Endpoint closed
2026-09-15T20:56:17.344 WARN kycontroller::kymux_controller::server - Kynet accept failed: connection error: Endpoint closed
2026-09-15T20:56:17.344 WARN kycontroller::kymux_controller::server - Kynet accept failed: connection error: Endpoint closed
2026-09-15T20:56:17.344 WARN kycontroller::kymux_controller::server - Kynet accept failed: connection error: Endpoint closed
2026-09-15T20:56:17.344 WARN kycontroller::kymux_controller::server - Kynet accept failed: connection error: Endpoint closed
2026-09-15T20:56:17.344 WARN kycontroller::kymux_controller::server - Kynet accept failed: connection error: Endpoint closed
2026-09-15T20:56:17.344 WARN kycontroller::kymux_controller::server - Kynet accept failed: connection error: Endpoint closed
2026-09-15T20:56:17.344 WARN kycontroller::kymux_controller::server - Kynet accept failed: connection error: Endpoint closed
2026-09-15T20:56:17.344 WARN kycontroller::kymux_controller::server - Kynet accept failed: connection error: Endpoint closed
2026-09-15T20:56:17.344 WARN kycontroller::kymux_controller::server - Kynet accept failed: connection error: Endpoint closed
2026-09-15T20:56:17.344 WARN kycontroller::kymux_controller::server - Kynet accept failed: connection error: Endpoint closed
2026-09-15T20:56:17.344 WARN kycontroller::kymux_controller::server - Kynet accept failed: connection error: Endpoint closed
2026-09-15T20:56:17.344 WARN kycontroller::kymux_controller::server - Kynet accept failed: connection error: Endpoint closed
2026-09-15T20:56:17.344 WARN kycontroller::kymux_controller::server - Kynet accept failed: connection error: Endpoint closed
2026-09-15T20:56:17.344 WARN kycontroller::kymux_controller::server - Kynet accept failed: connection error: Endpoint closed
2026-09-15T20:56:17.344 WARN kycontroller::kymux_controller::server - Kynet accept failed: connection error: Endpoint closed
2026-09-15T20:56:17.344 WARN kycontroller::kymux_controller::server - Kynet accept failed: connection error: Endpoint closed
2026-09-15T20:56:17.344 WARN kycontroller::kymux_controller::server - Kynet accept failed: connection error: Endpoint closed
2026-09-15T20:56:17.344 WARN kycontroller::kymux_controller::server - Kynet accept failed: connection error: Endpoint closed
2026-09-15T20:56:17.344 WARN kycontroller::kymux_controller::server - Kynet accept failed: connection error: Endpoint closed
2026-09-15T20:56:17.344 WARN kycontroller::kymux_controller::server - Kynet accept failed: connection error: Endpoint closed
2026-09-15T20:56:17.344 WARN kycontroller::kymux_controller::server - Kynet accept failed: connection error: Endpoint closed
2026-09-15T20:56:17.344 WARN kycontroller::kymux_controller::server - Kynet accept failed: connection error: Endpoint closed
2026-09-15T20:56:17.344 WARN kycontroller::kymux_controller::server - Kynet accept failed: connection error: Endpoint closed
2026-09-15T20:56:17.344 WARN kycontroller::kymux_controller::server - Kynet accept failed: connection error: Endpoint closed
2026-09-15T20:56:17.344 WARN kycontroller::kymux_controller::server - Kynet accept failed: connection error: Endpoint closed
2026-09-15T20:56:17.344 WARN kycontroller::kymux_controller::server - Kynet accept failed: connection error: Endpoint closed
2026-09-15T20:56:17.344 WARN kycontroller::kymux_controller::server - Kynet accept failed: connection error: Endpoint closed
2026-09-15T20:56:17.344 WARN kycontroller::kymux_controller::server - Kynet accept failed: connection error: Endpoint closed
2026-09-15T20:56:17.344 WARN kycontroller::kymux_controller::server - Kynet accept failed: connection error: Endpoint closed
2026-09-15T20:56:17.344 WARN kycontroller::kymux_controller::server - Kynet accept failed: connection error: Endpoint closed
2026-09-15T20:56:17.344 WARN kycontroller::kymux_controller::server - Kynet accept failed: connection error: Endpoint closed
2026-09-15T20:56:17.344 WARN kycontroller::kymux_controller::server - Kynet accept failed: connection error: Endpoint closed
2026-09-15T20:56:17.344 WARN kycontroller::kymux_controller::server - Kynet accept failed: connection error: Endpoint closed
2026-09-15T20:56:17.344 WARN kycontroller::kymux_controller::server - Kynet accept failed: connection error: Endpoint closed
2026-09-15T20:56:17.344 WARN kycontroller::kymux_controller::server - Kynet accept failed: connection error: Endpoint closed
2026-09-15T20:56:17.344 WARN kycontroller::kymux_controller::server - Kynet accept failed: connection error: Endpoint closed
2026-09-15T20:56:17.344 WARN kycontroller::kymux_controller::server - Kynet accept failed: connection error: Endpoint closed
2026-09-15T20:56:17.344 WARN kycontroller::kymux_controller::server - Kynet accept failed: connection error: Endpoint closed
2026-09-15T20:56:17.344 WARN kycontroller::kymux_controller::server - Kynet accept failed: connection error: Endpoint closed
2026-09-15T20:56:17.344 WARN kycontroller::kymux_controller::server - Kynet accept failed: connection error: Endpoint closed
2026-09-15T20:56:17.344 WARN kycontroller::kymux_controller::server - Kynet accept failed: connection error: Endpoint closed
2026-09-15T20:56:17.344 WARN kycontroller::kymux_controller::server - Kynet accept failed: connection error: Endpoint closed
2026-09-15T20:56:17.344 WARN kycontroller::kymux_controller::server - Kynet accept failed: connection error: Endpoint closed
2026-09-15T20:56:17.344 WARN kycontroller::kymux_controller::server - Kynet accept failed: connection error: Endpoint closed
2026-09-15T20:56:17.344 WARN kycontroller::kymux_controller::server - Kynet accept failed: connection error: Endpoint closed
2026-09-15T20:56:17.344 WARN kycontroller::kymux_controller::server - Kynet accept failed: connection error: Endpoint closed
2026-09-15T20:56:17.344 WARN kycontroller::kymux_controller::server - Kynet accept failed: connection error: Endpoint closed
2026-09-15T20:56:17.344 WARN kycontroller::kymux_controller::server - Kynet accept failed: connection error: Endpoint closed
2026-09-15T20:56:17.344 WARN kycontroller::kymux_controller::server - Kynet accept failed: connection error: Endpoint closed
2026-09-15T20:56:17.344 WARN kycontroller::kymux_controller::server - Kynet accept failed: connection error: Endpoint closed
2026-09-15T20:56:17.344 WARN kycontroller::kymux_controller::server - Kynet accept failed: connection error: Endpoint closed
2026-09-15T20:56:17.344 WARN kycontroller::kymux_controller::server - Kynet accept failed: connection error: Endpoint closed
2026-09-15T20:56:17.344 WARN kycontroller::kymux_controller::server - Kynet accept failed: connection error: Endpoint closed
2026-09-15T20:56:17.344 WARN kycontroller::kymux_controller::server - Kynet accept failed: connection error: Endpoint closed
2026-09-15T20:56:17.344 WARN kycontroller::kymux_controller::server - Kynet accept failed: connection error: Endpoint closed
2026-09-15T20:56:17.344 WARN kycontroller::kymux_controller::server - Kynet accept failed: connection error: Endpoint closed
2026-09-15T20:56:17.344 WARN kycontroller::kymux_controller::server - Kynet accept failed: connection error: Endpoint closed
2026-09-15T20:56:17.344 WARN kycontroller::kymux_controller::server - Kynet accept failed: connection error: Endpoint closed
2026-09-15T20:56:17.344 WARN kycontroller::kymux_controller::server - Kynet accept failed: connection error: Endpoint closed
2026-09-15T20:56:17.344 WARN kycontroller::kymux_controller::server - Kynet accept failed: connection error: Endpoint closed
2026-09-15T20:56:17.344 WARN kycontroller::kymux_controller::server - Kynet accept failed: connection error: Endpoint closed
2026-09-15T20:56:17.344 WARN kycontroller::kymux_controller::server - Kynet accept failed: connection error: Endpoint closed
2026-09-15T20:56:17.344 WARN kycontroller::kymux_controller::server - Kynet accept failed: connection error: Endpoint closed
2026-09-15T20:56:17.344 WARN kycontroller::kymux_controller::server - Kynet accept failed: connection error: Endpoint closed
2026-09-15T20:56:17.344 WARN kycontroller::kymux_controller::server - Kynet accept failed: connection error: Endpoint closed
2026-09-15T20:56:17.344 WARN kycontroller::kymux_controller::server - Kynet accept failed: connection error: Endpoint closed
2026-09-15T20:56:17.344 WARN kycontroller::kymux_controller::server - Kynet accept failed: connection error: Endpoint closed
2026-09-15T20:56:17.344 WARN kycontroller::kymux_controller::server - Kynet accept failed: connection error: Endpoint closed
2026-09-15T20:56:17.344 WARN kycontroller::kymux_controller::server - Kynet accept failed: connection error: Endpoint closed
2026-09-15T20:56:17.344 WARN kycontroller::kymux_controller::server - Kynet accept failed: connection error: Endpoint closed
2026-09-15T20:56:17.344 WARN kycontroller::kymux_controller::server - Kynet accept failed: connection error: Endpoint closed
2026-09-15T20:56:17.344 WARN kycontroller::kymux_controller::server - Kynet accept failed: connection error: Endpoint closed
2026-09-15T20:56:17.344 WARN kycontroller::kymux_controller::server - Kynet accept failed: connection error: Endpoint closed
2026-09-15T20:56:17.344 WARN kycontroller::kymux_controller::server - Kynet accept failed: connection error: Endpoint closed
2026-09-15T20:56:17.344 WARN kycontroller::kymux_controller::server - Kynet accept failed: connection error: Endpoint closed
2026-09-15T20:56:17.344 WARN kycontroller::kymux_controller::server - Kynet accept failed: connection error: Endpoint closed
2026-09-15T20:56:17.344 WARN kycontroller::kymux_controller::server - Kynet accept failed: connection error: Endpoint closed
2026-09-15T20:56:17.344 WARN kycontroller::kymux_controller::server - Kynet accept failed: connection error: Endpoint closed
2026-09-15T20:56:17.344 WARN kycontroller::kymux_controller::server - Kynet accept failed: connection error: Endpoint closed
2026-09-15T20:56:17.344 WARN kycontroller::kymux_controller::server - Kynet accept failed: connection error: Endpoint closed
2026-09-15T20:56:17.344 WARN kycontroller::kymux_controller::server - Kynet accept failed: connection error: Endpoint closed
2026-09-15T20:56:17.344 WARN kycontroller::kymux_controller::server - Kynet accept failed: connection error: Endpoint closed
2026-09-15T20:56:17.344 WARN kycontroller::kymux_controller::server - Kynet accept failed: connection error: Endpoint closed
2026-09-15T20:56:17.344 WARN kycontroller::kymux_controller::server - Kynet accept failed: connection error: Endpoint closed
2026-09-15T20:56:17.344 WARN kycontroller::kymux_controller::server - Kynet accept failed: connection error: Endpoint closed
2026-09-15T20:56:17.344 WARN kycontroller::kymux_controller::server - Kynet accept failed: connection error: Endpoint closed
2026-09-15T20:56:17.344 WARN kycontroller::kymux_controller::server - Kynet accept failed: connection error: Endpoint closed
2026-09-15T20:56:17.344 WARN kycontroller::kymux_controller::server - Kynet accept failed: connection error: Endpoint closed
2026-09-15T20:56:17.344 WARN kycontroller::kymux_controller::server - Kynet accept failed: connection error: Endpoint closed
2026-09-15T20:56:17.345 WARN kycontroller::kymux_controller::server - Kynet accept failed: connection error: Endpoint closed
2026-09-15T20:56:17.345 WARN kycontroller::kymux_controller::server - Kynet accept failed: connection error: Endpoint closed
2026-09-15T20:56:17.345 WARN kycontroller::kymux_controller::server - Kynet accept failed: connection error: Endpoint closed
2026-09-15T20:56:17.345 WARN kycontroller::kymux_controller::server - Kynet accept failed: connection error: Endpoint closed
2026-09-15T20:56:17.345 WARN kycontroller::kymux_controller::server - Kynet accept failed: connection error: Endpoint closed
2026-09-15T20:56:17.345 WARN kycontroller::kymux_controller::server - Kynet accept failed: connection error: Endpoint closed
2026-09-15T20:56:17.345 WARN kycontroller::kymux_controller::server - Kynet accept failed: connection error: Endpoint closed
2026-09-15T20:56:17.345 WARN kycontroller::kymux_controller::server - Kynet accept failed: connection error: Endpoint closed
2026-09-15T20:56:17.345 WARN kycontroller::kymux_controller::server - Kynet accept failed: connection error: Endpoint closed
2026-09-15T20:56:17.345 WARN kycontroller::kymux_controller::server - Kynet accept failed: connection error: Endpoint closed
2026-09-15T20:56:17.345 WARN kycontroller::kymux_controller::server - Kynet accept failed: connection error: Endpoint closed
2026-09-15T20:56:17.345 WARN kycontroller::kymux_controller::server - Kynet accept failed: connection error: Endpoint closed
2026-09-15T20:56:17.345 WARN kycontroller::kymux_controller::server - Kynet accept failed: connection error: Endpoint closed
2026-09-15T20:56:17.345 WARN kycontroller::kymux_controller::server - Kynet accept failed: connection error: Endpoint closed
2026-09-15T20:56:17.345 WARN kycontroller::kymux_controller::server - Kynet accept failed: connection error: Endpoint closed
2026-09-15T20:56:17.345 WARN kycontroller::kymux_controller::server - Kynet accept failed: connection error: Endpoint closed
2026-09-15T20:56:17.345 WARN kycontroller::kymux_controller::server - Kynet accept failed: connection error: Endpoint closed
2026-09-15T20:56:17.345 WARN kycontroller::kymux_controller::server - Kynet accept failed: connection error: Endpoint closed
2026-09-15T20:56:17.345 WARN kycontroller::kymux_controller::server - Kynet accept failed: connection error: Endpoint closed
2026-09-15T20:56:17.345 WARN kycontroller::kymux_controller::server - Kynet accept failed: connection error: Endpoint closed
2026-09-15T20:56:17.345 WARN kycontroller::kymux_controller::server - Kynet accept failed: connection error: Endpoint closed
2026-09-15T20:56:17.345 WARN kycontroller::kymux_controller::server - Kynet accept failed: connection error: Endpoint closed
2026-09-15T20:56:17.345 WARN kycontroller::kymux_controller::server - Kynet accept failed: connection error: Endpoint closed
2026-09-15T20:56:17.345 WARN kycontroller::kymux_controller::server - Kynet accept failed: connection error: Endpoint closed
2026-09-15T20:56:17.345 WARN kycontroller::kymux_controller::server - Kynet accept failed: connection error: Endpoint closed
2026-09-15T20:56:17.345 WARN kycontroller::kymux_controller::server - Kynet accept failed: connection error: Endpoint closed
2026-09-15T20:56:17.345 WARN kycontroller::kymux_controller::server - Kynet accept failed: connection error: Endpoint closed
2026-09-15T20:56:17.345 WARN kycontroller::kymux_controller::server - Kynet accept failed: connection error: Endpoint closed
2026-09-15T20:56:17.345 WARN kycontroller::kymux_controller::server - Kynet accept failed: connection error: Endpoint closed
2026-09-15T20:56:17.345 WARN kycontroller::kymux_controller::server - Kynet accept failed: connection error: Endpoint closed
2026-09-15T20:56:17.345 WARN kycontroller::kymux_controller::server - Kynet accept failed: connection error: Endpoint closed
2026-09-15T20:56:17.345 WARN kycontroller::kymux_controller::server - Kynet accept failed: connection error: Endpoint closed
2026-09-15T20:56:17.345 WARN kycontroller::kymux_controller::server - Kynet accept failed: connection error: Endpoint closed
2026-09-15T20:56:17.345 WARN kycontroller::kymux_controller::server - Kynet accept failed: connection error: Endpoint closed
2026-09-15T20:56:17.345 WARN kycontroller::kymux_controller::server - Kynet accept failed: connection error: Endpoint closed
2026-09-15T20:56:17.345 WARN kycontroller::kymux_controller::server - Kynet accept failed: connection error: Endpoint closed
2026-09-15T20:56:17.345 WARN kycontroller::kymux_controller::server - Kynet accept failed: connection error: Endpoint closed
2026-09-15T20:56:17.345 WARN kycontroller::kymux_controller::server - Kynet accept failed: connection error: Endpoint closed
2026-09-15T20:56:17.345 WARN kycontroller::kymux_controller::server - Kynet accept failed: connection error: Endpoint closed
2026-09-15T20:56:17.345 WARN kycontroller::kymux_controller::server - Kynet accept failed: connection error: Endpoint closed
2026-09-15T20:56:17.345 WARN kycontroller::kymux_controller::server - Kynet accept failed: connection error: Endpoint closed
2026-09-15T20:56:17.345 WARN kycontroller::kymux_controller::server - Kynet accept failed: connection error: Endpoint closed
2026-09-15T20:56:17.345 WARN kycontroller::kymux_controller::server - Kynet accept failed: connection error: Endpoint closed
2026-09-15T20:56:17.345 WARN kycontroller::kymux_controller::server - Kynet accept failed: connection error: Endpoint closed
2026-09-15T20:56:17.345 WARN kycontroller::kymux_controller::server - Kynet accept failed: connection error: Endpoint closed
2026-09-15T20:56:17.345 WARN kycontroller::kymux_controller::server - Kynet accept failed: connection error: Endpoint closed
2026-09-15T20:56:17.345 WARN kycontroller::kymux_controller::server - Kynet accept failed: connection error: Endpoint closed
2026-09-15T20:56:17.345 WARN kycontroller::kymux_controller::server - Kynet accept failed: connection error: Endpoint closed
2026-09-15T20:56:17.345 WARN kycontroller::kymux_controller::server - Kynet accept failed: connection error: Endpoint closed
2026-09-15T20:56:17.345 WARN kycontroller::kymux_controller::server - Kynet accept failed: connection error: Endpoint closed
2026-09-15T20:56:17.345 WARN kycontroller::kymux_controller::server - Kynet accept failed: connection error: Endpoint closed
2026-09-15T20:56:17.345 WARN kycontroller::kymux_controller::server - Kynet accept failed: connection error: Endpoint closed
2026-09-15T20:56:17.345 WARN kycontroller::kymux_controller::server - Kynet accept failed: connection error: Endpoint closed
2026-09-15T20:56:17.345 WARN kycontroller::kymux_controller::server - Kynet accept failed: connection error: Endpoint closed
2026-09-15T20:56:17.345 WARN kycontroller::kymux_controller::server - Kynet accept failed: connection error: Endpoint closed
2026-09-15T20:56:17.345 WARN kycontroller::kymux_controller::server - Kynet accept failed: connection error: Endpoint closed
2026-09-15T20:56:17.345 WARN kycontroller::kymux_controller::server - Kynet accept failed: connection error: Endpoint closed
2026-09-15T20:56:17.345 WARN kycontroller::kymux_controller::server - Kynet accept failed: connection error: Endpoint closed
2026-09-15T20:56:17.345 WARN kycontroller::kymux_controller::server - Kynet accept failed: connection error: Endpoint closed
2026-09-15T20:56:17.345 WARN kycontroller::kymux_controller::server - Kynet accept failed: connection error: Endpoint closed
2026-09-15T20:56:17.345 WARN kycontroller::kymux_controller::server - Kynet accept failed: connection error: Endpoint closed
2026-09-15T20:56:17.345 WARN kycontroller::kymux_controller::server - Kynet accept failed: connection error: Endpoint closed
2026-09-15T20:56:17.345 WARN kycontroller::kymux_controller::server - Kynet accept failed: connection error: Endpoint closed
2026-09-15T20:56:17.345 WARN kycontroller::kymux_controller::server - Kynet accept failed: connection error: Endpoint closed
2026-09-15T20:56:17.345 WARN kycontroller::kymux_controller::server - Kynet accept failed: connection error: Endpoint closed
2026-09-15T20:56:17.345 WARN kycontroller::kymux_controller::server - Kynet accept failed: connection error: Endpoint closed
2026-09-15T20:56:17.345 WARN kycontroller::kymux_controller::server - Kynet accept failed: connection error: Endpoint closed
2026-09-15T20:56:17.345 WARN kycontroller::kymux_controller::server - Kynet accept failed: connection error: Endpoint closed
2026-09-15T20:56:17.345 WARN kycontroller::kymux_controller::server - Kynet accept failed: connection error: Endpoint closed
2026-09-15T20:56:17.345 WARN kycontroller::kymux_controller::server - Kynet accept failed: connection error: Endpoint closed
2026-09-15T20:56:17.345 WARN kycontroller::kymux_controller::server - Kynet accept failed: connection error: Endpoint closed
2026-09-15T20:56:17.345 WARN kycontroller::kymux_controller::server - Kynet accept failed: connection error: Endpoint closed
2026-09-15T20:56:17.345 WARN kycontroller::kymux_controller::server - Kynet accept failed: connection error: Endpoint closed
2026-09-15T20:56:17.345 WARN kycontroller::kymux_controller::server - Kynet accept failed: connection error: Endpoint closed
2026-09-15T20:56:17.345 WARN kycontroller::kymux_controller::server - Kynet accept failed: connection error: Endpoint closed
2026-09-15T20:56:17.345 WARN kycontroller::kymux_controller::server - Kynet accept failed: connection error: Endpoint closed
2026-09-15T20:56:17.345 WARN kycontroller::kymux_controller::server - Kynet accept failed: connection error: Endpoint closed
2026-09-15T20:56:17.345 WARN kycontroller::kymux_controller::server - Kynet accept failed: connection error: Endpoint closed
2026-09-15T20:56:17.345 WARN kycontroller::kymux_controller::server - Kynet accept failed: connection error: Endpoint closed
2026-09-15T20:56:17.345 WARN kycontroller::kymux_controller::server - Kynet accept failed: connection error: Endpoint closed
2026-09-15T20:56:17.345 WARN kycontroller::kymux_controller::server - Kynet accept failed: connection error: Endpoint closed
2026-09-15T20:56:17.345 WARN kycontroller::kymux_controller::server - Kynet accept failed: connection error: Endpoint closed
2026-09-15T20:56:17.345 WARN kycontroller::kymux_controller::server - Kynet accept failed: connection error: Endpoint closed
2026-09-15T20:56:17.345 WARN kycontroller::kymux_controller::server - Kynet accept failed: connection error: Endpoint closed
2026-09-15T20:56:17.345 WARN kycontroller::kymux_controller::server - Kynet accept failed: connection error: Endpoint closed
2026-09-15T20:56:17.345 WARN kycontroller::kymux_controller::server - Kynet accept failed: connection error: Endpoint closed
2026-09-15T20:56:17.345 WARN kycontroller::kymux_controller::server - Kynet accept failed: connection error: Endpoint closed
2026-09-15T20:56:17.345 WARN kycontroller::kymux_controller::server - Kynet accept failed: connection error: Endpoint closed
2026-09-15T20:56:17.346 WARN kycontroller::kymux_controller::server - Kynet accept failed: connection error: Endpoint closed
2026-09-15T20:56:17.346 WARN kycontroller::kymux_controller::server - Kynet accept failed: connection error: Endpoint closed
2026-09-15T20:56:17.346 WARN kycontroller::kymux_controller::server - Kynet accept failed: connection error: Endpoint closed
2026-09-15T20:56:17.346 WARN kycontroller::kymux_controller::server - Kynet accept failed: connection error: Endpoint closed
2026-09-15T20:56:17.346 WARN kycontroller::kymux_controller::server - Kynet accept failed: connection error: Endpoint closed
2026-09-15T20:56:17.346 WARN kycontroller::kymux_controller::server - Kynet accept failed: connection error: Endpoint closed
2026-09-15T20:56:17.346 WARN kycontroller::kymux_controller::server - Kynet accept failed: connection error: Endpoint closed
2026-09-15T20:56:17.346 WARN kycontroller::kymux_controller::server - Kynet accept failed: connection error: Endpoint closed
2026-09-15T20:56:17.346 WARN kycontroller::kymux_controller::server - Kynet accept failed: connection error: Endpoint closed
2026-09-15T20:56:17.346 WARN kycontroller::kymux_controller::server - Kynet accept failed: connection error: Endpoint closed
2026-09-15T20:56:17.346 WARN kycontroller::kymux_controller::server - Kynet accept failed: connection error: Endpoint closed
2026-09-15T20:56:17.346 WARN kycontroller::kymux_controller::server - Kynet accept failed: connection error: Endpoint closed
2026-09-15T20:56:17.346 WARN kycontroller::kymux_controller::server - Kynet accept failed: connection error: Endpoint closed
2026-09-15T20:56:17.346 WARN kycontroller::kymux_controller::server - Kynet accept failed: connection error: Endpoint closed
2026-09-15T20:56:17.346 WARN kycontroller::kymux_controller::server - Kynet accept failed: connection error: Endpoint closed
2026-09-15T20:56:17.346 WARN kycontroller::kymux_controller::server - Kynet accept failed: connection error: Endpoint closed
2026-09-15T20:56:17.346 WARN kycontroller::kymux_controller::server - Kynet accept failed: connection error: Endpoint closed
2026-09-15T20:56:17.346 WARN kycontroller::kymux_controller::server - Kynet accept failed: connection error: Endpoint closed
2026-09-15T20:56:17.346 WARN kycontroller::kymux_controller::server - Kynet accept failed: connection error: Endpoint closed
2026-09-15T20:56:17.346 WARN kycontroller::kymux_controller::server - Kynet accept failed: connection error: Endpoint closed
2026-09-15T20:56:17.346 WARN kycontroller::kymux_controller::server - Kynet accept failed: connection error: Endpoint closed
2026-09-15T20:56:17.346 WARN kycontroller::kymux_controller::server - Kynet accept failed: connection error: Endpoint closed
2026-09-15T20:56:17.346 WARN kycontroller::kymux_controller::server - Kynet accept failed: connection error: Endpoint closed
2026-09-15T20:56:17.346 WARN kycontroller::kymux_controller::server - Kynet accept failed: connection error: Endpoint closed
2026-09-15T20:56:17.346 WARN kycontroller::kymux_controller::server - Kynet accept failed: connection error: Endpoint closed
2026-09-15T20:56:17.346 WARN kycontroller::kymux_controller::server - Kynet accept failed: connection error: Endpoint closed
2026-09-15T20:56:17.346 WARN kycontroller::kymux_controller::server - Kynet accept failed: connection error: Endpoint closed
2026-09-15T20:56:17.346 WARN kycontroller::kymux_controller::server - Kynet accept failed: connection error: Endpoint closed
2026-09-15T20:56:17.346 WARN kycontroller::kymux_controller::server - Kynet accept failed: connection error: Endpoint closed
2026-09-15T20:56:17.346 WARN kycontroller::kymux_controller::server - Kynet accept failed: connection error: Endpoint closed
2026-09-15T20:56:17.346 WARN kycontroller::kymux_controller::server - Kynet accept failed: connection error: Endpoint closed
2026-09-15T20:56:17.346 WARN kycontroller::kymux_controller::server - Kynet accept failed: connection error: Endpoint closed
2026-09-15T20:56:17.346 WARN kycontroller::kymux_controller::server - Kynet accept failed: connection error: Endpoint closed
2026-09-15T20:56:17.346 WARN kycontroller::kymux_controller::server - Kynet accept failed: connection error: Endpoint closed
2026-09-15T20:56:17.346 WARN kycontroller::kymux_controller::server - Kynet accept failed: connection error: Endpoint closed
2026-09-15T20:56:17.346 WARN kycontroller::kymux_controller::server - Kynet accept failed: connection error: Endpoint closed
2026-09-15T20:56:17.346 WARN kycontroller::kymux_controller::server - Kynet accept failed: connection error: Endpoint closed
2026-09-15T20:56:17.346 WARN kycontroller::kymux_controller::server - Kynet accept failed: connection error: Endpoint closed
2026-09-15T20:56:17.346 WARN kycontroller::kymux_controller::server - Kynet accept failed: connection error: Endpoint closed
2026-09-15T20:56:17.346 WARN kycontroller::kymux_controller::server - Kynet accept failed: connection error: Endpoint closed
2026-09-15T20:56:17.346 WARN kycontroller::kymux_controller::server - Kynet accept failed: connection error: Endpoint closed
2026-09-15T20:56:17.346 WARN kycontroller::kymux_controller::server - Kynet accept failed: connection error: Endpoint closed
2026-09-15T20:56:17.346 WARN kycontroller::kymux_controller::server - Kynet accept failed: connection error: Endpoint closed
2026-09-15T20:56:17.346 WARN kycontroller::kymux_controller::server - Kynet accept failed: connection error: Endpoint closed
2026-09-15T20:56:17.346 WARN kycontroller::kymux_controller::server - Kynet accept failed: connection error: Endpoint closed
2026-09-15T20:56:17.346 WARN kycontroller::kymux_controller::server - Kynet accept failed: connection error: Endpoint closed
2026-09-15T20:56:17.346 WARN kycontroller::kymux_controller::server - Kynet accept failed: connection error: Endpoint closed
2026-09-15T20:56:17.346 WARN kycontroller::kymux_controller::server - Kynet accept failed: connection error: Endpoint closed
2026-09-15T20:56:17.346 WARN kycontroller::kymux_controller::server - Kynet accept failed: connection error: Endpoint closed
2026-09-15T20:56:17.346 WARN kycontroller::kymux_controller::server - Kynet accept failed: connection error: Endpoint closed
2026-09-15T20:56:17.346 WARN kycontroller::kymux_controller::server - Kynet accept failed: connection error: Endpoint closed
2026-09-15T20:56:17.346 WARN kycontroller::kymux_controller::server - Kynet accept failed: connection error: Endpoint closed
2026-09-15T20:56:17.346 WARN kycontroller::kymux_controller::server - Kynet accept failed: connection error: Endpoint closed
2026-09-15T20:56:17.346 WARN kycontroller::kymux_controller::server - Kynet accept failed: connection error: Endpoint closed
2026-09-15T20:56:17.346 WARN kycontroller::kymux_controller::server - Kynet accept failed: connection error: Endpoint closed
2026-09-15T20:56:17.346 WARN kycontroller::kymux_controller::server - Kynet accept failed: connection error: Endpoint closed
2026-09-15T20:56:17.346 WARN kycontroller::kymux_controller::server - Kynet accept failed: connection error: Endpoint closed
2026-09-15T20:56:17.346 WARN kycontroller::kymux_controller::server - Kynet accept failed: connection error: Endpoint closed
2026-09-15T20:56:17.346 WARN kycontroller::kymux_controller::server - Kynet accept failed: connection error: Endpoint closed
2026-09-15T20:56:17.346 WARN kycontroller::kymux_controller::server - Kynet accept failed: connection error: Endpoint closed
2026-09-15T20:56:17.346 WARN kycontroller::kymux_controller::server - Kynet accept failed: connection error: Endpoint closed
2026-09-15T20:56:17.346 WARN kycontroller::kymux_controller::server - Kynet accept failed: connection error: Endpoint closed
2026-09-15T20:56:17.346 WARN kycontroller::kymux_controller::server - Kynet accept failed: connection error: Endpoint closed
2026-09-15T20:56:17.346 WARN kycontroller::kymux_controller::server - Kynet accept failed: connection error: Endpoint closed
2026-09-15T20:56:17.346 WARN kycontroller::kymux_controller::server - Kynet accept failed: connection error: Endpoint closed
2026-09-15T20:56:17.346 WARN kycontroller::kymux_controller::server - Kynet accept failed: connection error: Endpoint closed
2026-09-15T20:56:17.346 WARN kycontroller::kymux_controller::server - Kynet accept failed: connection error: Endpoint closed
2026-09-15T20:56:17.346 WARN kycontroller::kymux_controller::server - Kynet accept failed: connection error: Endpoint closed
2026-09-15T20:56:17.346 WARN kycontroller::kymux_controller::server - Kynet accept failed: connection error: Endpoint closed
2026-09-15T20:56:17.346 WARN kycontroller::kymux_controller::server - Kynet accept failed: connection error: Endpoint closed
2026-09-15T20:56:17.346 WARN kycontroller::kymux_controller::server - Kynet accept failed: connection error: Endpoint closed
2026-09-15T20:56:17.346 WARN kycontroller::kymux_controller::server - Kynet accept failed: connection error: Endpoint closed
2026-09-15T20:56:17.346 WARN kycontroller::kymux_controller::server - Kynet accept failed: connection error: Endpoint closed
2026-09-15T20:56:17.346 WARN kycontroller::kymux_controller::server - Kynet accept failed: connection error: Endpoint closed
2026-09-15T20:56:17.346 WARN kycontroller::kymux_controller::server - Kynet accept failed: connection error: Endpoint closed
2026-09-15T20:56:17.346 WARN kycontroller::kymux_controller::server - Kynet accept failed: connection error: Endpoint closed
2026-09-15T20:56:17.346 WARN kycontroller::kymux_controller::server - Kynet accept failed: connection error: Endpoint closed
2026-09-15T20:56:17.346 WARN kycontroller::kymux_controller::server - Kynet accept failed: connection error: Endpoint closed
2026-09-15T20:56:17.346 WARN kycontroller::kymux_controller::server - Kynet accept failed: connection error: Endpoint closed
2026-09-15T20:56:17.346 WARN kycontroller::kymux_controller::server - Kynet accept failed: connection error: Endpoint closed
2026-09-15T20:56:17.346 WARN kycontroller::kymux_controller::server - Kynet accept failed: connection error: Endpoint closed
2026-09-15T20:56:17.346 WARN kycontroller::kymux_controller::server - Kynet accept failed: connection error: Endpoint closed
2026-09-15T20:56:17.346 WARN kycontroller::kymux_controller::server - Kynet accept failed: connection error: Endpoint closed
2026-09-15T20:56:17.346 WARN kycontroller::kymux_controller::server - Kynet accept failed: connection error: Endpoint closed
2026-09-15T20:56:17.346 WARN kycontroller::kymux_controller::server - Kynet accept failed: connection error: Endpoint closed
2026-09-15T20:56:17.346 WARN kycontroller::kymux_controller::server - Kynet accept failed: connection error: Endpoint closed
2026-09-15T20:56:17.346 WARN kycontroller::kymux_controller::server - Kynet accept failed: connection error: Endpoint closed
2026-09-15T20:56:17.347 WARN kycontroller::kymux_controller::server - Kynet accept failed: connection error: Endpoint closed
2026-09-15T20:56:17.347 WARN kycontroller::kymux_controller::server - Kynet accept failed: connection error: Endpoint closed
2026-09-15T20:56:17.347 WARN kycontroller::kymux_controller::server - Kynet accept failed: connection error: Endpoint closed
2026-09-15T20:56:17.347 WARN kycontroller::kymux_controller::server - Kynet accept failed: connection error: Endpoint closed
2026-09-15T20:56:17.347 WARN kycontroller::kymux_controller::server - Kynet accept failed: connection error: Endpoint closed
2026-09-15T20:56:17.347 WARN kycontroller::kymux_controller::server - Kynet accept failed: connection error: Endpoint closed
2026-09-15T20:56:17.347 WARN kycontroller::kymux_controller::server - Kynet accept failed: connection error: Endpoint closed
2026-09-15T20:56:17.347 WARN kycontroller::kymux_controller::server - Kynet accept failed: connection error: Endpoint closed
2026-09-15T20:56:17.347 WARN kycontroller::kymux_controller::server - Kynet accept failed: connection error: Endpoint closed
2026-09-15T20:56:17.347 WARN kycontroller::kymux_controller::server - Kynet accept failed: connection error: Endpoint closed
2026-09-15T20:56:17.347 WARN kycontroller::kymux_controller::server - Kynet accept failed: connection error: Endpoint closed
2026-09-15T20:56:17.347 WARN kycontroller::kymux_controller::server - Kynet accept failed: connection error: Endpoint closed
2026-09-15T20:56:17.347 WARN kycontroller::kymux_controller::server - Kynet accept failed: connection error: Endpoint closed
2026-09-15T20:56:17.347 WARN kycontroller::kymux_controller::server - Kynet accept failed: connection error: Endpoint closed
2026-09-15T20:56:17.347 WARN kycontroller::kymux_controller::server - Kynet accept failed: connection error: Endpoint closed
2026-09-15T20:56:17.347 WARN kycontroller::kymux_controller::server - Kynet accept failed: connection error: Endpoint closed
2026-09-15T20:56:17.347 WARN kycontroller::kymux_controller::server - Kynet accept failed: connection error: Endpoint closed
2026-09-15T20:56:17.347 WARN kycontroller::kymux_controller::server - Kynet accept failed: connection error: Endpoint closed
2026-09-15T20:56:17.347 WARN kycontroller::kymux_controller::server - Kynet accept failed: connection error: Endpoint closed
2026-09-15T20:56:17.347 WARN kycontroller::kymux_controller::server - Kynet accept failed: connection error: Endpoint closed
2026-09-15T20:56:17.347 WARN kycontroller::kymux_controller::server - Kynet accept failed: connection error: Endpoint closed
2026-09-15T20:56:17.347 WARN kycontroller::kymux_controller::server - Kynet accept failed: connection error: Endpoint closed
2026-09-15T20:56:17.347 WARN kycontroller::kymux_controller::server - Kynet accept failed: connection error: Endpoint closed
2026-09-15T20:56:17.347 WARN kycontroller::kymux_controller::server - Kynet accept failed: connection error: Endpoint closed
2026-09-15T20:56:17.347 WARN kycontroller::kymux_controller::server - Kynet accept failed: connection error: Endpoint closed
2026-09-15T20:56:17.347 WARN kycontroller::kymux_controller::server - Kynet accept failed: connection error: Endpoint closed
2026-09-15T20:56:17.347 WARN kycontroller::kymux_controller::server - Kynet accept failed: connection error: Endpoint closed
2026-09-15T20:56:17.347 WARN kycontroller::kymux_controller::server - Kynet accept failed: connection error: Endpoint closed
2026-09-15T20:56:17.347 WARN kycontroller::kymux_controller::server - Kynet accept failed: connection error: Endpoint closed
2026-09-15T20:56:17.347 WARN kycontroller::kymux_controller::server - Kynet accept failed: connection error: Endpoint closed
2026-09-15T20:56:17.347 WARN kycontroller::kymux_controller::server - Kynet accept failed: connection error: Endpoint closed
2026-09-15T20:56:17.347 WARN kycontroller::kymux_controller::server - Kynet accept failed: connection error: Endpoint closed
2026-09-15T20:56:17.347 WARN kycontroller::kymux_controller::server - Kynet accept failed: connection error: Endpoint closed
2026-09-15T20:56:17.347 WARN kycontroller::kymux_controller::server - Kynet accept failed: connection error: Endpoint closed
2026-09-15T20:56:17.347 WARN kycontroller::kymux_controller::server - Kynet accept failed: connection error: Endpoint closed
2026-09-15T20:56:17.347 WARN kycontroller::kymux_controller::server - Kynet accept failed: connection error: Endpoint closed
2026-09-15T20:56:17.347 WARN kycontroller::kymux_controller::server - Kynet accept failed: connection error: Endpoint closed
2026-09-15T20:56:17.347 WARN kycontroller::kymux_controller::server - Kynet accept failed: connection error: Endpoint closed
2026-09-15T20:56:17.347 WARN kycontroller::kymux_controller::server - Kynet accept failed: connection error: Endpoint closed
2026-09-15T20:56:17.347 WARN kycontroller::kymux_controller::server - Kynet accept failed: connection error: Endpoint closed
2026-09-15T20:56:17.347 WARN kycontroller::kymux_controller::server - Kynet accept failed: connection error: Endpoint closed
2026-09-15T20:56:17.347 WARN kycontroller::kymux_controller::server - Kynet accept failed: connection error: Endpoint closed
2026-09-15T20:56:17.347 WARN kycontroller::kymux_controller::server - Kynet accept failed: connection error: Endpoint closed
2026-09-15T20:56:17.347 WARN kycontroller::kymux_controller::server - Kynet accept failed: connection error: Endpoint closed
2026-09-15T20:56:17.347 WARN kycontroller::kymux_controller::server - Kynet accept failed: connection error: Endpoint closed
2026-09-15T20:56:17.347 WARN kycontroller::kymux_controller::server - Kynet accept failed: connection error: Endpoint closed
2026-09-15T20:56:17.347 WARN kycontroller::kymux_controller::server - Kynet accept failed: connection error: Endpoint closed
2026-09-15T20:56:17.347 WARN kycontroller::kymux_controller::server - Kynet accept failed: connection error: Endpoint closed
2026-09-15T20:56:17.347 WARN kycontroller::kymux_controller::server - Kynet accept failed: connection error: Endpoint closed
2026-09-15T20:56:17.347 WARN kycontroller::kymux_controller::server - Kynet accept failed: connection error: Endpoint closed
2026-09-15T20:56:17.347 WARN kycontroller::kymux_controller::server - Kynet accept failed: connection error: Endpoint closed
2026-09-15T20:56:17.347 WARN kycontroller::kymux_controller::server - Kynet accept failed: connection error: Endpoint closed
2026-09-15T20:56:17.347 INFO kycontroller - Session stopped
2026-09-15T20:56:17.347 WARN kycontroller::kymux_controller::server - Kynet accept failed: connection error: Endpoint closed
2026-09-15T20:56:17.347 WARN kycontroller::kymux_controller::server - Kynet accept failed: connection error: Endpoint closed
2026-09-15T20:56:17.347 INFO actix_web::middleware::logger - ::ffff:127.0.0.1 "POST /session/logout HTTP/1.1" 200 0 "-" "-" 0.062487
