2026-09-15T20:22:25.085 INFO kycontroller - Kyber controller. Revision 0.20.0-66-gb29f8f4
2026-09-15T20:22:25.086 INFO kycontroller::config - Using configuration file "\\\\?\\C:\\Users\\trist\\Workspace\\KyberFrog_WS2\\kyberfrog\\bench\\runs\\2026-09-15-step4\\k-plain-1\\kyber_config.toml"
2026-09-15T20:22:25.087 INFO kycontroller::auth::basic - Basic backend initialized with 1 expected user identities
2026-09-15T20:22:25.087 INFO kycontroller::auth::jwt - JWT backend initialized with algorithm HS256
2026-09-15T20:22:25.087 INFO libkypc::transport::ipc::windows - Creating NamedPipe listener factory, using instance ID 4936-0
2026-09-15T20:22:25.088 INFO kycontroller - Starting watchdog
2026-09-15T20:22:25.093 INFO libkypc::process::windows - Windows Job Object created for child process
2026-09-15T20:22:25.107[2632] INFO kyavserver - Process is now DPI aware
2026-09-15T20:22:25.107[2632] INFO kyavservice - AV service started
2026-09-15T20:22:25.107[2632] INFO kyavservice::config - Using configuration file "\\\\?\\C:\\Users\\trist\\Workspace\\KyberFrog_WS2\\kyberfrog\\bench\\runs\\2026-09-15-step4\\k-plain-1\\kyber_config.toml"
2026-09-15T20:22:25.107[2632] INFO kyavservice - Start display enumeration
2026-09-15T20:22:25.153[2632] INFO txproto::spout - Spout: New sender registered: "kybench-src" (1920x1080)
2026-09-15T20:22:25.153[2632] INFO txproto::spout - Spout: New sender registered: "kybench-src" (1920x1080)
2026-09-15T20:22:25.153 INFO kycontroller - Got initial displays: [Display { id: 4227119652, name: "kybench-src", height: 1080, width: 1920, x: 0, y: 0 }]
2026-09-15T20:22:25.153 INFO kycontroller - HTTP listening on port 9150
2026-09-15T20:22:25.153 INFO kycontroller - Webclient root not found
2026-09-15T20:22:25.153 INFO actix_server::builder - starting 12 workers
2026-09-15T20:22:25.154 INFO actix_server::server - Actix runtime found; starting in Actix runtime
2026-09-15T20:22:25.154 INFO actix_server::server - starting service: "actix-web-service-[::]:9150", workers: 12, listening on: [::]:9150
2026-09-15T20:22:25.158 INFO kycontroller::statemachine - Got display update (session: None): [Display { id: 4227119652, name: "kybench-src", height: 1080, width: 1920, x: 0, y: 0 }]
2026-09-15T20:22:28.107 INFO actix_web::middleware::logger - ::ffff:127.0.0.1 "GET /capabilities HTTP/1.1" 200 46 "-" "-" 0.000189
2026-09-15T20:22:28.107 INFO kycontroller - Logging in "vj"...
2026-09-15T20:22:28.107 INFO actix_web::middleware::logger - ::ffff:127.0.0.1 "POST /session/login HTTP/1.1" 200 189 "-" "-" 0.000141
2026-09-15T20:22:28.112 INFO kycontroller - Websocket token validated and consumed for session aaff9fe0-cacc-40da-8251-3b848a6ea8d2
2026-09-15T20:22:28.112 INFO kycontroller - Session "aaff9fe0-cacc-40da-8251-3b848a6ea8d2" controlplane connected
2026-09-15T20:22:28.112 INFO actix_web::middleware::logger - ::ffff:127.0.0.1 "GET /enumerate_displays HTTP/1.1" 200 79 "-" "-" 0.000081
2026-09-15T20:22:28.113 INFO kycontroller::kymux_controller - Starting common Kymux server on address [::]:9150 (supports QUIC + WebTransport)
2026-09-15T20:22:28.113 INFO kycontroller::kymux_controller - Generating short-lived certificate for WebTransport compatibility
2026-09-15T20:22:28.113 INFO kycontroller::kymux_controller - Generated certificate with hash: 8bfccdad86e8ab5ba05cf06ae50258cc7ca1f56526e4ec0444b5cdd67abbd9ff
2026-09-15T20:22:28.114 INFO kycontroller::kymux_controller::requests - Kymux started. Public port: 9150
2026-09-15T20:22:28.114 INFO actix_web::middleware::logger - ::ffff:127.0.0.1 "POST /kymux/start_mux HTTP/1.1" 200 269 "-" "-" 0.000578
2026-09-15T20:22:28.114 INFO kycontroller::kymux_controller::server - Waiting for Kymux connections
2026-09-15T20:22:28.115 INFO kycontroller::kymux_controller::server - Kymux connection accepted
2026-09-15T20:22:28.116 INFO kycontroller::kymux_controller::server - Connection routed to session aaff9fe0-cacc-40da-8251-3b848a6ea8d2
2026-09-15T20:22:28.116 INFO kycontroller::kymux_controller - Connection received for session aaff9fe0-cacc-40da-8251-3b848a6ea8d2
2026-09-15T20:22:28.116 INFO kycontroller::avservices_manager - Start Video avservice for display 4227119652 (Shared { display_id: 4227119652 })
2026-09-15T20:22:28.118 INFO libkypc::process::windows - Windows Job Object created for child process
2026-09-15T20:22:28.128[7500] INFO kyavserver - Process is now DPI aware
2026-09-15T20:22:28.128[7500] INFO kyavservice - AV service started
2026-09-15T20:22:28.128[7500] INFO kyavservice::config - Using configuration file "\\\\?\\C:\\Users\\trist\\Workspace\\KyberFrog_WS2\\kyberfrog\\bench\\runs\\2026-09-15-step4\\k-plain-1\\kyber_config.toml"
2026-09-15T20:22:28.128[7500] INFO kyavservice - Start Kymux Video: URI "kymux://127.0.0.1:9091/0", bitrate: 20000000, codec: H264, yuv444: false, intra_refresh: None
2026-09-15T20:22:28.128 WARN kycontroller::kymux_controller - Audio disabled
2026-09-15T20:22:28.128 WARN kycontroller::kymux_controller - Input server disabled
2026-09-15T20:22:28.128 INFO kycontroller::kymux_controller::requests - Session started. SessionId: 2344633980
2026-09-15T20:22:28.128 INFO actix_web::middleware::logger - ::ffff:127.0.0.1 "POST /kymux/start_session HTTP/1.1" 200 157 "-" "-" 0.012596
2026-09-15T20:22:28.129[7500] INFO kyavservice::kymux - Start video, using clock ZeroedOrigin
2026-09-15T20:22:28.129[7500] INFO txproto::packet sink - connecting to URI: kymux://127.0.0.1:9091/0
2026-09-15T20:22:28.130 INFO kycom::connection - TCP connection for endpoint 0
2026-09-15T20:22:28.130[7500] INFO txproto::packet sink - connected to kymux://127.0.0.1:9091/0
2026-09-15T20:22:28.130[7500] INFO kyavservice::video - register_io_cb with api_list: ["spout", "wasapi"]
2026-09-15T20:22:28.185[7500] INFO txproto::spout - Spout: New sender registered: "kybench-src" (1920x1080)
2026-09-15T20:22:28.185[7500] INFO txproto::spout - Spout: New sender registered: "kybench-src" (1920x1080)
2026-09-15T20:22:28.185[7500] INFO kyavservice::video - Start screen grab on display 4227119652
2026-09-15T20:22:28.185[7500] INFO kyavservice::video - Forcing Spout sender "kybench-src" (id 0xFBF4BA24), ignoring requested display 4227119652
2026-09-15T20:22:28.185[7500] INFO txproto::tx - Using 'spout' backend for video capture
2026-09-15T20:22:28.186[7500] INFO kyavservice::video - libx264 encoder configuration dump:
[kyavserver.video_encoder_config]
preset = "ultrafast"
tune = "zerolatency"
b = 20000000
flags = "+global_header"
x264-params = "force-cfr=0"

2026-09-15T20:22:28.186[7500] INFO kyavservice::video - Create encoder libx264
2026-09-15T20:22:28.187[7500] INFO txproto::spout - Sender sync: access mutex present, frame counting present
2026-09-15T20:22:28.188[7500] INFO txproto::spout - Bound sender texture 1920x1080 (bgra)
2026-09-15T20:22:28.188[7500] INFO txproto::kybench-src - First frame acquired
2026-09-15T20:22:28.201[7500] INFO txproto::libx264 - using cpu capabilities: MMX2 SSE2Fast SSSE3 SSE4.2 AVX FMA3 BMI2 AVX2
2026-09-15T20:22:28.202[7500] INFO txproto::libx264 - profile Constrained Baseline, level 4.2, 4:2:0, 8-bit
2026-09-15T20:22:28.202[7500] INFO txproto::libx264 - 264 - core 164 r3107 a8b68eb - H.264/MPEG-4 AVC codec - Copyleft 2003-2023 - http://www.videolan.org/x264.html - options: cabac=0 ref=1 deblock=0:0:0 analyse=0:0 me=dia subme=0 psy=1 psy_rd=1.00:0.00 mixed_ref=0 me_range=16 chroma_me=1 trellis=0 8x8dct=0 cqm=0 deadzone=21,11 fast_pskip=1 chroma_qp_offset=0 threads=2 lookahead_threads=2 sliced_threads=1 slices=2 nr=0 decimate=1 interlaced=0 bluray_compat=0 constrained_intra=0 bframes=0 weightp=0 keyint=250 keyint_min=25 scenecut=0 intra_refresh=0 rc=abr mbtree=0 bitrate=20000 ratetol=1.0 qcomp=0.60 qpmin=0 qpmax=69 qpstep=4 ip_ratio=1.40 aq=0
2026-09-15T20:22:28.202[7500] INFO txproto::packet sink - Send config packet
2026-09-15T20:22:28.203[7500] INFO kyavservice - Video force IDR
2026-09-15T20:22:28.203[7500] INFO txproto::lavc:libx264 - Force IDR
2026-09-15T20:22:29.154[2632] INFO txproto::spout - Spout: New sender registered: "bench-out" (1920x1080)
2026-09-15T20:22:29.186[7500] INFO txproto::spout - Spout: New sender registered: "bench-out" (1920x1080)
2026-09-15T20:28:41.159 ERROR kyproto::control - ControlError("read error")
2026-09-15T20:28:41.159 ERROR kyproto::router - RouterError("accept_uni() failed: ConnectionError(\"closed by peer: Closed by Kyproto user (code 0)\")")
2026-09-15T20:28:41.159 ERROR kyproto::router - RouterError("accept_bi() failed: ConnectionError(\"closed by peer: Closed by Kyproto user (code 0)\")")
2026-09-15T20:28:41.160 ERROR kyproto::router - RouterError("read_datagram() failed: ConnectionError(\"closed by peer: Closed by Kyproto user (code 0)\")")
2026-09-15T20:28:41.160 INFO kycontroller::kymux_controller - Kymux connection closed for session aaff9fe0-cacc-40da-8251-3b848a6ea8d2: Ok(())
2026-09-15T20:28:41.160 WARN kyproto::router - Task accept_uni seems to be already stopped
2026-09-15T20:28:41.160 WARN kycontroller::statemachine - Kymux connection timeout for session aaff9fe0-cacc-40da-8251-3b848a6ea8d2
2026-09-15T20:28:41.160 WARN kyproto::router - Task accept_bi seems to be already stopped
2026-09-15T20:28:41.160 WARN kyproto::router - Task recv_datagrams seems to be already stopped
2026-09-15T20:28:41.160 WARN kyproto::control - Task control recv_msgs seems to be already stopped
2026-09-15T20:28:41.182 INFO kycontroller::controller - Preparing stop session aaff9fe0-cacc-40da-8251-3b848a6ea8d2
2026-09-15T20:28:41.182 INFO kycontroller::controller - Stop session aaff9fe0-cacc-40da-8251-3b848a6ea8d2
2026-09-15T20:28:41.182 INFO kycontroller::controller - Stop dataplane
2026-09-15T20:28:41.182 INFO kycontroller::kymux_controller - Stopping shared Kymux infrastructure
2026-09-15T20:28:41.182 INFO kycontroller::kymux_controller - Stopping Kymux server
2026-09-15T20:28:41.182 INFO kycontroller::avservices_manager - Last client left video Shared { display_id: 4227119652 }, stopping avservice
2026-09-15T20:28:41.182 INFO actix_web::middleware::logger - ::ffff:127.0.0.1 "GET /ws HTTP/1.1" 101 513 "-" "-" 373.070295
2026-09-15T20:28:41.182 WARN kycontroller::kymux_controller::server - Kynet accept failed: connection error: Endpoint closed
2026-09-15T20:28:41.182 WARN kycontroller::kymux_controller::server - Kynet accept failed: connection error: Endpoint closed
2026-09-15T20:28:41.182 WARN kycontroller::kymux_controller::server - Kynet accept failed: connection error: Endpoint closed
2026-09-15T20:28:41.182 WARN kycontroller::kymux_controller::server - Kynet accept failed: connection error: Endpoint closed
2026-09-15T20:28:41.182 WARN kycontroller::kymux_controller::server - Kynet accept failed: connection error: Endpoint closed
2026-09-15T20:28:41.182 WARN kycontroller::kymux_controller::server - Kynet accept failed: connection error: Endpoint closed
2026-09-15T20:28:41.182 WARN kycontroller::kymux_controller::server - Kynet accept failed: connection error: Endpoint closed
2026-09-15T20:28:41.182 WARN kycontroller::kymux_controller::server - Kynet accept failed: connection error: Endpoint closed
2026-09-15T20:28:41.182 WARN kycontroller::kymux_controller::server - Kynet accept failed: connection error: Endpoint closed
2026-09-15T20:28:41.182 WARN kycontroller::kymux_controller::server - Kynet accept failed: connection error: Endpoint closed
2026-09-15T20:28:41.182 WARN kycontroller::kymux_controller::server - Kynet accept failed: connection error: Endpoint closed
2026-09-15T20:28:41.182 WARN kycontroller::kymux_controller::server - Kynet accept failed: connection error: Endpoint closed
2026-09-15T20:28:41.182 WARN kycontroller::kymux_controller::server - Kynet accept failed: connection error: Endpoint closed
2026-09-15T20:28:41.182 WARN kycontroller::kymux_controller::server - Kynet accept failed: connection error: Endpoint closed
2026-09-15T20:28:41.182 WARN kycontroller::kymux_controller::server - Kynet accept failed: connection error: Endpoint closed
2026-09-15T20:28:41.182 WARN kycontroller::kymux_controller::server - Kynet accept failed: connection error: Endpoint closed
2026-09-15T20:28:41.182 WARN kycontroller::kymux_controller::server - Kynet accept failed: connection error: Endpoint closed
2026-09-15T20:28:41.182 WARN kycontroller::kymux_controller::server - Kynet accept failed: connection error: Endpoint closed
2026-09-15T20:28:41.182 WARN kycontroller::kymux_controller::server - Kynet accept failed: connection error: Endpoint closed
2026-09-15T20:28:41.182 WARN kycontroller::kymux_controller::server - Kynet accept failed: connection error: Endpoint closed
2026-09-15T20:28:41.182 WARN kycontroller::kymux_controller::server - Kynet accept failed: connection error: Endpoint closed
2026-09-15T20:28:41.182 WARN kycontroller::kymux_controller::server - Kynet accept failed: connection error: Endpoint closed
2026-09-15T20:28:41.182 WARN kycontroller::kymux_controller::server - Kynet accept failed: connection error: Endpoint closed
2026-09-15T20:28:41.182 WARN kycontroller::kymux_controller::server - Kynet accept failed: connection error: Endpoint closed
2026-09-15T20:28:41.182 WARN kycontroller::kymux_controller::server - Kynet accept failed: connection error: Endpoint closed
2026-09-15T20:28:41.182 WARN kycontroller::kymux_controller::server - Kynet accept failed: connection error: Endpoint closed
2026-09-15T20:28:41.182 WARN kycontroller::kymux_controller::server - Kynet accept failed: connection error: Endpoint closed
2026-09-15T20:28:41.182 WARN kycontroller::kymux_controller::server - Kynet accept failed: connection error: Endpoint closed
2026-09-15T20:28:41.182 WARN kycontroller::kymux_controller::server - Kynet accept failed: connection error: Endpoint closed
2026-09-15T20:28:41.182 WARN kycontroller::kymux_controller::server - Kynet accept failed: connection error: Endpoint closed
2026-09-15T20:28:41.182 WARN kycontroller::kymux_controller::server - Kynet accept failed: connection error: Endpoint closed
2026-09-15T20:28:41.182 WARN kycontroller::kymux_controller::server - Kynet accept failed: connection error: Endpoint closed
2026-09-15T20:28:41.182 WARN kycontroller::kymux_controller::server - Kynet accept failed: connection error: Endpoint closed
2026-09-15T20:28:41.182 WARN kycontroller::kymux_controller::server - Kynet accept failed: connection error: Endpoint closed
2026-09-15T20:28:41.182 WARN kycontroller::kymux_controller::server - Kynet accept failed: connection error: Endpoint closed
2026-09-15T20:28:41.182 WARN kycontroller::kymux_controller::server - Kynet accept failed: connection error: Endpoint closed
2026-09-15T20:28:41.182 WARN kycontroller::kymux_controller::server - Kynet accept failed: connection error: Endpoint closed
2026-09-15T20:28:41.182 WARN kycontroller::kymux_controller::server - Kynet accept failed: connection error: Endpoint closed
2026-09-15T20:28:41.182 WARN kycontroller::kymux_controller::server - Kynet accept failed: connection error: Endpoint closed
2026-09-15T20:28:41.182 WARN kycontroller::kymux_controller::server - Kynet accept failed: connection error: Endpoint closed
2026-09-15T20:28:41.183 WARN kycontroller::kymux_controller::server - Kynet accept failed: connection error: Endpoint closed
2026-09-15T20:28:41.183 WARN kycontroller::kymux_controller::server - Kynet accept failed: connection error: Endpoint closed
2026-09-15T20:28:41.183 WARN kycontroller::kymux_controller::server - Kynet accept failed: connection error: Endpoint closed
2026-09-15T20:28:41.183 WARN kycontroller::kymux_controller::server - Kynet accept failed: connection error: Endpoint closed
2026-09-15T20:28:41.183 WARN kycontroller::kymux_controller::server - Kynet accept failed: connection error: Endpoint closed
2026-09-15T20:28:41.183 WARN kycontroller::kymux_controller::server - Kynet accept failed: connection error: Endpoint closed
2026-09-15T20:28:41.183 WARN kycontroller::kymux_controller::server - Kynet accept failed: connection error: Endpoint closed
2026-09-15T20:28:41.183 WARN kycontroller::kymux_controller::server - Kynet accept failed: connection error: Endpoint closed
2026-09-15T20:28:41.183 WARN kycontroller::kymux_controller::server - Kynet accept failed: connection error: Endpoint closed
2026-09-15T20:28:41.183 WARN kycontroller::kymux_controller::server - Kynet accept failed: connection error: Endpoint closed
2026-09-15T20:28:41.183 WARN kycontroller::kymux_controller::server - Kynet accept failed: connection error: Endpoint closed
2026-09-15T20:28:41.183 WARN kycontroller::kymux_controller::server - Kynet accept failed: connection error: Endpoint closed
2026-09-15T20:28:41.183 WARN kycontroller::kymux_controller::server - Kynet accept failed: connection error: Endpoint closed
2026-09-15T20:28:41.183 WARN kycontroller::kymux_controller::server - Kynet accept failed: connection error: Endpoint closed
2026-09-15T20:28:41.183 WARN kycontroller::kymux_controller::server - Kynet accept failed: connection error: Endpoint closed
2026-09-15T20:28:41.183 WARN kycontroller::kymux_controller::server - Kynet accept failed: connection error: Endpoint closed
2026-09-15T20:28:41.183 WARN kycontroller::kymux_controller::server - Kynet accept failed: connection error: Endpoint closed
2026-09-15T20:28:41.183 WARN kycontroller::kymux_controller::server - Kynet accept failed: connection error: Endpoint closed
2026-09-15T20:28:41.183 WARN kycontroller::kymux_controller::server - Kynet accept failed: connection error: Endpoint closed
2026-09-15T20:28:41.183 WARN kycontroller::kymux_controller::server - Kynet accept failed: connection error: Endpoint closed
2026-09-15T20:28:41.183 WARN kycontroller::kymux_controller::server - Kynet accept failed: connection error: Endpoint closed
2026-09-15T20:28:41.183 WARN kycontroller::kymux_controller::server - Kynet accept failed: connection error: Endpoint closed
2026-09-15T20:28:41.183 WARN kycontroller::kymux_controller::server - Kynet accept failed: connection error: Endpoint closed
2026-09-15T20:28:41.183 WARN kycontroller::kymux_controller::server - Kynet accept failed: connection error: Endpoint closed
2026-09-15T20:28:41.183 WARN kycontroller::kymux_controller::server - Kynet accept failed: connection error: Endpoint closed
2026-09-15T20:28:41.183 WARN kycontroller::kymux_controller::server - Kynet accept failed: connection error: Endpoint closed
2026-09-15T20:28:41.183 WARN kycontroller::kymux_controller::server - Kynet accept failed: connection error: Endpoint closed
2026-09-15T20:28:41.183 WARN kycontroller::kymux_controller::server - Kynet accept failed: connection error: Endpoint closed
2026-09-15T20:28:41.183 WARN kycontroller::kymux_controller::server - Kynet accept failed: connection error: Endpoint closed
2026-09-15T20:28:41.183 WARN kycontroller::kymux_controller::server - Kynet accept failed: connection error: Endpoint closed
2026-09-15T20:28:41.183 WARN kycontroller::kymux_controller::server - Kynet accept failed: connection error: Endpoint closed
2026-09-15T20:28:41.183 WARN kycontroller::kymux_controller::server - Kynet accept failed: connection error: Endpoint closed
2026-09-15T20:28:41.183 WARN kycontroller::kymux_controller::server - Kynet accept failed: connection error: Endpoint closed
2026-09-15T20:28:41.183 WARN kycontroller::kymux_controller::server - Kynet accept failed: connection error: Endpoint closed
2026-09-15T20:28:41.183 WARN kycontroller::kymux_controller::server - Kynet accept failed: connection error: Endpoint closed
2026-09-15T20:28:41.183 WARN kycontroller::kymux_controller::server - Kynet accept failed: connection error: Endpoint closed
2026-09-15T20:28:41.183 WARN kycontroller::kymux_controller::server - Kynet accept failed: connection error: Endpoint closed
2026-09-15T20:28:41.183 WARN kycontroller::kymux_controller::server - Kynet accept failed: connection error: Endpoint closed
2026-09-15T20:28:41.183 WARN kycontroller::kymux_controller::server - Kynet accept failed: connection error: Endpoint closed
2026-09-15T20:28:41.183 WARN kycontroller::kymux_controller::server - Kynet accept failed: connection error: Endpoint closed
2026-09-15T20:28:41.183 WARN kycontroller::kymux_controller::server - Kynet accept failed: connection error: Endpoint closed
2026-09-15T20:28:41.183 WARN kycontroller::kymux_controller::server - Kynet accept failed: connection error: Endpoint closed
2026-09-15T20:28:41.183 INFO libkypc::process - Kill Child(C:\Users\trist\KyberFrog-bench\bundle-643ee0e\kyavserver)
2026-09-15T20:28:41.183 WARN kycontroller::kymux_controller::server - Kynet accept failed: connection error: Endpoint closed
2026-09-15T20:28:41.183 WARN kycontroller::kymux_controller::server - Kynet accept failed: connection error: Endpoint closed
2026-09-15T20:28:41.183 WARN kycontroller::kymux_controller::server - Kynet accept failed: connection error: Endpoint closed
2026-09-15T20:28:41.183 WARN kycontroller::kymux_controller::server - Kynet accept failed: connection error: Endpoint closed
2026-09-15T20:28:41.183 WARN kycontroller::kymux_controller::server - Kynet accept failed: connection error: Endpoint closed
2026-09-15T20:28:41.184 WARN kycontroller::kymux_controller::server - Kynet accept failed: connection error: Endpoint closed
2026-09-15T20:28:41.184 WARN kycontroller::kymux_controller::server - Kynet accept failed: connection error: Endpoint closed
2026-09-15T20:28:41.184 WARN kycontroller::kymux_controller::server - Kynet accept failed: connection error: Endpoint closed
2026-09-15T20:28:41.184 WARN kycontroller::kymux_controller::server - Kynet accept failed: connection error: Endpoint closed
2026-09-15T20:28:41.184 WARN kycontroller::kymux_controller::server - Kynet accept failed: connection error: Endpoint closed
2026-09-15T20:28:41.184 WARN kycontroller::kymux_controller::server - Kynet accept failed: connection error: Endpoint closed
2026-09-15T20:28:41.184 WARN kycontroller::kymux_controller::server - Kynet accept failed: connection error: Endpoint closed
2026-09-15T20:28:41.184 WARN kycontroller::kymux_controller::server - Kynet accept failed: connection error: Endpoint closed
2026-09-15T20:28:41.184 WARN kycontroller::kymux_controller::server - Kynet accept failed: connection error: Endpoint closed
2026-09-15T20:28:41.184 WARN kycontroller::kymux_controller::server - Kynet accept failed: connection error: Endpoint closed
2026-09-15T20:28:41.184 WARN kycontroller::kymux_controller::server - Kynet accept failed: connection error: Endpoint closed
2026-09-15T20:28:41.184 WARN kycontroller::kymux_controller::server - Kynet accept failed: connection error: Endpoint closed
2026-09-15T20:28:41.184 WARN kycontroller::kymux_controller::server - Kynet accept failed: connection error: Endpoint closed
2026-09-15T20:28:41.184 WARN kycontroller::kymux_controller::server - Kynet accept failed: connection error: Endpoint closed
2026-09-15T20:28:41.184 WARN kycontroller::kymux_controller::server - Kynet accept failed: connection error: Endpoint closed
2026-09-15T20:28:41.184 WARN kycontroller::kymux_controller::server - Kynet accept failed: connection error: Endpoint closed
2026-09-15T20:28:41.184 WARN kycontroller::kymux_controller::server - Kynet accept failed: connection error: Endpoint closed
2026-09-15T20:28:41.184 WARN kycontroller::kymux_controller::server - Kynet accept failed: connection error: Endpoint closed
2026-09-15T20:28:41.184 WARN kycontroller::kymux_controller::server - Kynet accept failed: connection error: Endpoint closed
2026-09-15T20:28:41.184 WARN kycontroller::kymux_controller::server - Kynet accept failed: connection error: Endpoint closed
2026-09-15T20:28:41.184 WARN kycontroller::kymux_controller::server - Kynet accept failed: connection error: Endpoint closed
2026-09-15T20:28:41.184 WARN kycontroller::kymux_controller::server - Kynet accept failed: connection error: Endpoint closed
2026-09-15T20:28:41.184 WARN kycontroller::kymux_controller::server - Kynet accept failed: connection error: Endpoint closed
2026-09-15T20:28:41.184 WARN kycontroller::kymux_controller::server - Kynet accept failed: connection error: Endpoint closed
2026-09-15T20:28:41.184 WARN kycontroller::kymux_controller::server - Kynet accept failed: connection error: Endpoint closed
2026-09-15T20:28:41.184 WARN kycontroller::kymux_controller::server - Kynet accept failed: connection error: Endpoint closed
2026-09-15T20:28:41.184 WARN kycontroller::kymux_controller::server - Kynet accept failed: connection error: Endpoint closed
2026-09-15T20:28:41.184 WARN kycontroller::kymux_controller::server - Kynet accept failed: connection error: Endpoint closed
2026-09-15T20:28:41.184 WARN kycontroller::kymux_controller::server - Kynet accept failed: connection error: Endpoint closed
2026-09-15T20:28:41.184 WARN kycontroller::kymux_controller::server - Kynet accept failed: connection error: Endpoint closed
2026-09-15T20:28:41.184 WARN kycontroller::kymux_controller::server - Kynet accept failed: connection error: Endpoint closed
2026-09-15T20:28:41.184 WARN kycontroller::kymux_controller::server - Kynet accept failed: connection error: Endpoint closed
2026-09-15T20:28:41.184 WARN kycontroller::kymux_controller::server - Kynet accept failed: connection error: Endpoint closed
2026-09-15T20:28:41.184 WARN kycontroller::kymux_controller::server - Kynet accept failed: connection error: Endpoint closed
2026-09-15T20:28:41.184 WARN kycontroller::kymux_controller::server - Kynet accept failed: connection error: Endpoint closed
2026-09-15T20:28:41.184 WARN kycontroller::kymux_controller::server - Kynet accept failed: connection error: Endpoint closed
2026-09-15T20:28:41.184 WARN kycontroller::kymux_controller::server - Kynet accept failed: connection error: Endpoint closed
2026-09-15T20:28:41.184 WARN kycontroller::kymux_controller::server - Kynet accept failed: connection error: Endpoint closed
2026-09-15T20:28:41.184 WARN kycontroller::kymux_controller::server - Kynet accept failed: connection error: Endpoint closed
2026-09-15T20:28:41.184 WARN kycontroller::kymux_controller::server - Kynet accept failed: connection error: Endpoint closed
2026-09-15T20:28:41.184 WARN kycontroller::kymux_controller::server - Kynet accept failed: connection error: Endpoint closed
2026-09-15T20:28:41.184 WARN kycontroller::kymux_controller::server - Kynet accept failed: connection error: Endpoint closed
2026-09-15T20:28:41.184 WARN kycontroller::kymux_controller::server - Kynet accept failed: connection error: Endpoint closed
2026-09-15T20:28:41.184 WARN kycontroller::kymux_controller::server - Kynet accept failed: connection error: Endpoint closed
2026-09-15T20:28:41.184 WARN kycontroller::kymux_controller::server - Kynet accept failed: connection error: Endpoint closed
2026-09-15T20:28:41.184 WARN kycontroller::kymux_controller::server - Kynet accept failed: connection error: Endpoint closed
2026-09-15T20:28:41.184 WARN kycontroller::kymux_controller::server - Kynet accept failed: connection error: Endpoint closed
2026-09-15T20:28:41.184 WARN kycontroller::kymux_controller::server - Kynet accept failed: connection error: Endpoint closed
2026-09-15T20:28:41.184 WARN kycontroller::kymux_controller::server - Kynet accept failed: connection error: Endpoint closed
2026-09-15T20:28:41.184 WARN kycontroller::kymux_controller::server - Kynet accept failed: connection error: Endpoint closed
2026-09-15T20:28:41.184 WARN kycontroller::kymux_controller::server - Kynet accept failed: connection error: Endpoint closed
2026-09-15T20:28:41.184 WARN kycontroller::kymux_controller::server - Kynet accept failed: connection error: Endpoint closed
2026-09-15T20:28:41.184 WARN kycontroller::kymux_controller::server - Kynet accept failed: connection error: Endpoint closed
2026-09-15T20:28:41.184 WARN kycontroller::kymux_controller::server - Kynet accept failed: connection error: Endpoint closed
2026-09-15T20:28:41.184 WARN kycontroller::kymux_controller::server - Kynet accept failed: connection error: Endpoint closed
2026-09-15T20:28:41.184 WARN kycontroller::kymux_controller::server - Kynet accept failed: connection error: Endpoint closed
2026-09-15T20:28:41.184 WARN kycontroller::kymux_controller::server - Kynet accept failed: connection error: Endpoint closed
2026-09-15T20:28:41.184 WARN kycontroller::kymux_controller::server - Kynet accept failed: connection error: Endpoint closed
2026-09-15T20:28:41.184 WARN kycontroller::kymux_controller::server - Kynet accept failed: connection error: Endpoint closed
2026-09-15T20:28:41.184 WARN kycontroller::kymux_controller::server - Kynet accept failed: connection error: Endpoint closed
2026-09-15T20:28:41.184 WARN kycontroller::kymux_controller::server - Kynet accept failed: connection error: Endpoint closed
2026-09-15T20:28:41.184 WARN kycontroller::kymux_controller::server - Kynet accept failed: connection error: Endpoint closed
2026-09-15T20:28:41.184 WARN kycontroller::kymux_controller::server - Kynet accept failed: connection error: Endpoint closed
2026-09-15T20:28:41.184 WARN kycontroller::kymux_controller::server - Kynet accept failed: connection error: Endpoint closed
2026-09-15T20:28:41.184 WARN kycontroller::kymux_controller::server - Kynet accept failed: connection error: Endpoint closed
2026-09-15T20:28:41.184 WARN kycontroller::kymux_controller::server - Kynet accept failed: connection error: Endpoint closed
2026-09-15T20:28:41.184 WARN kycontroller::kymux_controller::server - Kynet accept failed: connection error: Endpoint closed
2026-09-15T20:28:41.184 WARN kycontroller::kymux_controller::server - Kynet accept failed: connection error: Endpoint closed
2026-09-15T20:28:41.184 WARN kycontroller::kymux_controller::server - Kynet accept failed: connection error: Endpoint closed
2026-09-15T20:28:41.184 WARN kycontroller::kymux_controller::server - Kynet accept failed: connection error: Endpoint closed
2026-09-15T20:28:41.184 WARN kycontroller::kymux_controller::server - Kynet accept failed: connection error: Endpoint closed
2026-09-15T20:28:41.184 WARN kycontroller::kymux_controller::server - Kynet accept failed: connection error: Endpoint closed
2026-09-15T20:28:41.185 WARN kycontroller::kymux_controller::server - Kynet accept failed: connection error: Endpoint closed
2026-09-15T20:28:41.185 WARN kycontroller::kymux_controller::server - Kynet accept failed: connection error: Endpoint closed
2026-09-15T20:28:41.185 WARN kycontroller::kymux_controller::server - Kynet accept failed: connection error: Endpoint closed
2026-09-15T20:28:41.185 WARN kycontroller::kymux_controller::server - Kynet accept failed: connection error: Endpoint closed
2026-09-15T20:28:41.185 WARN kycontroller::kymux_controller::server - Kynet accept failed: connection error: Endpoint closed
2026-09-15T20:28:41.185 WARN kycontroller::kymux_controller::server - Kynet accept failed: connection error: Endpoint closed
2026-09-15T20:28:41.185 WARN kycontroller::kymux_controller::server - Kynet accept failed: connection error: Endpoint closed
2026-09-15T20:28:41.185 WARN kycontroller::kymux_controller::server - Kynet accept failed: connection error: Endpoint closed
2026-09-15T20:28:41.185 WARN kycontroller::kymux_controller::server - Kynet accept failed: connection error: Endpoint closed
2026-09-15T20:28:41.185 WARN kycontroller::kymux_controller::server - Kynet accept failed: connection error: Endpoint closed
2026-09-15T20:28:41.185 WARN kycontroller::kymux_controller::server - Kynet accept failed: connection error: Endpoint closed
2026-09-15T20:28:41.185 WARN kycontroller::kymux_controller::server - Kynet accept failed: connection error: Endpoint closed
2026-09-15T20:28:41.185 WARN kycontroller::kymux_controller::server - Kynet accept failed: connection error: Endpoint closed
2026-09-15T20:28:41.185 WARN kycontroller::kymux_controller::server - Kynet accept failed: connection error: Endpoint closed
2026-09-15T20:28:41.185 WARN kycontroller::kymux_controller::server - Kynet accept failed: connection error: Endpoint closed
2026-09-15T20:28:41.185 WARN kycontroller::kymux_controller::server - Kynet accept failed: connection error: Endpoint closed
2026-09-15T20:28:41.185 WARN kycontroller::kymux_controller::server - Kynet accept failed: connection error: Endpoint closed
2026-09-15T20:28:41.185 WARN kycontroller::kymux_controller::server - Kynet accept failed: connection error: Endpoint closed
2026-09-15T20:28:41.185 WARN kycontroller::kymux_controller::server - Kynet accept failed: connection error: Endpoint closed
2026-09-15T20:28:41.185 WARN kycontroller::kymux_controller::server - Kynet accept failed: connection error: Endpoint closed
2026-09-15T20:28:41.185 WARN kycontroller::kymux_controller::server - Kynet accept failed: connection error: Endpoint closed
2026-09-15T20:28:41.185 WARN kycontroller::kymux_controller::server - Kynet accept failed: connection error: Endpoint closed
2026-09-15T20:28:41.185 WARN kycontroller::kymux_controller::server - Kynet accept failed: connection error: Endpoint closed
2026-09-15T20:28:41.185 WARN kycontroller::kymux_controller::server - Kynet accept failed: connection error: Endpoint closed
2026-09-15T20:28:41.185 WARN kycontroller::kymux_controller::server - Kynet accept failed: connection error: Endpoint closed
2026-09-15T20:28:41.185 WARN kycontroller::kymux_controller::server - Kynet accept failed: connection error: Endpoint closed
2026-09-15T20:28:41.185 WARN kycontroller::kymux_controller::server - Kynet accept failed: connection error: Endpoint closed
2026-09-15T20:28:41.185 WARN kycontroller::kymux_controller::server - Kynet accept failed: connection error: Endpoint closed
2026-09-15T20:28:41.185 WARN kycontroller::kymux_controller::server - Kynet accept failed: connection error: Endpoint closed
2026-09-15T20:28:41.185 WARN kycontroller::kymux_controller::server - Kynet accept failed: connection error: Endpoint closed
2026-09-15T20:28:41.185 WARN kycontroller::kymux_controller::server - Kynet accept failed: connection error: Endpoint closed
2026-09-15T20:28:41.185 WARN kycontroller::kymux_controller::server - Kynet accept failed: connection error: Endpoint closed
2026-09-15T20:28:41.185 WARN kycontroller::kymux_controller::server - Kynet accept failed: connection error: Endpoint closed
2026-09-15T20:28:41.185 WARN kycontroller::kymux_controller::server - Kynet accept failed: connection error: Endpoint closed
2026-09-15T20:28:41.185 WARN kycontroller::kymux_controller::server - Kynet accept failed: connection error: Endpoint closed
2026-09-15T20:28:41.185 WARN kycontroller::kymux_controller::server - Kynet accept failed: connection error: Endpoint closed
2026-09-15T20:28:41.185 WARN kycontroller::kymux_controller::server - Kynet accept failed: connection error: Endpoint closed
2026-09-15T20:28:41.185 WARN kycontroller::kymux_controller::server - Kynet accept failed: connection error: Endpoint closed
2026-09-15T20:28:41.185 WARN kycontroller::kymux_controller::server - Kynet accept failed: connection error: Endpoint closed
2026-09-15T20:28:41.185 WARN kycontroller::kymux_controller::server - Kynet accept failed: connection error: Endpoint closed
2026-09-15T20:28:41.185 WARN kycontroller::kymux_controller::server - Kynet accept failed: connection error: Endpoint closed
2026-09-15T20:28:41.185 WARN kycontroller::kymux_controller::server - Kynet accept failed: connection error: Endpoint closed
2026-09-15T20:28:41.185 WARN kycontroller::kymux_controller::server - Kynet accept failed: connection error: Endpoint closed
2026-09-15T20:28:41.185 WARN kycontroller::kymux_controller::server - Kynet accept failed: connection error: Endpoint closed
2026-09-15T20:28:41.185 WARN kycontroller::kymux_controller::server - Kynet accept failed: connection error: Endpoint closed
2026-09-15T20:28:41.185 WARN kycontroller::kymux_controller::server - Kynet accept failed: connection error: Endpoint closed
2026-09-15T20:28:41.185 WARN kycontroller::kymux_controller::server - Kynet accept failed: connection error: Endpoint closed
2026-09-15T20:28:41.185 WARN kycontroller::kymux_controller::server - Kynet accept failed: connection error: Endpoint closed
2026-09-15T20:28:41.185 WARN kycontroller::kymux_controller::server - Kynet accept failed: connection error: Endpoint closed
2026-09-15T20:28:41.185 WARN kycontroller::kymux_controller::server - Kynet accept failed: connection error: Endpoint closed
2026-09-15T20:28:41.185 WARN kycontroller::kymux_controller::server - Kynet accept failed: connection error: Endpoint closed
2026-09-15T20:28:41.185 WARN kycontroller::kymux_controller::server - Kynet accept failed: connection error: Endpoint closed
2026-09-15T20:28:41.185 WARN kycontroller::kymux_controller::server - Kynet accept failed: connection error: Endpoint closed
2026-09-15T20:28:41.185 WARN kycontroller::kymux_controller::server - Kynet accept failed: connection error: Endpoint closed
2026-09-15T20:28:41.185 WARN kycontroller::kymux_controller::server - Kynet accept failed: connection error: Endpoint closed
2026-09-15T20:28:41.185 WARN kycontroller::kymux_controller::server - Kynet accept failed: connection error: Endpoint closed
2026-09-15T20:28:41.185 WARN kycontroller::kymux_controller::server - Kynet accept failed: connection error: Endpoint closed
2026-09-15T20:28:41.185 WARN kycontroller::kymux_controller::server - Kynet accept failed: connection error: Endpoint closed
2026-09-15T20:28:41.185 WARN kycontroller::kymux_controller::server - Kynet accept failed: connection error: Endpoint closed
2026-09-15T20:28:41.186 WARN kycontroller::kymux_controller::server - Kynet accept failed: connection error: Endpoint closed
2026-09-15T20:28:41.186 WARN kycontroller::kymux_controller::server - Kynet accept failed: connection error: Endpoint closed
2026-09-15T20:28:41.186 WARN kycontroller::kymux_controller::server - Kynet accept failed: connection error: Endpoint closed
2026-09-15T20:28:41.186 WARN kycontroller::kymux_controller::server - Kynet accept failed: connection error: Endpoint closed
2026-09-15T20:28:41.186 WARN kycontroller::kymux_controller::server - Kynet accept failed: connection error: Endpoint closed
2026-09-15T20:28:41.186 WARN kycontroller::kymux_controller::server - Kynet accept failed: connection error: Endpoint closed
2026-09-15T20:28:41.186 WARN kycontroller::kymux_controller::server - Kynet accept failed: connection error: Endpoint closed
2026-09-15T20:28:41.186 WARN kycontroller::kymux_controller::server - Kynet accept failed: connection error: Endpoint closed
2026-09-15T20:28:41.186 WARN kycontroller::kymux_controller::server - Kynet accept failed: connection error: Endpoint closed
2026-09-15T20:28:41.186 WARN kycontroller::kymux_controller::server - Kynet accept failed: connection error: Endpoint closed
2026-09-15T20:28:41.186 WARN kycontroller::kymux_controller::server - Kynet accept failed: connection error: Endpoint closed
2026-09-15T20:28:41.186 WARN kycontroller::kymux_controller::server - Kynet accept failed: connection error: Endpoint closed
2026-09-15T20:28:41.186 WARN kycontroller::kymux_controller::server - Kynet accept failed: connection error: Endpoint closed
2026-09-15T20:28:41.186 WARN kycontroller::kymux_controller::server - Kynet accept failed: connection error: Endpoint closed
2026-09-15T20:28:41.186 WARN kycontroller::kymux_controller::server - Kynet accept failed: connection error: Endpoint closed
2026-09-15T20:28:41.186 WARN kycontroller::kymux_controller::server - Kynet accept failed: connection error: Endpoint closed
2026-09-15T20:28:41.186 WARN kycontroller::kymux_controller::server - Kynet accept failed: connection error: Endpoint closed
2026-09-15T20:28:41.186 WARN kycontroller::kymux_controller::server - Kynet accept failed: connection error: Endpoint closed
2026-09-15T20:28:41.186 WARN kycontroller::kymux_controller::server - Kynet accept failed: connection error: Endpoint closed
2026-09-15T20:28:41.186 WARN kycontroller::kymux_controller::server - Kynet accept failed: connection error: Endpoint closed
2026-09-15T20:28:41.186 WARN kycontroller::kymux_controller::server - Kynet accept failed: connection error: Endpoint closed
2026-09-15T20:28:41.186 WARN kycontroller::kymux_controller::server - Kynet accept failed: connection error: Endpoint closed
2026-09-15T20:28:41.186 WARN kycontroller::kymux_controller::server - Kynet accept failed: connection error: Endpoint closed
2026-09-15T20:28:41.186 WARN kycontroller::kymux_controller::server - Kynet accept failed: connection error: Endpoint closed
2026-09-15T20:28:41.186 WARN kycontroller::kymux_controller::server - Kynet accept failed: connection error: Endpoint closed
2026-09-15T20:28:41.186 WARN kycontroller::kymux_controller::server - Kynet accept failed: connection error: Endpoint closed
2026-09-15T20:28:41.186 WARN kycontroller::kymux_controller::server - Kynet accept failed: connection error: Endpoint closed
2026-09-15T20:28:41.186 WARN kycontroller::kymux_controller::server - Kynet accept failed: connection error: Endpoint closed
2026-09-15T20:28:41.186 WARN kycontroller::kymux_controller::server - Kynet accept failed: connection error: Endpoint closed
2026-09-15T20:28:41.186 WARN kycontroller::kymux_controller::server - Kynet accept failed: connection error: Endpoint closed
2026-09-15T20:28:41.186 WARN kycontroller::kymux_controller::server - Kynet accept failed: connection error: Endpoint closed
2026-09-15T20:28:41.186 WARN kycontroller::kymux_controller::server - Kynet accept failed: connection error: Endpoint closed
2026-09-15T20:28:41.186 WARN kycontroller::kymux_controller::server - Kynet accept failed: connection error: Endpoint closed
2026-09-15T20:28:41.186 WARN kycontroller::kymux_controller::server - Kynet accept failed: connection error: Endpoint closed
2026-09-15T20:28:41.186 WARN kycontroller::kymux_controller::server - Kynet accept failed: connection error: Endpoint closed
2026-09-15T20:28:41.186 WARN kycontroller::kymux_controller::server - Kynet accept failed: connection error: Endpoint closed
2026-09-15T20:28:41.186 WARN kycontroller::kymux_controller::server - Kynet accept failed: connection error: Endpoint closed
2026-09-15T20:28:41.186 WARN kycontroller::kymux_controller::server - Kynet accept failed: connection error: Endpoint closed
2026-09-15T20:28:41.186 WARN kycontroller::kymux_controller::server - Kynet accept failed: connection error: Endpoint closed
2026-09-15T20:28:41.186 WARN kycontroller::kymux_controller::server - Kynet accept failed: connection error: Endpoint closed
2026-09-15T20:28:41.186 WARN kycontroller::kymux_controller::server - Kynet accept failed: connection error: Endpoint closed
2026-09-15T20:28:41.186 WARN kycontroller::kymux_controller::server - Kynet accept failed: connection error: Endpoint closed
2026-09-15T20:28:41.186 WARN kycontroller::kymux_controller::server - Kynet accept failed: connection error: Endpoint closed
2026-09-15T20:28:41.186 WARN kycontroller::kymux_controller::server - Kynet accept failed: connection error: Endpoint closed
2026-09-15T20:28:41.186 WARN kycontroller::kymux_controller::server - Kynet accept failed: connection error: Endpoint closed
2026-09-15T20:28:41.186 WARN kycontroller::kymux_controller::server - Kynet accept failed: connection error: Endpoint closed
2026-09-15T20:28:41.186 WARN kycontroller::kymux_controller::server - Kynet accept failed: connection error: Endpoint closed
2026-09-15T20:28:41.186 WARN kycontroller::kymux_controller::server - Kynet accept failed: connection error: Endpoint closed
2026-09-15T20:28:41.186 WARN kycontroller::kymux_controller::server - Kynet accept failed: connection error: Endpoint closed
2026-09-15T20:28:41.186 WARN kycontroller::kymux_controller::server - Kynet accept failed: connection error: Endpoint closed
2026-09-15T20:28:41.186 WARN kycontroller::kymux_controller::server - Kynet accept failed: connection error: Endpoint closed
2026-09-15T20:28:41.186 WARN kycontroller::kymux_controller::server - Kynet accept failed: connection error: Endpoint closed
2026-09-15T20:28:41.186 WARN kycontroller::kymux_controller::server - Kynet accept failed: connection error: Endpoint closed
2026-09-15T20:28:41.186 WARN kycontroller::kymux_controller::server - Kynet accept failed: connection error: Endpoint closed
2026-09-15T20:28:41.186 WARN kycontroller::kymux_controller::server - Kynet accept failed: connection error: Endpoint closed
2026-09-15T20:28:41.186 WARN kycontroller::kymux_controller::server - Kynet accept failed: connection error: Endpoint closed
2026-09-15T20:28:41.186 WARN kycontroller::kymux_controller::server - Kynet accept failed: connection error: Endpoint closed
2026-09-15T20:28:41.186 WARN kycontroller::kymux_controller::server - Kynet accept failed: connection error: Endpoint closed
2026-09-15T20:28:41.187 WARN kycontroller::kymux_controller::server - Kynet accept failed: connection error: Endpoint closed
2026-09-15T20:28:41.187 WARN kycontroller::kymux_controller::server - Kynet accept failed: connection error: Endpoint closed
2026-09-15T20:28:41.187 WARN kycontroller::kymux_controller::server - Kynet accept failed: connection error: Endpoint closed
2026-09-15T20:28:41.187 WARN kycontroller::kymux_controller::server - Kynet accept failed: connection error: Endpoint closed
2026-09-15T20:28:41.187 WARN kycontroller::kymux_controller::server - Kynet accept failed: connection error: Endpoint closed
2026-09-15T20:28:41.187 WARN kycontroller::kymux_controller::server - Kynet accept failed: connection error: Endpoint closed
2026-09-15T20:28:41.187 WARN kycontroller::kymux_controller::server - Kynet accept failed: connection error: Endpoint closed
2026-09-15T20:28:41.187 WARN kycontroller::kymux_controller::server - Kynet accept failed: connection error: Endpoint closed
2026-09-15T20:28:41.187 WARN kycontroller::kymux_controller::server - Kynet accept failed: connection error: Endpoint closed
2026-09-15T20:28:41.187 WARN kycontroller::kymux_controller::server - Kynet accept failed: connection error: Endpoint closed
2026-09-15T20:28:41.187 WARN kycontroller::kymux_controller::server - Kynet accept failed: connection error: Endpoint closed
2026-09-15T20:28:41.187 WARN kycontroller::kymux_controller::server - Kynet accept failed: connection error: Endpoint closed
2026-09-15T20:28:41.187 WARN kycontroller::kymux_controller::server - Kynet accept failed: connection error: Endpoint closed
2026-09-15T20:28:41.187 WARN kycontroller::kymux_controller::server - Kynet accept failed: connection error: Endpoint closed
2026-09-15T20:28:41.187 WARN kycontroller::kymux_controller::server - Kynet accept failed: connection error: Endpoint closed
2026-09-15T20:28:41.187 WARN kycontroller::kymux_controller::server - Kynet accept failed: connection error: Endpoint closed
2026-09-15T20:28:41.187 WARN kycontroller::kymux_controller::server - Kynet accept failed: connection error: Endpoint closed
2026-09-15T20:28:41.187 WARN kycontroller::kymux_controller::server - Kynet accept failed: connection error: Endpoint closed
2026-09-15T20:28:41.187 WARN kycontroller::kymux_controller::server - Kynet accept failed: connection error: Endpoint closed
2026-09-15T20:28:41.187 WARN kycontroller::kymux_controller::server - Kynet accept failed: connection error: Endpoint closed
2026-09-15T20:28:41.187 WARN kycontroller::kymux_controller::server - Kynet accept failed: connection error: Endpoint closed
2026-09-15T20:28:41.187 WARN kycontroller::kymux_controller::server - Kynet accept failed: connection error: Endpoint closed
2026-09-15T20:28:41.187 WARN kycontroller::kymux_controller::server - Kynet accept failed: connection error: Endpoint closed
2026-09-15T20:28:41.187 WARN kycontroller::kymux_controller::server - Kynet accept failed: connection error: Endpoint closed
2026-09-15T20:28:41.187 WARN kycontroller::kymux_controller::server - Kynet accept failed: connection error: Endpoint closed
2026-09-15T20:28:41.187 WARN kycontroller::kymux_controller::server - Kynet accept failed: connection error: Endpoint closed
2026-09-15T20:28:41.187 WARN kycontroller::kymux_controller::server - Kynet accept failed: connection error: Endpoint closed
2026-09-15T20:28:41.187 WARN kycontroller::kymux_controller::server - Kynet accept failed: connection error: Endpoint closed
2026-09-15T20:28:41.187 WARN kycontroller::kymux_controller::server - Kynet accept failed: connection error: Endpoint closed
2026-09-15T20:28:41.187 WARN kycontroller::kymux_controller::server - Kynet accept failed: connection error: Endpoint closed
2026-09-15T20:28:41.187 WARN kycontroller::kymux_controller::server - Kynet accept failed: connection error: Endpoint closed
2026-09-15T20:28:41.187 WARN kycontroller::kymux_controller::server - Kynet accept failed: connection error: Endpoint closed
2026-09-15T20:28:41.187 WARN kycontroller::kymux_controller::server - Kynet accept failed: connection error: Endpoint closed
2026-09-15T20:28:41.187 WARN kycontroller::kymux_controller::server - Kynet accept failed: connection error: Endpoint closed
2026-09-15T20:28:41.187 WARN kycontroller::kymux_controller::server - Kynet accept failed: connection error: Endpoint closed
2026-09-15T20:28:41.187 WARN kycontroller::kymux_controller::server - Kynet accept failed: connection error: Endpoint closed
2026-09-15T20:28:41.187 WARN kycontroller::kymux_controller::server - Kynet accept failed: connection error: Endpoint closed
2026-09-15T20:28:41.187 WARN kycontroller::kymux_controller::server - Kynet accept failed: connection error: Endpoint closed
2026-09-15T20:28:41.187 WARN kycontroller::kymux_controller::server - Kynet accept failed: connection error: Endpoint closed
2026-09-15T20:28:41.187 WARN kycontroller::kymux_controller::server - Kynet accept failed: connection error: Endpoint closed
2026-09-15T20:28:41.187 WARN kycontroller::kymux_controller::server - Kynet accept failed: connection error: Endpoint closed
2026-09-15T20:28:41.187 WARN kycontroller::kymux_controller::server - Kynet accept failed: connection error: Endpoint closed
2026-09-15T20:28:41.187 WARN kycontroller::kymux_controller::server - Kynet accept failed: connection error: Endpoint closed
2026-09-15T20:28:41.187 WARN kycontroller::kymux_controller::server - Kynet accept failed: connection error: Endpoint closed
2026-09-15T20:28:41.187 WARN kycontroller::kymux_controller::server - Kynet accept failed: connection error: Endpoint closed
2026-09-15T20:28:41.187 WARN kycontroller::kymux_controller::server - Kynet accept failed: connection error: Endpoint closed
2026-09-15T20:28:41.187 WARN kycontroller::kymux_controller::server - Kynet accept failed: connection error: Endpoint closed
2026-09-15T20:28:41.187 WARN kycontroller::kymux_controller::server - Kynet accept failed: connection error: Endpoint closed
2026-09-15T20:28:41.187 WARN kycontroller::kymux_controller::server - Kynet accept failed: connection error: Endpoint closed
2026-09-15T20:28:41.187 WARN kycontroller::kymux_controller::server - Kynet accept failed: connection error: Endpoint closed
2026-09-15T20:28:41.187 WARN kycontroller::kymux_controller::server - Kynet accept failed: connection error: Endpoint closed
2026-09-15T20:28:41.188 WARN kycontroller::kymux_controller::server - Kynet accept failed: connection error: Endpoint closed
2026-09-15T20:28:41.188 WARN kycontroller::kymux_controller::server - Kynet accept failed: connection error: Endpoint closed
2026-09-15T20:28:41.188 WARN kycontroller::kymux_controller::server - Kynet accept failed: connection error: Endpoint closed
2026-09-15T20:28:41.188 WARN kycontroller::kymux_controller::server - Kynet accept failed: connection error: Endpoint closed
2026-09-15T20:28:41.188 WARN kycontroller::kymux_controller::server - Kynet accept failed: connection error: Endpoint closed
2026-09-15T20:28:41.188 WARN kycontroller::kymux_controller::server - Kynet accept failed: connection error: Endpoint closed
2026-09-15T20:28:41.188 WARN kycontroller::kymux_controller::server - Kynet accept failed: connection error: Endpoint closed
2026-09-15T20:28:41.188 WARN kycontroller::kymux_controller::server - Kynet accept failed: connection error: Endpoint closed
2026-09-15T20:28:41.188 WARN kycontroller::kymux_controller::server - Kynet accept failed: connection error: Endpoint closed
2026-09-15T20:28:41.188 WARN kycontroller::kymux_controller::server - Kynet accept failed: connection error: Endpoint closed
2026-09-15T20:28:41.188 WARN kycontroller::kymux_controller::server - Kynet accept failed: connection error: Endpoint closed
2026-09-15T20:28:41.188 WARN kycontroller::kymux_controller::server - Kynet accept failed: connection error: Endpoint closed
2026-09-15T20:28:41.188 WARN kycontroller::kymux_controller::server - Kynet accept failed: connection error: Endpoint closed
2026-09-15T20:28:41.188 WARN kycontroller::kymux_controller::server - Kynet accept failed: connection error: Endpoint closed
2026-09-15T20:28:41.188 WARN kycontroller::kymux_controller::server - Kynet accept failed: connection error: Endpoint closed
2026-09-15T20:28:41.188 WARN kycontroller::kymux_controller::server - Kynet accept failed: connection error: Endpoint closed
2026-09-15T20:28:41.188 WARN kycontroller::kymux_controller::server - Kynet accept failed: connection error: Endpoint closed
2026-09-15T20:28:41.188 WARN kycontroller::kymux_controller::server - Kynet accept failed: connection error: Endpoint closed
2026-09-15T20:28:41.188 WARN kycontroller::kymux_controller::server - Kynet accept failed: connection error: Endpoint closed
2026-09-15T20:28:41.188 WARN kycontroller::kymux_controller::server - Kynet accept failed: connection error: Endpoint closed
2026-09-15T20:28:41.188 WARN kycontroller::kymux_controller::server - Kynet accept failed: connection error: Endpoint closed
2026-09-15T20:28:41.188 WARN kycontroller::kymux_controller::server - Kynet accept failed: connection error: Endpoint closed
2026-09-15T20:28:41.188 WARN kycontroller::kymux_controller::server - Kynet accept failed: connection error: Endpoint closed
2026-09-15T20:28:41.188 WARN kycontroller::kymux_controller::server - Kynet accept failed: connection error: Endpoint closed
2026-09-15T20:28:41.188 WARN kycontroller::kymux_controller::server - Kynet accept failed: connection error: Endpoint closed
2026-09-15T20:28:41.188 WARN kycontroller::kymux_controller::server - Kynet accept failed: connection error: Endpoint closed
2026-09-15T20:28:41.188 WARN kycontroller::kymux_controller::server - Kynet accept failed: connection error: Endpoint closed
2026-09-15T20:28:41.188 WARN kycontroller::kymux_controller::server - Kynet accept failed: connection error: Endpoint closed
2026-09-15T20:28:41.188 WARN kycontroller::kymux_controller::server - Kynet accept failed: connection error: Endpoint closed
2026-09-15T20:28:41.188 WARN kycontroller::kymux_controller::server - Kynet accept failed: connection error: Endpoint closed
2026-09-15T20:28:41.188 WARN kycontroller::kymux_controller::server - Kynet accept failed: connection error: Endpoint closed
2026-09-15T20:28:41.188 WARN kycontroller::kymux_controller::server - Kynet accept failed: connection error: Endpoint closed
2026-09-15T20:28:41.188 WARN kycontroller::kymux_controller::server - Kynet accept failed: connection error: Endpoint closed
2026-09-15T20:28:41.188 WARN kycontroller::kymux_controller::server - Kynet accept failed: connection error: Endpoint closed
2026-09-15T20:28:41.188 WARN kycontroller::kymux_controller::server - Kynet accept failed: connection error: Endpoint closed
2026-09-15T20:28:41.188 WARN kycontroller::kymux_controller::server - Kynet accept failed: connection error: Endpoint closed
2026-09-15T20:28:41.188 WARN kycontroller::kymux_controller::server - Kynet accept failed: connection error: Endpoint closed
2026-09-15T20:28:41.188 WARN kycontroller::kymux_controller::server - Kynet accept failed: connection error: Endpoint closed
2026-09-15T20:28:41.188 WARN kycontroller::kymux_controller::server - Kynet accept failed: connection error: Endpoint closed
2026-09-15T20:28:41.188 WARN kycontroller::kymux_controller::server - Kynet accept failed: connection error: Endpoint closed
2026-09-15T20:28:41.188 WARN kycontroller::kymux_controller::server - Kynet accept failed: connection error: Endpoint closed
2026-09-15T20:28:41.188 WARN kycontroller::kymux_controller::server - Kynet accept failed: connection error: Endpoint closed
2026-09-15T20:28:41.188 WARN kycontroller::kymux_controller::server - Kynet accept failed: connection error: Endpoint closed
2026-09-15T20:28:41.188 WARN kycontroller::kymux_controller::server - Kynet accept failed: connection error: Endpoint closed
2026-09-15T20:28:41.188 WARN kycontroller::kymux_controller::server - Kynet accept failed: connection error: Endpoint closed
2026-09-15T20:28:41.188 WARN kycontroller::kymux_controller::server - Kynet accept failed: connection error: Endpoint closed
2026-09-15T20:28:41.188 WARN kycontroller::kymux_controller::server - Kynet accept failed: connection error: Endpoint closed
2026-09-15T20:28:41.188 WARN kycontroller::kymux_controller::server - Kynet accept failed: connection error: Endpoint closed
2026-09-15T20:28:41.188 WARN kycontroller::kymux_controller::server - Kynet accept failed: connection error: Endpoint closed
2026-09-15T20:28:41.188 WARN kycontroller::kymux_controller::server - Kynet accept failed: connection error: Endpoint closed
2026-09-15T20:28:41.188 WARN kycontroller::kymux_controller::server - Kynet accept failed: connection error: Endpoint closed
2026-09-15T20:28:41.188 WARN kycontroller::kymux_controller::server - Kynet accept failed: connection error: Endpoint closed
2026-09-15T20:28:41.188 WARN kycontroller::kymux_controller::server - Kynet accept failed: connection error: Endpoint closed
2026-09-15T20:28:41.189 WARN kycontroller::kymux_controller::server - Kynet accept failed: connection error: Endpoint closed
2026-09-15T20:28:41.189 WARN kycontroller::kymux_controller::server - Kynet accept failed: connection error: Endpoint closed
2026-09-15T20:28:41.189 WARN kycontroller::kymux_controller::server - Kynet accept failed: connection error: Endpoint closed
2026-09-15T20:28:41.189 WARN kycontroller::kymux_controller::server - Kynet accept failed: connection error: Endpoint closed
2026-09-15T20:28:41.189 WARN kycontroller::kymux_controller::server - Kynet accept failed: connection error: Endpoint closed
2026-09-15T20:28:41.189 WARN kycontroller::kymux_controller::server - Kynet accept failed: connection error: Endpoint closed
2026-09-15T20:28:41.189 WARN kycontroller::kymux_controller::server - Kynet accept failed: connection error: Endpoint closed
2026-09-15T20:28:41.189 WARN kycontroller::kymux_controller::server - Kynet accept failed: connection error: Endpoint closed
2026-09-15T20:28:41.189 WARN kycontroller::kymux_controller::server - Kynet accept failed: connection error: Endpoint closed
2026-09-15T20:28:41.189 WARN kycontroller::kymux_controller::server - Kynet accept failed: connection error: Endpoint closed
2026-09-15T20:28:41.189 WARN kycontroller::kymux_controller::server - Kynet accept failed: connection error: Endpoint closed
2026-09-15T20:28:41.189 WARN kycontroller::kymux_controller::server - Kynet accept failed: connection error: Endpoint closed
2026-09-15T20:28:41.189 WARN kycontroller::kymux_controller::server - Kynet accept failed: connection error: Endpoint closed
2026-09-15T20:28:41.189 WARN kycontroller::kymux_controller::server - Kynet accept failed: connection error: Endpoint closed
2026-09-15T20:28:41.189 WARN kycontroller::kymux_controller::server - Kynet accept failed: connection error: Endpoint closed
2026-09-15T20:28:41.189 WARN kycontroller::kymux_controller::server - Kynet accept failed: connection error: Endpoint closed
2026-09-15T20:28:41.189 WARN kycontroller::kymux_controller::server - Kynet accept failed: connection error: Endpoint closed
2026-09-15T20:28:41.189 WARN kycontroller::kymux_controller::server - Kynet accept failed: connection error: Endpoint closed
2026-09-15T20:28:41.189 WARN kycontroller::kymux_controller::server - Kynet accept failed: connection error: Endpoint closed
2026-09-15T20:28:41.189 WARN kycontroller::kymux_controller::server - Kynet accept failed: connection error: Endpoint closed
2026-09-15T20:28:41.189 WARN kycontroller::kymux_controller::server - Kynet accept failed: connection error: Endpoint closed
2026-09-15T20:28:41.189 WARN kycontroller::kymux_controller::server - Kynet accept failed: connection error: Endpoint closed
2026-09-15T20:28:41.189 WARN kycontroller::kymux_controller::server - Kynet accept failed: connection error: Endpoint closed
2026-09-15T20:28:41.189 WARN kycontroller::kymux_controller::server - Kynet accept failed: connection error: Endpoint closed
2026-09-15T20:28:41.189 WARN kycontroller::kymux_controller::server - Kynet accept failed: connection error: Endpoint closed
2026-09-15T20:28:41.189 WARN kycontroller::kymux_controller::server - Kynet accept failed: connection error: Endpoint closed
2026-09-15T20:28:41.189 WARN kycontroller::kymux_controller::server - Kynet accept failed: connection error: Endpoint closed
2026-09-15T20:28:41.189 WARN kycontroller::kymux_controller::server - Kynet accept failed: connection error: Endpoint closed
2026-09-15T20:28:41.189 WARN kycontroller::kymux_controller::server - Kynet accept failed: connection error: Endpoint closed
2026-09-15T20:28:41.189 WARN kycontroller::kymux_controller::server - Kynet accept failed: connection error: Endpoint closed
2026-09-15T20:28:41.189 WARN kycontroller::kymux_controller::server - Kynet accept failed: connection error: Endpoint closed
2026-09-15T20:28:41.189 WARN kycontroller::kymux_controller::server - Kynet accept failed: connection error: Endpoint closed
2026-09-15T20:28:41.189 WARN kycontroller::kymux_controller::server - Kynet accept failed: connection error: Endpoint closed
2026-09-15T20:28:41.189 WARN kycontroller::kymux_controller::server - Kynet accept failed: connection error: Endpoint closed
2026-09-15T20:28:41.189 WARN kycontroller::kymux_controller::server - Kynet accept failed: connection error: Endpoint closed
2026-09-15T20:28:41.189 WARN kycontroller::kymux_controller::server - Kynet accept failed: connection error: Endpoint closed
2026-09-15T20:28:41.189 WARN kycontroller::kymux_controller::server - Kynet accept failed: connection error: Endpoint closed
2026-09-15T20:28:41.189 WARN kycontroller::kymux_controller::server - Kynet accept failed: connection error: Endpoint closed
2026-09-15T20:28:41.189 WARN kycontroller::kymux_controller::server - Kynet accept failed: connection error: Endpoint closed
2026-09-15T20:28:41.189 WARN kycontroller::kymux_controller::server - Kynet accept failed: connection error: Endpoint closed
2026-09-15T20:28:41.189 WARN kycontroller::kymux_controller::server - Kynet accept failed: connection error: Endpoint closed
2026-09-15T20:28:41.189 WARN kycontroller::kymux_controller::server - Kynet accept failed: connection error: Endpoint closed
2026-09-15T20:28:41.189 WARN kycontroller::kymux_controller::server - Kynet accept failed: connection error: Endpoint closed
2026-09-15T20:28:41.189 WARN kycontroller::kymux_controller::server - Kynet accept failed: connection error: Endpoint closed
2026-09-15T20:28:41.189 WARN kycontroller::kymux_controller::server - Kynet accept failed: connection error: Endpoint closed
2026-09-15T20:28:41.189 WARN kycontroller::kymux_controller::server - Kynet accept failed: connection error: Endpoint closed
2026-09-15T20:28:41.189 WARN kycontroller::kymux_controller::server - Kynet accept failed: connection error: Endpoint closed
2026-09-15T20:28:41.189 WARN kycontroller::kymux_controller::server - Kynet accept failed: connection error: Endpoint closed
2026-09-15T20:28:41.189 WARN kycontroller::kymux_controller::server - Kynet accept failed: connection error: Endpoint closed
2026-09-15T20:28:41.190 WARN kycontroller::kymux_controller::server - Kynet accept failed: connection error: Endpoint closed
2026-09-15T20:28:41.190 WARN kycontroller::kymux_controller::server - Kynet accept failed: connection error: Endpoint closed
2026-09-15T20:28:41.190 WARN kycontroller::kymux_controller::server - Kynet accept failed: connection error: Endpoint closed
2026-09-15T20:28:41.190 WARN kycontroller::kymux_controller::server - Kynet accept failed: connection error: Endpoint closed
2026-09-15T20:28:41.190 WARN kycontroller::kymux_controller::server - Kynet accept failed: connection error: Endpoint closed
2026-09-15T20:28:41.190 WARN kycontroller::kymux_controller::server - Kynet accept failed: connection error: Endpoint closed
2026-09-15T20:28:41.190 WARN kycontroller::kymux_controller::server - Kynet accept failed: connection error: Endpoint closed
2026-09-15T20:28:41.190 WARN kycontroller::kymux_controller::server - Kynet accept failed: connection error: Endpoint closed
2026-09-15T20:28:41.190 WARN kycontroller::kymux_controller::server - Kynet accept failed: connection error: Endpoint closed
2026-09-15T20:28:41.190 WARN kycontroller::kymux_controller::server - Kynet accept failed: connection error: Endpoint closed
2026-09-15T20:28:41.190 WARN kycontroller::kymux_controller::server - Kynet accept failed: connection error: Endpoint closed
2026-09-15T20:28:41.190 WARN kycontroller::kymux_controller::server - Kynet accept failed: connection error: Endpoint closed
2026-09-15T20:28:41.190 WARN kycontroller::kymux_controller::server - Kynet accept failed: connection error: Endpoint closed
2026-09-15T20:28:41.190 WARN kycontroller::kymux_controller::server - Kynet accept failed: connection error: Endpoint closed
2026-09-15T20:28:41.190 WARN kycontroller::kymux_controller::server - Kynet accept failed: connection error: Endpoint closed
2026-09-15T20:28:41.190 WARN kycontroller::kymux_controller::server - Kynet accept failed: connection error: Endpoint closed
2026-09-15T20:28:41.190 WARN kycontroller::kymux_controller::server - Kynet accept failed: connection error: Endpoint closed
2026-09-15T20:28:41.190 WARN kycontroller::kymux_controller::server - Kynet accept failed: connection error: Endpoint closed
2026-09-15T20:28:41.190 WARN kycontroller::kymux_controller::server - Kynet accept failed: connection error: Endpoint closed
2026-09-15T20:28:41.190 WARN kycontroller::kymux_controller::server - Kynet accept failed: connection error: Endpoint closed
2026-09-15T20:28:41.190 WARN kycontroller::kymux_controller::server - Kynet accept failed: connection error: Endpoint closed
2026-09-15T20:28:41.190 WARN kycontroller::kymux_controller::server - Kynet accept failed: connection error: Endpoint closed
2026-09-15T20:28:41.190 WARN kycontroller::kymux_controller::server - Kynet accept failed: connection error: Endpoint closed
2026-09-15T20:28:41.190 WARN kycontroller::kymux_controller::server - Kynet accept failed: connection error: Endpoint closed
2026-09-15T20:28:41.190 WARN kycontroller::kymux_controller::server - Kynet accept failed: connection error: Endpoint closed
2026-09-15T20:28:41.190 WARN kycontroller::kymux_controller::server - Kynet accept failed: connection error: Endpoint closed
2026-09-15T20:28:41.190 WARN kycontroller::kymux_controller::server - Kynet accept failed: connection error: Endpoint closed
2026-09-15T20:28:41.190 WARN kycontroller::kymux_controller::server - Kynet accept failed: connection error: Endpoint closed
2026-09-15T20:28:41.190 WARN kycontroller::kymux_controller::server - Kynet accept failed: connection error: Endpoint closed
2026-09-15T20:28:41.190 WARN kycontroller::kymux_controller::server - Kynet accept failed: connection error: Endpoint closed
2026-09-15T20:28:41.190 WARN kycontroller::kymux_controller::server - Kynet accept failed: connection error: Endpoint closed
2026-09-15T20:28:41.190 WARN kycontroller::kymux_controller::server - Kynet accept failed: connection error: Endpoint closed
2026-09-15T20:28:41.190 WARN kycontroller::kymux_controller::server - Kynet accept failed: connection error: Endpoint closed
2026-09-15T20:28:41.190 WARN kycontroller::kymux_controller::server - Kynet accept failed: connection error: Endpoint closed
2026-09-15T20:28:41.190 WARN kycontroller::kymux_controller::server - Kynet accept failed: connection error: Endpoint closed
2026-09-15T20:28:41.190 WARN kycontroller::kymux_controller::server - Kynet accept failed: connection error: Endpoint closed
2026-09-15T20:28:41.190 WARN kycontroller::kymux_controller::server - Kynet accept failed: connection error: Endpoint closed
2026-09-15T20:28:41.190 WARN kycontroller::kymux_controller::server - Kynet accept failed: connection error: Endpoint closed
2026-09-15T20:28:41.190 WARN kycontroller::kymux_controller::server - Kynet accept failed: connection error: Endpoint closed
2026-09-15T20:28:41.190 WARN kycontroller::kymux_controller::server - Kynet accept failed: connection error: Endpoint closed
2026-09-15T20:28:41.190 WARN kycontroller::kymux_controller::server - Kynet accept failed: connection error: Endpoint closed
2026-09-15T20:28:41.190 WARN kycontroller::kymux_controller::server - Kynet accept failed: connection error: Endpoint closed
2026-09-15T20:28:41.190 WARN kycontroller::kymux_controller::server - Kynet accept failed: connection error: Endpoint closed
2026-09-15T20:28:41.190 WARN kycontroller::kymux_controller::server - Kynet accept failed: connection error: Endpoint closed
2026-09-15T20:28:41.190 WARN kycontroller::kymux_controller::server - Kynet accept failed: connection error: Endpoint closed
2026-09-15T20:28:41.190 WARN kycontroller::kymux_controller::server - Kynet accept failed: connection error: Endpoint closed
2026-09-15T20:28:41.190 WARN kycontroller::kymux_controller::server - Kynet accept failed: connection error: Endpoint closed
2026-09-15T20:28:41.190 WARN kycontroller::kymux_controller::server - Kynet accept failed: connection error: Endpoint closed
2026-09-15T20:28:41.190 WARN kycontroller::kymux_controller::server - Kynet accept failed: connection error: Endpoint closed
2026-09-15T20:28:41.190 WARN kycontroller::kymux_controller::server - Kynet accept failed: connection error: Endpoint closed
2026-09-15T20:28:41.190 WARN kycontroller::kymux_controller::server - Kynet accept failed: connection error: Endpoint closed
2026-09-15T20:28:41.190 WARN kycontroller::kymux_controller::server - Kynet accept failed: connection error: Endpoint closed
2026-09-15T20:28:41.190 WARN kycontroller::kymux_controller::server - Kynet accept failed: connection error: Endpoint closed
2026-09-15T20:28:41.190 WARN kycontroller::kymux_controller::server - Kynet accept failed: connection error: Endpoint closed
2026-09-15T20:28:41.190 WARN kycontroller::kymux_controller::server - Kynet accept failed: connection error: Endpoint closed
2026-09-15T20:28:41.190 WARN kycontroller::kymux_controller::server - Kynet accept failed: connection error: Endpoint closed
2026-09-15T20:28:41.190 WARN kycontroller::kymux_controller::server - Kynet accept failed: connection error: Endpoint closed
2026-09-15T20:28:41.190 WARN kycontroller::kymux_controller::server - Kynet accept failed: connection error: Endpoint closed
2026-09-15T20:28:41.190 WARN kycontroller::kymux_controller::server - Kynet accept failed: connection error: Endpoint closed
2026-09-15T20:28:41.190 WARN kycontroller::kymux_controller::server - Kynet accept failed: connection error: Endpoint closed
2026-09-15T20:28:41.190 WARN kycontroller::kymux_controller::server - Kynet accept failed: connection error: Endpoint closed
2026-09-15T20:28:41.190 WARN kycontroller::kymux_controller::server - Kynet accept failed: connection error: Endpoint closed
2026-09-15T20:28:41.190 WARN kycontroller::kymux_controller::server - Kynet accept failed: connection error: Endpoint closed
2026-09-15T20:28:41.191 WARN kycontroller::kymux_controller::server - Kynet accept failed: connection error: Endpoint closed
2026-09-15T20:28:41.191 WARN kycontroller::kymux_controller::server - Kynet accept failed: connection error: Endpoint closed
2026-09-15T20:28:41.191 WARN kycontroller::kymux_controller::server - Kynet accept failed: connection error: Endpoint closed
2026-09-15T20:28:41.191 WARN kycontroller::kymux_controller::server - Kynet accept failed: connection error: Endpoint closed
2026-09-15T20:28:41.191 WARN kycontroller::kymux_controller::server - Kynet accept failed: connection error: Endpoint closed
2026-09-15T20:28:41.191 WARN kycontroller::kymux_controller::server - Kynet accept failed: connection error: Endpoint closed
2026-09-15T20:28:41.191 WARN kycontroller::kymux_controller::server - Kynet accept failed: connection error: Endpoint closed
2026-09-15T20:28:41.191 WARN kycontroller::kymux_controller::server - Kynet accept failed: connection error: Endpoint closed
2026-09-15T20:28:41.191 WARN kycontroller::kymux_controller::server - Kynet accept failed: connection error: Endpoint closed
2026-09-15T20:28:41.191 WARN kycontroller::kymux_controller::server - Kynet accept failed: connection error: Endpoint closed
2026-09-15T20:28:41.191 WARN kycontroller::kymux_controller::server - Kynet accept failed: connection error: Endpoint closed
2026-09-15T20:28:41.191 WARN kycontroller::kymux_controller::server - Kynet accept failed: connection error: Endpoint closed
2026-09-15T20:28:41.191 WARN kycontroller::kymux_controller::server - Kynet accept failed: connection error: Endpoint closed
2026-09-15T20:28:41.191 WARN kycontroller::kymux_controller::server - Kynet accept failed: connection error: Endpoint closed
2026-09-15T20:28:41.191 WARN kycontroller::kymux_controller::server - Kynet accept failed: connection error: Endpoint closed
2026-09-15T20:28:41.191 WARN kycontroller::kymux_controller::server - Kynet accept failed: connection error: Endpoint closed
2026-09-15T20:28:41.191 WARN kycontroller::kymux_controller::server - Kynet accept failed: connection error: Endpoint closed
2026-09-15T20:28:41.191 WARN kycontroller::kymux_controller::server - Kynet accept failed: connection error: Endpoint closed
2026-09-15T20:28:41.191 WARN kycontroller::kymux_controller::server - Kynet accept failed: connection error: Endpoint closed
2026-09-15T20:28:41.191 WARN kycontroller::kymux_controller::server - Kynet accept failed: connection error: Endpoint closed
2026-09-15T20:28:41.191 WARN kycontroller::kymux_controller::server - Kynet accept failed: connection error: Endpoint closed
2026-09-15T20:28:41.191 WARN kycontroller::kymux_controller::server - Kynet accept failed: connection error: Endpoint closed
2026-09-15T20:28:41.191 WARN kycontroller::kymux_controller::server - Kynet accept failed: connection error: Endpoint closed
2026-09-15T20:28:41.191 WARN kycontroller::kymux_controller::server - Kynet accept failed: connection error: Endpoint closed
2026-09-15T20:28:41.191 WARN kycontroller::kymux_controller::server - Kynet accept failed: connection error: Endpoint closed
2026-09-15T20:28:41.191 WARN kycontroller::kymux_controller::server - Kynet accept failed: connection error: Endpoint closed
2026-09-15T20:28:41.191 WARN kycontroller::kymux_controller::server - Kynet accept failed: connection error: Endpoint closed
2026-09-15T20:28:41.191 WARN kycontroller::kymux_controller::server - Kynet accept failed: connection error: Endpoint closed
2026-09-15T20:28:41.191 WARN kycontroller::kymux_controller::server - Kynet accept failed: connection error: Endpoint closed
2026-09-15T20:28:41.191 WARN kycontroller::kymux_controller::server - Kynet accept failed: connection error: Endpoint closed
2026-09-15T20:28:41.191 WARN kycontroller::kymux_controller::server - Kynet accept failed: connection error: Endpoint closed
2026-09-15T20:28:41.191 WARN kycontroller::kymux_controller::server - Kynet accept failed: connection error: Endpoint closed
2026-09-15T20:28:41.191 WARN kycontroller::kymux_controller::server - Kynet accept failed: connection error: Endpoint closed
2026-09-15T20:28:41.191 WARN kycontroller::kymux_controller::server - Kynet accept failed: connection error: Endpoint closed
2026-09-15T20:28:41.191 WARN kycontroller::kymux_controller::server - Kynet accept failed: connection error: Endpoint closed
2026-09-15T20:28:41.191 WARN kycontroller::kymux_controller::server - Kynet accept failed: connection error: Endpoint closed
2026-09-15T20:28:41.191 WARN kycontroller::kymux_controller::server - Kynet accept failed: connection error: Endpoint closed
2026-09-15T20:28:41.191 WARN kycontroller::kymux_controller::server - Kynet accept failed: connection error: Endpoint closed
2026-09-15T20:28:41.191 WARN kycontroller::kymux_controller::server - Kynet accept failed: connection error: Endpoint closed
2026-09-15T20:28:41.191 WARN kycontroller::kymux_controller::server - Kynet accept failed: connection error: Endpoint closed
2026-09-15T20:28:41.191 WARN kycontroller::kymux_controller::server - Kynet accept failed: connection error: Endpoint closed
2026-09-15T20:28:41.191 WARN kycontroller::kymux_controller::server - Kynet accept failed: connection error: Endpoint closed
2026-09-15T20:28:41.191 WARN kycontroller::kymux_controller::server - Kynet accept failed: connection error: Endpoint closed
2026-09-15T20:28:41.191 WARN kycontroller::kymux_controller::server - Kynet accept failed: connection error: Endpoint closed
2026-09-15T20:28:41.191 WARN kycontroller::kymux_controller::server - Kynet accept failed: connection error: Endpoint closed
2026-09-15T20:28:41.191 WARN kycontroller::kymux_controller::server - Kynet accept failed: connection error: Endpoint closed
2026-09-15T20:28:41.191 WARN kycontroller::kymux_controller::server - Kynet accept failed: connection error: Endpoint closed
2026-09-15T20:28:41.191 WARN kycontroller::kymux_controller::server - Kynet accept failed: connection error: Endpoint closed
2026-09-15T20:28:41.191 WARN kycontroller::kymux_controller::server - Kynet accept failed: connection error: Endpoint closed
2026-09-15T20:28:41.191 WARN kycontroller::kymux_controller::server - Kynet accept failed: connection error: Endpoint closed
2026-09-15T20:28:41.191 WARN kycontroller::kymux_controller::server - Kynet accept failed: connection error: Endpoint closed
2026-09-15T20:28:41.191 WARN kycontroller::kymux_controller::server - Kynet accept failed: connection error: Endpoint closed
2026-09-15T20:28:41.191 WARN kycontroller::kymux_controller::server - Kynet accept failed: connection error: Endpoint closed
2026-09-15T20:28:41.191 WARN kycontroller::kymux_controller::server - Kynet accept failed: connection error: Endpoint closed
2026-09-15T20:28:41.191 WARN kycontroller::kymux_controller::server - Kynet accept failed: connection error: Endpoint closed
2026-09-15T20:28:41.191 WARN kycontroller::kymux_controller::server - Kynet accept failed: connection error: Endpoint closed
2026-09-15T20:28:41.191 WARN kycontroller::kymux_controller::server - Kynet accept failed: connection error: Endpoint closed
2026-09-15T20:28:41.191 WARN kycontroller::kymux_controller::server - Kynet accept failed: connection error: Endpoint closed
2026-09-15T20:28:41.191 WARN kycontroller::kymux_controller::server - Kynet accept failed: connection error: Endpoint closed
2026-09-15T20:28:41.191 WARN kycontroller::kymux_controller::server - Kynet accept failed: connection error: Endpoint closed
2026-09-15T20:28:41.191 WARN kycontroller::kymux_controller::server - Kynet accept failed: connection error: Endpoint closed
2026-09-15T20:28:41.191 WARN kycontroller::kymux_controller::server - Kynet accept failed: connection error: Endpoint closed
2026-09-15T20:28:41.191 WARN kycontroller::kymux_controller::server - Kynet accept failed: connection error: Endpoint closed
2026-09-15T20:28:41.191 WARN kycontroller::kymux_controller::server - Kynet accept failed: connection error: Endpoint closed
2026-09-15T20:28:41.191 WARN kycontroller::kymux_controller::server - Kynet accept failed: connection error: Endpoint closed
2026-09-15T20:28:41.191 WARN kycontroller::kymux_controller::server - Kynet accept failed: connection error: Endpoint closed
2026-09-15T20:28:41.191 WARN kycontroller::kymux_controller::server - Kynet accept failed: connection error: Endpoint closed
2026-09-15T20:28:41.191 WARN kycontroller::kymux_controller::server - Kynet accept failed: connection error: Endpoint closed
2026-09-15T20:28:41.191 WARN kycontroller::kymux_controller::server - Kynet accept failed: connection error: Endpoint closed
2026-09-15T20:28:41.191 WARN kycontroller::kymux_controller::server - Kynet accept failed: connection error: Endpoint closed
2026-09-15T20:28:41.191 WARN kycontroller::kymux_controller::server - Kynet accept failed: connection error: Endpoint closed
2026-09-15T20:28:41.191 WARN kycontroller::kymux_controller::server - Kynet accept failed: connection error: Endpoint closed
2026-09-15T20:28:41.191 WARN kycontroller::kymux_controller::server - Kynet accept failed: connection error: Endpoint closed
2026-09-15T20:28:41.191 WARN kycontroller::kymux_controller::server - Kynet accept failed: connection error: Endpoint closed
2026-09-15T20:28:41.191 WARN kycontroller::kymux_controller::server - Kynet accept failed: connection error: Endpoint closed
2026-09-15T20:28:41.191 WARN kycontroller::kymux_controller::server - Kynet accept failed: connection error: Endpoint closed
2026-09-15T20:28:41.191 WARN kycontroller::kymux_controller::server - Kynet accept failed: connection error: Endpoint closed
2026-09-15T20:28:41.191 WARN kycontroller::kymux_controller::server - Kynet accept failed: connection error: Endpoint closed
2026-09-15T20:28:41.191 WARN kycontroller::kymux_controller::server - Kynet accept failed: connection error: Endpoint closed
2026-09-15T20:28:41.191 WARN kycontroller::kymux_controller::server - Kynet accept failed: connection error: Endpoint closed
2026-09-15T20:28:41.191 WARN kycontroller::kymux_controller::server - Kynet accept failed: connection error: Endpoint closed
2026-09-15T20:28:41.192 WARN kycontroller::kymux_controller::server - Kynet accept failed: connection error: Endpoint closed
2026-09-15T20:28:41.192 WARN kycontroller::kymux_controller::server - Kynet accept failed: connection error: Endpoint closed
2026-09-15T20:28:41.192 WARN kycontroller::kymux_controller::server - Kynet accept failed: connection error: Endpoint closed
2026-09-15T20:28:41.192 WARN kycontroller::kymux_controller::server - Kynet accept failed: connection error: Endpoint closed
2026-09-15T20:28:41.192 WARN kycontroller::kymux_controller::server - Kynet accept failed: connection error: Endpoint closed
2026-09-15T20:28:41.192 WARN kycontroller::kymux_controller::server - Kynet accept failed: connection error: Endpoint closed
2026-09-15T20:28:41.192 WARN kycontroller::kymux_controller::server - Kynet accept failed: connection error: Endpoint closed
2026-09-15T20:28:41.192 WARN kycontroller::kymux_controller::server - Kynet accept failed: connection error: Endpoint closed
2026-09-15T20:28:41.192 WARN kycontroller::kymux_controller::server - Kynet accept failed: connection error: Endpoint closed
2026-09-15T20:28:41.192 WARN kycontroller::kymux_controller::server - Kynet accept failed: connection error: Endpoint closed
2026-09-15T20:28:41.192 WARN kycontroller::kymux_controller::server - Kynet accept failed: connection error: Endpoint closed
2026-09-15T20:28:41.192 WARN kycontroller::kymux_controller::server - Kynet accept failed: connection error: Endpoint closed
2026-09-15T20:28:41.192 WARN kycontroller::kymux_controller::server - Kynet accept failed: connection error: Endpoint closed
2026-09-15T20:28:41.192 WARN kycontroller::kymux_controller::server - Kynet accept failed: connection error: Endpoint closed
2026-09-15T20:28:41.192 WARN kycontroller::kymux_controller::server - Kynet accept failed: connection error: Endpoint closed
2026-09-15T20:28:41.192 WARN kycontroller::kymux_controller::server - Kynet accept failed: connection error: Endpoint closed
2026-09-15T20:28:41.192 WARN kycontroller::kymux_controller::server - Kynet accept failed: connection error: Endpoint closed
2026-09-15T20:28:41.192 WARN kycontroller::kymux_controller::server - Kynet accept failed: connection error: Endpoint closed
2026-09-15T20:28:41.192 WARN kycontroller::kymux_controller::server - Kynet accept failed: connection error: Endpoint closed
2026-09-15T20:28:41.192 WARN kycontroller::kymux_controller::server - Kynet accept failed: connection error: Endpoint closed
2026-09-15T20:28:41.192 WARN kycontroller::kymux_controller::server - Kynet accept failed: connection error: Endpoint closed
2026-09-15T20:28:41.192 WARN kycontroller::kymux_controller::server - Kynet accept failed: connection error: Endpoint closed
2026-09-15T20:28:41.192 WARN kycontroller::kymux_controller::server - Kynet accept failed: connection error: Endpoint closed
2026-09-15T20:28:41.192 WARN kycontroller::kymux_controller::server - Kynet accept failed: connection error: Endpoint closed
2026-09-15T20:28:41.192 WARN kycontroller::kymux_controller::server - Kynet accept failed: connection error: Endpoint closed
2026-09-15T20:28:41.192 WARN kycontroller::kymux_controller::server - Kynet accept failed: connection error: Endpoint closed
2026-09-15T20:28:41.192 WARN kycontroller::kymux_controller::server - Kynet accept failed: connection error: Endpoint closed
2026-09-15T20:28:41.192 WARN kycontroller::kymux_controller::server - Kynet accept failed: connection error: Endpoint closed
2026-09-15T20:28:41.192 WARN kycontroller::kymux_controller::server - Kynet accept failed: connection error: Endpoint closed
2026-09-15T20:28:41.192 WARN kycontroller::kymux_controller::server - Kynet accept failed: connection error: Endpoint closed
2026-09-15T20:28:41.192 WARN kycontroller::kymux_controller::server - Kynet accept failed: connection error: Endpoint closed
2026-09-15T20:28:41.192 WARN kycontroller::kymux_controller::server - Kynet accept failed: connection error: Endpoint closed
2026-09-15T20:28:41.192 WARN kycontroller::kymux_controller::server - Kynet accept failed: connection error: Endpoint closed
2026-09-15T20:28:41.192 WARN kycontroller::kymux_controller::server - Kynet accept failed: connection error: Endpoint closed
2026-09-15T20:28:41.192 WARN kycontroller::kymux_controller::server - Kynet accept failed: connection error: Endpoint closed
2026-09-15T20:28:41.192 WARN kycontroller::kymux_controller::server - Kynet accept failed: connection error: Endpoint closed
2026-09-15T20:28:41.192 WARN kycontroller::kymux_controller::server - Kynet accept failed: connection error: Endpoint closed
2026-09-15T20:28:41.192 WARN kycontroller::kymux_controller::server - Kynet accept failed: connection error: Endpoint closed
2026-09-15T20:28:41.192 WARN kycontroller::kymux_controller::server - Kynet accept failed: connection error: Endpoint closed
2026-09-15T20:28:41.192 WARN kycontroller::kymux_controller::server - Kynet accept failed: connection error: Endpoint closed
2026-09-15T20:28:41.192 WARN kycontroller::kymux_controller::server - Kynet accept failed: connection error: Endpoint closed
2026-09-15T20:28:41.192 WARN kycontroller::kymux_controller::server - Kynet accept failed: connection error: Endpoint closed
2026-09-15T20:28:41.192 WARN kycontroller::kymux_controller::server - Kynet accept failed: connection error: Endpoint closed
2026-09-15T20:28:41.192 WARN kycontroller::kymux_controller::server - Kynet accept failed: connection error: Endpoint closed
2026-09-15T20:28:41.192 WARN kycontroller::kymux_controller::server - Kynet accept failed: connection error: Endpoint closed
2026-09-15T20:28:41.192 WARN kycontroller::kymux_controller::server - Kynet accept failed: connection error: Endpoint closed
2026-09-15T20:28:41.192 WARN kycontroller::kymux_controller::server - Kynet accept failed: connection error: Endpoint closed
2026-09-15T20:28:41.192 WARN kycontroller::kymux_controller::server - Kynet accept failed: connection error: Endpoint closed
2026-09-15T20:28:41.192 WARN kycontroller::kymux_controller::server - Kynet accept failed: connection error: Endpoint closed
2026-09-15T20:28:41.192 WARN kycontroller::kymux_controller::server - Kynet accept failed: connection error: Endpoint closed
2026-09-15T20:28:41.192 WARN kycontroller::kymux_controller::server - Kynet accept failed: connection error: Endpoint closed
2026-09-15T20:28:41.192 WARN kycontroller::kymux_controller::server - Kynet accept failed: connection error: Endpoint closed
2026-09-15T20:28:41.192 WARN kycontroller::kymux_controller::server - Kynet accept failed: connection error: Endpoint closed
2026-09-15T20:28:41.192 WARN kycontroller::kymux_controller::server - Kynet accept failed: connection error: Endpoint closed
2026-09-15T20:28:41.192 WARN kycontroller::kymux_controller::server - Kynet accept failed: connection error: Endpoint closed
2026-09-15T20:28:41.192 WARN kycontroller::kymux_controller::server - Kynet accept failed: connection error: Endpoint closed
2026-09-15T20:28:41.192 WARN kycontroller::kymux_controller::server - Kynet accept failed: connection error: Endpoint closed
2026-09-15T20:28:41.192 WARN kycontroller::kymux_controller::server - Kynet accept failed: connection error: Endpoint closed
2026-09-15T20:28:41.192 WARN kycontroller::kymux_controller::server - Kynet accept failed: connection error: Endpoint closed
2026-09-15T20:28:41.192 WARN kycontroller::kymux_controller::server - Kynet accept failed: connection error: Endpoint closed
2026-09-15T20:28:41.192 WARN kycontroller::kymux_controller::server - Kynet accept failed: connection error: Endpoint closed
2026-09-15T20:28:41.192 WARN kycontroller::kymux_controller::server - Kynet accept failed: connection error: Endpoint closed
2026-09-15T20:28:41.192 WARN kycontroller::kymux_controller::server - Kynet accept failed: connection error: Endpoint closed
2026-09-15T20:28:41.192 WARN kycontroller::kymux_controller::server - Kynet accept failed: connection error: Endpoint closed
2026-09-15T20:28:41.192 WARN kycontroller::kymux_controller::server - Kynet accept failed: connection error: Endpoint closed
2026-09-15T20:28:41.192 WARN kycontroller::kymux_controller::server - Kynet accept failed: connection error: Endpoint closed
2026-09-15T20:28:41.192 WARN kycontroller::kymux_controller::server - Kynet accept failed: connection error: Endpoint closed
2026-09-15T20:28:41.192 WARN kycontroller::kymux_controller::server - Kynet accept failed: connection error: Endpoint closed
2026-09-15T20:28:41.192 WARN kycontroller::kymux_controller::server - Kynet accept failed: connection error: Endpoint closed
2026-09-15T20:28:41.192 WARN kycontroller::kymux_controller::server - Kynet accept failed: connection error: Endpoint closed
2026-09-15T20:28:41.192 WARN kycontroller::kymux_controller::server - Kynet accept failed: connection error: Endpoint closed
2026-09-15T20:28:41.192 WARN kycontroller::kymux_controller::server - Kynet accept failed: connection error: Endpoint closed
2026-09-15T20:28:41.192 WARN kycontroller::kymux_controller::server - Kynet accept failed: connection error: Endpoint closed
2026-09-15T20:28:41.192 WARN kycontroller::kymux_controller::server - Kynet accept failed: connection error: Endpoint closed
2026-09-15T20:28:41.192 WARN kycontroller::kymux_controller::server - Kynet accept failed: connection error: Endpoint closed
2026-09-15T20:28:41.192 WARN kycontroller::kymux_controller::server - Kynet accept failed: connection error: Endpoint closed
2026-09-15T20:28:41.192 WARN kycontroller::kymux_controller::server - Kynet accept failed: connection error: Endpoint closed
2026-09-15T20:28:41.192 WARN kycontroller::kymux_controller::server - Kynet accept failed: connection error: Endpoint closed
2026-09-15T20:28:41.192 WARN kycontroller::kymux_controller::server - Kynet accept failed: connection error: Endpoint closed
2026-09-15T20:28:41.192 WARN kycontroller::kymux_controller::server - Kynet accept failed: connection error: Endpoint closed
2026-09-15T20:28:41.192 WARN kycontroller::kymux_controller::server - Kynet accept failed: connection error: Endpoint closed
2026-09-15T20:28:41.192 WARN kycontroller::kymux_controller::server - Kynet accept failed: connection error: Endpoint closed
2026-09-15T20:28:41.192 WARN kycontroller::kymux_controller::server - Kynet accept failed: connection error: Endpoint closed
2026-09-15T20:28:41.192 WARN kycontroller::kymux_controller::server - Kynet accept failed: connection error: Endpoint closed
2026-09-15T20:28:41.192 WARN kycontroller::kymux_controller::server - Kynet accept failed: connection error: Endpoint closed
2026-09-15T20:28:41.192 WARN kycontroller::kymux_controller::server - Kynet accept failed: connection error: Endpoint closed
2026-09-15T20:28:41.192 WARN kycontroller::kymux_controller::server - Kynet accept failed: connection error: Endpoint closed
2026-09-15T20:28:41.192 WARN kycontroller::kymux_controller::server - Kynet accept failed: connection error: Endpoint closed
2026-09-15T20:28:41.192 WARN kycontroller::kymux_controller::server - Kynet accept failed: connection error: Endpoint closed
2026-09-15T20:28:41.192 WARN kycontroller::kymux_controller::server - Kynet accept failed: connection error: Endpoint closed
2026-09-15T20:28:41.192 WARN kycontroller::kymux_controller::server - Kynet accept failed: connection error: Endpoint closed
2026-09-15T20:28:41.193 WARN kycontroller::kymux_controller::server - Kynet accept failed: connection error: Endpoint closed
2026-09-15T20:28:41.193 WARN kycontroller::kymux_controller::server - Kynet accept failed: connection error: Endpoint closed
2026-09-15T20:28:41.193 WARN kycontroller::kymux_controller::server - Kynet accept failed: connection error: Endpoint closed
2026-09-15T20:28:41.193 WARN kycontroller::kymux_controller::server - Kynet accept failed: connection error: Endpoint closed
2026-09-15T20:28:41.193 WARN kycontroller::kymux_controller::server - Kynet accept failed: connection error: Endpoint closed
2026-09-15T20:28:41.193 WARN kycontroller::kymux_controller::server - Kynet accept failed: connection error: Endpoint closed
2026-09-15T20:28:41.193 WARN kycontroller::kymux_controller::server - Kynet accept failed: connection error: Endpoint closed
2026-09-15T20:28:41.193 WARN kycontroller::kymux_controller::server - Kynet accept failed: connection error: Endpoint closed
2026-09-15T20:28:41.193 WARN kycontroller::kymux_controller::server - Kynet accept failed: connection error: Endpoint closed
2026-09-15T20:28:41.193 WARN kycontroller::kymux_controller::server - Kynet accept failed: connection error: Endpoint closed
2026-09-15T20:28:41.193 WARN kycontroller::kymux_controller::server - Kynet accept failed: connection error: Endpoint closed
2026-09-15T20:28:41.193 WARN kycontroller::kymux_controller::server - Kynet accept failed: connection error: Endpoint closed
2026-09-15T20:28:41.193 WARN kycontroller::kymux_controller::server - Kynet accept failed: connection error: Endpoint closed
2026-09-15T20:28:41.193 WARN kycontroller::kymux_controller::server - Kynet accept failed: connection error: Endpoint closed
2026-09-15T20:28:41.193 WARN kycontroller::kymux_controller::server - Kynet accept failed: connection error: Endpoint closed
2026-09-15T20:28:41.193 WARN kycontroller::kymux_controller::server - Kynet accept failed: connection error: Endpoint closed
2026-09-15T20:28:41.193 WARN kycontroller::kymux_controller::server - Kynet accept failed: connection error: Endpoint closed
2026-09-15T20:28:41.193 WARN kycontroller::kymux_controller::server - Kynet accept failed: connection error: Endpoint closed
2026-09-15T20:28:41.193 WARN kycontroller::kymux_controller::server - Kynet accept failed: connection error: Endpoint closed
2026-09-15T20:28:41.193 WARN kycontroller::kymux_controller::server - Kynet accept failed: connection error: Endpoint closed
2026-09-15T20:28:41.193 WARN kycontroller::kymux_controller::server - Kynet accept failed: connection error: Endpoint closed
2026-09-15T20:28:41.193 WARN kycontroller::kymux_controller::server - Kynet accept failed: connection error: Endpoint closed
2026-09-15T20:28:41.193 WARN kycontroller::kymux_controller::server - Kynet accept failed: connection error: Endpoint closed
2026-09-15T20:28:41.193 WARN kycontroller::kymux_controller::server - Kynet accept failed: connection error: Endpoint closed
2026-09-15T20:28:41.193 WARN kycontroller::kymux_controller::server - Kynet accept failed: connection error: Endpoint closed
2026-09-15T20:28:41.193 WARN kycontroller::kymux_controller::server - Kynet accept failed: connection error: Endpoint closed
2026-09-15T20:28:41.193 WARN kycontroller::kymux_controller::server - Kynet accept failed: connection error: Endpoint closed
2026-09-15T20:28:41.193 WARN kycontroller::kymux_controller::server - Kynet accept failed: connection error: Endpoint closed
2026-09-15T20:28:41.193 WARN kycontroller::kymux_controller::server - Kynet accept failed: connection error: Endpoint closed
2026-09-15T20:28:41.193 WARN kycontroller::kymux_controller::server - Kynet accept failed: connection error: Endpoint closed
2026-09-15T20:28:41.193 WARN kycontroller::kymux_controller::server - Kynet accept failed: connection error: Endpoint closed
2026-09-15T20:28:41.193 WARN kycontroller::kymux_controller::server - Kynet accept failed: connection error: Endpoint closed
2026-09-15T20:28:41.193 WARN kycontroller::kymux_controller::server - Kynet accept failed: connection error: Endpoint closed
2026-09-15T20:28:41.193 WARN kycontroller::kymux_controller::server - Kynet accept failed: connection error: Endpoint closed
2026-09-15T20:28:41.193 WARN kycontroller::kymux_controller::server - Kynet accept failed: connection error: Endpoint closed
2026-09-15T20:28:41.193 WARN kycontroller::kymux_controller::server - Kynet accept failed: connection error: Endpoint closed
2026-09-15T20:28:41.193 WARN kycontroller::kymux_controller::server - Kynet accept failed: connection error: Endpoint closed
2026-09-15T20:28:41.193 WARN kycontroller::kymux_controller::server - Kynet accept failed: connection error: Endpoint closed
2026-09-15T20:28:41.193 WARN kycontroller::kymux_controller::server - Kynet accept failed: connection error: Endpoint closed
2026-09-15T20:28:41.193 WARN kycontroller::kymux_controller::server - Kynet accept failed: connection error: Endpoint closed
2026-09-15T20:28:41.193 WARN kycontroller::kymux_controller::server - Kynet accept failed: connection error: Endpoint closed
2026-09-15T20:28:41.193 WARN kycontroller::kymux_controller::server - Kynet accept failed: connection error: Endpoint closed
2026-09-15T20:28:41.193 WARN kycontroller::kymux_controller::server - Kynet accept failed: connection error: Endpoint closed
2026-09-15T20:28:41.193 WARN kycontroller::kymux_controller::server - Kynet accept failed: connection error: Endpoint closed
2026-09-15T20:28:41.193 WARN kycontroller::kymux_controller::server - Kynet accept failed: connection error: Endpoint closed
2026-09-15T20:28:41.193 WARN kycontroller::kymux_controller::server - Kynet accept failed: connection error: Endpoint closed
2026-09-15T20:28:41.193 WARN kycontroller::kymux_controller::server - Kynet accept failed: connection error: Endpoint closed
2026-09-15T20:28:41.193 WARN kycontroller::kymux_controller::server - Kynet accept failed: connection error: Endpoint closed
2026-09-15T20:28:41.193 WARN kycontroller::kymux_controller::server - Kynet accept failed: connection error: Endpoint closed
2026-09-15T20:28:41.193 WARN kycontroller::kymux_controller::server - Kynet accept failed: connection error: Endpoint closed
2026-09-15T20:28:41.193 WARN kycontroller::kymux_controller::server - Kynet accept failed: connection error: Endpoint closed
2026-09-15T20:28:41.193 WARN kycontroller::kymux_controller::server - Kynet accept failed: connection error: Endpoint closed
2026-09-15T20:28:41.193 WARN kycontroller::kymux_controller::server - Kynet accept failed: connection error: Endpoint closed
2026-09-15T20:28:41.193 WARN kycontroller::kymux_controller::server - Kynet accept failed: connection error: Endpoint closed
2026-09-15T20:28:41.193 WARN kycontroller::kymux_controller::server - Kynet accept failed: connection error: Endpoint closed
2026-09-15T20:28:41.193 WARN kycontroller::kymux_controller::server - Kynet accept failed: connection error: Endpoint closed
2026-09-15T20:28:41.193 WARN kycontroller::kymux_controller::server - Kynet accept failed: connection error: Endpoint closed
2026-09-15T20:28:41.194 WARN kycontroller::kymux_controller::server - Kynet accept failed: connection error: Endpoint closed
2026-09-15T20:28:41.194 WARN kycontroller::kymux_controller::server - Kynet accept failed: connection error: Endpoint closed
2026-09-15T20:28:41.194 WARN kycontroller::kymux_controller::server - Kynet accept failed: connection error: Endpoint closed
2026-09-15T20:28:41.194 WARN kycontroller::kymux_controller::server - Kynet accept failed: connection error: Endpoint closed
2026-09-15T20:28:41.194 WARN kycontroller::kymux_controller::server - Kynet accept failed: connection error: Endpoint closed
2026-09-15T20:28:41.194 WARN kycontroller::kymux_controller::server - Kynet accept failed: connection error: Endpoint closed
2026-09-15T20:28:41.194 WARN kycontroller::kymux_controller::server - Kynet accept failed: connection error: Endpoint closed
2026-09-15T20:28:41.194 WARN kycontroller::kymux_controller::server - Kynet accept failed: connection error: Endpoint closed
2026-09-15T20:28:41.194 WARN kycontroller::kymux_controller::server - Kynet accept failed: connection error: Endpoint closed
2026-09-15T20:28:41.194 WARN kycontroller::kymux_controller::server - Kynet accept failed: connection error: Endpoint closed
2026-09-15T20:28:41.194 WARN kycontroller::kymux_controller::server - Kynet accept failed: connection error: Endpoint closed
2026-09-15T20:28:41.194 WARN kycontroller::kymux_controller::server - Kynet accept failed: connection error: Endpoint closed
2026-09-15T20:28:41.194 WARN kycontroller::kymux_controller::server - Kynet accept failed: connection error: Endpoint closed
2026-09-15T20:28:41.194 WARN kycontroller::kymux_controller::server - Kynet accept failed: connection error: Endpoint closed
2026-09-15T20:28:41.194 WARN kycontroller::kymux_controller::server - Kynet accept failed: connection error: Endpoint closed
2026-09-15T20:28:41.194 WARN kycontroller::kymux_controller::server - Kynet accept failed: connection error: Endpoint closed
2026-09-15T20:28:41.194 WARN kycontroller::kymux_controller::server - Kynet accept failed: connection error: Endpoint closed
2026-09-15T20:28:41.194 WARN kycontroller::kymux_controller::server - Kynet accept failed: connection error: Endpoint closed
2026-09-15T20:28:41.194 WARN kycontroller::kymux_controller::server - Kynet accept failed: connection error: Endpoint closed
2026-09-15T20:28:41.194 WARN kycontroller::kymux_controller::server - Kynet accept failed: connection error: Endpoint closed
2026-09-15T20:28:41.194 WARN kycontroller::kymux_controller::server - Kynet accept failed: connection error: Endpoint closed
2026-09-15T20:28:41.194 WARN kycontroller::kymux_controller::server - Kynet accept failed: connection error: Endpoint closed
2026-09-15T20:28:41.194 WARN kycontroller::kymux_controller::server - Kynet accept failed: connection error: Endpoint closed
2026-09-15T20:28:41.194 WARN kycontroller::kymux_controller::server - Kynet accept failed: connection error: Endpoint closed
2026-09-15T20:28:41.194 WARN kycontroller::kymux_controller::server - Kynet accept failed: connection error: Endpoint closed
2026-09-15T20:28:41.194 WARN kycontroller::kymux_controller::server - Kynet accept failed: connection error: Endpoint closed
2026-09-15T20:28:41.194 WARN kycontroller::kymux_controller::server - Kynet accept failed: connection error: Endpoint closed
2026-09-15T20:28:41.194 WARN kycontroller::kymux_controller::server - Kynet accept failed: connection error: Endpoint closed
2026-09-15T20:28:41.194 WARN kycontroller::kymux_controller::server - Kynet accept failed: connection error: Endpoint closed
2026-09-15T20:28:41.194 WARN kycontroller::kymux_controller::server - Kynet accept failed: connection error: Endpoint closed
2026-09-15T20:28:41.194 WARN kycontroller::kymux_controller::server - Kynet accept failed: connection error: Endpoint closed
2026-09-15T20:28:41.194 WARN kycontroller::kymux_controller::server - Kynet accept failed: connection error: Endpoint closed
2026-09-15T20:28:41.194 WARN kycontroller::kymux_controller::server - Kynet accept failed: connection error: Endpoint closed
2026-09-15T20:28:41.194 WARN kycontroller::kymux_controller::server - Kynet accept failed: connection error: Endpoint closed
2026-09-15T20:28:41.194 WARN kycontroller::kymux_controller::server - Kynet accept failed: connection error: Endpoint closed
2026-09-15T20:28:41.194 WARN kycontroller::kymux_controller::server - Kynet accept failed: connection error: Endpoint closed
2026-09-15T20:28:41.194 WARN kycontroller::kymux_controller::server - Kynet accept failed: connection error: Endpoint closed
2026-09-15T20:28:41.194 WARN kycontroller::kymux_controller::server - Kynet accept failed: connection error: Endpoint closed
2026-09-15T20:28:41.194 WARN kycontroller::kymux_controller::server - Kynet accept failed: connection error: Endpoint closed
2026-09-15T20:28:41.194 WARN kycontroller::kymux_controller::server - Kynet accept failed: connection error: Endpoint closed
2026-09-15T20:28:41.194 WARN kycontroller::kymux_controller::server - Kynet accept failed: connection error: Endpoint closed
2026-09-15T20:28:41.194 WARN kycontroller::kymux_controller::server - Kynet accept failed: connection error: Endpoint closed
2026-09-15T20:28:41.194 WARN kycontroller::kymux_controller::server - Kynet accept failed: connection error: Endpoint closed
2026-09-15T20:28:41.194 WARN kycontroller::kymux_controller::server - Kynet accept failed: connection error: Endpoint closed
2026-09-15T20:28:41.194 WARN kycontroller::kymux_controller::server - Kynet accept failed: connection error: Endpoint closed
2026-09-15T20:28:41.194 WARN kycontroller::kymux_controller::server - Kynet accept failed: connection error: Endpoint closed
2026-09-15T20:28:41.194 WARN kycontroller::kymux_controller::server - Kynet accept failed: connection error: Endpoint closed
2026-09-15T20:28:41.194 WARN kycontroller::kymux_controller::server - Kynet accept failed: connection error: Endpoint closed
2026-09-15T20:28:41.194 WARN kycontroller::kymux_controller::server - Kynet accept failed: connection error: Endpoint closed
2026-09-15T20:28:41.194 WARN kycontroller::kymux_controller::server - Kynet accept failed: connection error: Endpoint closed
2026-09-15T20:28:41.194 WARN kycontroller::kymux_controller::server - Kynet accept failed: connection error: Endpoint closed
2026-09-15T20:28:41.194 WARN kycontroller::kymux_controller::server - Kynet accept failed: connection error: Endpoint closed
2026-09-15T20:28:41.194 WARN kycontroller::kymux_controller::server - Kynet accept failed: connection error: Endpoint closed
2026-09-15T20:28:41.194 WARN kycontroller::kymux_controller::server - Kynet accept failed: connection error: Endpoint closed
2026-09-15T20:28:41.194 WARN kycontroller::kymux_controller::server - Kynet accept failed: connection error: Endpoint closed
2026-09-15T20:28:41.194 WARN kycontroller::kymux_controller::server - Kynet accept failed: connection error: Endpoint closed
2026-09-15T20:28:41.194 WARN kycontroller::kymux_controller::server - Kynet accept failed: connection error: Endpoint closed
2026-09-15T20:28:41.194 WARN kycontroller::kymux_controller::server - Kynet accept failed: connection error: Endpoint closed
2026-09-15T20:28:41.194 WARN kycontroller::kymux_controller::server - Kynet accept failed: connection error: Endpoint closed
2026-09-15T20:28:41.194 WARN kycontroller::kymux_controller::server - Kynet accept failed: connection error: Endpoint closed
2026-09-15T20:28:41.194 WARN kycontroller::kymux_controller::server - Kynet accept failed: connection error: Endpoint closed
2026-09-15T20:28:41.194 WARN kycontroller::kymux_controller::server - Kynet accept failed: connection error: Endpoint closed
2026-09-15T20:28:41.194 WARN kycontroller::kymux_controller::server - Kynet accept failed: connection error: Endpoint closed
2026-09-15T20:28:41.194 WARN kycontroller::kymux_controller::server - Kynet accept failed: connection error: Endpoint closed
2026-09-15T20:28:41.194 WARN kycontroller::kymux_controller::server - Kynet accept failed: connection error: Endpoint closed
2026-09-15T20:28:41.194 WARN kycontroller::kymux_controller::server - Kynet accept failed: connection error: Endpoint closed
2026-09-15T20:28:41.194 WARN kycontroller::kymux_controller::server - Kynet accept failed: connection error: Endpoint closed
2026-09-15T20:28:41.194 WARN kycontroller::kymux_controller::server - Kynet accept failed: connection error: Endpoint closed
2026-09-15T20:28:41.194 WARN kycontroller::kymux_controller::server - Kynet accept failed: connection error: Endpoint closed
2026-09-15T20:28:41.194 WARN kycontroller::kymux_controller::server - Kynet accept failed: connection error: Endpoint closed
2026-09-15T20:28:41.194 WARN kycontroller::kymux_controller::server - Kynet accept failed: connection error: Endpoint closed
2026-09-15T20:28:41.194 WARN kycontroller::kymux_controller::server - Kynet accept failed: connection error: Endpoint closed
2026-09-15T20:28:41.194 WARN kycontroller::kymux_controller::server - Kynet accept failed: connection error: Endpoint closed
2026-09-15T20:28:41.194 WARN kycontroller::kymux_controller::server - Kynet accept failed: connection error: Endpoint closed
2026-09-15T20:28:41.194 WARN kycontroller::kymux_controller::server - Kynet accept failed: connection error: Endpoint closed
2026-09-15T20:28:41.194 WARN kycontroller::kymux_controller::server - Kynet accept failed: connection error: Endpoint closed
2026-09-15T20:28:41.194 WARN kycontroller::kymux_controller::server - Kynet accept failed: connection error: Endpoint closed
2026-09-15T20:28:41.194 WARN kycontroller::kymux_controller::server - Kynet accept failed: connection error: Endpoint closed
2026-09-15T20:28:41.194 WARN kycontroller::kymux_controller::server - Kynet accept failed: connection error: Endpoint closed
2026-09-15T20:28:41.194 WARN kycontroller::kymux_controller::server - Kynet accept failed: connection error: Endpoint closed
2026-09-15T20:28:41.194 WARN kycontroller::kymux_controller::server - Kynet accept failed: connection error: Endpoint closed
2026-09-15T20:28:41.194 WARN kycontroller::kymux_controller::server - Kynet accept failed: connection error: Endpoint closed
2026-09-15T20:28:41.194 WARN kycontroller::kymux_controller::server - Kynet accept failed: connection error: Endpoint closed
2026-09-15T20:28:41.194 WARN kycontroller::kymux_controller::server - Kynet accept failed: connection error: Endpoint closed
2026-09-15T20:28:41.194 WARN kycontroller::kymux_controller::server - Kynet accept failed: connection error: Endpoint closed
2026-09-15T20:28:41.194 WARN kycontroller::kymux_controller::server - Kynet accept failed: connection error: Endpoint closed
2026-09-15T20:28:41.194 WARN kycontroller::kymux_controller::server - Kynet accept failed: connection error: Endpoint closed
2026-09-15T20:28:41.194 WARN kycontroller::kymux_controller::server - Kynet accept failed: connection error: Endpoint closed
2026-09-15T20:28:41.195 WARN kycontroller::kymux_controller::server - Kynet accept failed: connection error: Endpoint closed
2026-09-15T20:28:41.195 WARN kycontroller::kymux_controller::server - Kynet accept failed: connection error: Endpoint closed
2026-09-15T20:28:41.195 WARN kycontroller::kymux_controller::server - Kynet accept failed: connection error: Endpoint closed
2026-09-15T20:28:41.195 WARN kycontroller::kymux_controller::server - Kynet accept failed: connection error: Endpoint closed
2026-09-15T20:28:41.195 WARN kycontroller::kymux_controller::server - Kynet accept failed: connection error: Endpoint closed
2026-09-15T20:28:41.195 WARN kycontroller::kymux_controller::server - Kynet accept failed: connection error: Endpoint closed
2026-09-15T20:28:41.195 WARN kycontroller::kymux_controller::server - Kynet accept failed: connection error: Endpoint closed
2026-09-15T20:28:41.195 WARN kycontroller::kymux_controller::server - Kynet accept failed: connection error: Endpoint closed
2026-09-15T20:28:41.195 WARN kycontroller::kymux_controller::server - Kynet accept failed: connection error: Endpoint closed
2026-09-15T20:28:41.195 WARN kycontroller::kymux_controller::server - Kynet accept failed: connection error: Endpoint closed
2026-09-15T20:28:41.195 WARN kycontroller::kymux_controller::server - Kynet accept failed: connection error: Endpoint closed
2026-09-15T20:28:41.195 WARN kycontroller::kymux_controller::server - Kynet accept failed: connection error: Endpoint closed
2026-09-15T20:28:41.195 WARN kycontroller::kymux_controller::server - Kynet accept failed: connection error: Endpoint closed
2026-09-15T20:28:41.195 WARN kycontroller::kymux_controller::server - Kynet accept failed: connection error: Endpoint closed
2026-09-15T20:28:41.195 WARN kycontroller::kymux_controller::server - Kynet accept failed: connection error: Endpoint closed
2026-09-15T20:28:41.195 WARN kycontroller::kymux_controller::server - Kynet accept failed: connection error: Endpoint closed
2026-09-15T20:28:41.195 WARN kycontroller::kymux_controller::server - Kynet accept failed: connection error: Endpoint closed
2026-09-15T20:28:41.195 WARN kycontroller::kymux_controller::server - Kynet accept failed: connection error: Endpoint closed
2026-09-15T20:28:41.195 WARN kycontroller::kymux_controller::server - Kynet accept failed: connection error: Endpoint closed
2026-09-15T20:28:41.195 WARN kycontroller::kymux_controller::server - Kynet accept failed: connection error: Endpoint closed
2026-09-15T20:28:41.195 WARN kycontroller::kymux_controller::server - Kynet accept failed: connection error: Endpoint closed
2026-09-15T20:28:41.195 WARN kycontroller::kymux_controller::server - Kynet accept failed: connection error: Endpoint closed
2026-09-15T20:28:41.195 WARN kycontroller::kymux_controller::server - Kynet accept failed: connection error: Endpoint closed
2026-09-15T20:28:41.195 WARN kycontroller::kymux_controller::server - Kynet accept failed: connection error: Endpoint closed
2026-09-15T20:28:41.195 WARN kycontroller::kymux_controller::server - Kynet accept failed: connection error: Endpoint closed
2026-09-15T20:28:41.195 WARN kycontroller::kymux_controller::server - Kynet accept failed: connection error: Endpoint closed
2026-09-15T20:28:41.195 WARN kycontroller::kymux_controller::server - Kynet accept failed: connection error: Endpoint closed
2026-09-15T20:28:41.195 WARN kycontroller::kymux_controller::server - Kynet accept failed: connection error: Endpoint closed
2026-09-15T20:28:41.195 WARN kycontroller::kymux_controller::server - Kynet accept failed: connection error: Endpoint closed
2026-09-15T20:28:41.195 WARN kycontroller::kymux_controller::server - Kynet accept failed: connection error: Endpoint closed
2026-09-15T20:28:41.195 WARN kycontroller::kymux_controller::server - Kynet accept failed: connection error: Endpoint closed
2026-09-15T20:28:41.195 WARN kycontroller::kymux_controller::server - Kynet accept failed: connection error: Endpoint closed
2026-09-15T20:28:41.195 WARN kycontroller::kymux_controller::server - Kynet accept failed: connection error: Endpoint closed
2026-09-15T20:28:41.195 WARN kycontroller::kymux_controller::server - Kynet accept failed: connection error: Endpoint closed
2026-09-15T20:28:41.195 WARN kycontroller::kymux_controller::server - Kynet accept failed: connection error: Endpoint closed
2026-09-15T20:28:41.195 WARN kycontroller::kymux_controller::server - Kynet accept failed: connection error: Endpoint closed
2026-09-15T20:28:41.195 WARN kycontroller::kymux_controller::server - Kynet accept failed: connection error: Endpoint closed
2026-09-15T20:28:41.195 WARN kycontroller::kymux_controller::server - Kynet accept failed: connection error: Endpoint closed
2026-09-15T20:28:41.195 WARN kycontroller::kymux_controller::server - Kynet accept failed: connection error: Endpoint closed
2026-09-15T20:28:41.195 WARN kycontroller::kymux_controller::server - Kynet accept failed: connection error: Endpoint closed
2026-09-15T20:28:41.195 WARN kycontroller::kymux_controller::server - Kynet accept failed: connection error: Endpoint closed
2026-09-15T20:28:41.195 WARN kycontroller::kymux_controller::server - Kynet accept failed: connection error: Endpoint closed
2026-09-15T20:28:41.195 WARN kycontroller::kymux_controller::server - Kynet accept failed: connection error: Endpoint closed
2026-09-15T20:28:41.195 WARN kycontroller::kymux_controller::server - Kynet accept failed: connection error: Endpoint closed
2026-09-15T20:28:41.195 WARN kycontroller::kymux_controller::server - Kynet accept failed: connection error: Endpoint closed
2026-09-15T20:28:41.195 WARN kycontroller::kymux_controller::server - Kynet accept failed: connection error: Endpoint closed
2026-09-15T20:28:41.195 WARN kycontroller::kymux_controller::server - Kynet accept failed: connection error: Endpoint closed
2026-09-15T20:28:41.195 WARN kycontroller::kymux_controller::server - Kynet accept failed: connection error: Endpoint closed
2026-09-15T20:28:41.195 WARN kycontroller::kymux_controller::server - Kynet accept failed: connection error: Endpoint closed
2026-09-15T20:28:41.195 WARN kycontroller::kymux_controller::server - Kynet accept failed: connection error: Endpoint closed
2026-09-15T20:28:41.195 WARN kycontroller::kymux_controller::server - Kynet accept failed: connection error: Endpoint closed
2026-09-15T20:28:41.195 WARN kycontroller::kymux_controller::server - Kynet accept failed: connection error: Endpoint closed
2026-09-15T20:28:41.195 WARN kycontroller::kymux_controller::server - Kynet accept failed: connection error: Endpoint closed
2026-09-15T20:28:41.195 WARN kycontroller::kymux_controller::server - Kynet accept failed: connection error: Endpoint closed
2026-09-15T20:28:41.195 WARN kycontroller::kymux_controller::server - Kynet accept failed: connection error: Endpoint closed
2026-09-15T20:28:41.195 WARN kycontroller::kymux_controller::server - Kynet accept failed: connection error: Endpoint closed
2026-09-15T20:28:41.195 WARN kycontroller::kymux_controller::server - Kynet accept failed: connection error: Endpoint closed
2026-09-15T20:28:41.195 WARN kycontroller::kymux_controller::server - Kynet accept failed: connection error: Endpoint closed
2026-09-15T20:28:41.195 WARN kycontroller::kymux_controller::server - Kynet accept failed: connection error: Endpoint closed
2026-09-15T20:28:41.195 WARN kycontroller::kymux_controller::server - Kynet accept failed: connection error: Endpoint closed
2026-09-15T20:28:41.195 WARN kycontroller::kymux_controller::server - Kynet accept failed: connection error: Endpoint closed
2026-09-15T20:28:41.195 WARN kycontroller::kymux_controller::server - Kynet accept failed: connection error: Endpoint closed
2026-09-15T20:28:41.195 WARN kycontroller::kymux_controller::server - Kynet accept failed: connection error: Endpoint closed
2026-09-15T20:28:41.195 WARN kycontroller::kymux_controller::server - Kynet accept failed: connection error: Endpoint closed
2026-09-15T20:28:41.195 WARN kycontroller::kymux_controller::server - Kynet accept failed: connection error: Endpoint closed
2026-09-15T20:28:41.195 WARN kycontroller::kymux_controller::server - Kynet accept failed: connection error: Endpoint closed
2026-09-15T20:28:41.195 WARN kycontroller::kymux_controller::server - Kynet accept failed: connection error: Endpoint closed
2026-09-15T20:28:41.195 WARN kycontroller::kymux_controller::server - Kynet accept failed: connection error: Endpoint closed
2026-09-15T20:28:41.195 WARN kycontroller::kymux_controller::server - Kynet accept failed: connection error: Endpoint closed
2026-09-15T20:28:41.195 WARN kycontroller::kymux_controller::server - Kynet accept failed: connection error: Endpoint closed
2026-09-15T20:28:41.195 WARN kycontroller::kymux_controller::server - Kynet accept failed: connection error: Endpoint closed
2026-09-15T20:28:41.195 WARN kycontroller::kymux_controller::server - Kynet accept failed: connection error: Endpoint closed
2026-09-15T20:28:41.195 WARN kycontroller::kymux_controller::server - Kynet accept failed: connection error: Endpoint closed
2026-09-15T20:28:41.195 WARN kycontroller::kymux_controller::server - Kynet accept failed: connection error: Endpoint closed
2026-09-15T20:28:41.195 WARN kycontroller::kymux_controller::server - Kynet accept failed: connection error: Endpoint closed
2026-09-15T20:28:41.195 WARN kycontroller::kymux_controller::server - Kynet accept failed: connection error: Endpoint closed
2026-09-15T20:28:41.195 WARN kycontroller::kymux_controller::server - Kynet accept failed: connection error: Endpoint closed
2026-09-15T20:28:41.195 WARN kycontroller::kymux_controller::server - Kynet accept failed: connection error: Endpoint closed
2026-09-15T20:28:41.195 WARN kycontroller::kymux_controller::server - Kynet accept failed: connection error: Endpoint closed
2026-09-15T20:28:41.195 WARN kycontroller::kymux_controller::server - Kynet accept failed: connection error: Endpoint closed
2026-09-15T20:28:41.195 WARN kycontroller::kymux_controller::server - Kynet accept failed: connection error: Endpoint closed
2026-09-15T20:28:41.195 WARN kycontroller::kymux_controller::server - Kynet accept failed: connection error: Endpoint closed
2026-09-15T20:28:41.195 WARN kycontroller::kymux_controller::server - Kynet accept failed: connection error: Endpoint closed
2026-09-15T20:28:41.195 WARN kycontroller::kymux_controller::server - Kynet accept failed: connection error: Endpoint closed
2026-09-15T20:28:41.195 WARN kycontroller::kymux_controller::server - Kynet accept failed: connection error: Endpoint closed
2026-09-15T20:28:41.195 WARN kycontroller::kymux_controller::server - Kynet accept failed: connection error: Endpoint closed
2026-09-15T20:28:41.195 WARN kycontroller::kymux_controller::server - Kynet accept failed: connection error: Endpoint closed
2026-09-15T20:28:41.195 WARN kycontroller::kymux_controller::server - Kynet accept failed: connection error: Endpoint closed
2026-09-15T20:28:41.195 WARN kycontroller::kymux_controller::server - Kynet accept failed: connection error: Endpoint closed
2026-09-15T20:28:41.196 WARN kycontroller::kymux_controller::server - Kynet accept failed: connection error: Endpoint closed
2026-09-15T20:28:41.196 WARN kycontroller::kymux_controller::server - Kynet accept failed: connection error: Endpoint closed
2026-09-15T20:28:41.196 WARN kycontroller::kymux_controller::server - Kynet accept failed: connection error: Endpoint closed
2026-09-15T20:28:41.196 WARN kycontroller::kymux_controller::server - Kynet accept failed: connection error: Endpoint closed
2026-09-15T20:28:41.196 WARN kycontroller::kymux_controller::server - Kynet accept failed: connection error: Endpoint closed
2026-09-15T20:28:41.196 WARN kycontroller::kymux_controller::server - Kynet accept failed: connection error: Endpoint closed
2026-09-15T20:28:41.196 WARN kycontroller::kymux_controller::server - Kynet accept failed: connection error: Endpoint closed
2026-09-15T20:28:41.196 WARN kycontroller::kymux_controller::server - Kynet accept failed: connection error: Endpoint closed
2026-09-15T20:28:41.196 WARN kycontroller::kymux_controller::server - Kynet accept failed: connection error: Endpoint closed
2026-09-15T20:28:41.196 WARN kycontroller::kymux_controller::server - Kynet accept failed: connection error: Endpoint closed
2026-09-15T20:28:41.196 WARN kycontroller::kymux_controller::server - Kynet accept failed: connection error: Endpoint closed
2026-09-15T20:28:41.196 WARN kycontroller::kymux_controller::server - Kynet accept failed: connection error: Endpoint closed
2026-09-15T20:28:41.196 WARN kycontroller::kymux_controller::server - Kynet accept failed: connection error: Endpoint closed
2026-09-15T20:28:41.196 WARN kycontroller::kymux_controller::server - Kynet accept failed: connection error: Endpoint closed
2026-09-15T20:28:41.196 WARN kycontroller::kymux_controller::server - Kynet accept failed: connection error: Endpoint closed
2026-09-15T20:28:41.196 WARN kycontroller::kymux_controller::server - Kynet accept failed: connection error: Endpoint closed
2026-09-15T20:28:41.196 WARN kycontroller::kymux_controller::server - Kynet accept failed: connection error: Endpoint closed
2026-09-15T20:28:41.196 WARN kycontroller::kymux_controller::server - Kynet accept failed: connection error: Endpoint closed
2026-09-15T20:28:41.196 WARN kycontroller::kymux_controller::server - Kynet accept failed: connection error: Endpoint closed
2026-09-15T20:28:41.196 WARN kycontroller::kymux_controller::server - Kynet accept failed: connection error: Endpoint closed
2026-09-15T20:28:41.196 WARN kycontroller::kymux_controller::server - Kynet accept failed: connection error: Endpoint closed
2026-09-15T20:28:41.196 WARN kycontroller::kymux_controller::server - Kynet accept failed: connection error: Endpoint closed
2026-09-15T20:28:41.196 WARN kycontroller::kymux_controller::server - Kynet accept failed: connection error: Endpoint closed
2026-09-15T20:28:41.196 WARN kycontroller::kymux_controller::server - Kynet accept failed: connection error: Endpoint closed
2026-09-15T20:28:41.196 WARN kycontroller::kymux_controller::server - Kynet accept failed: connection error: Endpoint closed
2026-09-15T20:28:41.196 WARN kycontroller::kymux_controller::server - Kynet accept failed: connection error: Endpoint closed
2026-09-15T20:28:41.196 WARN kycontroller::kymux_controller::server - Kynet accept failed: connection error: Endpoint closed
2026-09-15T20:28:41.196 WARN kycontroller::kymux_controller::server - Kynet accept failed: connection error: Endpoint closed
2026-09-15T20:28:41.196 WARN kycontroller::kymux_controller::server - Kynet accept failed: connection error: Endpoint closed
2026-09-15T20:28:41.196 WARN kycontroller::kymux_controller::server - Kynet accept failed: connection error: Endpoint closed
2026-09-15T20:28:41.196 WARN kycontroller::kymux_controller::server - Kynet accept failed: connection error: Endpoint closed
2026-09-15T20:28:41.196 WARN kycontroller::kymux_controller::server - Kynet accept failed: connection error: Endpoint closed
2026-09-15T20:28:41.196 WARN kycontroller::kymux_controller::server - Kynet accept failed: connection error: Endpoint closed
2026-09-15T20:28:41.196 WARN kycontroller::kymux_controller::server - Kynet accept failed: connection error: Endpoint closed
2026-09-15T20:28:41.196 WARN kycontroller::kymux_controller::server - Kynet accept failed: connection error: Endpoint closed
2026-09-15T20:28:41.196 WARN kycontroller::kymux_controller::server - Kynet accept failed: connection error: Endpoint closed
2026-09-15T20:28:41.196 WARN kycontroller::kymux_controller::server - Kynet accept failed: connection error: Endpoint closed
2026-09-15T20:28:41.196 WARN kycontroller::kymux_controller::server - Kynet accept failed: connection error: Endpoint closed
2026-09-15T20:28:41.196 WARN kycontroller::kymux_controller::server - Kynet accept failed: connection error: Endpoint closed
2026-09-15T20:28:41.196 WARN kycontroller::kymux_controller::server - Kynet accept failed: connection error: Endpoint closed
2026-09-15T20:28:41.196 WARN kycontroller::kymux_controller::server - Kynet accept failed: connection error: Endpoint closed
2026-09-15T20:28:41.196 WARN kycontroller::kymux_controller::server - Kynet accept failed: connection error: Endpoint closed
2026-09-15T20:28:41.196 WARN kycontroller::kymux_controller::server - Kynet accept failed: connection error: Endpoint closed
2026-09-15T20:28:41.196 WARN kycontroller::kymux_controller::server - Kynet accept failed: connection error: Endpoint closed
2026-09-15T20:28:41.196 WARN kycontroller::kymux_controller::server - Kynet accept failed: connection error: Endpoint closed
2026-09-15T20:28:41.196 WARN kycontroller::kymux_controller::server - Kynet accept failed: connection error: Endpoint closed
2026-09-15T20:28:41.196 WARN kycontroller::kymux_controller::server - Kynet accept failed: connection error: Endpoint closed
2026-09-15T20:28:41.196 WARN kycontroller::kymux_controller::server - Kynet accept failed: connection error: Endpoint closed
2026-09-15T20:28:41.196 WARN kycontroller::kymux_controller::server - Kynet accept failed: connection error: Endpoint closed
2026-09-15T20:28:41.196 WARN kycontroller::kymux_controller::server - Kynet accept failed: connection error: Endpoint closed
2026-09-15T20:28:41.196 WARN kycontroller::kymux_controller::server - Kynet accept failed: connection error: Endpoint closed
2026-09-15T20:28:41.196 WARN kycontroller::kymux_controller::server - Kynet accept failed: connection error: Endpoint closed
2026-09-15T20:28:41.196 WARN kycontroller::kymux_controller::server - Kynet accept failed: connection error: Endpoint closed
2026-09-15T20:28:41.196 WARN kycontroller::kymux_controller::server - Kynet accept failed: connection error: Endpoint closed
2026-09-15T20:28:41.196 WARN kycontroller::kymux_controller::server - Kynet accept failed: connection error: Endpoint closed
2026-09-15T20:28:41.196 WARN kycontroller::kymux_controller::server - Kynet accept failed: connection error: Endpoint closed
2026-09-15T20:28:41.196 WARN kycontroller::kymux_controller::server - Kynet accept failed: connection error: Endpoint closed
2026-09-15T20:28:41.196 WARN kycontroller::kymux_controller::server - Kynet accept failed: connection error: Endpoint closed
2026-09-15T20:28:41.196 WARN kycontroller::kymux_controller::server - Kynet accept failed: connection error: Endpoint closed
2026-09-15T20:28:41.196 WARN kycontroller::kymux_controller::server - Kynet accept failed: connection error: Endpoint closed
2026-09-15T20:28:41.196 WARN kycontroller::kymux_controller::server - Kynet accept failed: connection error: Endpoint closed
2026-09-15T20:28:41.196 WARN kycontroller::kymux_controller::server - Kynet accept failed: connection error: Endpoint closed
2026-09-15T20:28:41.196 WARN kycontroller::kymux_controller::server - Kynet accept failed: connection error: Endpoint closed
2026-09-15T20:28:41.196 WARN kycontroller::kymux_controller::server - Kynet accept failed: connection error: Endpoint closed
2026-09-15T20:28:41.196 WARN kycontroller::kymux_controller::server - Kynet accept failed: connection error: Endpoint closed
2026-09-15T20:28:41.196 WARN kycontroller::kymux_controller::server - Kynet accept failed: connection error: Endpoint closed
2026-09-15T20:28:41.196 WARN kycontroller::kymux_controller::server - Kynet accept failed: connection error: Endpoint closed
2026-09-15T20:28:41.196 WARN kycontroller::kymux_controller::server - Kynet accept failed: connection error: Endpoint closed
2026-09-15T20:28:41.196 WARN kycontroller::kymux_controller::server - Kynet accept failed: connection error: Endpoint closed
2026-09-15T20:28:41.196 WARN kycontroller::kymux_controller::server - Kynet accept failed: connection error: Endpoint closed
2026-09-15T20:28:41.196 WARN kycontroller::kymux_controller::server - Kynet accept failed: connection error: Endpoint closed
2026-09-15T20:28:41.196 WARN kycontroller::kymux_controller::server - Kynet accept failed: connection error: Endpoint closed
2026-09-15T20:28:41.196 WARN kycontroller::kymux_controller::server - Kynet accept failed: connection error: Endpoint closed
2026-09-15T20:28:41.196 WARN kycontroller::kymux_controller::server - Kynet accept failed: connection error: Endpoint closed
2026-09-15T20:28:41.196 WARN kycontroller::kymux_controller::server - Kynet accept failed: connection error: Endpoint closed
2026-09-15T20:28:41.196 WARN kycontroller::kymux_controller::server - Kynet accept failed: connection error: Endpoint closed
2026-09-15T20:28:41.196 WARN kycontroller::kymux_controller::server - Kynet accept failed: connection error: Endpoint closed
2026-09-15T20:28:41.196 WARN kycontroller::kymux_controller::server - Kynet accept failed: connection error: Endpoint closed
2026-09-15T20:28:41.196 WARN kycontroller::kymux_controller::server - Kynet accept failed: connection error: Endpoint closed
2026-09-15T20:28:41.196 WARN kycontroller::kymux_controller::server - Kynet accept failed: connection error: Endpoint closed
2026-09-15T20:28:41.196 WARN kycontroller::kymux_controller::server - Kynet accept failed: connection error: Endpoint closed
2026-09-15T20:28:41.196 WARN kycontroller::kymux_controller::server - Kynet accept failed: connection error: Endpoint closed
2026-09-15T20:28:41.196 WARN kycontroller::kymux_controller::server - Kynet accept failed: connection error: Endpoint closed
2026-09-15T20:28:41.196 WARN kycontroller::kymux_controller::server - Kynet accept failed: connection error: Endpoint closed
2026-09-15T20:28:41.196 WARN kycontroller::kymux_controller::server - Kynet accept failed: connection error: Endpoint closed
2026-09-15T20:28:41.196 WARN kycontroller::kymux_controller::server - Kynet accept failed: connection error: Endpoint closed
2026-09-15T20:28:41.196 WARN kycontroller::kymux_controller::server - Kynet accept failed: connection error: Endpoint closed
2026-09-15T20:28:41.196 WARN kycontroller::kymux_controller::server - Kynet accept failed: connection error: Endpoint closed
2026-09-15T20:28:41.196 WARN kycontroller::kymux_controller::server - Kynet accept failed: connection error: Endpoint closed
2026-09-15T20:28:41.197 WARN kycontroller::kymux_controller::server - Kynet accept failed: connection error: Endpoint closed
2026-09-15T20:28:41.197 WARN kycontroller::kymux_controller::server - Kynet accept failed: connection error: Endpoint closed
2026-09-15T20:28:41.197 WARN kycontroller::kymux_controller::server - Kynet accept failed: connection error: Endpoint closed
2026-09-15T20:28:41.197 WARN kycontroller::kymux_controller::server - Kynet accept failed: connection error: Endpoint closed
2026-09-15T20:28:41.197 WARN kycontroller::kymux_controller::server - Kynet accept failed: connection error: Endpoint closed
2026-09-15T20:28:41.197 WARN kycontroller::kymux_controller::server - Kynet accept failed: connection error: Endpoint closed
2026-09-15T20:28:41.197 WARN kycontroller::kymux_controller::server - Kynet accept failed: connection error: Endpoint closed
2026-09-15T20:28:41.197 WARN kycontroller::kymux_controller::server - Kynet accept failed: connection error: Endpoint closed
2026-09-15T20:28:41.197 WARN kycontroller::kymux_controller::server - Kynet accept failed: connection error: Endpoint closed
2026-09-15T20:28:41.197 WARN kycontroller::kymux_controller::server - Kynet accept failed: connection error: Endpoint closed
2026-09-15T20:28:41.197 WARN kycontroller::kymux_controller::server - Kynet accept failed: connection error: Endpoint closed
2026-09-15T20:28:41.197 WARN kycontroller::kymux_controller::server - Kynet accept failed: connection error: Endpoint closed
2026-09-15T20:28:41.197 WARN kycontroller::kymux_controller::server - Kynet accept failed: connection error: Endpoint closed
2026-09-15T20:28:41.197 WARN kycontroller::kymux_controller::server - Kynet accept failed: connection error: Endpoint closed
2026-09-15T20:28:41.197 WARN kycontroller::kymux_controller::server - Kynet accept failed: connection error: Endpoint closed
2026-09-15T20:28:41.197 WARN kycontroller::kymux_controller::server - Kynet accept failed: connection error: Endpoint closed
2026-09-15T20:28:41.197 WARN kycontroller::kymux_controller::server - Kynet accept failed: connection error: Endpoint closed
2026-09-15T20:28:41.197 WARN kycontroller::kymux_controller::server - Kynet accept failed: connection error: Endpoint closed
2026-09-15T20:28:41.197 WARN kycontroller::kymux_controller::server - Kynet accept failed: connection error: Endpoint closed
2026-09-15T20:28:41.197 WARN kycontroller::kymux_controller::server - Kynet accept failed: connection error: Endpoint closed
2026-09-15T20:28:41.197 WARN kycontroller::kymux_controller::server - Kynet accept failed: connection error: Endpoint closed
2026-09-15T20:28:41.197 WARN kycontroller::kymux_controller::server - Kynet accept failed: connection error: Endpoint closed
2026-09-15T20:28:41.197 WARN kycontroller::kymux_controller::server - Kynet accept failed: connection error: Endpoint closed
2026-09-15T20:28:41.197 WARN kycontroller::kymux_controller::server - Kynet accept failed: connection error: Endpoint closed
2026-09-15T20:28:41.197 WARN kycontroller::kymux_controller::server - Kynet accept failed: connection error: Endpoint closed
2026-09-15T20:28:41.197 WARN kycontroller::kymux_controller::server - Kynet accept failed: connection error: Endpoint closed
2026-09-15T20:28:41.197 WARN kycontroller::kymux_controller::server - Kynet accept failed: connection error: Endpoint closed
2026-09-15T20:28:41.197 WARN kycontroller::kymux_controller::server - Kynet accept failed: connection error: Endpoint closed
2026-09-15T20:28:41.197 WARN kycontroller::kymux_controller::server - Kynet accept failed: connection error: Endpoint closed
2026-09-15T20:28:41.197 WARN kycontroller::kymux_controller::server - Kynet accept failed: connection error: Endpoint closed
2026-09-15T20:28:41.197 WARN kycontroller::kymux_controller::server - Kynet accept failed: connection error: Endpoint closed
2026-09-15T20:28:41.197 WARN kycontroller::kymux_controller::server - Kynet accept failed: connection error: Endpoint closed
2026-09-15T20:28:41.197 WARN kycontroller::kymux_controller::server - Kynet accept failed: connection error: Endpoint closed
2026-09-15T20:28:41.197 WARN kycontroller::kymux_controller::server - Kynet accept failed: connection error: Endpoint closed
2026-09-15T20:28:41.197 WARN kycontroller::kymux_controller::server - Kynet accept failed: connection error: Endpoint closed
2026-09-15T20:28:41.197 WARN kycontroller::kymux_controller::server - Kynet accept failed: connection error: Endpoint closed
2026-09-15T20:28:41.197 WARN kycontroller::kymux_controller::server - Kynet accept failed: connection error: Endpoint closed
2026-09-15T20:28:41.197 WARN kycontroller::kymux_controller::server - Kynet accept failed: connection error: Endpoint closed
2026-09-15T20:28:41.197 WARN kycontroller::kymux_controller::server - Kynet accept failed: connection error: Endpoint closed
2026-09-15T20:28:41.197 WARN kycontroller::kymux_controller::server - Kynet accept failed: connection error: Endpoint closed
2026-09-15T20:28:41.197 WARN kycontroller::kymux_controller::server - Kynet accept failed: connection error: Endpoint closed
2026-09-15T20:28:41.197 WARN kycontroller::kymux_controller::server - Kynet accept failed: connection error: Endpoint closed
2026-09-15T20:28:41.197 WARN kycontroller::kymux_controller::server - Kynet accept failed: connection error: Endpoint closed
2026-09-15T20:28:41.197 WARN kycontroller::kymux_controller::server - Kynet accept failed: connection error: Endpoint closed
2026-09-15T20:28:41.197 WARN kycontroller::kymux_controller::server - Kynet accept failed: connection error: Endpoint closed
2026-09-15T20:28:41.197 WARN kycontroller::kymux_controller::server - Kynet accept failed: connection error: Endpoint closed
2026-09-15T20:28:41.197 WARN kycontroller::kymux_controller::server - Kynet accept failed: connection error: Endpoint closed
2026-09-15T20:28:41.197 WARN kycontroller::kymux_controller::server - Kynet accept failed: connection error: Endpoint closed
2026-09-15T20:28:41.197 WARN kycontroller::kymux_controller::server - Kynet accept failed: connection error: Endpoint closed
2026-09-15T20:28:41.197 WARN kycontroller::kymux_controller::server - Kynet accept failed: connection error: Endpoint closed
2026-09-15T20:28:41.197 WARN kycontroller::kymux_controller::server - Kynet accept failed: connection error: Endpoint closed
2026-09-15T20:28:41.197 WARN kycontroller::kymux_controller::server - Kynet accept failed: connection error: Endpoint closed
2026-09-15T20:28:41.197 WARN kycontroller::kymux_controller::server - Kynet accept failed: connection error: Endpoint closed
2026-09-15T20:28:41.197 WARN kycontroller::kymux_controller::server - Kynet accept failed: connection error: Endpoint closed
2026-09-15T20:28:41.197 WARN kycontroller::kymux_controller::server - Kynet accept failed: connection error: Endpoint closed
2026-09-15T20:28:41.197 WARN kycontroller::kymux_controller::server - Kynet accept failed: connection error: Endpoint closed
2026-09-15T20:28:41.197 WARN kycontroller::kymux_controller::server - Kynet accept failed: connection error: Endpoint closed
2026-09-15T20:28:41.197 WARN kycontroller::kymux_controller::server - Kynet accept failed: connection error: Endpoint closed
2026-09-15T20:28:41.197 WARN kycontroller::kymux_controller::server - Kynet accept failed: connection error: Endpoint closed
2026-09-15T20:28:41.197 WARN kycontroller::kymux_controller::server - Kynet accept failed: connection error: Endpoint closed
2026-09-15T20:28:41.197 WARN kycontroller::kymux_controller::server - Kynet accept failed: connection error: Endpoint closed
2026-09-15T20:28:41.197 WARN kycontroller::kymux_controller::server - Kynet accept failed: connection error: Endpoint closed
2026-09-15T20:28:41.197 WARN kycontroller::kymux_controller::server - Kynet accept failed: connection error: Endpoint closed
2026-09-15T20:28:41.197 WARN kycontroller::kymux_controller::server - Kynet accept failed: connection error: Endpoint closed
2026-09-15T20:28:41.197 WARN kycontroller::kymux_controller::server - Kynet accept failed: connection error: Endpoint closed
2026-09-15T20:28:41.197 WARN kycontroller::kymux_controller::server - Kynet accept failed: connection error: Endpoint closed
2026-09-15T20:28:41.197 WARN kycontroller::kymux_controller::server - Kynet accept failed: connection error: Endpoint closed
2026-09-15T20:28:41.197 WARN kycontroller::kymux_controller::server - Kynet accept failed: connection error: Endpoint closed
2026-09-15T20:28:41.197 WARN kycontroller::kymux_controller::server - Kynet accept failed: connection error: Endpoint closed
2026-09-15T20:28:41.197 WARN kycontroller::kymux_controller::server - Kynet accept failed: connection error: Endpoint closed
2026-09-15T20:28:41.197 WARN kycontroller::kymux_controller::server - Kynet accept failed: connection error: Endpoint closed
2026-09-15T20:28:41.197 WARN kycontroller::kymux_controller::server - Kynet accept failed: connection error: Endpoint closed
2026-09-15T20:28:41.197 WARN kycontroller::kymux_controller::server - Kynet accept failed: connection error: Endpoint closed
2026-09-15T20:28:41.197 WARN kycontroller::kymux_controller::server - Kynet accept failed: connection error: Endpoint closed
2026-09-15T20:28:41.197 WARN kycontroller::kymux_controller::server - Kynet accept failed: connection error: Endpoint closed
2026-09-15T20:28:41.197 WARN kycontroller::kymux_controller::server - Kynet accept failed: connection error: Endpoint closed
2026-09-15T20:28:41.197 WARN kycontroller::kymux_controller::server - Kynet accept failed: connection error: Endpoint closed
2026-09-15T20:28:41.197 WARN kycontroller::kymux_controller::server - Kynet accept failed: connection error: Endpoint closed
2026-09-15T20:28:41.197 WARN kycontroller::kymux_controller::server - Kynet accept failed: connection error: Endpoint closed
2026-09-15T20:28:41.197 WARN kycontroller::kymux_controller::server - Kynet accept failed: connection error: Endpoint closed
2026-09-15T20:28:41.197 WARN kycontroller::kymux_controller::server - Kynet accept failed: connection error: Endpoint closed
2026-09-15T20:28:41.197 WARN kycontroller::kymux_controller::server - Kynet accept failed: connection error: Endpoint closed
2026-09-15T20:28:41.197 WARN kycontroller::kymux_controller::server - Kynet accept failed: connection error: Endpoint closed
2026-09-15T20:28:41.197 WARN kycontroller::kymux_controller::server - Kynet accept failed: connection error: Endpoint closed
2026-09-15T20:28:41.197 WARN kycontroller::kymux_controller::server - Kynet accept failed: connection error: Endpoint closed
2026-09-15T20:28:41.197 WARN kycontroller::kymux_controller::server - Kynet accept failed: connection error: Endpoint closed
2026-09-15T20:28:41.197 WARN kycontroller::kymux_controller::server - Kynet accept failed: connection error: Endpoint closed
2026-09-15T20:28:41.197 WARN kycontroller::kymux_controller::server - Kynet accept failed: connection error: Endpoint closed
2026-09-15T20:28:41.197 WARN kycontroller::kymux_controller::server - Kynet accept failed: connection error: Endpoint closed
2026-09-15T20:28:41.197 WARN kycontroller::kymux_controller::server - Kynet accept failed: connection error: Endpoint closed
2026-09-15T20:28:41.197 WARN kycontroller::kymux_controller::server - Kynet accept failed: connection error: Endpoint closed
2026-09-15T20:28:41.197 WARN kycontroller::kymux_controller::server - Kynet accept failed: connection error: Endpoint closed
2026-09-15T20:28:41.197 WARN kycontroller::kymux_controller::server - Kynet accept failed: connection error: Endpoint closed
2026-09-15T20:28:41.197 WARN kycontroller::kymux_controller::server - Kynet accept failed: connection error: Endpoint closed
2026-09-15T20:28:41.198 WARN kycontroller::kymux_controller::server - Kynet accept failed: connection error: Endpoint closed
2026-09-15T20:28:41.198 WARN kycontroller::kymux_controller::server - Kynet accept failed: connection error: Endpoint closed
2026-09-15T20:28:41.198 WARN kycontroller::kymux_controller::server - Kynet accept failed: connection error: Endpoint closed
2026-09-15T20:28:41.198 WARN kycontroller::kymux_controller::server - Kynet accept failed: connection error: Endpoint closed
2026-09-15T20:28:41.198 WARN kycontroller::kymux_controller::server - Kynet accept failed: connection error: Endpoint closed
2026-09-15T20:28:41.198 WARN kycontroller::kymux_controller::server - Kynet accept failed: connection error: Endpoint closed
2026-09-15T20:28:41.198 WARN kycontroller::kymux_controller::server - Kynet accept failed: connection error: Endpoint closed
2026-09-15T20:28:41.198 WARN kycontroller::kymux_controller::server - Kynet accept failed: connection error: Endpoint closed
2026-09-15T20:28:41.198 WARN kycontroller::kymux_controller::server - Kynet accept failed: connection error: Endpoint closed
2026-09-15T20:28:41.198 WARN kycontroller::kymux_controller::server - Kynet accept failed: connection error: Endpoint closed
2026-09-15T20:28:41.198 WARN kycontroller::kymux_controller::server - Kynet accept failed: connection error: Endpoint closed
2026-09-15T20:28:41.198 WARN kycontroller::kymux_controller::server - Kynet accept failed: connection error: Endpoint closed
2026-09-15T20:28:41.198 WARN kycontroller::kymux_controller::server - Kynet accept failed: connection error: Endpoint closed
2026-09-15T20:28:41.198 WARN kycontroller::kymux_controller::server - Kynet accept failed: connection error: Endpoint closed
2026-09-15T20:28:41.198 WARN kycontroller::kymux_controller::server - Kynet accept failed: connection error: Endpoint closed
2026-09-15T20:28:41.198 WARN kycontroller::kymux_controller::server - Kynet accept failed: connection error: Endpoint closed
2026-09-15T20:28:41.198 WARN kycontroller::kymux_controller::server - Kynet accept failed: connection error: Endpoint closed
2026-09-15T20:28:41.198 WARN kycontroller::kymux_controller::server - Kynet accept failed: connection error: Endpoint closed
2026-09-15T20:28:41.198 WARN kycontroller::kymux_controller::server - Kynet accept failed: connection error: Endpoint closed
2026-09-15T20:28:41.198 WARN kycontroller::kymux_controller::server - Kynet accept failed: connection error: Endpoint closed
2026-09-15T20:28:41.198 WARN kycontroller::kymux_controller::server - Kynet accept failed: connection error: Endpoint closed
2026-09-15T20:28:41.198 WARN kycontroller::kymux_controller::server - Kynet accept failed: connection error: Endpoint closed
2026-09-15T20:28:41.198 WARN kycontroller::kymux_controller::server - Kynet accept failed: connection error: Endpoint closed
2026-09-15T20:28:41.198 WARN kycontroller::kymux_controller::server - Kynet accept failed: connection error: Endpoint closed
2026-09-15T20:28:41.198 WARN kycontroller::kymux_controller::server - Kynet accept failed: connection error: Endpoint closed
2026-09-15T20:28:41.198 WARN kycontroller::kymux_controller::server - Kynet accept failed: connection error: Endpoint closed
2026-09-15T20:28:41.198 WARN kycontroller::kymux_controller::server - Kynet accept failed: connection error: Endpoint closed
2026-09-15T20:28:41.198 WARN kycontroller::kymux_controller::server - Kynet accept failed: connection error: Endpoint closed
2026-09-15T20:28:41.198 WARN kycontroller::kymux_controller::server - Kynet accept failed: connection error: Endpoint closed
2026-09-15T20:28:41.198 WARN kycontroller::kymux_controller::server - Kynet accept failed: connection error: Endpoint closed
2026-09-15T20:28:41.198 WARN kycontroller::kymux_controller::server - Kynet accept failed: connection error: Endpoint closed
2026-09-15T20:28:41.198 WARN kycontroller::kymux_controller::server - Kynet accept failed: connection error: Endpoint closed
2026-09-15T20:28:41.198 WARN kycontroller::kymux_controller::server - Kynet accept failed: connection error: Endpoint closed
2026-09-15T20:28:41.198 WARN kycontroller::kymux_controller::server - Kynet accept failed: connection error: Endpoint closed
2026-09-15T20:28:41.198 WARN kycontroller::kymux_controller::server - Kynet accept failed: connection error: Endpoint closed
2026-09-15T20:28:41.198 WARN kycontroller::kymux_controller::server - Kynet accept failed: connection error: Endpoint closed
2026-09-15T20:28:41.198 WARN kycontroller::kymux_controller::server - Kynet accept failed: connection error: Endpoint closed
2026-09-15T20:28:41.198 WARN kycontroller::kymux_controller::server - Kynet accept failed: connection error: Endpoint closed
2026-09-15T20:28:41.198 WARN kycontroller::kymux_controller::server - Kynet accept failed: connection error: Endpoint closed
2026-09-15T20:28:41.198 WARN kycontroller::kymux_controller::server - Kynet accept failed: connection error: Endpoint closed
2026-09-15T20:28:41.198 WARN kycontroller::kymux_controller::server - Kynet accept failed: connection error: Endpoint closed
2026-09-15T20:28:41.198 WARN kycontroller::kymux_controller::server - Kynet accept failed: connection error: Endpoint closed
2026-09-15T20:28:41.198 WARN kycontroller::kymux_controller::server - Kynet accept failed: connection error: Endpoint closed
2026-09-15T20:28:41.198 WARN kycontroller::kymux_controller::server - Kynet accept failed: connection error: Endpoint closed
2026-09-15T20:28:41.198 WARN kycontroller::kymux_controller::server - Kynet accept failed: connection error: Endpoint closed
2026-09-15T20:28:41.198 WARN kycontroller::kymux_controller::server - Kynet accept failed: connection error: Endpoint closed
2026-09-15T20:28:41.198 WARN kycontroller::kymux_controller::server - Kynet accept failed: connection error: Endpoint closed
2026-09-15T20:28:41.198 WARN kycontroller::kymux_controller::server - Kynet accept failed: connection error: Endpoint closed
2026-09-15T20:28:41.198 WARN kycontroller::kymux_controller::server - Kynet accept failed: connection error: Endpoint closed
2026-09-15T20:28:41.198 WARN kycontroller::kymux_controller::server - Kynet accept failed: connection error: Endpoint closed
2026-09-15T20:28:41.198 WARN kycontroller::kymux_controller::server - Kynet accept failed: connection error: Endpoint closed
2026-09-15T20:28:41.198 WARN kycontroller::kymux_controller::server - Kynet accept failed: connection error: Endpoint closed
2026-09-15T20:28:41.198 WARN kycontroller::kymux_controller::server - Kynet accept failed: connection error: Endpoint closed
2026-09-15T20:28:41.198 WARN kycontroller::kymux_controller::server - Kynet accept failed: connection error: Endpoint closed
2026-09-15T20:28:41.198 WARN kycontroller::kymux_controller::server - Kynet accept failed: connection error: Endpoint closed
2026-09-15T20:28:41.198 WARN kycontroller::kymux_controller::server - Kynet accept failed: connection error: Endpoint closed
2026-09-15T20:28:41.198 WARN kycontroller::kymux_controller::server - Kynet accept failed: connection error: Endpoint closed
2026-09-15T20:28:41.198 WARN kycontroller::kymux_controller::server - Kynet accept failed: connection error: Endpoint closed
2026-09-15T20:28:41.198 WARN kycontroller::kymux_controller::server - Kynet accept failed: connection error: Endpoint closed
2026-09-15T20:28:41.198 WARN kycontroller::kymux_controller::server - Kynet accept failed: connection error: Endpoint closed
2026-09-15T20:28:41.198 WARN kycontroller::kymux_controller::server - Kynet accept failed: connection error: Endpoint closed
2026-09-15T20:28:41.198 WARN kycontroller::kymux_controller::server - Kynet accept failed: connection error: Endpoint closed
2026-09-15T20:28:41.198 WARN kycontroller::kymux_controller::server - Kynet accept failed: connection error: Endpoint closed
2026-09-15T20:28:41.198 WARN kycontroller::kymux_controller::server - Kynet accept failed: connection error: Endpoint closed
2026-09-15T20:28:41.198 WARN kycontroller::kymux_controller::server - Kynet accept failed: connection error: Endpoint closed
2026-09-15T20:28:41.198 WARN kycontroller::kymux_controller::server - Kynet accept failed: connection error: Endpoint closed
2026-09-15T20:28:41.198 WARN kycontroller::kymux_controller::server - Kynet accept failed: connection error: Endpoint closed
2026-09-15T20:28:41.198 WARN kycontroller::kymux_controller::server - Kynet accept failed: connection error: Endpoint closed
2026-09-15T20:28:41.198 WARN kycontroller::kymux_controller::server - Kynet accept failed: connection error: Endpoint closed
2026-09-15T20:28:41.198 WARN kycontroller::kymux_controller::server - Kynet accept failed: connection error: Endpoint closed
2026-09-15T20:28:41.198 WARN kycontroller::kymux_controller::server - Kynet accept failed: connection error: Endpoint closed
2026-09-15T20:28:41.198 WARN kycontroller::kymux_controller::server - Kynet accept failed: connection error: Endpoint closed
2026-09-15T20:28:41.198 WARN kycontroller::kymux_controller::server - Kynet accept failed: connection error: Endpoint closed
2026-09-15T20:28:41.198 WARN kycontroller::kymux_controller::server - Kynet accept failed: connection error: Endpoint closed
2026-09-15T20:28:41.198 WARN kycontroller::kymux_controller::server - Kynet accept failed: connection error: Endpoint closed
2026-09-15T20:28:41.198 WARN kycontroller::kymux_controller::server - Kynet accept failed: connection error: Endpoint closed
2026-09-15T20:28:41.198 WARN kycontroller::kymux_controller::server - Kynet accept failed: connection error: Endpoint closed
2026-09-15T20:28:41.198 WARN kycontroller::kymux_controller::server - Kynet accept failed: connection error: Endpoint closed
2026-09-15T20:28:41.198 WARN kycontroller::kymux_controller::server - Kynet accept failed: connection error: Endpoint closed
2026-09-15T20:28:41.198 WARN kycontroller::kymux_controller::server - Kynet accept failed: connection error: Endpoint closed
2026-09-15T20:28:41.198 WARN kycontroller::kymux_controller::server - Kynet accept failed: connection error: Endpoint closed
2026-09-15T20:28:41.198 WARN kycontroller::kymux_controller::server - Kynet accept failed: connection error: Endpoint closed
2026-09-15T20:28:41.198 WARN kycontroller::kymux_controller::server - Kynet accept failed: connection error: Endpoint closed
2026-09-15T20:28:41.198 WARN kycontroller::kymux_controller::server - Kynet accept failed: connection error: Endpoint closed
2026-09-15T20:28:41.198 WARN kycontroller::kymux_controller::server - Kynet accept failed: connection error: Endpoint closed
2026-09-15T20:28:41.198 WARN kycontroller::kymux_controller::server - Kynet accept failed: connection error: Endpoint closed
2026-09-15T20:28:41.198 WARN kycontroller::kymux_controller::server - Kynet accept failed: connection error: Endpoint closed
2026-09-15T20:28:41.198 WARN kycontroller::kymux_controller::server - Kynet accept failed: connection error: Endpoint closed
2026-09-15T20:28:41.198 WARN kycontroller::kymux_controller::server - Kynet accept failed: connection error: Endpoint closed
2026-09-15T20:28:41.198 WARN kycontroller::kymux_controller::server - Kynet accept failed: connection error: Endpoint closed
2026-09-15T20:28:41.198 WARN kycontroller::kymux_controller::server - Kynet accept failed: connection error: Endpoint closed
2026-09-15T20:28:41.198 WARN kycontroller::kymux_controller::server - Kynet accept failed: connection error: Endpoint closed
2026-09-15T20:28:41.198 WARN kycontroller::kymux_controller::server - Kynet accept failed: connection error: Endpoint closed
2026-09-15T20:28:41.199 WARN kycontroller::kymux_controller::server - Kynet accept failed: connection error: Endpoint closed
2026-09-15T20:28:41.199 WARN kycontroller::kymux_controller::server - Kynet accept failed: connection error: Endpoint closed
2026-09-15T20:28:41.199 WARN kycontroller::kymux_controller::server - Kynet accept failed: connection error: Endpoint closed
2026-09-15T20:28:41.199 WARN kycontroller::kymux_controller::server - Kynet accept failed: connection error: Endpoint closed
2026-09-15T20:28:41.199 WARN kycontroller::kymux_controller::server - Kynet accept failed: connection error: Endpoint closed
2026-09-15T20:28:41.199 WARN kycontroller::kymux_controller::server - Kynet accept failed: connection error: Endpoint closed
2026-09-15T20:28:41.199 WARN kycontroller::kymux_controller::server - Kynet accept failed: connection error: Endpoint closed
2026-09-15T20:28:41.199 WARN kycontroller::kymux_controller::server - Kynet accept failed: connection error: Endpoint closed
2026-09-15T20:28:41.199 WARN kycontroller::kymux_controller::server - Kynet accept failed: connection error: Endpoint closed
2026-09-15T20:28:41.199 WARN kycontroller::kymux_controller::server - Kynet accept failed: connection error: Endpoint closed
2026-09-15T20:28:41.199 WARN kycontroller::kymux_controller::server - Kynet accept failed: connection error: Endpoint closed
2026-09-15T20:28:41.199 WARN kycontroller::kymux_controller::server - Kynet accept failed: connection error: Endpoint closed
2026-09-15T20:28:41.199 WARN kycontroller::kymux_controller::server - Kynet accept failed: connection error: Endpoint closed
2026-09-15T20:28:41.199 WARN kycontroller::kymux_controller::server - Kynet accept failed: connection error: Endpoint closed
2026-09-15T20:28:41.199 WARN kycontroller::kymux_controller::server - Kynet accept failed: connection error: Endpoint closed
2026-09-15T20:28:41.199 WARN kycontroller::kymux_controller::server - Kynet accept failed: connection error: Endpoint closed
2026-09-15T20:28:41.199 WARN kycontroller::kymux_controller::server - Kynet accept failed: connection error: Endpoint closed
2026-09-15T20:28:41.199 WARN kycontroller::kymux_controller::server - Kynet accept failed: connection error: Endpoint closed
2026-09-15T20:28:41.199 WARN kycontroller::kymux_controller::server - Kynet accept failed: connection error: Endpoint closed
2026-09-15T20:28:41.199 WARN kycontroller::kymux_controller::server - Kynet accept failed: connection error: Endpoint closed
2026-09-15T20:28:41.199 WARN kycontroller::kymux_controller::server - Kynet accept failed: connection error: Endpoint closed
2026-09-15T20:28:41.199 WARN kycontroller::kymux_controller::server - Kynet accept failed: connection error: Endpoint closed
2026-09-15T20:28:41.199 WARN kycontroller::kymux_controller::server - Kynet accept failed: connection error: Endpoint closed
2026-09-15T20:28:41.199 WARN kycontroller::kymux_controller::server - Kynet accept failed: connection error: Endpoint closed
2026-09-15T20:28:41.199 WARN kycontroller::kymux_controller::server - Kynet accept failed: connection error: Endpoint closed
2026-09-15T20:28:41.199 WARN kycontroller::kymux_controller::server - Kynet accept failed: connection error: Endpoint closed
2026-09-15T20:28:41.199 WARN kycontroller::kymux_controller::server - Kynet accept failed: connection error: Endpoint closed
2026-09-15T20:28:41.199 WARN kycontroller::kymux_controller::server - Kynet accept failed: connection error: Endpoint closed
2026-09-15T20:28:41.199 WARN kycontroller::kymux_controller::server - Kynet accept failed: connection error: Endpoint closed
2026-09-15T20:28:41.199 WARN kycontroller::kymux_controller::server - Kynet accept failed: connection error: Endpoint closed
2026-09-15T20:28:41.199 WARN kycontroller::kymux_controller::server - Kynet accept failed: connection error: Endpoint closed
2026-09-15T20:28:41.199 WARN kycontroller::kymux_controller::server - Kynet accept failed: connection error: Endpoint closed
2026-09-15T20:28:41.199 WARN kycontroller::kymux_controller::server - Kynet accept failed: connection error: Endpoint closed
2026-09-15T20:28:41.199 WARN kycontroller::kymux_controller::server - Kynet accept failed: connection error: Endpoint closed
2026-09-15T20:28:41.199 WARN kycontroller::kymux_controller::server - Kynet accept failed: connection error: Endpoint closed
2026-09-15T20:28:41.199 WARN kycontroller::kymux_controller::server - Kynet accept failed: connection error: Endpoint closed
2026-09-15T20:28:41.199 WARN kycontroller::kymux_controller::server - Kynet accept failed: connection error: Endpoint closed
2026-09-15T20:28:41.199 WARN kycontroller::kymux_controller::server - Kynet accept failed: connection error: Endpoint closed
2026-09-15T20:28:41.199 WARN kycontroller::kymux_controller::server - Kynet accept failed: connection error: Endpoint closed
2026-09-15T20:28:41.199 WARN kycontroller::kymux_controller::server - Kynet accept failed: connection error: Endpoint closed
2026-09-15T20:28:41.199 WARN kycontroller::kymux_controller::server - Kynet accept failed: connection error: Endpoint closed
2026-09-15T20:28:41.199 WARN kycontroller::kymux_controller::server - Kynet accept failed: connection error: Endpoint closed
2026-09-15T20:28:41.199 WARN kycontroller::kymux_controller::server - Kynet accept failed: connection error: Endpoint closed
2026-09-15T20:28:41.199 WARN kycontroller::kymux_controller::server - Kynet accept failed: connection error: Endpoint closed
2026-09-15T20:28:41.199 WARN kycontroller::kymux_controller::server - Kynet accept failed: connection error: Endpoint closed
2026-09-15T20:28:41.199 WARN kycontroller::kymux_controller::server - Kynet accept failed: connection error: Endpoint closed
2026-09-15T20:28:41.199 WARN kycontroller::kymux_controller::server - Kynet accept failed: connection error: Endpoint closed
2026-09-15T20:28:41.199 WARN kycontroller::kymux_controller::server - Kynet accept failed: connection error: Endpoint closed
2026-09-15T20:28:41.199 WARN kycontroller::kymux_controller::server - Kynet accept failed: connection error: Endpoint closed
2026-09-15T20:28:41.199 WARN kycontroller::kymux_controller::server - Kynet accept failed: connection error: Endpoint closed
2026-09-15T20:28:41.199 WARN kycontroller::kymux_controller::server - Kynet accept failed: connection error: Endpoint closed
2026-09-15T20:28:41.199 WARN kycontroller::kymux_controller::server - Kynet accept failed: connection error: Endpoint closed
2026-09-15T20:28:41.199 WARN kycontroller::kymux_controller::server - Kynet accept failed: connection error: Endpoint closed
2026-09-15T20:28:41.199 WARN kycontroller::kymux_controller::server - Kynet accept failed: connection error: Endpoint closed
2026-09-15T20:28:41.199 WARN kycontroller::kymux_controller::server - Kynet accept failed: connection error: Endpoint closed
2026-09-15T20:28:41.199 WARN kycontroller::kymux_controller::server - Kynet accept failed: connection error: Endpoint closed
2026-09-15T20:28:41.199 WARN kycontroller::kymux_controller::server - Kynet accept failed: connection error: Endpoint closed
2026-09-15T20:28:41.199 WARN kycontroller::kymux_controller::server - Kynet accept failed: connection error: Endpoint closed
2026-09-15T20:28:41.199 WARN kycontroller::kymux_controller::server - Kynet accept failed: connection error: Endpoint closed
2026-09-15T20:28:41.199 WARN kycontroller::kymux_controller::server - Kynet accept failed: connection error: Endpoint closed
2026-09-15T20:28:41.199 WARN kycontroller::kymux_controller::server - Kynet accept failed: connection error: Endpoint closed
2026-09-15T20:28:41.199 WARN kycontroller::kymux_controller::server - Kynet accept failed: connection error: Endpoint closed
2026-09-15T20:28:41.199 WARN kycontroller::kymux_controller::server - Kynet accept failed: connection error: Endpoint closed
2026-09-15T20:28:41.199 WARN kycontroller::kymux_controller::server - Kynet accept failed: connection error: Endpoint closed
2026-09-15T20:28:41.199 WARN kycontroller::kymux_controller::server - Kynet accept failed: connection error: Endpoint closed
2026-09-15T20:28:41.199 WARN kycontroller::kymux_controller::server - Kynet accept failed: connection error: Endpoint closed
2026-09-15T20:28:41.199 WARN kycontroller::kymux_controller::server - Kynet accept failed: connection error: Endpoint closed
2026-09-15T20:28:41.199 WARN kycontroller::kymux_controller::server - Kynet accept failed: connection error: Endpoint closed
2026-09-15T20:28:41.199 WARN kycontroller::kymux_controller::server - Kynet accept failed: connection error: Endpoint closed
2026-09-15T20:28:41.199 WARN kycontroller::kymux_controller::server - Kynet accept failed: connection error: Endpoint closed
2026-09-15T20:28:41.199 WARN kycontroller::kymux_controller::server - Kynet accept failed: connection error: Endpoint closed
2026-09-15T20:28:41.199 WARN kycontroller::kymux_controller::server - Kynet accept failed: connection error: Endpoint closed
2026-09-15T20:28:41.199 WARN kycontroller::kymux_controller::server - Kynet accept failed: connection error: Endpoint closed
2026-09-15T20:28:41.199 WARN kycontroller::kymux_controller::server - Kynet accept failed: connection error: Endpoint closed
2026-09-15T20:28:41.199 WARN kycontroller::kymux_controller::server - Kynet accept failed: connection error: Endpoint closed
2026-09-15T20:28:41.199 WARN kycontroller::kymux_controller::server - Kynet accept failed: connection error: Endpoint closed
2026-09-15T20:28:41.199 WARN kycontroller::kymux_controller::server - Kynet accept failed: connection error: Endpoint closed
2026-09-15T20:28:41.199 WARN kycontroller::kymux_controller::server - Kynet accept failed: connection error: Endpoint closed
2026-09-15T20:28:41.199 WARN kycontroller::kymux_controller::server - Kynet accept failed: connection error: Endpoint closed
2026-09-15T20:28:41.199 WARN kycontroller::kymux_controller::server - Kynet accept failed: connection error: Endpoint closed
2026-09-15T20:28:41.199 WARN kycontroller::kymux_controller::server - Kynet accept failed: connection error: Endpoint closed
2026-09-15T20:28:41.199 WARN kycontroller::kymux_controller::server - Kynet accept failed: connection error: Endpoint closed
2026-09-15T20:28:41.199 WARN kycontroller::kymux_controller::server - Kynet accept failed: connection error: Endpoint closed
2026-09-15T20:28:41.199 WARN kycontroller::kymux_controller::server - Kynet accept failed: connection error: Endpoint closed
2026-09-15T20:28:41.199 WARN kycontroller::kymux_controller::server - Kynet accept failed: connection error: Endpoint closed
2026-09-15T20:28:41.199 WARN kycontroller::kymux_controller::server - Kynet accept failed: connection error: Endpoint closed
2026-09-15T20:28:41.199 WARN kycontroller::kymux_controller::server - Kynet accept failed: connection error: Endpoint closed
2026-09-15T20:28:41.199 WARN kycontroller::kymux_controller::server - Kynet accept failed: connection error: Endpoint closed
2026-09-15T20:28:41.199 WARN kycontroller::kymux_controller::server - Kynet accept failed: connection error: Endpoint closed
2026-09-15T20:28:41.199 WARN kycontroller::kymux_controller::server - Kynet accept failed: connection error: Endpoint closed
2026-09-15T20:28:41.199 WARN kycontroller::kymux_controller::server - Kynet accept failed: connection error: Endpoint closed
2026-09-15T20:28:41.199 WARN kycontroller::kymux_controller::server - Kynet accept failed: connection error: Endpoint closed
2026-09-15T20:28:41.199 WARN kycontroller::kymux_controller::server - Kynet accept failed: connection error: Endpoint closed
2026-09-15T20:28:41.199 WARN kycontroller::kymux_controller::server - Kynet accept failed: connection error: Endpoint closed
2026-09-15T20:28:41.200 WARN kycontroller::kymux_controller::server - Kynet accept failed: connection error: Endpoint closed
2026-09-15T20:28:41.200 WARN kycontroller::kymux_controller::server - Kynet accept failed: connection error: Endpoint closed
2026-09-15T20:28:41.200 WARN kycontroller::kymux_controller::server - Kynet accept failed: connection error: Endpoint closed
2026-09-15T20:28:41.200 WARN kycontroller::kymux_controller::server - Kynet accept failed: connection error: Endpoint closed
2026-09-15T20:28:41.200 WARN kycontroller::kymux_controller::server - Kynet accept failed: connection error: Endpoint closed
2026-09-15T20:28:41.200 WARN kycontroller::kymux_controller::server - Kynet accept failed: connection error: Endpoint closed
2026-09-15T20:28:41.200 WARN kycontroller::kymux_controller::server - Kynet accept failed: connection error: Endpoint closed
2026-09-15T20:28:41.200 WARN kycontroller::kymux_controller::server - Kynet accept failed: connection error: Endpoint closed
2026-09-15T20:28:41.200 WARN kycontroller::kymux_controller::server - Kynet accept failed: connection error: Endpoint closed
2026-09-15T20:28:41.200 WARN kycontroller::kymux_controller::server - Kynet accept failed: connection error: Endpoint closed
2026-09-15T20:28:41.200 WARN kycontroller::kymux_controller::server - Kynet accept failed: connection error: Endpoint closed
2026-09-15T20:28:41.200 WARN kycontroller::kymux_controller::server - Kynet accept failed: connection error: Endpoint closed
2026-09-15T20:28:41.200 WARN kycontroller::kymux_controller::server - Kynet accept failed: connection error: Endpoint closed
2026-09-15T20:28:41.200 WARN kycontroller::kymux_controller::server - Kynet accept failed: connection error: Endpoint closed
2026-09-15T20:28:41.200 WARN kycontroller::kymux_controller::server - Kynet accept failed: connection error: Endpoint closed
2026-09-15T20:28:41.200 WARN kycontroller::kymux_controller::server - Kynet accept failed: connection error: Endpoint closed
2026-09-15T20:28:41.200 WARN kycontroller::kymux_controller::server - Kynet accept failed: connection error: Endpoint closed
2026-09-15T20:28:41.200 WARN kycontroller::kymux_controller::server - Kynet accept failed: connection error: Endpoint closed
2026-09-15T20:28:41.200 WARN kycontroller::kymux_controller::server - Kynet accept failed: connection error: Endpoint closed
2026-09-15T20:28:41.200 WARN kycontroller::kymux_controller::server - Kynet accept failed: connection error: Endpoint closed
2026-09-15T20:28:41.200 WARN kycontroller::kymux_controller::server - Kynet accept failed: connection error: Endpoint closed
2026-09-15T20:28:41.200 WARN kycontroller::kymux_controller::server - Kynet accept failed: connection error: Endpoint closed
2026-09-15T20:28:41.200 WARN kycontroller::kymux_controller::server - Kynet accept failed: connection error: Endpoint closed
2026-09-15T20:28:41.200 WARN kycontroller::kymux_controller::server - Kynet accept failed: connection error: Endpoint closed
2026-09-15T20:28:41.200 WARN kycontroller::kymux_controller::server - Kynet accept failed: connection error: Endpoint closed
2026-09-15T20:28:41.200 WARN kycontroller::kymux_controller::server - Kynet accept failed: connection error: Endpoint closed
2026-09-15T20:28:41.200 WARN kycontroller::kymux_controller::server - Kynet accept failed: connection error: Endpoint closed
2026-09-15T20:28:41.200 WARN kycontroller::kymux_controller::server - Kynet accept failed: connection error: Endpoint closed
2026-09-15T20:28:41.200 WARN kycontroller::kymux_controller::server - Kynet accept failed: connection error: Endpoint closed
2026-09-15T20:28:41.200 WARN kycontroller::kymux_controller::server - Kynet accept failed: connection error: Endpoint closed
2026-09-15T20:28:41.200 WARN kycontroller::kymux_controller::server - Kynet accept failed: connection error: Endpoint closed
2026-09-15T20:28:41.200 WARN kycontroller::kymux_controller::server - Kynet accept failed: connection error: Endpoint closed
2026-09-15T20:28:41.200 WARN kycontroller::kymux_controller::server - Kynet accept failed: connection error: Endpoint closed
2026-09-15T20:28:41.200 WARN kycontroller::kymux_controller::server - Kynet accept failed: connection error: Endpoint closed
2026-09-15T20:28:41.200 WARN kycontroller::kymux_controller::server - Kynet accept failed: connection error: Endpoint closed
2026-09-15T20:28:41.200 WARN kycontroller::kymux_controller::server - Kynet accept failed: connection error: Endpoint closed
2026-09-15T20:28:41.200 WARN kycontroller::kymux_controller::server - Kynet accept failed: connection error: Endpoint closed
2026-09-15T20:28:41.200 WARN kycontroller::kymux_controller::server - Kynet accept failed: connection error: Endpoint closed
2026-09-15T20:28:41.200 WARN kycontroller::kymux_controller::server - Kynet accept failed: connection error: Endpoint closed
2026-09-15T20:28:41.200 WARN kycontroller::kymux_controller::server - Kynet accept failed: connection error: Endpoint closed
2026-09-15T20:28:41.200 WARN kycontroller::kymux_controller::server - Kynet accept failed: connection error: Endpoint closed
2026-09-15T20:28:41.200 WARN kycontroller::kymux_controller::server - Kynet accept failed: connection error: Endpoint closed
2026-09-15T20:28:41.200 WARN kycontroller::kymux_controller::server - Kynet accept failed: connection error: Endpoint closed
2026-09-15T20:28:41.200 WARN kycontroller::kymux_controller::server - Kynet accept failed: connection error: Endpoint closed
2026-09-15T20:28:41.200 WARN kycontroller::kymux_controller::server - Kynet accept failed: connection error: Endpoint closed
2026-09-15T20:28:41.200 WARN kycontroller::kymux_controller::server - Kynet accept failed: connection error: Endpoint closed
2026-09-15T20:28:41.200 WARN kycontroller::kymux_controller::server - Kynet accept failed: connection error: Endpoint closed
2026-09-15T20:28:41.200 WARN kycontroller::kymux_controller::server - Kynet accept failed: connection error: Endpoint closed
2026-09-15T20:28:41.200 WARN kycontroller::kymux_controller::server - Kynet accept failed: connection error: Endpoint closed
2026-09-15T20:28:41.200 WARN kycontroller::kymux_controller::server - Kynet accept failed: connection error: Endpoint closed
2026-09-15T20:28:41.200 WARN kycontroller::kymux_controller::server - Kynet accept failed: connection error: Endpoint closed
2026-09-15T20:28:41.200 WARN kycontroller::kymux_controller::server - Kynet accept failed: connection error: Endpoint closed
2026-09-15T20:28:41.200 WARN kycontroller::kymux_controller::server - Kynet accept failed: connection error: Endpoint closed
2026-09-15T20:28:41.200 WARN kycontroller::kymux_controller::server - Kynet accept failed: connection error: Endpoint closed
2026-09-15T20:28:41.200 WARN kycontroller::kymux_controller::server - Kynet accept failed: connection error: Endpoint closed
2026-09-15T20:28:41.200 WARN kycontroller::kymux_controller::server - Kynet accept failed: connection error: Endpoint closed
2026-09-15T20:28:41.200 WARN kycontroller::kymux_controller::server - Kynet accept failed: connection error: Endpoint closed
2026-09-15T20:28:41.200 WARN kycontroller::kymux_controller::server - Kynet accept failed: connection error: Endpoint closed
2026-09-15T20:28:41.200 WARN kycontroller::kymux_controller::server - Kynet accept failed: connection error: Endpoint closed
2026-09-15T20:28:41.200 WARN kycontroller::kymux_controller::server - Kynet accept failed: connection error: Endpoint closed
2026-09-15T20:28:41.200 WARN kycontroller::kymux_controller::server - Kynet accept failed: connection error: Endpoint closed
2026-09-15T20:28:41.200 WARN kycontroller::kymux_controller::server - Kynet accept failed: connection error: Endpoint closed
2026-09-15T20:28:41.200 WARN kycontroller::kymux_controller::server - Kynet accept failed: connection error: Endpoint closed
2026-09-15T20:28:41.200 WARN kycontroller::kymux_controller::server - Kynet accept failed: connection error: Endpoint closed
2026-09-15T20:28:41.200 WARN kycontroller::kymux_controller::server - Kynet accept failed: connection error: Endpoint closed
2026-09-15T20:28:41.200 WARN kycontroller::kymux_controller::server - Kynet accept failed: connection error: Endpoint closed
2026-09-15T20:28:41.200 WARN kycontroller::kymux_controller::server - Kynet accept failed: connection error: Endpoint closed
2026-09-15T20:28:41.200 WARN kycontroller::kymux_controller::server - Kynet accept failed: connection error: Endpoint closed
2026-09-15T20:28:41.200 WARN kycontroller::kymux_controller::server - Kynet accept failed: connection error: Endpoint closed
2026-09-15T20:28:41.200 WARN kycontroller::kymux_controller::server - Kynet accept failed: connection error: Endpoint closed
2026-09-15T20:28:41.200 WARN kycontroller::kymux_controller::server - Kynet accept failed: connection error: Endpoint closed
2026-09-15T20:28:41.200 WARN kycontroller::kymux_controller::server - Kynet accept failed: connection error: Endpoint closed
2026-09-15T20:28:41.200 WARN kycontroller::kymux_controller::server - Kynet accept failed: connection error: Endpoint closed
2026-09-15T20:28:41.200 WARN kycontroller::kymux_controller::server - Kynet accept failed: connection error: Endpoint closed
2026-09-15T20:28:41.200 WARN kycontroller::kymux_controller::server - Kynet accept failed: connection error: Endpoint closed
2026-09-15T20:28:41.200 WARN kycontroller::kymux_controller::server - Kynet accept failed: connection error: Endpoint closed
2026-09-15T20:28:41.200 WARN kycontroller::kymux_controller::server - Kynet accept failed: connection error: Endpoint closed
2026-09-15T20:28:41.200 WARN kycontroller::kymux_controller::server - Kynet accept failed: connection error: Endpoint closed
2026-09-15T20:28:41.200 WARN kycontroller::kymux_controller::server - Kynet accept failed: connection error: Endpoint closed
2026-09-15T20:28:41.200 WARN kycontroller::kymux_controller::server - Kynet accept failed: connection error: Endpoint closed
2026-09-15T20:28:41.200 WARN kycontroller::kymux_controller::server - Kynet accept failed: connection error: Endpoint closed
2026-09-15T20:28:41.200 WARN kycontroller::kymux_controller::server - Kynet accept failed: connection error: Endpoint closed
2026-09-15T20:28:41.200 WARN kycontroller::kymux_controller::server - Kynet accept failed: connection error: Endpoint closed
2026-09-15T20:28:41.200 WARN kycontroller::kymux_controller::server - Kynet accept failed: connection error: Endpoint closed
2026-09-15T20:28:41.200 WARN kycontroller::kymux_controller::server - Kynet accept failed: connection error: Endpoint closed
2026-09-15T20:28:41.200 WARN kycontroller::kymux_controller::server - Kynet accept failed: connection error: Endpoint closed
2026-09-15T20:28:41.200 WARN kycontroller::kymux_controller::server - Kynet accept failed: connection error: Endpoint closed
2026-09-15T20:28:41.200 WARN kycontroller::kymux_controller::server - Kynet accept failed: connection error: Endpoint closed
2026-09-15T20:28:41.200 WARN kycontroller::kymux_controller::server - Kynet accept failed: connection error: Endpoint closed
2026-09-15T20:28:41.200 WARN kycontroller::kymux_controller::server - Kynet accept failed: connection error: Endpoint closed
2026-09-15T20:28:41.200 WARN kycontroller::kymux_controller::server - Kynet accept failed: connection error: Endpoint closed
2026-09-15T20:28:41.200 WARN kycontroller::kymux_controller::server - Kynet accept failed: connection error: Endpoint closed
2026-09-15T20:28:41.200 WARN kycontroller::kymux_controller::server - Kynet accept failed: connection error: Endpoint closed
2026-09-15T20:28:41.200 WARN kycontroller::kymux_controller::server - Kynet accept failed: connection error: Endpoint closed
2026-09-15T20:28:41.201 WARN kycontroller::kymux_controller::server - Kynet accept failed: connection error: Endpoint closed
2026-09-15T20:28:41.201 WARN kycontroller::kymux_controller::server - Kynet accept failed: connection error: Endpoint closed
2026-09-15T20:28:41.201 WARN kycontroller::kymux_controller::server - Kynet accept failed: connection error: Endpoint closed
2026-09-15T20:28:41.201 WARN kycontroller::kymux_controller::server - Kynet accept failed: connection error: Endpoint closed
2026-09-15T20:28:41.201 WARN kycontroller::kymux_controller::server - Kynet accept failed: connection error: Endpoint closed
2026-09-15T20:28:41.201 WARN kycontroller::kymux_controller::server - Kynet accept failed: connection error: Endpoint closed
2026-09-15T20:28:41.201 WARN kycontroller::kymux_controller::server - Kynet accept failed: connection error: Endpoint closed
2026-09-15T20:28:41.201 WARN kycontroller::kymux_controller::server - Kynet accept failed: connection error: Endpoint closed
2026-09-15T20:28:41.201 WARN kycontroller::kymux_controller::server - Kynet accept failed: connection error: Endpoint closed
2026-09-15T20:28:41.201 WARN kycontroller::kymux_controller::server - Kynet accept failed: connection error: Endpoint closed
2026-09-15T20:28:41.201 WARN kycontroller::kymux_controller::server - Kynet accept failed: connection error: Endpoint closed
2026-09-15T20:28:41.201 WARN kycontroller::kymux_controller::server - Kynet accept failed: connection error: Endpoint closed
2026-09-15T20:28:41.201 WARN kycontroller::kymux_controller::server - Kynet accept failed: connection error: Endpoint closed
2026-09-15T20:28:41.201 WARN kycontroller::kymux_controller::server - Kynet accept failed: connection error: Endpoint closed
2026-09-15T20:28:41.201 WARN kycontroller::kymux_controller::server - Kynet accept failed: connection error: Endpoint closed
2026-09-15T20:28:41.201 WARN kycontroller::kymux_controller::server - Kynet accept failed: connection error: Endpoint closed
2026-09-15T20:28:41.201 WARN kycontroller::kymux_controller::server - Kynet accept failed: connection error: Endpoint closed
2026-09-15T20:28:41.201 WARN kycontroller::kymux_controller::server - Kynet accept failed: connection error: Endpoint closed
2026-09-15T20:28:41.201 WARN kycontroller::kymux_controller::server - Kynet accept failed: connection error: Endpoint closed
2026-09-15T20:28:41.201 WARN kycontroller::kymux_controller::server - Kynet accept failed: connection error: Endpoint closed
2026-09-15T20:28:41.201 WARN kycontroller::kymux_controller::server - Kynet accept failed: connection error: Endpoint closed
2026-09-15T20:28:41.201 WARN kycontroller::kymux_controller::server - Kynet accept failed: connection error: Endpoint closed
2026-09-15T20:28:41.201 WARN kycontroller::kymux_controller::server - Kynet accept failed: connection error: Endpoint closed
2026-09-15T20:28:41.201 WARN kycontroller::kymux_controller::server - Kynet accept failed: connection error: Endpoint closed
2026-09-15T20:28:41.201 WARN kycontroller::kymux_controller::server - Kynet accept failed: connection error: Endpoint closed
2026-09-15T20:28:41.201 WARN kycontroller::kymux_controller::server - Kynet accept failed: connection error: Endpoint closed
2026-09-15T20:28:41.201 WARN kycontroller::kymux_controller::server - Kynet accept failed: connection error: Endpoint closed
2026-09-15T20:28:41.201 WARN kycontroller::kymux_controller::server - Kynet accept failed: connection error: Endpoint closed
2026-09-15T20:28:41.201 WARN kycontroller::kymux_controller::server - Kynet accept failed: connection error: Endpoint closed
2026-09-15T20:28:41.201 WARN kycontroller::kymux_controller::server - Kynet accept failed: connection error: Endpoint closed
2026-09-15T20:28:41.201 WARN kycontroller::kymux_controller::server - Kynet accept failed: connection error: Endpoint closed
2026-09-15T20:28:41.201 WARN kycontroller::kymux_controller::server - Kynet accept failed: connection error: Endpoint closed
2026-09-15T20:28:41.201 WARN kycontroller::kymux_controller::server - Kynet accept failed: connection error: Endpoint closed
2026-09-15T20:28:41.201 WARN kycontroller::kymux_controller::server - Kynet accept failed: connection error: Endpoint closed
2026-09-15T20:28:41.201 WARN kycontroller::kymux_controller::server - Kynet accept failed: connection error: Endpoint closed
2026-09-15T20:28:41.201 WARN kycontroller::kymux_controller::server - Kynet accept failed: connection error: Endpoint closed
2026-09-15T20:28:41.201 WARN kycontroller::kymux_controller::server - Kynet accept failed: connection error: Endpoint closed
2026-09-15T20:28:41.201 WARN kycontroller::kymux_controller::server - Kynet accept failed: connection error: Endpoint closed
2026-09-15T20:28:41.201 WARN kycontroller::kymux_controller::server - Kynet accept failed: connection error: Endpoint closed
2026-09-15T20:28:41.201 WARN libkypc::commander - Commander Rx task ended with error: IpcIOError { source: Kind(UnexpectedEof) }
2026-09-15T20:28:41.201 INFO kycom::server - VideoServerProtocol forwarder ended with result ProtocolError("Une connexion existante a dû être fermée par l’hôte distant. (os error 10054)")
2026-09-15T20:28:41.201 WARN kycontroller::kymux_controller::server - Kynet accept failed: connection error: Endpoint closed
2026-09-15T20:28:41.201 WARN kycontroller::kymux_controller::server - Kynet accept failed: connection error: Endpoint closed
2026-09-15T20:28:41.201 WARN kycontroller::kymux_controller::server - Kynet accept failed: connection error: Endpoint closed
2026-09-15T20:28:41.201 WARN kycontroller::kymux_controller::server - Kynet accept failed: connection error: Endpoint closed
2026-09-15T20:28:41.201 WARN kycontroller::kymux_controller::server - Kynet accept failed: connection error: Endpoint closed
2026-09-15T20:28:41.201 WARN kycontroller::kymux_controller::server - Kynet accept failed: connection error: Endpoint closed
2026-09-15T20:28:41.201 WARN kycontroller::kymux_controller::server - Kynet accept failed: connection error: Endpoint closed
2026-09-15T20:28:41.201 WARN kycontroller::kymux_controller::server - Kynet accept failed: connection error: Endpoint closed
2026-09-15T20:28:41.201 WARN kycontroller::kymux_controller::server - Kynet accept failed: connection error: Endpoint closed
2026-09-15T20:28:41.201 WARN kycontroller::kymux_controller::server - Kynet accept failed: connection error: Endpoint closed
2026-09-15T20:28:41.201 WARN kycontroller::kymux_controller::server - Kynet accept failed: connection error: Endpoint closed
2026-09-15T20:28:41.201 WARN kycontroller::kymux_controller::server - Kynet accept failed: connection error: Endpoint closed
2026-09-15T20:28:41.201 WARN kycontroller::kymux_controller::server - Kynet accept failed: connection error: Endpoint closed
2026-09-15T20:28:41.201 WARN kycontroller::kymux_controller::server - Kynet accept failed: connection error: Endpoint closed
2026-09-15T20:28:41.201 WARN kycontroller::kymux_controller::server - Kynet accept failed: connection error: Endpoint closed
2026-09-15T20:28:41.201 WARN kycontroller::kymux_controller::server - Kynet accept failed: connection error: Endpoint closed
2026-09-15T20:28:41.201 WARN kycontroller::kymux_controller::server - Kynet accept failed: connection error: Endpoint closed
2026-09-15T20:28:41.202 WARN kycontroller::kymux_controller::server - Kynet accept failed: connection error: Endpoint closed
2026-09-15T20:28:41.202 WARN kycontroller::kymux_controller::server - Kynet accept failed: connection error: Endpoint closed
2026-09-15T20:28:41.202 WARN kycontroller::kymux_controller::server - Kynet accept failed: connection error: Endpoint closed
2026-09-15T20:28:41.202 WARN kycontroller::kymux_controller::server - Kynet accept failed: connection error: Endpoint closed
2026-09-15T20:28:41.202 WARN kycontroller::kymux_controller::server - Kynet accept failed: connection error: Endpoint closed
2026-09-15T20:28:41.202 WARN kycontroller::kymux_controller::server - Kynet accept failed: connection error: Endpoint closed
2026-09-15T20:28:41.202 WARN kycontroller::kymux_controller::server - Kynet accept failed: connection error: Endpoint closed
2026-09-15T20:28:41.202 WARN kycontroller::kymux_controller::server - Kynet accept failed: connection error: Endpoint closed
2026-09-15T20:28:41.202 WARN kycontroller::kymux_controller::server - Kynet accept failed: connection error: Endpoint closed
2026-09-15T20:28:41.202 WARN kycontroller::kymux_controller::server - Kynet accept failed: connection error: Endpoint closed
2026-09-15T20:28:41.202 WARN kycontroller::kymux_controller::server - Kynet accept failed: connection error: Endpoint closed
2026-09-15T20:28:41.202 WARN kycontroller::kymux_controller::server - Kynet accept failed: connection error: Endpoint closed
2026-09-15T20:28:41.202 WARN kycontroller::kymux_controller::server - Kynet accept failed: connection error: Endpoint closed
2026-09-15T20:28:41.202 WARN kycontroller::kymux_controller::server - Kynet accept failed: connection error: Endpoint closed
2026-09-15T20:28:41.202 WARN kycontroller::kymux_controller::server - Kynet accept failed: connection error: Endpoint closed
2026-09-15T20:28:41.202 WARN kycontroller::kymux_controller::server - Kynet accept failed: connection error: Endpoint closed
2026-09-15T20:28:41.202 WARN kycontroller::kymux_controller::server - Kynet accept failed: connection error: Endpoint closed
2026-09-15T20:28:41.202 WARN kycontroller::kymux_controller::server - Kynet accept failed: connection error: Endpoint closed
2026-09-15T20:28:41.202 WARN kycontroller::kymux_controller::server - Kynet accept failed: connection error: Endpoint closed
2026-09-15T20:28:41.202 WARN kycontroller::kymux_controller::server - Kynet accept failed: connection error: Endpoint closed
2026-09-15T20:28:41.202 WARN kycontroller::kymux_controller::server - Kynet accept failed: connection error: Endpoint closed
2026-09-15T20:28:41.202 WARN kycontroller::kymux_controller::server - Kynet accept failed: connection error: Endpoint closed
2026-09-15T20:28:41.202 WARN kycontroller::kymux_controller::server - Kynet accept failed: connection error: Endpoint closed
2026-09-15T20:28:41.202 WARN kycontroller::kymux_controller::server - Kynet accept failed: connection error: Endpoint closed
2026-09-15T20:28:41.202 WARN kycontroller::kymux_controller::server - Kynet accept failed: connection error: Endpoint closed
2026-09-15T20:28:41.202 WARN kycontroller::kymux_controller::server - Kynet accept failed: connection error: Endpoint closed
2026-09-15T20:28:41.202 WARN kycontroller::kymux_controller::server - Kynet accept failed: connection error: Endpoint closed
2026-09-15T20:28:41.202 WARN kycontroller::kymux_controller::server - Kynet accept failed: connection error: Endpoint closed
2026-09-15T20:28:41.202 WARN kycontroller::kymux_controller::server - Kynet accept failed: connection error: Endpoint closed
2026-09-15T20:28:41.202 WARN kycontroller::kymux_controller::server - Kynet accept failed: connection error: Endpoint closed
2026-09-15T20:28:41.202 WARN kycontroller::kymux_controller::server - Kynet accept failed: connection error: Endpoint closed
2026-09-15T20:28:41.202 WARN kycontroller::kymux_controller::server - Kynet accept failed: connection error: Endpoint closed
2026-09-15T20:28:41.202 WARN kycontroller::kymux_controller::server - Kynet accept failed: connection error: Endpoint closed
2026-09-15T20:28:41.202 WARN kycontroller::kymux_controller::server - Kynet accept failed: connection error: Endpoint closed
2026-09-15T20:28:41.202 WARN kycontroller::kymux_controller::server - Kynet accept failed: connection error: Endpoint closed
2026-09-15T20:28:41.202 WARN kycontroller::kymux_controller::server - Kynet accept failed: connection error: Endpoint closed
2026-09-15T20:28:41.202 WARN kycontroller::kymux_controller::server - Kynet accept failed: connection error: Endpoint closed
2026-09-15T20:28:41.202 WARN kycontroller::kymux_controller::server - Kynet accept failed: connection error: Endpoint closed
2026-09-15T20:28:41.202 WARN kycontroller::kymux_controller::server - Kynet accept failed: connection error: Endpoint closed
2026-09-15T20:28:41.202 WARN kycontroller::kymux_controller::server - Kynet accept failed: connection error: Endpoint closed
2026-09-15T20:28:41.202 WARN kycontroller::kymux_controller::server - Kynet accept failed: connection error: Endpoint closed
2026-09-15T20:28:41.202 WARN kycontroller::kymux_controller::server - Kynet accept failed: connection error: Endpoint closed
2026-09-15T20:28:41.202 WARN kycontroller::kymux_controller::server - Kynet accept failed: connection error: Endpoint closed
2026-09-15T20:28:41.202 WARN kycontroller::kymux_controller::server - Kynet accept failed: connection error: Endpoint closed
2026-09-15T20:28:41.202 WARN kycontroller::kymux_controller::server - Kynet accept failed: connection error: Endpoint closed
2026-09-15T20:28:41.202 WARN kycontroller::kymux_controller::server - Kynet accept failed: connection error: Endpoint closed
2026-09-15T20:28:41.202 WARN kycontroller::kymux_controller::server - Kynet accept failed: connection error: Endpoint closed
2026-09-15T20:28:41.202 WARN kycontroller::kymux_controller::server - Kynet accept failed: connection error: Endpoint closed
2026-09-15T20:28:41.202 WARN kycontroller::kymux_controller::server - Kynet accept failed: connection error: Endpoint closed
2026-09-15T20:28:41.202 WARN kycontroller::kymux_controller::server - Kynet accept failed: connection error: Endpoint closed
2026-09-15T20:28:41.202 WARN kycontroller::kymux_controller::server - Kynet accept failed: connection error: Endpoint closed
2026-09-15T20:28:41.202 WARN kycontroller::kymux_controller::server - Kynet accept failed: connection error: Endpoint closed
2026-09-15T20:28:41.202 WARN kycontroller::kymux_controller::server - Kynet accept failed: connection error: Endpoint closed
2026-09-15T20:28:41.202 WARN kycontroller::kymux_controller::server - Kynet accept failed: connection error: Endpoint closed
2026-09-15T20:28:41.202 WARN kycontroller::kymux_controller::server - Kynet accept failed: connection error: Endpoint closed
2026-09-15T20:28:41.202 WARN kycontroller::kymux_controller::server - Kynet accept failed: connection error: Endpoint closed
2026-09-15T20:28:41.202 WARN kycontroller::kymux_controller::server - Kynet accept failed: connection error: Endpoint closed
2026-09-15T20:28:41.202 WARN kycontroller::kymux_controller::server - Kynet accept failed: connection error: Endpoint closed
2026-09-15T20:28:41.202 WARN kycontroller::kymux_controller::server - Kynet accept failed: connection error: Endpoint closed
2026-09-15T20:28:41.202 WARN kycontroller::kymux_controller::server - Kynet accept failed: connection error: Endpoint closed
2026-09-15T20:28:41.202 WARN kycontroller::kymux_controller::server - Kynet accept failed: connection error: Endpoint closed
2026-09-15T20:28:41.202 WARN kycontroller::kymux_controller::server - Kynet accept failed: connection error: Endpoint closed
2026-09-15T20:28:41.202 WARN kycontroller::kymux_controller::server - Kynet accept failed: connection error: Endpoint closed
2026-09-15T20:28:41.202 WARN kycontroller::kymux_controller::server - Kynet accept failed: connection error: Endpoint closed
2026-09-15T20:28:41.202 WARN kycontroller::kymux_controller::server - Kynet accept failed: connection error: Endpoint closed
2026-09-15T20:28:41.202 WARN kycontroller::kymux_controller::server - Kynet accept failed: connection error: Endpoint closed
2026-09-15T20:28:41.202 WARN kycontroller::kymux_controller::server - Kynet accept failed: connection error: Endpoint closed
2026-09-15T20:28:41.202 WARN kycontroller::kymux_controller::server - Kynet accept failed: connection error: Endpoint closed
2026-09-15T20:28:41.202 WARN kycontroller::kymux_controller::server - Kynet accept failed: connection error: Endpoint closed
2026-09-15T20:28:41.202 WARN kycontroller::kymux_controller::server - Kynet accept failed: connection error: Endpoint closed
2026-09-15T20:28:41.202 WARN kycontroller::kymux_controller::server - Kynet accept failed: connection error: Endpoint closed
2026-09-15T20:28:41.202 WARN kycontroller::kymux_controller::server - Kynet accept failed: connection error: Endpoint closed
2026-09-15T20:28:41.202 WARN kycontroller::kymux_controller::server - Kynet accept failed: connection error: Endpoint closed
2026-09-15T20:28:41.202 WARN kycontroller::kymux_controller::server - Kynet accept failed: connection error: Endpoint closed
2026-09-15T20:28:41.202 WARN kycontroller::kymux_controller::server - Kynet accept failed: connection error: Endpoint closed
2026-09-15T20:28:41.202 WARN kycontroller::kymux_controller::server - Kynet accept failed: connection error: Endpoint closed
2026-09-15T20:28:41.202 WARN kycontroller::kymux_controller::server - Kynet accept failed: connection error: Endpoint closed
2026-09-15T20:28:41.202 WARN kycontroller::kymux_controller::server - Kynet accept failed: connection error: Endpoint closed
2026-09-15T20:28:41.202 WARN kycontroller::kymux_controller::server - Kynet accept failed: connection error: Endpoint closed
2026-09-15T20:28:41.202 WARN kycontroller::kymux_controller::server - Kynet accept failed: connection error: Endpoint closed
2026-09-15T20:28:41.202 WARN kycontroller::kymux_controller::server - Kynet accept failed: connection error: Endpoint closed
2026-09-15T20:28:41.202 WARN kycontroller::kymux_controller::server - Kynet accept failed: connection error: Endpoint closed
2026-09-15T20:28:41.202 WARN kycontroller::kymux_controller::server - Kynet accept failed: connection error: Endpoint closed
2026-09-15T20:28:41.202 WARN kycontroller::kymux_controller::server - Kynet accept failed: connection error: Endpoint closed
2026-09-15T20:28:41.202 WARN kycontroller::kymux_controller::server - Kynet accept failed: connection error: Endpoint closed
2026-09-15T20:28:41.202 WARN kycontroller::kymux_controller::server - Kynet accept failed: connection error: Endpoint closed
2026-09-15T20:28:41.202 WARN kycontroller::kymux_controller::server - Kynet accept failed: connection error: Endpoint closed
2026-09-15T20:28:41.202 WARN kycontroller::kymux_controller::server - Kynet accept failed: connection error: Endpoint closed
2026-09-15T20:28:41.202 WARN kycontroller::kymux_controller::server - Kynet accept failed: connection error: Endpoint closed
2026-09-15T20:28:41.202 WARN kycontroller::kymux_controller::server - Kynet accept failed: connection error: Endpoint closed
2026-09-15T20:28:41.202 WARN kycontroller::kymux_controller::server - Kynet accept failed: connection error: Endpoint closed
2026-09-15T20:28:41.202 WARN kycontroller::kymux_controller::server - Kynet accept failed: connection error: Endpoint closed
2026-09-15T20:28:41.202 WARN kycontroller::kymux_controller::server - Kynet accept failed: connection error: Endpoint closed
2026-09-15T20:28:41.202 WARN kycontroller::kymux_controller::server - Kynet accept failed: connection error: Endpoint closed
2026-09-15T20:28:41.202 WARN kycontroller::kymux_controller::server - Kynet accept failed: connection error: Endpoint closed
2026-09-15T20:28:41.202 WARN kycontroller::kymux_controller::server - Kynet accept failed: connection error: Endpoint closed
2026-09-15T20:28:41.202 WARN kycontroller::kymux_controller::server - Kynet accept failed: connection error: Endpoint closed
2026-09-15T20:28:41.202 WARN kycontroller::kymux_controller::server - Kynet accept failed: connection error: Endpoint closed
2026-09-15T20:28:41.202 WARN kycontroller::kymux_controller::server - Kynet accept failed: connection error: Endpoint closed
2026-09-15T20:28:41.203 WARN kycontroller::kymux_controller::server - Kynet accept failed: connection error: Endpoint closed
2026-09-15T20:28:41.203 WARN kycontroller::kymux_controller::server - Kynet accept failed: connection error: Endpoint closed
2026-09-15T20:28:41.203 WARN kycontroller::kymux_controller::server - Kynet accept failed: connection error: Endpoint closed
2026-09-15T20:28:41.203 WARN kycontroller::kymux_controller::server - Kynet accept failed: connection error: Endpoint closed
2026-09-15T20:28:41.203 WARN kycontroller::kymux_controller::server - Kynet accept failed: connection error: Endpoint closed
2026-09-15T20:28:41.203 WARN kycontroller::kymux_controller::server - Kynet accept failed: connection error: Endpoint closed
2026-09-15T20:28:41.203 WARN kycontroller::kymux_controller::server - Kynet accept failed: connection error: Endpoint closed
2026-09-15T20:28:41.203 WARN kycontroller::kymux_controller::server - Kynet accept failed: connection error: Endpoint closed
2026-09-15T20:28:41.203 WARN kycontroller::kymux_controller::server - Kynet accept failed: connection error: Endpoint closed
2026-09-15T20:28:41.203 WARN kycontroller::kymux_controller::server - Kynet accept failed: connection error: Endpoint closed
2026-09-15T20:28:41.203 WARN kycontroller::kymux_controller::server - Kynet accept failed: connection error: Endpoint closed
2026-09-15T20:28:41.203 WARN kycontroller::kymux_controller::server - Kynet accept failed: connection error: Endpoint closed
2026-09-15T20:28:41.203 WARN kycontroller::kymux_controller::server - Kynet accept failed: connection error: Endpoint closed
2026-09-15T20:28:41.203 WARN kycontroller::kymux_controller::server - Kynet accept failed: connection error: Endpoint closed
2026-09-15T20:28:41.203 WARN kycontroller::kymux_controller::server - Kynet accept failed: connection error: Endpoint closed
2026-09-15T20:28:41.203 WARN kycontroller::kymux_controller::server - Kynet accept failed: connection error: Endpoint closed
2026-09-15T20:28:41.203 WARN kycontroller::kymux_controller::server - Kynet accept failed: connection error: Endpoint closed
2026-09-15T20:28:41.203 WARN kycontroller::kymux_controller::server - Kynet accept failed: connection error: Endpoint closed
2026-09-15T20:28:41.203 WARN kycontroller::kymux_controller::server - Kynet accept failed: connection error: Endpoint closed
2026-09-15T20:28:41.203 WARN kycontroller::kymux_controller::server - Kynet accept failed: connection error: Endpoint closed
2026-09-15T20:28:41.203 WARN kycontroller::kymux_controller::server - Kynet accept failed: connection error: Endpoint closed
2026-09-15T20:28:41.203 WARN kycontroller::kymux_controller::server - Kynet accept failed: connection error: Endpoint closed
2026-09-15T20:28:41.203 WARN kycontroller::kymux_controller::server - Kynet accept failed: connection error: Endpoint closed
2026-09-15T20:28:41.203 WARN kycontroller::kymux_controller::server - Kynet accept failed: connection error: Endpoint closed
2026-09-15T20:28:41.203 WARN kycontroller::kymux_controller::server - Kynet accept failed: connection error: Endpoint closed
2026-09-15T20:28:41.203 WARN kycontroller::kymux_controller::server - Kynet accept failed: connection error: Endpoint closed
2026-09-15T20:28:41.203 WARN kycontroller::kymux_controller::server - Kynet accept failed: connection error: Endpoint closed
2026-09-15T20:28:41.203 WARN kycontroller::kymux_controller::server - Kynet accept failed: connection error: Endpoint closed
2026-09-15T20:28:41.203 WARN kycontroller::kymux_controller::server - Kynet accept failed: connection error: Endpoint closed
2026-09-15T20:28:41.203 WARN kycontroller::kymux_controller::server - Kynet accept failed: connection error: Endpoint closed
2026-09-15T20:28:41.203 WARN kycontroller::kymux_controller::server - Kynet accept failed: connection error: Endpoint closed
2026-09-15T20:28:41.203 WARN kycontroller::kymux_controller::server - Kynet accept failed: connection error: Endpoint closed
2026-09-15T20:28:41.203 WARN kycontroller::kymux_controller::server - Kynet accept failed: connection error: Endpoint closed
2026-09-15T20:28:41.203 WARN kycontroller::kymux_controller::server - Kynet accept failed: connection error: Endpoint closed
2026-09-15T20:28:41.203 WARN kycontroller::kymux_controller::server - Kynet accept failed: connection error: Endpoint closed
2026-09-15T20:28:41.203 WARN kycontroller::kymux_controller::server - Kynet accept failed: connection error: Endpoint closed
2026-09-15T20:28:41.203 WARN kycontroller::kymux_controller::server - Kynet accept failed: connection error: Endpoint closed
2026-09-15T20:28:41.203 WARN kycontroller::kymux_controller::server - Kynet accept failed: connection error: Endpoint closed
2026-09-15T20:28:41.203 WARN kycontroller::kymux_controller::server - Kynet accept failed: connection error: Endpoint closed
2026-09-15T20:28:41.203 WARN kycontroller::kymux_controller::server - Kynet accept failed: connection error: Endpoint closed
2026-09-15T20:28:41.203 WARN kycontroller::kymux_controller::server - Kynet accept failed: connection error: Endpoint closed
2026-09-15T20:28:41.203 WARN kycontroller::kymux_controller::server - Kynet accept failed: connection error: Endpoint closed
2026-09-15T20:28:41.203 WARN kycontroller::kymux_controller::server - Kynet accept failed: connection error: Endpoint closed
2026-09-15T20:28:41.203 WARN kycontroller::kymux_controller::server - Kynet accept failed: connection error: Endpoint closed
2026-09-15T20:28:41.203 WARN kycontroller::kymux_controller::server - Kynet accept failed: connection error: Endpoint closed
2026-09-15T20:28:41.203 WARN kycontroller::kymux_controller::server - Kynet accept failed: connection error: Endpoint closed
2026-09-15T20:28:41.203 WARN kycontroller::kymux_controller::server - Kynet accept failed: connection error: Endpoint closed
2026-09-15T20:28:41.203 WARN kycontroller::kymux_controller::server - Kynet accept failed: connection error: Endpoint closed
2026-09-15T20:28:41.203 WARN kycontroller::kymux_controller::server - Kynet accept failed: connection error: Endpoint closed
2026-09-15T20:28:41.203 WARN kycontroller::kymux_controller::server - Kynet accept failed: connection error: Endpoint closed
2026-09-15T20:28:41.203 WARN kycontroller::kymux_controller::server - Kynet accept failed: connection error: Endpoint closed
2026-09-15T20:28:41.203 WARN kycontroller::kymux_controller::server - Kynet accept failed: connection error: Endpoint closed
2026-09-15T20:28:41.203 WARN kycontroller::kymux_controller::server - Kynet accept failed: connection error: Endpoint closed
2026-09-15T20:28:41.203 WARN kycontroller::kymux_controller::server - Kynet accept failed: connection error: Endpoint closed
2026-09-15T20:28:41.203 WARN kycontroller::kymux_controller::server - Kynet accept failed: connection error: Endpoint closed
2026-09-15T20:28:41.203 WARN kycontroller::kymux_controller::server - Kynet accept failed: connection error: Endpoint closed
2026-09-15T20:28:41.203 WARN kycontroller::kymux_controller::server - Kynet accept failed: connection error: Endpoint closed
2026-09-15T20:28:41.203 WARN kycontroller::kymux_controller::server - Kynet accept failed: connection error: Endpoint closed
2026-09-15T20:28:41.203 WARN kycontroller::kymux_controller::server - Kynet accept failed: connection error: Endpoint closed
2026-09-15T20:28:41.203 WARN kycontroller::kymux_controller::server - Kynet accept failed: connection error: Endpoint closed
2026-09-15T20:28:41.203 WARN kycontroller::kymux_controller::server - Kynet accept failed: connection error: Endpoint closed
2026-09-15T20:28:41.203 WARN kycontroller::kymux_controller::server - Kynet accept failed: connection error: Endpoint closed
2026-09-15T20:28:41.203 WARN kycontroller::kymux_controller::server - Kynet accept failed: connection error: Endpoint closed
2026-09-15T20:28:41.203 WARN kycontroller::kymux_controller::server - Kynet accept failed: connection error: Endpoint closed
2026-09-15T20:28:41.203 WARN kycontroller::kymux_controller::server - Kynet accept failed: connection error: Endpoint closed
2026-09-15T20:28:41.203 WARN kycontroller::kymux_controller::server - Kynet accept failed: connection error: Endpoint closed
2026-09-15T20:28:41.203 WARN kycontroller::kymux_controller::server - Kynet accept failed: connection error: Endpoint closed
2026-09-15T20:28:41.203 WARN kycontroller::kymux_controller::server - Kynet accept failed: connection error: Endpoint closed
2026-09-15T20:28:41.203 WARN kycontroller::kymux_controller::server - Kynet accept failed: connection error: Endpoint closed
2026-09-15T20:28:41.203 WARN kycontroller::kymux_controller::server - Kynet accept failed: connection error: Endpoint closed
2026-09-15T20:28:41.203 WARN kycontroller::kymux_controller::server - Kynet accept failed: connection error: Endpoint closed
2026-09-15T20:28:41.203 WARN kycontroller::kymux_controller::server - Kynet accept failed: connection error: Endpoint closed
2026-09-15T20:28:41.203 WARN kycontroller::kymux_controller::server - Kynet accept failed: connection error: Endpoint closed
2026-09-15T20:28:41.203 WARN kycontroller::kymux_controller::server - Kynet accept failed: connection error: Endpoint closed
2026-09-15T20:28:41.203 WARN kycontroller::kymux_controller::server - Kynet accept failed: connection error: Endpoint closed
2026-09-15T20:28:41.203 WARN kycontroller::kymux_controller::server - Kynet accept failed: connection error: Endpoint closed
2026-09-15T20:28:41.203 WARN kycontroller::kymux_controller::server - Kynet accept failed: connection error: Endpoint closed
2026-09-15T20:28:41.203 WARN kycontroller::kymux_controller::server - Kynet accept failed: connection error: Endpoint closed
2026-09-15T20:28:41.203 WARN kycontroller::kymux_controller::server - Kynet accept failed: connection error: Endpoint closed
2026-09-15T20:28:41.203 WARN kycontroller::kymux_controller::server - Kynet accept failed: connection error: Endpoint closed
2026-09-15T20:28:41.203 WARN kycontroller::kymux_controller::server - Kynet accept failed: connection error: Endpoint closed
2026-09-15T20:28:41.203 WARN kycontroller::kymux_controller::server - Kynet accept failed: connection error: Endpoint closed
2026-09-15T20:28:41.203 WARN kycontroller::kymux_controller::server - Kynet accept failed: connection error: Endpoint closed
2026-09-15T20:28:41.203 WARN kycontroller::kymux_controller::server - Kynet accept failed: connection error: Endpoint closed
2026-09-15T20:28:41.203 WARN kycontroller::kymux_controller::server - Kynet accept failed: connection error: Endpoint closed
2026-09-15T20:28:41.203 WARN kycontroller::kymux_controller::server - Kynet accept failed: connection error: Endpoint closed
2026-09-15T20:28:41.203 WARN kycontroller::kymux_controller::server - Kynet accept failed: connection error: Endpoint closed
2026-09-15T20:28:41.203 WARN kycontroller::kymux_controller::server - Kynet accept failed: connection error: Endpoint closed
2026-09-15T20:28:41.203 WARN kycontroller::kymux_controller::server - Kynet accept failed: connection error: Endpoint closed
2026-09-15T20:28:41.203 WARN kycontroller::kymux_controller::server - Kynet accept failed: connection error: Endpoint closed
2026-09-15T20:28:41.203 WARN kycontroller::kymux_controller::server - Kynet accept failed: connection error: Endpoint closed
2026-09-15T20:28:41.203 WARN kycontroller::kymux_controller::server - Kynet accept failed: connection error: Endpoint closed
2026-09-15T20:28:41.203 WARN kycontroller::kymux_controller::server - Kynet accept failed: connection error: Endpoint closed
2026-09-15T20:28:41.203 WARN kycontroller::kymux_controller::server - Kynet accept failed: connection error: Endpoint closed
2026-09-15T20:28:41.203 WARN kycontroller::kymux_controller::server - Kynet accept failed: connection error: Endpoint closed
2026-09-15T20:28:41.203 WARN kycontroller::kymux_controller::server - Kynet accept failed: connection error: Endpoint closed
2026-09-15T20:28:41.203 WARN kycontroller::kymux_controller::server - Kynet accept failed: connection error: Endpoint closed
2026-09-15T20:28:41.203 WARN kycontroller::kymux_controller::server - Kynet accept failed: connection error: Endpoint closed
2026-09-15T20:28:41.204 WARN kycontroller::kymux_controller::server - Kynet accept failed: connection error: Endpoint closed
2026-09-15T20:28:41.204 WARN kycontroller::kymux_controller::server - Kynet accept failed: connection error: Endpoint closed
2026-09-15T20:28:41.204 WARN kycontroller::kymux_controller::server - Kynet accept failed: connection error: Endpoint closed
2026-09-15T20:28:41.204 WARN kycontroller::kymux_controller::server - Kynet accept failed: connection error: Endpoint closed
2026-09-15T20:28:41.204 WARN kycontroller::kymux_controller::server - Kynet accept failed: connection error: Endpoint closed
2026-09-15T20:28:41.204 WARN kycontroller::kymux_controller::server - Kynet accept failed: connection error: Endpoint closed
2026-09-15T20:28:41.204 WARN kycontroller::kymux_controller::server - Kynet accept failed: connection error: Endpoint closed
2026-09-15T20:28:41.204 WARN kycontroller::kymux_controller::server - Kynet accept failed: connection error: Endpoint closed
2026-09-15T20:28:41.204 WARN kycontroller::kymux_controller::server - Kynet accept failed: connection error: Endpoint closed
2026-09-15T20:28:41.204 WARN kycontroller::kymux_controller::server - Kynet accept failed: connection error: Endpoint closed
2026-09-15T20:28:41.204 WARN kycontroller::kymux_controller::server - Kynet accept failed: connection error: Endpoint closed
2026-09-15T20:28:41.204 WARN kycontroller::kymux_controller::server - Kynet accept failed: connection error: Endpoint closed
2026-09-15T20:28:41.204 WARN kycontroller::kymux_controller::server - Kynet accept failed: connection error: Endpoint closed
2026-09-15T20:28:41.204 WARN kycontroller::kymux_controller::server - Kynet accept failed: connection error: Endpoint closed
2026-09-15T20:28:41.204 WARN kycontroller::kymux_controller::server - Kynet accept failed: connection error: Endpoint closed
2026-09-15T20:28:41.204 WARN kycontroller::kymux_controller::server - Kynet accept failed: connection error: Endpoint closed
2026-09-15T20:28:41.204 WARN kycontroller::kymux_controller::server - Kynet accept failed: connection error: Endpoint closed
2026-09-15T20:28:41.204 WARN kycontroller::kymux_controller::server - Kynet accept failed: connection error: Endpoint closed
2026-09-15T20:28:41.204 WARN kycontroller::kymux_controller::server - Kynet accept failed: connection error: Endpoint closed
2026-09-15T20:28:41.204 WARN kycontroller::kymux_controller::server - Kynet accept failed: connection error: Endpoint closed
2026-09-15T20:28:41.204 WARN kycontroller::kymux_controller::server - Kynet accept failed: connection error: Endpoint closed
2026-09-15T20:28:41.204 WARN kycontroller::kymux_controller::server - Kynet accept failed: connection error: Endpoint closed
2026-09-15T20:28:41.204 WARN kycontroller::kymux_controller::server - Kynet accept failed: connection error: Endpoint closed
2026-09-15T20:28:41.204 WARN kycontroller::kymux_controller::server - Kynet accept failed: connection error: Endpoint closed
2026-09-15T20:28:41.204 WARN kycontroller::kymux_controller::server - Kynet accept failed: connection error: Endpoint closed
2026-09-15T20:28:41.204 WARN kycontroller::kymux_controller::server - Kynet accept failed: connection error: Endpoint closed
2026-09-15T20:28:41.204 WARN kycontroller::kymux_controller::server - Kynet accept failed: connection error: Endpoint closed
2026-09-15T20:28:41.204 WARN kycontroller::kymux_controller::server - Kynet accept failed: connection error: Endpoint closed
2026-09-15T20:28:41.204 WARN kycontroller::kymux_controller::server - Kynet accept failed: connection error: Endpoint closed
2026-09-15T20:28:41.204 WARN kycontroller::kymux_controller::server - Kynet accept failed: connection error: Endpoint closed
2026-09-15T20:28:41.204 WARN kycontroller::kymux_controller::server - Kynet accept failed: connection error: Endpoint closed
2026-09-15T20:28:41.204 WARN kycontroller::kymux_controller::server - Kynet accept failed: connection error: Endpoint closed
2026-09-15T20:28:41.204 WARN kycontroller::kymux_controller::server - Kynet accept failed: connection error: Endpoint closed
2026-09-15T20:28:41.204 WARN kycontroller::kymux_controller::server - Kynet accept failed: connection error: Endpoint closed
2026-09-15T20:28:41.204 WARN kycontroller::kymux_controller::server - Kynet accept failed: connection error: Endpoint closed
2026-09-15T20:28:41.204 WARN kycontroller::kymux_controller::server - Kynet accept failed: connection error: Endpoint closed
2026-09-15T20:28:41.204 WARN kycontroller::kymux_controller::server - Kynet accept failed: connection error: Endpoint closed
2026-09-15T20:28:41.204 WARN kycontroller::kymux_controller::server - Kynet accept failed: connection error: Endpoint closed
2026-09-15T20:28:41.204 WARN kycontroller::kymux_controller::server - Kynet accept failed: connection error: Endpoint closed
2026-09-15T20:28:41.204 WARN kycontroller::kymux_controller::server - Kynet accept failed: connection error: Endpoint closed
2026-09-15T20:28:41.204 WARN kycontroller::kymux_controller::server - Kynet accept failed: connection error: Endpoint closed
2026-09-15T20:28:41.204 WARN kycontroller::kymux_controller::server - Kynet accept failed: connection error: Endpoint closed
2026-09-15T20:28:41.204 WARN kycontroller::kymux_controller::server - Kynet accept failed: connection error: Endpoint closed
2026-09-15T20:28:41.204 WARN kycontroller::kymux_controller::server - Kynet accept failed: connection error: Endpoint closed
2026-09-15T20:28:41.204 WARN kycontroller::kymux_controller::server - Kynet accept failed: connection error: Endpoint closed
2026-09-15T20:28:41.204 WARN kycontroller::kymux_controller::server - Kynet accept failed: connection error: Endpoint closed
2026-09-15T20:28:41.204 WARN kycontroller::kymux_controller::server - Kynet accept failed: connection error: Endpoint closed
2026-09-15T20:28:41.204 WARN kycontroller::kymux_controller::server - Kynet accept failed: connection error: Endpoint closed
2026-09-15T20:28:41.204 WARN kycontroller::kymux_controller::server - Kynet accept failed: connection error: Endpoint closed
2026-09-15T20:28:41.204 WARN kycontroller::kymux_controller::server - Kynet accept failed: connection error: Endpoint closed
2026-09-15T20:28:41.204 WARN kycontroller::kymux_controller::server - Kynet accept failed: connection error: Endpoint closed
2026-09-15T20:28:41.204 WARN kycontroller::kymux_controller::server - Kynet accept failed: connection error: Endpoint closed
2026-09-15T20:28:41.204 WARN kycontroller::kymux_controller::server - Kynet accept failed: connection error: Endpoint closed
2026-09-15T20:28:41.204 WARN kycontroller::kymux_controller::server - Kynet accept failed: connection error: Endpoint closed
2026-09-15T20:28:41.204 WARN kycontroller::kymux_controller::server - Kynet accept failed: connection error: Endpoint closed
2026-09-15T20:28:41.204 WARN kycontroller::kymux_controller::server - Kynet accept failed: connection error: Endpoint closed
2026-09-15T20:28:41.204 WARN kycontroller::kymux_controller::server - Kynet accept failed: connection error: Endpoint closed
2026-09-15T20:28:41.204 WARN kycontroller::kymux_controller::server - Kynet accept failed: connection error: Endpoint closed
2026-09-15T20:28:41.204 WARN kycontroller::kymux_controller::server - Kynet accept failed: connection error: Endpoint closed
2026-09-15T20:28:41.204 WARN kycontroller::kymux_controller::server - Kynet accept failed: connection error: Endpoint closed
2026-09-15T20:28:41.204 WARN kycontroller::kymux_controller::server - Kynet accept failed: connection error: Endpoint closed
2026-09-15T20:28:41.204 WARN kycontroller::kymux_controller::server - Kynet accept failed: connection error: Endpoint closed
2026-09-15T20:28:41.204 WARN kycontroller::kymux_controller::server - Kynet accept failed: connection error: Endpoint closed
2026-09-15T20:28:41.204 WARN kycontroller::kymux_controller::server - Kynet accept failed: connection error: Endpoint closed
2026-09-15T20:28:41.204 WARN kycontroller::kymux_controller::server - Kynet accept failed: connection error: Endpoint closed
2026-09-15T20:28:41.204 WARN kycontroller::kymux_controller::server - Kynet accept failed: connection error: Endpoint closed
2026-09-15T20:28:41.204 WARN kycontroller::kymux_controller::server - Kynet accept failed: connection error: Endpoint closed
2026-09-15T20:28:41.204 WARN kycontroller::kymux_controller::server - Kynet accept failed: connection error: Endpoint closed
2026-09-15T20:28:41.204 WARN kycontroller::kymux_controller::server - Kynet accept failed: connection error: Endpoint closed
2026-09-15T20:28:41.204 WARN kycontroller::kymux_controller::server - Kynet accept failed: connection error: Endpoint closed
2026-09-15T20:28:41.204 WARN kycontroller::kymux_controller::server - Kynet accept failed: connection error: Endpoint closed
2026-09-15T20:28:41.204 WARN kycontroller::kymux_controller::server - Kynet accept failed: connection error: Endpoint closed
2026-09-15T20:28:41.204 WARN kycontroller::kymux_controller::server - Kynet accept failed: connection error: Endpoint closed
2026-09-15T20:28:41.204 WARN kycontroller::kymux_controller::server - Kynet accept failed: connection error: Endpoint closed
2026-09-15T20:28:41.204 WARN kycontroller::kymux_controller::server - Kynet accept failed: connection error: Endpoint closed
2026-09-15T20:28:41.204 WARN kycontroller::kymux_controller::server - Kynet accept failed: connection error: Endpoint closed
2026-09-15T20:28:41.204 WARN kycontroller::kymux_controller::server - Kynet accept failed: connection error: Endpoint closed
2026-09-15T20:28:41.204 WARN kycontroller::kymux_controller::server - Kynet accept failed: connection error: Endpoint closed
2026-09-15T20:28:41.204 WARN kycontroller::kymux_controller::server - Kynet accept failed: connection error: Endpoint closed
2026-09-15T20:28:41.204 WARN kycontroller::kymux_controller::server - Kynet accept failed: connection error: Endpoint closed
2026-09-15T20:28:41.204 WARN kycontroller::kymux_controller::server - Kynet accept failed: connection error: Endpoint closed
2026-09-15T20:28:41.204 WARN kycontroller::kymux_controller::server - Kynet accept failed: connection error: Endpoint closed
2026-09-15T20:28:41.204 WARN kycontroller::kymux_controller::server - Kynet accept failed: connection error: Endpoint closed
2026-09-15T20:28:41.204 WARN kycontroller::kymux_controller::server - Kynet accept failed: connection error: Endpoint closed
2026-09-15T20:28:41.204 WARN kycontroller::kymux_controller::server - Kynet accept failed: connection error: Endpoint closed
2026-09-15T20:28:41.204 WARN kycontroller::kymux_controller::server - Kynet accept failed: connection error: Endpoint closed
2026-09-15T20:28:41.204 WARN kycontroller::kymux_controller::server - Kynet accept failed: connection error: Endpoint closed
2026-09-15T20:28:41.204 WARN kycontroller::kymux_controller::server - Kynet accept failed: connection error: Endpoint closed
2026-09-15T20:28:41.204 WARN kycontroller::kymux_controller::server - Kynet accept failed: connection error: Endpoint closed
2026-09-15T20:28:41.204 WARN kycontroller::kymux_controller::server - Kynet accept failed: connection error: Endpoint closed
2026-09-15T20:28:41.204 WARN kycontroller::kymux_controller::server - Kynet accept failed: connection error: Endpoint closed
2026-09-15T20:28:41.204 WARN kycontroller::kymux_controller::server - Kynet accept failed: connection error: Endpoint closed
2026-09-15T20:28:41.204 WARN kycontroller::kymux_controller::server - Kynet accept failed: connection error: Endpoint closed
2026-09-15T20:28:41.204 WARN kycontroller::kymux_controller::server - Kynet accept failed: connection error: Endpoint closed
2026-09-15T20:28:41.204 WARN kycontroller::kymux_controller::server - Kynet accept failed: connection error: Endpoint closed
2026-09-15T20:28:41.204 WARN kycontroller::kymux_controller::server - Kynet accept failed: connection error: Endpoint closed
2026-09-15T20:28:41.204 WARN kycontroller::kymux_controller::server - Kynet accept failed: connection error: Endpoint closed
2026-09-15T20:28:41.204 WARN kycontroller::kymux_controller::server - Kynet accept failed: connection error: Endpoint closed
2026-09-15T20:28:41.204 WARN kycontroller::kymux_controller::server - Kynet accept failed: connection error: Endpoint closed
2026-09-15T20:28:41.204 WARN kycontroller::kymux_controller::server - Kynet accept failed: connection error: Endpoint closed
2026-09-15T20:28:41.204 WARN kycontroller::kymux_controller::server - Kynet accept failed: connection error: Endpoint closed
2026-09-15T20:28:41.204 WARN kycontroller::kymux_controller::server - Kynet accept failed: connection error: Endpoint closed
2026-09-15T20:28:41.204 WARN kycontroller::kymux_controller::server - Kynet accept failed: connection error: Endpoint closed
2026-09-15T20:28:41.204 WARN kycontroller::kymux_controller::server - Kynet accept failed: connection error: Endpoint closed
2026-09-15T20:28:41.204 WARN kycontroller::kymux_controller::server - Kynet accept failed: connection error: Endpoint closed
2026-09-15T20:28:41.204 WARN kycontroller::kymux_controller::server - Kynet accept failed: connection error: Endpoint closed
2026-09-15T20:28:41.204 WARN kycontroller::kymux_controller::server - Kynet accept failed: connection error: Endpoint closed
2026-09-15T20:28:41.204 WARN kycontroller::kymux_controller::server - Kynet accept failed: connection error: Endpoint closed
2026-09-15T20:28:41.204 WARN kycontroller::kymux_controller::server - Kynet accept failed: connection error: Endpoint closed
2026-09-15T20:28:41.204 WARN kycontroller::kymux_controller::server - Kynet accept failed: connection error: Endpoint closed
2026-09-15T20:28:41.205 WARN kycontroller::kymux_controller::server - Kynet accept failed: connection error: Endpoint closed
2026-09-15T20:28:41.205 WARN kycontroller::kymux_controller::server - Kynet accept failed: connection error: Endpoint closed
2026-09-15T20:28:41.205 WARN kycontroller::kymux_controller::server - Kynet accept failed: connection error: Endpoint closed
2026-09-15T20:28:41.205 WARN kycontroller::kymux_controller::server - Kynet accept failed: connection error: Endpoint closed
2026-09-15T20:28:41.205 WARN kycontroller::kymux_controller::server - Kynet accept failed: connection error: Endpoint closed
2026-09-15T20:28:41.205 WARN kycontroller::kymux_controller::server - Kynet accept failed: connection error: Endpoint closed
2026-09-15T20:28:41.205 WARN kycontroller::kymux_controller::server - Kynet accept failed: connection error: Endpoint closed
2026-09-15T20:28:41.205 WARN kycontroller::kymux_controller::server - Kynet accept failed: connection error: Endpoint closed
2026-09-15T20:28:41.205 WARN kycontroller::kymux_controller::server - Kynet accept failed: connection error: Endpoint closed
2026-09-15T20:28:41.205 WARN kycontroller::kymux_controller::server - Kynet accept failed: connection error: Endpoint closed
2026-09-15T20:28:41.205 WARN kycontroller::kymux_controller::server - Kynet accept failed: connection error: Endpoint closed
2026-09-15T20:28:41.205 WARN kycontroller::kymux_controller::server - Kynet accept failed: connection error: Endpoint closed
2026-09-15T20:28:41.205 WARN kycontroller::kymux_controller::server - Kynet accept failed: connection error: Endpoint closed
2026-09-15T20:28:41.205 WARN kycontroller::kymux_controller::server - Kynet accept failed: connection error: Endpoint closed
2026-09-15T20:28:41.205 WARN kycontroller::kymux_controller::server - Kynet accept failed: connection error: Endpoint closed
2026-09-15T20:28:41.205 WARN kycontroller::kymux_controller::server - Kynet accept failed: connection error: Endpoint closed
2026-09-15T20:28:41.205 WARN kycontroller::kymux_controller::server - Kynet accept failed: connection error: Endpoint closed
2026-09-15T20:28:41.205 WARN kycontroller::kymux_controller::server - Kynet accept failed: connection error: Endpoint closed
2026-09-15T20:28:41.205 WARN kycontroller::kymux_controller::server - Kynet accept failed: connection error: Endpoint closed
2026-09-15T20:28:41.205 WARN kycontroller::kymux_controller::server - Kynet accept failed: connection error: Endpoint closed
2026-09-15T20:28:41.205 WARN kycontroller::kymux_controller::server - Kynet accept failed: connection error: Endpoint closed
2026-09-15T20:28:41.205 WARN kycontroller::kymux_controller::server - Kynet accept failed: connection error: Endpoint closed
2026-09-15T20:28:41.205 WARN kycontroller::kymux_controller::server - Kynet accept failed: connection error: Endpoint closed
2026-09-15T20:28:41.205 WARN kycontroller::kymux_controller::server - Kynet accept failed: connection error: Endpoint closed
2026-09-15T20:28:41.205 WARN kycontroller::kymux_controller::server - Kynet accept failed: connection error: Endpoint closed
2026-09-15T20:28:41.205 WARN kycontroller::kymux_controller::server - Kynet accept failed: connection error: Endpoint closed
2026-09-15T20:28:41.205 WARN kycontroller::kymux_controller::server - Kynet accept failed: connection error: Endpoint closed
2026-09-15T20:28:41.205 WARN kycontroller::kymux_controller::server - Kynet accept failed: connection error: Endpoint closed
2026-09-15T20:28:41.205 WARN kycontroller::kymux_controller::server - Kynet accept failed: connection error: Endpoint closed
2026-09-15T20:28:41.205 WARN kycontroller::kymux_controller::server - Kynet accept failed: connection error: Endpoint closed
2026-09-15T20:28:41.205 WARN kycontroller::kymux_controller::server - Kynet accept failed: connection error: Endpoint closed
2026-09-15T20:28:41.205 WARN kycontroller::kymux_controller::server - Kynet accept failed: connection error: Endpoint closed
2026-09-15T20:28:41.205 WARN kycontroller::kymux_controller::server - Kynet accept failed: connection error: Endpoint closed
2026-09-15T20:28:41.205 WARN kycontroller::kymux_controller::server - Kynet accept failed: connection error: Endpoint closed
2026-09-15T20:28:41.205 WARN kycontroller::kymux_controller::server - Kynet accept failed: connection error: Endpoint closed
2026-09-15T20:28:41.205 WARN kycontroller::kymux_controller::server - Kynet accept failed: connection error: Endpoint closed
2026-09-15T20:28:41.205 WARN kycontroller::kymux_controller::server - Kynet accept failed: connection error: Endpoint closed
2026-09-15T20:28:41.205 WARN kycontroller::kymux_controller::server - Kynet accept failed: connection error: Endpoint closed
2026-09-15T20:28:41.205 WARN kycontroller::kymux_controller::server - Kynet accept failed: connection error: Endpoint closed
2026-09-15T20:28:41.205 WARN kycontroller::kymux_controller::server - Kynet accept failed: connection error: Endpoint closed
2026-09-15T20:28:41.205 WARN kycontroller::kymux_controller::server - Kynet accept failed: connection error: Endpoint closed
2026-09-15T20:28:41.205 WARN kycontroller::kymux_controller::server - Kynet accept failed: connection error: Endpoint closed
2026-09-15T20:28:41.205 WARN kycontroller::kymux_controller::server - Kynet accept failed: connection error: Endpoint closed
2026-09-15T20:28:41.205 WARN kycontroller::kymux_controller::server - Kynet accept failed: connection error: Endpoint closed
2026-09-15T20:28:41.205 WARN kycontroller::kymux_controller::server - Kynet accept failed: connection error: Endpoint closed
2026-09-15T20:28:41.205 WARN kycontroller::kymux_controller::server - Kynet accept failed: connection error: Endpoint closed
2026-09-15T20:28:41.205 WARN kycontroller::kymux_controller::server - Kynet accept failed: connection error: Endpoint closed
2026-09-15T20:28:41.205 WARN kycontroller::kymux_controller::server - Kynet accept failed: connection error: Endpoint closed
2026-09-15T20:28:41.205 WARN kycontroller::kymux_controller::server - Kynet accept failed: connection error: Endpoint closed
2026-09-15T20:28:41.205 WARN kycontroller::kymux_controller::server - Kynet accept failed: connection error: Endpoint closed
2026-09-15T20:28:41.205 WARN kycontroller::kymux_controller::server - Kynet accept failed: connection error: Endpoint closed
2026-09-15T20:28:41.205 WARN kycontroller::kymux_controller::server - Kynet accept failed: connection error: Endpoint closed
2026-09-15T20:28:41.205 WARN kycontroller::kymux_controller::server - Kynet accept failed: connection error: Endpoint closed
2026-09-15T20:28:41.205 WARN kycontroller::kymux_controller::server - Kynet accept failed: connection error: Endpoint closed
2026-09-15T20:28:41.205 WARN kycontroller::kymux_controller::server - Kynet accept failed: connection error: Endpoint closed
2026-09-15T20:28:41.205 WARN kycontroller::kymux_controller::server - Kynet accept failed: connection error: Endpoint closed
2026-09-15T20:28:41.205 WARN kycontroller::kymux_controller::server - Kynet accept failed: connection error: Endpoint closed
2026-09-15T20:28:41.205 WARN kycontroller::kymux_controller::server - Kynet accept failed: connection error: Endpoint closed
2026-09-15T20:28:41.205 WARN kycontroller::kymux_controller::server - Kynet accept failed: connection error: Endpoint closed
2026-09-15T20:28:41.205 WARN kycontroller::kymux_controller::server - Kynet accept failed: connection error: Endpoint closed
2026-09-15T20:28:41.205 WARN kycontroller::kymux_controller::server - Kynet accept failed: connection error: Endpoint closed
2026-09-15T20:28:41.205 WARN kycontroller::kymux_controller::server - Kynet accept failed: connection error: Endpoint closed
2026-09-15T20:28:41.205 WARN kycontroller::kymux_controller::server - Kynet accept failed: connection error: Endpoint closed
2026-09-15T20:28:41.205 WARN kycontroller::kymux_controller::server - Kynet accept failed: connection error: Endpoint closed
2026-09-15T20:28:41.205 WARN kycontroller::kymux_controller::server - Kynet accept failed: connection error: Endpoint closed
2026-09-15T20:28:41.205 WARN kycontroller::kymux_controller::server - Kynet accept failed: connection error: Endpoint closed
2026-09-15T20:28:41.205 WARN kycontroller::kymux_controller::server - Kynet accept failed: connection error: Endpoint closed
2026-09-15T20:28:41.205 WARN kycontroller::kymux_controller::server - Kynet accept failed: connection error: Endpoint closed
2026-09-15T20:28:41.205 WARN kycontroller::kymux_controller::server - Kynet accept failed: connection error: Endpoint closed
2026-09-15T20:28:41.205 WARN kycontroller::kymux_controller::server - Kynet accept failed: connection error: Endpoint closed
2026-09-15T20:28:41.205 WARN kycontroller::kymux_controller::server - Kynet accept failed: connection error: Endpoint closed
2026-09-15T20:28:41.205 WARN kycontroller::kymux_controller::server - Kynet accept failed: connection error: Endpoint closed
2026-09-15T20:28:41.205 WARN kycontroller::kymux_controller::server - Kynet accept failed: connection error: Endpoint closed
2026-09-15T20:28:41.205 WARN kycontroller::kymux_controller::server - Kynet accept failed: connection error: Endpoint closed
2026-09-15T20:28:41.205 WARN kycontroller::kymux_controller::server - Kynet accept failed: connection error: Endpoint closed
2026-09-15T20:28:41.205 WARN kycontroller::kymux_controller::server - Kynet accept failed: connection error: Endpoint closed
2026-09-15T20:28:41.205 WARN kycontroller::kymux_controller::server - Kynet accept failed: connection error: Endpoint closed
2026-09-15T20:28:41.205 WARN kycontroller::kymux_controller::server - Kynet accept failed: connection error: Endpoint closed
2026-09-15T20:28:41.205 WARN kycontroller::kymux_controller::server - Kynet accept failed: connection error: Endpoint closed
2026-09-15T20:28:41.205 WARN kycontroller::kymux_controller::server - Kynet accept failed: connection error: Endpoint closed
2026-09-15T20:28:41.205 WARN kycontroller::kymux_controller::server - Kynet accept failed: connection error: Endpoint closed
2026-09-15T20:28:41.205 WARN kycontroller::kymux_controller::server - Kynet accept failed: connection error: Endpoint closed
2026-09-15T20:28:41.205 WARN kycontroller::kymux_controller::server - Kynet accept failed: connection error: Endpoint closed
2026-09-15T20:28:41.205 WARN kycontroller::kymux_controller::server - Kynet accept failed: connection error: Endpoint closed
2026-09-15T20:28:41.205 WARN kycontroller::kymux_controller::server - Kynet accept failed: connection error: Endpoint closed
2026-09-15T20:28:41.205 WARN kycontroller::kymux_controller::server - Kynet accept failed: connection error: Endpoint closed
2026-09-15T20:28:41.205 WARN kycontroller::kymux_controller::server - Kynet accept failed: connection error: Endpoint closed
2026-09-15T20:28:41.205 WARN kycontroller::kymux_controller::server - Kynet accept failed: connection error: Endpoint closed
2026-09-15T20:28:41.205 WARN kycontroller::kymux_controller::server - Kynet accept failed: connection error: Endpoint closed
2026-09-15T20:28:41.205 WARN kycontroller::kymux_controller::server - Kynet accept failed: connection error: Endpoint closed
2026-09-15T20:28:41.205 WARN kycontroller::kymux_controller::server - Kynet accept failed: connection error: Endpoint closed
2026-09-15T20:28:41.205 WARN kycontroller::kymux_controller::server - Kynet accept failed: connection error: Endpoint closed
2026-09-15T20:28:41.205 WARN kycontroller::kymux_controller::server - Kynet accept failed: connection error: Endpoint closed
2026-09-15T20:28:41.205 WARN kycontroller::kymux_controller::server - Kynet accept failed: connection error: Endpoint closed
2026-09-15T20:28:41.205 WARN kycontroller::kymux_controller::server - Kynet accept failed: connection error: Endpoint closed
2026-09-15T20:28:41.205 WARN kycontroller::kymux_controller::server - Kynet accept failed: connection error: Endpoint closed
2026-09-15T20:28:41.205 WARN kycontroller::kymux_controller::server - Kynet accept failed: connection error: Endpoint closed
2026-09-15T20:28:41.205 WARN kycontroller::kymux_controller::server - Kynet accept failed: connection error: Endpoint closed
2026-09-15T20:28:41.206 WARN kycontroller::kymux_controller::server - Kynet accept failed: connection error: Endpoint closed
2026-09-15T20:28:41.206 WARN kycontroller::kymux_controller::server - Kynet accept failed: connection error: Endpoint closed
2026-09-15T20:28:41.206 WARN kycontroller::kymux_controller::server - Kynet accept failed: connection error: Endpoint closed
2026-09-15T20:28:41.206 WARN kycontroller::kymux_controller::server - Kynet accept failed: connection error: Endpoint closed
2026-09-15T20:28:41.206 WARN kycontroller::kymux_controller::server - Kynet accept failed: connection error: Endpoint closed
2026-09-15T20:28:41.206 WARN kycontroller::kymux_controller::server - Kynet accept failed: connection error: Endpoint closed
2026-09-15T20:28:41.206 WARN kycontroller::kymux_controller::server - Kynet accept failed: connection error: Endpoint closed
2026-09-15T20:28:41.206 WARN kycontroller::kymux_controller::server - Kynet accept failed: connection error: Endpoint closed
2026-09-15T20:28:41.206 WARN kycontroller::kymux_controller::server - Kynet accept failed: connection error: Endpoint closed
2026-09-15T20:28:41.206 WARN kycontroller::kymux_controller::server - Kynet accept failed: connection error: Endpoint closed
2026-09-15T20:28:41.206 WARN kycontroller::kymux_controller::server - Kynet accept failed: connection error: Endpoint closed
2026-09-15T20:28:41.206 WARN kycontroller::kymux_controller::server - Kynet accept failed: connection error: Endpoint closed
2026-09-15T20:28:41.206 WARN kycontroller::kymux_controller::server - Kynet accept failed: connection error: Endpoint closed
2026-09-15T20:28:41.206 WARN kycontroller::kymux_controller::server - Kynet accept failed: connection error: Endpoint closed
2026-09-15T20:28:41.206 WARN kycontroller::kymux_controller::server - Kynet accept failed: connection error: Endpoint closed
2026-09-15T20:28:41.206 WARN kycontroller::kymux_controller::server - Kynet accept failed: connection error: Endpoint closed
2026-09-15T20:28:41.206 WARN kycontroller::kymux_controller::server - Kynet accept failed: connection error: Endpoint closed
2026-09-15T20:28:41.206 WARN kycontroller::kymux_controller::server - Kynet accept failed: connection error: Endpoint closed
2026-09-15T20:28:41.206 WARN kycontroller::kymux_controller::server - Kynet accept failed: connection error: Endpoint closed
2026-09-15T20:28:41.206 WARN kycontroller::kymux_controller::server - Kynet accept failed: connection error: Endpoint closed
2026-09-15T20:28:41.206 WARN kycontroller::kymux_controller::server - Kynet accept failed: connection error: Endpoint closed
2026-09-15T20:28:41.206 WARN kycontroller::kymux_controller::server - Kynet accept failed: connection error: Endpoint closed
2026-09-15T20:28:41.206 WARN kycontroller::kymux_controller::server - Kynet accept failed: connection error: Endpoint closed
2026-09-15T20:28:41.206 WARN kycontroller::kymux_controller::server - Kynet accept failed: connection error: Endpoint closed
2026-09-15T20:28:41.206 WARN kycontroller::kymux_controller::server - Kynet accept failed: connection error: Endpoint closed
2026-09-15T20:28:41.206 WARN kycontroller::kymux_controller::server - Kynet accept failed: connection error: Endpoint closed
2026-09-15T20:28:41.206 WARN kycontroller::kymux_controller::server - Kynet accept failed: connection error: Endpoint closed
2026-09-15T20:28:41.206 WARN kycontroller::kymux_controller::server - Kynet accept failed: connection error: Endpoint closed
2026-09-15T20:28:41.206 WARN kycontroller::kymux_controller::server - Kynet accept failed: connection error: Endpoint closed
2026-09-15T20:28:41.206 WARN kycontroller::kymux_controller::server - Kynet accept failed: connection error: Endpoint closed
2026-09-15T20:28:41.206 WARN kycontroller::kymux_controller::server - Kynet accept failed: connection error: Endpoint closed
2026-09-15T20:28:41.206 WARN kycontroller::kymux_controller::server - Kynet accept failed: connection error: Endpoint closed
2026-09-15T20:28:41.206 WARN kycontroller::kymux_controller::server - Kynet accept failed: connection error: Endpoint closed
2026-09-15T20:28:41.206 WARN kycontroller::kymux_controller::server - Kynet accept failed: connection error: Endpoint closed
2026-09-15T20:28:41.206 WARN kycontroller::kymux_controller::server - Kynet accept failed: connection error: Endpoint closed
2026-09-15T20:28:41.206 WARN kycontroller::kymux_controller::server - Kynet accept failed: connection error: Endpoint closed
2026-09-15T20:28:41.206 WARN kycontroller::kymux_controller::server - Kynet accept failed: connection error: Endpoint closed
2026-09-15T20:28:41.206 WARN kycontroller::kymux_controller::server - Kynet accept failed: connection error: Endpoint closed
2026-09-15T20:28:41.206 WARN kycontroller::kymux_controller::server - Kynet accept failed: connection error: Endpoint closed
2026-09-15T20:28:41.206 WARN kycontroller::kymux_controller::server - Kynet accept failed: connection error: Endpoint closed
2026-09-15T20:28:41.206 WARN kycontroller::kymux_controller::server - Kynet accept failed: connection error: Endpoint closed
2026-09-15T20:28:41.206 WARN kycontroller::kymux_controller::server - Kynet accept failed: connection error: Endpoint closed
2026-09-15T20:28:41.206 WARN kycontroller::kymux_controller::server - Kynet accept failed: connection error: Endpoint closed
2026-09-15T20:28:41.206 WARN kycontroller::kymux_controller::server - Kynet accept failed: connection error: Endpoint closed
2026-09-15T20:28:41.206 WARN kycontroller::kymux_controller::server - Kynet accept failed: connection error: Endpoint closed
2026-09-15T20:28:41.206 WARN kycontroller::kymux_controller::server - Kynet accept failed: connection error: Endpoint closed
2026-09-15T20:28:41.206 WARN kycontroller::kymux_controller::server - Kynet accept failed: connection error: Endpoint closed
2026-09-15T20:28:41.206 WARN kycontroller::kymux_controller::server - Kynet accept failed: connection error: Endpoint closed
2026-09-15T20:28:41.206 WARN kycontroller::kymux_controller::server - Kynet accept failed: connection error: Endpoint closed
2026-09-15T20:28:41.206 WARN kycontroller::kymux_controller::server - Kynet accept failed: connection error: Endpoint closed
2026-09-15T20:28:41.206 WARN kycontroller::kymux_controller::server - Kynet accept failed: connection error: Endpoint closed
2026-09-15T20:28:41.206 WARN kycontroller::kymux_controller::server - Kynet accept failed: connection error: Endpoint closed
2026-09-15T20:28:41.206 WARN kycontroller::kymux_controller::server - Kynet accept failed: connection error: Endpoint closed
2026-09-15T20:28:41.206 WARN kycontroller::kymux_controller::server - Kynet accept failed: connection error: Endpoint closed
2026-09-15T20:28:41.206 WARN kycontroller::kymux_controller::server - Kynet accept failed: connection error: Endpoint closed
2026-09-15T20:28:41.206 WARN kycontroller::kymux_controller::server - Kynet accept failed: connection error: Endpoint closed
2026-09-15T20:28:41.206 WARN kycontroller::kymux_controller::server - Kynet accept failed: connection error: Endpoint closed
2026-09-15T20:28:41.206 WARN kycontroller::kymux_controller::server - Kynet accept failed: connection error: Endpoint closed
2026-09-15T20:28:41.206 WARN kycontroller::kymux_controller::server - Kynet accept failed: connection error: Endpoint closed
2026-09-15T20:28:41.206 WARN kycontroller::kymux_controller::server - Kynet accept failed: connection error: Endpoint closed
2026-09-15T20:28:41.206 WARN kycontroller::kymux_controller::server - Kynet accept failed: connection error: Endpoint closed
2026-09-15T20:28:41.206 WARN kycontroller::kymux_controller::server - Kynet accept failed: connection error: Endpoint closed
2026-09-15T20:28:41.206 WARN kycontroller::kymux_controller::server - Kynet accept failed: connection error: Endpoint closed
2026-09-15T20:28:41.206 WARN kycontroller::kymux_controller::server - Kynet accept failed: connection error: Endpoint closed
2026-09-15T20:28:41.206 WARN kycontroller::kymux_controller::server - Kynet accept failed: connection error: Endpoint closed
2026-09-15T20:28:41.206 WARN kycontroller::kymux_controller::server - Kynet accept failed: connection error: Endpoint closed
2026-09-15T20:28:41.206 WARN kycontroller::kymux_controller::server - Kynet accept failed: connection error: Endpoint closed
2026-09-15T20:28:41.206 WARN kycontroller::kymux_controller::server - Kynet accept failed: connection error: Endpoint closed
2026-09-15T20:28:41.206 WARN kycontroller::kymux_controller::server - Kynet accept failed: connection error: Endpoint closed
2026-09-15T20:28:41.206 WARN kycontroller::kymux_controller::server - Kynet accept failed: connection error: Endpoint closed
2026-09-15T20:28:41.206 WARN kycontroller::kymux_controller::server - Kynet accept failed: connection error: Endpoint closed
2026-09-15T20:28:41.206 WARN kycontroller::kymux_controller::server - Kynet accept failed: connection error: Endpoint closed
2026-09-15T20:28:41.206 WARN kycontroller::kymux_controller::server - Kynet accept failed: connection error: Endpoint closed
2026-09-15T20:28:41.206 WARN kycontroller::kymux_controller::server - Kynet accept failed: connection error: Endpoint closed
2026-09-15T20:28:41.206 WARN kycontroller::kymux_controller::server - Kynet accept failed: connection error: Endpoint closed
2026-09-15T20:28:41.206 WARN kycontroller::kymux_controller::server - Kynet accept failed: connection error: Endpoint closed
2026-09-15T20:28:41.206 WARN kycontroller::kymux_controller::server - Kynet accept failed: connection error: Endpoint closed
2026-09-15T20:28:41.206 WARN kycontroller::kymux_controller::server - Kynet accept failed: connection error: Endpoint closed
2026-09-15T20:28:41.206 WARN kycontroller::kymux_controller::server - Kynet accept failed: connection error: Endpoint closed
2026-09-15T20:28:41.206 WARN kycontroller::kymux_controller::server - Kynet accept failed: connection error: Endpoint closed
2026-09-15T20:28:41.206 WARN kycontroller::kymux_controller::server - Kynet accept failed: connection error: Endpoint closed
2026-09-15T20:28:41.206 WARN kycontroller::kymux_controller::server - Kynet accept failed: connection error: Endpoint closed
2026-09-15T20:28:41.206 WARN kycontroller::kymux_controller::server - Kynet accept failed: connection error: Endpoint closed
2026-09-15T20:28:41.206 WARN kycontroller::kymux_controller::server - Kynet accept failed: connection error: Endpoint closed
2026-09-15T20:28:41.206 WARN kycontroller::kymux_controller::server - Kynet accept failed: connection error: Endpoint closed
2026-09-15T20:28:41.206 WARN kycontroller::kymux_controller::server - Kynet accept failed: connection error: Endpoint closed
2026-09-15T20:28:41.206 WARN kycontroller::kymux_controller::server - Kynet accept failed: connection error: Endpoint closed
2026-09-15T20:28:41.206 WARN kycontroller::kymux_controller::server - Kynet accept failed: connection error: Endpoint closed
2026-09-15T20:28:41.206 WARN kycontroller::kymux_controller::server - Kynet accept failed: connection error: Endpoint closed
2026-09-15T20:28:41.206 WARN kycontroller::kymux_controller::server - Kynet accept failed: connection error: Endpoint closed
2026-09-15T20:28:41.206 WARN kycontroller::kymux_controller::server - Kynet accept failed: connection error: Endpoint closed
2026-09-15T20:28:41.206 WARN kycontroller::kymux_controller::server - Kynet accept failed: connection error: Endpoint closed
2026-09-15T20:28:41.206 WARN kycontroller::kymux_controller::server - Kynet accept failed: connection error: Endpoint closed
2026-09-15T20:28:41.206 WARN kycontroller::kymux_controller::server - Kynet accept failed: connection error: Endpoint closed
2026-09-15T20:28:41.207 WARN kycontroller::kymux_controller::server - Kynet accept failed: connection error: Endpoint closed
2026-09-15T20:28:41.207 WARN kycontroller::kymux_controller::server - Kynet accept failed: connection error: Endpoint closed
2026-09-15T20:28:41.207 WARN kycontroller::kymux_controller::server - Kynet accept failed: connection error: Endpoint closed
2026-09-15T20:28:41.207 WARN kycontroller::kymux_controller::server - Kynet accept failed: connection error: Endpoint closed
2026-09-15T20:28:41.207 WARN kycontroller::kymux_controller::server - Kynet accept failed: connection error: Endpoint closed
2026-09-15T20:28:41.207 WARN kycontroller::kymux_controller::server - Kynet accept failed: connection error: Endpoint closed
2026-09-15T20:28:41.207 WARN kycontroller::kymux_controller::server - Kynet accept failed: connection error: Endpoint closed
2026-09-15T20:28:41.207 WARN kycontroller::kymux_controller::server - Kynet accept failed: connection error: Endpoint closed
2026-09-15T20:28:41.207 WARN kycontroller::kymux_controller::server - Kynet accept failed: connection error: Endpoint closed
2026-09-15T20:28:41.207 WARN kycontroller::kymux_controller::server - Kynet accept failed: connection error: Endpoint closed
2026-09-15T20:28:41.207 WARN kycontroller::kymux_controller::server - Kynet accept failed: connection error: Endpoint closed
2026-09-15T20:28:41.207 WARN kycontroller::kymux_controller::server - Kynet accept failed: connection error: Endpoint closed
2026-09-15T20:28:41.207 WARN kycontroller::kymux_controller::server - Kynet accept failed: connection error: Endpoint closed
2026-09-15T20:28:41.207 WARN kycontroller::kymux_controller::server - Kynet accept failed: connection error: Endpoint closed
2026-09-15T20:28:41.207 WARN kycontroller::kymux_controller::server - Kynet accept failed: connection error: Endpoint closed
2026-09-15T20:28:41.207 WARN kycontroller::kymux_controller::server - Kynet accept failed: connection error: Endpoint closed
2026-09-15T20:28:41.207 WARN kycontroller::kymux_controller::server - Kynet accept failed: connection error: Endpoint closed
2026-09-15T20:28:41.207 WARN kycontroller::kymux_controller::server - Kynet accept failed: connection error: Endpoint closed
2026-09-15T20:28:41.207 WARN kycontroller::kymux_controller::server - Kynet accept failed: connection error: Endpoint closed
2026-09-15T20:28:41.207 WARN kycontroller::kymux_controller::server - Kynet accept failed: connection error: Endpoint closed
2026-09-15T20:28:41.207 WARN kycontroller::kymux_controller::server - Kynet accept failed: connection error: Endpoint closed
2026-09-15T20:28:41.207 WARN kycontroller::kymux_controller::server - Kynet accept failed: connection error: Endpoint closed
2026-09-15T20:28:41.207 INFO libkypc::process - Child(C:\Users\trist\KyberFrog-bench\bundle-643ee0e\kyavserver) stopped: exit code: 1
2026-09-15T20:28:41.207 INFO kycontroller::avservice - AvServer Video exited
2026-09-15T20:28:41.207 WARN kycontroller::kymux_controller::server - Kynet accept failed: connection error: Endpoint closed
2026-09-15T20:28:41.207 INFO kycontroller::avservices_manager - Last AV stream torn down, stopping shared kycom
2026-09-15T20:28:41.207 WARN kycontroller::kymux_controller::server - Kynet accept failed: connection error: Endpoint closed
2026-09-15T20:28:41.207 WARN kycontroller::kymux_controller::server - Kynet accept failed: connection error: Endpoint closed
2026-09-15T20:28:41.207 WARN kycontroller::kymux_controller::server - Kynet accept failed: connection error: Endpoint closed
2026-09-15T20:28:41.207 WARN kycontroller::kymux_controller::server - Kynet accept failed: connection error: Endpoint closed
2026-09-15T20:28:41.207 WARN kycontroller::kymux_controller::server - Kynet accept failed: connection error: Endpoint closed
2026-09-15T20:28:41.207 WARN kycontroller::kymux_controller::server - Kynet accept failed: connection error: Endpoint closed
2026-09-15T20:28:41.207 WARN kycontroller::kymux_controller::server - Kynet accept failed: connection error: Endpoint closed
2026-09-15T20:28:41.207 WARN kycontroller::kymux_controller::server - Kynet accept failed: connection error: Endpoint closed
2026-09-15T20:28:41.207 WARN kycontroller::kymux_controller::server - Kynet accept failed: connection error: Endpoint closed
2026-09-15T20:28:41.207 WARN kycontroller::kymux_controller::server - Kynet accept failed: connection error: Endpoint closed
2026-09-15T20:28:41.207 WARN kycontroller::kymux_controller::server - Kynet accept failed: connection error: Endpoint closed
2026-09-15T20:28:41.207 WARN kycontroller::kymux_controller::server - Kynet accept failed: connection error: Endpoint closed
2026-09-15T20:28:41.207 WARN kycontroller::kymux_controller::server - Kynet accept failed: connection error: Endpoint closed
2026-09-15T20:28:41.207 WARN kycontroller::kymux_controller::server - Kynet accept failed: connection error: Endpoint closed
2026-09-15T20:28:41.207 WARN kycontroller::kymux_controller::server - Kynet accept failed: connection error: Endpoint closed
2026-09-15T20:28:41.207 WARN kycontroller::kymux_controller::server - Kynet accept failed: connection error: Endpoint closed
2026-09-15T20:28:41.207 WARN kycontroller::kymux_controller::server - Kynet accept failed: connection error: Endpoint closed
2026-09-15T20:28:41.207 WARN kycontroller::kymux_controller::server - Kynet accept failed: connection error: Endpoint closed
2026-09-15T20:28:41.207 WARN kycontroller::kymux_controller::server - Kynet accept failed: connection error: Endpoint closed
2026-09-15T20:28:41.207 WARN kycontroller::kymux_controller::server - Kynet accept failed: connection error: Endpoint closed
2026-09-15T20:28:41.207 WARN kycontroller::kymux_controller::server - Kynet accept failed: connection error: Endpoint closed
2026-09-15T20:28:41.207 WARN kycontroller::kymux_controller::server - Kynet accept failed: connection error: Endpoint closed
2026-09-15T20:28:41.207 WARN kycontroller::kymux_controller::server - Kynet accept failed: connection error: Endpoint closed
2026-09-15T20:28:41.207 WARN kycontroller::kymux_controller::server - Kynet accept failed: connection error: Endpoint closed
2026-09-15T20:28:41.207 WARN kycontroller::kymux_controller::server - Kynet accept failed: connection error: Endpoint closed
2026-09-15T20:28:41.207 WARN kycontroller::kymux_controller::server - Kynet accept failed: connection error: Endpoint closed
2026-09-15T20:28:41.207 WARN kycontroller::kymux_controller::server - Kynet accept failed: connection error: Endpoint closed
2026-09-15T20:28:41.207 WARN kycontroller::kymux_controller::server - Kynet accept failed: connection error: Endpoint closed
2026-09-15T20:28:41.207 WARN kycontroller::kymux_controller::server - Kynet accept failed: connection error: Endpoint closed
2026-09-15T20:28:41.207 WARN kycontroller::kymux_controller::server - Kynet accept failed: connection error: Endpoint closed
2026-09-15T20:28:41.207 WARN kycontroller::kymux_controller::server - Kynet accept failed: connection error: Endpoint closed
2026-09-15T20:28:41.207 WARN kycontroller::kymux_controller::server - Kynet accept failed: connection error: Endpoint closed
2026-09-15T20:28:41.207 WARN kycontroller::kymux_controller::server - Kynet accept failed: connection error: Endpoint closed
2026-09-15T20:28:41.207 WARN kycontroller::kymux_controller::server - Kynet accept failed: connection error: Endpoint closed
2026-09-15T20:28:41.207 WARN kycontroller::kymux_controller::server - Kynet accept failed: connection error: Endpoint closed
2026-09-15T20:28:41.207 WARN kycontroller::kymux_controller::server - Kynet accept failed: connection error: Endpoint closed
2026-09-15T20:28:41.207 WARN kycontroller::kymux_controller::server - Kynet accept failed: connection error: Endpoint closed
2026-09-15T20:28:41.207 WARN kycontroller::kymux_controller::server - Kynet accept failed: connection error: Endpoint closed
2026-09-15T20:28:41.207 WARN kycontroller::kymux_controller::server - Kynet accept failed: connection error: Endpoint closed
2026-09-15T20:28:41.207 WARN kycontroller::kymux_controller::server - Kynet accept failed: connection error: Endpoint closed
2026-09-15T20:28:41.207 WARN kycontroller::kymux_controller::server - Kynet accept failed: connection error: Endpoint closed
2026-09-15T20:28:41.207 WARN kycontroller::kymux_controller::server - Kynet accept failed: connection error: Endpoint closed
2026-09-15T20:28:41.207 WARN kycontroller::kymux_controller::server - Kynet accept failed: connection error: Endpoint closed
2026-09-15T20:28:41.207 WARN kycontroller::kymux_controller::server - Kynet accept failed: connection error: Endpoint closed
2026-09-15T20:28:41.207 WARN kycontroller::kymux_controller::server - Kynet accept failed: connection error: Endpoint closed
2026-09-15T20:28:41.208 WARN kycontroller::kymux_controller::server - Kynet accept failed: connection error: Endpoint closed
2026-09-15T20:28:41.208 WARN kycontroller::kymux_controller::server - Kynet accept failed: connection error: Endpoint closed
2026-09-15T20:28:41.208 WARN kycontroller::kymux_controller::server - Kynet accept failed: connection error: Endpoint closed
2026-09-15T20:28:41.208 WARN kycontroller::kymux_controller::server - Kynet accept failed: connection error: Endpoint closed
2026-09-15T20:28:41.208 WARN kycontroller::kymux_controller::server - Kynet accept failed: connection error: Endpoint closed
2026-09-15T20:28:41.208 WARN kycontroller::kymux_controller::server - Kynet accept failed: connection error: Endpoint closed
2026-09-15T20:28:41.208 WARN kycontroller::kymux_controller::server - Kynet accept failed: connection error: Endpoint closed
2026-09-15T20:28:41.208 WARN kycontroller::kymux_controller::server - Kynet accept failed: connection error: Endpoint closed
2026-09-15T20:28:41.208 WARN kycontroller::kymux_controller::server - Kynet accept failed: connection error: Endpoint closed
2026-09-15T20:28:41.208 WARN kycontroller::kymux_controller::server - Kynet accept failed: connection error: Endpoint closed
2026-09-15T20:28:41.208 WARN kycontroller::kymux_controller::server - Kynet accept failed: connection error: Endpoint closed
2026-09-15T20:28:41.208 WARN kycontroller::kymux_controller::server - Kynet accept failed: connection error: Endpoint closed
2026-09-15T20:28:41.208 WARN kycontroller::kymux_controller::server - Kynet accept failed: connection error: Endpoint closed
2026-09-15T20:28:41.208 WARN kycontroller::kymux_controller::server - Kynet accept failed: connection error: Endpoint closed
2026-09-15T20:28:41.208 WARN kycontroller::kymux_controller::server - Kynet accept failed: connection error: Endpoint closed
2026-09-15T20:28:41.208 WARN kycontroller::kymux_controller::server - Kynet accept failed: connection error: Endpoint closed
2026-09-15T20:28:41.208 WARN kycontroller::kymux_controller::server - Kynet accept failed: connection error: Endpoint closed
2026-09-15T20:28:41.208 WARN kycontroller::kymux_controller::server - Kynet accept failed: connection error: Endpoint closed
2026-09-15T20:28:41.208 WARN kycontroller::kymux_controller::server - Kynet accept failed: connection error: Endpoint closed
2026-09-15T20:28:41.208 WARN kycontroller::kymux_controller::server - Kynet accept failed: connection error: Endpoint closed
2026-09-15T20:28:41.208 WARN kycontroller::kymux_controller::server - Kynet accept failed: connection error: Endpoint closed
2026-09-15T20:28:41.208 WARN kycontroller::kymux_controller::server - Kynet accept failed: connection error: Endpoint closed
2026-09-15T20:28:41.208 WARN kycontroller::kymux_controller::server - Kynet accept failed: connection error: Endpoint closed
2026-09-15T20:28:41.208 WARN kycontroller::kymux_controller::server - Kynet accept failed: connection error: Endpoint closed
2026-09-15T20:28:41.208 WARN kycontroller::kymux_controller::server - Kynet accept failed: connection error: Endpoint closed
2026-09-15T20:28:41.208 WARN kycontroller::kymux_controller::server - Kynet accept failed: connection error: Endpoint closed
2026-09-15T20:28:41.208 WARN kycontroller::kymux_controller::server - Kynet accept failed: connection error: Endpoint closed
2026-09-15T20:28:41.208 WARN kycontroller::kymux_controller::server - Kynet accept failed: connection error: Endpoint closed
2026-09-15T20:28:41.208 WARN kycontroller::kymux_controller::server - Kynet accept failed: connection error: Endpoint closed
2026-09-15T20:28:41.208 WARN kycontroller::kymux_controller::server - Kynet accept failed: connection error: Endpoint closed
2026-09-15T20:28:41.208 WARN kycontroller::kymux_controller::server - Kynet accept failed: connection error: Endpoint closed
2026-09-15T20:28:41.208 WARN kycontroller::kymux_controller::server - Kynet accept failed: connection error: Endpoint closed
2026-09-15T20:28:41.208 WARN kycontroller::kymux_controller::server - Kynet accept failed: connection error: Endpoint closed
2026-09-15T20:28:41.208 WARN kycontroller::kymux_controller::server - Kynet accept failed: connection error: Endpoint closed
2026-09-15T20:28:41.208 WARN kycontroller::kymux_controller::server - Kynet accept failed: connection error: Endpoint closed
2026-09-15T20:28:41.208 WARN kycontroller::kymux_controller::server - Kynet accept failed: connection error: Endpoint closed
2026-09-15T20:28:41.208 WARN kycontroller::kymux_controller::server - Kynet accept failed: connection error: Endpoint closed
2026-09-15T20:28:41.208 WARN kycontroller::kymux_controller::server - Kynet accept failed: connection error: Endpoint closed
2026-09-15T20:28:41.208 WARN kycontroller::kymux_controller::server - Kynet accept failed: connection error: Endpoint closed
2026-09-15T20:28:41.208 WARN kycontroller::kymux_controller::server - Kynet accept failed: connection error: Endpoint closed
2026-09-15T20:28:41.208 WARN kycontroller::kymux_controller::server - Kynet accept failed: connection error: Endpoint closed
2026-09-15T20:28:41.208 WARN kycontroller::kymux_controller::server - Kynet accept failed: connection error: Endpoint closed
2026-09-15T20:28:41.208 WARN kycontroller::kymux_controller::server - Kynet accept failed: connection error: Endpoint closed
2026-09-15T20:28:41.208 WARN kycontroller::kymux_controller::server - Kynet accept failed: connection error: Endpoint closed
2026-09-15T20:28:41.208 WARN kycontroller::kymux_controller::server - Kynet accept failed: connection error: Endpoint closed
2026-09-15T20:28:41.208 WARN kycontroller::kymux_controller::server - Kynet accept failed: connection error: Endpoint closed
2026-09-15T20:28:41.208 WARN kycontroller::kymux_controller::server - Kynet accept failed: connection error: Endpoint closed
2026-09-15T20:28:41.208 WARN kycontroller::kymux_controller::server - Kynet accept failed: connection error: Endpoint closed
2026-09-15T20:28:41.208 WARN kycontroller::kymux_controller::server - Kynet accept failed: connection error: Endpoint closed
2026-09-15T20:28:41.208 WARN kycontroller::kymux_controller::server - Kynet accept failed: connection error: Endpoint closed
2026-09-15T20:28:41.208 WARN kycontroller::kymux_controller::server - Kynet accept failed: connection error: Endpoint closed
2026-09-15T20:28:41.208 WARN kycontroller::kymux_controller::server - Kynet accept failed: connection error: Endpoint closed
2026-09-15T20:28:41.208 WARN kycontroller::kymux_controller::server - Kynet accept failed: connection error: Endpoint closed
2026-09-15T20:28:41.208 WARN kycontroller::kymux_controller::server - Kynet accept failed: connection error: Endpoint closed
2026-09-15T20:28:41.208 WARN kycontroller::kymux_controller::server - Kynet accept failed: connection error: Endpoint closed
2026-09-15T20:28:41.208 WARN kycontroller::kymux_controller::server - Kynet accept failed: connection error: Endpoint closed
2026-09-15T20:28:41.208 WARN kycontroller::kymux_controller::server - Kynet accept failed: connection error: Endpoint closed
2026-09-15T20:28:41.208 WARN kycontroller::kymux_controller::server - Kynet accept failed: connection error: Endpoint closed
2026-09-15T20:28:41.208 WARN kycontroller::kymux_controller::server - Kynet accept failed: connection error: Endpoint closed
2026-09-15T20:28:41.208 WARN kycontroller::kymux_controller::server - Kynet accept failed: connection error: Endpoint closed
2026-09-15T20:28:41.208 WARN kycontroller::kymux_controller::server - Kynet accept failed: connection error: Endpoint closed
2026-09-15T20:28:41.208 WARN kycontroller::kymux_controller::server - Kynet accept failed: connection error: Endpoint closed
2026-09-15T20:28:41.208 WARN kycontroller::kymux_controller::server - Kynet accept failed: connection error: Endpoint closed
2026-09-15T20:28:41.208 WARN kycontroller::kymux_controller::server - Kynet accept failed: connection error: Endpoint closed
2026-09-15T20:28:41.208 WARN kycontroller::kymux_controller::server - Kynet accept failed: connection error: Endpoint closed
2026-09-15T20:28:41.208 WARN kycontroller::kymux_controller::server - Kynet accept failed: connection error: Endpoint closed
2026-09-15T20:28:41.208 WARN kycontroller::kymux_controller::server - Kynet accept failed: connection error: Endpoint closed
2026-09-15T20:28:41.208 WARN kycontroller::kymux_controller::server - Kynet accept failed: connection error: Endpoint closed
2026-09-15T20:28:41.208 WARN kycontroller::kymux_controller::server - Kynet accept failed: connection error: Endpoint closed
2026-09-15T20:28:41.208 WARN kycontroller::kymux_controller::server - Kynet accept failed: connection error: Endpoint closed
2026-09-15T20:28:41.208 WARN kycontroller::kymux_controller::server - Kynet accept failed: connection error: Endpoint closed
2026-09-15T20:28:41.208 WARN kycontroller::kymux_controller::server - Kynet accept failed: connection error: Endpoint closed
2026-09-15T20:28:41.208 WARN kycontroller::kymux_controller::server - Kynet accept failed: connection error: Endpoint closed
2026-09-15T20:28:41.208 WARN kycontroller::kymux_controller::server - Kynet accept failed: connection error: Endpoint closed
2026-09-15T20:28:41.208 WARN kycontroller::kymux_controller::server - Kynet accept failed: connection error: Endpoint closed
2026-09-15T20:28:41.208 WARN kycontroller::kymux_controller::server - Kynet accept failed: connection error: Endpoint closed
2026-09-15T20:28:41.208 WARN kycontroller::kymux_controller::server - Kynet accept failed: connection error: Endpoint closed
2026-09-15T20:28:41.208 WARN kycontroller::kymux_controller::server - Kynet accept failed: connection error: Endpoint closed
2026-09-15T20:28:41.208 WARN kycontroller::kymux_controller::server - Kynet accept failed: connection error: Endpoint closed
2026-09-15T20:28:41.208 WARN kycontroller::kymux_controller::server - Kynet accept failed: connection error: Endpoint closed
2026-09-15T20:28:41.208 WARN kycontroller::kymux_controller::server - Kynet accept failed: connection error: Endpoint closed
2026-09-15T20:28:41.208 WARN kycontroller::kymux_controller::server - Kynet accept failed: connection error: Endpoint closed
2026-09-15T20:28:41.208 WARN kycontroller::kymux_controller::server - Kynet accept failed: connection error: Endpoint closed
2026-09-15T20:28:41.208 WARN kycontroller::kymux_controller::server - Kynet accept failed: connection error: Endpoint closed
2026-09-15T20:28:41.208 WARN kycontroller::kymux_controller::server - Kynet accept failed: connection error: Endpoint closed
2026-09-15T20:28:41.208 WARN kycontroller::kymux_controller::server - Kynet accept failed: connection error: Endpoint closed
2026-09-15T20:28:41.208 WARN kycontroller::kymux_controller::server - Kynet accept failed: connection error: Endpoint closed
2026-09-15T20:28:41.208 WARN kycontroller::kymux_controller::server - Kynet accept failed: connection error: Endpoint closed
2026-09-15T20:28:41.208 WARN kycontroller::kymux_controller::server - Kynet accept failed: connection error: Endpoint closed
2026-09-15T20:28:41.208 WARN kycontroller::kymux_controller::server - Kynet accept failed: connection error: Endpoint closed
2026-09-15T20:28:41.208 WARN kycontroller::kymux_controller::server - Kynet accept failed: connection error: Endpoint closed
2026-09-15T20:28:41.208 WARN kycontroller::kymux_controller::server - Kynet accept failed: connection error: Endpoint closed
2026-09-15T20:28:41.208 WARN kycontroller::kymux_controller::server - Kynet accept failed: connection error: Endpoint closed
2026-09-15T20:28:41.208 WARN kycontroller::kymux_controller::server - Kynet accept failed: connection error: Endpoint closed
2026-09-15T20:28:41.208 WARN kycontroller::kymux_controller::server - Kynet accept failed: connection error: Endpoint closed
2026-09-15T20:28:41.208 WARN kycontroller::kymux_controller::server - Kynet accept failed: connection error: Endpoint closed
2026-09-15T20:28:41.208 WARN kycontroller::kymux_controller::server - Kynet accept failed: connection error: Endpoint closed
2026-09-15T20:28:41.208 WARN kycontroller::kymux_controller::server - Kynet accept failed: connection error: Endpoint closed
2026-09-15T20:28:41.208 WARN kycontroller::kymux_controller::server - Kynet accept failed: connection error: Endpoint closed
2026-09-15T20:28:41.208 WARN kycontroller::kymux_controller::server - Kynet accept failed: connection error: Endpoint closed
2026-09-15T20:28:41.208 WARN kycontroller::kymux_controller::server - Kynet accept failed: connection error: Endpoint closed
2026-09-15T20:28:41.208 WARN kycontroller::kymux_controller::server - Kynet accept failed: connection error: Endpoint closed
2026-09-15T20:28:41.208 WARN kycontroller::kymux_controller::server - Kynet accept failed: connection error: Endpoint closed
2026-09-15T20:28:41.208 WARN kycontroller::kymux_controller::server - Kynet accept failed: connection error: Endpoint closed
2026-09-15T20:28:41.208 WARN kycontroller::kymux_controller::server - Kynet accept failed: connection error: Endpoint closed
2026-09-15T20:28:41.208 WARN kycontroller::kymux_controller::server - Kynet accept failed: connection error: Endpoint closed
2026-09-15T20:28:41.208 WARN kycontroller::kymux_controller::server - Kynet accept failed: connection error: Endpoint closed
2026-09-15T20:28:41.208 WARN kycontroller::kymux_controller::server - Kynet accept failed: connection error: Endpoint closed
2026-09-15T20:28:41.209 WARN kycontroller::kymux_controller::server - Kynet accept failed: connection error: Endpoint closed
2026-09-15T20:28:41.209 WARN kycontroller::kymux_controller::server - Kynet accept failed: connection error: Endpoint closed
2026-09-15T20:28:41.209 WARN kycontroller::kymux_controller::server - Kynet accept failed: connection error: Endpoint closed
2026-09-15T20:28:41.209 WARN kycontroller::kymux_controller::server - Kynet accept failed: connection error: Endpoint closed
2026-09-15T20:28:41.209 WARN kycontroller::kymux_controller::server - Kynet accept failed: connection error: Endpoint closed
2026-09-15T20:28:41.209 WARN kycontroller::kymux_controller::server - Kynet accept failed: connection error: Endpoint closed
2026-09-15T20:28:41.209 WARN kycontroller::kymux_controller::server - Kynet accept failed: connection error: Endpoint closed
2026-09-15T20:28:41.209 WARN kycontroller::kymux_controller::server - Kynet accept failed: connection error: Endpoint closed
2026-09-15T20:28:41.209 WARN kycontroller::kymux_controller::server - Kynet accept failed: connection error: Endpoint closed
2026-09-15T20:28:41.209 WARN kycontroller::kymux_controller::server - Kynet accept failed: connection error: Endpoint closed
2026-09-15T20:28:41.209 WARN kycontroller::kymux_controller::server - Kynet accept failed: connection error: Endpoint closed
2026-09-15T20:28:41.209 WARN kycontroller::kymux_controller::server - Kynet accept failed: connection error: Endpoint closed
2026-09-15T20:28:41.209 WARN kycontroller::kymux_controller::server - Kynet accept failed: connection error: Endpoint closed
2026-09-15T20:28:41.209 WARN kycontroller::kymux_controller::server - Kynet accept failed: connection error: Endpoint closed
2026-09-15T20:28:41.209 WARN kycontroller::kymux_controller::server - Kynet accept failed: connection error: Endpoint closed
2026-09-15T20:28:41.209 WARN kycontroller::kymux_controller::server - Kynet accept failed: connection error: Endpoint closed
2026-09-15T20:28:41.209 WARN kycontroller::kymux_controller::server - Kynet accept failed: connection error: Endpoint closed
2026-09-15T20:28:41.209 WARN kycontroller::kymux_controller::server - Kynet accept failed: connection error: Endpoint closed
2026-09-15T20:28:41.209 WARN kycontroller::kymux_controller::server - Kynet accept failed: connection error: Endpoint closed
2026-09-15T20:28:41.209 WARN kycontroller::kymux_controller::server - Kynet accept failed: connection error: Endpoint closed
2026-09-15T20:28:41.209 WARN kycontroller::kymux_controller::server - Kynet accept failed: connection error: Endpoint closed
2026-09-15T20:28:41.209 WARN kycontroller::kymux_controller::server - Kynet accept failed: connection error: Endpoint closed
2026-09-15T20:28:41.209 WARN kycontroller::kymux_controller::server - Kynet accept failed: connection error: Endpoint closed
2026-09-15T20:28:41.209 WARN kycontroller::kymux_controller::server - Kynet accept failed: connection error: Endpoint closed
2026-09-15T20:28:41.209 WARN kycontroller::kymux_controller::server - Kynet accept failed: connection error: Endpoint closed
2026-09-15T20:28:41.209 WARN kycontroller::kymux_controller::server - Kynet accept failed: connection error: Endpoint closed
2026-09-15T20:28:41.209 WARN kycontroller::kymux_controller::server - Kynet accept failed: connection error: Endpoint closed
2026-09-15T20:28:41.209 WARN kycontroller::kymux_controller::server - Kynet accept failed: connection error: Endpoint closed
2026-09-15T20:28:41.209 WARN kycontroller::kymux_controller::server - Kynet accept failed: connection error: Endpoint closed
2026-09-15T20:28:41.209 WARN kycontroller::kymux_controller::server - Kynet accept failed: connection error: Endpoint closed
2026-09-15T20:28:41.209 WARN kycontroller::kymux_controller::server - Kynet accept failed: connection error: Endpoint closed
2026-09-15T20:28:41.209 WARN kycontroller::kymux_controller::server - Kynet accept failed: connection error: Endpoint closed
2026-09-15T20:28:41.209 WARN kycontroller::kymux_controller::server - Kynet accept failed: connection error: Endpoint closed
2026-09-15T20:28:41.209 WARN kycontroller::kymux_controller::server - Kynet accept failed: connection error: Endpoint closed
2026-09-15T20:28:41.209 WARN kycontroller::kymux_controller::server - Kynet accept failed: connection error: Endpoint closed
2026-09-15T20:28:41.209 WARN kycontroller::kymux_controller::server - Kynet accept failed: connection error: Endpoint closed
2026-09-15T20:28:41.209 WARN kycontroller::kymux_controller::server - Kynet accept failed: connection error: Endpoint closed
2026-09-15T20:28:41.209 WARN kycontroller::kymux_controller::server - Kynet accept failed: connection error: Endpoint closed
2026-09-15T20:28:41.209 WARN kycontroller::kymux_controller::server - Kynet accept failed: connection error: Endpoint closed
2026-09-15T20:28:41.209 WARN kycontroller::kymux_controller::server - Kynet accept failed: connection error: Endpoint closed
2026-09-15T20:28:41.209 WARN kycontroller::kymux_controller::server - Kynet accept failed: connection error: Endpoint closed
2026-09-15T20:28:41.209 WARN kycontroller::kymux_controller::server - Kynet accept failed: connection error: Endpoint closed
2026-09-15T20:28:41.209 WARN kycontroller::kymux_controller::server - Kynet accept failed: connection error: Endpoint closed
2026-09-15T20:28:41.209 WARN kycontroller::kymux_controller::server - Kynet accept failed: connection error: Endpoint closed
2026-09-15T20:28:41.209 WARN kycontroller::kymux_controller::server - Kynet accept failed: connection error: Endpoint closed
2026-09-15T20:28:41.209 WARN kycontroller::kymux_controller::server - Kynet accept failed: connection error: Endpoint closed
2026-09-15T20:28:41.209 WARN kycontroller::kymux_controller::server - Kynet accept failed: connection error: Endpoint closed
2026-09-15T20:28:41.209 WARN kycontroller::kymux_controller::server - Kynet accept failed: connection error: Endpoint closed
2026-09-15T20:28:41.209 WARN kycontroller::kymux_controller::server - Kynet accept failed: connection error: Endpoint closed
2026-09-15T20:28:41.209 WARN kycontroller::kymux_controller::server - Kynet accept failed: connection error: Endpoint closed
2026-09-15T20:28:41.209 WARN kycontroller::kymux_controller::server - Kynet accept failed: connection error: Endpoint closed
2026-09-15T20:28:41.209 WARN kycontroller::kymux_controller::server - Kynet accept failed: connection error: Endpoint closed
2026-09-15T20:28:41.209 WARN kycontroller::kymux_controller::server - Kynet accept failed: connection error: Endpoint closed
2026-09-15T20:28:41.209 WARN kycontroller::kymux_controller::server - Kynet accept failed: connection error: Endpoint closed
2026-09-15T20:28:41.209 WARN kycontroller::kymux_controller::server - Kynet accept failed: connection error: Endpoint closed
2026-09-15T20:28:41.209 WARN kycontroller::kymux_controller::server - Kynet accept failed: connection error: Endpoint closed
2026-09-15T20:28:41.209 WARN kycontroller::kymux_controller::server - Kynet accept failed: connection error: Endpoint closed
2026-09-15T20:28:41.209 WARN kycontroller::kymux_controller::server - Kynet accept failed: connection error: Endpoint closed
2026-09-15T20:28:41.209 WARN kycontroller::kymux_controller::server - Kynet accept failed: connection error: Endpoint closed
2026-09-15T20:28:41.209 WARN kycontroller::kymux_controller::server - Kynet accept failed: connection error: Endpoint closed
2026-09-15T20:28:41.209 WARN kycontroller::kymux_controller::server - Kynet accept failed: connection error: Endpoint closed
2026-09-15T20:28:41.209 WARN kycontroller::kymux_controller::server - Kynet accept failed: connection error: Endpoint closed
2026-09-15T20:28:41.209 WARN kycontroller::kymux_controller::server - Kynet accept failed: connection error: Endpoint closed
2026-09-15T20:28:41.209 WARN kycontroller::kymux_controller::server - Kynet accept failed: connection error: Endpoint closed
2026-09-15T20:28:41.209 WARN kycontroller::kymux_controller::server - Kynet accept failed: connection error: Endpoint closed
2026-09-15T20:28:41.209 WARN kycontroller::kymux_controller::server - Kynet accept failed: connection error: Endpoint closed
2026-09-15T20:28:41.209 WARN kycontroller::kymux_controller::server - Kynet accept failed: connection error: Endpoint closed
2026-09-15T20:28:41.209 WARN kycontroller::kymux_controller::server - Kynet accept failed: connection error: Endpoint closed
2026-09-15T20:28:41.209 WARN kycontroller::kymux_controller::server - Kynet accept failed: connection error: Endpoint closed
2026-09-15T20:28:41.209 WARN kycontroller::kymux_controller::server - Kynet accept failed: connection error: Endpoint closed
2026-09-15T20:28:41.209 WARN kycontroller::kymux_controller::server - Kynet accept failed: connection error: Endpoint closed
2026-09-15T20:28:41.209 WARN kycontroller::kymux_controller::server - Kynet accept failed: connection error: Endpoint closed
2026-09-15T20:28:41.209 WARN kycontroller::kymux_controller::server - Kynet accept failed: connection error: Endpoint closed
2026-09-15T20:28:41.209 WARN kycontroller::kymux_controller::server - Kynet accept failed: connection error: Endpoint closed
2026-09-15T20:28:41.209 WARN kycontroller::kymux_controller::server - Kynet accept failed: connection error: Endpoint closed
2026-09-15T20:28:41.209 WARN kycontroller::kymux_controller::server - Kynet accept failed: connection error: Endpoint closed
2026-09-15T20:28:41.209 WARN kycontroller::kymux_controller::server - Kynet accept failed: connection error: Endpoint closed
2026-09-15T20:28:41.209 WARN kycontroller::kymux_controller::server - Kynet accept failed: connection error: Endpoint closed
2026-09-15T20:28:41.209 WARN kycontroller::kymux_controller::server - Kynet accept failed: connection error: Endpoint closed
2026-09-15T20:28:41.209 WARN kycontroller::kymux_controller::server - Kynet accept failed: connection error: Endpoint closed
2026-09-15T20:28:41.209 WARN kycontroller::kymux_controller::server - Kynet accept failed: connection error: Endpoint closed
2026-09-15T20:28:41.209 WARN kycontroller::kymux_controller::server - Kynet accept failed: connection error: Endpoint closed
2026-09-15T20:28:41.209 WARN kycontroller::kymux_controller::server - Kynet accept failed: connection error: Endpoint closed
2026-09-15T20:28:41.209 WARN kycontroller::kymux_controller::server - Kynet accept failed: connection error: Endpoint closed
2026-09-15T20:28:41.209 WARN kycontroller::kymux_controller::server - Kynet accept failed: connection error: Endpoint closed
2026-09-15T20:28:41.209 WARN kycontroller::kymux_controller::server - Kynet accept failed: connection error: Endpoint closed
2026-09-15T20:28:41.209 WARN kycontroller::kymux_controller::server - Kynet accept failed: connection error: Endpoint closed
2026-09-15T20:28:41.209 WARN kycontroller::kymux_controller::server - Kynet accept failed: connection error: Endpoint closed
2026-09-15T20:28:41.209 WARN kycontroller::kymux_controller::server - Kynet accept failed: connection error: Endpoint closed
2026-09-15T20:28:41.209 WARN kycontroller::kymux_controller::server - Kynet accept failed: connection error: Endpoint closed
2026-09-15T20:28:41.209 WARN kycontroller::kymux_controller::server - Kynet accept failed: connection error: Endpoint closed
2026-09-15T20:28:41.209 WARN kycontroller::kymux_controller::server - Kynet accept failed: connection error: Endpoint closed
2026-09-15T20:28:41.209 WARN kycontroller::kymux_controller::server - Kynet accept failed: connection error: Endpoint closed
2026-09-15T20:28:41.209 WARN kycontroller::kymux_controller::server - Kynet accept failed: connection error: Endpoint closed
2026-09-15T20:28:41.209 WARN kycontroller::kymux_controller::server - Kynet accept failed: connection error: Endpoint closed
2026-09-15T20:28:41.209 WARN kycontroller::kymux_controller::server - Kynet accept failed: connection error: Endpoint closed
2026-09-15T20:28:41.209 WARN kycontroller::kymux_controller::server - Kynet accept failed: connection error: Endpoint closed
2026-09-15T20:28:41.209 WARN kycontroller::kymux_controller::server - Kynet accept failed: connection error: Endpoint closed
2026-09-15T20:28:41.209 WARN kycontroller::kymux_controller::server - Kynet accept failed: connection error: Endpoint closed
2026-09-15T20:28:41.209 WARN kycontroller::kymux_controller::server - Kynet accept failed: connection error: Endpoint closed
2026-09-15T20:28:41.209 WARN kycontroller::kymux_controller::server - Kynet accept failed: connection error: Endpoint closed
2026-09-15T20:28:41.209 WARN kycontroller::kymux_controller::server - Kynet accept failed: connection error: Endpoint closed
2026-09-15T20:28:41.209 WARN kycontroller::kymux_controller::server - Kynet accept failed: connection error: Endpoint closed
2026-09-15T20:28:41.209 WARN kycontroller::kymux_controller::server - Kynet accept failed: connection error: Endpoint closed
2026-09-15T20:28:41.209 WARN kycontroller::kymux_controller::server - Kynet accept failed: connection error: Endpoint closed
2026-09-15T20:28:41.209 WARN kycontroller::kymux_controller::server - Kynet accept failed: connection error: Endpoint closed
2026-09-15T20:28:41.209 WARN kycontroller::kymux_controller::server - Kynet accept failed: connection error: Endpoint closed
2026-09-15T20:28:41.209 WARN kycontroller::kymux_controller::server - Kynet accept failed: connection error: Endpoint closed
2026-09-15T20:28:41.209 WARN kycontroller::kymux_controller::server - Kynet accept failed: connection error: Endpoint closed
2026-09-15T20:28:41.209 WARN kycontroller::kymux_controller::server - Kynet accept failed: connection error: Endpoint closed
2026-09-15T20:28:41.209 WARN kycontroller::kymux_controller::server - Kynet accept failed: connection error: Endpoint closed
2026-09-15T20:28:41.209 WARN kycontroller::kymux_controller::server - Kynet accept failed: connection error: Endpoint closed
2026-09-15T20:28:41.209 WARN kycontroller::kymux_controller::server - Kynet accept failed: connection error: Endpoint closed
2026-09-15T20:28:41.209 WARN kycontroller::kymux_controller::server - Kynet accept failed: connection error: Endpoint closed
2026-09-15T20:28:41.209 WARN kycontroller::kymux_controller::server - Kynet accept failed: connection error: Endpoint closed
2026-09-15T20:28:41.209 WARN kycontroller::kymux_controller::server - Kynet accept failed: connection error: Endpoint closed
2026-09-15T20:28:41.210 WARN kycontroller::kymux_controller::server - Kynet accept failed: connection error: Endpoint closed
2026-09-15T20:28:41.210 WARN kycontroller::kymux_controller::server - Kynet accept failed: connection error: Endpoint closed
2026-09-15T20:28:41.210 WARN kycontroller::kymux_controller::server - Kynet accept failed: connection error: Endpoint closed
2026-09-15T20:28:41.210 WARN kycontroller::kymux_controller::server - Kynet accept failed: connection error: Endpoint closed
2026-09-15T20:28:41.210 WARN kycontroller::kymux_controller::server - Kynet accept failed: connection error: Endpoint closed
2026-09-15T20:28:41.210 WARN kycontroller::kymux_controller::server - Kynet accept failed: connection error: Endpoint closed
2026-09-15T20:28:41.210 WARN kycontroller::kymux_controller::server - Kynet accept failed: connection error: Endpoint closed
2026-09-15T20:28:41.210 WARN kycontroller::kymux_controller::server - Kynet accept failed: connection error: Endpoint closed
2026-09-15T20:28:41.210 WARN kycontroller::kymux_controller::server - Kynet accept failed: connection error: Endpoint closed
2026-09-15T20:28:41.210 WARN kycontroller::kymux_controller::server - Kynet accept failed: connection error: Endpoint closed
2026-09-15T20:28:41.210 WARN kycontroller::kymux_controller::server - Kynet accept failed: connection error: Endpoint closed
2026-09-15T20:28:41.210 WARN kycontroller::kymux_controller::server - Kynet accept failed: connection error: Endpoint closed
2026-09-15T20:28:41.210 WARN kycontroller::kymux_controller::server - Kynet accept failed: connection error: Endpoint closed
2026-09-15T20:28:41.210 WARN kycontroller::kymux_controller::server - Kynet accept failed: connection error: Endpoint closed
2026-09-15T20:28:41.210 WARN kycontroller::kymux_controller::server - Kynet accept failed: connection error: Endpoint closed
2026-09-15T20:28:41.210 WARN kycontroller::kymux_controller::server - Kynet accept failed: connection error: Endpoint closed
2026-09-15T20:28:41.210 WARN kycontroller::kymux_controller::server - Kynet accept failed: connection error: Endpoint closed
2026-09-15T20:28:41.210 WARN kycontroller::kymux_controller::server - Kynet accept failed: connection error: Endpoint closed
2026-09-15T20:28:41.210 WARN kycontroller::kymux_controller::server - Kynet accept failed: connection error: Endpoint closed
2026-09-15T20:28:41.210 WARN kycontroller::kymux_controller::server - Kynet accept failed: connection error: Endpoint closed
2026-09-15T20:28:41.210 WARN kycontroller::kymux_controller::server - Kynet accept failed: connection error: Endpoint closed
2026-09-15T20:28:41.210 WARN kycontroller::kymux_controller::server - Kynet accept failed: connection error: Endpoint closed
2026-09-15T20:28:41.210 WARN kycontroller::kymux_controller::server - Kynet accept failed: connection error: Endpoint closed
2026-09-15T20:28:41.210 WARN kycontroller::kymux_controller::server - Kynet accept failed: connection error: Endpoint closed
2026-09-15T20:28:41.210 WARN kycontroller::kymux_controller::server - Kynet accept failed: connection error: Endpoint closed
2026-09-15T20:28:41.210 WARN kycontroller::kymux_controller::server - Kynet accept failed: connection error: Endpoint closed
2026-09-15T20:28:41.210 WARN kycontroller::kymux_controller::server - Kynet accept failed: connection error: Endpoint closed
2026-09-15T20:28:41.210 WARN kycontroller::kymux_controller::server - Kynet accept failed: connection error: Endpoint closed
2026-09-15T20:28:41.210 WARN kycontroller::kymux_controller::server - Kynet accept failed: connection error: Endpoint closed
2026-09-15T20:28:41.210 WARN kycontroller::kymux_controller::server - Kynet accept failed: connection error: Endpoint closed
2026-09-15T20:28:41.210 WARN kycontroller::kymux_controller::server - Kynet accept failed: connection error: Endpoint closed
2026-09-15T20:28:41.210 WARN kycontroller::kymux_controller::server - Kynet accept failed: connection error: Endpoint closed
2026-09-15T20:28:41.210 WARN kycontroller::kymux_controller::server - Kynet accept failed: connection error: Endpoint closed
2026-09-15T20:28:41.210 WARN kycontroller::kymux_controller::server - Kynet accept failed: connection error: Endpoint closed
2026-09-15T20:28:41.210 WARN kycontroller::kymux_controller::server - Kynet accept failed: connection error: Endpoint closed
2026-09-15T20:28:41.210 WARN kycontroller::kymux_controller::server - Kynet accept failed: connection error: Endpoint closed
2026-09-15T20:28:41.210 WARN kycontroller::kymux_controller::server - Kynet accept failed: connection error: Endpoint closed
2026-09-15T20:28:41.210 WARN kycontroller::kymux_controller::server - Kynet accept failed: connection error: Endpoint closed
2026-09-15T20:28:41.210 WARN kycontroller::kymux_controller::server - Kynet accept failed: connection error: Endpoint closed
2026-09-15T20:28:41.210 WARN kycontroller::kymux_controller::server - Kynet accept failed: connection error: Endpoint closed
2026-09-15T20:28:41.210 WARN kycontroller::kymux_controller::server - Kynet accept failed: connection error: Endpoint closed
2026-09-15T20:28:41.210 WARN kycontroller::kymux_controller::server - Kynet accept failed: connection error: Endpoint closed
2026-09-15T20:28:41.210 WARN kycontroller::kymux_controller::server - Kynet accept failed: connection error: Endpoint closed
2026-09-15T20:28:41.210 WARN kycontroller::kymux_controller::server - Kynet accept failed: connection error: Endpoint closed
2026-09-15T20:28:41.210 WARN kycontroller::kymux_controller::server - Kynet accept failed: connection error: Endpoint closed
2026-09-15T20:28:41.210 WARN kycontroller::kymux_controller::server - Kynet accept failed: connection error: Endpoint closed
2026-09-15T20:28:41.210 WARN kycontroller::kymux_controller::server - Kynet accept failed: connection error: Endpoint closed
2026-09-15T20:28:41.210 WARN kycontroller::kymux_controller::server - Kynet accept failed: connection error: Endpoint closed
2026-09-15T20:28:41.210 WARN kycontroller::kymux_controller::server - Kynet accept failed: connection error: Endpoint closed
2026-09-15T20:28:41.210 WARN kycontroller::kymux_controller::server - Kynet accept failed: connection error: Endpoint closed
2026-09-15T20:28:41.210 WARN kycontroller::kymux_controller::server - Kynet accept failed: connection error: Endpoint closed
2026-09-15T20:28:41.210 WARN kycontroller::kymux_controller::server - Kynet accept failed: connection error: Endpoint closed
2026-09-15T20:28:41.210 WARN kycontroller::kymux_controller::server - Kynet accept failed: connection error: Endpoint closed
2026-09-15T20:28:41.210 WARN kycontroller::kymux_controller::server - Kynet accept failed: connection error: Endpoint closed
2026-09-15T20:28:41.210 WARN kycontroller::kymux_controller::server - Kynet accept failed: connection error: Endpoint closed
2026-09-15T20:28:41.210 WARN kycontroller::kymux_controller::server - Kynet accept failed: connection error: Endpoint closed
2026-09-15T20:28:41.210 WARN kycontroller::kymux_controller::server - Kynet accept failed: connection error: Endpoint closed
2026-09-15T20:28:41.210 WARN kycontroller::kymux_controller::server - Kynet accept failed: connection error: Endpoint closed
2026-09-15T20:28:41.210 WARN kycontroller::kymux_controller::server - Kynet accept failed: connection error: Endpoint closed
2026-09-15T20:28:41.210 WARN kycontroller::kymux_controller::server - Kynet accept failed: connection error: Endpoint closed
2026-09-15T20:28:41.210 WARN kycontroller::kymux_controller::server - Kynet accept failed: connection error: Endpoint closed
2026-09-15T20:28:41.210 WARN kycontroller::kymux_controller::server - Kynet accept failed: connection error: Endpoint closed
2026-09-15T20:28:41.210 WARN kycontroller::kymux_controller::server - Kynet accept failed: connection error: Endpoint closed
2026-09-15T20:28:41.210 WARN kycontroller::kymux_controller::server - Kynet accept failed: connection error: Endpoint closed
2026-09-15T20:28:41.210 WARN kycontroller::kymux_controller::server - Kynet accept failed: connection error: Endpoint closed
2026-09-15T20:28:41.210 WARN kycontroller::kymux_controller::server - Kynet accept failed: connection error: Endpoint closed
2026-09-15T20:28:41.210 WARN kycontroller::kymux_controller::server - Kynet accept failed: connection error: Endpoint closed
2026-09-15T20:28:41.210 WARN kycontroller::kymux_controller::server - Kynet accept failed: connection error: Endpoint closed
2026-09-15T20:28:41.210 WARN kycontroller::kymux_controller::server - Kynet accept failed: connection error: Endpoint closed
2026-09-15T20:28:41.210 WARN kycontroller::kymux_controller::server - Kynet accept failed: connection error: Endpoint closed
2026-09-15T20:28:41.210 WARN kycontroller::kymux_controller::server - Kynet accept failed: connection error: Endpoint closed
2026-09-15T20:28:41.210 WARN kycontroller::kymux_controller::server - Kynet accept failed: connection error: Endpoint closed
2026-09-15T20:28:41.210 WARN kycontroller::kymux_controller::server - Kynet accept failed: connection error: Endpoint closed
2026-09-15T20:28:41.210 WARN kycontroller::kymux_controller::server - Kynet accept failed: connection error: Endpoint closed
2026-09-15T20:28:41.210 WARN kycontroller::kymux_controller::server - Kynet accept failed: connection error: Endpoint closed
2026-09-15T20:28:41.210 WARN kycontroller::kymux_controller::server - Kynet accept failed: connection error: Endpoint closed
2026-09-15T20:28:41.210 WARN kycontroller::kymux_controller::server - Kynet accept failed: connection error: Endpoint closed
2026-09-15T20:28:41.210 WARN kycontroller::kymux_controller::server - Kynet accept failed: connection error: Endpoint closed
2026-09-15T20:28:41.210 WARN kycontroller::kymux_controller::server - Kynet accept failed: connection error: Endpoint closed
2026-09-15T20:28:41.210 WARN kycontroller::kymux_controller::server - Kynet accept failed: connection error: Endpoint closed
2026-09-15T20:28:41.210 WARN kycontroller::kymux_controller::server - Kynet accept failed: connection error: Endpoint closed
2026-09-15T20:28:41.210 WARN kycontroller::kymux_controller::server - Kynet accept failed: connection error: Endpoint closed
2026-09-15T20:28:41.210 WARN kycontroller::kymux_controller::server - Kynet accept failed: connection error: Endpoint closed
2026-09-15T20:28:41.210 WARN kycontroller::kymux_controller::server - Kynet accept failed: connection error: Endpoint closed
2026-09-15T20:28:41.210 WARN kycontroller::kymux_controller::server - Kynet accept failed: connection error: Endpoint closed
2026-09-15T20:28:41.210 WARN kycontroller::kymux_controller::server - Kynet accept failed: connection error: Endpoint closed
2026-09-15T20:28:41.210 WARN kycontroller::kymux_controller::server - Kynet accept failed: connection error: Endpoint closed
2026-09-15T20:28:41.210 WARN kycontroller::kymux_controller::server - Kynet accept failed: connection error: Endpoint closed
2026-09-15T20:28:41.210 WARN kycontroller::kymux_controller::server - Kynet accept failed: connection error: Endpoint closed
2026-09-15T20:28:41.210 WARN kycontroller::kymux_controller::server - Kynet accept failed: connection error: Endpoint closed
2026-09-15T20:28:41.210 WARN kycontroller::kymux_controller::server - Kynet accept failed: connection error: Endpoint closed
2026-09-15T20:28:41.210 WARN kycontroller::kymux_controller::server - Kynet accept failed: connection error: Endpoint closed
2026-09-15T20:28:41.210 WARN kycontroller::kymux_controller::server - Kynet accept failed: connection error: Endpoint closed
2026-09-15T20:28:41.210 WARN kycontroller::kymux_controller::server - Kynet accept failed: connection error: Endpoint closed
2026-09-15T20:28:41.211 WARN kycontroller::kymux_controller::server - Kynet accept failed: connection error: Endpoint closed
2026-09-15T20:28:41.211 WARN kycontroller::kymux_controller::server - Kynet accept failed: connection error: Endpoint closed
2026-09-15T20:28:41.211 WARN kycontroller::kymux_controller::server - Kynet accept failed: connection error: Endpoint closed
2026-09-15T20:28:41.211 WARN kycontroller::kymux_controller::server - Kynet accept failed: connection error: Endpoint closed
2026-09-15T20:28:41.211 WARN kycontroller::kymux_controller::server - Kynet accept failed: connection error: Endpoint closed
2026-09-15T20:28:41.211 WARN kycontroller::kymux_controller::server - Kynet accept failed: connection error: Endpoint closed
2026-09-15T20:28:41.211 WARN kycontroller::kymux_controller::server - Kynet accept failed: connection error: Endpoint closed
2026-09-15T20:28:41.211 WARN kycontroller::kymux_controller::server - Kynet accept failed: connection error: Endpoint closed
2026-09-15T20:28:41.211 WARN kycontroller::kymux_controller::server - Kynet accept failed: connection error: Endpoint closed
2026-09-15T20:28:41.211 WARN kycontroller::kymux_controller::server - Kynet accept failed: connection error: Endpoint closed
2026-09-15T20:28:41.211 WARN kycontroller::kymux_controller::server - Kynet accept failed: connection error: Endpoint closed
2026-09-15T20:28:41.211 WARN kycontroller::kymux_controller::server - Kynet accept failed: connection error: Endpoint closed
2026-09-15T20:28:41.211 WARN kycontroller::kymux_controller::server - Kynet accept failed: connection error: Endpoint closed
2026-09-15T20:28:41.211 WARN kycontroller::kymux_controller::server - Kynet accept failed: connection error: Endpoint closed
2026-09-15T20:28:41.211 WARN kycontroller::kymux_controller::server - Kynet accept failed: connection error: Endpoint closed
2026-09-15T20:28:41.211 WARN kycontroller::kymux_controller::server - Kynet accept failed: connection error: Endpoint closed
2026-09-15T20:28:41.211 WARN kycontroller::kymux_controller::server - Kynet accept failed: connection error: Endpoint closed
2026-09-15T20:28:41.211 WARN kycontroller::kymux_controller::server - Kynet accept failed: connection error: Endpoint closed
2026-09-15T20:28:41.211 WARN kycontroller::kymux_controller::server - Kynet accept failed: connection error: Endpoint closed
2026-09-15T20:28:41.211 WARN kycontroller::kymux_controller::server - Kynet accept failed: connection error: Endpoint closed
2026-09-15T20:28:41.211 WARN kycontroller::kymux_controller::server - Kynet accept failed: connection error: Endpoint closed
2026-09-15T20:28:41.211 WARN kycontroller::kymux_controller::server - Kynet accept failed: connection error: Endpoint closed
2026-09-15T20:28:41.211 WARN kycontroller::kymux_controller::server - Kynet accept failed: connection error: Endpoint closed
2026-09-15T20:28:41.211 WARN kycontroller::kymux_controller::server - Kynet accept failed: connection error: Endpoint closed
2026-09-15T20:28:41.211 WARN kycontroller::kymux_controller::server - Kynet accept failed: connection error: Endpoint closed
2026-09-15T20:28:41.211 WARN kycontroller::kymux_controller::server - Kynet accept failed: connection error: Endpoint closed
2026-09-15T20:28:41.211 WARN kycontroller::kymux_controller::server - Kynet accept failed: connection error: Endpoint closed
2026-09-15T20:28:41.211 WARN kycontroller::kymux_controller::server - Kynet accept failed: connection error: Endpoint closed
2026-09-15T20:28:41.211 WARN kycontroller::kymux_controller::server - Kynet accept failed: connection error: Endpoint closed
2026-09-15T20:28:41.211 WARN kycontroller::kymux_controller::server - Kynet accept failed: connection error: Endpoint closed
2026-09-15T20:28:41.211 WARN kycontroller::kymux_controller::server - Kynet accept failed: connection error: Endpoint closed
2026-09-15T20:28:41.211 WARN kycontroller::kymux_controller::server - Kynet accept failed: connection error: Endpoint closed
2026-09-15T20:28:41.211 WARN kycontroller::kymux_controller::server - Kynet accept failed: connection error: Endpoint closed
2026-09-15T20:28:41.211 WARN kycontroller::kymux_controller::server - Kynet accept failed: connection error: Endpoint closed
2026-09-15T20:28:41.211 WARN kycontroller::kymux_controller::server - Kynet accept failed: connection error: Endpoint closed
2026-09-15T20:28:41.211 WARN kycontroller::kymux_controller::server - Kynet accept failed: connection error: Endpoint closed
2026-09-15T20:28:41.211 WARN kycontroller::kymux_controller::server - Kynet accept failed: connection error: Endpoint closed
2026-09-15T20:28:41.211 WARN kycontroller::kymux_controller::server - Kynet accept failed: connection error: Endpoint closed
2026-09-15T20:28:41.211 WARN kycontroller::kymux_controller::server - Kynet accept failed: connection error: Endpoint closed
2026-09-15T20:28:41.211 WARN kycontroller::kymux_controller::server - Kynet accept failed: connection error: Endpoint closed
2026-09-15T20:28:41.211 WARN kycontroller::kymux_controller::server - Kynet accept failed: connection error: Endpoint closed
2026-09-15T20:28:41.211 WARN kycontroller::kymux_controller::server - Kynet accept failed: connection error: Endpoint closed
2026-09-15T20:28:41.211 WARN kycontroller::kymux_controller::server - Kynet accept failed: connection error: Endpoint closed
2026-09-15T20:28:41.211 WARN kycontroller::kymux_controller::server - Kynet accept failed: connection error: Endpoint closed
2026-09-15T20:28:41.211 WARN kycontroller::kymux_controller::server - Kynet accept failed: connection error: Endpoint closed
2026-09-15T20:28:41.211 WARN kycontroller::kymux_controller::server - Kynet accept failed: connection error: Endpoint closed
2026-09-15T20:28:41.211 WARN kycontroller::kymux_controller::server - Kynet accept failed: connection error: Endpoint closed
2026-09-15T20:28:41.211 WARN kycontroller::kymux_controller::server - Kynet accept failed: connection error: Endpoint closed
2026-09-15T20:28:41.211 WARN kycontroller::kymux_controller::server - Kynet accept failed: connection error: Endpoint closed
2026-09-15T20:28:41.211 WARN kycontroller::kymux_controller::server - Kynet accept failed: connection error: Endpoint closed
2026-09-15T20:28:41.211 WARN kycontroller::kymux_controller::server - Kynet accept failed: connection error: Endpoint closed
2026-09-15T20:28:41.211 WARN kycontroller::kymux_controller::server - Kynet accept failed: connection error: Endpoint closed
2026-09-15T20:28:41.211 WARN kycontroller::kymux_controller::server - Kynet accept failed: connection error: Endpoint closed
2026-09-15T20:28:41.211 WARN kycontroller::kymux_controller::server - Kynet accept failed: connection error: Endpoint closed
2026-09-15T20:28:41.211 WARN kycontroller::kymux_controller::server - Kynet accept failed: connection error: Endpoint closed
2026-09-15T20:28:41.211 WARN kycontroller::kymux_controller::server - Kynet accept failed: connection error: Endpoint closed
2026-09-15T20:28:41.211 WARN kycontroller::kymux_controller::server - Kynet accept failed: connection error: Endpoint closed
2026-09-15T20:28:41.211 WARN kycontroller::kymux_controller::server - Kynet accept failed: connection error: Endpoint closed
2026-09-15T20:28:41.211 WARN kycontroller::kymux_controller::server - Kynet accept failed: connection error: Endpoint closed
2026-09-15T20:28:41.211 WARN kycontroller::kymux_controller::server - Kynet accept failed: connection error: Endpoint closed
2026-09-15T20:28:41.211 WARN kycontroller::kymux_controller::server - Kynet accept failed: connection error: Endpoint closed
2026-09-15T20:28:41.211 WARN kycontroller::kymux_controller::server - Kynet accept failed: connection error: Endpoint closed
2026-09-15T20:28:41.211 WARN kycontroller::kymux_controller::server - Kynet accept failed: connection error: Endpoint closed
2026-09-15T20:28:41.211 WARN kycontroller::kymux_controller::server - Kynet accept failed: connection error: Endpoint closed
2026-09-15T20:28:41.211 WARN kycontroller::kymux_controller::server - Kynet accept failed: connection error: Endpoint closed
2026-09-15T20:28:41.211 WARN kycontroller::kymux_controller::server - Kynet accept failed: connection error: Endpoint closed
2026-09-15T20:28:41.211 WARN kycontroller::kymux_controller::server - Kynet accept failed: connection error: Endpoint closed
2026-09-15T20:28:41.211 WARN kycontroller::kymux_controller::server - Kynet accept failed: connection error: Endpoint closed
2026-09-15T20:28:41.211 WARN kycontroller::kymux_controller::server - Kynet accept failed: connection error: Endpoint closed
2026-09-15T20:28:41.211 WARN kycontroller::kymux_controller::server - Kynet accept failed: connection error: Endpoint closed
2026-09-15T20:28:41.211 WARN kycontroller::kymux_controller::server - Kynet accept failed: connection error: Endpoint closed
2026-09-15T20:28:41.211 WARN kycontroller::kymux_controller::server - Kynet accept failed: connection error: Endpoint closed
2026-09-15T20:28:41.211 WARN kycontroller::kymux_controller::server - Kynet accept failed: connection error: Endpoint closed
2026-09-15T20:28:41.211 WARN kycontroller::kymux_controller::server - Kynet accept failed: connection error: Endpoint closed
2026-09-15T20:28:41.211 WARN kycontroller::kymux_controller::server - Kynet accept failed: connection error: Endpoint closed
2026-09-15T20:28:41.211 WARN kycontroller::kymux_controller::server - Kynet accept failed: connection error: Endpoint closed
2026-09-15T20:28:41.211 WARN kycontroller::kymux_controller::server - Kynet accept failed: connection error: Endpoint closed
2026-09-15T20:28:41.211 WARN kycontroller::kymux_controller::server - Kynet accept failed: connection error: Endpoint closed
2026-09-15T20:28:41.211 WARN kycontroller::kymux_controller::server - Kynet accept failed: connection error: Endpoint closed
2026-09-15T20:28:41.211 WARN kycontroller::kymux_controller::server - Kynet accept failed: connection error: Endpoint closed
2026-09-15T20:28:41.211 WARN kycontroller::kymux_controller::server - Kynet accept failed: connection error: Endpoint closed
2026-09-15T20:28:41.211 WARN kycontroller::kymux_controller::server - Kynet accept failed: connection error: Endpoint closed
2026-09-15T20:28:41.211 WARN kycontroller::kymux_controller::server - Kynet accept failed: connection error: Endpoint closed
2026-09-15T20:28:41.211 WARN kycontroller::kymux_controller::server - Kynet accept failed: connection error: Endpoint closed
2026-09-15T20:28:41.211 WARN kycontroller::kymux_controller::server - Kynet accept failed: connection error: Endpoint closed
2026-09-15T20:28:41.211 WARN kycontroller::kymux_controller::server - Kynet accept failed: connection error: Endpoint closed
2026-09-15T20:28:41.211 WARN kycontroller::kymux_controller::server - Kynet accept failed: connection error: Endpoint closed
2026-09-15T20:28:41.211 WARN kycontroller::kymux_controller::server - Kynet accept failed: connection error: Endpoint closed
2026-09-15T20:28:41.211 WARN kycontroller::kymux_controller::server - Kynet accept failed: connection error: Endpoint closed
2026-09-15T20:28:41.211 WARN kycontroller::kymux_controller::server - Kynet accept failed: connection error: Endpoint closed
2026-09-15T20:28:41.211 WARN kycontroller::kymux_controller::server - Kynet accept failed: connection error: Endpoint closed
2026-09-15T20:28:41.212 WARN kycontroller::kymux_controller::server - Kynet accept failed: connection error: Endpoint closed
2026-09-15T20:28:41.212 WARN kycontroller::kymux_controller::server - Kynet accept failed: connection error: Endpoint closed
2026-09-15T20:28:41.212 WARN kycontroller::kymux_controller::server - Kynet accept failed: connection error: Endpoint closed
2026-09-15T20:28:41.212 WARN kycontroller::kymux_controller::server - Kynet accept failed: connection error: Endpoint closed
2026-09-15T20:28:41.212 WARN kycontroller::kymux_controller::server - Kynet accept failed: connection error: Endpoint closed
2026-09-15T20:28:41.212 WARN kycontroller::kymux_controller::server - Kynet accept failed: connection error: Endpoint closed
2026-09-15T20:28:41.212 WARN kycontroller::kymux_controller::server - Kynet accept failed: connection error: Endpoint closed
2026-09-15T20:28:41.212 WARN kycontroller::kymux_controller::server - Kynet accept failed: connection error: Endpoint closed
2026-09-15T20:28:41.212 WARN kycontroller::kymux_controller::server - Kynet accept failed: connection error: Endpoint closed
2026-09-15T20:28:41.212 WARN kycontroller::kymux_controller::server - Kynet accept failed: connection error: Endpoint closed
2026-09-15T20:28:41.212 WARN kycontroller::kymux_controller::server - Kynet accept failed: connection error: Endpoint closed
2026-09-15T20:28:41.212 WARN kycontroller::kymux_controller::server - Kynet accept failed: connection error: Endpoint closed
2026-09-15T20:28:41.212 WARN kycontroller::kymux_controller::server - Kynet accept failed: connection error: Endpoint closed
2026-09-15T20:28:41.212 WARN kycontroller::kymux_controller::server - Kynet accept failed: connection error: Endpoint closed
2026-09-15T20:28:41.212 WARN kycontroller::kymux_controller::server - Kynet accept failed: connection error: Endpoint closed
2026-09-15T20:28:41.212 WARN kycontroller::kymux_controller::server - Kynet accept failed: connection error: Endpoint closed
2026-09-15T20:28:41.212 WARN kycontroller::kymux_controller::server - Kynet accept failed: connection error: Endpoint closed
2026-09-15T20:28:41.212 WARN kycontroller::kymux_controller::server - Kynet accept failed: connection error: Endpoint closed
2026-09-15T20:28:41.212 WARN kycontroller::kymux_controller::server - Kynet accept failed: connection error: Endpoint closed
2026-09-15T20:28:41.212 WARN kycontroller::kymux_controller::server - Kynet accept failed: connection error: Endpoint closed
2026-09-15T20:28:41.212 WARN kycontroller::kymux_controller::server - Kynet accept failed: connection error: Endpoint closed
2026-09-15T20:28:41.212 WARN kycontroller::kymux_controller::server - Kynet accept failed: connection error: Endpoint closed
2026-09-15T20:28:41.212 WARN kycontroller::kymux_controller::server - Kynet accept failed: connection error: Endpoint closed
2026-09-15T20:28:41.212 WARN kycontroller::kymux_controller::server - Kynet accept failed: connection error: Endpoint closed
2026-09-15T20:28:41.212 WARN kycontroller::kymux_controller::server - Kynet accept failed: connection error: Endpoint closed
2026-09-15T20:28:41.212 WARN kycontroller::kymux_controller::server - Kynet accept failed: connection error: Endpoint closed
2026-09-15T20:28:41.212 WARN kycontroller::kymux_controller::server - Kynet accept failed: connection error: Endpoint closed
2026-09-15T20:28:41.212 WARN kycontroller::kymux_controller::server - Kynet accept failed: connection error: Endpoint closed
2026-09-15T20:28:41.212 WARN kycontroller::kymux_controller::server - Kynet accept failed: connection error: Endpoint closed
2026-09-15T20:28:41.212 WARN kycontroller::kymux_controller::server - Kynet accept failed: connection error: Endpoint closed
2026-09-15T20:28:41.212 WARN kycontroller::kymux_controller::server - Kynet accept failed: connection error: Endpoint closed
2026-09-15T20:28:41.212 WARN kycontroller::kymux_controller::server - Kynet accept failed: connection error: Endpoint closed
2026-09-15T20:28:41.212 WARN kycontroller::kymux_controller::server - Kynet accept failed: connection error: Endpoint closed
2026-09-15T20:28:41.212 WARN kycontroller::kymux_controller::server - Kynet accept failed: connection error: Endpoint closed
2026-09-15T20:28:41.212 WARN kycontroller::kymux_controller::server - Kynet accept failed: connection error: Endpoint closed
2026-09-15T20:28:41.212 WARN kycontroller::kymux_controller::server - Kynet accept failed: connection error: Endpoint closed
2026-09-15T20:28:41.212 WARN kycontroller::kymux_controller::server - Kynet accept failed: connection error: Endpoint closed
2026-09-15T20:28:41.212 WARN kycontroller::kymux_controller::server - Kynet accept failed: connection error: Endpoint closed
2026-09-15T20:28:41.212 WARN kycontroller::kymux_controller::server - Kynet accept failed: connection error: Endpoint closed
2026-09-15T20:28:41.212 WARN kycontroller::kymux_controller::server - Kynet accept failed: connection error: Endpoint closed
2026-09-15T20:28:41.212 WARN kycontroller::kymux_controller::server - Kynet accept failed: connection error: Endpoint closed
2026-09-15T20:28:41.212 WARN kycontroller::kymux_controller::server - Kynet accept failed: connection error: Endpoint closed
2026-09-15T20:28:41.212 WARN kycontroller::kymux_controller::server - Kynet accept failed: connection error: Endpoint closed
2026-09-15T20:28:41.212 WARN kycontroller::kymux_controller::server - Kynet accept failed: connection error: Endpoint closed
2026-09-15T20:28:41.212 WARN kycontroller::kymux_controller::server - Kynet accept failed: connection error: Endpoint closed
2026-09-15T20:28:41.212 WARN kycontroller::kymux_controller::server - Kynet accept failed: connection error: Endpoint closed
2026-09-15T20:28:41.212 WARN kycontroller::kymux_controller::server - Kynet accept failed: connection error: Endpoint closed
2026-09-15T20:28:41.212 WARN kycontroller::kymux_controller::server - Kynet accept failed: connection error: Endpoint closed
2026-09-15T20:28:41.212 WARN kycontroller::kymux_controller::server - Kynet accept failed: connection error: Endpoint closed
2026-09-15T20:28:41.212 WARN kycontroller::kymux_controller::server - Kynet accept failed: connection error: Endpoint closed
2026-09-15T20:28:41.212 WARN kycontroller::kymux_controller::server - Kynet accept failed: connection error: Endpoint closed
2026-09-15T20:28:41.212 WARN kycontroller::kymux_controller::server - Kynet accept failed: connection error: Endpoint closed
2026-09-15T20:28:41.212 WARN kycontroller::kymux_controller::server - Kynet accept failed: connection error: Endpoint closed
2026-09-15T20:28:41.212 WARN kycontroller::kymux_controller::server - Kynet accept failed: connection error: Endpoint closed
2026-09-15T20:28:41.212 WARN kycontroller::kymux_controller::server - Kynet accept failed: connection error: Endpoint closed
2026-09-15T20:28:41.212 WARN kycontroller::kymux_controller::server - Kynet accept failed: connection error: Endpoint closed
2026-09-15T20:28:41.212 WARN kycontroller::kymux_controller::server - Kynet accept failed: connection error: Endpoint closed
2026-09-15T20:28:41.212 WARN kycontroller::kymux_controller::server - Kynet accept failed: connection error: Endpoint closed
2026-09-15T20:28:41.212 WARN kycontroller::kymux_controller::server - Kynet accept failed: connection error: Endpoint closed
2026-09-15T20:28:41.212 WARN kycontroller::kymux_controller::server - Kynet accept failed: connection error: Endpoint closed
2026-09-15T20:28:41.212 WARN kycontroller::kymux_controller::server - Kynet accept failed: connection error: Endpoint closed
2026-09-15T20:28:41.212 WARN kycontroller::kymux_controller::server - Kynet accept failed: connection error: Endpoint closed
2026-09-15T20:28:41.212 WARN kycontroller::kymux_controller::server - Kynet accept failed: connection error: Endpoint closed
2026-09-15T20:28:41.212 WARN kycontroller::kymux_controller::server - Kynet accept failed: connection error: Endpoint closed
2026-09-15T20:28:41.212 WARN kycontroller::kymux_controller::server - Kynet accept failed: connection error: Endpoint closed
2026-09-15T20:28:41.212 WARN kycontroller::kymux_controller::server - Kynet accept failed: connection error: Endpoint closed
2026-09-15T20:28:41.212 WARN kycontroller::kymux_controller::server - Kynet accept failed: connection error: Endpoint closed
2026-09-15T20:28:41.212 WARN kycontroller::kymux_controller::server - Kynet accept failed: connection error: Endpoint closed
2026-09-15T20:28:41.212 WARN kycontroller::kymux_controller::server - Kynet accept failed: connection error: Endpoint closed
2026-09-15T20:28:41.212 WARN kycontroller::kymux_controller::server - Kynet accept failed: connection error: Endpoint closed
2026-09-15T20:28:41.212 WARN kycontroller::kymux_controller::server - Kynet accept failed: connection error: Endpoint closed
2026-09-15T20:28:41.212 WARN kycontroller::kymux_controller::server - Kynet accept failed: connection error: Endpoint closed
2026-09-15T20:28:41.212 WARN kycontroller::kymux_controller::server - Kynet accept failed: connection error: Endpoint closed
2026-09-15T20:28:41.212 WARN kycontroller::kymux_controller::server - Kynet accept failed: connection error: Endpoint closed
2026-09-15T20:28:41.212 WARN kycontroller::kymux_controller::server - Kynet accept failed: connection error: Endpoint closed
2026-09-15T20:28:41.212 WARN kycontroller::kymux_controller::server - Kynet accept failed: connection error: Endpoint closed
2026-09-15T20:28:41.212 WARN kycontroller::kymux_controller::server - Kynet accept failed: connection error: Endpoint closed
2026-09-15T20:28:41.212 WARN kycontroller::kymux_controller::server - Kynet accept failed: connection error: Endpoint closed
2026-09-15T20:28:41.212 WARN kycontroller::kymux_controller::server - Kynet accept failed: connection error: Endpoint closed
2026-09-15T20:28:41.212 WARN kycontroller::kymux_controller::server - Kynet accept failed: connection error: Endpoint closed
2026-09-15T20:28:41.212 WARN kycontroller::kymux_controller::server - Kynet accept failed: connection error: Endpoint closed
2026-09-15T20:28:41.212 WARN kycontroller::kymux_controller::server - Kynet accept failed: connection error: Endpoint closed
2026-09-15T20:28:41.212 WARN kycontroller::kymux_controller::server - Kynet accept failed: connection error: Endpoint closed
2026-09-15T20:28:41.212 WARN kycontroller::kymux_controller::server - Kynet accept failed: connection error: Endpoint closed
2026-09-15T20:28:41.213 WARN kycontroller::kymux_controller::server - Kynet accept failed: connection error: Endpoint closed
2026-09-15T20:28:41.213 WARN kycontroller::kymux_controller::server - Kynet accept failed: connection error: Endpoint closed
2026-09-15T20:28:41.213 WARN kycontroller::kymux_controller::server - Kynet accept failed: connection error: Endpoint closed
2026-09-15T20:28:41.213 WARN kycontroller::kymux_controller::server - Kynet accept failed: connection error: Endpoint closed
2026-09-15T20:28:41.213 WARN kycontroller::kymux_controller::server - Kynet accept failed: connection error: Endpoint closed
2026-09-15T20:28:41.213 WARN kycontroller::kymux_controller::server - Kynet accept failed: connection error: Endpoint closed
2026-09-15T20:28:41.213 WARN kycontroller::kymux_controller::server - Kynet accept failed: connection error: Endpoint closed
2026-09-15T20:28:41.213 WARN kycontroller::kymux_controller::server - Kynet accept failed: connection error: Endpoint closed
2026-09-15T20:28:41.213 WARN kycontroller::kymux_controller::server - Kynet accept failed: connection error: Endpoint closed
2026-09-15T20:28:41.213 WARN kycontroller::kymux_controller::server - Kynet accept failed: connection error: Endpoint closed
2026-09-15T20:28:41.213 WARN kycontroller::kymux_controller::server - Kynet accept failed: connection error: Endpoint closed
2026-09-15T20:28:41.213 WARN kycontroller::kymux_controller::server - Kynet accept failed: connection error: Endpoint closed
2026-09-15T20:28:41.213 WARN kycontroller::kymux_controller::server - Kynet accept failed: connection error: Endpoint closed
2026-09-15T20:28:41.213 WARN kycontroller::kymux_controller::server - Kynet accept failed: connection error: Endpoint closed
2026-09-15T20:28:41.213 WARN kycontroller::kymux_controller::server - Kynet accept failed: connection error: Endpoint closed
2026-09-15T20:28:41.213 WARN kycontroller::kymux_controller::server - Kynet accept failed: connection error: Endpoint closed
2026-09-15T20:28:41.213 WARN kycontroller::kymux_controller::server - Kynet accept failed: connection error: Endpoint closed
2026-09-15T20:28:41.213 WARN kycontroller::kymux_controller::server - Kynet accept failed: connection error: Endpoint closed
2026-09-15T20:28:41.213 WARN kycontroller::kymux_controller::server - Kynet accept failed: connection error: Endpoint closed
2026-09-15T20:28:41.213 WARN kycontroller::kymux_controller::server - Kynet accept failed: connection error: Endpoint closed
2026-09-15T20:28:41.213 WARN kycontroller::kymux_controller::server - Kynet accept failed: connection error: Endpoint closed
2026-09-15T20:28:41.213 WARN kycontroller::kymux_controller::server - Kynet accept failed: connection error: Endpoint closed
2026-09-15T20:28:41.213 WARN kycontroller::kymux_controller::server - Kynet accept failed: connection error: Endpoint closed
2026-09-15T20:28:41.213 WARN kycontroller::kymux_controller::server - Kynet accept failed: connection error: Endpoint closed
2026-09-15T20:28:41.213 WARN kycontroller::kymux_controller::server - Kynet accept failed: connection error: Endpoint closed
2026-09-15T20:28:41.213 WARN kycontroller::kymux_controller::server - Kynet accept failed: connection error: Endpoint closed
2026-09-15T20:28:41.213 WARN kycontroller::kymux_controller::server - Kynet accept failed: connection error: Endpoint closed
2026-09-15T20:28:41.213 WARN kycontroller::kymux_controller::server - Kynet accept failed: connection error: Endpoint closed
2026-09-15T20:28:41.213 WARN kycontroller::kymux_controller::server - Kynet accept failed: connection error: Endpoint closed
2026-09-15T20:28:41.213 WARN kycontroller::kymux_controller::server - Kynet accept failed: connection error: Endpoint closed
2026-09-15T20:28:41.213 WARN kycontroller::kymux_controller::server - Kynet accept failed: connection error: Endpoint closed
2026-09-15T20:28:41.213 WARN kycontroller::kymux_controller::server - Kynet accept failed: connection error: Endpoint closed
2026-09-15T20:28:41.213 WARN kycontroller::kymux_controller::server - Kynet accept failed: connection error: Endpoint closed
2026-09-15T20:28:41.213 WARN kycontroller::kymux_controller::server - Kynet accept failed: connection error: Endpoint closed
2026-09-15T20:28:41.213 WARN kycontroller::kymux_controller::server - Kynet accept failed: connection error: Endpoint closed
2026-09-15T20:28:41.213 WARN kycontroller::kymux_controller::server - Kynet accept failed: connection error: Endpoint closed
2026-09-15T20:28:41.213 WARN kycontroller::kymux_controller::server - Kynet accept failed: connection error: Endpoint closed
2026-09-15T20:28:41.213 WARN kycontroller::kymux_controller::server - Kynet accept failed: connection error: Endpoint closed
2026-09-15T20:28:41.213 WARN kycontroller::kymux_controller::server - Kynet accept failed: connection error: Endpoint closed
2026-09-15T20:28:41.213 WARN kycontroller::kymux_controller::server - Kynet accept failed: connection error: Endpoint closed
2026-09-15T20:28:41.213 WARN kycontroller::kymux_controller::server - Kynet accept failed: connection error: Endpoint closed
2026-09-15T20:28:41.213 WARN kycontroller::kymux_controller::server - Kynet accept failed: connection error: Endpoint closed
2026-09-15T20:28:41.213 WARN kycontroller::kymux_controller::server - Kynet accept failed: connection error: Endpoint closed
2026-09-15T20:28:41.213 WARN kycontroller::kymux_controller::server - Kynet accept failed: connection error: Endpoint closed
2026-09-15T20:28:41.213 WARN kycontroller::kymux_controller::server - Kynet accept failed: connection error: Endpoint closed
2026-09-15T20:28:41.213 WARN kycontroller::kymux_controller::server - Kynet accept failed: connection error: Endpoint closed
2026-09-15T20:28:41.213 WARN kycontroller::kymux_controller::server - Kynet accept failed: connection error: Endpoint closed
2026-09-15T20:28:41.213 WARN kycontroller::kymux_controller::server - Kynet accept failed: connection error: Endpoint closed
2026-09-15T20:28:41.213 WARN kycontroller::kymux_controller::server - Kynet accept failed: connection error: Endpoint closed
2026-09-15T20:28:41.213 WARN kycontroller::kymux_controller::server - Kynet accept failed: connection error: Endpoint closed
2026-09-15T20:28:41.213 WARN kycontroller::kymux_controller::server - Kynet accept failed: connection error: Endpoint closed
2026-09-15T20:28:41.213 WARN kycontroller::kymux_controller::server - Kynet accept failed: connection error: Endpoint closed
2026-09-15T20:28:41.213 WARN kycontroller::kymux_controller::server - Kynet accept failed: connection error: Endpoint closed
2026-09-15T20:28:41.213 WARN kycontroller::kymux_controller::server - Kynet accept failed: connection error: Endpoint closed
2026-09-15T20:28:41.213 WARN kycontroller::kymux_controller::server - Kynet accept failed: connection error: Endpoint closed
2026-09-15T20:28:41.213 WARN kycontroller::kymux_controller::server - Kynet accept failed: connection error: Endpoint closed
2026-09-15T20:28:41.213 WARN kycontroller::kymux_controller::server - Kynet accept failed: connection error: Endpoint closed
2026-09-15T20:28:41.213 WARN kycontroller::kymux_controller::server - Kynet accept failed: connection error: Endpoint closed
2026-09-15T20:28:41.213 WARN kycontroller::kymux_controller::server - Kynet accept failed: connection error: Endpoint closed
2026-09-15T20:28:41.213 WARN kycontroller::kymux_controller::server - Kynet accept failed: connection error: Endpoint closed
2026-09-15T20:28:41.213 WARN kycontroller::kymux_controller::server - Kynet accept failed: connection error: Endpoint closed
2026-09-15T20:28:41.213 WARN kycontroller::kymux_controller::server - Kynet accept failed: connection error: Endpoint closed
2026-09-15T20:28:41.213 WARN kycontroller::kymux_controller::server - Kynet accept failed: connection error: Endpoint closed
2026-09-15T20:28:41.213 WARN kycontroller::kymux_controller::server - Kynet accept failed: connection error: Endpoint closed
2026-09-15T20:28:41.213 WARN kycontroller::kymux_controller::server - Kynet accept failed: connection error: Endpoint closed
2026-09-15T20:28:41.213 WARN kycontroller::kymux_controller::server - Kynet accept failed: connection error: Endpoint closed
2026-09-15T20:28:41.213 WARN kycontroller::kymux_controller::server - Kynet accept failed: connection error: Endpoint closed
2026-09-15T20:28:41.213 WARN kycontroller::kymux_controller::server - Kynet accept failed: connection error: Endpoint closed
2026-09-15T20:28:41.213 WARN kycontroller::kymux_controller::server - Kynet accept failed: connection error: Endpoint closed
2026-09-15T20:28:41.213 WARN kycontroller::kymux_controller::server - Kynet accept failed: connection error: Endpoint closed
2026-09-15T20:28:41.213 WARN kycontroller::kymux_controller::server - Kynet accept failed: connection error: Endpoint closed
2026-09-15T20:28:41.213 WARN kycontroller::kymux_controller::server - Kynet accept failed: connection error: Endpoint closed
2026-09-15T20:28:41.213 WARN kycontroller::kymux_controller::server - Kynet accept failed: connection error: Endpoint closed
2026-09-15T20:28:41.213 WARN kycontroller::kymux_controller::server - Kynet accept failed: connection error: Endpoint closed
2026-09-15T20:28:41.213 WARN kycontroller::kymux_controller::server - Kynet accept failed: connection error: Endpoint closed
2026-09-15T20:28:41.213 WARN kycontroller::kymux_controller::server - Kynet accept failed: connection error: Endpoint closed
2026-09-15T20:28:41.213 WARN kycontroller::kymux_controller::server - Kynet accept failed: connection error: Endpoint closed
2026-09-15T20:28:41.213 WARN kycontroller::kymux_controller::server - Kynet accept failed: connection error: Endpoint closed
2026-09-15T20:28:41.213 WARN kycontroller::kymux_controller::server - Kynet accept failed: connection error: Endpoint closed
2026-09-15T20:28:41.213 WARN kycontroller::kymux_controller::server - Kynet accept failed: connection error: Endpoint closed
2026-09-15T20:28:41.213 WARN kycontroller::kymux_controller::server - Kynet accept failed: connection error: Endpoint closed
2026-09-15T20:28:41.213 WARN kycontroller::kymux_controller::server - Kynet accept failed: connection error: Endpoint closed
2026-09-15T20:28:41.213 WARN kycontroller::kymux_controller::server - Kynet accept failed: connection error: Endpoint closed
2026-09-15T20:28:41.213 WARN kycontroller::kymux_controller::server - Kynet accept failed: connection error: Endpoint closed
2026-09-15T20:28:41.213 WARN kycontroller::kymux_controller::server - Kynet accept failed: connection error: Endpoint closed
2026-09-15T20:28:41.213 WARN kycontroller::kymux_controller::server - Kynet accept failed: connection error: Endpoint closed
2026-09-15T20:28:41.213 WARN kycontroller::kymux_controller::server - Kynet accept failed: connection error: Endpoint closed
2026-09-15T20:28:41.213 WARN kycontroller::kymux_controller::server - Kynet accept failed: connection error: Endpoint closed
2026-09-15T20:28:41.213 WARN kycontroller::kymux_controller::server - Kynet accept failed: connection error: Endpoint closed
2026-09-15T20:28:41.213 WARN kycontroller::kymux_controller::server - Kynet accept failed: connection error: Endpoint closed
2026-09-15T20:28:41.213 WARN kycontroller::kymux_controller::server - Kynet accept failed: connection error: Endpoint closed
2026-09-15T20:28:41.213 WARN kycontroller::kymux_controller::server - Kynet accept failed: connection error: Endpoint closed
2026-09-15T20:28:41.214 WARN kycontroller::kymux_controller::server - Kynet accept failed: connection error: Endpoint closed
2026-09-15T20:28:41.214 WARN kycontroller::kymux_controller::server - Kynet accept failed: connection error: Endpoint closed
2026-09-15T20:28:41.214 WARN kycontroller::kymux_controller::server - Kynet accept failed: connection error: Endpoint closed
2026-09-15T20:28:41.214 WARN kycontroller::kymux_controller::server - Kynet accept failed: connection error: Endpoint closed
2026-09-15T20:28:41.214 WARN kycontroller::kymux_controller::server - Kynet accept failed: connection error: Endpoint closed
2026-09-15T20:28:41.214 WARN kycontroller::kymux_controller::server - Kynet accept failed: connection error: Endpoint closed
2026-09-15T20:28:41.214 WARN kycontroller::kymux_controller::server - Kynet accept failed: connection error: Endpoint closed
2026-09-15T20:28:41.214 WARN kycontroller::kymux_controller::server - Kynet accept failed: connection error: Endpoint closed
2026-09-15T20:28:41.214 WARN kycontroller::kymux_controller::server - Kynet accept failed: connection error: Endpoint closed
2026-09-15T20:28:41.214 WARN kycontroller::kymux_controller::server - Kynet accept failed: connection error: Endpoint closed
2026-09-15T20:28:41.214 WARN kycontroller::kymux_controller::server - Kynet accept failed: connection error: Endpoint closed
2026-09-15T20:28:41.214 WARN kycontroller::kymux_controller::server - Kynet accept failed: connection error: Endpoint closed
2026-09-15T20:28:41.214 WARN kycontroller::kymux_controller::server - Kynet accept failed: connection error: Endpoint closed
2026-09-15T20:28:41.214 WARN kycontroller::kymux_controller::server - Kynet accept failed: connection error: Endpoint closed
2026-09-15T20:28:41.214 WARN kycontroller::kymux_controller::server - Kynet accept failed: connection error: Endpoint closed
2026-09-15T20:28:41.214 WARN kycontroller::kymux_controller::server - Kynet accept failed: connection error: Endpoint closed
2026-09-15T20:28:41.214 WARN kycontroller::kymux_controller::server - Kynet accept failed: connection error: Endpoint closed
2026-09-15T20:28:41.214 WARN kycontroller::kymux_controller::server - Kynet accept failed: connection error: Endpoint closed
2026-09-15T20:28:41.214 WARN kycontroller::kymux_controller::server - Kynet accept failed: connection error: Endpoint closed
2026-09-15T20:28:41.214 WARN kycontroller::kymux_controller::server - Kynet accept failed: connection error: Endpoint closed
2026-09-15T20:28:41.214 WARN kycontroller::kymux_controller::server - Kynet accept failed: connection error: Endpoint closed
2026-09-15T20:28:41.214 WARN kycontroller::kymux_controller::server - Kynet accept failed: connection error: Endpoint closed
2026-09-15T20:28:41.214 WARN kycontroller::kymux_controller::server - Kynet accept failed: connection error: Endpoint closed
2026-09-15T20:28:41.214 WARN kycontroller::kymux_controller::server - Kynet accept failed: connection error: Endpoint closed
2026-09-15T20:28:41.214 WARN kycontroller::kymux_controller::server - Kynet accept failed: connection error: Endpoint closed
2026-09-15T20:28:41.214 WARN kycontroller::kymux_controller::server - Kynet accept failed: connection error: Endpoint closed
2026-09-15T20:28:41.214 WARN kycontroller::kymux_controller::server - Kynet accept failed: connection error: Endpoint closed
2026-09-15T20:28:41.214 WARN kycontroller::kymux_controller::server - Kynet accept failed: connection error: Endpoint closed
2026-09-15T20:28:41.214 WARN kycontroller::kymux_controller::server - Kynet accept failed: connection error: Endpoint closed
2026-09-15T20:28:41.214 WARN kycontroller::kymux_controller::server - Kynet accept failed: connection error: Endpoint closed
2026-09-15T20:28:41.214 WARN kycontroller::kymux_controller::server - Kynet accept failed: connection error: Endpoint closed
2026-09-15T20:28:41.214 WARN kycontroller::kymux_controller::server - Kynet accept failed: connection error: Endpoint closed
2026-09-15T20:28:41.214 WARN kycontroller::kymux_controller::server - Kynet accept failed: connection error: Endpoint closed
2026-09-15T20:28:41.214 WARN kycontroller::kymux_controller::server - Kynet accept failed: connection error: Endpoint closed
2026-09-15T20:28:41.214 WARN kycontroller::kymux_controller::server - Kynet accept failed: connection error: Endpoint closed
2026-09-15T20:28:41.214 WARN kycontroller::kymux_controller::server - Kynet accept failed: connection error: Endpoint closed
2026-09-15T20:28:41.214 WARN kycontroller::kymux_controller::server - Kynet accept failed: connection error: Endpoint closed
2026-09-15T20:28:41.214 WARN kycontroller::kymux_controller::server - Kynet accept failed: connection error: Endpoint closed
2026-09-15T20:28:41.214 WARN kycontroller::kymux_controller::server - Kynet accept failed: connection error: Endpoint closed
2026-09-15T20:28:41.214 WARN kycontroller::kymux_controller::server - Kynet accept failed: connection error: Endpoint closed
2026-09-15T20:28:41.214 WARN kycontroller::kymux_controller::server - Kynet accept failed: connection error: Endpoint closed
2026-09-15T20:28:41.214 WARN kycontroller::kymux_controller::server - Kynet accept failed: connection error: Endpoint closed
2026-09-15T20:28:41.214 WARN kycontroller::kymux_controller::server - Kynet accept failed: connection error: Endpoint closed
2026-09-15T20:28:41.214 WARN kycontroller::kymux_controller::server - Kynet accept failed: connection error: Endpoint closed
2026-09-15T20:28:41.214 WARN kycontroller::kymux_controller::server - Kynet accept failed: connection error: Endpoint closed
2026-09-15T20:28:41.214 WARN kycontroller::kymux_controller::server - Kynet accept failed: connection error: Endpoint closed
2026-09-15T20:28:41.214 WARN kycontroller::kymux_controller::server - Kynet accept failed: connection error: Endpoint closed
2026-09-15T20:28:41.214 WARN kycontroller::kymux_controller::server - Kynet accept failed: connection error: Endpoint closed
2026-09-15T20:28:41.214 WARN kycontroller::kymux_controller::server - Kynet accept failed: connection error: Endpoint closed
2026-09-15T20:28:41.214 WARN kycontroller::kymux_controller::server - Kynet accept failed: connection error: Endpoint closed
2026-09-15T20:28:41.214 WARN kycontroller::kymux_controller::server - Kynet accept failed: connection error: Endpoint closed
2026-09-15T20:28:41.214 WARN kycontroller::kymux_controller::server - Kynet accept failed: connection error: Endpoint closed
2026-09-15T20:28:41.214 WARN kycontroller::kymux_controller::server - Kynet accept failed: connection error: Endpoint closed
2026-09-15T20:28:41.214 WARN kycontroller::kymux_controller::server - Kynet accept failed: connection error: Endpoint closed
2026-09-15T20:28:41.214 WARN kycontroller::kymux_controller::server - Kynet accept failed: connection error: Endpoint closed
2026-09-15T20:28:41.214 WARN kycontroller::kymux_controller::server - Kynet accept failed: connection error: Endpoint closed
2026-09-15T20:28:41.214 WARN kycontroller::kymux_controller::server - Kynet accept failed: connection error: Endpoint closed
2026-09-15T20:28:41.214 WARN kycontroller::kymux_controller::server - Kynet accept failed: connection error: Endpoint closed
2026-09-15T20:28:41.214 WARN kycontroller::kymux_controller::server - Kynet accept failed: connection error: Endpoint closed
2026-09-15T20:28:41.214 WARN kycontroller::kymux_controller::server - Kynet accept failed: connection error: Endpoint closed
2026-09-15T20:28:41.214 WARN kycontroller::kymux_controller::server - Kynet accept failed: connection error: Endpoint closed
2026-09-15T20:28:41.214 WARN kycontroller::kymux_controller::server - Kynet accept failed: connection error: Endpoint closed
2026-09-15T20:28:41.214 WARN kycontroller::kymux_controller::server - Kynet accept failed: connection error: Endpoint closed
2026-09-15T20:28:41.214 WARN kycontroller::kymux_controller::server - Kynet accept failed: connection error: Endpoint closed
2026-09-15T20:28:41.214 WARN kycontroller::kymux_controller::server - Kynet accept failed: connection error: Endpoint closed
2026-09-15T20:28:41.214 WARN kycontroller::kymux_controller::server - Kynet accept failed: connection error: Endpoint closed
2026-09-15T20:28:41.214 WARN kycontroller::kymux_controller::server - Kynet accept failed: connection error: Endpoint closed
2026-09-15T20:28:41.214 WARN kycontroller::kymux_controller::server - Kynet accept failed: connection error: Endpoint closed
2026-09-15T20:28:41.214 WARN kycontroller::kymux_controller::server - Kynet accept failed: connection error: Endpoint closed
2026-09-15T20:28:41.214 WARN kycontroller::kymux_controller::server - Kynet accept failed: connection error: Endpoint closed
2026-09-15T20:28:41.214 WARN kycontroller::kymux_controller::server - Kynet accept failed: connection error: Endpoint closed
2026-09-15T20:28:41.214 WARN kycontroller::kymux_controller::server - Kynet accept failed: connection error: Endpoint closed
2026-09-15T20:28:41.214 WARN kycontroller::kymux_controller::server - Kynet accept failed: connection error: Endpoint closed
2026-09-15T20:28:41.214 WARN kycontroller::kymux_controller::server - Kynet accept failed: connection error: Endpoint closed
2026-09-15T20:28:41.214 WARN kycontroller::kymux_controller::server - Kynet accept failed: connection error: Endpoint closed
2026-09-15T20:28:41.214 WARN kycontroller::kymux_controller::server - Kynet accept failed: connection error: Endpoint closed
2026-09-15T20:28:41.214 WARN kycontroller::kymux_controller::server - Kynet accept failed: connection error: Endpoint closed
2026-09-15T20:28:41.214 WARN kycontroller::kymux_controller::server - Kynet accept failed: connection error: Endpoint closed
2026-09-15T20:28:41.214 WARN kycontroller::kymux_controller::server - Kynet accept failed: connection error: Endpoint closed
2026-09-15T20:28:41.214 WARN kycontroller::kymux_controller::server - Kynet accept failed: connection error: Endpoint closed
2026-09-15T20:28:41.214 WARN kycontroller::kymux_controller::server - Kynet accept failed: connection error: Endpoint closed
2026-09-15T20:28:41.214 WARN kycontroller::kymux_controller::server - Kynet accept failed: connection error: Endpoint closed
2026-09-15T20:28:41.214 WARN kycontroller::kymux_controller::server - Kynet accept failed: connection error: Endpoint closed
2026-09-15T20:28:41.214 WARN kycontroller::kymux_controller::server - Kynet accept failed: connection error: Endpoint closed
2026-09-15T20:28:41.214 WARN kycontroller::kymux_controller::server - Kynet accept failed: connection error: Endpoint closed
2026-09-15T20:28:41.214 WARN kycontroller::kymux_controller::server - Kynet accept failed: connection error: Endpoint closed
2026-09-15T20:28:41.214 WARN kycontroller::kymux_controller::server - Kynet accept failed: connection error: Endpoint closed
2026-09-15T20:28:41.214 WARN kycontroller::kymux_controller::server - Kynet accept failed: connection error: Endpoint closed
2026-09-15T20:28:41.214 WARN kycontroller::kymux_controller::server - Kynet accept failed: connection error: Endpoint closed
2026-09-15T20:28:41.214 WARN kycontroller::kymux_controller::server - Kynet accept failed: connection error: Endpoint closed
2026-09-15T20:28:41.214 WARN kycontroller::kymux_controller::server - Kynet accept failed: connection error: Endpoint closed
2026-09-15T20:28:41.214 WARN kycontroller::kymux_controller::server - Kynet accept failed: connection error: Endpoint closed
2026-09-15T20:28:41.214 WARN kycontroller::kymux_controller::server - Kynet accept failed: connection error: Endpoint closed
2026-09-15T20:28:41.214 WARN kycontroller::kymux_controller::server - Kynet accept failed: connection error: Endpoint closed
2026-09-15T20:28:41.214 WARN kycontroller::kymux_controller::server - Kynet accept failed: connection error: Endpoint closed
2026-09-15T20:28:41.214 WARN kycontroller::kymux_controller::server - Kynet accept failed: connection error: Endpoint closed
2026-09-15T20:28:41.214 WARN kycontroller::kymux_controller::server - Kynet accept failed: connection error: Endpoint closed
2026-09-15T20:28:41.214 WARN kycontroller::kymux_controller::server - Kynet accept failed: connection error: Endpoint closed
2026-09-15T20:28:41.214 WARN kycontroller::kymux_controller::server - Kynet accept failed: connection error: Endpoint closed
2026-09-15T20:28:41.214 WARN kycontroller::kymux_controller::server - Kynet accept failed: connection error: Endpoint closed
2026-09-15T20:28:41.214 WARN kycontroller::kymux_controller::server - Kynet accept failed: connection error: Endpoint closed
2026-09-15T20:28:41.214 WARN kycontroller::kymux_controller::server - Kynet accept failed: connection error: Endpoint closed
2026-09-15T20:28:41.214 WARN kycontroller::kymux_controller::server - Kynet accept failed: connection error: Endpoint closed
2026-09-15T20:28:41.214 WARN kycontroller::kymux_controller::server - Kynet accept failed: connection error: Endpoint closed
2026-09-15T20:28:41.214 WARN kycontroller::kymux_controller::server - Kynet accept failed: connection error: Endpoint closed
2026-09-15T20:28:41.214 WARN kycontroller::kymux_controller::server - Kynet accept failed: connection error: Endpoint closed
2026-09-15T20:28:41.214 WARN kycontroller::kymux_controller::server - Kynet accept failed: connection error: Endpoint closed
2026-09-15T20:28:41.214 WARN kycontroller::kymux_controller::server - Kynet accept failed: connection error: Endpoint closed
2026-09-15T20:28:41.214 WARN kycontroller::kymux_controller::server - Kynet accept failed: connection error: Endpoint closed
2026-09-15T20:28:41.214 WARN kycontroller::kymux_controller::server - Kynet accept failed: connection error: Endpoint closed
2026-09-15T20:28:41.214 WARN kycontroller::kymux_controller::server - Kynet accept failed: connection error: Endpoint closed
2026-09-15T20:28:41.215 WARN kycontroller::kymux_controller::server - Kynet accept failed: connection error: Endpoint closed
2026-09-15T20:28:41.215 WARN kycontroller::kymux_controller::server - Kynet accept failed: connection error: Endpoint closed
2026-09-15T20:28:41.215 WARN kycontroller::kymux_controller::server - Kynet accept failed: connection error: Endpoint closed
2026-09-15T20:28:41.215 WARN kycontroller::kymux_controller::server - Kynet accept failed: connection error: Endpoint closed
2026-09-15T20:28:41.215 WARN kycontroller::kymux_controller::server - Kynet accept failed: connection error: Endpoint closed
2026-09-15T20:28:41.215 WARN kycontroller::kymux_controller::server - Kynet accept failed: connection error: Endpoint closed
2026-09-15T20:28:41.215 WARN kycontroller::kymux_controller::server - Kynet accept failed: connection error: Endpoint closed
2026-09-15T20:28:41.215 WARN kycontroller::kymux_controller::server - Kynet accept failed: connection error: Endpoint closed
2026-09-15T20:28:41.215 WARN kycontroller::kymux_controller::server - Kynet accept failed: connection error: Endpoint closed
2026-09-15T20:28:41.215 WARN kycontroller::kymux_controller::server - Kynet accept failed: connection error: Endpoint closed
2026-09-15T20:28:41.215 WARN kycontroller::kymux_controller::server - Kynet accept failed: connection error: Endpoint closed
2026-09-15T20:28:41.215 WARN kycontroller::kymux_controller::server - Kynet accept failed: connection error: Endpoint closed
2026-09-15T20:28:41.215 WARN kycontroller::kymux_controller::server - Kynet accept failed: connection error: Endpoint closed
2026-09-15T20:28:41.215 WARN kycontroller::kymux_controller::server - Kynet accept failed: connection error: Endpoint closed
2026-09-15T20:28:41.215 WARN kycontroller::kymux_controller::server - Kynet accept failed: connection error: Endpoint closed
2026-09-15T20:28:41.215 WARN kycontroller::kymux_controller::server - Kynet accept failed: connection error: Endpoint closed
2026-09-15T20:28:41.215 WARN kycontroller::kymux_controller::server - Kynet accept failed: connection error: Endpoint closed
2026-09-15T20:28:41.215 WARN kycontroller::kymux_controller::server - Kynet accept failed: connection error: Endpoint closed
2026-09-15T20:28:41.215 WARN kycontroller::kymux_controller::server - Kynet accept failed: connection error: Endpoint closed
2026-09-15T20:28:41.215 WARN kycontroller::kymux_controller::server - Kynet accept failed: connection error: Endpoint closed
2026-09-15T20:28:41.215 WARN kycontroller::kymux_controller::server - Kynet accept failed: connection error: Endpoint closed
2026-09-15T20:28:41.215 WARN kycontroller::kymux_controller::server - Kynet accept failed: connection error: Endpoint closed
2026-09-15T20:28:41.215 WARN kycontroller::kymux_controller::server - Kynet accept failed: connection error: Endpoint closed
2026-09-15T20:28:41.215 WARN kycontroller::kymux_controller::server - Kynet accept failed: connection error: Endpoint closed
2026-09-15T20:28:41.215 WARN kycontroller::kymux_controller::server - Kynet accept failed: connection error: Endpoint closed
2026-09-15T20:28:41.215 WARN kycontroller::kymux_controller::server - Kynet accept failed: connection error: Endpoint closed
2026-09-15T20:28:41.215 WARN kycontroller::kymux_controller::server - Kynet accept failed: connection error: Endpoint closed
2026-09-15T20:28:41.215 WARN kycontroller::kymux_controller::server - Kynet accept failed: connection error: Endpoint closed
2026-09-15T20:28:41.215 WARN kycontroller::kymux_controller::server - Kynet accept failed: connection error: Endpoint closed
2026-09-15T20:28:41.215 WARN kycontroller::kymux_controller::server - Kynet accept failed: connection error: Endpoint closed
2026-09-15T20:28:41.215 WARN kycontroller::kymux_controller::server - Kynet accept failed: connection error: Endpoint closed
2026-09-15T20:28:41.215 WARN kycontroller::kymux_controller::server - Kynet accept failed: connection error: Endpoint closed
2026-09-15T20:28:41.215 WARN kycontroller::kymux_controller::server - Kynet accept failed: connection error: Endpoint closed
2026-09-15T20:28:41.215 WARN kycontroller::kymux_controller::server - Kynet accept failed: connection error: Endpoint closed
2026-09-15T20:28:41.215 WARN kycontroller::kymux_controller::server - Kynet accept failed: connection error: Endpoint closed
2026-09-15T20:28:41.215 WARN kycontroller::kymux_controller::server - Kynet accept failed: connection error: Endpoint closed
2026-09-15T20:28:41.215 WARN kycontroller::kymux_controller::server - Kynet accept failed: connection error: Endpoint closed
2026-09-15T20:28:41.215 WARN kycontroller::kymux_controller::server - Kynet accept failed: connection error: Endpoint closed
2026-09-15T20:28:41.215 WARN kycontroller::kymux_controller::server - Kynet accept failed: connection error: Endpoint closed
2026-09-15T20:28:41.215 WARN kycontroller::kymux_controller::server - Kynet accept failed: connection error: Endpoint closed
2026-09-15T20:28:41.215 WARN kycontroller::kymux_controller::server - Kynet accept failed: connection error: Endpoint closed
2026-09-15T20:28:41.215 WARN kycontroller::kymux_controller::server - Kynet accept failed: connection error: Endpoint closed
2026-09-15T20:28:41.215 WARN kycontroller::kymux_controller::server - Kynet accept failed: connection error: Endpoint closed
2026-09-15T20:28:41.215 WARN kycontroller::kymux_controller::server - Kynet accept failed: connection error: Endpoint closed
2026-09-15T20:28:41.215 WARN kycontroller::kymux_controller::server - Kynet accept failed: connection error: Endpoint closed
2026-09-15T20:28:41.215 WARN kycontroller::kymux_controller::server - Kynet accept failed: connection error: Endpoint closed
2026-09-15T20:28:41.215 WARN kycontroller::kymux_controller::server - Kynet accept failed: connection error: Endpoint closed
2026-09-15T20:28:41.215 WARN kycontroller::kymux_controller::server - Kynet accept failed: connection error: Endpoint closed
2026-09-15T20:28:41.215 WARN kycontroller::kymux_controller::server - Kynet accept failed: connection error: Endpoint closed
2026-09-15T20:28:41.215 WARN kycontroller::kymux_controller::server - Kynet accept failed: connection error: Endpoint closed
2026-09-15T20:28:41.215 WARN kycontroller::kymux_controller::server - Kynet accept failed: connection error: Endpoint closed
2026-09-15T20:28:41.215 WARN kycontroller::kymux_controller::server - Kynet accept failed: connection error: Endpoint closed
2026-09-15T20:28:41.215 WARN kycontroller::kymux_controller::server - Kynet accept failed: connection error: Endpoint closed
2026-09-15T20:28:41.215 WARN kycontroller::kymux_controller::server - Kynet accept failed: connection error: Endpoint closed
2026-09-15T20:28:41.215 WARN kycontroller::kymux_controller::server - Kynet accept failed: connection error: Endpoint closed
2026-09-15T20:28:41.215 WARN kycontroller::kymux_controller::server - Kynet accept failed: connection error: Endpoint closed
2026-09-15T20:28:41.215 WARN kycontroller::kymux_controller::server - Kynet accept failed: connection error: Endpoint closed
2026-09-15T20:28:41.215 WARN kycontroller::kymux_controller::server - Kynet accept failed: connection error: Endpoint closed
2026-09-15T20:28:41.215 WARN kycontroller::kymux_controller::server - Kynet accept failed: connection error: Endpoint closed
2026-09-15T20:28:41.215 WARN kycontroller::kymux_controller::server - Kynet accept failed: connection error: Endpoint closed
2026-09-15T20:28:41.215 WARN kycontroller::kymux_controller::server - Kynet accept failed: connection error: Endpoint closed
2026-09-15T20:28:41.215 WARN kycontroller::kymux_controller::server - Kynet accept failed: connection error: Endpoint closed
2026-09-15T20:28:41.215 WARN kycontroller::kymux_controller::server - Kynet accept failed: connection error: Endpoint closed
2026-09-15T20:28:41.215 WARN kycontroller::kymux_controller::server - Kynet accept failed: connection error: Endpoint closed
2026-09-15T20:28:41.215 WARN kycontroller::kymux_controller::server - Kynet accept failed: connection error: Endpoint closed
2026-09-15T20:28:41.215 WARN kycontroller::kymux_controller::server - Kynet accept failed: connection error: Endpoint closed
2026-09-15T20:28:41.215 WARN kycontroller::kymux_controller::server - Kynet accept failed: connection error: Endpoint closed
2026-09-15T20:28:41.215 WARN kycontroller::kymux_controller::server - Kynet accept failed: connection error: Endpoint closed
2026-09-15T20:28:41.215 WARN kycontroller::kymux_controller::server - Kynet accept failed: connection error: Endpoint closed
2026-09-15T20:28:41.215 WARN kycontroller::kymux_controller::server - Kynet accept failed: connection error: Endpoint closed
2026-09-15T20:28:41.215 WARN kycontroller::kymux_controller::server - Kynet accept failed: connection error: Endpoint closed
2026-09-15T20:28:41.215 WARN kycontroller::kymux_controller::server - Kynet accept failed: connection error: Endpoint closed
2026-09-15T20:28:41.215 WARN kycontroller::kymux_controller::server - Kynet accept failed: connection error: Endpoint closed
2026-09-15T20:28:41.215 WARN kycontroller::kymux_controller::server - Kynet accept failed: connection error: Endpoint closed
2026-09-15T20:28:41.215 WARN kycontroller::kymux_controller::server - Kynet accept failed: connection error: Endpoint closed
2026-09-15T20:28:41.215 WARN kycontroller::kymux_controller::server - Kynet accept failed: connection error: Endpoint closed
2026-09-15T20:28:41.215 WARN kycontroller::kymux_controller::server - Kynet accept failed: connection error: Endpoint closed
2026-09-15T20:28:41.215 WARN kycontroller::kymux_controller::server - Kynet accept failed: connection error: Endpoint closed
2026-09-15T20:28:41.215 WARN kycontroller::kymux_controller::server - Kynet accept failed: connection error: Endpoint closed
2026-09-15T20:28:41.215 WARN kycontroller::kymux_controller::server - Kynet accept failed: connection error: Endpoint closed
2026-09-15T20:28:41.215 WARN kycontroller::kymux_controller::server - Kynet accept failed: connection error: Endpoint closed
2026-09-15T20:28:41.215 WARN kycontroller::kymux_controller::server - Kynet accept failed: connection error: Endpoint closed
2026-09-15T20:28:41.215 WARN kycontroller::kymux_controller::server - Kynet accept failed: connection error: Endpoint closed
2026-09-15T20:28:41.215 WARN kycontroller::kymux_controller::server - Kynet accept failed: connection error: Endpoint closed
2026-09-15T20:28:41.215 WARN kycontroller::kymux_controller::server - Kynet accept failed: connection error: Endpoint closed
2026-09-15T20:28:41.215 WARN kycontroller::kymux_controller::server - Kynet accept failed: connection error: Endpoint closed
2026-09-15T20:28:41.215 WARN kycontroller::kymux_controller::server - Kynet accept failed: connection error: Endpoint closed
2026-09-15T20:28:41.215 WARN kycontroller::kymux_controller::server - Kynet accept failed: connection error: Endpoint closed
2026-09-15T20:28:41.215 WARN kycontroller::kymux_controller::server - Kynet accept failed: connection error: Endpoint closed
2026-09-15T20:28:41.215 WARN kycontroller::kymux_controller::server - Kynet accept failed: connection error: Endpoint closed
2026-09-15T20:28:41.215 WARN kycontroller::kymux_controller::server - Kynet accept failed: connection error: Endpoint closed
2026-09-15T20:28:41.215 WARN kycontroller::kymux_controller::server - Kynet accept failed: connection error: Endpoint closed
2026-09-15T20:28:41.215 WARN kycontroller::kymux_controller::server - Kynet accept failed: connection error: Endpoint closed
2026-09-15T20:28:41.215 WARN kycontroller::kymux_controller::server - Kynet accept failed: connection error: Endpoint closed
2026-09-15T20:28:41.215 WARN kycontroller::kymux_controller::server - Kynet accept failed: connection error: Endpoint closed
2026-09-15T20:28:41.215 WARN kycontroller::kymux_controller::server - Kynet accept failed: connection error: Endpoint closed
2026-09-15T20:28:41.215 WARN kycontroller::kymux_controller::server - Kynet accept failed: connection error: Endpoint closed
2026-09-15T20:28:41.215 WARN kycontroller::kymux_controller::server - Kynet accept failed: connection error: Endpoint closed
2026-09-15T20:28:41.215 WARN kycontroller::kymux_controller::server - Kynet accept failed: connection error: Endpoint closed
2026-09-15T20:28:41.215 WARN kycontroller::kymux_controller::server - Kynet accept failed: connection error: Endpoint closed
2026-09-15T20:28:41.215 WARN kycontroller::kymux_controller::server - Kynet accept failed: connection error: Endpoint closed
2026-09-15T20:28:41.215 WARN kycontroller::kymux_controller::server - Kynet accept failed: connection error: Endpoint closed
2026-09-15T20:28:41.215 WARN kycontroller::kymux_controller::server - Kynet accept failed: connection error: Endpoint closed
2026-09-15T20:28:41.215 WARN kycontroller::kymux_controller::server - Kynet accept failed: connection error: Endpoint closed
2026-09-15T20:28:41.215 WARN kycontroller::kymux_controller::server - Kynet accept failed: connection error: Endpoint closed
2026-09-15T20:28:41.215 WARN kycontroller::kymux_controller::server - Kynet accept failed: connection error: Endpoint closed
2026-09-15T20:28:41.215 WARN kycontroller::kymux_controller::server - Kynet accept failed: connection error: Endpoint closed
2026-09-15T20:28:41.215 WARN kycontroller::kymux_controller::server - Kynet accept failed: connection error: Endpoint closed
2026-09-15T20:28:41.215 WARN kycontroller::kymux_controller::server - Kynet accept failed: connection error: Endpoint closed
2026-09-15T20:28:41.215 WARN kycontroller::kymux_controller::server - Kynet accept failed: connection error: Endpoint closed
2026-09-15T20:28:41.215 WARN kycontroller::kymux_controller::server - Kynet accept failed: connection error: Endpoint closed
2026-09-15T20:28:41.215 WARN kycontroller::kymux_controller::server - Kynet accept failed: connection error: Endpoint closed
2026-09-15T20:28:41.215 WARN kycontroller::kymux_controller::server - Kynet accept failed: connection error: Endpoint closed
2026-09-15T20:28:41.215 WARN kycontroller::kymux_controller::server - Kynet accept failed: connection error: Endpoint closed
2026-09-15T20:28:41.215 WARN kycontroller::kymux_controller::server - Kynet accept failed: connection error: Endpoint closed
2026-09-15T20:28:41.215 WARN kycontroller::kymux_controller::server - Kynet accept failed: connection error: Endpoint closed
2026-09-15T20:28:41.215 WARN kycontroller::kymux_controller::server - Kynet accept failed: connection error: Endpoint closed
2026-09-15T20:28:41.215 WARN kycontroller::kymux_controller::server - Kynet accept failed: connection error: Endpoint closed
2026-09-15T20:28:41.215 WARN kycontroller::kymux_controller::server - Kynet accept failed: connection error: Endpoint closed
2026-09-15T20:28:41.216 WARN kycontroller::kymux_controller::server - Kynet accept failed: connection error: Endpoint closed
2026-09-15T20:28:41.216 WARN kycontroller::kymux_controller::server - Kynet accept failed: connection error: Endpoint closed
2026-09-15T20:28:41.216 WARN kycontroller::kymux_controller::server - Kynet accept failed: connection error: Endpoint closed
2026-09-15T20:28:41.216 WARN kycontroller::kymux_controller::server - Kynet accept failed: connection error: Endpoint closed
2026-09-15T20:28:41.216 WARN kycontroller::kymux_controller::server - Kynet accept failed: connection error: Endpoint closed
2026-09-15T20:28:41.216 WARN kycontroller::kymux_controller::server - Kynet accept failed: connection error: Endpoint closed
2026-09-15T20:28:41.216 WARN kycontroller::kymux_controller::server - Kynet accept failed: connection error: Endpoint closed
2026-09-15T20:28:41.216 WARN kycontroller::kymux_controller::server - Kynet accept failed: connection error: Endpoint closed
2026-09-15T20:28:41.216 WARN kycontroller::kymux_controller::server - Kynet accept failed: connection error: Endpoint closed
2026-09-15T20:28:41.216 WARN kycontroller::kymux_controller::server - Kynet accept failed: connection error: Endpoint closed
2026-09-15T20:28:41.216 WARN kycontroller::kymux_controller::server - Kynet accept failed: connection error: Endpoint closed
2026-09-15T20:28:41.216 WARN kycontroller::kymux_controller::server - Kynet accept failed: connection error: Endpoint closed
2026-09-15T20:28:41.216 WARN kycontroller::kymux_controller::server - Kynet accept failed: connection error: Endpoint closed
2026-09-15T20:28:41.216 WARN kycontroller::kymux_controller::server - Kynet accept failed: connection error: Endpoint closed
2026-09-15T20:28:41.216 WARN kycontroller::kymux_controller::server - Kynet accept failed: connection error: Endpoint closed
2026-09-15T20:28:41.216 WARN kycontroller::kymux_controller::server - Kynet accept failed: connection error: Endpoint closed
2026-09-15T20:28:41.216 WARN kycontroller::kymux_controller::server - Kynet accept failed: connection error: Endpoint closed
2026-09-15T20:28:41.216 WARN kycontroller::kymux_controller::server - Kynet accept failed: connection error: Endpoint closed
2026-09-15T20:28:41.216 WARN kycontroller::kymux_controller::server - Kynet accept failed: connection error: Endpoint closed
2026-09-15T20:28:41.216 WARN kycontroller::kymux_controller::server - Kynet accept failed: connection error: Endpoint closed
2026-09-15T20:28:41.216 WARN kycontroller::kymux_controller::server - Kynet accept failed: connection error: Endpoint closed
2026-09-15T20:28:41.216 WARN kycontroller::kymux_controller::server - Kynet accept failed: connection error: Endpoint closed
2026-09-15T20:28:41.216 WARN kycontroller::kymux_controller::server - Kynet accept failed: connection error: Endpoint closed
2026-09-15T20:28:41.216 WARN kycontroller::kymux_controller::server - Kynet accept failed: connection error: Endpoint closed
2026-09-15T20:28:41.216 WARN kycontroller::kymux_controller::server - Kynet accept failed: connection error: Endpoint closed
2026-09-15T20:28:41.216 WARN kycontroller::kymux_controller::server - Kynet accept failed: connection error: Endpoint closed
2026-09-15T20:28:41.216 WARN kycontroller::kymux_controller::server - Kynet accept failed: connection error: Endpoint closed
2026-09-15T20:28:41.216 WARN kycontroller::kymux_controller::server - Kynet accept failed: connection error: Endpoint closed
2026-09-15T20:28:41.216 WARN kycontroller::kymux_controller::server - Kynet accept failed: connection error: Endpoint closed
2026-09-15T20:28:41.216 WARN kycontroller::kymux_controller::server - Kynet accept failed: connection error: Endpoint closed
2026-09-15T20:28:41.216 WARN kycontroller::kymux_controller::server - Kynet accept failed: connection error: Endpoint closed
2026-09-15T20:28:41.216 WARN kycontroller::kymux_controller::server - Kynet accept failed: connection error: Endpoint closed
2026-09-15T20:28:41.216 WARN kycontroller::kymux_controller::server - Kynet accept failed: connection error: Endpoint closed
2026-09-15T20:28:41.216 WARN kycontroller::kymux_controller::server - Kynet accept failed: connection error: Endpoint closed
2026-09-15T20:28:41.216 WARN kycontroller::kymux_controller::server - Kynet accept failed: connection error: Endpoint closed
2026-09-15T20:28:41.216 WARN kycontroller::kymux_controller::server - Kynet accept failed: connection error: Endpoint closed
2026-09-15T20:28:41.216 WARN kycontroller::kymux_controller::server - Kynet accept failed: connection error: Endpoint closed
2026-09-15T20:28:41.216 WARN kycontroller::kymux_controller::server - Kynet accept failed: connection error: Endpoint closed
2026-09-15T20:28:41.216 WARN kycontroller::kymux_controller::server - Kynet accept failed: connection error: Endpoint closed
2026-09-15T20:28:41.216 WARN kycontroller::kymux_controller::server - Kynet accept failed: connection error: Endpoint closed
2026-09-15T20:28:41.216 WARN kycontroller::kymux_controller::server - Kynet accept failed: connection error: Endpoint closed
2026-09-15T20:28:41.216 WARN kycontroller::kymux_controller::server - Kynet accept failed: connection error: Endpoint closed
2026-09-15T20:28:41.216 WARN kycontroller::kymux_controller::server - Kynet accept failed: connection error: Endpoint closed
2026-09-15T20:28:41.216 WARN kycontroller::kymux_controller::server - Kynet accept failed: connection error: Endpoint closed
2026-09-15T20:28:41.216 WARN kycontroller::kymux_controller::server - Kynet accept failed: connection error: Endpoint closed
2026-09-15T20:28:41.216 WARN kycontroller::kymux_controller::server - Kynet accept failed: connection error: Endpoint closed
2026-09-15T20:28:41.216 WARN kycontroller::kymux_controller::server - Kynet accept failed: connection error: Endpoint closed
2026-09-15T20:28:41.216 WARN kycontroller::kymux_controller::server - Kynet accept failed: connection error: Endpoint closed
2026-09-15T20:28:41.216 WARN kycontroller::kymux_controller::server - Kynet accept failed: connection error: Endpoint closed
2026-09-15T20:28:41.216 WARN kycontroller::kymux_controller::server - Kynet accept failed: connection error: Endpoint closed
2026-09-15T20:28:41.216 WARN kycontroller::kymux_controller::server - Kynet accept failed: connection error: Endpoint closed
2026-09-15T20:28:41.216 WARN kycontroller::kymux_controller::server - Kynet accept failed: connection error: Endpoint closed
2026-09-15T20:28:41.216 WARN kycontroller::kymux_controller::server - Kynet accept failed: connection error: Endpoint closed
2026-09-15T20:28:41.216 WARN kycontroller::kymux_controller::server - Kynet accept failed: connection error: Endpoint closed
2026-09-15T20:28:41.216 WARN kycontroller::kymux_controller::server - Kynet accept failed: connection error: Endpoint closed
2026-09-15T20:28:41.216 WARN kycontroller::kymux_controller::server - Kynet accept failed: connection error: Endpoint closed
2026-09-15T20:28:41.216 WARN kycontroller::kymux_controller::server - Kynet accept failed: connection error: Endpoint closed
2026-09-15T20:28:41.216 WARN kycontroller::kymux_controller::server - Kynet accept failed: connection error: Endpoint closed
2026-09-15T20:28:41.216 WARN kycontroller::kymux_controller::server - Kynet accept failed: connection error: Endpoint closed
2026-09-15T20:28:41.216 WARN kycontroller::kymux_controller::server - Kynet accept failed: connection error: Endpoint closed
2026-09-15T20:28:41.216 WARN kycontroller::kymux_controller::server - Kynet accept failed: connection error: Endpoint closed
2026-09-15T20:28:41.216 WARN kycontroller::kymux_controller::server - Kynet accept failed: connection error: Endpoint closed
2026-09-15T20:28:41.216 WARN kycontroller::kymux_controller::server - Kynet accept failed: connection error: Endpoint closed
2026-09-15T20:28:41.216 WARN kycontroller::kymux_controller::server - Kynet accept failed: connection error: Endpoint closed
2026-09-15T20:28:41.216 WARN kycontroller::kymux_controller::server - Kynet accept failed: connection error: Endpoint closed
2026-09-15T20:28:41.216 WARN kycontroller::kymux_controller::server - Kynet accept failed: connection error: Endpoint closed
2026-09-15T20:28:41.216 WARN kycontroller::kymux_controller::server - Kynet accept failed: connection error: Endpoint closed
2026-09-15T20:28:41.216 WARN kycontroller::kymux_controller::server - Kynet accept failed: connection error: Endpoint closed
2026-09-15T20:28:41.216 WARN kycontroller::kymux_controller::server - Kynet accept failed: connection error: Endpoint closed
2026-09-15T20:28:41.216 WARN kycontroller::kymux_controller::server - Kynet accept failed: connection error: Endpoint closed
2026-09-15T20:28:41.216 WARN kycontroller::kymux_controller::server - Kynet accept failed: connection error: Endpoint closed
2026-09-15T20:28:41.216 WARN kycontroller::kymux_controller::server - Kynet accept failed: connection error: Endpoint closed
2026-09-15T20:28:41.216 WARN kycontroller::kymux_controller::server - Kynet accept failed: connection error: Endpoint closed
2026-09-15T20:28:41.216 WARN kycontroller::kymux_controller::server - Kynet accept failed: connection error: Endpoint closed
2026-09-15T20:28:41.216 WARN kycontroller::kymux_controller::server - Kynet accept failed: connection error: Endpoint closed
2026-09-15T20:28:41.216 WARN kycontroller::kymux_controller::server - Kynet accept failed: connection error: Endpoint closed
2026-09-15T20:28:41.216 WARN kycontroller::kymux_controller::server - Kynet accept failed: connection error: Endpoint closed
2026-09-15T20:28:41.216 WARN kycontroller::kymux_controller::server - Kynet accept failed: connection error: Endpoint closed
2026-09-15T20:28:41.216 WARN kycontroller::kymux_controller::server - Kynet accept failed: connection error: Endpoint closed
2026-09-15T20:28:41.216 WARN kycontroller::kymux_controller::server - Kynet accept failed: connection error: Endpoint closed
2026-09-15T20:28:41.216 WARN kycontroller::kymux_controller::server - Kynet accept failed: connection error: Endpoint closed
2026-09-15T20:28:41.216 WARN kycontroller::kymux_controller::server - Kynet accept failed: connection error: Endpoint closed
2026-09-15T20:28:41.216 WARN kycontroller::kymux_controller::server - Kynet accept failed: connection error: Endpoint closed
2026-09-15T20:28:41.216 WARN kycontroller::kymux_controller::server - Kynet accept failed: connection error: Endpoint closed
2026-09-15T20:28:41.216 WARN kycontroller::kymux_controller::server - Kynet accept failed: connection error: Endpoint closed
2026-09-15T20:28:41.216 WARN kycontroller::kymux_controller::server - Kynet accept failed: connection error: Endpoint closed
2026-09-15T20:28:41.216 WARN kycontroller::kymux_controller::server - Kynet accept failed: connection error: Endpoint closed
2026-09-15T20:28:41.216 WARN kycontroller::kymux_controller::server - Kynet accept failed: connection error: Endpoint closed
2026-09-15T20:28:41.216 WARN kycontroller::kymux_controller::server - Kynet accept failed: connection error: Endpoint closed
2026-09-15T20:28:41.216 WARN kycontroller::kymux_controller::server - Kynet accept failed: connection error: Endpoint closed
2026-09-15T20:28:41.216 WARN kycontroller::kymux_controller::server - Kynet accept failed: connection error: Endpoint closed
2026-09-15T20:28:41.216 WARN kycontroller::kymux_controller::server - Kynet accept failed: connection error: Endpoint closed
2026-09-15T20:28:41.216 WARN kycontroller::kymux_controller::server - Kynet accept failed: connection error: Endpoint closed
2026-09-15T20:28:41.216 WARN kycontroller::kymux_controller::server - Kynet accept failed: connection error: Endpoint closed
2026-09-15T20:28:41.216 WARN kycontroller::kymux_controller::server - Kynet accept failed: connection error: Endpoint closed
2026-09-15T20:28:41.216 WARN kycontroller::kymux_controller::server - Kynet accept failed: connection error: Endpoint closed
2026-09-15T20:28:41.216 WARN kycontroller::kymux_controller::server - Kynet accept failed: connection error: Endpoint closed
2026-09-15T20:28:41.216 WARN kycontroller::kymux_controller::server - Kynet accept failed: connection error: Endpoint closed
2026-09-15T20:28:41.216 WARN kycontroller::kymux_controller::server - Kynet accept failed: connection error: Endpoint closed
2026-09-15T20:28:41.216 WARN kycontroller::kymux_controller::server - Kynet accept failed: connection error: Endpoint closed
2026-09-15T20:28:41.216 WARN kycontroller::kymux_controller::server - Kynet accept failed: connection error: Endpoint closed
2026-09-15T20:28:41.216 WARN kycontroller::kymux_controller::server - Kynet accept failed: connection error: Endpoint closed
2026-09-15T20:28:41.216 WARN kycontroller::kymux_controller::server - Kynet accept failed: connection error: Endpoint closed
2026-09-15T20:28:41.216 WARN kycontroller::kymux_controller::server - Kynet accept failed: connection error: Endpoint closed
2026-09-15T20:28:41.216 WARN kycontroller::kymux_controller::server - Kynet accept failed: connection error: Endpoint closed
2026-09-15T20:28:41.216 WARN kycontroller::kymux_controller::server - Kynet accept failed: connection error: Endpoint closed
2026-09-15T20:28:41.216 WARN kycontroller::kymux_controller::server - Kynet accept failed: connection error: Endpoint closed
2026-09-15T20:28:41.216 WARN kycontroller::kymux_controller::server - Kynet accept failed: connection error: Endpoint closed
2026-09-15T20:28:41.216 WARN kycontroller::kymux_controller::server - Kynet accept failed: connection error: Endpoint closed
2026-09-15T20:28:41.216 WARN kycontroller::kymux_controller::server - Kynet accept failed: connection error: Endpoint closed
2026-09-15T20:28:41.216 WARN kycontroller::kymux_controller::server - Kynet accept failed: connection error: Endpoint closed
2026-09-15T20:28:41.216 WARN kycontroller::kymux_controller::server - Kynet accept failed: connection error: Endpoint closed
2026-09-15T20:28:41.216 WARN kycontroller::kymux_controller::server - Kynet accept failed: connection error: Endpoint closed
2026-09-15T20:28:41.216 WARN kycontroller::kymux_controller::server - Kynet accept failed: connection error: Endpoint closed
2026-09-15T20:28:41.216 WARN kycontroller::kymux_controller::server - Kynet accept failed: connection error: Endpoint closed
2026-09-15T20:28:41.216 WARN kycontroller::kymux_controller::server - Kynet accept failed: connection error: Endpoint closed
2026-09-15T20:28:41.216 WARN kycontroller::kymux_controller::server - Kynet accept failed: connection error: Endpoint closed
2026-09-15T20:28:41.217 WARN kycontroller::kymux_controller::server - Kynet accept failed: connection error: Endpoint closed
2026-09-15T20:28:41.217 WARN kycontroller::kymux_controller::server - Kynet accept failed: connection error: Endpoint closed
2026-09-15T20:28:41.217 WARN kycontroller::kymux_controller::server - Kynet accept failed: connection error: Endpoint closed
2026-09-15T20:28:41.217 WARN kycontroller::kymux_controller::server - Kynet accept failed: connection error: Endpoint closed
2026-09-15T20:28:41.217 WARN kycontroller::kymux_controller::server - Kynet accept failed: connection error: Endpoint closed
2026-09-15T20:28:41.217 WARN kycontroller::kymux_controller::server - Kynet accept failed: connection error: Endpoint closed
2026-09-15T20:28:41.217 WARN kycontroller::kymux_controller::server - Kynet accept failed: connection error: Endpoint closed
2026-09-15T20:28:41.217 WARN kycontroller::kymux_controller::server - Kynet accept failed: connection error: Endpoint closed
2026-09-15T20:28:41.217 WARN kycontroller::kymux_controller::server - Kynet accept failed: connection error: Endpoint closed
2026-09-15T20:28:41.217 WARN kycontroller::kymux_controller::server - Kynet accept failed: connection error: Endpoint closed
2026-09-15T20:28:41.217 WARN kycontroller::kymux_controller::server - Kynet accept failed: connection error: Endpoint closed
2026-09-15T20:28:41.217 WARN kycontroller::kymux_controller::server - Kynet accept failed: connection error: Endpoint closed
2026-09-15T20:28:41.217 WARN kycontroller::kymux_controller::server - Kynet accept failed: connection error: Endpoint closed
2026-09-15T20:28:41.217 WARN kycontroller::kymux_controller::server - Kynet accept failed: connection error: Endpoint closed
2026-09-15T20:28:41.217 WARN kycontroller::kymux_controller::server - Kynet accept failed: connection error: Endpoint closed
2026-09-15T20:28:41.217 WARN kycontroller::kymux_controller::server - Kynet accept failed: connection error: Endpoint closed
2026-09-15T20:28:41.217 WARN kycontroller::kymux_controller::server - Kynet accept failed: connection error: Endpoint closed
2026-09-15T20:28:41.217 WARN kycontroller::kymux_controller::server - Kynet accept failed: connection error: Endpoint closed
2026-09-15T20:28:41.217 WARN kycontroller::kymux_controller::server - Kynet accept failed: connection error: Endpoint closed
2026-09-15T20:28:41.217 WARN kycontroller::kymux_controller::server - Kynet accept failed: connection error: Endpoint closed
2026-09-15T20:28:41.217 WARN kycontroller::kymux_controller::server - Kynet accept failed: connection error: Endpoint closed
2026-09-15T20:28:41.217 WARN kycontroller::kymux_controller::server - Kynet accept failed: connection error: Endpoint closed
2026-09-15T20:28:41.217 WARN kycontroller::kymux_controller::server - Kynet accept failed: connection error: Endpoint closed
2026-09-15T20:28:41.217 WARN kycontroller::kymux_controller::server - Kynet accept failed: connection error: Endpoint closed
2026-09-15T20:28:41.217 WARN kycontroller::kymux_controller::server - Kynet accept failed: connection error: Endpoint closed
2026-09-15T20:28:41.217 WARN kycontroller::kymux_controller::server - Kynet accept failed: connection error: Endpoint closed
2026-09-15T20:28:41.217 WARN kycontroller::kymux_controller::server - Kynet accept failed: connection error: Endpoint closed
2026-09-15T20:28:41.217 WARN kycontroller::kymux_controller::server - Kynet accept failed: connection error: Endpoint closed
2026-09-15T20:28:41.217 WARN kycontroller::kymux_controller::server - Kynet accept failed: connection error: Endpoint closed
2026-09-15T20:28:41.217 WARN kycontroller::kymux_controller::server - Kynet accept failed: connection error: Endpoint closed
2026-09-15T20:28:41.217 WARN kycontroller::kymux_controller::server - Kynet accept failed: connection error: Endpoint closed
2026-09-15T20:28:41.217 WARN kycontroller::kymux_controller::server - Kynet accept failed: connection error: Endpoint closed
2026-09-15T20:28:41.217 WARN kycontroller::kymux_controller::server - Kynet accept failed: connection error: Endpoint closed
2026-09-15T20:28:41.217 WARN kycontroller::kymux_controller::server - Kynet accept failed: connection error: Endpoint closed
2026-09-15T20:28:41.217 WARN kycontroller::kymux_controller::server - Kynet accept failed: connection error: Endpoint closed
2026-09-15T20:28:41.217 WARN kycontroller::kymux_controller::server - Kynet accept failed: connection error: Endpoint closed
2026-09-15T20:28:41.217 WARN kycontroller::kymux_controller::server - Kynet accept failed: connection error: Endpoint closed
2026-09-15T20:28:41.217 WARN kycontroller::kymux_controller::server - Kynet accept failed: connection error: Endpoint closed
2026-09-15T20:28:41.217 WARN kycontroller::kymux_controller::server - Kynet accept failed: connection error: Endpoint closed
2026-09-15T20:28:41.217 WARN kycontroller::kymux_controller::server - Kynet accept failed: connection error: Endpoint closed
2026-09-15T20:28:41.217 WARN kycontroller::kymux_controller::server - Kynet accept failed: connection error: Endpoint closed
2026-09-15T20:28:41.217 WARN kycontroller::kymux_controller::server - Kynet accept failed: connection error: Endpoint closed
2026-09-15T20:28:41.217 WARN kycontroller::kymux_controller::server - Kynet accept failed: connection error: Endpoint closed
2026-09-15T20:28:41.217 WARN kycontroller::kymux_controller::server - Kynet accept failed: connection error: Endpoint closed
2026-09-15T20:28:41.217 WARN kycontroller::kymux_controller::server - Kynet accept failed: connection error: Endpoint closed
2026-09-15T20:28:41.217 WARN kycontroller::kymux_controller::server - Kynet accept failed: connection error: Endpoint closed
2026-09-15T20:28:41.217 WARN kycontroller::kymux_controller::server - Kynet accept failed: connection error: Endpoint closed
2026-09-15T20:28:41.217 WARN kycontroller::kymux_controller::server - Kynet accept failed: connection error: Endpoint closed
2026-09-15T20:28:41.217 WARN kycontroller::kymux_controller::server - Kynet accept failed: connection error: Endpoint closed
2026-09-15T20:28:41.217 WARN kycontroller::kymux_controller::server - Kynet accept failed: connection error: Endpoint closed
2026-09-15T20:28:41.217 WARN kycontroller::kymux_controller::server - Kynet accept failed: connection error: Endpoint closed
2026-09-15T20:28:41.217 WARN kycontroller::kymux_controller::server - Kynet accept failed: connection error: Endpoint closed
2026-09-15T20:28:41.217 WARN kycontroller::kymux_controller::server - Kynet accept failed: connection error: Endpoint closed
2026-09-15T20:28:41.217 WARN kycontroller::kymux_controller::server - Kynet accept failed: connection error: Endpoint closed
2026-09-15T20:28:41.217 WARN kycontroller::kymux_controller::server - Kynet accept failed: connection error: Endpoint closed
2026-09-15T20:28:41.217 WARN kycontroller::kymux_controller::server - Kynet accept failed: connection error: Endpoint closed
2026-09-15T20:28:41.217 WARN kycontroller::kymux_controller::server - Kynet accept failed: connection error: Endpoint closed
2026-09-15T20:28:41.217 WARN kycontroller::kymux_controller::server - Kynet accept failed: connection error: Endpoint closed
2026-09-15T20:28:41.217 WARN kycontroller::kymux_controller::server - Kynet accept failed: connection error: Endpoint closed
2026-09-15T20:28:41.217 WARN kycontroller::kymux_controller::server - Kynet accept failed: connection error: Endpoint closed
2026-09-15T20:28:41.217 WARN kycontroller::kymux_controller::server - Kynet accept failed: connection error: Endpoint closed
2026-09-15T20:28:41.217 WARN kycontroller::kymux_controller::server - Kynet accept failed: connection error: Endpoint closed
2026-09-15T20:28:41.217 WARN kycontroller::kymux_controller::server - Kynet accept failed: connection error: Endpoint closed
2026-09-15T20:28:41.217 WARN kycontroller::kymux_controller::server - Kynet accept failed: connection error: Endpoint closed
2026-09-15T20:28:41.217 WARN kycontroller::kymux_controller::server - Kynet accept failed: connection error: Endpoint closed
2026-09-15T20:28:41.217 WARN kycontroller::kymux_controller::server - Kynet accept failed: connection error: Endpoint closed
2026-09-15T20:28:41.217 WARN kycontroller::kymux_controller::server - Kynet accept failed: connection error: Endpoint closed
2026-09-15T20:28:41.217 WARN kycontroller::kymux_controller::server - Kynet accept failed: connection error: Endpoint closed
2026-09-15T20:28:41.217 WARN kycontroller::kymux_controller::server - Kynet accept failed: connection error: Endpoint closed
2026-09-15T20:28:41.217 WARN kycontroller::kymux_controller::server - Kynet accept failed: connection error: Endpoint closed
2026-09-15T20:28:41.217 WARN kycontroller::kymux_controller::server - Kynet accept failed: connection error: Endpoint closed
2026-09-15T20:28:41.217 WARN kycontroller::kymux_controller::server - Kynet accept failed: connection error: Endpoint closed
2026-09-15T20:28:41.217 WARN kycontroller::kymux_controller::server - Kynet accept failed: connection error: Endpoint closed
2026-09-15T20:28:41.217 WARN kycontroller::kymux_controller::server - Kynet accept failed: connection error: Endpoint closed
2026-09-15T20:28:41.217 WARN kycontroller::kymux_controller::server - Kynet accept failed: connection error: Endpoint closed
2026-09-15T20:28:41.217 WARN kycontroller::kymux_controller::server - Kynet accept failed: connection error: Endpoint closed
2026-09-15T20:28:41.217 WARN kycontroller::kymux_controller::server - Kynet accept failed: connection error: Endpoint closed
2026-09-15T20:28:41.217 WARN kycontroller::kymux_controller::server - Kynet accept failed: connection error: Endpoint closed
2026-09-15T20:28:41.217 WARN kycontroller::kymux_controller::server - Kynet accept failed: connection error: Endpoint closed
2026-09-15T20:28:41.217 WARN kycontroller::kymux_controller::server - Kynet accept failed: connection error: Endpoint closed
2026-09-15T20:28:41.217 WARN kycontroller::kymux_controller::server - Kynet accept failed: connection error: Endpoint closed
2026-09-15T20:28:41.217 WARN kycontroller::kymux_controller::server - Kynet accept failed: connection error: Endpoint closed
2026-09-15T20:28:41.217 WARN kycontroller::kymux_controller::server - Kynet accept failed: connection error: Endpoint closed
2026-09-15T20:28:41.217 WARN kycontroller::kymux_controller::server - Kynet accept failed: connection error: Endpoint closed
2026-09-15T20:28:41.217 WARN kycontroller::kymux_controller::server - Kynet accept failed: connection error: Endpoint closed
2026-09-15T20:28:41.217 WARN kycontroller::kymux_controller::server - Kynet accept failed: connection error: Endpoint closed
2026-09-15T20:28:41.217 WARN kycontroller::kymux_controller::server - Kynet accept failed: connection error: Endpoint closed
2026-09-15T20:28:41.217 WARN kycontroller::kymux_controller::server - Kynet accept failed: connection error: Endpoint closed
2026-09-15T20:28:41.217 WARN kycontroller::kymux_controller::server - Kynet accept failed: connection error: Endpoint closed
2026-09-15T20:28:41.217 WARN kycontroller::kymux_controller::server - Kynet accept failed: connection error: Endpoint closed
2026-09-15T20:28:41.217 WARN kycontroller::kymux_controller::server - Kynet accept failed: connection error: Endpoint closed
2026-09-15T20:28:41.217 WARN kycontroller::kymux_controller::server - Kynet accept failed: connection error: Endpoint closed
2026-09-15T20:28:41.217 WARN kycontroller::kymux_controller::server - Kynet accept failed: connection error: Endpoint closed
2026-09-15T20:28:41.217 WARN kycontroller::kymux_controller::server - Kynet accept failed: connection error: Endpoint closed
2026-09-15T20:28:41.217 WARN kycontroller::kymux_controller::server - Kynet accept failed: connection error: Endpoint closed
2026-09-15T20:28:41.217 WARN kycontroller::kymux_controller::server - Kynet accept failed: connection error: Endpoint closed
2026-09-15T20:28:41.217 WARN kycontroller::kymux_controller::server - Kynet accept failed: connection error: Endpoint closed
2026-09-15T20:28:41.217 WARN kycontroller::kymux_controller::server - Kynet accept failed: connection error: Endpoint closed
2026-09-15T20:28:41.217 WARN kycontroller::kymux_controller::server - Kynet accept failed: connection error: Endpoint closed
2026-09-15T20:28:41.217 WARN kycontroller::kymux_controller::server - Kynet accept failed: connection error: Endpoint closed
2026-09-15T20:28:41.217 WARN kycontroller::kymux_controller::server - Kynet accept failed: connection error: Endpoint closed
2026-09-15T20:28:41.217 WARN kycontroller::kymux_controller::server - Kynet accept failed: connection error: Endpoint closed
2026-09-15T20:28:41.217 WARN kycontroller::kymux_controller::server - Kynet accept failed: connection error: Endpoint closed
2026-09-15T20:28:41.217 WARN kycontroller::kymux_controller::server - Kynet accept failed: connection error: Endpoint closed
2026-09-15T20:28:41.217 WARN kycontroller::kymux_controller::server - Kynet accept failed: connection error: Endpoint closed
2026-09-15T20:28:41.217 WARN kycontroller::kymux_controller::server - Kynet accept failed: connection error: Endpoint closed
2026-09-15T20:28:41.217 WARN kycontroller::kymux_controller::server - Kynet accept failed: connection error: Endpoint closed
2026-09-15T20:28:41.217 WARN kycontroller::kymux_controller::server - Kynet accept failed: connection error: Endpoint closed
2026-09-15T20:28:41.217 WARN kycontroller::kymux_controller::server - Kynet accept failed: connection error: Endpoint closed
2026-09-15T20:28:41.217 WARN kycontroller::kymux_controller::server - Kynet accept failed: connection error: Endpoint closed
2026-09-15T20:28:41.217 WARN kycontroller::kymux_controller::server - Kynet accept failed: connection error: Endpoint closed
2026-09-15T20:28:41.218 WARN kycontroller::kymux_controller::server - Kynet accept failed: connection error: Endpoint closed
2026-09-15T20:28:41.218 WARN kycontroller::kymux_controller::server - Kynet accept failed: connection error: Endpoint closed
2026-09-15T20:28:41.218 WARN kycontroller::kymux_controller::server - Kynet accept failed: connection error: Endpoint closed
2026-09-15T20:28:41.218 WARN kycontroller::kymux_controller::server - Kynet accept failed: connection error: Endpoint closed
2026-09-15T20:28:41.218 WARN kycontroller::kymux_controller::server - Kynet accept failed: connection error: Endpoint closed
2026-09-15T20:28:41.218 WARN kycontroller::kymux_controller::server - Kynet accept failed: connection error: Endpoint closed
2026-09-15T20:28:41.218 WARN kycontroller::kymux_controller::server - Kynet accept failed: connection error: Endpoint closed
2026-09-15T20:28:41.218 WARN kycontroller::kymux_controller::server - Kynet accept failed: connection error: Endpoint closed
2026-09-15T20:28:41.218 WARN kycontroller::kymux_controller::server - Kynet accept failed: connection error: Endpoint closed
2026-09-15T20:28:41.218 WARN kycontroller::kymux_controller::server - Kynet accept failed: connection error: Endpoint closed
2026-09-15T20:28:41.218 WARN kycontroller::kymux_controller::server - Kynet accept failed: connection error: Endpoint closed
2026-09-15T20:28:41.218 WARN kycontroller::kymux_controller::server - Kynet accept failed: connection error: Endpoint closed
2026-09-15T20:28:41.218 WARN kycontroller::kymux_controller::server - Kynet accept failed: connection error: Endpoint closed
2026-09-15T20:28:41.218 WARN kycontroller::kymux_controller::server - Kynet accept failed: connection error: Endpoint closed
2026-09-15T20:28:41.218 WARN kycontroller::kymux_controller::server - Kynet accept failed: connection error: Endpoint closed
2026-09-15T20:28:41.218 WARN kycontroller::kymux_controller::server - Kynet accept failed: connection error: Endpoint closed
2026-09-15T20:28:41.218 WARN kycontroller::kymux_controller::server - Kynet accept failed: connection error: Endpoint closed
2026-09-15T20:28:41.218 WARN kycontroller::kymux_controller::server - Kynet accept failed: connection error: Endpoint closed
2026-09-15T20:28:41.218 WARN kycontroller::kymux_controller::server - Kynet accept failed: connection error: Endpoint closed
2026-09-15T20:28:41.218 WARN kycontroller::kymux_controller::server - Kynet accept failed: connection error: Endpoint closed
2026-09-15T20:28:41.218 WARN kycontroller::kymux_controller::server - Kynet accept failed: connection error: Endpoint closed
2026-09-15T20:28:41.218 WARN kycontroller::kymux_controller::server - Kynet accept failed: connection error: Endpoint closed
2026-09-15T20:28:41.218 WARN kycontroller::kymux_controller::server - Kynet accept failed: connection error: Endpoint closed
2026-09-15T20:28:41.218 WARN kycontroller::kymux_controller::server - Kynet accept failed: connection error: Endpoint closed
2026-09-15T20:28:41.218 WARN kycontroller::kymux_controller::server - Kynet accept failed: connection error: Endpoint closed
2026-09-15T20:28:41.218 WARN kycontroller::kymux_controller::server - Kynet accept failed: connection error: Endpoint closed
2026-09-15T20:28:41.218 WARN kycontroller::kymux_controller::server - Kynet accept failed: connection error: Endpoint closed
2026-09-15T20:28:41.218 WARN kycontroller::kymux_controller::server - Kynet accept failed: connection error: Endpoint closed
2026-09-15T20:28:41.218 WARN kycontroller::kymux_controller::server - Kynet accept failed: connection error: Endpoint closed
2026-09-15T20:28:41.218 WARN kycontroller::kymux_controller::server - Kynet accept failed: connection error: Endpoint closed
2026-09-15T20:28:41.218 WARN kycontroller::kymux_controller::server - Kynet accept failed: connection error: Endpoint closed
2026-09-15T20:28:41.218 WARN kycontroller::kymux_controller::server - Kynet accept failed: connection error: Endpoint closed
2026-09-15T20:28:41.218 WARN kycontroller::kymux_controller::server - Kynet accept failed: connection error: Endpoint closed
2026-09-15T20:28:41.218 WARN kycontroller::kymux_controller::server - Kynet accept failed: connection error: Endpoint closed
2026-09-15T20:28:41.218 WARN kycontroller::kymux_controller::server - Kynet accept failed: connection error: Endpoint closed
2026-09-15T20:28:41.218 WARN kycontroller::kymux_controller::server - Kynet accept failed: connection error: Endpoint closed
2026-09-15T20:28:41.218 WARN kycontroller::kymux_controller::server - Kynet accept failed: connection error: Endpoint closed
2026-09-15T20:28:41.218 WARN kycontroller::kymux_controller::server - Kynet accept failed: connection error: Endpoint closed
2026-09-15T20:28:41.218 WARN kycontroller::kymux_controller::server - Kynet accept failed: connection error: Endpoint closed
2026-09-15T20:28:41.218 WARN kycontroller::kymux_controller::server - Kynet accept failed: connection error: Endpoint closed
2026-09-15T20:28:41.218 WARN kycontroller::kymux_controller::server - Kynet accept failed: connection error: Endpoint closed
2026-09-15T20:28:41.218 WARN kycontroller::kymux_controller::server - Kynet accept failed: connection error: Endpoint closed
2026-09-15T20:28:41.218 WARN kycontroller::kymux_controller::server - Kynet accept failed: connection error: Endpoint closed
2026-09-15T20:28:41.218 WARN kycontroller::kymux_controller::server - Kynet accept failed: connection error: Endpoint closed
2026-09-15T20:28:41.218 WARN kycontroller::kymux_controller::server - Kynet accept failed: connection error: Endpoint closed
2026-09-15T20:28:41.218 WARN kycontroller::kymux_controller::server - Kynet accept failed: connection error: Endpoint closed
2026-09-15T20:28:41.218 WARN kycontroller::kymux_controller::server - Kynet accept failed: connection error: Endpoint closed
2026-09-15T20:28:41.218 WARN kycontroller::kymux_controller::server - Kynet accept failed: connection error: Endpoint closed
2026-09-15T20:28:41.218 WARN kycontroller::kymux_controller::server - Kynet accept failed: connection error: Endpoint closed
2026-09-15T20:28:41.218 WARN kycontroller::kymux_controller::server - Kynet accept failed: connection error: Endpoint closed
2026-09-15T20:28:41.218 WARN kycontroller::kymux_controller::server - Kynet accept failed: connection error: Endpoint closed
2026-09-15T20:28:41.218 WARN kycontroller::kymux_controller::server - Kynet accept failed: connection error: Endpoint closed
2026-09-15T20:28:41.218 WARN kycontroller::kymux_controller::server - Kynet accept failed: connection error: Endpoint closed
2026-09-15T20:28:41.218 WARN kycontroller::kymux_controller::server - Kynet accept failed: connection error: Endpoint closed
2026-09-15T20:28:41.218 WARN kycontroller::kymux_controller::server - Kynet accept failed: connection error: Endpoint closed
2026-09-15T20:28:41.218 WARN kycontroller::kymux_controller::server - Kynet accept failed: connection error: Endpoint closed
2026-09-15T20:28:41.218 WARN kycontroller::kymux_controller::server - Kynet accept failed: connection error: Endpoint closed
2026-09-15T20:28:41.218 WARN kycontroller::kymux_controller::server - Kynet accept failed: connection error: Endpoint closed
2026-09-15T20:28:41.218 WARN kycontroller::kymux_controller::server - Kynet accept failed: connection error: Endpoint closed
2026-09-15T20:28:41.218 WARN kycontroller::kymux_controller::server - Kynet accept failed: connection error: Endpoint closed
2026-09-15T20:28:41.218 WARN kycontroller::kymux_controller::server - Kynet accept failed: connection error: Endpoint closed
2026-09-15T20:28:41.218 WARN kycontroller::kymux_controller::server - Kynet accept failed: connection error: Endpoint closed
2026-09-15T20:28:41.218 WARN kycontroller::kymux_controller::server - Kynet accept failed: connection error: Endpoint closed
2026-09-15T20:28:41.218 WARN kycontroller::kymux_controller::server - Kynet accept failed: connection error: Endpoint closed
2026-09-15T20:28:41.218 WARN kycontroller::kymux_controller::server - Kynet accept failed: connection error: Endpoint closed
2026-09-15T20:28:41.218 WARN kycontroller::kymux_controller::server - Kynet accept failed: connection error: Endpoint closed
2026-09-15T20:28:41.218 WARN kycontroller::kymux_controller::server - Kynet accept failed: connection error: Endpoint closed
2026-09-15T20:28:41.218 WARN kycontroller::kymux_controller::server - Kynet accept failed: connection error: Endpoint closed
2026-09-15T20:28:41.218 WARN kycontroller::kymux_controller::server - Kynet accept failed: connection error: Endpoint closed
2026-09-15T20:28:41.218 WARN kycontroller::kymux_controller::server - Kynet accept failed: connection error: Endpoint closed
2026-09-15T20:28:41.218 WARN kycontroller::kymux_controller::server - Kynet accept failed: connection error: Endpoint closed
2026-09-15T20:28:41.218 WARN kycontroller::kymux_controller::server - Kynet accept failed: connection error: Endpoint closed
2026-09-15T20:28:41.218 WARN kycontroller::kymux_controller::server - Kynet accept failed: connection error: Endpoint closed
2026-09-15T20:28:41.218 WARN kycontroller::kymux_controller::server - Kynet accept failed: connection error: Endpoint closed
2026-09-15T20:28:41.218 WARN kycontroller::kymux_controller::server - Kynet accept failed: connection error: Endpoint closed
2026-09-15T20:28:41.218 WARN kycontroller::kymux_controller::server - Kynet accept failed: connection error: Endpoint closed
2026-09-15T20:28:41.218 WARN kycontroller::kymux_controller::server - Kynet accept failed: connection error: Endpoint closed
2026-09-15T20:28:41.218 WARN kycontroller::kymux_controller::server - Kynet accept failed: connection error: Endpoint closed
2026-09-15T20:28:41.218 WARN kycontroller::kymux_controller::server - Kynet accept failed: connection error: Endpoint closed
2026-09-15T20:28:41.218 WARN kycontroller::kymux_controller::server - Kynet accept failed: connection error: Endpoint closed
2026-09-15T20:28:41.218 WARN kycontroller::kymux_controller::server - Kynet accept failed: connection error: Endpoint closed
2026-09-15T20:28:41.218 WARN kycontroller::kymux_controller::server - Kynet accept failed: connection error: Endpoint closed
2026-09-15T20:28:41.218 WARN kycontroller::kymux_controller::server - Kynet accept failed: connection error: Endpoint closed
2026-09-15T20:28:41.218 WARN kycontroller::kymux_controller::server - Kynet accept failed: connection error: Endpoint closed
2026-09-15T20:28:41.218 WARN kycontroller::kymux_controller::server - Kynet accept failed: connection error: Endpoint closed
2026-09-15T20:28:41.218 WARN kycontroller::kymux_controller::server - Kynet accept failed: connection error: Endpoint closed
2026-09-15T20:28:41.218 WARN kycontroller::kymux_controller::server - Kynet accept failed: connection error: Endpoint closed
2026-09-15T20:28:41.218 WARN kycontroller::kymux_controller::server - Kynet accept failed: connection error: Endpoint closed
2026-09-15T20:28:41.218 WARN kycontroller::kymux_controller::server - Kynet accept failed: connection error: Endpoint closed
2026-09-15T20:28:41.218 WARN kycontroller::kymux_controller::server - Kynet accept failed: connection error: Endpoint closed
2026-09-15T20:28:41.218 WARN kycontroller::kymux_controller::server - Kynet accept failed: connection error: Endpoint closed
2026-09-15T20:28:41.218 WARN kycontroller::kymux_controller::server - Kynet accept failed: connection error: Endpoint closed
2026-09-15T20:28:41.218 WARN kycontroller::kymux_controller::server - Kynet accept failed: connection error: Endpoint closed
2026-09-15T20:28:41.218 WARN kycontroller::kymux_controller::server - Kynet accept failed: connection error: Endpoint closed
2026-09-15T20:28:41.218 WARN kycontroller::kymux_controller::server - Kynet accept failed: connection error: Endpoint closed
2026-09-15T20:28:41.218 WARN kycontroller::kymux_controller::server - Kynet accept failed: connection error: Endpoint closed
2026-09-15T20:28:41.218 WARN kycontroller::kymux_controller::server - Kynet accept failed: connection error: Endpoint closed
2026-09-15T20:28:41.218 WARN kycontroller::kymux_controller::server - Kynet accept failed: connection error: Endpoint closed
2026-09-15T20:28:41.218 WARN kycontroller::kymux_controller::server - Kynet accept failed: connection error: Endpoint closed
2026-09-15T20:28:41.218 WARN kycontroller::kymux_controller::server - Kynet accept failed: connection error: Endpoint closed
2026-09-15T20:28:41.218 WARN kycontroller::kymux_controller::server - Kynet accept failed: connection error: Endpoint closed
2026-09-15T20:28:41.218 WARN kycontroller::kymux_controller::server - Kynet accept failed: connection error: Endpoint closed
2026-09-15T20:28:41.218 WARN kycontroller::kymux_controller::server - Kynet accept failed: connection error: Endpoint closed
2026-09-15T20:28:41.218 WARN kycontroller::kymux_controller::server - Kynet accept failed: connection error: Endpoint closed
2026-09-15T20:28:41.218 WARN kycontroller::kymux_controller::server - Kynet accept failed: connection error: Endpoint closed
2026-09-15T20:28:41.219 WARN kycontroller::kymux_controller::server - Kynet accept failed: connection error: Endpoint closed
2026-09-15T20:28:41.219 WARN kycontroller::kymux_controller::server - Kynet accept failed: connection error: Endpoint closed
2026-09-15T20:28:41.219 WARN kycontroller::kymux_controller::server - Kynet accept failed: connection error: Endpoint closed
2026-09-15T20:28:41.219 WARN kycontroller::kymux_controller::server - Kynet accept failed: connection error: Endpoint closed
2026-09-15T20:28:41.219 WARN kycontroller::kymux_controller::server - Kynet accept failed: connection error: Endpoint closed
2026-09-15T20:28:41.219 WARN kycontroller::kymux_controller::server - Kynet accept failed: connection error: Endpoint closed
2026-09-15T20:28:41.219 WARN kycontroller::kymux_controller::server - Kynet accept failed: connection error: Endpoint closed
2026-09-15T20:28:41.219 WARN kycontroller::kymux_controller::server - Kynet accept failed: connection error: Endpoint closed
2026-09-15T20:28:41.219 WARN kycontroller::kymux_controller::server - Kynet accept failed: connection error: Endpoint closed
2026-09-15T20:28:41.219 WARN kycontroller::kymux_controller::server - Kynet accept failed: connection error: Endpoint closed
2026-09-15T20:28:41.219 WARN kycontroller::kymux_controller::server - Kynet accept failed: connection error: Endpoint closed
2026-09-15T20:28:41.219 WARN kycontroller::kymux_controller::server - Kynet accept failed: connection error: Endpoint closed
2026-09-15T20:28:41.219 WARN kycontroller::kymux_controller::server - Kynet accept failed: connection error: Endpoint closed
2026-09-15T20:28:41.219 WARN kycontroller::kymux_controller::server - Kynet accept failed: connection error: Endpoint closed
2026-09-15T20:28:41.219 WARN kycontroller::kymux_controller::server - Kynet accept failed: connection error: Endpoint closed
2026-09-15T20:28:41.219 WARN kycontroller::kymux_controller::server - Kynet accept failed: connection error: Endpoint closed
2026-09-15T20:28:41.219 WARN kycontroller::kymux_controller::server - Kynet accept failed: connection error: Endpoint closed
2026-09-15T20:28:41.219 WARN kycontroller::kymux_controller::server - Kynet accept failed: connection error: Endpoint closed
2026-09-15T20:28:41.219 WARN kycontroller::kymux_controller::server - Kynet accept failed: connection error: Endpoint closed
2026-09-15T20:28:41.219 WARN kycontroller::kymux_controller::server - Kynet accept failed: connection error: Endpoint closed
2026-09-15T20:28:41.219 WARN kycontroller::kymux_controller::server - Kynet accept failed: connection error: Endpoint closed
2026-09-15T20:28:41.219 WARN kycontroller::kymux_controller::server - Kynet accept failed: connection error: Endpoint closed
2026-09-15T20:28:41.219 WARN kycontroller::kymux_controller::server - Kynet accept failed: connection error: Endpoint closed
2026-09-15T20:28:41.219 WARN kycontroller::kymux_controller::server - Kynet accept failed: connection error: Endpoint closed
2026-09-15T20:28:41.219 WARN kycontroller::kymux_controller::server - Kynet accept failed: connection error: Endpoint closed
2026-09-15T20:28:41.219 WARN kycontroller::kymux_controller::server - Kynet accept failed: connection error: Endpoint closed
2026-09-15T20:28:41.219 WARN kycontroller::kymux_controller::server - Kynet accept failed: connection error: Endpoint closed
2026-09-15T20:28:41.219 WARN kycontroller::kymux_controller::server - Kynet accept failed: connection error: Endpoint closed
2026-09-15T20:28:41.219 WARN kycontroller::kymux_controller::server - Kynet accept failed: connection error: Endpoint closed
2026-09-15T20:28:41.219 WARN kycontroller::kymux_controller::server - Kynet accept failed: connection error: Endpoint closed
2026-09-15T20:28:41.219 WARN kycontroller::kymux_controller::server - Kynet accept failed: connection error: Endpoint closed
2026-09-15T20:28:41.219 WARN kycontroller::kymux_controller::server - Kynet accept failed: connection error: Endpoint closed
2026-09-15T20:28:41.219 WARN kycontroller::kymux_controller::server - Kynet accept failed: connection error: Endpoint closed
2026-09-15T20:28:41.219 WARN kycontroller::kymux_controller::server - Kynet accept failed: connection error: Endpoint closed
2026-09-15T20:28:41.219 WARN kycontroller::kymux_controller::server - Kynet accept failed: connection error: Endpoint closed
2026-09-15T20:28:41.219 WARN kycontroller::kymux_controller::server - Kynet accept failed: connection error: Endpoint closed
2026-09-15T20:28:41.219 WARN kycontroller::kymux_controller::server - Kynet accept failed: connection error: Endpoint closed
2026-09-15T20:28:41.219 WARN kycontroller::kymux_controller::server - Kynet accept failed: connection error: Endpoint closed
2026-09-15T20:28:41.219 WARN kycontroller::kymux_controller::server - Kynet accept failed: connection error: Endpoint closed
2026-09-15T20:28:41.219 WARN kycontroller::kymux_controller::server - Kynet accept failed: connection error: Endpoint closed
2026-09-15T20:28:41.219 WARN kycontroller::kymux_controller::server - Kynet accept failed: connection error: Endpoint closed
2026-09-15T20:28:41.219 WARN kycontroller::kymux_controller::server - Kynet accept failed: connection error: Endpoint closed
2026-09-15T20:28:41.219 WARN kycontroller::kymux_controller::server - Kynet accept failed: connection error: Endpoint closed
2026-09-15T20:28:41.219 WARN kycontroller::kymux_controller::server - Kynet accept failed: connection error: Endpoint closed
2026-09-15T20:28:41.219 WARN kycontroller::kymux_controller::server - Kynet accept failed: connection error: Endpoint closed
2026-09-15T20:28:41.219 WARN kycontroller::kymux_controller::server - Kynet accept failed: connection error: Endpoint closed
2026-09-15T20:28:41.219 WARN kycontroller::kymux_controller::server - Kynet accept failed: connection error: Endpoint closed
2026-09-15T20:28:41.219 WARN kycontroller::kymux_controller::server - Kynet accept failed: connection error: Endpoint closed
2026-09-15T20:28:41.219 WARN kycontroller::kymux_controller::server - Kynet accept failed: connection error: Endpoint closed
2026-09-15T20:28:41.219 WARN kycontroller::kymux_controller::server - Kynet accept failed: connection error: Endpoint closed
2026-09-15T20:28:41.219 WARN kycontroller::kymux_controller::server - Kynet accept failed: connection error: Endpoint closed
2026-09-15T20:28:41.219 WARN kycontroller::kymux_controller::server - Kynet accept failed: connection error: Endpoint closed
2026-09-15T20:28:41.219 WARN kycontroller::kymux_controller::server - Kynet accept failed: connection error: Endpoint closed
2026-09-15T20:28:41.219 WARN kycontroller::kymux_controller::server - Kynet accept failed: connection error: Endpoint closed
2026-09-15T20:28:41.219 WARN kycontroller::kymux_controller::server - Kynet accept failed: connection error: Endpoint closed
2026-09-15T20:28:41.219 WARN kycontroller::kymux_controller::server - Kynet accept failed: connection error: Endpoint closed
2026-09-15T20:28:41.219 WARN kycontroller::kymux_controller::server - Kynet accept failed: connection error: Endpoint closed
2026-09-15T20:28:41.219 WARN kycontroller::kymux_controller::server - Kynet accept failed: connection error: Endpoint closed
2026-09-15T20:28:41.219 WARN kycontroller::kymux_controller::server - Kynet accept failed: connection error: Endpoint closed
2026-09-15T20:28:41.219 WARN kycontroller::kymux_controller::server - Kynet accept failed: connection error: Endpoint closed
2026-09-15T20:28:41.219 WARN kycontroller::kymux_controller::server - Kynet accept failed: connection error: Endpoint closed
2026-09-15T20:28:41.219 WARN kycontroller::kymux_controller::server - Kynet accept failed: connection error: Endpoint closed
2026-09-15T20:28:41.219 WARN kycontroller::kymux_controller::server - Kynet accept failed: connection error: Endpoint closed
2026-09-15T20:28:41.219 WARN kycontroller::kymux_controller::server - Kynet accept failed: connection error: Endpoint closed
2026-09-15T20:28:41.219 WARN kycontroller::kymux_controller::server - Kynet accept failed: connection error: Endpoint closed
2026-09-15T20:28:41.219 WARN kycontroller::kymux_controller::server - Kynet accept failed: connection error: Endpoint closed
2026-09-15T20:28:41.219 WARN kycontroller::kymux_controller::server - Kynet accept failed: connection error: Endpoint closed
2026-09-15T20:28:41.219 WARN kycontroller::kymux_controller::server - Kynet accept failed: connection error: Endpoint closed
2026-09-15T20:28:41.219 WARN kycontroller::kymux_controller::server - Kynet accept failed: connection error: Endpoint closed
2026-09-15T20:28:41.219 WARN kycontroller::kymux_controller::server - Kynet accept failed: connection error: Endpoint closed
2026-09-15T20:28:41.219 WARN kycontroller::kymux_controller::server - Kynet accept failed: connection error: Endpoint closed
2026-09-15T20:28:41.219 WARN kycontroller::kymux_controller::server - Kynet accept failed: connection error: Endpoint closed
2026-09-15T20:28:41.219 WARN kycontroller::kymux_controller::server - Kynet accept failed: connection error: Endpoint closed
2026-09-15T20:28:41.219 WARN kycontroller::kymux_controller::server - Kynet accept failed: connection error: Endpoint closed
2026-09-15T20:28:41.219 WARN kycontroller::kymux_controller::server - Kynet accept failed: connection error: Endpoint closed
2026-09-15T20:28:41.219 WARN kycontroller::kymux_controller::server - Kynet accept failed: connection error: Endpoint closed
2026-09-15T20:28:41.219 WARN kycontroller::kymux_controller::server - Kynet accept failed: connection error: Endpoint closed
2026-09-15T20:28:41.219 WARN kycontroller::kymux_controller::server - Kynet accept failed: connection error: Endpoint closed
2026-09-15T20:28:41.219 WARN kycontroller::kymux_controller::server - Kynet accept failed: connection error: Endpoint closed
2026-09-15T20:28:41.219 WARN kycontroller::kymux_controller::server - Kynet accept failed: connection error: Endpoint closed
2026-09-15T20:28:41.219 WARN kycontroller::kymux_controller::server - Kynet accept failed: connection error: Endpoint closed
2026-09-15T20:28:41.219 WARN kycontroller::kymux_controller::server - Kynet accept failed: connection error: Endpoint closed
2026-09-15T20:28:41.219 WARN kycontroller::kymux_controller::server - Kynet accept failed: connection error: Endpoint closed
2026-09-15T20:28:41.219 WARN kycontroller::kymux_controller::server - Kynet accept failed: connection error: Endpoint closed
2026-09-15T20:28:41.219 WARN kycontroller::kymux_controller::server - Kynet accept failed: connection error: Endpoint closed
2026-09-15T20:28:41.219 WARN kycontroller::kymux_controller::server - Kynet accept failed: connection error: Endpoint closed
2026-09-15T20:28:41.219 WARN kycontroller::kymux_controller::server - Kynet accept failed: connection error: Endpoint closed
2026-09-15T20:28:41.219 WARN kycontroller::kymux_controller::server - Kynet accept failed: connection error: Endpoint closed
2026-09-15T20:28:41.219 WARN kycontroller::kymux_controller::server - Kynet accept failed: connection error: Endpoint closed
2026-09-15T20:28:41.219 WARN kycontroller::kymux_controller::server - Kynet accept failed: connection error: Endpoint closed
2026-09-15T20:28:41.219 WARN kycontroller::kymux_controller::server - Kynet accept failed: connection error: Endpoint closed
2026-09-15T20:28:41.219 WARN kycontroller::kymux_controller::server - Kynet accept failed: connection error: Endpoint closed
2026-09-15T20:28:41.219 WARN kycontroller::kymux_controller::server - Kynet accept failed: connection error: Endpoint closed
2026-09-15T20:28:41.219 WARN kycontroller::kymux_controller::server - Kynet accept failed: connection error: Endpoint closed
2026-09-15T20:28:41.219 WARN kycontroller::kymux_controller::server - Kynet accept failed: connection error: Endpoint closed
2026-09-15T20:28:41.219 WARN kycontroller::kymux_controller::server - Kynet accept failed: connection error: Endpoint closed
2026-09-15T20:28:41.219 WARN kycontroller::kymux_controller::server - Kynet accept failed: connection error: Endpoint closed
2026-09-15T20:28:41.219 WARN kycontroller::kymux_controller::server - Kynet accept failed: connection error: Endpoint closed
2026-09-15T20:28:41.219 WARN kycontroller::kymux_controller::server - Kynet accept failed: connection error: Endpoint closed
2026-09-15T20:28:41.219 WARN kycontroller::kymux_controller::server - Kynet accept failed: connection error: Endpoint closed
2026-09-15T20:28:41.219 WARN kycontroller::kymux_controller::server - Kynet accept failed: connection error: Endpoint closed
2026-09-15T20:28:41.219 WARN kycontroller::kymux_controller::server - Kynet accept failed: connection error: Endpoint closed
2026-09-15T20:28:41.219 WARN kycontroller::kymux_controller::server - Kynet accept failed: connection error: Endpoint closed
2026-09-15T20:28:41.219 WARN kycontroller::kymux_controller::server - Kynet accept failed: connection error: Endpoint closed
2026-09-15T20:28:41.219 WARN kycontroller::kymux_controller::server - Kynet accept failed: connection error: Endpoint closed
2026-09-15T20:28:41.219 WARN kycontroller::kymux_controller::server - Kynet accept failed: connection error: Endpoint closed
2026-09-15T20:28:41.219 WARN kycontroller::kymux_controller::server - Kynet accept failed: connection error: Endpoint closed
2026-09-15T20:28:41.219 WARN kycontroller::kymux_controller::server - Kynet accept failed: connection error: Endpoint closed
2026-09-15T20:28:41.219 WARN kycontroller::kymux_controller::server - Kynet accept failed: connection error: Endpoint closed
2026-09-15T20:28:41.220 WARN kycontroller::kymux_controller::server - Kynet accept failed: connection error: Endpoint closed
2026-09-15T20:28:41.220 WARN kycontroller::kymux_controller::server - Kynet accept failed: connection error: Endpoint closed
2026-09-15T20:28:41.220 WARN kycontroller::kymux_controller::server - Kynet accept failed: connection error: Endpoint closed
2026-09-15T20:28:41.220 WARN kycontroller::kymux_controller::server - Kynet accept failed: connection error: Endpoint closed
2026-09-15T20:28:41.220 WARN kycontroller::kymux_controller::server - Kynet accept failed: connection error: Endpoint closed
2026-09-15T20:28:41.220 WARN kycontroller::kymux_controller::server - Kynet accept failed: connection error: Endpoint closed
2026-09-15T20:28:41.220 WARN kycontroller::kymux_controller::server - Kynet accept failed: connection error: Endpoint closed
2026-09-15T20:28:41.220 WARN kycontroller::kymux_controller::server - Kynet accept failed: connection error: Endpoint closed
2026-09-15T20:28:41.220 WARN kycontroller::kymux_controller::server - Kynet accept failed: connection error: Endpoint closed
2026-09-15T20:28:41.220 WARN kycontroller::kymux_controller::server - Kynet accept failed: connection error: Endpoint closed
2026-09-15T20:28:41.220 WARN kycontroller::kymux_controller::server - Kynet accept failed: connection error: Endpoint closed
2026-09-15T20:28:41.220 WARN kycontroller::kymux_controller::server - Kynet accept failed: connection error: Endpoint closed
2026-09-15T20:28:41.220 WARN kycontroller::kymux_controller::server - Kynet accept failed: connection error: Endpoint closed
2026-09-15T20:28:41.220 WARN kycontroller::kymux_controller::server - Kynet accept failed: connection error: Endpoint closed
2026-09-15T20:28:41.220 WARN kycontroller::kymux_controller::server - Kynet accept failed: connection error: Endpoint closed
2026-09-15T20:28:41.220 WARN kycontroller::kymux_controller::server - Kynet accept failed: connection error: Endpoint closed
2026-09-15T20:28:41.220 WARN kycontroller::kymux_controller::server - Kynet accept failed: connection error: Endpoint closed
2026-09-15T20:28:41.220 WARN kycontroller::kymux_controller::server - Kynet accept failed: connection error: Endpoint closed
2026-09-15T20:28:41.220 WARN kycontroller::kymux_controller::server - Kynet accept failed: connection error: Endpoint closed
2026-09-15T20:28:41.220 WARN kycontroller::kymux_controller::server - Kynet accept failed: connection error: Endpoint closed
2026-09-15T20:28:41.220 WARN kycontroller::kymux_controller::server - Kynet accept failed: connection error: Endpoint closed
2026-09-15T20:28:41.220 WARN kycontroller::kymux_controller::server - Kynet accept failed: connection error: Endpoint closed
2026-09-15T20:28:41.220 WARN kycontroller::kymux_controller::server - Kynet accept failed: connection error: Endpoint closed
2026-09-15T20:28:41.220 WARN kycontroller::kymux_controller::server - Kynet accept failed: connection error: Endpoint closed
2026-09-15T20:28:41.220 WARN kycontroller::kymux_controller::server - Kynet accept failed: connection error: Endpoint closed
2026-09-15T20:28:41.220 WARN kycontroller::kymux_controller::server - Kynet accept failed: connection error: Endpoint closed
2026-09-15T20:28:41.220 WARN kycontroller::kymux_controller::server - Kynet accept failed: connection error: Endpoint closed
2026-09-15T20:28:41.220 WARN kycontroller::kymux_controller::server - Kynet accept failed: connection error: Endpoint closed
2026-09-15T20:28:41.220 WARN kycontroller::kymux_controller::server - Kynet accept failed: connection error: Endpoint closed
2026-09-15T20:28:41.220 WARN kycontroller::kymux_controller::server - Kynet accept failed: connection error: Endpoint closed
2026-09-15T20:28:41.220 WARN kycontroller::kymux_controller::server - Kynet accept failed: connection error: Endpoint closed
2026-09-15T20:28:41.220 WARN kycontroller::kymux_controller::server - Kynet accept failed: connection error: Endpoint closed
2026-09-15T20:28:41.220 WARN kycontroller::kymux_controller::server - Kynet accept failed: connection error: Endpoint closed
2026-09-15T20:28:41.220 WARN kycontroller::kymux_controller::server - Kynet accept failed: connection error: Endpoint closed
2026-09-15T20:28:41.220 WARN kycontroller::kymux_controller::server - Kynet accept failed: connection error: Endpoint closed
2026-09-15T20:28:41.220 WARN kycontroller::kymux_controller::server - Kynet accept failed: connection error: Endpoint closed
2026-09-15T20:28:41.220 WARN kycontroller::kymux_controller::server - Kynet accept failed: connection error: Endpoint closed
2026-09-15T20:28:41.220 WARN kycontroller::kymux_controller::server - Kynet accept failed: connection error: Endpoint closed
2026-09-15T20:28:41.220 WARN kycontroller::kymux_controller::server - Kynet accept failed: connection error: Endpoint closed
2026-09-15T20:28:41.220 WARN kycontroller::kymux_controller::server - Kynet accept failed: connection error: Endpoint closed
2026-09-15T20:28:41.220 WARN kycontroller::kymux_controller::server - Kynet accept failed: connection error: Endpoint closed
2026-09-15T20:28:41.220 WARN kycontroller::kymux_controller::server - Kynet accept failed: connection error: Endpoint closed
2026-09-15T20:28:41.220 WARN kycontroller::kymux_controller::server - Kynet accept failed: connection error: Endpoint closed
2026-09-15T20:28:41.220 WARN kycontroller::kymux_controller::server - Kynet accept failed: connection error: Endpoint closed
2026-09-15T20:28:41.220 WARN kycontroller::kymux_controller::server - Kynet accept failed: connection error: Endpoint closed
2026-09-15T20:28:41.220 WARN kycontroller::kymux_controller::server - Kynet accept failed: connection error: Endpoint closed
2026-09-15T20:28:41.220 WARN kycontroller::kymux_controller::server - Kynet accept failed: connection error: Endpoint closed
2026-09-15T20:28:41.220 WARN kycontroller::kymux_controller::server - Kynet accept failed: connection error: Endpoint closed
2026-09-15T20:28:41.220 WARN kycontroller::kymux_controller::server - Kynet accept failed: connection error: Endpoint closed
2026-09-15T20:28:41.220 WARN kycontroller::kymux_controller::server - Kynet accept failed: connection error: Endpoint closed
2026-09-15T20:28:41.220 WARN kycontroller::kymux_controller::server - Kynet accept failed: connection error: Endpoint closed
2026-09-15T20:28:41.220 WARN kycontroller::kymux_controller::server - Kynet accept failed: connection error: Endpoint closed
2026-09-15T20:28:41.220 WARN kycontroller::kymux_controller::server - Kynet accept failed: connection error: Endpoint closed
2026-09-15T20:28:41.220 WARN kycontroller::kymux_controller::server - Kynet accept failed: connection error: Endpoint closed
2026-09-15T20:28:41.220 WARN kycontroller::kymux_controller::server - Kynet accept failed: connection error: Endpoint closed
2026-09-15T20:28:41.220 WARN kycontroller::kymux_controller::server - Kynet accept failed: connection error: Endpoint closed
2026-09-15T20:28:41.220 WARN kycontroller::kymux_controller::server - Kynet accept failed: connection error: Endpoint closed
2026-09-15T20:28:41.220 WARN kycontroller::kymux_controller::server - Kynet accept failed: connection error: Endpoint closed
2026-09-15T20:28:41.220 WARN kycontroller::kymux_controller::server - Kynet accept failed: connection error: Endpoint closed
2026-09-15T20:28:41.220 WARN kycontroller::kymux_controller::server - Kynet accept failed: connection error: Endpoint closed
2026-09-15T20:28:41.220 WARN kycontroller::kymux_controller::server - Kynet accept failed: connection error: Endpoint closed
2026-09-15T20:28:41.220 WARN kycontroller::kymux_controller::server - Kynet accept failed: connection error: Endpoint closed
2026-09-15T20:28:41.220 WARN kycontroller::kymux_controller::server - Kynet accept failed: connection error: Endpoint closed
2026-09-15T20:28:41.220 WARN kycontroller::kymux_controller::server - Kynet accept failed: connection error: Endpoint closed
2026-09-15T20:28:41.220 WARN kycontroller::kymux_controller::server - Kynet accept failed: connection error: Endpoint closed
2026-09-15T20:28:41.220 WARN kycontroller::kymux_controller::server - Kynet accept failed: connection error: Endpoint closed
2026-09-15T20:28:41.220 WARN kycontroller::kymux_controller::server - Kynet accept failed: connection error: Endpoint closed
2026-09-15T20:28:41.220 WARN kycontroller::kymux_controller::server - Kynet accept failed: connection error: Endpoint closed
2026-09-15T20:28:41.220 WARN kycontroller::kymux_controller::server - Kynet accept failed: connection error: Endpoint closed
2026-09-15T20:28:41.220 WARN kycontroller::kymux_controller::server - Kynet accept failed: connection error: Endpoint closed
2026-09-15T20:28:41.220 WARN kycontroller::kymux_controller::server - Kynet accept failed: connection error: Endpoint closed
2026-09-15T20:28:41.220 WARN kycontroller::kymux_controller::server - Kynet accept failed: connection error: Endpoint closed
2026-09-15T20:28:41.220 WARN kycontroller::kymux_controller::server - Kynet accept failed: connection error: Endpoint closed
2026-09-15T20:28:41.220 WARN kycontroller::kymux_controller::server - Kynet accept failed: connection error: Endpoint closed
2026-09-15T20:28:41.220 WARN kycontroller::kymux_controller::server - Kynet accept failed: connection error: Endpoint closed
2026-09-15T20:28:41.220 WARN kycontroller::kymux_controller::server - Kynet accept failed: connection error: Endpoint closed
2026-09-15T20:28:41.220 WARN kycontroller::kymux_controller::server - Kynet accept failed: connection error: Endpoint closed
2026-09-15T20:28:41.220 WARN kycontroller::kymux_controller::server - Kynet accept failed: connection error: Endpoint closed
2026-09-15T20:28:41.220 WARN kycontroller::kymux_controller::server - Kynet accept failed: connection error: Endpoint closed
2026-09-15T20:28:41.220 WARN kycontroller::kymux_controller::server - Kynet accept failed: connection error: Endpoint closed
2026-09-15T20:28:41.220 WARN kycontroller::kymux_controller::server - Kynet accept failed: connection error: Endpoint closed
2026-09-15T20:28:41.220 WARN kycontroller::kymux_controller::server - Kynet accept failed: connection error: Endpoint closed
2026-09-15T20:28:41.220 WARN kycontroller::kymux_controller::server - Kynet accept failed: connection error: Endpoint closed
2026-09-15T20:28:41.220 WARN kycontroller::kymux_controller::server - Kynet accept failed: connection error: Endpoint closed
2026-09-15T20:28:41.220 WARN kycontroller::kymux_controller::server - Kynet accept failed: connection error: Endpoint closed
2026-09-15T20:28:41.220 WARN kycontroller::kymux_controller::server - Kynet accept failed: connection error: Endpoint closed
2026-09-15T20:28:41.220 WARN kycontroller::kymux_controller::server - Kynet accept failed: connection error: Endpoint closed
2026-09-15T20:28:41.220 WARN kycontroller::kymux_controller::server - Kynet accept failed: connection error: Endpoint closed
2026-09-15T20:28:41.220 WARN kycontroller::kymux_controller::server - Kynet accept failed: connection error: Endpoint closed
2026-09-15T20:28:41.220 WARN kycontroller::kymux_controller::server - Kynet accept failed: connection error: Endpoint closed
2026-09-15T20:28:41.220 WARN kycontroller::kymux_controller::server - Kynet accept failed: connection error: Endpoint closed
2026-09-15T20:28:41.220 WARN kycontroller::kymux_controller::server - Kynet accept failed: connection error: Endpoint closed
2026-09-15T20:28:41.220 WARN kycontroller::kymux_controller::server - Kynet accept failed: connection error: Endpoint closed
2026-09-15T20:28:41.220 WARN kycontroller::kymux_controller::server - Kynet accept failed: connection error: Endpoint closed
2026-09-15T20:28:41.220 WARN kycontroller::kymux_controller::server - Kynet accept failed: connection error: Endpoint closed
2026-09-15T20:28:41.220 WARN kycontroller::kymux_controller::server - Kynet accept failed: connection error: Endpoint closed
2026-09-15T20:28:41.220 WARN kycontroller::kymux_controller::server - Kynet accept failed: connection error: Endpoint closed
2026-09-15T20:28:41.220 WARN kycontroller::kymux_controller::server - Kynet accept failed: connection error: Endpoint closed
2026-09-15T20:28:41.220 WARN kycontroller::kymux_controller::server - Kynet accept failed: connection error: Endpoint closed
2026-09-15T20:28:41.220 WARN kycontroller::kymux_controller::server - Kynet accept failed: connection error: Endpoint closed
2026-09-15T20:28:41.220 WARN kycontroller::kymux_controller::server - Kynet accept failed: connection error: Endpoint closed
2026-09-15T20:28:41.220 WARN kycontroller::kymux_controller::server - Kynet accept failed: connection error: Endpoint closed
2026-09-15T20:28:41.220 WARN kycontroller::kymux_controller::server - Kynet accept failed: connection error: Endpoint closed
2026-09-15T20:28:41.220 WARN kycontroller::kymux_controller::server - Kynet accept failed: connection error: Endpoint closed
2026-09-15T20:28:41.220 WARN kycontroller::kymux_controller::server - Kynet accept failed: connection error: Endpoint closed
2026-09-15T20:28:41.220 WARN kycontroller::kymux_controller::server - Kynet accept failed: connection error: Endpoint closed
2026-09-15T20:28:41.220 WARN kycontroller::kymux_controller::server - Kynet accept failed: connection error: Endpoint closed
2026-09-15T20:28:41.220 WARN kycontroller::kymux_controller::server - Kynet accept failed: connection error: Endpoint closed
2026-09-15T20:28:41.220 WARN kycontroller::kymux_controller::server - Kynet accept failed: connection error: Endpoint closed
2026-09-15T20:28:41.220 WARN kycontroller::kymux_controller::server - Kynet accept failed: connection error: Endpoint closed
2026-09-15T20:28:41.220 WARN kycontroller::kymux_controller::server - Kynet accept failed: connection error: Endpoint closed
2026-09-15T20:28:41.220 WARN kycontroller::kymux_controller::server - Kynet accept failed: connection error: Endpoint closed
2026-09-15T20:28:41.220 WARN kycontroller::kymux_controller::server - Kynet accept failed: connection error: Endpoint closed
2026-09-15T20:28:41.220 WARN kycontroller::kymux_controller::server - Kynet accept failed: connection error: Endpoint closed
2026-09-15T20:28:41.220 WARN kycontroller::kymux_controller::server - Kynet accept failed: connection error: Endpoint closed
2026-09-15T20:28:41.220 WARN kycontroller::kymux_controller::server - Kynet accept failed: connection error: Endpoint closed
2026-09-15T20:28:41.220 WARN kycontroller::kymux_controller::server - Kynet accept failed: connection error: Endpoint closed
2026-09-15T20:28:41.220 WARN kycontroller::kymux_controller::server - Kynet accept failed: connection error: Endpoint closed
2026-09-15T20:28:41.221 WARN kycontroller::kymux_controller::server - Kynet accept failed: connection error: Endpoint closed
2026-09-15T20:28:41.221 WARN kycontroller::kymux_controller::server - Kynet accept failed: connection error: Endpoint closed
2026-09-15T20:28:41.221 WARN kycontroller::kymux_controller::server - Kynet accept failed: connection error: Endpoint closed
2026-09-15T20:28:41.221 WARN kycontroller::kymux_controller::server - Kynet accept failed: connection error: Endpoint closed
2026-09-15T20:28:41.221 WARN kycontroller::kymux_controller::server - Kynet accept failed: connection error: Endpoint closed
2026-09-15T20:28:41.221 WARN kycontroller::kymux_controller::server - Kynet accept failed: connection error: Endpoint closed
2026-09-15T20:28:41.221 WARN kycontroller::kymux_controller::server - Kynet accept failed: connection error: Endpoint closed
2026-09-15T20:28:41.221 WARN kycontroller::kymux_controller::server - Kynet accept failed: connection error: Endpoint closed
2026-09-15T20:28:41.221 WARN kycontroller::kymux_controller::server - Kynet accept failed: connection error: Endpoint closed
2026-09-15T20:28:41.221 WARN kycontroller::kymux_controller::server - Kynet accept failed: connection error: Endpoint closed
2026-09-15T20:28:41.221 WARN kycontroller::kymux_controller::server - Kynet accept failed: connection error: Endpoint closed
2026-09-15T20:28:41.221 WARN kycontroller::kymux_controller::server - Kynet accept failed: connection error: Endpoint closed
2026-09-15T20:28:41.221 WARN kycontroller::kymux_controller::server - Kynet accept failed: connection error: Endpoint closed
2026-09-15T20:28:41.221 WARN kycontroller::kymux_controller::server - Kynet accept failed: connection error: Endpoint closed
2026-09-15T20:28:41.221 WARN kycontroller::kymux_controller::server - Kynet accept failed: connection error: Endpoint closed
2026-09-15T20:28:41.221 WARN kycontroller::kymux_controller::server - Kynet accept failed: connection error: Endpoint closed
2026-09-15T20:28:41.221 WARN kycontroller::kymux_controller::server - Kynet accept failed: connection error: Endpoint closed
2026-09-15T20:28:41.221 WARN kycontroller::kymux_controller::server - Kynet accept failed: connection error: Endpoint closed
2026-09-15T20:28:41.221 WARN kycontroller::kymux_controller::server - Kynet accept failed: connection error: Endpoint closed
2026-09-15T20:28:41.221 WARN kycontroller::kymux_controller::server - Kynet accept failed: connection error: Endpoint closed
2026-09-15T20:28:41.221 WARN kycontroller::kymux_controller::server - Kynet accept failed: connection error: Endpoint closed
2026-09-15T20:28:41.221 WARN kycontroller::kymux_controller::server - Kynet accept failed: connection error: Endpoint closed
2026-09-15T20:28:41.221 WARN kycontroller::kymux_controller::server - Kynet accept failed: connection error: Endpoint closed
2026-09-15T20:28:41.221 WARN kycontroller::kymux_controller::server - Kynet accept failed: connection error: Endpoint closed
2026-09-15T20:28:41.221 WARN kycontroller::kymux_controller::server - Kynet accept failed: connection error: Endpoint closed
2026-09-15T20:28:41.221 WARN kycontroller::kymux_controller::server - Kynet accept failed: connection error: Endpoint closed
2026-09-15T20:28:41.221 WARN kycontroller::kymux_controller::server - Kynet accept failed: connection error: Endpoint closed
2026-09-15T20:28:41.221 WARN kycontroller::kymux_controller::server - Kynet accept failed: connection error: Endpoint closed
2026-09-15T20:28:41.221 WARN kycontroller::kymux_controller::server - Kynet accept failed: connection error: Endpoint closed
2026-09-15T20:28:41.221 WARN kycontroller::kymux_controller::server - Kynet accept failed: connection error: Endpoint closed
2026-09-15T20:28:41.221 WARN kycontroller::kymux_controller::server - Kynet accept failed: connection error: Endpoint closed
2026-09-15T20:28:41.221 WARN kycontroller::kymux_controller::server - Kynet accept failed: connection error: Endpoint closed
2026-09-15T20:28:41.221 WARN kycontroller::kymux_controller::server - Kynet accept failed: connection error: Endpoint closed
2026-09-15T20:28:41.221 WARN kycontroller::kymux_controller::server - Kynet accept failed: connection error: Endpoint closed
2026-09-15T20:28:41.221 WARN kycontroller::kymux_controller::server - Kynet accept failed: connection error: Endpoint closed
2026-09-15T20:28:41.221 WARN kycontroller::kymux_controller::server - Kynet accept failed: connection error: Endpoint closed
2026-09-15T20:28:41.221 WARN kycontroller::kymux_controller::server - Kynet accept failed: connection error: Endpoint closed
2026-09-15T20:28:41.221 WARN kycontroller::kymux_controller::server - Kynet accept failed: connection error: Endpoint closed
2026-09-15T20:28:41.221 WARN kycontroller::kymux_controller::server - Kynet accept failed: connection error: Endpoint closed
2026-09-15T20:28:41.221 WARN kycontroller::kymux_controller::server - Kynet accept failed: connection error: Endpoint closed
2026-09-15T20:28:41.221 WARN kycontroller::kymux_controller::server - Kynet accept failed: connection error: Endpoint closed
2026-09-15T20:28:41.221 WARN kycontroller::kymux_controller::server - Kynet accept failed: connection error: Endpoint closed
2026-09-15T20:28:41.221 WARN kycontroller::kymux_controller::server - Kynet accept failed: connection error: Endpoint closed
2026-09-15T20:28:41.221 WARN kycontroller::kymux_controller::server - Kynet accept failed: connection error: Endpoint closed
2026-09-15T20:28:41.221 WARN kycontroller::kymux_controller::server - Kynet accept failed: connection error: Endpoint closed
2026-09-15T20:28:41.221 WARN kycontroller::kymux_controller::server - Kynet accept failed: connection error: Endpoint closed
2026-09-15T20:28:41.221 WARN kycontroller::kymux_controller::server - Kynet accept failed: connection error: Endpoint closed
2026-09-15T20:28:41.221 WARN kycontroller::kymux_controller::server - Kynet accept failed: connection error: Endpoint closed
2026-09-15T20:28:41.221 WARN kycontroller::kymux_controller::server - Kynet accept failed: connection error: Endpoint closed
2026-09-15T20:28:41.221 WARN kycontroller::kymux_controller::server - Kynet accept failed: connection error: Endpoint closed
2026-09-15T20:28:41.221 WARN kycontroller::kymux_controller::server - Kynet accept failed: connection error: Endpoint closed
2026-09-15T20:28:41.221 WARN kycontroller::kymux_controller::server - Kynet accept failed: connection error: Endpoint closed
2026-09-15T20:28:41.221 WARN kycontroller::kymux_controller::server - Kynet accept failed: connection error: Endpoint closed
2026-09-15T20:28:41.221 WARN kycontroller::kymux_controller::server - Kynet accept failed: connection error: Endpoint closed
2026-09-15T20:28:41.221 WARN kycontroller::kymux_controller::server - Kynet accept failed: connection error: Endpoint closed
2026-09-15T20:28:41.221 WARN kycontroller::kymux_controller::server - Kynet accept failed: connection error: Endpoint closed
2026-09-15T20:28:41.221 WARN kycontroller::kymux_controller::server - Kynet accept failed: connection error: Endpoint closed
2026-09-15T20:28:41.221 WARN kycontroller::kymux_controller::server - Kynet accept failed: connection error: Endpoint closed
2026-09-15T20:28:41.221 WARN kycontroller::kymux_controller::server - Kynet accept failed: connection error: Endpoint closed
2026-09-15T20:28:41.221 WARN kycontroller::kymux_controller::server - Kynet accept failed: connection error: Endpoint closed
2026-09-15T20:28:41.221 WARN kycontroller::kymux_controller::server - Kynet accept failed: connection error: Endpoint closed
2026-09-15T20:28:41.221 WARN kycontroller::kymux_controller::server - Kynet accept failed: connection error: Endpoint closed
2026-09-15T20:28:41.221 WARN kycontroller::kymux_controller::server - Kynet accept failed: connection error: Endpoint closed
2026-09-15T20:28:41.221 WARN kycontroller::kymux_controller::server - Kynet accept failed: connection error: Endpoint closed
2026-09-15T20:28:41.221 WARN kycontroller::kymux_controller::server - Kynet accept failed: connection error: Endpoint closed
2026-09-15T20:28:41.221 WARN kycontroller::kymux_controller::server - Kynet accept failed: connection error: Endpoint closed
2026-09-15T20:28:41.221 WARN kycontroller::kymux_controller::server - Kynet accept failed: connection error: Endpoint closed
2026-09-15T20:28:41.221 WARN kycontroller::kymux_controller::server - Kynet accept failed: connection error: Endpoint closed
2026-09-15T20:28:41.221 WARN kycontroller::kymux_controller::server - Kynet accept failed: connection error: Endpoint closed
2026-09-15T20:28:41.221 WARN kycontroller::kymux_controller::server - Kynet accept failed: connection error: Endpoint closed
2026-09-15T20:28:41.221 WARN kycontroller::kymux_controller::server - Kynet accept failed: connection error: Endpoint closed
2026-09-15T20:28:41.221 WARN kycontroller::kymux_controller::server - Kynet accept failed: connection error: Endpoint closed
2026-09-15T20:28:41.221 WARN kycontroller::kymux_controller::server - Kynet accept failed: connection error: Endpoint closed
2026-09-15T20:28:41.221 WARN kycontroller::kymux_controller::server - Kynet accept failed: connection error: Endpoint closed
2026-09-15T20:28:41.221 WARN kycontroller::kymux_controller::server - Kynet accept failed: connection error: Endpoint closed
2026-09-15T20:28:41.221 WARN kycontroller::kymux_controller::server - Kynet accept failed: connection error: Endpoint closed
2026-09-15T20:28:41.221 WARN kycontroller::kymux_controller::server - Kynet accept failed: connection error: Endpoint closed
2026-09-15T20:28:41.221 WARN kycontroller::kymux_controller::server - Kynet accept failed: connection error: Endpoint closed
2026-09-15T20:28:41.221 WARN kycontroller::kymux_controller::server - Kynet accept failed: connection error: Endpoint closed
2026-09-15T20:28:41.221 WARN kycontroller::kymux_controller::server - Kynet accept failed: connection error: Endpoint closed
2026-09-15T20:28:41.221 WARN kycontroller::kymux_controller::server - Kynet accept failed: connection error: Endpoint closed
2026-09-15T20:28:41.221 WARN kycontroller::kymux_controller::server - Kynet accept failed: connection error: Endpoint closed
2026-09-15T20:28:41.221 WARN kycontroller::kymux_controller::server - Kynet accept failed: connection error: Endpoint closed
2026-09-15T20:28:41.221 WARN kycontroller::kymux_controller::server - Kynet accept failed: connection error: Endpoint closed
2026-09-15T20:28:41.221 WARN kycontroller::kymux_controller::server - Kynet accept failed: connection error: Endpoint closed
2026-09-15T20:28:41.221 WARN kycontroller::kymux_controller::server - Kynet accept failed: connection error: Endpoint closed
2026-09-15T20:28:41.221 WARN kycontroller::kymux_controller::server - Kynet accept failed: connection error: Endpoint closed
2026-09-15T20:28:41.221 WARN kycontroller::kymux_controller::server - Kynet accept failed: connection error: Endpoint closed
2026-09-15T20:28:41.221 WARN kycontroller::kymux_controller::server - Kynet accept failed: connection error: Endpoint closed
2026-09-15T20:28:41.221 WARN kycontroller::kymux_controller::server - Kynet accept failed: connection error: Endpoint closed
2026-09-15T20:28:41.221 WARN kycontroller::kymux_controller::server - Kynet accept failed: connection error: Endpoint closed
2026-09-15T20:28:41.221 WARN kycontroller::kymux_controller::server - Kynet accept failed: connection error: Endpoint closed
2026-09-15T20:28:41.221 WARN kycontroller::kymux_controller::server - Kynet accept failed: connection error: Endpoint closed
2026-09-15T20:28:41.221 WARN kycontroller::kymux_controller::server - Kynet accept failed: connection error: Endpoint closed
2026-09-15T20:28:41.221 WARN kycontroller::kymux_controller::server - Kynet accept failed: connection error: Endpoint closed
2026-09-15T20:28:41.221 WARN kycontroller::kymux_controller::server - Kynet accept failed: connection error: Endpoint closed
2026-09-15T20:28:41.221 WARN kycontroller::kymux_controller::server - Kynet accept failed: connection error: Endpoint closed
2026-09-15T20:28:41.221 WARN kycontroller::kymux_controller::server - Kynet accept failed: connection error: Endpoint closed
2026-09-15T20:28:41.221 WARN kycontroller::kymux_controller::server - Kynet accept failed: connection error: Endpoint closed
2026-09-15T20:28:41.221 WARN kycontroller::kymux_controller::server - Kynet accept failed: connection error: Endpoint closed
2026-09-15T20:28:41.221 WARN kycontroller::kymux_controller::server - Kynet accept failed: connection error: Endpoint closed
2026-09-15T20:28:41.221 WARN kycontroller::kymux_controller::server - Kynet accept failed: connection error: Endpoint closed
2026-09-15T20:28:41.221 WARN kycontroller::kymux_controller::server - Kynet accept failed: connection error: Endpoint closed
2026-09-15T20:28:41.221 WARN kycontroller::kymux_controller::server - Kynet accept failed: connection error: Endpoint closed
2026-09-15T20:28:41.221 WARN kycontroller::kymux_controller::server - Kynet accept failed: connection error: Endpoint closed
2026-09-15T20:28:41.221 WARN kycontroller::kymux_controller::server - Kynet accept failed: connection error: Endpoint closed
2026-09-15T20:28:41.221 WARN kycontroller::kymux_controller::server - Kynet accept failed: connection error: Endpoint closed
2026-09-15T20:28:41.221 WARN kycontroller::kymux_controller::server - Kynet accept failed: connection error: Endpoint closed
2026-09-15T20:28:41.221 WARN kycontroller::kymux_controller::server - Kynet accept failed: connection error: Endpoint closed
2026-09-15T20:28:41.221 WARN kycontroller::kymux_controller::server - Kynet accept failed: connection error: Endpoint closed
2026-09-15T20:28:41.221 WARN kycontroller::kymux_controller::server - Kynet accept failed: connection error: Endpoint closed
2026-09-15T20:28:41.221 WARN kycontroller::kymux_controller::server - Kynet accept failed: connection error: Endpoint closed
2026-09-15T20:28:41.221 WARN kycontroller::kymux_controller::server - Kynet accept failed: connection error: Endpoint closed
2026-09-15T20:28:41.221 WARN kycontroller::kymux_controller::server - Kynet accept failed: connection error: Endpoint closed
2026-09-15T20:28:41.221 WARN kycontroller::kymux_controller::server - Kynet accept failed: connection error: Endpoint closed
2026-09-15T20:28:41.221 WARN kycontroller::kymux_controller::server - Kynet accept failed: connection error: Endpoint closed
2026-09-15T20:28:41.221 WARN kycontroller::kymux_controller::server - Kynet accept failed: connection error: Endpoint closed
2026-09-15T20:28:41.222 WARN kycontroller::kymux_controller::server - Kynet accept failed: connection error: Endpoint closed
2026-09-15T20:28:41.222 WARN kycontroller::kymux_controller::server - Kynet accept failed: connection error: Endpoint closed
2026-09-15T20:28:41.222 WARN kycontroller::kymux_controller::server - Kynet accept failed: connection error: Endpoint closed
2026-09-15T20:28:41.222 WARN kycontroller::kymux_controller::server - Kynet accept failed: connection error: Endpoint closed
2026-09-15T20:28:41.222 WARN kycontroller::kymux_controller::server - Kynet accept failed: connection error: Endpoint closed
2026-09-15T20:28:41.222 WARN kycontroller::kymux_controller::server - Kynet accept failed: connection error: Endpoint closed
2026-09-15T20:28:41.222 WARN kycontroller::kymux_controller::server - Kynet accept failed: connection error: Endpoint closed
2026-09-15T20:28:41.222 WARN kycontroller::kymux_controller::server - Kynet accept failed: connection error: Endpoint closed
2026-09-15T20:28:41.222 WARN kycontroller::kymux_controller::server - Kynet accept failed: connection error: Endpoint closed
2026-09-15T20:28:41.222 WARN kycontroller::kymux_controller::server - Kynet accept failed: connection error: Endpoint closed
2026-09-15T20:28:41.222 WARN kycontroller::kymux_controller::server - Kynet accept failed: connection error: Endpoint closed
2026-09-15T20:28:41.222 WARN kycontroller::kymux_controller::server - Kynet accept failed: connection error: Endpoint closed
2026-09-15T20:28:41.222 WARN kycontroller::kymux_controller::server - Kynet accept failed: connection error: Endpoint closed
2026-09-15T20:28:41.222 WARN kycontroller::kymux_controller::server - Kynet accept failed: connection error: Endpoint closed
2026-09-15T20:28:41.222 WARN kycontroller::kymux_controller::server - Kynet accept failed: connection error: Endpoint closed
2026-09-15T20:28:41.222 WARN kycontroller::kymux_controller::server - Kynet accept failed: connection error: Endpoint closed
2026-09-15T20:28:41.222 WARN kycontroller::kymux_controller::server - Kynet accept failed: connection error: Endpoint closed
2026-09-15T20:28:41.222 WARN kycontroller::kymux_controller::server - Kynet accept failed: connection error: Endpoint closed
2026-09-15T20:28:41.222 WARN kycontroller::kymux_controller::server - Kynet accept failed: connection error: Endpoint closed
2026-09-15T20:28:41.222 WARN kycontroller::kymux_controller::server - Kynet accept failed: connection error: Endpoint closed
2026-09-15T20:28:41.222 WARN kycontroller::kymux_controller::server - Kynet accept failed: connection error: Endpoint closed
2026-09-15T20:28:41.222 WARN kycontroller::kymux_controller::server - Kynet accept failed: connection error: Endpoint closed
2026-09-15T20:28:41.222 WARN kycontroller::kymux_controller::server - Kynet accept failed: connection error: Endpoint closed
2026-09-15T20:28:41.222 WARN kycontroller::kymux_controller::server - Kynet accept failed: connection error: Endpoint closed
2026-09-15T20:28:41.222 WARN kycontroller::kymux_controller::server - Kynet accept failed: connection error: Endpoint closed
2026-09-15T20:28:41.222 WARN kycontroller::kymux_controller::server - Kynet accept failed: connection error: Endpoint closed
2026-09-15T20:28:41.222 WARN kycontroller::kymux_controller::server - Kynet accept failed: connection error: Endpoint closed
2026-09-15T20:28:41.222 WARN kycontroller::kymux_controller::server - Kynet accept failed: connection error: Endpoint closed
2026-09-15T20:28:41.222 WARN kycontroller::kymux_controller::server - Kynet accept failed: connection error: Endpoint closed
2026-09-15T20:28:41.222 WARN kycontroller::kymux_controller::server - Kynet accept failed: connection error: Endpoint closed
2026-09-15T20:28:41.222 WARN kycontroller::kymux_controller::server - Kynet accept failed: connection error: Endpoint closed
2026-09-15T20:28:41.222 WARN kycontroller::kymux_controller::server - Kynet accept failed: connection error: Endpoint closed
2026-09-15T20:28:41.222 WARN kycontroller::kymux_controller::server - Kynet accept failed: connection error: Endpoint closed
2026-09-15T20:28:41.222 WARN kycontroller::kymux_controller::server - Kynet accept failed: connection error: Endpoint closed
2026-09-15T20:28:41.222 WARN kycontroller::kymux_controller::server - Kynet accept failed: connection error: Endpoint closed
2026-09-15T20:28:41.222 WARN kycontroller::kymux_controller::server - Kynet accept failed: connection error: Endpoint closed
2026-09-15T20:28:41.222 WARN kycontroller::kymux_controller::server - Kynet accept failed: connection error: Endpoint closed
2026-09-15T20:28:41.222 WARN kycontroller::kymux_controller::server - Kynet accept failed: connection error: Endpoint closed
2026-09-15T20:28:41.222 WARN kycontroller::kymux_controller::server - Kynet accept failed: connection error: Endpoint closed
2026-09-15T20:28:41.222 WARN kycontroller::kymux_controller::server - Kynet accept failed: connection error: Endpoint closed
2026-09-15T20:28:41.222 WARN kycontroller::kymux_controller::server - Kynet accept failed: connection error: Endpoint closed
2026-09-15T20:28:41.222 WARN kycontroller::kymux_controller::server - Kynet accept failed: connection error: Endpoint closed
2026-09-15T20:28:41.222 WARN kycontroller::kymux_controller::server - Kynet accept failed: connection error: Endpoint closed
2026-09-15T20:28:41.222 WARN kycontroller::kymux_controller::server - Kynet accept failed: connection error: Endpoint closed
2026-09-15T20:28:41.222 WARN kycontroller::kymux_controller::server - Kynet accept failed: connection error: Endpoint closed
2026-09-15T20:28:41.222 WARN kycontroller::kymux_controller::server - Kynet accept failed: connection error: Endpoint closed
2026-09-15T20:28:41.222 WARN kycontroller::kymux_controller::server - Kynet accept failed: connection error: Endpoint closed
2026-09-15T20:28:41.222 WARN kycontroller::kymux_controller::server - Kynet accept failed: connection error: Endpoint closed
2026-09-15T20:28:41.222 WARN kycontroller::kymux_controller::server - Kynet accept failed: connection error: Endpoint closed
2026-09-15T20:28:41.222 WARN kycontroller::kymux_controller::server - Kynet accept failed: connection error: Endpoint closed
2026-09-15T20:28:41.222 WARN kycontroller::kymux_controller::server - Kynet accept failed: connection error: Endpoint closed
2026-09-15T20:28:41.222 WARN kycontroller::kymux_controller::server - Kynet accept failed: connection error: Endpoint closed
2026-09-15T20:28:41.222 WARN kycontroller::kymux_controller::server - Kynet accept failed: connection error: Endpoint closed
2026-09-15T20:28:41.222 WARN kycontroller::kymux_controller::server - Kynet accept failed: connection error: Endpoint closed
2026-09-15T20:28:41.222 WARN kycontroller::kymux_controller::server - Kynet accept failed: connection error: Endpoint closed
2026-09-15T20:28:41.222 WARN kycontroller::kymux_controller::server - Kynet accept failed: connection error: Endpoint closed
2026-09-15T20:28:41.222 WARN kycontroller::kymux_controller::server - Kynet accept failed: connection error: Endpoint closed
2026-09-15T20:28:41.222 WARN kycontroller::kymux_controller::server - Kynet accept failed: connection error: Endpoint closed
2026-09-15T20:28:41.222 WARN kycontroller::kymux_controller::server - Kynet accept failed: connection error: Endpoint closed
2026-09-15T20:28:41.222 WARN kycontroller::kymux_controller::server - Kynet accept failed: connection error: Endpoint closed
2026-09-15T20:28:41.222 WARN kycontroller::kymux_controller::server - Kynet accept failed: connection error: Endpoint closed
2026-09-15T20:28:41.222 WARN kycontroller::kymux_controller::server - Kynet accept failed: connection error: Endpoint closed
2026-09-15T20:28:41.222 WARN kycontroller::kymux_controller::server - Kynet accept failed: connection error: Endpoint closed
2026-09-15T20:28:41.222 WARN kycontroller::kymux_controller::server - Kynet accept failed: connection error: Endpoint closed
2026-09-15T20:28:41.222 WARN kycontroller::kymux_controller::server - Kynet accept failed: connection error: Endpoint closed
2026-09-15T20:28:41.222 WARN kycontroller::kymux_controller::server - Kynet accept failed: connection error: Endpoint closed
2026-09-15T20:28:41.222 WARN kycontroller::kymux_controller::server - Kynet accept failed: connection error: Endpoint closed
2026-09-15T20:28:41.222 WARN kycontroller::kymux_controller::server - Kynet accept failed: connection error: Endpoint closed
2026-09-15T20:28:41.222 WARN kycontroller::kymux_controller::server - Kynet accept failed: connection error: Endpoint closed
2026-09-15T20:28:41.222 WARN kycontroller::kymux_controller::server - Kynet accept failed: connection error: Endpoint closed
2026-09-15T20:28:41.222 WARN kycontroller::kymux_controller::server - Kynet accept failed: connection error: Endpoint closed
2026-09-15T20:28:41.222 WARN kycontroller::kymux_controller::server - Kynet accept failed: connection error: Endpoint closed
2026-09-15T20:28:41.222 WARN kycontroller::kymux_controller::server - Kynet accept failed: connection error: Endpoint closed
2026-09-15T20:28:41.222 WARN kycontroller::kymux_controller::server - Kynet accept failed: connection error: Endpoint closed
2026-09-15T20:28:41.222 WARN kycontroller::kymux_controller::server - Kynet accept failed: connection error: Endpoint closed
2026-09-15T20:28:41.222 WARN kycontroller::kymux_controller::server - Kynet accept failed: connection error: Endpoint closed
2026-09-15T20:28:41.222 WARN kycontroller::kymux_controller::server - Kynet accept failed: connection error: Endpoint closed
2026-09-15T20:28:41.222 WARN kycontroller::kymux_controller::server - Kynet accept failed: connection error: Endpoint closed
2026-09-15T20:28:41.222 WARN kycontroller::kymux_controller::server - Kynet accept failed: connection error: Endpoint closed
2026-09-15T20:28:41.222 WARN kycontroller::kymux_controller::server - Kynet accept failed: connection error: Endpoint closed
2026-09-15T20:28:41.222 WARN kycontroller::kymux_controller::server - Kynet accept failed: connection error: Endpoint closed
2026-09-15T20:28:41.222 WARN kycontroller::kymux_controller::server - Kynet accept failed: connection error: Endpoint closed
2026-09-15T20:28:41.222 WARN kycontroller::kymux_controller::server - Kynet accept failed: connection error: Endpoint closed
2026-09-15T20:28:41.222 WARN kycontroller::kymux_controller::server - Kynet accept failed: connection error: Endpoint closed
2026-09-15T20:28:41.222 WARN kycontroller::kymux_controller::server - Kynet accept failed: connection error: Endpoint closed
2026-09-15T20:28:41.222 WARN kycontroller::kymux_controller::server - Kynet accept failed: connection error: Endpoint closed
2026-09-15T20:28:41.222 WARN kycontroller::kymux_controller::server - Kynet accept failed: connection error: Endpoint closed
2026-09-15T20:28:41.222 WARN kycontroller::kymux_controller::server - Kynet accept failed: connection error: Endpoint closed
2026-09-15T20:28:41.222 WARN kycontroller::kymux_controller::server - Kynet accept failed: connection error: Endpoint closed
2026-09-15T20:28:41.222 WARN kycontroller::kymux_controller::server - Kynet accept failed: connection error: Endpoint closed
2026-09-15T20:28:41.222 WARN kycontroller::kymux_controller::server - Kynet accept failed: connection error: Endpoint closed
2026-09-15T20:28:41.222 WARN kycontroller::kymux_controller::server - Kynet accept failed: connection error: Endpoint closed
2026-09-15T20:28:41.222 WARN kycontroller::kymux_controller::server - Kynet accept failed: connection error: Endpoint closed
2026-09-15T20:28:41.222 WARN kycontroller::kymux_controller::server - Kynet accept failed: connection error: Endpoint closed
2026-09-15T20:28:41.222 WARN kycontroller::kymux_controller::server - Kynet accept failed: connection error: Endpoint closed
2026-09-15T20:28:41.222 WARN kycontroller::kymux_controller::server - Kynet accept failed: connection error: Endpoint closed
2026-09-15T20:28:41.222 WARN kycontroller::kymux_controller::server - Kynet accept failed: connection error: Endpoint closed
2026-09-15T20:28:41.222 WARN kycontroller::kymux_controller::server - Kynet accept failed: connection error: Endpoint closed
2026-09-15T20:28:41.222 WARN kycontroller::kymux_controller::server - Kynet accept failed: connection error: Endpoint closed
2026-09-15T20:28:41.222 WARN kycontroller::kymux_controller::server - Kynet accept failed: connection error: Endpoint closed
2026-09-15T20:28:41.222 WARN kycontroller::kymux_controller::server - Kynet accept failed: connection error: Endpoint closed
2026-09-15T20:28:41.222 WARN kycontroller::kymux_controller::server - Kynet accept failed: connection error: Endpoint closed
2026-09-15T20:28:41.222 WARN kycontroller::kymux_controller::server - Kynet accept failed: connection error: Endpoint closed
2026-09-15T20:28:41.222 WARN kycontroller::kymux_controller::server - Kynet accept failed: connection error: Endpoint closed
2026-09-15T20:28:41.222 WARN kycontroller::kymux_controller::server - Kynet accept failed: connection error: Endpoint closed
2026-09-15T20:28:41.222 WARN kycontroller::kymux_controller::server - Kynet accept failed: connection error: Endpoint closed
2026-09-15T20:28:41.222 WARN kycontroller::kymux_controller::server - Kynet accept failed: connection error: Endpoint closed
2026-09-15T20:28:41.222 WARN kycontroller::kymux_controller::server - Kynet accept failed: connection error: Endpoint closed
2026-09-15T20:28:41.222 WARN kycontroller::kymux_controller::server - Kynet accept failed: connection error: Endpoint closed
2026-09-15T20:28:41.222 WARN kycontroller::kymux_controller::server - Kynet accept failed: connection error: Endpoint closed
2026-09-15T20:28:41.222 WARN kycontroller::kymux_controller::server - Kynet accept failed: connection error: Endpoint closed
2026-09-15T20:28:41.222 WARN kycontroller::kymux_controller::server - Kynet accept failed: connection error: Endpoint closed
2026-09-15T20:28:41.222 WARN kycontroller::kymux_controller::server - Kynet accept failed: connection error: Endpoint closed
2026-09-15T20:28:41.223 WARN kycontroller::kymux_controller::server - Kynet accept failed: connection error: Endpoint closed
2026-09-15T20:28:41.223 WARN kycontroller::kymux_controller::server - Kynet accept failed: connection error: Endpoint closed
2026-09-15T20:28:41.223 WARN kycontroller::kymux_controller::server - Kynet accept failed: connection error: Endpoint closed
2026-09-15T20:28:41.223 WARN kycontroller::kymux_controller::server - Kynet accept failed: connection error: Endpoint closed
2026-09-15T20:28:41.223 WARN kycontroller::kymux_controller::server - Kynet accept failed: connection error: Endpoint closed
2026-09-15T20:28:41.223 WARN kycontroller::kymux_controller::server - Kynet accept failed: connection error: Endpoint closed
2026-09-15T20:28:41.223 WARN kycontroller::kymux_controller::server - Kynet accept failed: connection error: Endpoint closed
2026-09-15T20:28:41.223 WARN kycontroller::kymux_controller::server - Kynet accept failed: connection error: Endpoint closed
2026-09-15T20:28:41.223 WARN kycontroller::kymux_controller::server - Kynet accept failed: connection error: Endpoint closed
2026-09-15T20:28:41.223 WARN kycontroller::kymux_controller::server - Kynet accept failed: connection error: Endpoint closed
2026-09-15T20:28:41.223 WARN kycontroller::kymux_controller::server - Kynet accept failed: connection error: Endpoint closed
2026-09-15T20:28:41.223 WARN kycontroller::kymux_controller::server - Kynet accept failed: connection error: Endpoint closed
2026-09-15T20:28:41.223 WARN kycontroller::kymux_controller::server - Kynet accept failed: connection error: Endpoint closed
2026-09-15T20:28:41.223 WARN kycontroller::kymux_controller::server - Kynet accept failed: connection error: Endpoint closed
2026-09-15T20:28:41.223 WARN kycontroller::kymux_controller::server - Kynet accept failed: connection error: Endpoint closed
2026-09-15T20:28:41.223 WARN kycontroller::kymux_controller::server - Kynet accept failed: connection error: Endpoint closed
2026-09-15T20:28:41.223 WARN kycontroller::kymux_controller::server - Kynet accept failed: connection error: Endpoint closed
2026-09-15T20:28:41.223 WARN kycontroller::kymux_controller::server - Kynet accept failed: connection error: Endpoint closed
2026-09-15T20:28:41.223 WARN kycontroller::kymux_controller::server - Kynet accept failed: connection error: Endpoint closed
2026-09-15T20:28:41.223 WARN kycontroller::kymux_controller::server - Kynet accept failed: connection error: Endpoint closed
2026-09-15T20:28:41.223 WARN kycontroller::kymux_controller::server - Kynet accept failed: connection error: Endpoint closed
2026-09-15T20:28:41.223 WARN kycontroller::kymux_controller::server - Kynet accept failed: connection error: Endpoint closed
2026-09-15T20:28:41.223 WARN kycontroller::kymux_controller::server - Kynet accept failed: connection error: Endpoint closed
2026-09-15T20:28:41.223 WARN kycontroller::kymux_controller::server - Kynet accept failed: connection error: Endpoint closed
2026-09-15T20:28:41.223 WARN kycontroller::kymux_controller::server - Kynet accept failed: connection error: Endpoint closed
2026-09-15T20:28:41.223 WARN kycontroller::kymux_controller::server - Kynet accept failed: connection error: Endpoint closed
2026-09-15T20:28:41.223 WARN kycontroller::kymux_controller::server - Kynet accept failed: connection error: Endpoint closed
2026-09-15T20:28:41.223 WARN kycontroller::kymux_controller::server - Kynet accept failed: connection error: Endpoint closed
2026-09-15T20:28:41.223 WARN kycontroller::kymux_controller::server - Kynet accept failed: connection error: Endpoint closed
2026-09-15T20:28:41.223 WARN kycontroller::kymux_controller::server - Kynet accept failed: connection error: Endpoint closed
2026-09-15T20:28:41.223 WARN kycontroller::kymux_controller::server - Kynet accept failed: connection error: Endpoint closed
2026-09-15T20:28:41.223 WARN kycontroller::kymux_controller::server - Kynet accept failed: connection error: Endpoint closed
2026-09-15T20:28:41.223 WARN kycontroller::kymux_controller::server - Kynet accept failed: connection error: Endpoint closed
2026-09-15T20:28:41.223 WARN kycontroller::kymux_controller::server - Kynet accept failed: connection error: Endpoint closed
2026-09-15T20:28:41.223 WARN kycontroller::kymux_controller::server - Kynet accept failed: connection error: Endpoint closed
2026-09-15T20:28:41.223 WARN kycontroller::kymux_controller::server - Kynet accept failed: connection error: Endpoint closed
2026-09-15T20:28:41.223 WARN kycontroller::kymux_controller::server - Kynet accept failed: connection error: Endpoint closed
2026-09-15T20:28:41.223 WARN kycontroller::kymux_controller::server - Kynet accept failed: connection error: Endpoint closed
2026-09-15T20:28:41.223 WARN kycontroller::kymux_controller::server - Kynet accept failed: connection error: Endpoint closed
2026-09-15T20:28:41.223 WARN kycontroller::kymux_controller::server - Kynet accept failed: connection error: Endpoint closed
2026-09-15T20:28:41.223 WARN kycontroller::kymux_controller::server - Kynet accept failed: connection error: Endpoint closed
2026-09-15T20:28:41.223 WARN kycontroller::kymux_controller::server - Kynet accept failed: connection error: Endpoint closed
2026-09-15T20:28:41.223 WARN kycontroller::kymux_controller::server - Kynet accept failed: connection error: Endpoint closed
2026-09-15T20:28:41.223 WARN kycontroller::kymux_controller::server - Kynet accept failed: connection error: Endpoint closed
2026-09-15T20:28:41.223 WARN kycontroller::kymux_controller::server - Kynet accept failed: connection error: Endpoint closed
2026-09-15T20:28:41.223 WARN kycontroller::kymux_controller::server - Kynet accept failed: connection error: Endpoint closed
2026-09-15T20:28:41.223 WARN kycontroller::kymux_controller::server - Kynet accept failed: connection error: Endpoint closed
2026-09-15T20:28:41.223 WARN kycontroller::kymux_controller::server - Kynet accept failed: connection error: Endpoint closed
2026-09-15T20:28:41.223 WARN kycontroller::kymux_controller::server - Kynet accept failed: connection error: Endpoint closed
2026-09-15T20:28:41.223 WARN kycontroller::kymux_controller::server - Kynet accept failed: connection error: Endpoint closed
2026-09-15T20:28:41.223 WARN kycontroller::kymux_controller::server - Kynet accept failed: connection error: Endpoint closed
2026-09-15T20:28:41.223 WARN kycontroller::kymux_controller::server - Kynet accept failed: connection error: Endpoint closed
2026-09-15T20:28:41.223 WARN kycontroller::kymux_controller::server - Kynet accept failed: connection error: Endpoint closed
2026-09-15T20:28:41.223 WARN kycontroller::kymux_controller::server - Kynet accept failed: connection error: Endpoint closed
2026-09-15T20:28:41.223 WARN kycontroller::kymux_controller::server - Kynet accept failed: connection error: Endpoint closed
2026-09-15T20:28:41.223 WARN kycontroller::kymux_controller::server - Kynet accept failed: connection error: Endpoint closed
2026-09-15T20:28:41.223 WARN kycontroller::kymux_controller::server - Kynet accept failed: connection error: Endpoint closed
2026-09-15T20:28:41.223 WARN kycontroller::kymux_controller::server - Kynet accept failed: connection error: Endpoint closed
2026-09-15T20:28:41.223 WARN kycontroller::kymux_controller::server - Kynet accept failed: connection error: Endpoint closed
2026-09-15T20:28:41.223 WARN kycontroller::kymux_controller::server - Kynet accept failed: connection error: Endpoint closed
2026-09-15T20:28:41.223 WARN kycontroller::kymux_controller::server - Kynet accept failed: connection error: Endpoint closed
2026-09-15T20:28:41.223 WARN kycontroller::kymux_controller::server - Kynet accept failed: connection error: Endpoint closed
2026-09-15T20:28:41.223 WARN kycontroller::kymux_controller::server - Kynet accept failed: connection error: Endpoint closed
2026-09-15T20:28:41.223 WARN kycontroller::kymux_controller::server - Kynet accept failed: connection error: Endpoint closed
2026-09-15T20:28:41.223 WARN kycontroller::kymux_controller::server - Kynet accept failed: connection error: Endpoint closed
2026-09-15T20:28:41.223 WARN kycontroller::kymux_controller::server - Kynet accept failed: connection error: Endpoint closed
2026-09-15T20:28:41.223 WARN kycontroller::kymux_controller::server - Kynet accept failed: connection error: Endpoint closed
2026-09-15T20:28:41.223 WARN kycontroller::kymux_controller::server - Kynet accept failed: connection error: Endpoint closed
2026-09-15T20:28:41.223 WARN kycontroller::kymux_controller::server - Kynet accept failed: connection error: Endpoint closed
2026-09-15T20:28:41.223 WARN kycontroller::kymux_controller::server - Kynet accept failed: connection error: Endpoint closed
2026-09-15T20:28:41.223 WARN kycontroller::kymux_controller::server - Kynet accept failed: connection error: Endpoint closed
2026-09-15T20:28:41.223 WARN kycontroller::kymux_controller::server - Kynet accept failed: connection error: Endpoint closed
2026-09-15T20:28:41.223 WARN kycontroller::kymux_controller::server - Kynet accept failed: connection error: Endpoint closed
2026-09-15T20:28:41.223 WARN kycontroller::kymux_controller::server - Kynet accept failed: connection error: Endpoint closed
2026-09-15T20:28:41.223 WARN kycontroller::kymux_controller::server - Kynet accept failed: connection error: Endpoint closed
2026-09-15T20:28:41.223 WARN kycontroller::kymux_controller::server - Kynet accept failed: connection error: Endpoint closed
2026-09-15T20:28:41.223 WARN kycontroller::kymux_controller::server - Kynet accept failed: connection error: Endpoint closed
2026-09-15T20:28:41.223 WARN kycontroller::kymux_controller::server - Kynet accept failed: connection error: Endpoint closed
2026-09-15T20:28:41.223 WARN kycontroller::kymux_controller::server - Kynet accept failed: connection error: Endpoint closed
2026-09-15T20:28:41.223 WARN kycontroller::kymux_controller::server - Kynet accept failed: connection error: Endpoint closed
2026-09-15T20:28:41.223 WARN kycontroller::kymux_controller::server - Kynet accept failed: connection error: Endpoint closed
2026-09-15T20:28:41.223 WARN kycontroller::kymux_controller::server - Kynet accept failed: connection error: Endpoint closed
2026-09-15T20:28:41.223 WARN kycontroller::kymux_controller::server - Kynet accept failed: connection error: Endpoint closed
2026-09-15T20:28:41.223 WARN kycontroller::kymux_controller::server - Kynet accept failed: connection error: Endpoint closed
2026-09-15T20:28:41.223 WARN kycontroller::kymux_controller::server - Kynet accept failed: connection error: Endpoint closed
2026-09-15T20:28:41.223 WARN kycontroller::kymux_controller::server - Kynet accept failed: connection error: Endpoint closed
2026-09-15T20:28:41.223 WARN kycontroller::kymux_controller::server - Kynet accept failed: connection error: Endpoint closed
2026-09-15T20:28:41.223 WARN kycontroller::kymux_controller::server - Kynet accept failed: connection error: Endpoint closed
2026-09-15T20:28:41.223 WARN kycontroller::kymux_controller::server - Kynet accept failed: connection error: Endpoint closed
2026-09-15T20:28:41.223 WARN kycontroller::kymux_controller::server - Kynet accept failed: connection error: Endpoint closed
2026-09-15T20:28:41.223 WARN kycontroller::kymux_controller::server - Kynet accept failed: connection error: Endpoint closed
2026-09-15T20:28:41.223 WARN kycontroller::kymux_controller::server - Kynet accept failed: connection error: Endpoint closed
2026-09-15T20:28:41.223 WARN kycontroller::kymux_controller::server - Kynet accept failed: connection error: Endpoint closed
2026-09-15T20:28:41.223 WARN kycontroller::kymux_controller::server - Kynet accept failed: connection error: Endpoint closed
2026-09-15T20:28:41.223 WARN kycontroller::kymux_controller::server - Kynet accept failed: connection error: Endpoint closed
2026-09-15T20:28:41.223 WARN kycontroller::kymux_controller::server - Kynet accept failed: connection error: Endpoint closed
2026-09-15T20:28:41.223 WARN kycontroller::kymux_controller::server - Kynet accept failed: connection error: Endpoint closed
2026-09-15T20:28:41.223 WARN kycontroller::kymux_controller::server - Kynet accept failed: connection error: Endpoint closed
2026-09-15T20:28:41.223 WARN kycontroller::kymux_controller::server - Kynet accept failed: connection error: Endpoint closed
2026-09-15T20:28:41.223 WARN kycontroller::kymux_controller::server - Kynet accept failed: connection error: Endpoint closed
2026-09-15T20:28:41.223 WARN kycontroller::kymux_controller::server - Kynet accept failed: connection error: Endpoint closed
2026-09-15T20:28:41.223 WARN kycontroller::kymux_controller::server - Kynet accept failed: connection error: Endpoint closed
2026-09-15T20:28:41.223 WARN kycontroller::kymux_controller::server - Kynet accept failed: connection error: Endpoint closed
2026-09-15T20:28:41.223 WARN kycontroller::kymux_controller::server - Kynet accept failed: connection error: Endpoint closed
2026-09-15T20:28:41.223 WARN kycontroller::kymux_controller::server - Kynet accept failed: connection error: Endpoint closed
2026-09-15T20:28:41.223 WARN kycontroller::kymux_controller::server - Kynet accept failed: connection error: Endpoint closed
2026-09-15T20:28:41.223 WARN kycontroller::kymux_controller::server - Kynet accept failed: connection error: Endpoint closed
2026-09-15T20:28:41.223 WARN kycontroller::kymux_controller::server - Kynet accept failed: connection error: Endpoint closed
2026-09-15T20:28:41.223 WARN kycontroller::kymux_controller::server - Kynet accept failed: connection error: Endpoint closed
2026-09-15T20:28:41.223 WARN kycontroller::kymux_controller::server - Kynet accept failed: connection error: Endpoint closed
2026-09-15T20:28:41.223 WARN kycontroller::kymux_controller::server - Kynet accept failed: connection error: Endpoint closed
2026-09-15T20:28:41.223 WARN kycontroller::kymux_controller::server - Kynet accept failed: connection error: Endpoint closed
2026-09-15T20:28:41.223 WARN kycontroller::kymux_controller::server - Kynet accept failed: connection error: Endpoint closed
2026-09-15T20:28:41.223 WARN kycontroller::kymux_controller::server - Kynet accept failed: connection error: Endpoint closed
2026-09-15T20:28:41.223 WARN kycontroller::kymux_controller::server - Kynet accept failed: connection error: Endpoint closed
2026-09-15T20:28:41.223 WARN kycontroller::kymux_controller::server - Kynet accept failed: connection error: Endpoint closed
2026-09-15T20:28:41.224 WARN kycontroller::kymux_controller::server - Kynet accept failed: connection error: Endpoint closed
2026-09-15T20:28:41.224 WARN kycontroller::kymux_controller::server - Kynet accept failed: connection error: Endpoint closed
2026-09-15T20:28:41.224 WARN kycontroller::kymux_controller::server - Kynet accept failed: connection error: Endpoint closed
2026-09-15T20:28:41.224 WARN kycontroller::kymux_controller::server - Kynet accept failed: connection error: Endpoint closed
2026-09-15T20:28:41.224 WARN kycontroller::kymux_controller::server - Kynet accept failed: connection error: Endpoint closed
2026-09-15T20:28:41.224 WARN kycontroller::kymux_controller::server - Kynet accept failed: connection error: Endpoint closed
2026-09-15T20:28:41.224 WARN kycontroller::kymux_controller::server - Kynet accept failed: connection error: Endpoint closed
2026-09-15T20:28:41.224 WARN kycontroller::kymux_controller::server - Kynet accept failed: connection error: Endpoint closed
2026-09-15T20:28:41.224 WARN kycontroller::kymux_controller::server - Kynet accept failed: connection error: Endpoint closed
2026-09-15T20:28:41.224 WARN kycontroller::kymux_controller::server - Kynet accept failed: connection error: Endpoint closed
2026-09-15T20:28:41.224 WARN kycontroller::kymux_controller::server - Kynet accept failed: connection error: Endpoint closed
2026-09-15T20:28:41.224 WARN kycontroller::kymux_controller::server - Kynet accept failed: connection error: Endpoint closed
2026-09-15T20:28:41.224 WARN kycontroller::kymux_controller::server - Kynet accept failed: connection error: Endpoint closed
2026-09-15T20:28:41.224 WARN kycontroller::kymux_controller::server - Kynet accept failed: connection error: Endpoint closed
2026-09-15T20:28:41.224 WARN kycontroller::kymux_controller::server - Kynet accept failed: connection error: Endpoint closed
2026-09-15T20:28:41.224 WARN kycontroller::kymux_controller::server - Kynet accept failed: connection error: Endpoint closed
2026-09-15T20:28:41.224 WARN kycontroller::kymux_controller::server - Kynet accept failed: connection error: Endpoint closed
2026-09-15T20:28:41.224 WARN kycontroller::kymux_controller::server - Kynet accept failed: connection error: Endpoint closed
2026-09-15T20:28:41.224 WARN kycontroller::kymux_controller::server - Kynet accept failed: connection error: Endpoint closed
2026-09-15T20:28:41.224 WARN kycontroller::kymux_controller::server - Kynet accept failed: connection error: Endpoint closed
2026-09-15T20:28:41.224 WARN kycontroller::kymux_controller::server - Kynet accept failed: connection error: Endpoint closed
2026-09-15T20:28:41.224 WARN kycontroller::kymux_controller::server - Kynet accept failed: connection error: Endpoint closed
2026-09-15T20:28:41.224 WARN kycontroller::kymux_controller::server - Kynet accept failed: connection error: Endpoint closed
2026-09-15T20:28:41.224 WARN kycontroller::kymux_controller::server - Kynet accept failed: connection error: Endpoint closed
2026-09-15T20:28:41.224 WARN kycontroller::kymux_controller::server - Kynet accept failed: connection error: Endpoint closed
2026-09-15T20:28:41.224 WARN kycontroller::kymux_controller::server - Kynet accept failed: connection error: Endpoint closed
2026-09-15T20:28:41.224 WARN kycontroller::kymux_controller::server - Kynet accept failed: connection error: Endpoint closed
2026-09-15T20:28:41.224 WARN kycontroller::kymux_controller::server - Kynet accept failed: connection error: Endpoint closed
2026-09-15T20:28:41.224 WARN kycontroller::kymux_controller::server - Kynet accept failed: connection error: Endpoint closed
2026-09-15T20:28:41.224 WARN kycontroller::kymux_controller::server - Kynet accept failed: connection error: Endpoint closed
2026-09-15T20:28:41.224 WARN kycontroller::kymux_controller::server - Kynet accept failed: connection error: Endpoint closed
2026-09-15T20:28:41.224 WARN kycontroller::kymux_controller::server - Kynet accept failed: connection error: Endpoint closed
2026-09-15T20:28:41.224 WARN kycontroller::kymux_controller::server - Kynet accept failed: connection error: Endpoint closed
2026-09-15T20:28:41.224 WARN kycontroller::kymux_controller::server - Kynet accept failed: connection error: Endpoint closed
2026-09-15T20:28:41.224 WARN kycontroller::kymux_controller::server - Kynet accept failed: connection error: Endpoint closed
2026-09-15T20:28:41.224 WARN kycontroller::kymux_controller::server - Kynet accept failed: connection error: Endpoint closed
2026-09-15T20:28:41.224 WARN kycontroller::kymux_controller::server - Kynet accept failed: connection error: Endpoint closed
2026-09-15T20:28:41.224 WARN kycontroller::kymux_controller::server - Kynet accept failed: connection error: Endpoint closed
2026-09-15T20:28:41.224 WARN kycontroller::kymux_controller::server - Kynet accept failed: connection error: Endpoint closed
2026-09-15T20:28:41.224 WARN kycontroller::kymux_controller::server - Kynet accept failed: connection error: Endpoint closed
2026-09-15T20:28:41.224 WARN kycontroller::kymux_controller::server - Kynet accept failed: connection error: Endpoint closed
2026-09-15T20:28:41.224 WARN kycontroller::kymux_controller::server - Kynet accept failed: connection error: Endpoint closed
2026-09-15T20:28:41.224 WARN kycontroller::kymux_controller::server - Kynet accept failed: connection error: Endpoint closed
2026-09-15T20:28:41.224 WARN kycontroller::kymux_controller::server - Kynet accept failed: connection error: Endpoint closed
2026-09-15T20:28:41.224 WARN kycontroller::kymux_controller::server - Kynet accept failed: connection error: Endpoint closed
2026-09-15T20:28:41.224 WARN kycontroller::kymux_controller::server - Kynet accept failed: connection error: Endpoint closed
2026-09-15T20:28:41.224 WARN kycontroller::kymux_controller::server - Kynet accept failed: connection error: Endpoint closed
2026-09-15T20:28:41.224 WARN kycontroller::kymux_controller::server - Kynet accept failed: connection error: Endpoint closed
2026-09-15T20:28:41.224 WARN kycontroller::kymux_controller::server - Kynet accept failed: connection error: Endpoint closed
2026-09-15T20:28:41.224 WARN kycontroller::kymux_controller::server - Kynet accept failed: connection error: Endpoint closed
2026-09-15T20:28:41.224 WARN kycontroller::kymux_controller::server - Kynet accept failed: connection error: Endpoint closed
2026-09-15T20:28:41.224 WARN kycontroller::kymux_controller::server - Kynet accept failed: connection error: Endpoint closed
2026-09-15T20:28:41.224 WARN kycontroller::kymux_controller::server - Kynet accept failed: connection error: Endpoint closed
2026-09-15T20:28:41.224 WARN kycontroller::kymux_controller::server - Kynet accept failed: connection error: Endpoint closed
2026-09-15T20:28:41.224 WARN kycontroller::kymux_controller::server - Kynet accept failed: connection error: Endpoint closed
2026-09-15T20:28:41.224 WARN kycontroller::kymux_controller::server - Kynet accept failed: connection error: Endpoint closed
2026-09-15T20:28:41.224 WARN kycontroller::kymux_controller::server - Kynet accept failed: connection error: Endpoint closed
2026-09-15T20:28:41.224 WARN kycontroller::kymux_controller::server - Kynet accept failed: connection error: Endpoint closed
2026-09-15T20:28:41.224 WARN kycontroller::kymux_controller::server - Kynet accept failed: connection error: Endpoint closed
2026-09-15T20:28:41.224 WARN kycontroller::kymux_controller::server - Kynet accept failed: connection error: Endpoint closed
2026-09-15T20:28:41.224 WARN kycontroller::kymux_controller::server - Kynet accept failed: connection error: Endpoint closed
2026-09-15T20:28:41.224 WARN kycontroller::kymux_controller::server - Kynet accept failed: connection error: Endpoint closed
2026-09-15T20:28:41.224 WARN kycontroller::kymux_controller::server - Kynet accept failed: connection error: Endpoint closed
2026-09-15T20:28:41.224 WARN kycontroller::kymux_controller::server - Kynet accept failed: connection error: Endpoint closed
2026-09-15T20:28:41.224 WARN kycontroller::kymux_controller::server - Kynet accept failed: connection error: Endpoint closed
2026-09-15T20:28:41.224 WARN kycontroller::kymux_controller::server - Kynet accept failed: connection error: Endpoint closed
2026-09-15T20:28:41.224 WARN kycontroller::kymux_controller::server - Kynet accept failed: connection error: Endpoint closed
2026-09-15T20:28:41.224 WARN kycontroller::kymux_controller::server - Kynet accept failed: connection error: Endpoint closed
2026-09-15T20:28:41.224 WARN kycontroller::kymux_controller::server - Kynet accept failed: connection error: Endpoint closed
2026-09-15T20:28:41.224 WARN kycontroller::kymux_controller::server - Kynet accept failed: connection error: Endpoint closed
2026-09-15T20:28:41.224 WARN kycontroller::kymux_controller::server - Kynet accept failed: connection error: Endpoint closed
2026-09-15T20:28:41.224 WARN kycontroller::kymux_controller::server - Kynet accept failed: connection error: Endpoint closed
2026-09-15T20:28:41.224 WARN kycontroller::kymux_controller::server - Kynet accept failed: connection error: Endpoint closed
2026-09-15T20:28:41.224 WARN kycontroller::kymux_controller::server - Kynet accept failed: connection error: Endpoint closed
2026-09-15T20:28:41.224 WARN kycontroller::kymux_controller::server - Kynet accept failed: connection error: Endpoint closed
2026-09-15T20:28:41.224 WARN kycontroller::kymux_controller::server - Kynet accept failed: connection error: Endpoint closed
2026-09-15T20:28:41.224 WARN kycontroller::kymux_controller::server - Kynet accept failed: connection error: Endpoint closed
2026-09-15T20:28:41.224 WARN kycontroller::kymux_controller::server - Kynet accept failed: connection error: Endpoint closed
2026-09-15T20:28:41.224 WARN kycontroller::kymux_controller::server - Kynet accept failed: connection error: Endpoint closed
2026-09-15T20:28:41.224 WARN kycontroller::kymux_controller::server - Kynet accept failed: connection error: Endpoint closed
2026-09-15T20:28:41.224 WARN kycontroller::kymux_controller::server - Kynet accept failed: connection error: Endpoint closed
2026-09-15T20:28:41.224 WARN kycontroller::kymux_controller::server - Kynet accept failed: connection error: Endpoint closed
2026-09-15T20:28:41.224 WARN kycontroller::kymux_controller::server - Kynet accept failed: connection error: Endpoint closed
2026-09-15T20:28:41.224 WARN kycontroller::kymux_controller::server - Kynet accept failed: connection error: Endpoint closed
2026-09-15T20:28:41.224 WARN kycontroller::kymux_controller::server - Kynet accept failed: connection error: Endpoint closed
2026-09-15T20:28:41.224 WARN kycontroller::kymux_controller::server - Kynet accept failed: connection error: Endpoint closed
2026-09-15T20:28:41.224 WARN kycontroller::kymux_controller::server - Kynet accept failed: connection error: Endpoint closed
2026-09-15T20:28:41.224 WARN kycontroller::kymux_controller::server - Kynet accept failed: connection error: Endpoint closed
2026-09-15T20:28:41.224 WARN kycontroller::kymux_controller::server - Kynet accept failed: connection error: Endpoint closed
2026-09-15T20:28:41.224 WARN kycontroller::kymux_controller::server - Kynet accept failed: connection error: Endpoint closed
2026-09-15T20:28:41.224 WARN kycontroller::kymux_controller::server - Kynet accept failed: connection error: Endpoint closed
2026-09-15T20:28:41.224 WARN kycontroller::kymux_controller::server - Kynet accept failed: connection error: Endpoint closed
2026-09-15T20:28:41.224 WARN kycontroller::kymux_controller::server - Kynet accept failed: connection error: Endpoint closed
2026-09-15T20:28:41.224 WARN kycontroller::kymux_controller::server - Kynet accept failed: connection error: Endpoint closed
2026-09-15T20:28:41.224 WARN kycontroller::kymux_controller::server - Kynet accept failed: connection error: Endpoint closed
2026-09-15T20:28:41.224 WARN kycontroller::kymux_controller::server - Kynet accept failed: connection error: Endpoint closed
2026-09-15T20:28:41.224 WARN kycontroller::kymux_controller::server - Kynet accept failed: connection error: Endpoint closed
2026-09-15T20:28:41.224 WARN kycontroller::kymux_controller::server - Kynet accept failed: connection error: Endpoint closed
2026-09-15T20:28:41.224 WARN kycontroller::kymux_controller::server - Kynet accept failed: connection error: Endpoint closed
2026-09-15T20:28:41.224 WARN kycontroller::kymux_controller::server - Kynet accept failed: connection error: Endpoint closed
2026-09-15T20:28:41.224 WARN kycontroller::kymux_controller::server - Kynet accept failed: connection error: Endpoint closed
2026-09-15T20:28:41.224 WARN kycontroller::kymux_controller::server - Kynet accept failed: connection error: Endpoint closed
2026-09-15T20:28:41.224 WARN kycontroller::kymux_controller::server - Kynet accept failed: connection error: Endpoint closed
2026-09-15T20:28:41.224 WARN kycontroller::kymux_controller::server - Kynet accept failed: connection error: Endpoint closed
2026-09-15T20:28:41.224 WARN kycontroller::kymux_controller::server - Kynet accept failed: connection error: Endpoint closed
2026-09-15T20:28:41.224 WARN kycontroller::kymux_controller::server - Kynet accept failed: connection error: Endpoint closed
2026-09-15T20:28:41.224 WARN kycontroller::kymux_controller::server - Kynet accept failed: connection error: Endpoint closed
2026-09-15T20:28:41.224 WARN kycontroller::kymux_controller::server - Kynet accept failed: connection error: Endpoint closed
2026-09-15T20:28:41.224 WARN kycontroller::kymux_controller::server - Kynet accept failed: connection error: Endpoint closed
2026-09-15T20:28:41.224 WARN kycontroller::kymux_controller::server - Kynet accept failed: connection error: Endpoint closed
2026-09-15T20:28:41.224 WARN kycontroller::kymux_controller::server - Kynet accept failed: connection error: Endpoint closed
2026-09-15T20:28:41.224 WARN kycontroller::kymux_controller::server - Kynet accept failed: connection error: Endpoint closed
2026-09-15T20:28:41.224 WARN kycontroller::kymux_controller::server - Kynet accept failed: connection error: Endpoint closed
2026-09-15T20:28:41.224 WARN kycontroller::kymux_controller::server - Kynet accept failed: connection error: Endpoint closed
2026-09-15T20:28:41.224 WARN kycontroller::kymux_controller::server - Kynet accept failed: connection error: Endpoint closed
2026-09-15T20:28:41.224 WARN kycontroller::kymux_controller::server - Kynet accept failed: connection error: Endpoint closed
2026-09-15T20:28:41.225 WARN kycontroller::kymux_controller::server - Kynet accept failed: connection error: Endpoint closed
2026-09-15T20:28:41.225 WARN kycontroller::kymux_controller::server - Kynet accept failed: connection error: Endpoint closed
2026-09-15T20:28:41.225 WARN kycontroller::kymux_controller::server - Kynet accept failed: connection error: Endpoint closed
2026-09-15T20:28:41.225 WARN kycontroller::kymux_controller::server - Kynet accept failed: connection error: Endpoint closed
2026-09-15T20:28:41.225 WARN kycontroller::kymux_controller::server - Kynet accept failed: connection error: Endpoint closed
2026-09-15T20:28:41.225 WARN kycontroller::kymux_controller::server - Kynet accept failed: connection error: Endpoint closed
2026-09-15T20:28:41.225 WARN kycontroller::kymux_controller::server - Kynet accept failed: connection error: Endpoint closed
2026-09-15T20:28:41.225 WARN kycontroller::kymux_controller::server - Kynet accept failed: connection error: Endpoint closed
2026-09-15T20:28:41.225 WARN kycontroller::kymux_controller::server - Kynet accept failed: connection error: Endpoint closed
2026-09-15T20:28:41.225 WARN kycontroller::kymux_controller::server - Kynet accept failed: connection error: Endpoint closed
2026-09-15T20:28:41.225 WARN kycontroller::kymux_controller::server - Kynet accept failed: connection error: Endpoint closed
2026-09-15T20:28:41.225 WARN kycontroller::kymux_controller::server - Kynet accept failed: connection error: Endpoint closed
2026-09-15T20:28:41.225 WARN kycontroller::kymux_controller::server - Kynet accept failed: connection error: Endpoint closed
2026-09-15T20:28:41.225 WARN kycontroller::kymux_controller::server - Kynet accept failed: connection error: Endpoint closed
2026-09-15T20:28:41.225 WARN kycontroller::kymux_controller::server - Kynet accept failed: connection error: Endpoint closed
2026-09-15T20:28:41.225 WARN kycontroller::kymux_controller::server - Kynet accept failed: connection error: Endpoint closed
2026-09-15T20:28:41.225 WARN kycontroller::kymux_controller::server - Kynet accept failed: connection error: Endpoint closed
2026-09-15T20:28:41.225 WARN kycontroller::kymux_controller::server - Kynet accept failed: connection error: Endpoint closed
2026-09-15T20:28:41.225 WARN kycontroller::kymux_controller::server - Kynet accept failed: connection error: Endpoint closed
2026-09-15T20:28:41.225 WARN kycontroller::kymux_controller::server - Kynet accept failed: connection error: Endpoint closed
2026-09-15T20:28:41.225 WARN kycontroller::kymux_controller::server - Kynet accept failed: connection error: Endpoint closed
2026-09-15T20:28:41.225 WARN kycontroller::kymux_controller::server - Kynet accept failed: connection error: Endpoint closed
2026-09-15T20:28:41.225 WARN kycontroller::kymux_controller::server - Kynet accept failed: connection error: Endpoint closed
2026-09-15T20:28:41.225 WARN kycontroller::kymux_controller::server - Kynet accept failed: connection error: Endpoint closed
2026-09-15T20:28:41.225 WARN kycontroller::kymux_controller::server - Kynet accept failed: connection error: Endpoint closed
2026-09-15T20:28:41.225 WARN kycontroller::kymux_controller::server - Kynet accept failed: connection error: Endpoint closed
2026-09-15T20:28:41.225 WARN kycontroller::kymux_controller::server - Kynet accept failed: connection error: Endpoint closed
2026-09-15T20:28:41.225 WARN kycontroller::kymux_controller::server - Kynet accept failed: connection error: Endpoint closed
2026-09-15T20:28:41.225 WARN kycontroller::kymux_controller::server - Kynet accept failed: connection error: Endpoint closed
2026-09-15T20:28:41.225 WARN kycontroller::kymux_controller::server - Kynet accept failed: connection error: Endpoint closed
2026-09-15T20:28:41.225 WARN kycontroller::kymux_controller::server - Kynet accept failed: connection error: Endpoint closed
2026-09-15T20:28:41.225 WARN kycontroller::kymux_controller::server - Kynet accept failed: connection error: Endpoint closed
2026-09-15T20:28:41.225 WARN kycontroller::kymux_controller::server - Kynet accept failed: connection error: Endpoint closed
2026-09-15T20:28:41.225 WARN kycontroller::kymux_controller::server - Kynet accept failed: connection error: Endpoint closed
2026-09-15T20:28:41.225 WARN kycontroller::kymux_controller::server - Kynet accept failed: connection error: Endpoint closed
2026-09-15T20:28:41.225 WARN kycontroller::kymux_controller::server - Kynet accept failed: connection error: Endpoint closed
2026-09-15T20:28:41.225 WARN kycontroller::kymux_controller::server - Kynet accept failed: connection error: Endpoint closed
2026-09-15T20:28:41.225 WARN kycontroller::kymux_controller::server - Kynet accept failed: connection error: Endpoint closed
2026-09-15T20:28:41.225 WARN kycontroller::kymux_controller::server - Kynet accept failed: connection error: Endpoint closed
2026-09-15T20:28:41.225 WARN kycontroller::kymux_controller::server - Kynet accept failed: connection error: Endpoint closed
2026-09-15T20:28:41.225 WARN kycontroller::kymux_controller::server - Kynet accept failed: connection error: Endpoint closed
2026-09-15T20:28:41.225 WARN kycontroller::kymux_controller::server - Kynet accept failed: connection error: Endpoint closed
2026-09-15T20:28:41.225 WARN kycontroller::kymux_controller::server - Kynet accept failed: connection error: Endpoint closed
2026-09-15T20:28:41.225 WARN kycontroller::kymux_controller::server - Kynet accept failed: connection error: Endpoint closed
2026-09-15T20:28:41.225 WARN kycontroller::kymux_controller::server - Kynet accept failed: connection error: Endpoint closed
2026-09-15T20:28:41.225 WARN kycontroller::kymux_controller::server - Kynet accept failed: connection error: Endpoint closed
2026-09-15T20:28:41.225 WARN kycontroller::kymux_controller::server - Kynet accept failed: connection error: Endpoint closed
2026-09-15T20:28:41.225 WARN kycontroller::kymux_controller::server - Kynet accept failed: connection error: Endpoint closed
2026-09-15T20:28:41.225 WARN kycontroller::kymux_controller::server - Kynet accept failed: connection error: Endpoint closed
2026-09-15T20:28:41.225 WARN kycontroller::kymux_controller::server - Kynet accept failed: connection error: Endpoint closed
2026-09-15T20:28:41.225 WARN kycontroller::kymux_controller::server - Kynet accept failed: connection error: Endpoint closed
2026-09-15T20:28:41.225 WARN kycontroller::kymux_controller::server - Kynet accept failed: connection error: Endpoint closed
2026-09-15T20:28:41.225 WARN kycontroller::kymux_controller::server - Kynet accept failed: connection error: Endpoint closed
2026-09-15T20:28:41.225 WARN kycontroller::kymux_controller::server - Kynet accept failed: connection error: Endpoint closed
2026-09-15T20:28:41.225 WARN kycontroller::kymux_controller::server - Kynet accept failed: connection error: Endpoint closed
2026-09-15T20:28:41.225 WARN kycontroller::kymux_controller::server - Kynet accept failed: connection error: Endpoint closed
2026-09-15T20:28:41.225 WARN kycontroller::kymux_controller::server - Kynet accept failed: connection error: Endpoint closed
2026-09-15T20:28:41.225 WARN kycontroller::kymux_controller::server - Kynet accept failed: connection error: Endpoint closed
2026-09-15T20:28:41.225 WARN kycontroller::kymux_controller::server - Kynet accept failed: connection error: Endpoint closed
2026-09-15T20:28:41.225 WARN kycontroller::kymux_controller::server - Kynet accept failed: connection error: Endpoint closed
2026-09-15T20:28:41.225 WARN kycontroller::kymux_controller::server - Kynet accept failed: connection error: Endpoint closed
2026-09-15T20:28:41.225 WARN kycontroller::kymux_controller::server - Kynet accept failed: connection error: Endpoint closed
2026-09-15T20:28:41.225 WARN kycontroller::kymux_controller::server - Kynet accept failed: connection error: Endpoint closed
2026-09-15T20:28:41.225 WARN kycontroller::kymux_controller::server - Kynet accept failed: connection error: Endpoint closed
2026-09-15T20:28:41.225 WARN kycontroller::kymux_controller::server - Kynet accept failed: connection error: Endpoint closed
2026-09-15T20:28:41.225 WARN kycontroller::kymux_controller::server - Kynet accept failed: connection error: Endpoint closed
2026-09-15T20:28:41.225 WARN kycontroller::kymux_controller::server - Kynet accept failed: connection error: Endpoint closed
2026-09-15T20:28:41.225 WARN kycontroller::kymux_controller::server - Kynet accept failed: connection error: Endpoint closed
2026-09-15T20:28:41.225 WARN kycontroller::kymux_controller::server - Kynet accept failed: connection error: Endpoint closed
2026-09-15T20:28:41.225 WARN kycontroller::kymux_controller::server - Kynet accept failed: connection error: Endpoint closed
2026-09-15T20:28:41.225 WARN kycontroller::kymux_controller::server - Kynet accept failed: connection error: Endpoint closed
2026-09-15T20:28:41.225 WARN kycontroller::kymux_controller::server - Kynet accept failed: connection error: Endpoint closed
2026-09-15T20:28:41.225 WARN kycontroller::kymux_controller::server - Kynet accept failed: connection error: Endpoint closed
2026-09-15T20:28:41.225 WARN kycontroller::kymux_controller::server - Kynet accept failed: connection error: Endpoint closed
2026-09-15T20:28:41.225 WARN kycontroller::kymux_controller::server - Kynet accept failed: connection error: Endpoint closed
2026-09-15T20:28:41.225 WARN kycontroller::kymux_controller::server - Kynet accept failed: connection error: Endpoint closed
2026-09-15T20:28:41.225 WARN kycontroller::kymux_controller::server - Kynet accept failed: connection error: Endpoint closed
2026-09-15T20:28:41.225 WARN kycontroller::kymux_controller::server - Kynet accept failed: connection error: Endpoint closed
2026-09-15T20:28:41.225 WARN kycontroller::kymux_controller::server - Kynet accept failed: connection error: Endpoint closed
2026-09-15T20:28:41.225 WARN kycontroller::kymux_controller::server - Kynet accept failed: connection error: Endpoint closed
2026-09-15T20:28:41.225 WARN kycontroller::kymux_controller::server - Kynet accept failed: connection error: Endpoint closed
2026-09-15T20:28:41.225 WARN kycontroller::kymux_controller::server - Kynet accept failed: connection error: Endpoint closed
2026-09-15T20:28:41.225 WARN kycontroller::kymux_controller::server - Kynet accept failed: connection error: Endpoint closed
2026-09-15T20:28:41.225 WARN kycontroller::kymux_controller::server - Kynet accept failed: connection error: Endpoint closed
2026-09-15T20:28:41.225 WARN kycontroller::kymux_controller::server - Kynet accept failed: connection error: Endpoint closed
2026-09-15T20:28:41.225 WARN kycontroller::kymux_controller::server - Kynet accept failed: connection error: Endpoint closed
2026-09-15T20:28:41.225 WARN kycontroller::kymux_controller::server - Kynet accept failed: connection error: Endpoint closed
2026-09-15T20:28:41.225 WARN kycontroller::kymux_controller::server - Kynet accept failed: connection error: Endpoint closed
2026-09-15T20:28:41.225 WARN kycontroller::kymux_controller::server - Kynet accept failed: connection error: Endpoint closed
2026-09-15T20:28:41.225 WARN kycontroller::kymux_controller::server - Kynet accept failed: connection error: Endpoint closed
2026-09-15T20:28:41.225 WARN kycontroller::kymux_controller::server - Kynet accept failed: connection error: Endpoint closed
2026-09-15T20:28:41.225 WARN kycontroller::kymux_controller::server - Kynet accept failed: connection error: Endpoint closed
2026-09-15T20:28:41.225 WARN kycontroller::kymux_controller::server - Kynet accept failed: connection error: Endpoint closed
2026-09-15T20:28:41.225 WARN kycontroller::kymux_controller::server - Kynet accept failed: connection error: Endpoint closed
2026-09-15T20:28:41.225 WARN kycontroller::kymux_controller::server - Kynet accept failed: connection error: Endpoint closed
2026-09-15T20:28:41.225 WARN kycontroller::kymux_controller::server - Kynet accept failed: connection error: Endpoint closed
2026-09-15T20:28:41.225 WARN kycontroller::kymux_controller::server - Kynet accept failed: connection error: Endpoint closed
2026-09-15T20:28:41.225 WARN kycontroller::kymux_controller::server - Kynet accept failed: connection error: Endpoint closed
2026-09-15T20:28:41.225 WARN kycontroller::kymux_controller::server - Kynet accept failed: connection error: Endpoint closed
2026-09-15T20:28:41.225 WARN kycontroller::kymux_controller::server - Kynet accept failed: connection error: Endpoint closed
2026-09-15T20:28:41.225 WARN kycontroller::kymux_controller::server - Kynet accept failed: connection error: Endpoint closed
2026-09-15T20:28:41.225 WARN kycontroller::kymux_controller::server - Kynet accept failed: connection error: Endpoint closed
2026-09-15T20:28:41.225 WARN kycontroller::kymux_controller::server - Kynet accept failed: connection error: Endpoint closed
2026-09-15T20:28:41.225 WARN kycontroller::kymux_controller::server - Kynet accept failed: connection error: Endpoint closed
2026-09-15T20:28:41.225 WARN kycontroller::kymux_controller::server - Kynet accept failed: connection error: Endpoint closed
2026-09-15T20:28:41.225 WARN kycontroller::kymux_controller::server - Kynet accept failed: connection error: Endpoint closed
2026-09-15T20:28:41.225 WARN kycontroller::kymux_controller::server - Kynet accept failed: connection error: Endpoint closed
2026-09-15T20:28:41.225 WARN kycontroller::kymux_controller::server - Kynet accept failed: connection error: Endpoint closed
2026-09-15T20:28:41.225 WARN kycontroller::kymux_controller::server - Kynet accept failed: connection error: Endpoint closed
2026-09-15T20:28:41.225 WARN kycontroller::kymux_controller::server - Kynet accept failed: connection error: Endpoint closed
2026-09-15T20:28:41.225 WARN kycontroller::kymux_controller::server - Kynet accept failed: connection error: Endpoint closed
2026-09-15T20:28:41.225 WARN kycontroller::kymux_controller::server - Kynet accept failed: connection error: Endpoint closed
2026-09-15T20:28:41.225 WARN kycontroller::kymux_controller::server - Kynet accept failed: connection error: Endpoint closed
2026-09-15T20:28:41.225 WARN kycontroller::kymux_controller::server - Kynet accept failed: connection error: Endpoint closed
2026-09-15T20:28:41.225 WARN kycontroller::kymux_controller::server - Kynet accept failed: connection error: Endpoint closed
2026-09-15T20:28:41.225 WARN kycontroller::kymux_controller::server - Kynet accept failed: connection error: Endpoint closed
2026-09-15T20:28:41.225 WARN kycontroller::kymux_controller::server - Kynet accept failed: connection error: Endpoint closed
2026-09-15T20:28:41.225 WARN kycontroller::kymux_controller::server - Kynet accept failed: connection error: Endpoint closed
2026-09-15T20:28:41.226 WARN kycontroller::kymux_controller::server - Kynet accept failed: connection error: Endpoint closed
2026-09-15T20:28:41.226 WARN kycontroller::kymux_controller::server - Kynet accept failed: connection error: Endpoint closed
2026-09-15T20:28:41.226 WARN kycontroller::kymux_controller::server - Kynet accept failed: connection error: Endpoint closed
2026-09-15T20:28:41.226 WARN kycontroller::kymux_controller::server - Kynet accept failed: connection error: Endpoint closed
2026-09-15T20:28:41.226 WARN kycontroller::kymux_controller::server - Kynet accept failed: connection error: Endpoint closed
2026-09-15T20:28:41.226 WARN kycontroller::kymux_controller::server - Kynet accept failed: connection error: Endpoint closed
2026-09-15T20:28:41.226 WARN kycontroller::kymux_controller::server - Kynet accept failed: connection error: Endpoint closed
2026-09-15T20:28:41.226 WARN kycontroller::kymux_controller::server - Kynet accept failed: connection error: Endpoint closed
2026-09-15T20:28:41.226 WARN kycontroller::kymux_controller::server - Kynet accept failed: connection error: Endpoint closed
2026-09-15T20:28:41.226 WARN kycontroller::kymux_controller::server - Kynet accept failed: connection error: Endpoint closed
2026-09-15T20:28:41.226 WARN kycontroller::kymux_controller::server - Kynet accept failed: connection error: Endpoint closed
2026-09-15T20:28:41.226 WARN kycontroller::kymux_controller::server - Kynet accept failed: connection error: Endpoint closed
2026-09-15T20:28:41.226 WARN kycontroller::kymux_controller::server - Kynet accept failed: connection error: Endpoint closed
2026-09-15T20:28:41.226 WARN kycontroller::kymux_controller::server - Kynet accept failed: connection error: Endpoint closed
2026-09-15T20:28:41.226 WARN kycontroller::kymux_controller::server - Kynet accept failed: connection error: Endpoint closed
2026-09-15T20:28:41.226 WARN kycontroller::kymux_controller::server - Kynet accept failed: connection error: Endpoint closed
2026-09-15T20:28:41.226 WARN kycontroller::kymux_controller::server - Kynet accept failed: connection error: Endpoint closed
2026-09-15T20:28:41.226 WARN kycontroller::kymux_controller::server - Kynet accept failed: connection error: Endpoint closed
2026-09-15T20:28:41.226 WARN kycontroller::kymux_controller::server - Kynet accept failed: connection error: Endpoint closed
2026-09-15T20:28:41.226 WARN kycontroller::kymux_controller::server - Kynet accept failed: connection error: Endpoint closed
2026-09-15T20:28:41.226 WARN kycontroller::kymux_controller::server - Kynet accept failed: connection error: Endpoint closed
2026-09-15T20:28:41.226 WARN kycontroller::kymux_controller::server - Kynet accept failed: connection error: Endpoint closed
2026-09-15T20:28:41.226 WARN kycontroller::kymux_controller::server - Kynet accept failed: connection error: Endpoint closed
2026-09-15T20:28:41.226 WARN kycontroller::kymux_controller::server - Kynet accept failed: connection error: Endpoint closed
2026-09-15T20:28:41.226 WARN kycontroller::kymux_controller::server - Kynet accept failed: connection error: Endpoint closed
2026-09-15T20:28:41.226 WARN kycontroller::kymux_controller::server - Kynet accept failed: connection error: Endpoint closed
2026-09-15T20:28:41.226 WARN kycontroller::kymux_controller::server - Kynet accept failed: connection error: Endpoint closed
2026-09-15T20:28:41.226 WARN kycontroller::kymux_controller::server - Kynet accept failed: connection error: Endpoint closed
2026-09-15T20:28:41.226 WARN kycontroller::kymux_controller::server - Kynet accept failed: connection error: Endpoint closed
2026-09-15T20:28:41.226 WARN kycontroller::kymux_controller::server - Kynet accept failed: connection error: Endpoint closed
2026-09-15T20:28:41.226 WARN kycontroller::kymux_controller::server - Kynet accept failed: connection error: Endpoint closed
2026-09-15T20:28:41.226 WARN kycontroller::kymux_controller::server - Kynet accept failed: connection error: Endpoint closed
2026-09-15T20:28:41.226 WARN kycontroller::kymux_controller::server - Kynet accept failed: connection error: Endpoint closed
2026-09-15T20:28:41.226 WARN kycontroller::kymux_controller::server - Kynet accept failed: connection error: Endpoint closed
2026-09-15T20:28:41.226 WARN kycontroller::kymux_controller::server - Kynet accept failed: connection error: Endpoint closed
2026-09-15T20:28:41.226 WARN kycontroller::kymux_controller::server - Kynet accept failed: connection error: Endpoint closed
2026-09-15T20:28:41.226 WARN kycontroller::kymux_controller::server - Kynet accept failed: connection error: Endpoint closed
2026-09-15T20:28:41.226 WARN kycontroller::kymux_controller::server - Kynet accept failed: connection error: Endpoint closed
2026-09-15T20:28:41.226 WARN kycontroller::kymux_controller::server - Kynet accept failed: connection error: Endpoint closed
2026-09-15T20:28:41.226 WARN kycontroller::kymux_controller::server - Kynet accept failed: connection error: Endpoint closed
2026-09-15T20:28:41.226 WARN kycontroller::kymux_controller::server - Kynet accept failed: connection error: Endpoint closed
2026-09-15T20:28:41.226 WARN kycontroller::kymux_controller::server - Kynet accept failed: connection error: Endpoint closed
2026-09-15T20:28:41.226 WARN kycontroller::kymux_controller::server - Kynet accept failed: connection error: Endpoint closed
2026-09-15T20:28:41.226 WARN kycontroller::kymux_controller::server - Kynet accept failed: connection error: Endpoint closed
2026-09-15T20:28:41.226 WARN kycontroller::kymux_controller::server - Kynet accept failed: connection error: Endpoint closed
2026-09-15T20:28:41.226 WARN kycontroller::kymux_controller::server - Kynet accept failed: connection error: Endpoint closed
2026-09-15T20:28:41.226 WARN kycontroller::kymux_controller::server - Kynet accept failed: connection error: Endpoint closed
2026-09-15T20:28:41.226 WARN kycontroller::kymux_controller::server - Kynet accept failed: connection error: Endpoint closed
2026-09-15T20:28:41.226 WARN kycontroller::kymux_controller::server - Kynet accept failed: connection error: Endpoint closed
2026-09-15T20:28:41.226 WARN kycontroller::kymux_controller::server - Kynet accept failed: connection error: Endpoint closed
2026-09-15T20:28:41.226 WARN kycontroller::kymux_controller::server - Kynet accept failed: connection error: Endpoint closed
2026-09-15T20:28:41.226 WARN kycontroller::kymux_controller::server - Kynet accept failed: connection error: Endpoint closed
2026-09-15T20:28:41.226 WARN kycontroller::kymux_controller::server - Kynet accept failed: connection error: Endpoint closed
2026-09-15T20:28:41.226 WARN kycontroller::kymux_controller::server - Kynet accept failed: connection error: Endpoint closed
2026-09-15T20:28:41.226 WARN kycontroller::kymux_controller::server - Kynet accept failed: connection error: Endpoint closed
2026-09-15T20:28:41.226 WARN kycontroller::kymux_controller::server - Kynet accept failed: connection error: Endpoint closed
2026-09-15T20:28:41.226 WARN kycontroller::kymux_controller::server - Kynet accept failed: connection error: Endpoint closed
2026-09-15T20:28:41.226 WARN kycontroller::kymux_controller::server - Kynet accept failed: connection error: Endpoint closed
2026-09-15T20:28:41.226 WARN kycontroller::kymux_controller::server - Kynet accept failed: connection error: Endpoint closed
2026-09-15T20:28:41.226 WARN kycontroller::kymux_controller::server - Kynet accept failed: connection error: Endpoint closed
2026-09-15T20:28:41.226 WARN kycontroller::kymux_controller::server - Kynet accept failed: connection error: Endpoint closed
2026-09-15T20:28:41.226 WARN kycontroller::kymux_controller::server - Kynet accept failed: connection error: Endpoint closed
2026-09-15T20:28:41.226 WARN kycontroller::kymux_controller::server - Kynet accept failed: connection error: Endpoint closed
2026-09-15T20:28:41.226 WARN kycontroller::kymux_controller::server - Kynet accept failed: connection error: Endpoint closed
2026-09-15T20:28:41.226 WARN kycontroller::kymux_controller::server - Kynet accept failed: connection error: Endpoint closed
2026-09-15T20:28:41.226 WARN kycontroller::kymux_controller::server - Kynet accept failed: connection error: Endpoint closed
2026-09-15T20:28:41.226 WARN kycontroller::kymux_controller::server - Kynet accept failed: connection error: Endpoint closed
2026-09-15T20:28:41.226 WARN kycontroller::kymux_controller::server - Kynet accept failed: connection error: Endpoint closed
2026-09-15T20:28:41.226 WARN kycontroller::kymux_controller::server - Kynet accept failed: connection error: Endpoint closed
2026-09-15T20:28:41.226 WARN kycontroller::kymux_controller::server - Kynet accept failed: connection error: Endpoint closed
2026-09-15T20:28:41.226 WARN kycontroller::kymux_controller::server - Kynet accept failed: connection error: Endpoint closed
2026-09-15T20:28:41.226 WARN kycontroller::kymux_controller::server - Kynet accept failed: connection error: Endpoint closed
2026-09-15T20:28:41.226 WARN kycontroller::kymux_controller::server - Kynet accept failed: connection error: Endpoint closed
2026-09-15T20:28:41.226 WARN kycontroller::kymux_controller::server - Kynet accept failed: connection error: Endpoint closed
2026-09-15T20:28:41.226 WARN kycontroller::kymux_controller::server - Kynet accept failed: connection error: Endpoint closed
2026-09-15T20:28:41.226 WARN kycontroller::kymux_controller::server - Kynet accept failed: connection error: Endpoint closed
2026-09-15T20:28:41.226 WARN kycontroller::kymux_controller::server - Kynet accept failed: connection error: Endpoint closed
2026-09-15T20:28:41.226 WARN kycontroller::kymux_controller::server - Kynet accept failed: connection error: Endpoint closed
2026-09-15T20:28:41.226 WARN kycontroller::kymux_controller::server - Kynet accept failed: connection error: Endpoint closed
2026-09-15T20:28:41.226 WARN kycontroller::kymux_controller::server - Kynet accept failed: connection error: Endpoint closed
2026-09-15T20:28:41.226 WARN kycontroller::kymux_controller::server - Kynet accept failed: connection error: Endpoint closed
2026-09-15T20:28:41.226 WARN kycontroller::kymux_controller::server - Kynet accept failed: connection error: Endpoint closed
2026-09-15T20:28:41.226 WARN kycontroller::kymux_controller::server - Kynet accept failed: connection error: Endpoint closed
2026-09-15T20:28:41.226 WARN kycontroller::kymux_controller::server - Kynet accept failed: connection error: Endpoint closed
2026-09-15T20:28:41.226 WARN kycontroller::kymux_controller::server - Kynet accept failed: connection error: Endpoint closed
2026-09-15T20:28:41.226 WARN kycontroller::kymux_controller::server - Kynet accept failed: connection error: Endpoint closed
2026-09-15T20:28:41.226 WARN kycontroller::kymux_controller::server - Kynet accept failed: connection error: Endpoint closed
2026-09-15T20:28:41.226 WARN kycontroller::kymux_controller::server - Kynet accept failed: connection error: Endpoint closed
2026-09-15T20:28:41.226 WARN kycontroller::kymux_controller::server - Kynet accept failed: connection error: Endpoint closed
2026-09-15T20:28:41.226 WARN kycontroller::kymux_controller::server - Kynet accept failed: connection error: Endpoint closed
2026-09-15T20:28:41.226 WARN kycontroller::kymux_controller::server - Kynet accept failed: connection error: Endpoint closed
2026-09-15T20:28:41.226 WARN kycontroller::kymux_controller::server - Kynet accept failed: connection error: Endpoint closed
2026-09-15T20:28:41.226 WARN kycontroller::kymux_controller::server - Kynet accept failed: connection error: Endpoint closed
2026-09-15T20:28:41.226 WARN kycontroller::kymux_controller::server - Kynet accept failed: connection error: Endpoint closed
2026-09-15T20:28:41.226 WARN kycontroller::kymux_controller::server - Kynet accept failed: connection error: Endpoint closed
2026-09-15T20:28:41.226 WARN kycontroller::kymux_controller::server - Kynet accept failed: connection error: Endpoint closed
2026-09-15T20:28:41.226 WARN kycontroller::kymux_controller::server - Kynet accept failed: connection error: Endpoint closed
2026-09-15T20:28:41.226 WARN kycontroller::kymux_controller::server - Kynet accept failed: connection error: Endpoint closed
2026-09-15T20:28:41.227 WARN kycontroller::kymux_controller::server - Kynet accept failed: connection error: Endpoint closed
2026-09-15T20:28:41.227 WARN kycontroller::kymux_controller::server - Kynet accept failed: connection error: Endpoint closed
2026-09-15T20:28:41.227 WARN kycontroller::kymux_controller::server - Kynet accept failed: connection error: Endpoint closed
2026-09-15T20:28:41.227 WARN kycontroller::kymux_controller::server - Kynet accept failed: connection error: Endpoint closed
2026-09-15T20:28:41.227 WARN kycontroller::kymux_controller::server - Kynet accept failed: connection error: Endpoint closed
2026-09-15T20:28:41.227 WARN kycontroller::kymux_controller::server - Kynet accept failed: connection error: Endpoint closed
2026-09-15T20:28:41.227 WARN kycontroller::kymux_controller::server - Kynet accept failed: connection error: Endpoint closed
2026-09-15T20:28:41.227 WARN kycontroller::kymux_controller::server - Kynet accept failed: connection error: Endpoint closed
2026-09-15T20:28:41.227 WARN kycontroller::kymux_controller::server - Kynet accept failed: connection error: Endpoint closed
2026-09-15T20:28:41.227 WARN kycontroller::kymux_controller::server - Kynet accept failed: connection error: Endpoint closed
2026-09-15T20:28:41.227 WARN kycontroller::kymux_controller::server - Kynet accept failed: connection error: Endpoint closed
2026-09-15T20:28:41.227 WARN kycontroller::kymux_controller::server - Kynet accept failed: connection error: Endpoint closed
2026-09-15T20:28:41.227 WARN kycontroller::kymux_controller::server - Kynet accept failed: connection error: Endpoint closed
2026-09-15T20:28:41.227 WARN kycontroller::kymux_controller::server - Kynet accept failed: connection error: Endpoint closed
2026-09-15T20:28:41.227 WARN kycontroller::kymux_controller::server - Kynet accept failed: connection error: Endpoint closed
2026-09-15T20:28:41.227 WARN kycontroller::kymux_controller::server - Kynet accept failed: connection error: Endpoint closed
2026-09-15T20:28:41.227 WARN kycontroller::kymux_controller::server - Kynet accept failed: connection error: Endpoint closed
2026-09-15T20:28:41.227 WARN kycontroller::kymux_controller::server - Kynet accept failed: connection error: Endpoint closed
2026-09-15T20:28:41.227 WARN kycontroller::kymux_controller::server - Kynet accept failed: connection error: Endpoint closed
2026-09-15T20:28:41.227 WARN kycontroller::kymux_controller::server - Kynet accept failed: connection error: Endpoint closed
2026-09-15T20:28:41.227 WARN kycontroller::kymux_controller::server - Kynet accept failed: connection error: Endpoint closed
2026-09-15T20:28:41.227 WARN kycontroller::kymux_controller::server - Kynet accept failed: connection error: Endpoint closed
2026-09-15T20:28:41.227 WARN kycontroller::kymux_controller::server - Kynet accept failed: connection error: Endpoint closed
2026-09-15T20:28:41.227 WARN kycontroller::kymux_controller::server - Kynet accept failed: connection error: Endpoint closed
2026-09-15T20:28:41.227 WARN kycontroller::kymux_controller::server - Kynet accept failed: connection error: Endpoint closed
2026-09-15T20:28:41.227 WARN kycontroller::kymux_controller::server - Kynet accept failed: connection error: Endpoint closed
2026-09-15T20:28:41.227 WARN kycontroller::kymux_controller::server - Kynet accept failed: connection error: Endpoint closed
2026-09-15T20:28:41.227 WARN kycontroller::kymux_controller::server - Kynet accept failed: connection error: Endpoint closed
2026-09-15T20:28:41.227 WARN kycontroller::kymux_controller::server - Kynet accept failed: connection error: Endpoint closed
2026-09-15T20:28:41.227 WARN kycontroller::kymux_controller::server - Kynet accept failed: connection error: Endpoint closed
2026-09-15T20:28:41.227 WARN kycontroller::kymux_controller::server - Kynet accept failed: connection error: Endpoint closed
2026-09-15T20:28:41.227 WARN kycontroller::kymux_controller::server - Kynet accept failed: connection error: Endpoint closed
2026-09-15T20:28:41.227 WARN kycontroller::kymux_controller::server - Kynet accept failed: connection error: Endpoint closed
2026-09-15T20:28:41.227 WARN kycontroller::kymux_controller::server - Kynet accept failed: connection error: Endpoint closed
2026-09-15T20:28:41.227 WARN kycontroller::kymux_controller::server - Kynet accept failed: connection error: Endpoint closed
2026-09-15T20:28:41.227 WARN kycontroller::kymux_controller::server - Kynet accept failed: connection error: Endpoint closed
2026-09-15T20:28:41.227 WARN kycontroller::kymux_controller::server - Kynet accept failed: connection error: Endpoint closed
2026-09-15T20:28:41.227 WARN kycontroller::kymux_controller::server - Kynet accept failed: connection error: Endpoint closed
2026-09-15T20:28:41.227 WARN kycontroller::kymux_controller::server - Kynet accept failed: connection error: Endpoint closed
2026-09-15T20:28:41.227 WARN kycontroller::kymux_controller::server - Kynet accept failed: connection error: Endpoint closed
2026-09-15T20:28:41.227 WARN kycontroller::kymux_controller::server - Kynet accept failed: connection error: Endpoint closed
2026-09-15T20:28:41.227 WARN kycontroller::kymux_controller::server - Kynet accept failed: connection error: Endpoint closed
2026-09-15T20:28:41.227 WARN kycontroller::kymux_controller::server - Kynet accept failed: connection error: Endpoint closed
2026-09-15T20:28:41.227 WARN kycontroller::kymux_controller::server - Kynet accept failed: connection error: Endpoint closed
2026-09-15T20:28:41.227 WARN kycontroller::kymux_controller::server - Kynet accept failed: connection error: Endpoint closed
2026-09-15T20:28:41.227 WARN kycontroller::kymux_controller::server - Kynet accept failed: connection error: Endpoint closed
2026-09-15T20:28:41.227 WARN kycontroller::kymux_controller::server - Kynet accept failed: connection error: Endpoint closed
2026-09-15T20:28:41.227 WARN kycontroller::kymux_controller::server - Kynet accept failed: connection error: Endpoint closed
2026-09-15T20:28:41.227 WARN kycontroller::kymux_controller::server - Kynet accept failed: connection error: Endpoint closed
2026-09-15T20:28:41.227 WARN kycontroller::kymux_controller::server - Kynet accept failed: connection error: Endpoint closed
2026-09-15T20:28:41.227 WARN kycontroller::kymux_controller::server - Kynet accept failed: connection error: Endpoint closed
2026-09-15T20:28:41.227 WARN kycontroller::kymux_controller::server - Kynet accept failed: connection error: Endpoint closed
2026-09-15T20:28:41.227 WARN kycontroller::kymux_controller::server - Kynet accept failed: connection error: Endpoint closed
2026-09-15T20:28:41.227 WARN kycontroller::kymux_controller::server - Kynet accept failed: connection error: Endpoint closed
2026-09-15T20:28:41.227 WARN kycontroller::kymux_controller::server - Kynet accept failed: connection error: Endpoint closed
2026-09-15T20:28:41.227 WARN kycontroller::kymux_controller::server - Kynet accept failed: connection error: Endpoint closed
2026-09-15T20:28:41.227 WARN kycontroller::kymux_controller::server - Kynet accept failed: connection error: Endpoint closed
2026-09-15T20:28:41.227 WARN kycontroller::kymux_controller::server - Kynet accept failed: connection error: Endpoint closed
2026-09-15T20:28:41.227 WARN kycontroller::kymux_controller::server - Kynet accept failed: connection error: Endpoint closed
2026-09-15T20:28:41.227 WARN kycontroller::kymux_controller::server - Kynet accept failed: connection error: Endpoint closed
2026-09-15T20:28:41.227 WARN kycontroller::kymux_controller::server - Kynet accept failed: connection error: Endpoint closed
2026-09-15T20:28:41.227 WARN kycontroller::kymux_controller::server - Kynet accept failed: connection error: Endpoint closed
2026-09-15T20:28:41.227 WARN kycontroller::kymux_controller::server - Kynet accept failed: connection error: Endpoint closed
2026-09-15T20:28:41.227 WARN kycontroller::kymux_controller::server - Kynet accept failed: connection error: Endpoint closed
2026-09-15T20:28:41.227 WARN kycontroller::kymux_controller::server - Kynet accept failed: connection error: Endpoint closed
2026-09-15T20:28:41.227 WARN kycontroller::kymux_controller::server - Kynet accept failed: connection error: Endpoint closed
2026-09-15T20:28:41.227 WARN kycontroller::kymux_controller::server - Kynet accept failed: connection error: Endpoint closed
2026-09-15T20:28:41.227 WARN kycontroller::kymux_controller::server - Kynet accept failed: connection error: Endpoint closed
2026-09-15T20:28:41.227 WARN kycontroller::kymux_controller::server - Kynet accept failed: connection error: Endpoint closed
2026-09-15T20:28:41.227 WARN kycontroller::kymux_controller::server - Kynet accept failed: connection error: Endpoint closed
2026-09-15T20:28:41.227 WARN kycontroller::kymux_controller::server - Kynet accept failed: connection error: Endpoint closed
2026-09-15T20:28:41.227 WARN kycontroller::kymux_controller::server - Kynet accept failed: connection error: Endpoint closed
2026-09-15T20:28:41.227 WARN kycontroller::kymux_controller::server - Kynet accept failed: connection error: Endpoint closed
2026-09-15T20:28:41.227 WARN kycontroller::kymux_controller::server - Kynet accept failed: connection error: Endpoint closed
2026-09-15T20:28:41.227 WARN kycontroller::kymux_controller::server - Kynet accept failed: connection error: Endpoint closed
2026-09-15T20:28:41.227 WARN kycontroller::kymux_controller::server - Kynet accept failed: connection error: Endpoint closed
2026-09-15T20:28:41.227 WARN kycontroller::kymux_controller::server - Kynet accept failed: connection error: Endpoint closed
2026-09-15T20:28:41.227 WARN kycontroller::kymux_controller::server - Kynet accept failed: connection error: Endpoint closed
2026-09-15T20:28:41.227 WARN kycontroller::kymux_controller::server - Kynet accept failed: connection error: Endpoint closed
2026-09-15T20:28:41.227 WARN kycontroller::kymux_controller::server - Kynet accept failed: connection error: Endpoint closed
2026-09-15T20:28:41.227 WARN kycontroller::kymux_controller::server - Kynet accept failed: connection error: Endpoint closed
2026-09-15T20:28:41.227 WARN kycontroller::kymux_controller::server - Kynet accept failed: connection error: Endpoint closed
2026-09-15T20:28:41.227 WARN kycontroller::kymux_controller::server - Kynet accept failed: connection error: Endpoint closed
2026-09-15T20:28:41.227 WARN kycontroller::kymux_controller::server - Kynet accept failed: connection error: Endpoint closed
2026-09-15T20:28:41.227 WARN kycontroller::kymux_controller::server - Kynet accept failed: connection error: Endpoint closed
2026-09-15T20:28:41.227 WARN kycontroller::kymux_controller::server - Kynet accept failed: connection error: Endpoint closed
2026-09-15T20:28:41.228 WARN kycontroller::kymux_controller::server - Kynet accept failed: connection error: Endpoint closed
2026-09-15T20:28:41.228 WARN kycontroller::kymux_controller::server - Kynet accept failed: connection error: Endpoint closed
2026-09-15T20:28:41.228 WARN kycontroller::kymux_controller::server - Kynet accept failed: connection error: Endpoint closed
2026-09-15T20:28:41.228 WARN kycontroller::kymux_controller::server - Kynet accept failed: connection error: Endpoint closed
2026-09-15T20:28:41.228 WARN kycontroller::kymux_controller::server - Kynet accept failed: connection error: Endpoint closed
2026-09-15T20:28:41.228 WARN kycontroller::kymux_controller::server - Kynet accept failed: connection error: Endpoint closed
2026-09-15T20:28:41.228 WARN kycontroller::kymux_controller::server - Kynet accept failed: connection error: Endpoint closed
2026-09-15T20:28:41.228 WARN kycontroller::kymux_controller::server - Kynet accept failed: connection error: Endpoint closed
2026-09-15T20:28:41.228 WARN kycontroller::kymux_controller::server - Kynet accept failed: connection error: Endpoint closed
2026-09-15T20:28:41.228 WARN kycontroller::kymux_controller::server - Kynet accept failed: connection error: Endpoint closed
2026-09-15T20:28:41.228 WARN kycontroller::kymux_controller::server - Kynet accept failed: connection error: Endpoint closed
2026-09-15T20:28:41.228 WARN kycontroller::kymux_controller::server - Kynet accept failed: connection error: Endpoint closed
2026-09-15T20:28:41.228 WARN kycontroller::kymux_controller::server - Kynet accept failed: connection error: Endpoint closed
2026-09-15T20:28:41.228 WARN kycontroller::kymux_controller::server - Kynet accept failed: connection error: Endpoint closed
2026-09-15T20:28:41.228 WARN kycontroller::kymux_controller::server - Kynet accept failed: connection error: Endpoint closed
2026-09-15T20:28:41.228 WARN kycontroller::kymux_controller::server - Kynet accept failed: connection error: Endpoint closed
2026-09-15T20:28:41.228 WARN kycontroller::kymux_controller::server - Kynet accept failed: connection error: Endpoint closed
2026-09-15T20:28:41.228 WARN kycontroller::kymux_controller::server - Kynet accept failed: connection error: Endpoint closed
2026-09-15T20:28:41.228 WARN kycontroller::kymux_controller::server - Kynet accept failed: connection error: Endpoint closed
2026-09-15T20:28:41.228 WARN kycontroller::kymux_controller::server - Kynet accept failed: connection error: Endpoint closed
2026-09-15T20:28:41.228 WARN kycontroller::kymux_controller::server - Kynet accept failed: connection error: Endpoint closed
2026-09-15T20:28:41.228 WARN kycontroller::kymux_controller::server - Kynet accept failed: connection error: Endpoint closed
2026-09-15T20:28:41.228 WARN kycontroller::kymux_controller::server - Kynet accept failed: connection error: Endpoint closed
2026-09-15T20:28:41.228 WARN kycontroller::kymux_controller::server - Kynet accept failed: connection error: Endpoint closed
2026-09-15T20:28:41.228 WARN kycontroller::kymux_controller::server - Kynet accept failed: connection error: Endpoint closed
2026-09-15T20:28:41.228 WARN kycontroller::kymux_controller::server - Kynet accept failed: connection error: Endpoint closed
2026-09-15T20:28:41.228 WARN kycontroller::kymux_controller::server - Kynet accept failed: connection error: Endpoint closed
2026-09-15T20:28:41.228 WARN kycontroller::kymux_controller::server - Kynet accept failed: connection error: Endpoint closed
2026-09-15T20:28:41.228 WARN kycontroller::kymux_controller::server - Kynet accept failed: connection error: Endpoint closed
2026-09-15T20:28:41.228 WARN kycontroller::kymux_controller::server - Kynet accept failed: connection error: Endpoint closed
2026-09-15T20:28:41.228 WARN kycontroller::kymux_controller::server - Kynet accept failed: connection error: Endpoint closed
2026-09-15T20:28:41.228 WARN kycontroller::kymux_controller::server - Kynet accept failed: connection error: Endpoint closed
2026-09-15T20:28:41.228 WARN kycontroller::kymux_controller::server - Kynet accept failed: connection error: Endpoint closed
2026-09-15T20:28:41.228 WARN kycontroller::kymux_controller::server - Kynet accept failed: connection error: Endpoint closed
2026-09-15T20:28:41.228 WARN kycontroller::kymux_controller::server - Kynet accept failed: connection error: Endpoint closed
2026-09-15T20:28:41.228 WARN kycontroller::kymux_controller::server - Kynet accept failed: connection error: Endpoint closed
2026-09-15T20:28:41.228 WARN kycontroller::kymux_controller::server - Kynet accept failed: connection error: Endpoint closed
2026-09-15T20:28:41.228 WARN kycontroller::kymux_controller::server - Kynet accept failed: connection error: Endpoint closed
2026-09-15T20:28:41.228 WARN kycontroller::kymux_controller::server - Kynet accept failed: connection error: Endpoint closed
2026-09-15T20:28:41.228 WARN kycontroller::kymux_controller::server - Kynet accept failed: connection error: Endpoint closed
2026-09-15T20:28:41.228 WARN kycontroller::kymux_controller::server - Kynet accept failed: connection error: Endpoint closed
2026-09-15T20:28:41.228 WARN kycontroller::kymux_controller::server - Kynet accept failed: connection error: Endpoint closed
2026-09-15T20:28:41.228 WARN kycontroller::kymux_controller::server - Kynet accept failed: connection error: Endpoint closed
2026-09-15T20:28:41.228 WARN kycontroller::kymux_controller::server - Kynet accept failed: connection error: Endpoint closed
2026-09-15T20:28:41.228 WARN kycontroller::kymux_controller::server - Kynet accept failed: connection error: Endpoint closed
2026-09-15T20:28:41.228 WARN kycontroller::kymux_controller::server - Kynet accept failed: connection error: Endpoint closed
2026-09-15T20:28:41.228 WARN kycontroller::kymux_controller::server - Kynet accept failed: connection error: Endpoint closed
2026-09-15T20:28:41.228 WARN kycontroller::kymux_controller::server - Kynet accept failed: connection error: Endpoint closed
2026-09-15T20:28:41.228 WARN kycontroller::kymux_controller::server - Kynet accept failed: connection error: Endpoint closed
2026-09-15T20:28:41.228 WARN kycontroller::kymux_controller::server - Kynet accept failed: connection error: Endpoint closed
2026-09-15T20:28:41.228 WARN kycontroller::kymux_controller::server - Kynet accept failed: connection error: Endpoint closed
2026-09-15T20:28:41.228 WARN kycontroller::kymux_controller::server - Kynet accept failed: connection error: Endpoint closed
2026-09-15T20:28:41.228 WARN kycontroller::kymux_controller::server - Kynet accept failed: connection error: Endpoint closed
2026-09-15T20:28:41.228 WARN kycontroller::kymux_controller::server - Kynet accept failed: connection error: Endpoint closed
2026-09-15T20:28:41.228 WARN kycontroller::kymux_controller::server - Kynet accept failed: connection error: Endpoint closed
2026-09-15T20:28:41.228 WARN kycontroller::kymux_controller::server - Kynet accept failed: connection error: Endpoint closed
2026-09-15T20:28:41.228 WARN kycontroller::kymux_controller::server - Kynet accept failed: connection error: Endpoint closed
2026-09-15T20:28:41.228 WARN kycontroller::kymux_controller::server - Kynet accept failed: connection error: Endpoint closed
2026-09-15T20:28:41.228 WARN kycontroller::kymux_controller::server - Kynet accept failed: connection error: Endpoint closed
2026-09-15T20:28:41.228 WARN kycontroller::kymux_controller::server - Kynet accept failed: connection error: Endpoint closed
2026-09-15T20:28:41.228 WARN kycontroller::kymux_controller::server - Kynet accept failed: connection error: Endpoint closed
2026-09-15T20:28:41.228 WARN kycontroller::kymux_controller::server - Kynet accept failed: connection error: Endpoint closed
2026-09-15T20:28:41.228 WARN kycontroller::kymux_controller::server - Kynet accept failed: connection error: Endpoint closed
2026-09-15T20:28:41.228 WARN kycontroller::kymux_controller::server - Kynet accept failed: connection error: Endpoint closed
2026-09-15T20:28:41.228 WARN kycontroller::kymux_controller::server - Kynet accept failed: connection error: Endpoint closed
2026-09-15T20:28:41.228 WARN kycontroller::kymux_controller::server - Kynet accept failed: connection error: Endpoint closed
2026-09-15T20:28:41.228 WARN kycontroller::kymux_controller::server - Kynet accept failed: connection error: Endpoint closed
2026-09-15T20:28:41.228 WARN kycontroller::kymux_controller::server - Kynet accept failed: connection error: Endpoint closed
2026-09-15T20:28:41.228 WARN kycontroller::kymux_controller::server - Kynet accept failed: connection error: Endpoint closed
2026-09-15T20:28:41.228 WARN kycontroller::kymux_controller::server - Kynet accept failed: connection error: Endpoint closed
2026-09-15T20:28:41.228 WARN kycontroller::kymux_controller::server - Kynet accept failed: connection error: Endpoint closed
2026-09-15T20:28:41.228 WARN kycontroller::kymux_controller::server - Kynet accept failed: connection error: Endpoint closed
2026-09-15T20:28:41.228 WARN kycontroller::kymux_controller::server - Kynet accept failed: connection error: Endpoint closed
2026-09-15T20:28:41.228 WARN kycontroller::kymux_controller::server - Kynet accept failed: connection error: Endpoint closed
2026-09-15T20:28:41.228 WARN kycontroller::kymux_controller::server - Kynet accept failed: connection error: Endpoint closed
2026-09-15T20:28:41.228 WARN kycontroller::kymux_controller::server - Kynet accept failed: connection error: Endpoint closed
2026-09-15T20:28:41.228 WARN kycontroller::kymux_controller::server - Kynet accept failed: connection error: Endpoint closed
2026-09-15T20:28:41.228 WARN kycontroller::kymux_controller::server - Kynet accept failed: connection error: Endpoint closed
2026-09-15T20:28:41.228 WARN kycontroller::kymux_controller::server - Kynet accept failed: connection error: Endpoint closed
2026-09-15T20:28:41.228 WARN kycontroller::kymux_controller::server - Kynet accept failed: connection error: Endpoint closed
2026-09-15T20:28:41.228 WARN kycontroller::kymux_controller::server - Kynet accept failed: connection error: Endpoint closed
2026-09-15T20:28:41.228 WARN kycontroller::kymux_controller::server - Kynet accept failed: connection error: Endpoint closed
2026-09-15T20:28:41.228 WARN kycontroller::kymux_controller::server - Kynet accept failed: connection error: Endpoint closed
2026-09-15T20:28:41.228 WARN kycontroller::kymux_controller::server - Kynet accept failed: connection error: Endpoint closed
2026-09-15T20:28:41.228 WARN kycontroller::kymux_controller::server - Kynet accept failed: connection error: Endpoint closed
2026-09-15T20:28:41.228 WARN kycontroller::kymux_controller::server - Kynet accept failed: connection error: Endpoint closed
2026-09-15T20:28:41.228 WARN kycontroller::kymux_controller::server - Kynet accept failed: connection error: Endpoint closed
2026-09-15T20:28:41.228 WARN kycontroller::kymux_controller::server - Kynet accept failed: connection error: Endpoint closed
2026-09-15T20:28:41.228 WARN kycontroller::kymux_controller::server - Kynet accept failed: connection error: Endpoint closed
2026-09-15T20:28:41.228 WARN kycontroller::kymux_controller::server - Kynet accept failed: connection error: Endpoint closed
2026-09-15T20:28:41.228 WARN kycontroller::kymux_controller::server - Kynet accept failed: connection error: Endpoint closed
2026-09-15T20:28:41.228 WARN kycontroller::kymux_controller::server - Kynet accept failed: connection error: Endpoint closed
2026-09-15T20:28:41.228 WARN kycontroller::kymux_controller::server - Kynet accept failed: connection error: Endpoint closed
2026-09-15T20:28:41.229 WARN kycontroller::kymux_controller::server - Kynet accept failed: connection error: Endpoint closed
2026-09-15T20:28:41.229 WARN kycontroller::kymux_controller::server - Kynet accept failed: connection error: Endpoint closed
2026-09-15T20:28:41.229 WARN kycontroller::kymux_controller::server - Kynet accept failed: connection error: Endpoint closed
2026-09-15T20:28:41.229 WARN kycontroller::kymux_controller::server - Kynet accept failed: connection error: Endpoint closed
2026-09-15T20:28:41.229 WARN kycontroller::kymux_controller::server - Kynet accept failed: connection error: Endpoint closed
2026-09-15T20:28:41.229 WARN kycontroller::kymux_controller::server - Kynet accept failed: connection error: Endpoint closed
2026-09-15T20:28:41.229 WARN kycontroller::kymux_controller::server - Kynet accept failed: connection error: Endpoint closed
2026-09-15T20:28:41.229 WARN kycontroller::kymux_controller::server - Kynet accept failed: connection error: Endpoint closed
2026-09-15T20:28:41.229 WARN kycontroller::kymux_controller::server - Kynet accept failed: connection error: Endpoint closed
2026-09-15T20:28:41.229 WARN kycontroller::kymux_controller::server - Kynet accept failed: connection error: Endpoint closed
2026-09-15T20:28:41.229 WARN kycontroller::kymux_controller::server - Kynet accept failed: connection error: Endpoint closed
2026-09-15T20:28:41.229 WARN kycontroller::kymux_controller::server - Kynet accept failed: connection error: Endpoint closed
2026-09-15T20:28:41.229 WARN kycontroller::kymux_controller::server - Kynet accept failed: connection error: Endpoint closed
2026-09-15T20:28:41.229 WARN kycontroller::kymux_controller::server - Kynet accept failed: connection error: Endpoint closed
2026-09-15T20:28:41.229 WARN kycontroller::kymux_controller::server - Kynet accept failed: connection error: Endpoint closed
2026-09-15T20:28:41.229 WARN kycontroller::kymux_controller::server - Kynet accept failed: connection error: Endpoint closed
2026-09-15T20:28:41.229 WARN kycontroller::kymux_controller::server - Kynet accept failed: connection error: Endpoint closed
2026-09-15T20:28:41.229 WARN kycontroller::kymux_controller::server - Kynet accept failed: connection error: Endpoint closed
2026-09-15T20:28:41.229 WARN kycontroller::kymux_controller::server - Kynet accept failed: connection error: Endpoint closed
2026-09-15T20:28:41.229 WARN kycontroller::kymux_controller::server - Kynet accept failed: connection error: Endpoint closed
2026-09-15T20:28:41.229 WARN kycontroller::kymux_controller::server - Kynet accept failed: connection error: Endpoint closed
2026-09-15T20:28:41.229 WARN kycontroller::kymux_controller::server - Kynet accept failed: connection error: Endpoint closed
2026-09-15T20:28:41.229 WARN kycontroller::kymux_controller::server - Kynet accept failed: connection error: Endpoint closed
2026-09-15T20:28:41.229 WARN kycontroller::kymux_controller::server - Kynet accept failed: connection error: Endpoint closed
2026-09-15T20:28:41.229 WARN kycontroller::kymux_controller::server - Kynet accept failed: connection error: Endpoint closed
2026-09-15T20:28:41.229 WARN kycontroller::kymux_controller::server - Kynet accept failed: connection error: Endpoint closed
2026-09-15T20:28:41.229 WARN kycontroller::kymux_controller::server - Kynet accept failed: connection error: Endpoint closed
2026-09-15T20:28:41.229 WARN kycontroller::kymux_controller::server - Kynet accept failed: connection error: Endpoint closed
2026-09-15T20:28:41.229 WARN kycontroller::kymux_controller::server - Kynet accept failed: connection error: Endpoint closed
2026-09-15T20:28:41.229 WARN kycontroller::kymux_controller::server - Kynet accept failed: connection error: Endpoint closed
2026-09-15T20:28:41.229 WARN kycontroller::kymux_controller::server - Kynet accept failed: connection error: Endpoint closed
2026-09-15T20:28:41.229 WARN kycontroller::kymux_controller::server - Kynet accept failed: connection error: Endpoint closed
2026-09-15T20:28:41.229 WARN kycontroller::kymux_controller::server - Kynet accept failed: connection error: Endpoint closed
2026-09-15T20:28:41.229 WARN kycontroller::kymux_controller::server - Kynet accept failed: connection error: Endpoint closed
2026-09-15T20:28:41.229 WARN kycontroller::kymux_controller::server - Kynet accept failed: connection error: Endpoint closed
2026-09-15T20:28:41.229 WARN kycontroller::kymux_controller::server - Kynet accept failed: connection error: Endpoint closed
2026-09-15T20:28:41.229 WARN kycontroller::kymux_controller::server - Kynet accept failed: connection error: Endpoint closed
2026-09-15T20:28:41.229 WARN kycontroller::kymux_controller::server - Kynet accept failed: connection error: Endpoint closed
2026-09-15T20:28:41.229 WARN kycontroller::kymux_controller::server - Kynet accept failed: connection error: Endpoint closed
2026-09-15T20:28:41.229 WARN kycontroller::kymux_controller::server - Kynet accept failed: connection error: Endpoint closed
2026-09-15T20:28:41.229 WARN kycontroller::kymux_controller::server - Kynet accept failed: connection error: Endpoint closed
2026-09-15T20:28:41.229 WARN kycontroller::kymux_controller::server - Kynet accept failed: connection error: Endpoint closed
2026-09-15T20:28:41.229 WARN kycontroller::kymux_controller::server - Kynet accept failed: connection error: Endpoint closed
2026-09-15T20:28:41.229 WARN kycontroller::kymux_controller::server - Kynet accept failed: connection error: Endpoint closed
2026-09-15T20:28:41.229 WARN kycontroller::kymux_controller::server - Kynet accept failed: connection error: Endpoint closed
2026-09-15T20:28:41.229 WARN kycontroller::kymux_controller::server - Kynet accept failed: connection error: Endpoint closed
2026-09-15T20:28:41.229 WARN kycontroller::kymux_controller::server - Kynet accept failed: connection error: Endpoint closed
2026-09-15T20:28:41.229 WARN kycontroller::kymux_controller::server - Kynet accept failed: connection error: Endpoint closed
2026-09-15T20:28:41.229 WARN kycontroller::kymux_controller::server - Kynet accept failed: connection error: Endpoint closed
2026-09-15T20:28:41.229 WARN kycontroller::kymux_controller::server - Kynet accept failed: connection error: Endpoint closed
2026-09-15T20:28:41.229 WARN kycontroller::kymux_controller::server - Kynet accept failed: connection error: Endpoint closed
2026-09-15T20:28:41.229 WARN kycontroller::kymux_controller::server - Kynet accept failed: connection error: Endpoint closed
2026-09-15T20:28:41.229 WARN kycontroller::kymux_controller::server - Kynet accept failed: connection error: Endpoint closed
2026-09-15T20:28:41.229 WARN kycontroller::kymux_controller::server - Kynet accept failed: connection error: Endpoint closed
2026-09-15T20:28:41.229 WARN kycontroller::kymux_controller::server - Kynet accept failed: connection error: Endpoint closed
2026-09-15T20:28:41.229 WARN kycontroller::kymux_controller::server - Kynet accept failed: connection error: Endpoint closed
2026-09-15T20:28:41.229 WARN kycontroller::kymux_controller::server - Kynet accept failed: connection error: Endpoint closed
2026-09-15T20:28:41.229 WARN kycontroller::kymux_controller::server - Kynet accept failed: connection error: Endpoint closed
2026-09-15T20:28:41.229 WARN kycontroller::kymux_controller::server - Kynet accept failed: connection error: Endpoint closed
2026-09-15T20:28:41.229 WARN kycontroller::kymux_controller::server - Kynet accept failed: connection error: Endpoint closed
2026-09-15T20:28:41.229 WARN kycontroller::kymux_controller::server - Kynet accept failed: connection error: Endpoint closed
2026-09-15T20:28:41.229 WARN kycontroller::kymux_controller::server - Kynet accept failed: connection error: Endpoint closed
2026-09-15T20:28:41.229 WARN kycontroller::kymux_controller::server - Kynet accept failed: connection error: Endpoint closed
2026-09-15T20:28:41.229 WARN kycontroller::kymux_controller::server - Kynet accept failed: connection error: Endpoint closed
2026-09-15T20:28:41.229 WARN kycontroller::kymux_controller::server - Kynet accept failed: connection error: Endpoint closed
2026-09-15T20:28:41.229 WARN kycontroller::kymux_controller::server - Kynet accept failed: connection error: Endpoint closed
2026-09-15T20:28:41.229 WARN kycontroller::kymux_controller::server - Kynet accept failed: connection error: Endpoint closed
2026-09-15T20:28:41.229 WARN kycontroller::kymux_controller::server - Kynet accept failed: connection error: Endpoint closed
2026-09-15T20:28:41.229 WARN kycontroller::kymux_controller::server - Kynet accept failed: connection error: Endpoint closed
2026-09-15T20:28:41.229 WARN kycontroller::kymux_controller::server - Kynet accept failed: connection error: Endpoint closed
2026-09-15T20:28:41.229 WARN kycontroller::kymux_controller::server - Kynet accept failed: connection error: Endpoint closed
2026-09-15T20:28:41.229 WARN kycontroller::kymux_controller::server - Kynet accept failed: connection error: Endpoint closed
2026-09-15T20:28:41.229 WARN kycontroller::kymux_controller::server - Kynet accept failed: connection error: Endpoint closed
2026-09-15T20:28:41.229 WARN kycontroller::kymux_controller::server - Kynet accept failed: connection error: Endpoint closed
2026-09-15T20:28:41.229 WARN kycontroller::kymux_controller::server - Kynet accept failed: connection error: Endpoint closed
2026-09-15T20:28:41.229 WARN kycontroller::kymux_controller::server - Kynet accept failed: connection error: Endpoint closed
2026-09-15T20:28:41.229 WARN kycontroller::kymux_controller::server - Kynet accept failed: connection error: Endpoint closed
2026-09-15T20:28:41.229 WARN kycontroller::kymux_controller::server - Kynet accept failed: connection error: Endpoint closed
2026-09-15T20:28:41.229 WARN kycontroller::kymux_controller::server - Kynet accept failed: connection error: Endpoint closed
2026-09-15T20:28:41.229 WARN kycontroller::kymux_controller::server - Kynet accept failed: connection error: Endpoint closed
2026-09-15T20:28:41.229 WARN kycontroller::kymux_controller::server - Kynet accept failed: connection error: Endpoint closed
2026-09-15T20:28:41.229 WARN kycontroller::kymux_controller::server - Kynet accept failed: connection error: Endpoint closed
2026-09-15T20:28:41.229 WARN kycontroller::kymux_controller::server - Kynet accept failed: connection error: Endpoint closed
2026-09-15T20:28:41.229 WARN kycontroller::kymux_controller::server - Kynet accept failed: connection error: Endpoint closed
2026-09-15T20:28:41.229 WARN kycontroller::kymux_controller::server - Kynet accept failed: connection error: Endpoint closed
2026-09-15T20:28:41.229 WARN kycontroller::kymux_controller::server - Kynet accept failed: connection error: Endpoint closed
2026-09-15T20:28:41.229 WARN kycontroller::kymux_controller::server - Kynet accept failed: connection error: Endpoint closed
2026-09-15T20:28:41.229 WARN kycontroller::kymux_controller::server - Kynet accept failed: connection error: Endpoint closed
2026-09-15T20:28:41.229 WARN kycontroller::kymux_controller::server - Kynet accept failed: connection error: Endpoint closed
2026-09-15T20:28:41.229 WARN kycontroller::kymux_controller::server - Kynet accept failed: connection error: Endpoint closed
2026-09-15T20:28:41.229 WARN kycontroller::kymux_controller::server - Kynet accept failed: connection error: Endpoint closed
2026-09-15T20:28:41.230 WARN kycontroller::kymux_controller::server - Kynet accept failed: connection error: Endpoint closed
2026-09-15T20:28:41.230 WARN kycontroller::kymux_controller::server - Kynet accept failed: connection error: Endpoint closed
2026-09-15T20:28:41.230 WARN kycontroller::kymux_controller::server - Kynet accept failed: connection error: Endpoint closed
2026-09-15T20:28:41.230 WARN kycontroller::kymux_controller::server - Kynet accept failed: connection error: Endpoint closed
2026-09-15T20:28:41.230 WARN kycontroller::kymux_controller::server - Kynet accept failed: connection error: Endpoint closed
2026-09-15T20:28:41.230 WARN kycontroller::kymux_controller::server - Kynet accept failed: connection error: Endpoint closed
2026-09-15T20:28:41.230 WARN kycontroller::kymux_controller::server - Kynet accept failed: connection error: Endpoint closed
2026-09-15T20:28:41.230 WARN kycontroller::kymux_controller::server - Kynet accept failed: connection error: Endpoint closed
2026-09-15T20:28:41.230 WARN kycontroller::kymux_controller::server - Kynet accept failed: connection error: Endpoint closed
2026-09-15T20:28:41.230 WARN kycontroller::kymux_controller::server - Kynet accept failed: connection error: Endpoint closed
2026-09-15T20:28:41.230 WARN kycontroller::kymux_controller::server - Kynet accept failed: connection error: Endpoint closed
2026-09-15T20:28:41.230 WARN kycontroller::kymux_controller::server - Kynet accept failed: connection error: Endpoint closed
2026-09-15T20:28:41.230 WARN kycontroller::kymux_controller::server - Kynet accept failed: connection error: Endpoint closed
2026-09-15T20:28:41.230 WARN kycontroller::kymux_controller::server - Kynet accept failed: connection error: Endpoint closed
2026-09-15T20:28:41.230 WARN kycontroller::kymux_controller::server - Kynet accept failed: connection error: Endpoint closed
2026-09-15T20:28:41.230 WARN kycontroller::kymux_controller::server - Kynet accept failed: connection error: Endpoint closed
2026-09-15T20:28:41.230 WARN kycontroller::kymux_controller::server - Kynet accept failed: connection error: Endpoint closed
2026-09-15T20:28:41.230 WARN kycontroller::kymux_controller::server - Kynet accept failed: connection error: Endpoint closed
2026-09-15T20:28:41.230 WARN kycontroller::kymux_controller::server - Kynet accept failed: connection error: Endpoint closed
2026-09-15T20:28:41.230 WARN kycontroller::kymux_controller::server - Kynet accept failed: connection error: Endpoint closed
2026-09-15T20:28:41.230 WARN kycontroller::kymux_controller::server - Kynet accept failed: connection error: Endpoint closed
2026-09-15T20:28:41.230 WARN kycontroller::kymux_controller::server - Kynet accept failed: connection error: Endpoint closed
2026-09-15T20:28:41.230 WARN kycontroller::kymux_controller::server - Kynet accept failed: connection error: Endpoint closed
2026-09-15T20:28:41.230 WARN kycontroller::kymux_controller::server - Kynet accept failed: connection error: Endpoint closed
2026-09-15T20:28:41.230 WARN kycontroller::kymux_controller::server - Kynet accept failed: connection error: Endpoint closed
2026-09-15T20:28:41.230 WARN kycontroller::kymux_controller::server - Kynet accept failed: connection error: Endpoint closed
2026-09-15T20:28:41.230 WARN kycontroller::kymux_controller::server - Kynet accept failed: connection error: Endpoint closed
2026-09-15T20:28:41.230 WARN kycontroller::kymux_controller::server - Kynet accept failed: connection error: Endpoint closed
2026-09-15T20:28:41.230 WARN kycontroller::kymux_controller::server - Kynet accept failed: connection error: Endpoint closed
2026-09-15T20:28:41.230 WARN kycontroller::kymux_controller::server - Kynet accept failed: connection error: Endpoint closed
2026-09-15T20:28:41.230 WARN kycontroller::kymux_controller::server - Kynet accept failed: connection error: Endpoint closed
2026-09-15T20:28:41.230 WARN kycontroller::kymux_controller::server - Kynet accept failed: connection error: Endpoint closed
2026-09-15T20:28:41.230 WARN kycontroller::kymux_controller::server - Kynet accept failed: connection error: Endpoint closed
2026-09-15T20:28:41.230 WARN kycontroller::kymux_controller::server - Kynet accept failed: connection error: Endpoint closed
2026-09-15T20:28:41.230 WARN kycontroller::kymux_controller::server - Kynet accept failed: connection error: Endpoint closed
2026-09-15T20:28:41.230 WARN kycontroller::kymux_controller::server - Kynet accept failed: connection error: Endpoint closed
2026-09-15T20:28:41.230 WARN kycontroller::kymux_controller::server - Kynet accept failed: connection error: Endpoint closed
2026-09-15T20:28:41.230 WARN kycontroller::kymux_controller::server - Kynet accept failed: connection error: Endpoint closed
2026-09-15T20:28:41.230 WARN kycontroller::kymux_controller::server - Kynet accept failed: connection error: Endpoint closed
2026-09-15T20:28:41.230 WARN kycontroller::kymux_controller::server - Kynet accept failed: connection error: Endpoint closed
2026-09-15T20:28:41.230 WARN kycontroller::kymux_controller::server - Kynet accept failed: connection error: Endpoint closed
2026-09-15T20:28:41.230 WARN kycontroller::kymux_controller::server - Kynet accept failed: connection error: Endpoint closed
2026-09-15T20:28:41.230 WARN kycontroller::kymux_controller::server - Kynet accept failed: connection error: Endpoint closed
2026-09-15T20:28:41.230 WARN kycontroller::kymux_controller::server - Kynet accept failed: connection error: Endpoint closed
2026-09-15T20:28:41.230 WARN kycontroller::kymux_controller::server - Kynet accept failed: connection error: Endpoint closed
2026-09-15T20:28:41.230 WARN kycontroller::kymux_controller::server - Kynet accept failed: connection error: Endpoint closed
2026-09-15T20:28:41.230 WARN kycontroller::kymux_controller::server - Kynet accept failed: connection error: Endpoint closed
2026-09-15T20:28:41.230 WARN kycontroller::kymux_controller::server - Kynet accept failed: connection error: Endpoint closed
2026-09-15T20:28:41.230 WARN kycontroller::kymux_controller::server - Kynet accept failed: connection error: Endpoint closed
2026-09-15T20:28:41.230 WARN kycontroller::kymux_controller::server - Kynet accept failed: connection error: Endpoint closed
2026-09-15T20:28:41.230 WARN kycontroller::kymux_controller::server - Kynet accept failed: connection error: Endpoint closed
2026-09-15T20:28:41.230 WARN kycontroller::kymux_controller::server - Kynet accept failed: connection error: Endpoint closed
2026-09-15T20:28:41.230 WARN kycontroller::kymux_controller::server - Kynet accept failed: connection error: Endpoint closed
2026-09-15T20:28:41.230 WARN kycontroller::kymux_controller::server - Kynet accept failed: connection error: Endpoint closed
2026-09-15T20:28:41.230 WARN kycontroller::kymux_controller::server - Kynet accept failed: connection error: Endpoint closed
2026-09-15T20:28:41.230 WARN kycontroller::kymux_controller::server - Kynet accept failed: connection error: Endpoint closed
2026-09-15T20:28:41.230 WARN kycontroller::kymux_controller::server - Kynet accept failed: connection error: Endpoint closed
2026-09-15T20:28:41.230 WARN kycontroller::kymux_controller::server - Kynet accept failed: connection error: Endpoint closed
2026-09-15T20:28:41.230 WARN kycontroller::kymux_controller::server - Kynet accept failed: connection error: Endpoint closed
2026-09-15T20:28:41.230 WARN kycontroller::kymux_controller::server - Kynet accept failed: connection error: Endpoint closed
2026-09-15T20:28:41.230 WARN kycontroller::kymux_controller::server - Kynet accept failed: connection error: Endpoint closed
2026-09-15T20:28:41.230 WARN kycontroller::kymux_controller::server - Kynet accept failed: connection error: Endpoint closed
2026-09-15T20:28:41.230 WARN kycontroller::kymux_controller::server - Kynet accept failed: connection error: Endpoint closed
2026-09-15T20:28:41.230 WARN kycontroller::kymux_controller::server - Kynet accept failed: connection error: Endpoint closed
2026-09-15T20:28:41.230 WARN kycontroller::kymux_controller::server - Kynet accept failed: connection error: Endpoint closed
2026-09-15T20:28:41.230 WARN kycontroller::kymux_controller::server - Kynet accept failed: connection error: Endpoint closed
2026-09-15T20:28:41.230 WARN kycontroller::kymux_controller::server - Kynet accept failed: connection error: Endpoint closed
2026-09-15T20:28:41.230 WARN kycontroller::kymux_controller::server - Kynet accept failed: connection error: Endpoint closed
2026-09-15T20:28:41.230 WARN kycontroller::kymux_controller::server - Kynet accept failed: connection error: Endpoint closed
2026-09-15T20:28:41.230 WARN kycontroller::kymux_controller::server - Kynet accept failed: connection error: Endpoint closed
2026-09-15T20:28:41.230 WARN kycontroller::kymux_controller::server - Kynet accept failed: connection error: Endpoint closed
2026-09-15T20:28:41.230 WARN kycontroller::kymux_controller::server - Kynet accept failed: connection error: Endpoint closed
2026-09-15T20:28:41.230 WARN kycontroller::kymux_controller::server - Kynet accept failed: connection error: Endpoint closed
2026-09-15T20:28:41.230 WARN kycontroller::kymux_controller::server - Kynet accept failed: connection error: Endpoint closed
2026-09-15T20:28:41.230 WARN kycontroller::kymux_controller::server - Kynet accept failed: connection error: Endpoint closed
2026-09-15T20:28:41.230 WARN kycontroller::kymux_controller::server - Kynet accept failed: connection error: Endpoint closed
2026-09-15T20:28:41.230 WARN kycontroller::kymux_controller::server - Kynet accept failed: connection error: Endpoint closed
2026-09-15T20:28:41.230 WARN kycontroller::kymux_controller::server - Kynet accept failed: connection error: Endpoint closed
2026-09-15T20:28:41.230 WARN kycontroller::kymux_controller::server - Kynet accept failed: connection error: Endpoint closed
2026-09-15T20:28:41.230 WARN kycontroller::kymux_controller::server - Kynet accept failed: connection error: Endpoint closed
2026-09-15T20:28:41.230 WARN kycontroller::kymux_controller::server - Kynet accept failed: connection error: Endpoint closed
2026-09-15T20:28:41.230 WARN kycontroller::kymux_controller::server - Kynet accept failed: connection error: Endpoint closed
2026-09-15T20:28:41.230 WARN kycontroller::kymux_controller::server - Kynet accept failed: connection error: Endpoint closed
2026-09-15T20:28:41.230 WARN kycontroller::kymux_controller::server - Kynet accept failed: connection error: Endpoint closed
2026-09-15T20:28:41.230 WARN kycontroller::kymux_controller::server - Kynet accept failed: connection error: Endpoint closed
2026-09-15T20:28:41.230 WARN kycontroller::kymux_controller::server - Kynet accept failed: connection error: Endpoint closed
2026-09-15T20:28:41.230 WARN kycontroller::kymux_controller::server - Kynet accept failed: connection error: Endpoint closed
2026-09-15T20:28:41.230 WARN kycontroller::kymux_controller::server - Kynet accept failed: connection error: Endpoint closed
2026-09-15T20:28:41.230 WARN kycontroller::kymux_controller::server - Kynet accept failed: connection error: Endpoint closed
2026-09-15T20:28:41.230 WARN kycontroller::kymux_controller::server - Kynet accept failed: connection error: Endpoint closed
2026-09-15T20:28:41.230 WARN kycontroller::kymux_controller::server - Kynet accept failed: connection error: Endpoint closed
2026-09-15T20:28:41.230 WARN kycontroller::kymux_controller::server - Kynet accept failed: connection error: Endpoint closed
2026-09-15T20:28:41.230 WARN kycontroller::kymux_controller::server - Kynet accept failed: connection error: Endpoint closed
2026-09-15T20:28:41.231 WARN kycontroller::kymux_controller::server - Kynet accept failed: connection error: Endpoint closed
2026-09-15T20:28:41.231 WARN kycontroller::kymux_controller::server - Kynet accept failed: connection error: Endpoint closed
2026-09-15T20:28:41.231 WARN kycontroller::kymux_controller::server - Kynet accept failed: connection error: Endpoint closed
2026-09-15T20:28:41.231 WARN kycontroller::kymux_controller::server - Kynet accept failed: connection error: Endpoint closed
2026-09-15T20:28:41.231 WARN kycontroller::kymux_controller::server - Kynet accept failed: connection error: Endpoint closed
2026-09-15T20:28:41.231 WARN kycontroller::kymux_controller::server - Kynet accept failed: connection error: Endpoint closed
2026-09-15T20:28:41.231 WARN kycontroller::kymux_controller::server - Kynet accept failed: connection error: Endpoint closed
2026-09-15T20:28:41.231 WARN kycontroller::kymux_controller::server - Kynet accept failed: connection error: Endpoint closed
2026-09-15T20:28:41.231 WARN kycontroller::kymux_controller::server - Kynet accept failed: connection error: Endpoint closed
2026-09-15T20:28:41.231 WARN kycontroller::kymux_controller::server - Kynet accept failed: connection error: Endpoint closed
2026-09-15T20:28:41.231 WARN kycontroller::kymux_controller::server - Kynet accept failed: connection error: Endpoint closed
2026-09-15T20:28:41.231 WARN kycontroller::kymux_controller::server - Kynet accept failed: connection error: Endpoint closed
2026-09-15T20:28:41.231 WARN kycontroller::kymux_controller::server - Kynet accept failed: connection error: Endpoint closed
2026-09-15T20:28:41.231 WARN kycontroller::kymux_controller::server - Kynet accept failed: connection error: Endpoint closed
2026-09-15T20:28:41.231 WARN kycontroller::kymux_controller::server - Kynet accept failed: connection error: Endpoint closed
2026-09-15T20:28:41.231 WARN kycontroller::kymux_controller::server - Kynet accept failed: connection error: Endpoint closed
2026-09-15T20:28:41.231 WARN kycontroller::kymux_controller::server - Kynet accept failed: connection error: Endpoint closed
2026-09-15T20:28:41.231 WARN kycontroller::kymux_controller::server - Kynet accept failed: connection error: Endpoint closed
2026-09-15T20:28:41.231 WARN kycontroller::kymux_controller::server - Kynet accept failed: connection error: Endpoint closed
2026-09-15T20:28:41.231 WARN kycontroller::kymux_controller::server - Kynet accept failed: connection error: Endpoint closed
2026-09-15T20:28:41.231 WARN kycontroller::kymux_controller::server - Kynet accept failed: connection error: Endpoint closed
2026-09-15T20:28:41.231 WARN kycontroller::kymux_controller::server - Kynet accept failed: connection error: Endpoint closed
2026-09-15T20:28:41.231 WARN kycontroller::kymux_controller::server - Kynet accept failed: connection error: Endpoint closed
2026-09-15T20:28:41.231 WARN kycontroller::kymux_controller::server - Kynet accept failed: connection error: Endpoint closed
2026-09-15T20:28:41.231 WARN kycontroller::kymux_controller::server - Kynet accept failed: connection error: Endpoint closed
2026-09-15T20:28:41.231 WARN kycontroller::kymux_controller::server - Kynet accept failed: connection error: Endpoint closed
2026-09-15T20:28:41.231 WARN kycontroller::kymux_controller::server - Kynet accept failed: connection error: Endpoint closed
2026-09-15T20:28:41.231 WARN kycontroller::kymux_controller::server - Kynet accept failed: connection error: Endpoint closed
2026-09-15T20:28:41.231 WARN kycontroller::kymux_controller::server - Kynet accept failed: connection error: Endpoint closed
2026-09-15T20:28:41.231 WARN kycontroller::kymux_controller::server - Kynet accept failed: connection error: Endpoint closed
2026-09-15T20:28:41.231 WARN kycontroller::kymux_controller::server - Kynet accept failed: connection error: Endpoint closed
2026-09-15T20:28:41.231 WARN kycontroller::kymux_controller::server - Kynet accept failed: connection error: Endpoint closed
2026-09-15T20:28:41.231 WARN kycontroller::kymux_controller::server - Kynet accept failed: connection error: Endpoint closed
2026-09-15T20:28:41.231 WARN kycontroller::kymux_controller::server - Kynet accept failed: connection error: Endpoint closed
2026-09-15T20:28:41.231 WARN kycontroller::kymux_controller::server - Kynet accept failed: connection error: Endpoint closed
2026-09-15T20:28:41.231 WARN kycontroller::kymux_controller::server - Kynet accept failed: connection error: Endpoint closed
2026-09-15T20:28:41.231 WARN kycontroller::kymux_controller::server - Kynet accept failed: connection error: Endpoint closed
2026-09-15T20:28:41.231 WARN kycontroller::kymux_controller::server - Kynet accept failed: connection error: Endpoint closed
2026-09-15T20:28:41.231 WARN kycontroller::kymux_controller::server - Kynet accept failed: connection error: Endpoint closed
2026-09-15T20:28:41.231 WARN kycontroller::kymux_controller::server - Kynet accept failed: connection error: Endpoint closed
2026-09-15T20:28:41.231 WARN kycontroller::kymux_controller::server - Kynet accept failed: connection error: Endpoint closed
2026-09-15T20:28:41.231 WARN kycontroller::kymux_controller::server - Kynet accept failed: connection error: Endpoint closed
2026-09-15T20:28:41.231 WARN kycontroller::kymux_controller::server - Kynet accept failed: connection error: Endpoint closed
2026-09-15T20:28:41.231 WARN kycontroller::kymux_controller::server - Kynet accept failed: connection error: Endpoint closed
2026-09-15T20:28:41.231 WARN kycontroller::kymux_controller::server - Kynet accept failed: connection error: Endpoint closed
2026-09-15T20:28:41.231 WARN kycontroller::kymux_controller::server - Kynet accept failed: connection error: Endpoint closed
2026-09-15T20:28:41.231 WARN kycontroller::kymux_controller::server - Kynet accept failed: connection error: Endpoint closed
2026-09-15T20:28:41.231 WARN kycontroller::kymux_controller::server - Kynet accept failed: connection error: Endpoint closed
2026-09-15T20:28:41.231 WARN kycontroller::kymux_controller::server - Kynet accept failed: connection error: Endpoint closed
2026-09-15T20:28:41.231 WARN kycontroller::kymux_controller::server - Kynet accept failed: connection error: Endpoint closed
2026-09-15T20:28:41.231 WARN kycontroller::kymux_controller::server - Kynet accept failed: connection error: Endpoint closed
2026-09-15T20:28:41.231 WARN kycontroller::kymux_controller::server - Kynet accept failed: connection error: Endpoint closed
2026-09-15T20:28:41.231 WARN kycontroller::kymux_controller::server - Kynet accept failed: connection error: Endpoint closed
2026-09-15T20:28:41.231 WARN kycontroller::kymux_controller::server - Kynet accept failed: connection error: Endpoint closed
2026-09-15T20:28:41.231 WARN kycontroller::kymux_controller::server - Kynet accept failed: connection error: Endpoint closed
2026-09-15T20:28:41.231 WARN kycontroller::kymux_controller::server - Kynet accept failed: connection error: Endpoint closed
2026-09-15T20:28:41.231 WARN kycontroller::kymux_controller::server - Kynet accept failed: connection error: Endpoint closed
2026-09-15T20:28:41.231 WARN kycontroller::kymux_controller::server - Kynet accept failed: connection error: Endpoint closed
2026-09-15T20:28:41.231 WARN kycontroller::kymux_controller::server - Kynet accept failed: connection error: Endpoint closed
2026-09-15T20:28:41.231 WARN kycontroller::kymux_controller::server - Kynet accept failed: connection error: Endpoint closed
2026-09-15T20:28:41.231 WARN kycontroller::kymux_controller::server - Kynet accept failed: connection error: Endpoint closed
2026-09-15T20:28:41.231 WARN kycontroller::kymux_controller::server - Kynet accept failed: connection error: Endpoint closed
2026-09-15T20:28:41.231 WARN kycontroller::kymux_controller::server - Kynet accept failed: connection error: Endpoint closed
2026-09-15T20:28:41.231 WARN kycontroller::kymux_controller::server - Kynet accept failed: connection error: Endpoint closed
2026-09-15T20:28:41.231 WARN kycontroller::kymux_controller::server - Kynet accept failed: connection error: Endpoint closed
2026-09-15T20:28:41.231 WARN kycontroller::kymux_controller::server - Kynet accept failed: connection error: Endpoint closed
2026-09-15T20:28:41.231 WARN kycontroller::kymux_controller::server - Kynet accept failed: connection error: Endpoint closed
2026-09-15T20:28:41.231 WARN kycontroller::kymux_controller::server - Kynet accept failed: connection error: Endpoint closed
2026-09-15T20:28:41.231 WARN kycontroller::kymux_controller::server - Kynet accept failed: connection error: Endpoint closed
2026-09-15T20:28:41.231 WARN kycontroller::kymux_controller::server - Kynet accept failed: connection error: Endpoint closed
2026-09-15T20:28:41.231 WARN kycontroller::kymux_controller::server - Kynet accept failed: connection error: Endpoint closed
2026-09-15T20:28:41.231 WARN kycontroller::kymux_controller::server - Kynet accept failed: connection error: Endpoint closed
2026-09-15T20:28:41.231 WARN kycontroller::kymux_controller::server - Kynet accept failed: connection error: Endpoint closed
2026-09-15T20:28:41.231 WARN kycontroller::kymux_controller::server - Kynet accept failed: connection error: Endpoint closed
2026-09-15T20:28:41.231 WARN kycontroller::kymux_controller::server - Kynet accept failed: connection error: Endpoint closed
2026-09-15T20:28:41.231 WARN kycontroller::kymux_controller::server - Kynet accept failed: connection error: Endpoint closed
2026-09-15T20:28:41.231 WARN kycontroller::kymux_controller::server - Kynet accept failed: connection error: Endpoint closed
2026-09-15T20:28:41.231 WARN kycontroller::kymux_controller::server - Kynet accept failed: connection error: Endpoint closed
2026-09-15T20:28:41.231 WARN kycontroller::kymux_controller::server - Kynet accept failed: connection error: Endpoint closed
2026-09-15T20:28:41.231 WARN kycontroller::kymux_controller::server - Kynet accept failed: connection error: Endpoint closed
2026-09-15T20:28:41.231 WARN kycontroller::kymux_controller::server - Kynet accept failed: connection error: Endpoint closed
2026-09-15T20:28:41.231 WARN kycontroller::kymux_controller::server - Kynet accept failed: connection error: Endpoint closed
2026-09-15T20:28:41.231 WARN kycontroller::kymux_controller::server - Kynet accept failed: connection error: Endpoint closed
2026-09-15T20:28:41.231 WARN kycontroller::kymux_controller::server - Kynet accept failed: connection error: Endpoint closed
2026-09-15T20:28:41.231 WARN kycontroller::kymux_controller::server - Kynet accept failed: connection error: Endpoint closed
2026-09-15T20:28:41.231 WARN kycontroller::kymux_controller::server - Kynet accept failed: connection error: Endpoint closed
2026-09-15T20:28:41.231 WARN kycontroller::kymux_controller::server - Kynet accept failed: connection error: Endpoint closed
2026-09-15T20:28:41.231 WARN kycontroller::kymux_controller::server - Kynet accept failed: connection error: Endpoint closed
2026-09-15T20:28:41.231 WARN kycontroller::kymux_controller::server - Kynet accept failed: connection error: Endpoint closed
2026-09-15T20:28:41.231 WARN kycontroller::kymux_controller::server - Kynet accept failed: connection error: Endpoint closed
2026-09-15T20:28:41.231 WARN kycontroller::kymux_controller::server - Kynet accept failed: connection error: Endpoint closed
2026-09-15T20:28:41.231 WARN kycontroller::kymux_controller::server - Kynet accept failed: connection error: Endpoint closed
2026-09-15T20:28:41.231 WARN kycontroller::kymux_controller::server - Kynet accept failed: connection error: Endpoint closed
2026-09-15T20:28:41.231 WARN kycontroller::kymux_controller::server - Kynet accept failed: connection error: Endpoint closed
2026-09-15T20:28:41.231 WARN kycontroller::kymux_controller::server - Kynet accept failed: connection error: Endpoint closed
2026-09-15T20:28:41.231 WARN kycontroller::kymux_controller::server - Kynet accept failed: connection error: Endpoint closed
2026-09-15T20:28:41.232 WARN kycontroller::kymux_controller::server - Kynet accept failed: connection error: Endpoint closed
2026-09-15T20:28:41.232 WARN kycontroller::kymux_controller::server - Kynet accept failed: connection error: Endpoint closed
2026-09-15T20:28:41.232 WARN kycontroller::kymux_controller::server - Kynet accept failed: connection error: Endpoint closed
2026-09-15T20:28:41.232 WARN kycontroller::kymux_controller::server - Kynet accept failed: connection error: Endpoint closed
2026-09-15T20:28:41.232 WARN kycontroller::kymux_controller::server - Kynet accept failed: connection error: Endpoint closed
2026-09-15T20:28:41.232 WARN kycontroller::kymux_controller::server - Kynet accept failed: connection error: Endpoint closed
2026-09-15T20:28:41.232 WARN kycontroller::kymux_controller::server - Kynet accept failed: connection error: Endpoint closed
2026-09-15T20:28:41.232 WARN kycontroller::kymux_controller::server - Kynet accept failed: connection error: Endpoint closed
2026-09-15T20:28:41.232 WARN kycontroller::kymux_controller::server - Kynet accept failed: connection error: Endpoint closed
2026-09-15T20:28:41.232 WARN kycontroller::kymux_controller::server - Kynet accept failed: connection error: Endpoint closed
2026-09-15T20:28:41.232 WARN kycontroller::kymux_controller::server - Kynet accept failed: connection error: Endpoint closed
2026-09-15T20:28:41.232 WARN kycontroller::kymux_controller::server - Kynet accept failed: connection error: Endpoint closed
2026-09-15T20:28:41.232 WARN kycontroller::kymux_controller::server - Kynet accept failed: connection error: Endpoint closed
2026-09-15T20:28:41.232 WARN kycontroller::kymux_controller::server - Kynet accept failed: connection error: Endpoint closed
2026-09-15T20:28:41.232 WARN kycontroller::kymux_controller::server - Kynet accept failed: connection error: Endpoint closed
2026-09-15T20:28:41.232 WARN kycontroller::kymux_controller::server - Kynet accept failed: connection error: Endpoint closed
2026-09-15T20:28:41.232 WARN kycontroller::kymux_controller::server - Kynet accept failed: connection error: Endpoint closed
2026-09-15T20:28:41.232 WARN kycontroller::kymux_controller::server - Kynet accept failed: connection error: Endpoint closed
2026-09-15T20:28:41.232 WARN kycontroller::kymux_controller::server - Kynet accept failed: connection error: Endpoint closed
2026-09-15T20:28:41.232 WARN kycontroller::kymux_controller::server - Kynet accept failed: connection error: Endpoint closed
2026-09-15T20:28:41.232 WARN kycontroller::kymux_controller::server - Kynet accept failed: connection error: Endpoint closed
2026-09-15T20:28:41.232 WARN kycontroller::kymux_controller::server - Kynet accept failed: connection error: Endpoint closed
2026-09-15T20:28:41.232 WARN kycontroller::kymux_controller::server - Kynet accept failed: connection error: Endpoint closed
2026-09-15T20:28:41.232 WARN kycontroller::kymux_controller::server - Kynet accept failed: connection error: Endpoint closed
2026-09-15T20:28:41.232 WARN kycontroller::kymux_controller::server - Kynet accept failed: connection error: Endpoint closed
2026-09-15T20:28:41.232 WARN kycontroller::kymux_controller::server - Kynet accept failed: connection error: Endpoint closed
2026-09-15T20:28:41.232 WARN kycontroller::kymux_controller::server - Kynet accept failed: connection error: Endpoint closed
2026-09-15T20:28:41.232 WARN kycontroller::kymux_controller::server - Kynet accept failed: connection error: Endpoint closed
2026-09-15T20:28:41.232 WARN kycontroller::kymux_controller::server - Kynet accept failed: connection error: Endpoint closed
2026-09-15T20:28:41.232 WARN kycontroller::kymux_controller::server - Kynet accept failed: connection error: Endpoint closed
2026-09-15T20:28:41.232 WARN kycontroller::kymux_controller::server - Kynet accept failed: connection error: Endpoint closed
2026-09-15T20:28:41.232 WARN kycontroller::kymux_controller::server - Kynet accept failed: connection error: Endpoint closed
2026-09-15T20:28:41.232 WARN kycontroller::kymux_controller::server - Kynet accept failed: connection error: Endpoint closed
2026-09-15T20:28:41.232 WARN kycontroller::kymux_controller::server - Kynet accept failed: connection error: Endpoint closed
2026-09-15T20:28:41.232 WARN kycontroller::kymux_controller::server - Kynet accept failed: connection error: Endpoint closed
2026-09-15T20:28:41.232 WARN kycontroller::kymux_controller::server - Kynet accept failed: connection error: Endpoint closed
2026-09-15T20:28:41.232 WARN kycontroller::kymux_controller::server - Kynet accept failed: connection error: Endpoint closed
2026-09-15T20:28:41.232 WARN kycontroller::kymux_controller::server - Kynet accept failed: connection error: Endpoint closed
2026-09-15T20:28:41.232 WARN kycontroller::kymux_controller::server - Kynet accept failed: connection error: Endpoint closed
2026-09-15T20:28:41.232 WARN kycontroller::kymux_controller::server - Kynet accept failed: connection error: Endpoint closed
2026-09-15T20:28:41.232 WARN kycontroller::kymux_controller::server - Kynet accept failed: connection error: Endpoint closed
2026-09-15T20:28:41.232 WARN kycontroller::kymux_controller::server - Kynet accept failed: connection error: Endpoint closed
2026-09-15T20:28:41.232 WARN kycontroller::kymux_controller::server - Kynet accept failed: connection error: Endpoint closed
2026-09-15T20:28:41.232 WARN kycontroller::kymux_controller::server - Kynet accept failed: connection error: Endpoint closed
2026-09-15T20:28:41.232 WARN kycontroller::kymux_controller::server - Kynet accept failed: connection error: Endpoint closed
2026-09-15T20:28:41.232 WARN kycontroller::kymux_controller::server - Kynet accept failed: connection error: Endpoint closed
2026-09-15T20:28:41.232 WARN kycontroller::kymux_controller::server - Kynet accept failed: connection error: Endpoint closed
2026-09-15T20:28:41.232 WARN kycontroller::kymux_controller::server - Kynet accept failed: connection error: Endpoint closed
2026-09-15T20:28:41.232 WARN kycontroller::kymux_controller::server - Kynet accept failed: connection error: Endpoint closed
2026-09-15T20:28:41.232 WARN kycontroller::kymux_controller::server - Kynet accept failed: connection error: Endpoint closed
2026-09-15T20:28:41.232 WARN kycontroller::kymux_controller::server - Kynet accept failed: connection error: Endpoint closed
2026-09-15T20:28:41.232 WARN kycontroller::kymux_controller::server - Kynet accept failed: connection error: Endpoint closed
2026-09-15T20:28:41.232 WARN kycontroller::kymux_controller::server - Kynet accept failed: connection error: Endpoint closed
2026-09-15T20:28:41.232 WARN kycontroller::kymux_controller::server - Kynet accept failed: connection error: Endpoint closed
2026-09-15T20:28:41.232 WARN kycontroller::kymux_controller::server - Kynet accept failed: connection error: Endpoint closed
2026-09-15T20:28:41.232 WARN kycontroller::kymux_controller::server - Kynet accept failed: connection error: Endpoint closed
2026-09-15T20:28:41.232 WARN kycontroller::kymux_controller::server - Kynet accept failed: connection error: Endpoint closed
2026-09-15T20:28:41.232 WARN kycontroller::kymux_controller::server - Kynet accept failed: connection error: Endpoint closed
2026-09-15T20:28:41.232 WARN kycontroller::kymux_controller::server - Kynet accept failed: connection error: Endpoint closed
2026-09-15T20:28:41.232 WARN kycontroller::kymux_controller::server - Kynet accept failed: connection error: Endpoint closed
2026-09-15T20:28:41.232 WARN kycontroller::kymux_controller::server - Kynet accept failed: connection error: Endpoint closed
2026-09-15T20:28:41.232 WARN kycontroller::kymux_controller::server - Kynet accept failed: connection error: Endpoint closed
2026-09-15T20:28:41.232 WARN kycontroller::kymux_controller::server - Kynet accept failed: connection error: Endpoint closed
2026-09-15T20:28:41.232 WARN kycontroller::kymux_controller::server - Kynet accept failed: connection error: Endpoint closed
2026-09-15T20:28:41.232 WARN kycontroller::kymux_controller::server - Kynet accept failed: connection error: Endpoint closed
2026-09-15T20:28:41.232 WARN kycontroller::kymux_controller::server - Kynet accept failed: connection error: Endpoint closed
2026-09-15T20:28:41.232 WARN kycontroller::kymux_controller::server - Kynet accept failed: connection error: Endpoint closed
2026-09-15T20:28:41.232 WARN kycontroller::kymux_controller::server - Kynet accept failed: connection error: Endpoint closed
2026-09-15T20:28:41.232 WARN kycontroller::kymux_controller::server - Kynet accept failed: connection error: Endpoint closed
2026-09-15T20:28:41.232 WARN kycontroller::kymux_controller::server - Kynet accept failed: connection error: Endpoint closed
2026-09-15T20:28:41.232 WARN kycontroller::kymux_controller::server - Kynet accept failed: connection error: Endpoint closed
2026-09-15T20:28:41.232 WARN kycontroller::kymux_controller::server - Kynet accept failed: connection error: Endpoint closed
2026-09-15T20:28:41.232 WARN kycontroller::kymux_controller::server - Kynet accept failed: connection error: Endpoint closed
2026-09-15T20:28:41.232 WARN kycontroller::kymux_controller::server - Kynet accept failed: connection error: Endpoint closed
2026-09-15T20:28:41.232 WARN kycontroller::kymux_controller::server - Kynet accept failed: connection error: Endpoint closed
2026-09-15T20:28:41.232 WARN kycontroller::kymux_controller::server - Kynet accept failed: connection error: Endpoint closed
2026-09-15T20:28:41.232 WARN kycontroller::kymux_controller::server - Kynet accept failed: connection error: Endpoint closed
2026-09-15T20:28:41.232 WARN kycontroller::kymux_controller::server - Kynet accept failed: connection error: Endpoint closed
2026-09-15T20:28:41.232 WARN kycontroller::kymux_controller::server - Kynet accept failed: connection error: Endpoint closed
2026-09-15T20:28:41.232 WARN kycontroller::kymux_controller::server - Kynet accept failed: connection error: Endpoint closed
2026-09-15T20:28:41.232 WARN kycontroller::kymux_controller::server - Kynet accept failed: connection error: Endpoint closed
2026-09-15T20:28:41.232 WARN kycontroller::kymux_controller::server - Kynet accept failed: connection error: Endpoint closed
2026-09-15T20:28:41.232 WARN kycontroller::kymux_controller::server - Kynet accept failed: connection error: Endpoint closed
2026-09-15T20:28:41.232 WARN kycontroller::kymux_controller::server - Kynet accept failed: connection error: Endpoint closed
2026-09-15T20:28:41.232 WARN kycontroller::kymux_controller::server - Kynet accept failed: connection error: Endpoint closed
2026-09-15T20:28:41.232 WARN kycontroller::kymux_controller::server - Kynet accept failed: connection error: Endpoint closed
2026-09-15T20:28:41.232 WARN kycontroller::kymux_controller::server - Kynet accept failed: connection error: Endpoint closed
2026-09-15T20:28:41.232 WARN kycontroller::kymux_controller::server - Kynet accept failed: connection error: Endpoint closed
2026-09-15T20:28:41.232 WARN kycontroller::kymux_controller::server - Kynet accept failed: connection error: Endpoint closed
2026-09-15T20:28:41.232 WARN kycontroller::kymux_controller::server - Kynet accept failed: connection error: Endpoint closed
2026-09-15T20:28:41.232 WARN kycontroller::kymux_controller::server - Kynet accept failed: connection error: Endpoint closed
2026-09-15T20:28:41.232 WARN kycontroller::kymux_controller::server - Kynet accept failed: connection error: Endpoint closed
2026-09-15T20:28:41.232 WARN kycontroller::kymux_controller::server - Kynet accept failed: connection error: Endpoint closed
2026-09-15T20:28:41.232 WARN kycontroller::kymux_controller::server - Kynet accept failed: connection error: Endpoint closed
2026-09-15T20:28:41.232 WARN kycontroller::kymux_controller::server - Kynet accept failed: connection error: Endpoint closed
2026-09-15T20:28:41.232 WARN kycontroller::kymux_controller::server - Kynet accept failed: connection error: Endpoint closed
2026-09-15T20:28:41.232 WARN kycontroller::kymux_controller::server - Kynet accept failed: connection error: Endpoint closed
2026-09-15T20:28:41.232 WARN kycontroller::kymux_controller::server - Kynet accept failed: connection error: Endpoint closed
2026-09-15T20:28:41.232 WARN kycontroller::kymux_controller::server - Kynet accept failed: connection error: Endpoint closed
2026-09-15T20:28:41.232 WARN kycontroller::kymux_controller::server - Kynet accept failed: connection error: Endpoint closed
2026-09-15T20:28:41.232 WARN kycontroller::kymux_controller::server - Kynet accept failed: connection error: Endpoint closed
2026-09-15T20:28:41.233 WARN kycontroller::kymux_controller::server - Kynet accept failed: connection error: Endpoint closed
2026-09-15T20:28:41.233 WARN kycontroller::kymux_controller::server - Kynet accept failed: connection error: Endpoint closed
2026-09-15T20:28:41.233 WARN kycontroller::kymux_controller::server - Kynet accept failed: connection error: Endpoint closed
2026-09-15T20:28:41.233 WARN kycontroller::kymux_controller::server - Kynet accept failed: connection error: Endpoint closed
2026-09-15T20:28:41.233 WARN kycontroller::kymux_controller::server - Kynet accept failed: connection error: Endpoint closed
2026-09-15T20:28:41.233 WARN kycontroller::kymux_controller::server - Kynet accept failed: connection error: Endpoint closed
2026-09-15T20:28:41.233 WARN kycontroller::kymux_controller::server - Kynet accept failed: connection error: Endpoint closed
2026-09-15T20:28:41.233 WARN kycontroller::kymux_controller::server - Kynet accept failed: connection error: Endpoint closed
2026-09-15T20:28:41.233 WARN kycontroller::kymux_controller::server - Kynet accept failed: connection error: Endpoint closed
2026-09-15T20:28:41.233 WARN kycontroller::kymux_controller::server - Kynet accept failed: connection error: Endpoint closed
2026-09-15T20:28:41.233 WARN kycontroller::kymux_controller::server - Kynet accept failed: connection error: Endpoint closed
2026-09-15T20:28:41.233 WARN kycontroller::kymux_controller::server - Kynet accept failed: connection error: Endpoint closed
2026-09-15T20:28:41.233 WARN kycontroller::kymux_controller::server - Kynet accept failed: connection error: Endpoint closed
2026-09-15T20:28:41.233 WARN kycontroller::kymux_controller::server - Kynet accept failed: connection error: Endpoint closed
2026-09-15T20:28:41.233 WARN kycontroller::kymux_controller::server - Kynet accept failed: connection error: Endpoint closed
2026-09-15T20:28:41.233 WARN kycontroller::kymux_controller::server - Kynet accept failed: connection error: Endpoint closed
2026-09-15T20:28:41.233 WARN kycontroller::kymux_controller::server - Kynet accept failed: connection error: Endpoint closed
2026-09-15T20:28:41.233 WARN kycontroller::kymux_controller::server - Kynet accept failed: connection error: Endpoint closed
2026-09-15T20:28:41.233 WARN kycontroller::kymux_controller::server - Kynet accept failed: connection error: Endpoint closed
2026-09-15T20:28:41.233 WARN kycontroller::kymux_controller::server - Kynet accept failed: connection error: Endpoint closed
2026-09-15T20:28:41.233 WARN kycontroller::kymux_controller::server - Kynet accept failed: connection error: Endpoint closed
2026-09-15T20:28:41.233 WARN kycontroller::kymux_controller::server - Kynet accept failed: connection error: Endpoint closed
2026-09-15T20:28:41.233 WARN kycontroller::kymux_controller::server - Kynet accept failed: connection error: Endpoint closed
2026-09-15T20:28:41.233 WARN kycontroller::kymux_controller::server - Kynet accept failed: connection error: Endpoint closed
2026-09-15T20:28:41.233 WARN kycontroller::kymux_controller::server - Kynet accept failed: connection error: Endpoint closed
2026-09-15T20:28:41.233 WARN kycontroller::kymux_controller::server - Kynet accept failed: connection error: Endpoint closed
2026-09-15T20:28:41.233 WARN kycontroller::kymux_controller::server - Kynet accept failed: connection error: Endpoint closed
2026-09-15T20:28:41.233 WARN kycontroller::kymux_controller::server - Kynet accept failed: connection error: Endpoint closed
2026-09-15T20:28:41.233 WARN kycontroller::kymux_controller::server - Kynet accept failed: connection error: Endpoint closed
2026-09-15T20:28:41.233 WARN kycontroller::kymux_controller::server - Kynet accept failed: connection error: Endpoint closed
2026-09-15T20:28:41.233 WARN kycontroller::kymux_controller::server - Kynet accept failed: connection error: Endpoint closed
2026-09-15T20:28:41.233 WARN kycontroller::kymux_controller::server - Kynet accept failed: connection error: Endpoint closed
2026-09-15T20:28:41.233 WARN kycontroller::kymux_controller::server - Kynet accept failed: connection error: Endpoint closed
2026-09-15T20:28:41.233 WARN kycontroller::kymux_controller::server - Kynet accept failed: connection error: Endpoint closed
2026-09-15T20:28:41.233 WARN kycontroller::kymux_controller::server - Kynet accept failed: connection error: Endpoint closed
2026-09-15T20:28:41.233 WARN kycontroller::kymux_controller::server - Kynet accept failed: connection error: Endpoint closed
2026-09-15T20:28:41.233 WARN kycontroller::kymux_controller::server - Kynet accept failed: connection error: Endpoint closed
2026-09-15T20:28:41.233 WARN kycontroller::kymux_controller::server - Kynet accept failed: connection error: Endpoint closed
2026-09-15T20:28:41.233 WARN kycontroller::kymux_controller::server - Kynet accept failed: connection error: Endpoint closed
2026-09-15T20:28:41.233 WARN kycontroller::kymux_controller::server - Kynet accept failed: connection error: Endpoint closed
2026-09-15T20:28:41.233 WARN kycontroller::kymux_controller::server - Kynet accept failed: connection error: Endpoint closed
2026-09-15T20:28:41.233 WARN kycontroller::kymux_controller::server - Kynet accept failed: connection error: Endpoint closed
2026-09-15T20:28:41.233 WARN kycontroller::kymux_controller::server - Kynet accept failed: connection error: Endpoint closed
2026-09-15T20:28:41.233 WARN kycontroller::kymux_controller::server - Kynet accept failed: connection error: Endpoint closed
2026-09-15T20:28:41.233 WARN kycontroller::kymux_controller::server - Kynet accept failed: connection error: Endpoint closed
2026-09-15T20:28:41.233 WARN kycontroller::kymux_controller::server - Kynet accept failed: connection error: Endpoint closed
2026-09-15T20:28:41.233 WARN kycontroller::kymux_controller::server - Kynet accept failed: connection error: Endpoint closed
2026-09-15T20:28:41.233 WARN kycontroller::kymux_controller::server - Kynet accept failed: connection error: Endpoint closed
2026-09-15T20:28:41.233 WARN kycontroller::kymux_controller::server - Kynet accept failed: connection error: Endpoint closed
2026-09-15T20:28:41.233 WARN kycontroller::kymux_controller::server - Kynet accept failed: connection error: Endpoint closed
2026-09-15T20:28:41.233 WARN kycontroller::kymux_controller::server - Kynet accept failed: connection error: Endpoint closed
2026-09-15T20:28:41.233 WARN kycontroller::kymux_controller::server - Kynet accept failed: connection error: Endpoint closed
2026-09-15T20:28:41.233 WARN kycontroller::kymux_controller::server - Kynet accept failed: connection error: Endpoint closed
2026-09-15T20:28:41.233 WARN kycontroller::kymux_controller::server - Kynet accept failed: connection error: Endpoint closed
2026-09-15T20:28:41.233 WARN kycontroller::kymux_controller::server - Kynet accept failed: connection error: Endpoint closed
2026-09-15T20:28:41.233 WARN kycontroller::kymux_controller::server - Kynet accept failed: connection error: Endpoint closed
2026-09-15T20:28:41.233 WARN kycontroller::kymux_controller::server - Kynet accept failed: connection error: Endpoint closed
2026-09-15T20:28:41.233 WARN kycontroller::kymux_controller::server - Kynet accept failed: connection error: Endpoint closed
2026-09-15T20:28:41.233 WARN kycontroller::kymux_controller::server - Kynet accept failed: connection error: Endpoint closed
2026-09-15T20:28:41.233 WARN kycontroller::kymux_controller::server - Kynet accept failed: connection error: Endpoint closed
2026-09-15T20:28:41.233 WARN kycontroller::kymux_controller::server - Kynet accept failed: connection error: Endpoint closed
2026-09-15T20:28:41.233 WARN kycontroller::kymux_controller::server - Kynet accept failed: connection error: Endpoint closed
2026-09-15T20:28:41.233 WARN kycontroller::kymux_controller::server - Kynet accept failed: connection error: Endpoint closed
2026-09-15T20:28:41.233 WARN kycontroller::kymux_controller::server - Kynet accept failed: connection error: Endpoint closed
2026-09-15T20:28:41.233 WARN kycontroller::kymux_controller::server - Kynet accept failed: connection error: Endpoint closed
2026-09-15T20:28:41.233 WARN kycontroller::kymux_controller::server - Kynet accept failed: connection error: Endpoint closed
2026-09-15T20:28:41.233 WARN kycontroller::kymux_controller::server - Kynet accept failed: connection error: Endpoint closed
2026-09-15T20:28:41.233 WARN kycontroller::kymux_controller::server - Kynet accept failed: connection error: Endpoint closed
2026-09-15T20:28:41.233 WARN kycontroller::kymux_controller::server - Kynet accept failed: connection error: Endpoint closed
2026-09-15T20:28:41.233 WARN kycontroller::kymux_controller::server - Kynet accept failed: connection error: Endpoint closed
2026-09-15T20:28:41.233 WARN kycontroller::kymux_controller::server - Kynet accept failed: connection error: Endpoint closed
2026-09-15T20:28:41.233 WARN kycontroller::kymux_controller::server - Kynet accept failed: connection error: Endpoint closed
2026-09-15T20:28:41.233 WARN kycontroller::kymux_controller::server - Kynet accept failed: connection error: Endpoint closed
2026-09-15T20:28:41.233 WARN kycontroller::kymux_controller::server - Kynet accept failed: connection error: Endpoint closed
2026-09-15T20:28:41.233 WARN kycontroller::kymux_controller::server - Kynet accept failed: connection error: Endpoint closed
2026-09-15T20:28:41.233 WARN kycontroller::kymux_controller::server - Kynet accept failed: connection error: Endpoint closed
2026-09-15T20:28:41.233 WARN kycontroller::kymux_controller::server - Kynet accept failed: connection error: Endpoint closed
2026-09-15T20:28:41.233 WARN kycontroller::kymux_controller::server - Kynet accept failed: connection error: Endpoint closed
2026-09-15T20:28:41.233 WARN kycontroller::kymux_controller::server - Kynet accept failed: connection error: Endpoint closed
2026-09-15T20:28:41.233 WARN kycontroller::kymux_controller::server - Kynet accept failed: connection error: Endpoint closed
2026-09-15T20:28:41.233 WARN kycontroller::kymux_controller::server - Kynet accept failed: connection error: Endpoint closed
2026-09-15T20:28:41.233 WARN kycontroller::kymux_controller::server - Kynet accept failed: connection error: Endpoint closed
2026-09-15T20:28:41.233 WARN kycontroller::kymux_controller::server - Kynet accept failed: connection error: Endpoint closed
2026-09-15T20:28:41.233 WARN kycontroller::kymux_controller::server - Kynet accept failed: connection error: Endpoint closed
2026-09-15T20:28:41.233 WARN kycontroller::kymux_controller::server - Kynet accept failed: connection error: Endpoint closed
2026-09-15T20:28:41.233 WARN kycontroller::kymux_controller::server - Kynet accept failed: connection error: Endpoint closed
2026-09-15T20:28:41.233 WARN kycontroller::kymux_controller::server - Kynet accept failed: connection error: Endpoint closed
2026-09-15T20:28:41.233 WARN kycontroller::kymux_controller::server - Kynet accept failed: connection error: Endpoint closed
2026-09-15T20:28:41.233 WARN kycontroller::kymux_controller::server - Kynet accept failed: connection error: Endpoint closed
2026-09-15T20:28:41.233 WARN kycontroller::kymux_controller::server - Kynet accept failed: connection error: Endpoint closed
2026-09-15T20:28:41.233 WARN kycontroller::kymux_controller::server - Kynet accept failed: connection error: Endpoint closed
2026-09-15T20:28:41.233 WARN kycontroller::kymux_controller::server - Kynet accept failed: connection error: Endpoint closed
2026-09-15T20:28:41.233 WARN kycontroller::kymux_controller::server - Kynet accept failed: connection error: Endpoint closed
2026-09-15T20:28:41.233 WARN kycontroller::kymux_controller::server - Kynet accept failed: connection error: Endpoint closed
2026-09-15T20:28:41.233 WARN kycontroller::kymux_controller::server - Kynet accept failed: connection error: Endpoint closed
2026-09-15T20:28:41.233 WARN kycontroller::kymux_controller::server - Kynet accept failed: connection error: Endpoint closed
2026-09-15T20:28:41.233 WARN kycontroller::kymux_controller::server - Kynet accept failed: connection error: Endpoint closed
2026-09-15T20:28:41.233 WARN kycontroller::kymux_controller::server - Kynet accept failed: connection error: Endpoint closed
2026-09-15T20:28:41.233 WARN kycontroller::kymux_controller::server - Kynet accept failed: connection error: Endpoint closed
2026-09-15T20:28:41.233 WARN kycontroller::kymux_controller::server - Kynet accept failed: connection error: Endpoint closed
2026-09-15T20:28:41.233 WARN kycontroller::kymux_controller::server - Kynet accept failed: connection error: Endpoint closed
2026-09-15T20:28:41.233 WARN kycontroller::kymux_controller::server - Kynet accept failed: connection error: Endpoint closed
2026-09-15T20:28:41.233 WARN kycontroller::kymux_controller::server - Kynet accept failed: connection error: Endpoint closed
2026-09-15T20:28:41.233 WARN kycontroller::kymux_controller::server - Kynet accept failed: connection error: Endpoint closed
2026-09-15T20:28:41.233 WARN kycontroller::kymux_controller::server - Kynet accept failed: connection error: Endpoint closed
2026-09-15T20:28:41.234 WARN kycontroller::kymux_controller::server - Kynet accept failed: connection error: Endpoint closed
2026-09-15T20:28:41.234 WARN kycontroller::kymux_controller::server - Kynet accept failed: connection error: Endpoint closed
2026-09-15T20:28:41.234 WARN kycontroller::kymux_controller::server - Kynet accept failed: connection error: Endpoint closed
2026-09-15T20:28:41.234 WARN kycontroller::kymux_controller::server - Kynet accept failed: connection error: Endpoint closed
2026-09-15T20:28:41.234 WARN kycontroller::kymux_controller::server - Kynet accept failed: connection error: Endpoint closed
2026-09-15T20:28:41.234 WARN kycontroller::kymux_controller::server - Kynet accept failed: connection error: Endpoint closed
2026-09-15T20:28:41.234 WARN kycontroller::kymux_controller::server - Kynet accept failed: connection error: Endpoint closed
2026-09-15T20:28:41.234 WARN kycontroller::kymux_controller::server - Kynet accept failed: connection error: Endpoint closed
2026-09-15T20:28:41.234 WARN kycontroller::kymux_controller::server - Kynet accept failed: connection error: Endpoint closed
2026-09-15T20:28:41.234 WARN kycontroller::kymux_controller::server - Kynet accept failed: connection error: Endpoint closed
2026-09-15T20:28:41.234 WARN kycontroller::kymux_controller::server - Kynet accept failed: connection error: Endpoint closed
2026-09-15T20:28:41.234 WARN kycontroller::kymux_controller::server - Kynet accept failed: connection error: Endpoint closed
2026-09-15T20:28:41.234 WARN kycontroller::kymux_controller::server - Kynet accept failed: connection error: Endpoint closed
2026-09-15T20:28:41.234 WARN kycontroller::kymux_controller::server - Kynet accept failed: connection error: Endpoint closed
2026-09-15T20:28:41.234 WARN kycontroller::kymux_controller::server - Kynet accept failed: connection error: Endpoint closed
2026-09-15T20:28:41.234 WARN kycontroller::kymux_controller::server - Kynet accept failed: connection error: Endpoint closed
2026-09-15T20:28:41.234 WARN kycontroller::kymux_controller::server - Kynet accept failed: connection error: Endpoint closed
2026-09-15T20:28:41.234 WARN kycontroller::kymux_controller::server - Kynet accept failed: connection error: Endpoint closed
2026-09-15T20:28:41.234 WARN kycontroller::kymux_controller::server - Kynet accept failed: connection error: Endpoint closed
2026-09-15T20:28:41.234 WARN kycontroller::kymux_controller::server - Kynet accept failed: connection error: Endpoint closed
2026-09-15T20:28:41.234 WARN kycontroller::kymux_controller::server - Kynet accept failed: connection error: Endpoint closed
2026-09-15T20:28:41.234 WARN kycontroller::kymux_controller::server - Kynet accept failed: connection error: Endpoint closed
2026-09-15T20:28:41.234 WARN kycontroller::kymux_controller::server - Kynet accept failed: connection error: Endpoint closed
2026-09-15T20:28:41.234 WARN kycontroller::kymux_controller::server - Kynet accept failed: connection error: Endpoint closed
2026-09-15T20:28:41.234 WARN kycontroller::kymux_controller::server - Kynet accept failed: connection error: Endpoint closed
2026-09-15T20:28:41.234 WARN kycontroller::kymux_controller::server - Kynet accept failed: connection error: Endpoint closed
2026-09-15T20:28:41.234 WARN kycontroller::kymux_controller::server - Kynet accept failed: connection error: Endpoint closed
2026-09-15T20:28:41.234 WARN kycontroller::kymux_controller::server - Kynet accept failed: connection error: Endpoint closed
2026-09-15T20:28:41.234 WARN kycontroller::kymux_controller::server - Kynet accept failed: connection error: Endpoint closed
2026-09-15T20:28:41.234 WARN kycontroller::kymux_controller::server - Kynet accept failed: connection error: Endpoint closed
2026-09-15T20:28:41.234 WARN kycontroller::kymux_controller::server - Kynet accept failed: connection error: Endpoint closed
2026-09-15T20:28:41.234 WARN kycontroller::kymux_controller::server - Kynet accept failed: connection error: Endpoint closed
2026-09-15T20:28:41.234 WARN kycontroller::kymux_controller::server - Kynet accept failed: connection error: Endpoint closed
2026-09-15T20:28:41.234 WARN kycontroller::kymux_controller::server - Kynet accept failed: connection error: Endpoint closed
2026-09-15T20:28:41.234 WARN kycontroller::kymux_controller::server - Kynet accept failed: connection error: Endpoint closed
2026-09-15T20:28:41.234 WARN kycontroller::kymux_controller::server - Kynet accept failed: connection error: Endpoint closed
2026-09-15T20:28:41.234 WARN kycontroller::kymux_controller::server - Kynet accept failed: connection error: Endpoint closed
2026-09-15T20:28:41.234 WARN kycontroller::kymux_controller::server - Kynet accept failed: connection error: Endpoint closed
2026-09-15T20:28:41.234 WARN kycontroller::kymux_controller::server - Kynet accept failed: connection error: Endpoint closed
2026-09-15T20:28:41.234 WARN kycontroller::kymux_controller::server - Kynet accept failed: connection error: Endpoint closed
2026-09-15T20:28:41.234 WARN kycontroller::kymux_controller::server - Kynet accept failed: connection error: Endpoint closed
2026-09-15T20:28:41.234 WARN kycontroller::kymux_controller::server - Kynet accept failed: connection error: Endpoint closed
2026-09-15T20:28:41.234 WARN kycontroller::kymux_controller::server - Kynet accept failed: connection error: Endpoint closed
2026-09-15T20:28:41.234 WARN kycontroller::kymux_controller::server - Kynet accept failed: connection error: Endpoint closed
2026-09-15T20:28:41.234 WARN kycontroller::kymux_controller::server - Kynet accept failed: connection error: Endpoint closed
2026-09-15T20:28:41.234 WARN kycontroller::kymux_controller::server - Kynet accept failed: connection error: Endpoint closed
2026-09-15T20:28:41.234 WARN kycontroller::kymux_controller::server - Kynet accept failed: connection error: Endpoint closed
2026-09-15T20:28:41.234 WARN kycontroller::kymux_controller::server - Kynet accept failed: connection error: Endpoint closed
2026-09-15T20:28:41.234 WARN kycontroller::kymux_controller::server - Kynet accept failed: connection error: Endpoint closed
2026-09-15T20:28:41.234 WARN kycontroller::kymux_controller::server - Kynet accept failed: connection error: Endpoint closed
2026-09-15T20:28:41.234 WARN kycontroller::kymux_controller::server - Kynet accept failed: connection error: Endpoint closed
2026-09-15T20:28:41.234 WARN kycontroller::kymux_controller::server - Kynet accept failed: connection error: Endpoint closed
2026-09-15T20:28:41.234 WARN kycontroller::kymux_controller::server - Kynet accept failed: connection error: Endpoint closed
2026-09-15T20:28:41.234 WARN kycontroller::kymux_controller::server - Kynet accept failed: connection error: Endpoint closed
2026-09-15T20:28:41.234 WARN kycontroller::kymux_controller::server - Kynet accept failed: connection error: Endpoint closed
2026-09-15T20:28:41.234 WARN kycontroller::kymux_controller::server - Kynet accept failed: connection error: Endpoint closed
2026-09-15T20:28:41.234 WARN kycontroller::kymux_controller::server - Kynet accept failed: connection error: Endpoint closed
2026-09-15T20:28:41.234 WARN kycontroller::kymux_controller::server - Kynet accept failed: connection error: Endpoint closed
2026-09-15T20:28:41.234 WARN kycontroller::kymux_controller::server - Kynet accept failed: connection error: Endpoint closed
2026-09-15T20:28:41.234 WARN kycontroller::kymux_controller::server - Kynet accept failed: connection error: Endpoint closed
2026-09-15T20:28:41.234 WARN kycontroller::kymux_controller::server - Kynet accept failed: connection error: Endpoint closed
2026-09-15T20:28:41.234 WARN kycontroller::kymux_controller::server - Kynet accept failed: connection error: Endpoint closed
2026-09-15T20:28:41.234 WARN kycontroller::kymux_controller::server - Kynet accept failed: connection error: Endpoint closed
2026-09-15T20:28:41.234 WARN kycontroller::kymux_controller::server - Kynet accept failed: connection error: Endpoint closed
2026-09-15T20:28:41.234 WARN kycontroller::kymux_controller::server - Kynet accept failed: connection error: Endpoint closed
2026-09-15T20:28:41.234 WARN kycontroller::kymux_controller::server - Kynet accept failed: connection error: Endpoint closed
2026-09-15T20:28:41.234 WARN kycontroller::kymux_controller::server - Kynet accept failed: connection error: Endpoint closed
2026-09-15T20:28:41.234 WARN kycontroller::kymux_controller::server - Kynet accept failed: connection error: Endpoint closed
2026-09-15T20:28:41.234 WARN kycontroller::kymux_controller::server - Kynet accept failed: connection error: Endpoint closed
2026-09-15T20:28:41.234 WARN kycontroller::kymux_controller::server - Kynet accept failed: connection error: Endpoint closed
2026-09-15T20:28:41.234 WARN kycontroller::kymux_controller::server - Kynet accept failed: connection error: Endpoint closed
2026-09-15T20:28:41.234 WARN kycontroller::kymux_controller::server - Kynet accept failed: connection error: Endpoint closed
2026-09-15T20:28:41.234 WARN kycontroller::kymux_controller::server - Kynet accept failed: connection error: Endpoint closed
2026-09-15T20:28:41.234 WARN kycontroller::kymux_controller::server - Kynet accept failed: connection error: Endpoint closed
2026-09-15T20:28:41.234 WARN kycontroller::kymux_controller::server - Kynet accept failed: connection error: Endpoint closed
2026-09-15T20:28:41.234 WARN kycontroller::kymux_controller::server - Kynet accept failed: connection error: Endpoint closed
2026-09-15T20:28:41.234 WARN kycontroller::kymux_controller::server - Kynet accept failed: connection error: Endpoint closed
2026-09-15T20:28:41.234 WARN kycontroller::kymux_controller::server - Kynet accept failed: connection error: Endpoint closed
2026-09-15T20:28:41.234 WARN kycontroller::kymux_controller::server - Kynet accept failed: connection error: Endpoint closed
2026-09-15T20:28:41.234 WARN kycontroller::kymux_controller::server - Kynet accept failed: connection error: Endpoint closed
2026-09-15T20:28:41.234 WARN kycontroller::kymux_controller::server - Kynet accept failed: connection error: Endpoint closed
2026-09-15T20:28:41.234 WARN kycontroller::kymux_controller::server - Kynet accept failed: connection error: Endpoint closed
2026-09-15T20:28:41.234 WARN kycontroller::kymux_controller::server - Kynet accept failed: connection error: Endpoint closed
2026-09-15T20:28:41.234 WARN kycontroller::kymux_controller::server - Kynet accept failed: connection error: Endpoint closed
2026-09-15T20:28:41.234 WARN kycontroller::kymux_controller::server - Kynet accept failed: connection error: Endpoint closed
2026-09-15T20:28:41.234 WARN kycontroller::kymux_controller::server - Kynet accept failed: connection error: Endpoint closed
2026-09-15T20:28:41.234 WARN kycontroller::kymux_controller::server - Kynet accept failed: connection error: Endpoint closed
2026-09-15T20:28:41.234 WARN kycontroller::kymux_controller::server - Kynet accept failed: connection error: Endpoint closed
2026-09-15T20:28:41.234 WARN kycontroller::kymux_controller::server - Kynet accept failed: connection error: Endpoint closed
2026-09-15T20:28:41.234 WARN kycontroller::kymux_controller::server - Kynet accept failed: connection error: Endpoint closed
2026-09-15T20:28:41.234 WARN kycontroller::kymux_controller::server - Kynet accept failed: connection error: Endpoint closed
2026-09-15T20:28:41.234 WARN kycontroller::kymux_controller::server - Kynet accept failed: connection error: Endpoint closed
2026-09-15T20:28:41.234 WARN kycontroller::kymux_controller::server - Kynet accept failed: connection error: Endpoint closed
2026-09-15T20:28:41.234 WARN kycontroller::kymux_controller::server - Kynet accept failed: connection error: Endpoint closed
2026-09-15T20:28:41.234 WARN kycontroller::kymux_controller::server - Kynet accept failed: connection error: Endpoint closed
2026-09-15T20:28:41.234 WARN kycontroller::kymux_controller::server - Kynet accept failed: connection error: Endpoint closed
2026-09-15T20:28:41.234 WARN kycontroller::kymux_controller::server - Kynet accept failed: connection error: Endpoint closed
2026-09-15T20:28:41.234 WARN kycontroller::kymux_controller::server - Kynet accept failed: connection error: Endpoint closed
2026-09-15T20:28:41.234 WARN kycontroller::kymux_controller::server - Kynet accept failed: connection error: Endpoint closed
2026-09-15T20:28:41.234 WARN kycontroller::kymux_controller::server - Kynet accept failed: connection error: Endpoint closed
2026-09-15T20:28:41.234 WARN kycontroller::kymux_controller::server - Kynet accept failed: connection error: Endpoint closed
2026-09-15T20:28:41.234 WARN kycontroller::kymux_controller::server - Kynet accept failed: connection error: Endpoint closed
2026-09-15T20:28:41.234 WARN kycontroller::kymux_controller::server - Kynet accept failed: connection error: Endpoint closed
2026-09-15T20:28:41.234 WARN kycontroller::kymux_controller::server - Kynet accept failed: connection error: Endpoint closed
2026-09-15T20:28:41.234 WARN kycontroller::kymux_controller::server - Kynet accept failed: connection error: Endpoint closed
2026-09-15T20:28:41.234 WARN kycontroller::kymux_controller::server - Kynet accept failed: connection error: Endpoint closed
2026-09-15T20:28:41.234 WARN kycontroller::kymux_controller::server - Kynet accept failed: connection error: Endpoint closed
2026-09-15T20:28:41.234 WARN kycontroller::kymux_controller::server - Kynet accept failed: connection error: Endpoint closed
2026-09-15T20:28:41.234 WARN kycontroller::kymux_controller::server - Kynet accept failed: connection error: Endpoint closed
2026-09-15T20:28:41.234 WARN kycontroller::kymux_controller::server - Kynet accept failed: connection error: Endpoint closed
2026-09-15T20:28:41.234 WARN kycontroller::kymux_controller::server - Kynet accept failed: connection error: Endpoint closed
2026-09-15T20:28:41.234 WARN kycontroller::kymux_controller::server - Kynet accept failed: connection error: Endpoint closed
2026-09-15T20:28:41.234 WARN kycontroller::kymux_controller::server - Kynet accept failed: connection error: Endpoint closed
2026-09-15T20:28:41.234 WARN kycontroller::kymux_controller::server - Kynet accept failed: connection error: Endpoint closed
2026-09-15T20:28:41.235 WARN kycontroller::kymux_controller::server - Kynet accept failed: connection error: Endpoint closed
2026-09-15T20:28:41.235 WARN kycontroller::kymux_controller::server - Kynet accept failed: connection error: Endpoint closed
2026-09-15T20:28:41.235 WARN kycontroller::kymux_controller::server - Kynet accept failed: connection error: Endpoint closed
2026-09-15T20:28:41.235 WARN kycontroller::kymux_controller::server - Kynet accept failed: connection error: Endpoint closed
2026-09-15T20:28:41.235 WARN kycontroller::kymux_controller::server - Kynet accept failed: connection error: Endpoint closed
2026-09-15T20:28:41.235 WARN kycontroller::kymux_controller::server - Kynet accept failed: connection error: Endpoint closed
2026-09-15T20:28:41.235 WARN kycontroller::kymux_controller::server - Kynet accept failed: connection error: Endpoint closed
2026-09-15T20:28:41.235 WARN kycontroller::kymux_controller::server - Kynet accept failed: connection error: Endpoint closed
2026-09-15T20:28:41.235 WARN kycontroller::kymux_controller::server - Kynet accept failed: connection error: Endpoint closed
2026-09-15T20:28:41.235 WARN kycontroller::kymux_controller::server - Kynet accept failed: connection error: Endpoint closed
2026-09-15T20:28:41.235 WARN kycontroller::kymux_controller::server - Kynet accept failed: connection error: Endpoint closed
2026-09-15T20:28:41.235 WARN kycontroller::kymux_controller::server - Kynet accept failed: connection error: Endpoint closed
2026-09-15T20:28:41.235 WARN kycontroller::kymux_controller::server - Kynet accept failed: connection error: Endpoint closed
2026-09-15T20:28:41.235 WARN kycontroller::kymux_controller::server - Kynet accept failed: connection error: Endpoint closed
2026-09-15T20:28:41.235 WARN kycontroller::kymux_controller::server - Kynet accept failed: connection error: Endpoint closed
2026-09-15T20:28:41.235 WARN kycontroller::kymux_controller::server - Kynet accept failed: connection error: Endpoint closed
2026-09-15T20:28:41.235 WARN kycontroller::kymux_controller::server - Kynet accept failed: connection error: Endpoint closed
2026-09-15T20:28:41.235 WARN kycontroller::kymux_controller::server - Kynet accept failed: connection error: Endpoint closed
2026-09-15T20:28:41.235 WARN kycontroller::kymux_controller::server - Kynet accept failed: connection error: Endpoint closed
2026-09-15T20:28:41.235 WARN kycontroller::kymux_controller::server - Kynet accept failed: connection error: Endpoint closed
2026-09-15T20:28:41.235 WARN kycontroller::kymux_controller::server - Kynet accept failed: connection error: Endpoint closed
2026-09-15T20:28:41.235 WARN kycontroller::kymux_controller::server - Kynet accept failed: connection error: Endpoint closed
2026-09-15T20:28:41.235 WARN kycontroller::kymux_controller::server - Kynet accept failed: connection error: Endpoint closed
2026-09-15T20:28:41.235 WARN kycontroller::kymux_controller::server - Kynet accept failed: connection error: Endpoint closed
2026-09-15T20:28:41.235 WARN kycontroller::kymux_controller::server - Kynet accept failed: connection error: Endpoint closed
2026-09-15T20:28:41.235 WARN kycontroller::kymux_controller::server - Kynet accept failed: connection error: Endpoint closed
2026-09-15T20:28:41.235 WARN kycontroller::kymux_controller::server - Kynet accept failed: connection error: Endpoint closed
2026-09-15T20:28:41.235 WARN kycontroller::kymux_controller::server - Kynet accept failed: connection error: Endpoint closed
2026-09-15T20:28:41.235 WARN kycontroller::kymux_controller::server - Kynet accept failed: connection error: Endpoint closed
2026-09-15T20:28:41.235 WARN kycontroller::kymux_controller::server - Kynet accept failed: connection error: Endpoint closed
2026-09-15T20:28:41.235 WARN kycontroller::kymux_controller::server - Kynet accept failed: connection error: Endpoint closed
2026-09-15T20:28:41.235 WARN kycontroller::kymux_controller::server - Kynet accept failed: connection error: Endpoint closed
2026-09-15T20:28:41.235 WARN kycontroller::kymux_controller::server - Kynet accept failed: connection error: Endpoint closed
2026-09-15T20:28:41.235 WARN kycontroller::kymux_controller::server - Kynet accept failed: connection error: Endpoint closed
2026-09-15T20:28:41.235 WARN kycontroller::kymux_controller::server - Kynet accept failed: connection error: Endpoint closed
2026-09-15T20:28:41.235 WARN kycontroller::kymux_controller::server - Kynet accept failed: connection error: Endpoint closed
2026-09-15T20:28:41.235 WARN kycontroller::kymux_controller::server - Kynet accept failed: connection error: Endpoint closed
2026-09-15T20:28:41.235 WARN kycontroller::kymux_controller::server - Kynet accept failed: connection error: Endpoint closed
2026-09-15T20:28:41.235 WARN kycontroller::kymux_controller::server - Kynet accept failed: connection error: Endpoint closed
2026-09-15T20:28:41.235 WARN kycontroller::kymux_controller::server - Kynet accept failed: connection error: Endpoint closed
2026-09-15T20:28:41.235 WARN kycontroller::kymux_controller::server - Kynet accept failed: connection error: Endpoint closed
2026-09-15T20:28:41.235 WARN kycontroller::kymux_controller::server - Kynet accept failed: connection error: Endpoint closed
2026-09-15T20:28:41.235 WARN kycontroller::kymux_controller::server - Kynet accept failed: connection error: Endpoint closed
2026-09-15T20:28:41.235 WARN kycontroller::kymux_controller::server - Kynet accept failed: connection error: Endpoint closed
2026-09-15T20:28:41.235 WARN kycontroller::kymux_controller::server - Kynet accept failed: connection error: Endpoint closed
2026-09-15T20:28:41.235 WARN kycontroller::kymux_controller::server - Kynet accept failed: connection error: Endpoint closed
2026-09-15T20:28:41.235 WARN kycontroller::kymux_controller::server - Kynet accept failed: connection error: Endpoint closed
2026-09-15T20:28:41.235 WARN kycontroller::kymux_controller::server - Kynet accept failed: connection error: Endpoint closed
2026-09-15T20:28:41.235 WARN kycontroller::kymux_controller::server - Kynet accept failed: connection error: Endpoint closed
2026-09-15T20:28:41.235 WARN kycontroller::kymux_controller::server - Kynet accept failed: connection error: Endpoint closed
2026-09-15T20:28:41.235 WARN kycontroller::kymux_controller::server - Kynet accept failed: connection error: Endpoint closed
2026-09-15T20:28:41.235 WARN kycontroller::kymux_controller::server - Kynet accept failed: connection error: Endpoint closed
2026-09-15T20:28:41.235 WARN kycontroller::kymux_controller::server - Kynet accept failed: connection error: Endpoint closed
2026-09-15T20:28:41.235 WARN kycontroller::kymux_controller::server - Kynet accept failed: connection error: Endpoint closed
2026-09-15T20:28:41.235 WARN kycontroller::kymux_controller::server - Kynet accept failed: connection error: Endpoint closed
2026-09-15T20:28:41.235 WARN kycontroller::kymux_controller::server - Kynet accept failed: connection error: Endpoint closed
2026-09-15T20:28:41.235 WARN kycontroller::kymux_controller::server - Kynet accept failed: connection error: Endpoint closed
2026-09-15T20:28:41.235 WARN kycontroller::kymux_controller::server - Kynet accept failed: connection error: Endpoint closed
2026-09-15T20:28:41.235 WARN kycontroller::kymux_controller::server - Kynet accept failed: connection error: Endpoint closed
2026-09-15T20:28:41.235 WARN kycontroller::kymux_controller::server - Kynet accept failed: connection error: Endpoint closed
2026-09-15T20:28:41.235 WARN kycontroller::kymux_controller::server - Kynet accept failed: connection error: Endpoint closed
2026-09-15T20:28:41.235 WARN kycontroller::kymux_controller::server - Kynet accept failed: connection error: Endpoint closed
2026-09-15T20:28:41.235 WARN kycontroller::kymux_controller::server - Kynet accept failed: connection error: Endpoint closed
2026-09-15T20:28:41.235 WARN kycontroller::kymux_controller::server - Kynet accept failed: connection error: Endpoint closed
2026-09-15T20:28:41.235 WARN kycontroller::kymux_controller::server - Kynet accept failed: connection error: Endpoint closed
2026-09-15T20:28:41.235 WARN kycontroller::kymux_controller::server - Kynet accept failed: connection error: Endpoint closed
2026-09-15T20:28:41.235 WARN kycontroller::kymux_controller::server - Kynet accept failed: connection error: Endpoint closed
2026-09-15T20:28:41.235 WARN kycontroller::kymux_controller::server - Kynet accept failed: connection error: Endpoint closed
2026-09-15T20:28:41.235 WARN kycontroller::kymux_controller::server - Kynet accept failed: connection error: Endpoint closed
2026-09-15T20:28:41.235 WARN kycontroller::kymux_controller::server - Kynet accept failed: connection error: Endpoint closed
2026-09-15T20:28:41.235 WARN kycontroller::kymux_controller::server - Kynet accept failed: connection error: Endpoint closed
2026-09-15T20:28:41.235 WARN kycontroller::kymux_controller::server - Kynet accept failed: connection error: Endpoint closed
2026-09-15T20:28:41.235 WARN kycontroller::kymux_controller::server - Kynet accept failed: connection error: Endpoint closed
2026-09-15T20:28:41.235 WARN kycontroller::kymux_controller::server - Kynet accept failed: connection error: Endpoint closed
2026-09-15T20:28:41.235 WARN kycontroller::kymux_controller::server - Kynet accept failed: connection error: Endpoint closed
2026-09-15T20:28:41.235 WARN kycontroller::kymux_controller::server - Kynet accept failed: connection error: Endpoint closed
2026-09-15T20:28:41.235 WARN kycontroller::kymux_controller::server - Kynet accept failed: connection error: Endpoint closed
2026-09-15T20:28:41.235 WARN kycontroller::kymux_controller::server - Kynet accept failed: connection error: Endpoint closed
2026-09-15T20:28:41.235 WARN kycontroller::kymux_controller::server - Kynet accept failed: connection error: Endpoint closed
2026-09-15T20:28:41.235 WARN kycontroller::kymux_controller::server - Kynet accept failed: connection error: Endpoint closed
2026-09-15T20:28:41.235 WARN kycontroller::kymux_controller::server - Kynet accept failed: connection error: Endpoint closed
2026-09-15T20:28:41.235 WARN kycontroller::kymux_controller::server - Kynet accept failed: connection error: Endpoint closed
2026-09-15T20:28:41.235 WARN kycontroller::kymux_controller::server - Kynet accept failed: connection error: Endpoint closed
2026-09-15T20:28:41.235 WARN kycontroller::kymux_controller::server - Kynet accept failed: connection error: Endpoint closed
2026-09-15T20:28:41.235 WARN kycontroller::kymux_controller::server - Kynet accept failed: connection error: Endpoint closed
2026-09-15T20:28:41.235 WARN kycontroller::kymux_controller::server - Kynet accept failed: connection error: Endpoint closed
2026-09-15T20:28:41.235 WARN kycontroller::kymux_controller::server - Kynet accept failed: connection error: Endpoint closed
2026-09-15T20:28:41.235 WARN kycontroller::kymux_controller::server - Kynet accept failed: connection error: Endpoint closed
2026-09-15T20:28:41.235 WARN kycontroller::kymux_controller::server - Kynet accept failed: connection error: Endpoint closed
2026-09-15T20:28:41.235 WARN kycontroller::kymux_controller::server - Kynet accept failed: connection error: Endpoint closed
2026-09-15T20:28:41.235 WARN kycontroller::kymux_controller::server - Kynet accept failed: connection error: Endpoint closed
2026-09-15T20:28:41.235 WARN kycontroller::kymux_controller::server - Kynet accept failed: connection error: Endpoint closed
2026-09-15T20:28:41.235 WARN kycontroller::kymux_controller::server - Kynet accept failed: connection error: Endpoint closed
2026-09-15T20:28:41.235 WARN kycontroller::kymux_controller::server - Kynet accept failed: connection error: Endpoint closed
2026-09-15T20:28:41.235 WARN kycontroller::kymux_controller::server - Kynet accept failed: connection error: Endpoint closed
2026-09-15T20:28:41.235 WARN kycontroller::kymux_controller::server - Kynet accept failed: connection error: Endpoint closed
2026-09-15T20:28:41.235 WARN kycontroller::kymux_controller::server - Kynet accept failed: connection error: Endpoint closed
2026-09-15T20:28:41.235 WARN kycontroller::kymux_controller::server - Kynet accept failed: connection error: Endpoint closed
2026-09-15T20:28:41.235 WARN kycontroller::kymux_controller::server - Kynet accept failed: connection error: Endpoint closed
2026-09-15T20:28:41.235 WARN kycontroller::kymux_controller::server - Kynet accept failed: connection error: Endpoint closed
2026-09-15T20:28:41.235 WARN kycontroller::kymux_controller::server - Kynet accept failed: connection error: Endpoint closed
2026-09-15T20:28:41.235 WARN kycontroller::kymux_controller::server - Kynet accept failed: connection error: Endpoint closed
2026-09-15T20:28:41.235 WARN kycontroller::kymux_controller::server - Kynet accept failed: connection error: Endpoint closed
2026-09-15T20:28:41.235 WARN kycontroller::kymux_controller::server - Kynet accept failed: connection error: Endpoint closed
2026-09-15T20:28:41.235 WARN kycontroller::kymux_controller::server - Kynet accept failed: connection error: Endpoint closed
2026-09-15T20:28:41.235 WARN kycontroller::kymux_controller::server - Kynet accept failed: connection error: Endpoint closed
2026-09-15T20:28:41.235 WARN kycontroller::kymux_controller::server - Kynet accept failed: connection error: Endpoint closed
2026-09-15T20:28:41.235 WARN kycontroller::kymux_controller::server - Kynet accept failed: connection error: Endpoint closed
2026-09-15T20:28:41.235 WARN kycontroller::kymux_controller::server - Kynet accept failed: connection error: Endpoint closed
2026-09-15T20:28:41.235 WARN kycontroller::kymux_controller::server - Kynet accept failed: connection error: Endpoint closed
2026-09-15T20:28:41.235 WARN kycontroller::kymux_controller::server - Kynet accept failed: connection error: Endpoint closed
2026-09-15T20:28:41.235 WARN kycontroller::kymux_controller::server - Kynet accept failed: connection error: Endpoint closed
2026-09-15T20:28:41.235 WARN kycontroller::kymux_controller::server - Kynet accept failed: connection error: Endpoint closed
2026-09-15T20:28:41.235 WARN kycontroller::kymux_controller::server - Kynet accept failed: connection error: Endpoint closed
2026-09-15T20:28:41.235 WARN kycontroller::kymux_controller::server - Kynet accept failed: connection error: Endpoint closed
2026-09-15T20:28:41.235 WARN kycontroller::kymux_controller::server - Kynet accept failed: connection error: Endpoint closed
2026-09-15T20:28:41.235 WARN kycontroller::kymux_controller::server - Kynet accept failed: connection error: Endpoint closed
2026-09-15T20:28:41.235 WARN kycontroller::kymux_controller::server - Kynet accept failed: connection error: Endpoint closed
2026-09-15T20:28:41.236 WARN kycontroller::kymux_controller::server - Kynet accept failed: connection error: Endpoint closed
2026-09-15T20:28:41.236 WARN kycontroller::kymux_controller::server - Kynet accept failed: connection error: Endpoint closed
2026-09-15T20:28:41.236 WARN kycontroller::kymux_controller::server - Kynet accept failed: connection error: Endpoint closed
2026-09-15T20:28:41.236 WARN kycontroller::kymux_controller::server - Kynet accept failed: connection error: Endpoint closed
2026-09-15T20:28:41.236 WARN kycontroller::kymux_controller::server - Kynet accept failed: connection error: Endpoint closed
2026-09-15T20:28:41.236 WARN kycontroller::kymux_controller::server - Kynet accept failed: connection error: Endpoint closed
2026-09-15T20:28:41.236 WARN kycontroller::kymux_controller::server - Kynet accept failed: connection error: Endpoint closed
2026-09-15T20:28:41.236 WARN kycontroller::kymux_controller::server - Kynet accept failed: connection error: Endpoint closed
2026-09-15T20:28:41.236 WARN kycontroller::kymux_controller::server - Kynet accept failed: connection error: Endpoint closed
2026-09-15T20:28:41.236 WARN kycontroller::kymux_controller::server - Kynet accept failed: connection error: Endpoint closed
2026-09-15T20:28:41.236 WARN kycontroller::kymux_controller::server - Kynet accept failed: connection error: Endpoint closed
2026-09-15T20:28:41.236 WARN kycontroller::kymux_controller::server - Kynet accept failed: connection error: Endpoint closed
2026-09-15T20:28:41.236 WARN kycontroller::kymux_controller::server - Kynet accept failed: connection error: Endpoint closed
2026-09-15T20:28:41.236 WARN kycontroller::kymux_controller::server - Kynet accept failed: connection error: Endpoint closed
2026-09-15T20:28:41.236 WARN kycontroller::kymux_controller::server - Kynet accept failed: connection error: Endpoint closed
2026-09-15T20:28:41.236 WARN kycontroller::kymux_controller::server - Kynet accept failed: connection error: Endpoint closed
2026-09-15T20:28:41.236 WARN kycontroller::kymux_controller::server - Kynet accept failed: connection error: Endpoint closed
2026-09-15T20:28:41.236 WARN kycontroller::kymux_controller::server - Kynet accept failed: connection error: Endpoint closed
2026-09-15T20:28:41.236 WARN kycontroller::kymux_controller::server - Kynet accept failed: connection error: Endpoint closed
2026-09-15T20:28:41.236 WARN kycontroller::kymux_controller::server - Kynet accept failed: connection error: Endpoint closed
2026-09-15T20:28:41.236 WARN kycontroller::kymux_controller::server - Kynet accept failed: connection error: Endpoint closed
2026-09-15T20:28:41.236 WARN kycontroller::kymux_controller::server - Kynet accept failed: connection error: Endpoint closed
2026-09-15T20:28:41.236 WARN kycontroller::kymux_controller::server - Kynet accept failed: connection error: Endpoint closed
2026-09-15T20:28:41.236 WARN kycontroller::kymux_controller::server - Kynet accept failed: connection error: Endpoint closed
2026-09-15T20:28:41.236 WARN kycontroller::kymux_controller::server - Kynet accept failed: connection error: Endpoint closed
2026-09-15T20:28:41.236 WARN kycontroller::kymux_controller::server - Kynet accept failed: connection error: Endpoint closed
2026-09-15T20:28:41.236 WARN kycontroller::kymux_controller::server - Kynet accept failed: connection error: Endpoint closed
2026-09-15T20:28:41.236 WARN kycontroller::kymux_controller::server - Kynet accept failed: connection error: Endpoint closed
2026-09-15T20:28:41.236 WARN kycontroller::kymux_controller::server - Kynet accept failed: connection error: Endpoint closed
2026-09-15T20:28:41.236 WARN kycontroller::kymux_controller::server - Kynet accept failed: connection error: Endpoint closed
2026-09-15T20:28:41.236 WARN kycontroller::kymux_controller::server - Kynet accept failed: connection error: Endpoint closed
2026-09-15T20:28:41.236 WARN kycontroller::kymux_controller::server - Kynet accept failed: connection error: Endpoint closed
2026-09-15T20:28:41.236 WARN kycontroller::kymux_controller::server - Kynet accept failed: connection error: Endpoint closed
2026-09-15T20:28:41.236 WARN kycontroller::kymux_controller::server - Kynet accept failed: connection error: Endpoint closed
2026-09-15T20:28:41.236 WARN kycontroller::kymux_controller::server - Kynet accept failed: connection error: Endpoint closed
2026-09-15T20:28:41.236 WARN kycontroller::kymux_controller::server - Kynet accept failed: connection error: Endpoint closed
2026-09-15T20:28:41.236 WARN kycontroller::kymux_controller::server - Kynet accept failed: connection error: Endpoint closed
2026-09-15T20:28:41.236 WARN kycontroller::kymux_controller::server - Kynet accept failed: connection error: Endpoint closed
2026-09-15T20:28:41.236 WARN kycontroller::kymux_controller::server - Kynet accept failed: connection error: Endpoint closed
2026-09-15T20:28:41.236 WARN kycontroller::kymux_controller::server - Kynet accept failed: connection error: Endpoint closed
2026-09-15T20:28:41.236 WARN kycontroller::kymux_controller::server - Kynet accept failed: connection error: Endpoint closed
2026-09-15T20:28:41.236 WARN kycontroller::kymux_controller::server - Kynet accept failed: connection error: Endpoint closed
2026-09-15T20:28:41.236 WARN kycontroller::kymux_controller::server - Kynet accept failed: connection error: Endpoint closed
2026-09-15T20:28:41.236 WARN kycontroller::kymux_controller::server - Kynet accept failed: connection error: Endpoint closed
2026-09-15T20:28:41.236 WARN kycontroller::kymux_controller::server - Kynet accept failed: connection error: Endpoint closed
2026-09-15T20:28:41.236 WARN kycontroller::kymux_controller::server - Kynet accept failed: connection error: Endpoint closed
2026-09-15T20:28:41.236 WARN kycontroller::kymux_controller::server - Kynet accept failed: connection error: Endpoint closed
2026-09-15T20:28:41.236 WARN kycontroller::kymux_controller::server - Kynet accept failed: connection error: Endpoint closed
2026-09-15T20:28:41.236 WARN kycontroller::kymux_controller::server - Kynet accept failed: connection error: Endpoint closed
2026-09-15T20:28:41.236 WARN kycontroller::kymux_controller::server - Kynet accept failed: connection error: Endpoint closed
2026-09-15T20:28:41.236 WARN kycontroller::kymux_controller::server - Kynet accept failed: connection error: Endpoint closed
2026-09-15T20:28:41.236 WARN kycontroller::kymux_controller::server - Kynet accept failed: connection error: Endpoint closed
2026-09-15T20:28:41.236 WARN kycontroller::kymux_controller::server - Kynet accept failed: connection error: Endpoint closed
2026-09-15T20:28:41.236 WARN kycontroller::kymux_controller::server - Kynet accept failed: connection error: Endpoint closed
2026-09-15T20:28:41.236 WARN kycontroller::kymux_controller::server - Kynet accept failed: connection error: Endpoint closed
2026-09-15T20:28:41.236 WARN kycontroller::kymux_controller::server - Kynet accept failed: connection error: Endpoint closed
2026-09-15T20:28:41.236 WARN kycontroller::kymux_controller::server - Kynet accept failed: connection error: Endpoint closed
2026-09-15T20:28:41.236 WARN kycontroller::kymux_controller::server - Kynet accept failed: connection error: Endpoint closed
2026-09-15T20:28:41.236 WARN kycontroller::kymux_controller::server - Kynet accept failed: connection error: Endpoint closed
2026-09-15T20:28:41.236 WARN kycontroller::kymux_controller::server - Kynet accept failed: connection error: Endpoint closed
2026-09-15T20:28:41.236 WARN kycontroller::kymux_controller::server - Kynet accept failed: connection error: Endpoint closed
2026-09-15T20:28:41.236 WARN kycontroller::kymux_controller::server - Kynet accept failed: connection error: Endpoint closed
2026-09-15T20:28:41.236 WARN kycontroller::kymux_controller::server - Kynet accept failed: connection error: Endpoint closed
2026-09-15T20:28:41.236 WARN kycontroller::kymux_controller::server - Kynet accept failed: connection error: Endpoint closed
2026-09-15T20:28:41.236 WARN kycontroller::kymux_controller::server - Kynet accept failed: connection error: Endpoint closed
2026-09-15T20:28:41.236 WARN kycontroller::kymux_controller::server - Kynet accept failed: connection error: Endpoint closed
2026-09-15T20:28:41.236 WARN kycontroller::kymux_controller::server - Kynet accept failed: connection error: Endpoint closed
2026-09-15T20:28:41.236 WARN kycontroller::kymux_controller::server - Kynet accept failed: connection error: Endpoint closed
2026-09-15T20:28:41.236 WARN kycontroller::kymux_controller::server - Kynet accept failed: connection error: Endpoint closed
2026-09-15T20:28:41.236 WARN kycontroller::kymux_controller::server - Kynet accept failed: connection error: Endpoint closed
2026-09-15T20:28:41.236 WARN kycontroller::kymux_controller::server - Kynet accept failed: connection error: Endpoint closed
2026-09-15T20:28:41.236 WARN kycontroller::kymux_controller::server - Kynet accept failed: connection error: Endpoint closed
2026-09-15T20:28:41.236 WARN kycontroller::kymux_controller::server - Kynet accept failed: connection error: Endpoint closed
2026-09-15T20:28:41.236 WARN kycontroller::kymux_controller::server - Kynet accept failed: connection error: Endpoint closed
2026-09-15T20:28:41.236 WARN kycontroller::kymux_controller::server - Kynet accept failed: connection error: Endpoint closed
2026-09-15T20:28:41.236 WARN kycontroller::kymux_controller::server - Kynet accept failed: connection error: Endpoint closed
2026-09-15T20:28:41.236 WARN kycontroller::kymux_controller::server - Kynet accept failed: connection error: Endpoint closed
2026-09-15T20:28:41.236 WARN kycontroller::kymux_controller::server - Kynet accept failed: connection error: Endpoint closed
2026-09-15T20:28:41.236 WARN kycontroller::kymux_controller::server - Kynet accept failed: connection error: Endpoint closed
2026-09-15T20:28:41.236 WARN kycontroller::kymux_controller::server - Kynet accept failed: connection error: Endpoint closed
2026-09-15T20:28:41.236 WARN kycontroller::kymux_controller::server - Kynet accept failed: connection error: Endpoint closed
2026-09-15T20:28:41.236 WARN kycontroller::kymux_controller::server - Kynet accept failed: connection error: Endpoint closed
2026-09-15T20:28:41.236 WARN kycontroller::kymux_controller::server - Kynet accept failed: connection error: Endpoint closed
2026-09-15T20:28:41.236 WARN kycontroller::kymux_controller::server - Kynet accept failed: connection error: Endpoint closed
2026-09-15T20:28:41.236 WARN kycontroller::kymux_controller::server - Kynet accept failed: connection error: Endpoint closed
2026-09-15T20:28:41.236 WARN kycontroller::kymux_controller::server - Kynet accept failed: connection error: Endpoint closed
2026-09-15T20:28:41.236 WARN kycontroller::kymux_controller::server - Kynet accept failed: connection error: Endpoint closed
2026-09-15T20:28:41.236 WARN kycontroller::kymux_controller::server - Kynet accept failed: connection error: Endpoint closed
2026-09-15T20:28:41.236 WARN kycontroller::kymux_controller::server - Kynet accept failed: connection error: Endpoint closed
2026-09-15T20:28:41.236 WARN kycontroller::kymux_controller::server - Kynet accept failed: connection error: Endpoint closed
2026-09-15T20:28:41.236 WARN kycontroller::kymux_controller::server - Kynet accept failed: connection error: Endpoint closed
2026-09-15T20:28:41.236 WARN kycontroller::kymux_controller::server - Kynet accept failed: connection error: Endpoint closed
2026-09-15T20:28:41.236 WARN kycontroller::kymux_controller::server - Kynet accept failed: connection error: Endpoint closed
2026-09-15T20:28:41.236 WARN kycontroller::kymux_controller::server - Kynet accept failed: connection error: Endpoint closed
2026-09-15T20:28:41.236 WARN kycontroller::kymux_controller::server - Kynet accept failed: connection error: Endpoint closed
2026-09-15T20:28:41.236 WARN kycontroller::kymux_controller::server - Kynet accept failed: connection error: Endpoint closed
2026-09-15T20:28:41.236 WARN kycontroller::kymux_controller::server - Kynet accept failed: connection error: Endpoint closed
2026-09-15T20:28:41.236 WARN kycontroller::kymux_controller::server - Kynet accept failed: connection error: Endpoint closed
2026-09-15T20:28:41.236 WARN kycontroller::kymux_controller::server - Kynet accept failed: connection error: Endpoint closed
2026-09-15T20:28:41.236 WARN kycontroller::kymux_controller::server - Kynet accept failed: connection error: Endpoint closed
2026-09-15T20:28:41.236 WARN kycontroller::kymux_controller::server - Kynet accept failed: connection error: Endpoint closed
2026-09-15T20:28:41.236 WARN kycontroller::kymux_controller::server - Kynet accept failed: connection error: Endpoint closed
2026-09-15T20:28:41.236 WARN kycontroller::kymux_controller::server - Kynet accept failed: connection error: Endpoint closed
2026-09-15T20:28:41.236 WARN kycontroller::kymux_controller::server - Kynet accept failed: connection error: Endpoint closed
2026-09-15T20:28:41.236 WARN kycontroller::kymux_controller::server - Kynet accept failed: connection error: Endpoint closed
2026-09-15T20:28:41.236 WARN kycontroller::kymux_controller::server - Kynet accept failed: connection error: Endpoint closed
2026-09-15T20:28:41.236 WARN kycontroller::kymux_controller::server - Kynet accept failed: connection error: Endpoint closed
2026-09-15T20:28:41.236 WARN kycontroller::kymux_controller::server - Kynet accept failed: connection error: Endpoint closed
2026-09-15T20:28:41.236 WARN kycontroller::kymux_controller::server - Kynet accept failed: connection error: Endpoint closed
2026-09-15T20:28:41.236 WARN kycontroller::kymux_controller::server - Kynet accept failed: connection error: Endpoint closed
2026-09-15T20:28:41.236 WARN kycontroller::kymux_controller::server - Kynet accept failed: connection error: Endpoint closed
2026-09-15T20:28:41.236 WARN kycontroller::kymux_controller::server - Kynet accept failed: connection error: Endpoint closed
2026-09-15T20:28:41.236 WARN kycontroller::kymux_controller::server - Kynet accept failed: connection error: Endpoint closed
2026-09-15T20:28:41.236 WARN kycontroller::kymux_controller::server - Kynet accept failed: connection error: Endpoint closed
2026-09-15T20:28:41.236 WARN kycontroller::kymux_controller::server - Kynet accept failed: connection error: Endpoint closed
2026-09-15T20:28:41.236 WARN kycontroller::kymux_controller::server - Kynet accept failed: connection error: Endpoint closed
2026-09-15T20:28:41.236 WARN kycontroller::kymux_controller::server - Kynet accept failed: connection error: Endpoint closed
2026-09-15T20:28:41.237 WARN kycontroller::kymux_controller::server - Kynet accept failed: connection error: Endpoint closed
2026-09-15T20:28:41.237 WARN kycontroller::kymux_controller::server - Kynet accept failed: connection error: Endpoint closed
2026-09-15T20:28:41.237 WARN kycontroller::kymux_controller::server - Kynet accept failed: connection error: Endpoint closed
2026-09-15T20:28:41.237 WARN kycontroller::kymux_controller::server - Kynet accept failed: connection error: Endpoint closed
2026-09-15T20:28:41.237 WARN kycontroller::kymux_controller::server - Kynet accept failed: connection error: Endpoint closed
2026-09-15T20:28:41.237 WARN kycontroller::kymux_controller::server - Kynet accept failed: connection error: Endpoint closed
2026-09-15T20:28:41.237 WARN kycontroller::kymux_controller::server - Kynet accept failed: connection error: Endpoint closed
2026-09-15T20:28:41.237 WARN kycontroller::kymux_controller::server - Kynet accept failed: connection error: Endpoint closed
2026-09-15T20:28:41.237 WARN kycontroller::kymux_controller::server - Kynet accept failed: connection error: Endpoint closed
2026-09-15T20:28:41.237 WARN kycontroller::kymux_controller::server - Kynet accept failed: connection error: Endpoint closed
2026-09-15T20:28:41.237 WARN kycontroller::kymux_controller::server - Kynet accept failed: connection error: Endpoint closed
2026-09-15T20:28:41.237 WARN kycontroller::kymux_controller::server - Kynet accept failed: connection error: Endpoint closed
2026-09-15T20:28:41.237 WARN kycontroller::kymux_controller::server - Kynet accept failed: connection error: Endpoint closed
2026-09-15T20:28:41.237 WARN kycontroller::kymux_controller::server - Kynet accept failed: connection error: Endpoint closed
2026-09-15T20:28:41.237 WARN kycontroller::kymux_controller::server - Kynet accept failed: connection error: Endpoint closed
2026-09-15T20:28:41.237 WARN kycontroller::kymux_controller::server - Kynet accept failed: connection error: Endpoint closed
2026-09-15T20:28:41.237 WARN kycontroller::kymux_controller::server - Kynet accept failed: connection error: Endpoint closed
2026-09-15T20:28:41.237 WARN kycontroller::kymux_controller::server - Kynet accept failed: connection error: Endpoint closed
2026-09-15T20:28:41.237 WARN kycontroller::kymux_controller::server - Kynet accept failed: connection error: Endpoint closed
2026-09-15T20:28:41.237 WARN kycontroller::kymux_controller::server - Kynet accept failed: connection error: Endpoint closed
2026-09-15T20:28:41.237 WARN kycontroller::kymux_controller::server - Kynet accept failed: connection error: Endpoint closed
2026-09-15T20:28:41.237 WARN kycontroller::kymux_controller::server - Kynet accept failed: connection error: Endpoint closed
2026-09-15T20:28:41.237 WARN kycontroller::kymux_controller::server - Kynet accept failed: connection error: Endpoint closed
2026-09-15T20:28:41.237 WARN kycontroller::kymux_controller::server - Kynet accept failed: connection error: Endpoint closed
2026-09-15T20:28:41.237 WARN kycontroller::kymux_controller::server - Kynet accept failed: connection error: Endpoint closed
2026-09-15T20:28:41.237 WARN kycontroller::kymux_controller::server - Kynet accept failed: connection error: Endpoint closed
2026-09-15T20:28:41.237 WARN kycontroller::kymux_controller::server - Kynet accept failed: connection error: Endpoint closed
2026-09-15T20:28:41.237 WARN kycontroller::kymux_controller::server - Kynet accept failed: connection error: Endpoint closed
2026-09-15T20:28:41.237 WARN kycontroller::kymux_controller::server - Kynet accept failed: connection error: Endpoint closed
2026-09-15T20:28:41.237 WARN kycontroller::kymux_controller::server - Kynet accept failed: connection error: Endpoint closed
2026-09-15T20:28:41.237 WARN kycontroller::kymux_controller::server - Kynet accept failed: connection error: Endpoint closed
2026-09-15T20:28:41.237 WARN kycontroller::kymux_controller::server - Kynet accept failed: connection error: Endpoint closed
2026-09-15T20:28:41.237 WARN kycontroller::kymux_controller::server - Kynet accept failed: connection error: Endpoint closed
2026-09-15T20:28:41.237 WARN kycontroller::kymux_controller::server - Kynet accept failed: connection error: Endpoint closed
2026-09-15T20:28:41.237 WARN kycontroller::kymux_controller::server - Kynet accept failed: connection error: Endpoint closed
2026-09-15T20:28:41.237 WARN kycontroller::kymux_controller::server - Kynet accept failed: connection error: Endpoint closed
2026-09-15T20:28:41.237 WARN kycontroller::kymux_controller::server - Kynet accept failed: connection error: Endpoint closed
2026-09-15T20:28:41.237 WARN kycontroller::kymux_controller::server - Kynet accept failed: connection error: Endpoint closed
2026-09-15T20:28:41.237 WARN kycontroller::kymux_controller::server - Kynet accept failed: connection error: Endpoint closed
2026-09-15T20:28:41.237 WARN kycontroller::kymux_controller::server - Kynet accept failed: connection error: Endpoint closed
2026-09-15T20:28:41.237 WARN kycontroller::kymux_controller::server - Kynet accept failed: connection error: Endpoint closed
2026-09-15T20:28:41.237 WARN kycontroller::kymux_controller::server - Kynet accept failed: connection error: Endpoint closed
2026-09-15T20:28:41.237 WARN kycontroller::kymux_controller::server - Kynet accept failed: connection error: Endpoint closed
2026-09-15T20:28:41.237 WARN kycontroller::kymux_controller::server - Kynet accept failed: connection error: Endpoint closed
2026-09-15T20:28:41.237 WARN kycontroller::kymux_controller::server - Kynet accept failed: connection error: Endpoint closed
2026-09-15T20:28:41.237 WARN kycontroller::kymux_controller::server - Kynet accept failed: connection error: Endpoint closed
2026-09-15T20:28:41.237 WARN kycontroller::kymux_controller::server - Kynet accept failed: connection error: Endpoint closed
2026-09-15T20:28:41.237 WARN kycontroller::kymux_controller::server - Kynet accept failed: connection error: Endpoint closed
2026-09-15T20:28:41.237 WARN kycontroller::kymux_controller::server - Kynet accept failed: connection error: Endpoint closed
2026-09-15T20:28:41.237 WARN kycontroller::kymux_controller::server - Kynet accept failed: connection error: Endpoint closed
2026-09-15T20:28:41.237 WARN kycontroller::kymux_controller::server - Kynet accept failed: connection error: Endpoint closed
2026-09-15T20:28:41.237 WARN kycontroller::kymux_controller::server - Kynet accept failed: connection error: Endpoint closed
2026-09-15T20:28:41.237 WARN kycontroller::kymux_controller::server - Kynet accept failed: connection error: Endpoint closed
2026-09-15T20:28:41.237 WARN kycontroller::kymux_controller::server - Kynet accept failed: connection error: Endpoint closed
2026-09-15T20:28:41.237 WARN kycontroller::kymux_controller::server - Kynet accept failed: connection error: Endpoint closed
2026-09-15T20:28:41.237 WARN kycontroller::kymux_controller::server - Kynet accept failed: connection error: Endpoint closed
2026-09-15T20:28:41.237 WARN kycontroller::kymux_controller::server - Kynet accept failed: connection error: Endpoint closed
2026-09-15T20:28:41.237 WARN kycontroller::kymux_controller::server - Kynet accept failed: connection error: Endpoint closed
2026-09-15T20:28:41.237 WARN kycontroller::kymux_controller::server - Kynet accept failed: connection error: Endpoint closed
2026-09-15T20:28:41.237 WARN kycontroller::kymux_controller::server - Kynet accept failed: connection error: Endpoint closed
2026-09-15T20:28:41.237 WARN kycontroller::kymux_controller::server - Kynet accept failed: connection error: Endpoint closed
2026-09-15T20:28:41.237 WARN kycontroller::kymux_controller::server - Kynet accept failed: connection error: Endpoint closed
2026-09-15T20:28:41.237 WARN kycontroller::kymux_controller::server - Kynet accept failed: connection error: Endpoint closed
2026-09-15T20:28:41.237 WARN kycontroller::kymux_controller::server - Kynet accept failed: connection error: Endpoint closed
2026-09-15T20:28:41.237 WARN kycontroller::kymux_controller::server - Kynet accept failed: connection error: Endpoint closed
2026-09-15T20:28:41.237 WARN kycontroller::kymux_controller::server - Kynet accept failed: connection error: Endpoint closed
2026-09-15T20:28:41.237 WARN kycontroller::kymux_controller::server - Kynet accept failed: connection error: Endpoint closed
2026-09-15T20:28:41.237 WARN kycontroller::kymux_controller::server - Kynet accept failed: connection error: Endpoint closed
2026-09-15T20:28:41.237 WARN kycontroller::kymux_controller::server - Kynet accept failed: connection error: Endpoint closed
2026-09-15T20:28:41.237 WARN kycontroller::kymux_controller::server - Kynet accept failed: connection error: Endpoint closed
2026-09-15T20:28:41.237 WARN kycontroller::kymux_controller::server - Kynet accept failed: connection error: Endpoint closed
2026-09-15T20:28:41.237 WARN kycontroller::kymux_controller::server - Kynet accept failed: connection error: Endpoint closed
2026-09-15T20:28:41.237 WARN kycontroller::kymux_controller::server - Kynet accept failed: connection error: Endpoint closed
2026-09-15T20:28:41.237 WARN kycontroller::kymux_controller::server - Kynet accept failed: connection error: Endpoint closed
2026-09-15T20:28:41.237 WARN kycontroller::kymux_controller::server - Kynet accept failed: connection error: Endpoint closed
2026-09-15T20:28:41.237 WARN kycontroller::kymux_controller::server - Kynet accept failed: connection error: Endpoint closed
2026-09-15T20:28:41.237 WARN kycontroller::kymux_controller::server - Kynet accept failed: connection error: Endpoint closed
2026-09-15T20:28:41.237 WARN kycontroller::kymux_controller::server - Kynet accept failed: connection error: Endpoint closed
2026-09-15T20:28:41.237 WARN kycontroller::kymux_controller::server - Kynet accept failed: connection error: Endpoint closed
2026-09-15T20:28:41.237 WARN kycontroller::kymux_controller::server - Kynet accept failed: connection error: Endpoint closed
2026-09-15T20:28:41.237 WARN kycontroller::kymux_controller::server - Kynet accept failed: connection error: Endpoint closed
2026-09-15T20:28:41.237 WARN kycontroller::kymux_controller::server - Kynet accept failed: connection error: Endpoint closed
2026-09-15T20:28:41.237 WARN kycontroller::kymux_controller::server - Kynet accept failed: connection error: Endpoint closed
2026-09-15T20:28:41.237 WARN kycontroller::kymux_controller::server - Kynet accept failed: connection error: Endpoint closed
2026-09-15T20:28:41.237 WARN kycontroller::kymux_controller::server - Kynet accept failed: connection error: Endpoint closed
2026-09-15T20:28:41.237 WARN kycontroller::kymux_controller::server - Kynet accept failed: connection error: Endpoint closed
2026-09-15T20:28:41.237 WARN kycontroller::kymux_controller::server - Kynet accept failed: connection error: Endpoint closed
2026-09-15T20:28:41.237 WARN kycontroller::kymux_controller::server - Kynet accept failed: connection error: Endpoint closed
2026-09-15T20:28:41.237 WARN kycontroller::kymux_controller::server - Kynet accept failed: connection error: Endpoint closed
2026-09-15T20:28:41.237 WARN kycontroller::kymux_controller::server - Kynet accept failed: connection error: Endpoint closed
2026-09-15T20:28:41.237 WARN kycontroller::kymux_controller::server - Kynet accept failed: connection error: Endpoint closed
2026-09-15T20:28:41.237 WARN kycontroller::kymux_controller::server - Kynet accept failed: connection error: Endpoint closed
2026-09-15T20:28:41.237 WARN kycontroller::kymux_controller::server - Kynet accept failed: connection error: Endpoint closed
2026-09-15T20:28:41.237 WARN kycontroller::kymux_controller::server - Kynet accept failed: connection error: Endpoint closed
2026-09-15T20:28:41.237 WARN kycontroller::kymux_controller::server - Kynet accept failed: connection error: Endpoint closed
2026-09-15T20:28:41.237 WARN kycontroller::kymux_controller::server - Kynet accept failed: connection error: Endpoint closed
2026-09-15T20:28:41.237 WARN kycontroller::kymux_controller::server - Kynet accept failed: connection error: Endpoint closed
2026-09-15T20:28:41.237 WARN kycontroller::kymux_controller::server - Kynet accept failed: connection error: Endpoint closed
2026-09-15T20:28:41.237 WARN kycontroller::kymux_controller::server - Kynet accept failed: connection error: Endpoint closed
2026-09-15T20:28:41.237 WARN kycontroller::kymux_controller::server - Kynet accept failed: connection error: Endpoint closed
2026-09-15T20:28:41.237 WARN kycontroller::kymux_controller::server - Kynet accept failed: connection error: Endpoint closed
2026-09-15T20:28:41.237 WARN kycontroller::kymux_controller::server - Kynet accept failed: connection error: Endpoint closed
2026-09-15T20:28:41.237 WARN kycontroller::kymux_controller::server - Kynet accept failed: connection error: Endpoint closed
2026-09-15T20:28:41.237 WARN kycontroller::kymux_controller::server - Kynet accept failed: connection error: Endpoint closed
2026-09-15T20:28:41.237 WARN kycontroller::kymux_controller::server - Kynet accept failed: connection error: Endpoint closed
2026-09-15T20:28:41.237 WARN kycontroller::kymux_controller::server - Kynet accept failed: connection error: Endpoint closed
2026-09-15T20:28:41.237 WARN kycontroller::kymux_controller::server - Kynet accept failed: connection error: Endpoint closed
2026-09-15T20:28:41.237 WARN kycontroller::kymux_controller::server - Kynet accept failed: connection error: Endpoint closed
2026-09-15T20:28:41.237 WARN kycontroller::kymux_controller::server - Kynet accept failed: connection error: Endpoint closed
2026-09-15T20:28:41.237 WARN kycontroller::kymux_controller::server - Kynet accept failed: connection error: Endpoint closed
2026-09-15T20:28:41.237 WARN kycontroller::kymux_controller::server - Kynet accept failed: connection error: Endpoint closed
2026-09-15T20:28:41.237 WARN kycontroller::kymux_controller::server - Kynet accept failed: connection error: Endpoint closed
2026-09-15T20:28:41.237 WARN kycontroller::kymux_controller::server - Kynet accept failed: connection error: Endpoint closed
2026-09-15T20:28:41.237 WARN kycontroller::kymux_controller::server - Kynet accept failed: connection error: Endpoint closed
2026-09-15T20:28:41.237 WARN kycontroller::kymux_controller::server - Kynet accept failed: connection error: Endpoint closed
2026-09-15T20:28:41.237 WARN kycontroller::kymux_controller::server - Kynet accept failed: connection error: Endpoint closed
2026-09-15T20:28:41.238 WARN kycontroller::kymux_controller::server - Kynet accept failed: connection error: Endpoint closed
2026-09-15T20:28:41.238 WARN kycontroller::kymux_controller::server - Kynet accept failed: connection error: Endpoint closed
2026-09-15T20:28:41.238 WARN kycontroller::kymux_controller::server - Kynet accept failed: connection error: Endpoint closed
2026-09-15T20:28:41.238 WARN kycontroller::kymux_controller::server - Kynet accept failed: connection error: Endpoint closed
2026-09-15T20:28:41.238 WARN kycontroller::kymux_controller::server - Kynet accept failed: connection error: Endpoint closed
2026-09-15T20:28:41.238 WARN kycontroller::kymux_controller::server - Kynet accept failed: connection error: Endpoint closed
2026-09-15T20:28:41.238 WARN kycontroller::kymux_controller::server - Kynet accept failed: connection error: Endpoint closed
2026-09-15T20:28:41.238 WARN kycontroller::kymux_controller::server - Kynet accept failed: connection error: Endpoint closed
2026-09-15T20:28:41.238 WARN kycontroller::kymux_controller::server - Kynet accept failed: connection error: Endpoint closed
2026-09-15T20:28:41.238 WARN kycontroller::kymux_controller::server - Kynet accept failed: connection error: Endpoint closed
2026-09-15T20:28:41.238 WARN kycontroller::kymux_controller::server - Kynet accept failed: connection error: Endpoint closed
2026-09-15T20:28:41.238 WARN kycontroller::kymux_controller::server - Kynet accept failed: connection error: Endpoint closed
2026-09-15T20:28:41.238 WARN kycontroller::kymux_controller::server - Kynet accept failed: connection error: Endpoint closed
2026-09-15T20:28:41.238 WARN kycontroller::kymux_controller::server - Kynet accept failed: connection error: Endpoint closed
2026-09-15T20:28:41.238 WARN kycontroller::kymux_controller::server - Kynet accept failed: connection error: Endpoint closed
2026-09-15T20:28:41.238 WARN kycontroller::kymux_controller::server - Kynet accept failed: connection error: Endpoint closed
2026-09-15T20:28:41.238 WARN kycontroller::kymux_controller::server - Kynet accept failed: connection error: Endpoint closed
2026-09-15T20:28:41.238 WARN kycontroller::kymux_controller::server - Kynet accept failed: connection error: Endpoint closed
2026-09-15T20:28:41.238 WARN kycontroller::kymux_controller::server - Kynet accept failed: connection error: Endpoint closed
2026-09-15T20:28:41.238 WARN kycontroller::kymux_controller::server - Kynet accept failed: connection error: Endpoint closed
2026-09-15T20:28:41.238 WARN kycontroller::kymux_controller::server - Kynet accept failed: connection error: Endpoint closed
2026-09-15T20:28:41.238 WARN kycontroller::kymux_controller::server - Kynet accept failed: connection error: Endpoint closed
2026-09-15T20:28:41.238 WARN kycontroller::kymux_controller::server - Kynet accept failed: connection error: Endpoint closed
2026-09-15T20:28:41.238 WARN kycontroller::kymux_controller::server - Kynet accept failed: connection error: Endpoint closed
2026-09-15T20:28:41.238 WARN kycontroller::kymux_controller::server - Kynet accept failed: connection error: Endpoint closed
2026-09-15T20:28:41.238 WARN kycontroller::kymux_controller::server - Kynet accept failed: connection error: Endpoint closed
2026-09-15T20:28:41.238 WARN kycontroller::kymux_controller::server - Kynet accept failed: connection error: Endpoint closed
2026-09-15T20:28:41.238 WARN kycontroller::kymux_controller::server - Kynet accept failed: connection error: Endpoint closed
2026-09-15T20:28:41.238 WARN kycontroller::kymux_controller::server - Kynet accept failed: connection error: Endpoint closed
2026-09-15T20:28:41.238 WARN kycontroller::kymux_controller::server - Kynet accept failed: connection error: Endpoint closed
2026-09-15T20:28:41.238 WARN kycontroller::kymux_controller::server - Kynet accept failed: connection error: Endpoint closed
2026-09-15T20:28:41.238 WARN kycontroller::kymux_controller::server - Kynet accept failed: connection error: Endpoint closed
2026-09-15T20:28:41.238 WARN kycontroller::kymux_controller::server - Kynet accept failed: connection error: Endpoint closed
2026-09-15T20:28:41.238 WARN kycontroller::kymux_controller::server - Kynet accept failed: connection error: Endpoint closed
2026-09-15T20:28:41.238 WARN kycontroller::kymux_controller::server - Kynet accept failed: connection error: Endpoint closed
2026-09-15T20:28:41.238 WARN kycontroller::kymux_controller::server - Kynet accept failed: connection error: Endpoint closed
2026-09-15T20:28:41.238 WARN kycontroller::kymux_controller::server - Kynet accept failed: connection error: Endpoint closed
2026-09-15T20:28:41.238 WARN kycontroller::kymux_controller::server - Kynet accept failed: connection error: Endpoint closed
2026-09-15T20:28:41.238 WARN kycontroller::kymux_controller::server - Kynet accept failed: connection error: Endpoint closed
2026-09-15T20:28:41.238 INFO kycontroller - Session stopped
2026-09-15T20:28:41.238 WARN kycontroller::kymux_controller::server - Kynet accept failed: connection error: Endpoint closed
2026-09-15T20:28:41.238 WARN kycontroller::kymux_controller::server - Kynet accept failed: connection error: Endpoint closed
2026-09-15T20:28:41.238 INFO actix_web::middleware::logger - ::ffff:127.0.0.1 "POST /session/logout HTTP/1.1" 200 0 "-" "-" 0.056546
