id,t_deadline_us,t_pub_us,published
0,36855227344,36855229325,1
1,36855244010,36855244700,1
2,36855260677,36855262000,1
3,36855277344,36855278092,1
4,36855294010,36855295368,1
5,36855310677,36855312177,1
6,36855327344,36855328761,1
7,36855344010,36855345286,1
8,36855360677,36855361929,1
9,36855377344,36855378742,1
10,36855394010,36855395290,1
11,36855410677,36855411946,1
12,36855427344,36855428742,1
13,36855444010,36855445448,1
14,36855460677,36855461930,1
15,36855477344,36855478894,1
16,36855494010,36855495262,1
17,36855510677,36855511938,1
18,36855527344,36855528722,1
19,36855544010,36855545407,1
20,36855560677,36855561922,1
21,36855577344,36855578733,1
22,36855594010,36855595258,1
23,36855610677,36855611983,1
24,36855627344,36855628757,1
25,36855644010,36855645267,1
26,36855660677,36855662163,1
27,36855677344,36855678757,1
28,36855694010,36855695248,1
29,36855710677,36855711944,1
30,36855727344,36855728744,1
31,36855744010,36855745265,1
32,36855760677,36855761922,1
33,36855777344,36855778594,1
34,36855794010,36855795252,1
35,36855810677,36855811933,1
36,36855827344,36855828616,1
37,36855844010,36855845246,1
38,36855860677,36855861975,1
39,36855877344,36855878609,1
40,36855894010,36855895249,1
41,36855910677,36855912271,1
42,36855927344,36855928588,1
43,36855944010,36855945240,1
44,36855960677,36855961937,1
45,36855977344,36855978738,1
46,36855994010,36855995240,1
47,36856010677,36856011931,1
48,36856027344,36856029149,1
49,36856044010,36856045285,1
50,36856060677,36856061937,1
51,36856077344,36856078591,1
52,36856094010,36856095266,1
53,36856110677,36856111995,1
54,36856127344,36856129094,1
55,36856144010,36856145393,1
56,36856160677,36856162239,1
57,36856177344,36856178889,1
58,36856194010,36856195551,1
59,36856210677,36856212202,1
60,36856227344,36856228879,1
61,36856244010,36856245557,1
62,36856260677,36856262152,1
63,36856277344,36856278747,1
64,36856294010,36856295504,1
65,36856310677,36856312336,1
66,36856327344,36856328741,1
67,36856344010,36856345531,1
68,36856360677,36856362329,1
69,36856377344,36856378919,1
70,36856394010,36856395697,1
71,36856410677,36856412471,1
72,36856427344,36856430636,1
73,36856444010,36856445765,1
74,36856460677,36856462524,1
75,36856477344,36856478898,1
76,36856494010,36856495503,1
77,36856510677,36856512191,1
78,36856527344,36856528771,1
79,36856544010,36856545280,1
80,36856560677,36856561948,1
81,36856577344,36856578610,1
82,36856594010,36856595266,1
83,36856610677,36856612035,1
84,36856627344,36856628909,1
85,36856644010,36856645262,1
86,36856660677,36856661923,1
87,36856677344,36856678876,1
88,36856694010,36856695363,1
89,36856710677,36856712072,1
90,36856727344,36856728714,1
91,36856744010,36856745549,1
92,36856760677,36856761912,1
93,36856777344,36856778649,1
94,36856794010,36856795361,1
95,36856810677,36856812169,1
96,36856827344,36856828798,1
97,36856844010,36856845500,1
98,36856860677,36856862095,1
99,36856877344,36856878710,1
100,36856894010,36856895249,1
101,36856910677,36856911962,1
102,36856927344,36856928589,1
103,36856944010,36856945254,1
104,36856960677,36856961989,1
105,36856977344,36856978968,1
106,36856994010,36856995418,1
107,36857010677,36857011953,1
108,36857027344,36857028591,1
109,36857044010,36857045408,1
110,36857060677,36857062212,1
111,36857077344,36857078900,1
112,36857094010,36857095904,1
113,36857110677,36857112207,1
114,36857127344,36857128668,1
115,36857144010,36857145286,1
116,36857160677,36857161941,1
117,36857177344,36857178612,1
118,36857194010,36857195259,1
119,36857210677,36857211927,1
120,36857227344,36857228587,1
121,36857244010,36857245249,1
122,36857260677,36857261911,1
123,36857277344,36857278924,1
124,36857294010,36857295495,1
125,36857310677,36857312086,1
126,36857327344,36857328631,1
127,36857344010,36857345436,1
128,36857360677,36857361943,1
129,36857377344,36857378620,1
130,36857394010,36857395244,1
131,36857410677,36857411931,1
132,36857427344,36857428593,1
133,36857444010,36857445244,1
134,36857460677,36857462172,1
135,36857477344,36857478655,1
136,36857494010,36857495289,1
137,36857510677,36857511934,1
138,36857527344,36857528562,1
139,36857544010,36857545249,1
140,36857560677,36857562107,1
141,36857577344,36857578605,1
142,36857594010,36857595211,1
143,36857610677,36857612093,1
144,36857627344,36857628575,1
145,36857644010,36857645277,1
146,36857660677,36857661932,1
147,36857677344,36857678619,1
148,36857694010,36857695252,1
149,36857710677,36857712115,1
150,36857727344,36857728571,1
151,36857744010,36857745256,1
152,36857760677,36857761895,1
153,36857777344,36857778594,1
154,36857794010,36857795295,1
155,36857810677,36857811972,1
156,36857827344,36857828784,1
157,36857844010,36857845266,1
158,36857860677,36857861913,1
159,36857877344,36857878587,1
160,36857894010,36857895232,1
161,36857910677,36857911911,1
162,36857927344,36857928582,1
163,36857944010,36857945240,1
164,36857960677,36857962031,1
165,36857977344,36857978611,1
166,36857994010,36857995233,1
167,36858010677,36858011911,1
168,36858027344,36858028573,1
169,36858044010,36858045245,1
170,36858060677,36858062072,1
171,36858077344,36858078606,1
172,36858094010,36858095430,1
173,36858110677,36858111912,1
174,36858127344,36858128563,1
175,36858144010,36858145256,1
176,36858160677,36858161930,1
177,36858177344,36858178805,1
178,36858194010,36858195474,1
179,36858210677,36858211909,1
180,36858227344,36858228587,1
181,36858244010,36858245265,1
182,36858260677,36858261899,1
183,36858277344,36858278587,1
184,36858294010,36858295354,1
185,36858310677,36858312094,1
186,36858327344,36858328584,1
187,36858344010,36858345273,1
188,36858360677,36858361999,1
189,36858377344,36858378684,1
190,36858394010,36858395342,1
191,36858410677,36858412065,1
192,36858427344,36858428964,1
193,36858444010,36858445783,1
194,36858460677,36858461981,1
195,36858477344,36858478693,1
196,36858494010,36858495338,1
197,36858510677,36858511987,1
198,36858527344,36858528627,1
199,36858544010,36858545587,1
200,36858560677,36858561982,1
201,36858577344,36858578616,1
202,36858594010,36858595259,1
203,36858610677,36858612132,1
204,36858627344,36858628770,1
205,36858644010,36858645302,1
206,36858660677,36858661958,1
207,36858677344,36858678590,1
208,36858694010,36858695245,1
209,36858710677,36858711945,1
210,36858727344,36858728604,1
211,36858744010,36858745270,1
212,36858760677,36858761912,1
213,36858777344,36858778718,1
214,36858794010,36858795494,1
215,36858810677,36858811933,1
216,36858827344,36858828595,1
217,36858844010,36858845280,1
218,36858860677,36858861978,1
219,36858877344,36858878692,1
220,36858894010,36858895628,1
221,36858910677,36858912282,1
222,36858927344,36858928811,1
223,36858944010,36858945510,1
224,36858960677,36858962024,1
225,36858977344,36858978670,1
226,36858994010,36858995307,1
227,36859010677,36859011987,1
228,36859027344,36859028880,1
229,36859044010,36859045272,1
230,36859060677,36859061962,1
231,36859077344,36859078594,1
232,36859094010,36859095260,1
233,36859110677,36859111931,1
234,36859127344,36859128588,1
235,36859144010,36859145516,1
236,36859160677,36859162075,1
237,36859177344,36859178622,1
238,36859194010,36859195266,1
239,36859210677,36859211906,1
240,36859227344,36859228560,1
241,36859244010,36859245242,1
242,36859260677,36859262061,1
243,36859277344,36859278591,1
244,36859294010,36859295247,1
245,36859310677,36859311921,1
246,36859327344,36859328587,1
247,36859344010,36859345265,1
248,36859360677,36859361913,1
249,36859377344,36859378629,1
250,36859394010,36859395257,1
251,36859410677,36859412042,1
252,36859427344,36859428607,1
253,36859444010,36859445265,1
254,36859460677,36859461927,1
255,36859477344,36859478635,1
256,36859494010,36859495310,1
257,36859510677,36859512160,1
258,36859527344,36859528611,1
259,36859544010,36859545270,1
260,36859560677,36859561937,1
261,36859577344,36859578612,1
262,36859594010,36859595304,1
263,36859610677,36859612140,1
264,36859627344,36859628780,1
265,36859644010,36859645276,1
266,36859660677,36859661962,1
267,36859677344,36859678777,1
268,36859694010,36859695251,1
269,36859710677,36859711934,1
270,36859727344,36859728609,1
271,36859744010,36859745464,1
272,36859760677,36859761969,1
273,36859777344,36859778592,1
274,36859794010,36859795255,1
275,36859810677,36859811938,1
276,36859827344,36859828612,1
277,36859844010,36859845263,1
278,36859860677,36859862097,1
279,36859877344,36859878608,1
280,36859894010,36859895257,1
281,36859910677,36859911938,1
282,36859927344,36859928600,1
283,36859944010,36859945258,1
284,36859960677,36859961918,1
285,36859977344,36859978758,1
286,36859994010,36859995408,1
287,36860010677,36860012157,1
288,36860027344,36860028630,1
289,36860044010,36860045320,1
290,36860060677,36860061960,1
291,36860077344,36860078593,1
292,36860094010,36860095265,1
293,36860110677,36860111983,1
294,36860127344,36860128696,1
295,36860144010,36860145455,1
296,36860160677,36860162024,1
297,36860177344,36860178633,1
298,36860194010,36860195466,1
299,36860210677,36860212619,1
300,36860227344,36860228780,1
301,36860244010,36860245437,1
302,36860260677,36860261939,1
303,36860277344,36860278677,1
304,36860294010,36860295507,1
305,36860310677,36860312006,1
306,36860327344,36860328622,1
307,36860344010,36860345558,1
308,36860360677,36860362082,1
309,36860377344,36860378629,1
310,36860394010,36860395494,1
311,36860410677,36860411924,1
312,36860427344,36860428626,1
313,36860444010,36860445484,1
314,36860460677,36860462134,1
315,36860477344,36860478958,1
316,36860494010,36860495516,1
317,36860510677,36860512037,1
318,36860527344,36860528812,1
319,36860544010,36860545586,1
320,36860560677,36860561958,1
321,36860577344,36860578680,1
322,36860594010,36860595476,1
323,36860610677,36860612104,1
324,36860627344,36860628675,1
325,36860644010,36860645480,1
326,36860660677,36860661974,1
327,36860677344,36860678702,1
328,36860694010,36860695497,1
329,36860710677,36860712006,1
330,36860727344,36860728849,1
331,36860744010,36860746040,1
332,36860760677,36860761948,1
333,36860777344,36860778581,1
334,36860794010,36860795251,1
335,36860810677,36860811936,1
336,36860827344,36860828626,1
337,36860844010,36860845263,1
338,36860860677,36860861934,1
339,36860877344,36860878599,1
340,36860894010,36860895264,1
341,36860910677,36860911908,1
342,36860927344,36860928599,1
343,36860944010,36860945408,1
344,36860960677,36860962293,1
345,36860977344,36860978794,1
346,36860994010,36860995474,1
347,36861010677,36861012190,1
348,36861027344,36861028831,1
349,36861044010,36861045405,1
350,36861060677,36861062021,1
351,36861077344,36861078825,1
352,36861094010,36861095288,1
353,36861110677,36861111957,1
354,36861127344,36861128595,1
355,36861144010,36861145291,1
356,36861160677,36861161940,1
357,36861177344,36861178689,1
358,36861194010,36861195465,1
359,36861210677,36861211938,1
360,36861227344,36861228594,1
361,36861244010,36861245255,1
362,36861260677,36861261911,1
363,36861277344,36861278655,1
364,36861294010,36861295518,1
365,36861310677,36861312035,1
366,36861327344,36861328835,1
367,36861344010,36861345276,1
368,36861360677,36861361984,1
369,36861377344,36861378603,1
370,36861394010,36861395271,1
371,36861410677,36861411939,1
372,36861427344,36861428788,1
373,36861444010,36861445262,1
374,36861460677,36861461918,1
375,36861477344,36861478705,1
376,36861494010,36861495318,1
377,36861510677,36861512085,1
378,36861527344,36861528808,1
379,36861544010,36861545594,1
380,36861560677,36861562112,1
381,36861577344,36861578825,1
382,36861594010,36861595455,1
383,36861610677,36861612215,1
384,36861627344,36861629063,1
385,36861644010,36861645558,1
386,36861660677,36861662715,1
387,36861677344,36861678621,1
388,36861694010,36861695276,1
389,36861710677,36861711945,1
390,36861727344,36861728585,1
391,36861744010,36861745334,1
392,36861760677,36861761966,1
393,36861777344,36861778682,1
394,36861794010,36861795662,1
395,36861810677,36861812516,1
396,36861827344,36861829181,1
397,36861844010,36861845489,1
398,36861860677,36861861929,1
399,36861877344,36861878633,1
400,36861894010,36861895343,1
401,36861910677,36861912196,1
402,36861927344,36861928626,1
403,36861944010,36861945276,1
404,36861960677,36861961915,1
405,36861977344,36861978699,1
406,36861994010,36861995308,1
407,36862010677,36862012010,1
408,36862027344,36862028874,1
409,36862044010,36862045297,1
410,36862060677,36862061942,1
411,36862077344,36862078639,1
412,36862094010,36862095267,1
413,36862110677,36862112055,1
414,36862127344,36862128762,1
415,36862144010,36862145482,1
416,36862160677,36862162615,1
417,36862177344,36862178807,1
418,36862194010,36862195246,1
419,36862210677,36862211936,1
420,36862227344,36862228592,1
421,36862244010,36862245261,1
422,36862260677,36862261912,1
423,36862277344,36862278659,1
424,36862294010,36862295283,1
425,36862310677,36862311922,1
426,36862327344,36862328725,1
427,36862344010,36862345318,1
428,36862360677,36862361978,1
429,36862377344,36862378754,1
430,36862394010,36862395433,1
431,36862410677,36862411963,1
432,36862427344,36862428587,1
433,36862444010,36862445336,1
434,36862460677,36862461930,1
435,36862477344,36862478620,1
436,36862494010,36862495341,1
437,36862510677,36862512150,1
438,36862527344,36862528675,1
439,36862544010,36862545389,1
440,36862560677,36862562031,1
441,36862577344,36862578693,1
442,36862594010,36862595355,1
443,36862610677,36862612145,1
444,36862627344,36862628919,1
445,36862644010,36862645526,1
446,36862660677,36862662199,1
447,36862677344,36862678653,1
448,36862694010,36862695387,1
449,36862710677,36862711931,1
450,36862727344,36862728621,1
451,36862744010,36862745558,1
452,36862760677,36862762002,1
453,36862777344,36862778611,1
454,36862794010,36862795274,1
455,36862810677,36862811943,1
456,36862827344,36862828701,1
457,36862844010,36862845275,1
458,36862860677,36862862269,1
459,36862877344,36862878804,1
460,36862894010,36862895428,1
461,36862910677,36862911911,1
462,36862927344,36862928723,1
463,36862944010,36862945333,1
464,36862960677,36862961992,1
465,36862977344,36862979890,1
466,36862994010,36862995288,1
467,36863010677,36863012022,1
468,36863027344,36863028625,1
469,36863044010,36863045446,1
470,36863060677,36863062082,1
471,36863077344,36863078762,1
472,36863094010,36863095575,1
473,36863110677,36863112341,1
474,36863127344,36863128875,1
475,36863144010,36863145450,1
476,36863160677,36863162086,1
477,36863177344,36863178842,1
478,36863194010,36863195296,1
479,36863210677,36863211983,1
480,36863227344,36863229016,1
481,36863244010,36863245444,1
482,36863260677,36863262084,1
483,36863277344,36863278592,1
484,36863294010,36863295396,1
485,36863310677,36863312094,1
486,36863327344,36863328820,1
487,36863344010,36863345564,1
488,36863360677,36863362005,1
489,36863377344,36863378622,1
490,36863394010,36863395508,1
491,36863410677,36863411958,1
492,36863427344,36863428759,1
493,36863444010,36863445410,1
494,36863460677,36863462160,1
495,36863477344,36863478810,1
496,36863494010,36863495400,1
497,36863510677,36863512051,1
498,36863527344,36863528684,1
499,36863544010,36863545314,1
500,36863560677,36863561921,1
501,36863577344,36863578769,1
502,36863594010,36863595626,1
503,36863610677,36863612140,1
504,36863627344,36863628803,1
505,36863644010,36863645705,1
506,36863660677,36863662156,1
507,36863677344,36863678679,1
508,36863694010,36863695259,1
509,36863710677,36863711940,1
510,36863727344,36863728609,1
511,36863744010,36863745280,1
512,36863760677,36863761960,1
513,36863777344,36863778653,1
514,36863794010,36863795347,1
515,36863810677,36863811978,1
516,36863827344,36863829327,1
517,36863844010,36863845516,1
518,36863860677,36863862059,1
519,36863877344,36863878650,1
520,36863894010,36863895341,1
521,36863910677,36863911937,1
522,36863927344,36863928799,1
523,36863944010,36863945516,1
524,36863960677,36863961979,1
525,36863977344,36863978626,1
526,36863994010,36863995276,1
527,36864010677,36864011946,1
528,36864027344,36864028602,1
529,36864044010,36864045270,1
530,36864060677,36864062166,1
531,36864077344,36864078658,1
532,36864094010,36864095340,1
533,36864110677,36864111998,1
534,36864127344,36864128631,1
535,36864144010,36864145309,1
536,36864160677,36864161917,1
537,36864177344,36864178786,1
538,36864194010,36864195436,1
539,36864210677,36864212027,1
540,36864227344,36864228721,1
541,36864244010,36864245274,1
542,36864260677,36864261938,1
543,36864277344,36864278738,1
544,36864294010,36864295452,1
545,36864310677,36864311973,1
546,36864327344,36864328807,1
547,36864344010,36864345264,1
548,36864360677,36864361955,1
549,36864377344,36864378608,1
550,36864394010,36864395259,1
551,36864410677,36864411935,1
552,36864427344,36864428596,1
553,36864444010,36864445350,1
554,36864460677,36864462148,1
555,36864477344,36864478603,1
556,36864494010,36864495284,1
557,36864510677,36864512011,1
558,36864527344,36864528724,1
559,36864544010,36864545632,1
560,36864560677,36864561938,1
561,36864577344,36864578594,1
562,36864594010,36864595311,1
563,36864610677,36864611992,1
564,36864627344,36864628869,1
565,36864644010,36864645408,1
566,36864660677,36864662128,1
567,36864677344,36864678653,1
568,36864694010,36864695412,1
569,36864710677,36864712160,1
570,36864727344,36864728616,1
571,36864744010,36864745310,1
572,36864760677,36864761944,1
573,36864777344,36864778713,1
574,36864794010,36864795454,1
575,36864810677,36864811988,1
576,36864827344,36864828663,1
577,36864844010,36864845272,1
578,36864860677,36864862015,1
579,36864877344,36864878658,1
580,36864894010,36864895258,1
581,36864910677,36864912002,1
582,36864927344,36864928790,1
583,36864944010,36864945269,1
584,36864960677,36864961963,1
585,36864977344,36864978836,1
586,36864994010,36864995307,1
587,36865010677,36865012003,1
588,36865027344,36865028856,1
589,36865044010,36865045286,1
590,36865060677,36865061932,1
591,36865077344,36865078600,1
592,36865094010,36865095251,1
593,36865110677,36865111929,1
594,36865127344,36865128852,1
595,36865144010,36865145506,1
596,36865160677,36865162250,1
597,36865177344,36865178805,1
598,36865194010,36865195602,1
599,36865210677,36865212363,1
600,36865227344,36865228794,1
601,36865244010,36865245536,1
602,36865260677,36865261962,1
603,36865277344,36865278928,1
604,36865294010,36865295513,1
605,36865310677,36865311949,1
606,36865327344,36865328772,1
607,36865344010,36865345462,1
608,36865360677,36865362079,1
609,36865377344,36865378665,1
610,36865394010,36865395456,1
611,36865410677,36865412008,1
612,36865427344,36865428596,1
613,36865444010,36865445455,1
614,36865460677,36865461931,1
615,36865477344,36865478612,1
616,36865494010,36865495455,1
617,36865510677,36865512139,1
618,36865527344,36865528788,1
619,36865544010,36865545450,1
620,36865560677,36865561938,1
621,36865577344,36865578607,1
622,36865594010,36865595446,1
623,36865610677,36865611941,1
624,36865627344,36865628761,1
625,36865644010,36865645442,1
626,36865660677,36865662114,1
627,36865677344,36865678612,1
628,36865694010,36865695467,1
629,36865710677,36865711941,1
630,36865727344,36865728631,1
631,36865744010,36865745494,1
632,36865760677,36865762126,1
633,36865777344,36865778627,1
634,36865794010,36865795459,1
635,36865810677,36865811929,1
636,36865827344,36865828673,1
637,36865844010,36865845488,1
638,36865860677,36865861930,1
639,36865877344,36865878614,1
640,36865894010,36865895255,1
641,36865910677,36865912020,1
642,36865927344,36865928636,1
643,36865944010,36865945264,1
644,36865960677,36865961934,1
645,36865977344,36865978618,1
646,36865994010,36865995470,1
647,36866010677,36866011977,1
648,36866027344,36866028666,1
649,36866044010,36866045281,1
650,36866060677,36866062124,1
651,36866077344,36866078596,1
652,36866094010,36866095300,1
653,36866110677,36866112151,1
654,36866127344,36866128594,1
655,36866144010,36866145264,1
656,36866160677,36866161921,1
657,36866177344,36866178608,1
658,36866194010,36866195251,1
659,36866210677,36866211936,1
660,36866227344,36866228589,1
661,36866244010,36866245428,1
662,36866260677,36866261907,1
663,36866277344,36866278584,1
664,36866294010,36866295364,1
665,36866310677,36866311926,1
666,36866327344,36866328571,1
667,36866344010,36866345451,1
668,36866360677,36866361924,1
669,36866377344,36866378587,1
670,36866394010,36866395249,1
671,36866410677,36866411916,1
672,36866427344,36866428591,1
673,36866444010,36866445245,1
674,36866460677,36866462063,1
675,36866477344,36866478591,1
676,36866494010,36866495263,1
677,36866510677,36866511984,1
678,36866527344,36866528596,1
679,36866544010,36866545246,1
680,36866560677,36866561905,1
681,36866577344,36866578769,1
682,36866594010,36866595254,1
683,36866610677,36866611916,1
684,36866627344,36866628739,1
685,36866644010,36866645251,1
686,36866660677,36866661928,1
687,36866677344,36866678582,1
688,36866694010,36866695304,1
689,36866710677,36866712130,1
690,36866727344,36866728649,1
691,36866744010,36866745392,1
692,36866760677,36866761969,1
693,36866777344,36866778678,1
694,36866794010,36866795456,1
695,36866810677,36866811950,1
696,36866827344,36866828709,1
697,36866844010,36866845466,1
698,36866860677,36866861910,1
699,36866877344,36866878595,1
700,36866894010,36866895241,1
701,36866910677,36866911919,1
702,36866927344,36866928576,1
703,36866944010,36866945511,1
704,36866960677,36866961944,1
705,36866977344,36866978598,1
706,36866994010,36866995227,1
707,36867010677,36867011905,1
708,36867027344,36867028648,1
709,36867044010,36867045244,1
710,36867060677,36867062119,1
711,36867077344,36867078596,1
712,36867094010,36867095252,1
713,36867110677,36867112125,1
714,36867127344,36867128579,1
715,36867144010,36867145252,1
716,36867160677,36867161928,1
717,36867177344,36867178691,1
718,36867194010,36867195423,1
719,36867210677,36867211925,1
720,36867227344,36867228656,1
721,36867244010,36867245588,1
722,36867260677,36867262114,1
723,36867277344,36867278873,1
724,36867294010,36867295589,1
725,36867310677,36867312024,1
726,36867327344,36867328595,1
727,36867344010,36867345279,1
728,36867360677,36867361917,1
729,36867377344,36867378616,1
730,36867394010,36867395246,1
731,36867410677,36867411915,1
732,36867427344,36867428661,1
733,36867444010,36867445459,1
734,36867460677,36867461929,1
735,36867477344,36867478585,1
736,36867494010,36867495249,1
737,36867510677,36867511923,1
738,36867527344,36867528614,1
739,36867544010,36867545493,1
740,36867560677,36867561954,1
741,36867577344,36867578600,1
742,36867594010,36867595237,1
743,36867610677,36867611903,1
744,36867627344,36867628739,1
745,36867644010,36867645261,1
746,36867660677,36867662071,1
747,36867677344,36867678773,1
748,36867694010,36867695414,1
749,36867710677,36867711943,1
750,36867727344,36867728577,1
751,36867744010,36867745236,1
752,36867760677,36867761912,1
753,36867777344,36867778685,1
754,36867794010,36867795417,1
755,36867810677,36867811991,1
756,36867827344,36867828655,1
757,36867844010,36867845254,1
758,36867860677,36867861897,1
759,36867877344,36867878581,1
760,36867894010,36867895281,1
761,36867910677,36867912102,1
762,36867927344,36867928574,1
763,36867944010,36867945252,1
764,36867960677,36867961901,1
765,36867977344,36867978593,1
766,36867994010,36867995271,1
767,36868010677,36868011911,1
768,36868027344,36868028583,1
769,36868044010,36868045231,1
770,36868060677,36868061893,1
771,36868077344,36868078592,1
772,36868094010,36868095234,1
773,36868110677,36868111913,1
774,36868127344,36868128576,1
775,36868144010,36868145427,1
776,36868160677,36868162082,1
777,36868177344,36868178603,1
778,36868194010,36868195313,1
779,36868210677,36868211975,1
780,36868227344,36868228596,1
781,36868244010,36868245254,1
782,36868260677,36868262076,1
783,36868277344,36868278609,1
784,36868294010,36868295263,1
785,36868310677,36868311964,1
786,36868327344,36868328591,1
787,36868344010,36868345273,1
788,36868360677,36868361934,1
789,36868377344,36868378742,1
790,36868394010,36868395440,1
791,36868410677,36868411942,1
792,36868427344,36868428627,1
793,36868444010,36868445277,1
794,36868460677,36868461919,1
795,36868477344,36868478616,1
796,36868494010,36868495297,1
797,36868510677,36868512125,1
798,36868527344,36868528640,1
799,36868544010,36868545265,1
800,36868560677,36868561926,1
801,36868577344,36868578600,1
802,36868594010,36868595255,1
803,36868610677,36868611973,1
804,36868627344,36868628814,1
805,36868644010,36868645432,1
806,36868660677,36868662122,1
807,36868677344,36868678608,1
808,36868694010,36868695429,1
809,36868710677,36868711937,1
810,36868727344,36868728597,1
811,36868744010,36868745266,1
812,36868760677,36868761951,1
813,36868777344,36868778591,1
814,36868794010,36868795265,1
815,36868810677,36868812121,1
816,36868827344,36868828842,1
817,36868844010,36868845420,1
818,36868860677,36868862203,1
819,36868877344,36868879574,1
820,36868894010,36868895383,1
821,36868910677,36868911964,1
822,36868927344,36868928640,1
823,36868944010,36868945310,1
824,36868960677,36868961970,1
825,36868977344,36868978760,1
826,36868994010,36868995459,1
827,36869010677,36869011993,1
828,36869027344,36869028607,1
829,36869044010,36869045274,1
830,36869060677,36869061932,1
831,36869077344,36869078646,1
832,36869094010,36869095328,1
833,36869110677,36869112141,1
834,36869127344,36869128604,1
835,36869144010,36869145321,1
836,36869160677,36869161971,1
837,36869177344,36869178658,1
838,36869194010,36869195254,1
839,36869210677,36869211923,1
840,36869227344,36869228855,1
841,36869244010,36869245287,1
842,36869260677,36869261977,1
843,36869277344,36869278610,1
844,36869294010,36869295305,1
845,36869310677,36869312073,1
846,36869327344,36869328800,1
847,36869344010,36869345578,1
848,36869360677,36869362273,1
849,36869377344,36869378856,1
850,36869394010,36869395412,1
851,36869410677,36869411987,1
852,36869427344,36869428638,1
853,36869444010,36869445277,1
854,36869460677,36869461937,1
855,36869477344,36869478687,1
856,36869494010,36869495326,1
857,36869510677,36869512126,1
858,36869527344,36869528711,1
859,36869544010,36869545307,1
860,36869560677,36869561950,1
861,36869577344,36869578712,1
862,36869594010,36869595452,1
863,36869610677,36869611978,1
864,36869627344,36869628827,1
865,36869644010,36869645264,1
866,36869660677,36869661950,1
867,36869677344,36869678606,1
868,36869694010,36869695297,1
869,36869710677,36869712145,1
870,36869727344,36869728633,1
871,36869744010,36869745264,1
872,36869760677,36869762097,1
873,36869777344,36869778588,1
874,36869794010,36869795309,1
875,36869810677,36869811996,1
876,36869827344,36869828868,1
877,36869844010,36869845284,1
878,36869860677,36869861936,1
879,36869877344,36869878604,1
880,36869894010,36869895272,1
881,36869910677,36869911936,1
882,36869927344,36869928587,1
883,36869944010,36869945451,1
884,36869960677,36869961922,1
885,36869977344,36869978629,1
886,36869994010,36869995253,1
887,36870010677,36870011985,1
888,36870027344,36870028622,1
889,36870044010,36870045473,1
890,36870060677,36870062138,1
891,36870077344,36870078599,1
892,36870094010,36870095289,1
893,36870110677,36870111956,1
894,36870127344,36870128800,1
895,36870144010,36870145273,1
896,36870160677,36870161955,1
897,36870177344,36870178829,1
898,36870194010,36870195262,1
899,36870210677,36870211935,1
900,36870227344,36870228809,1
901,36870244010,36870245263,1
902,36870260677,36870261925,1
903,36870277344,36870278789,1
904,36870294010,36870295411,1
905,36870310677,36870312236,1
906,36870327344,36870328766,1
907,36870344010,36870345313,1
908,36870360677,36870361941,1
909,36870377344,36870378780,1
910,36870394010,36870395278,1
911,36870410677,36870411983,1
912,36870427344,36870428783,1
913,36870444010,36870445266,1
914,36870460677,36870461948,1
915,36870477344,36870478799,1
916,36870494010,36870495254,1
917,36870510677,36870511940,1
918,36870527344,36870528817,1
919,36870544010,36870545277,1
920,36870560677,36870562139,1
921,36870577344,36870578782,1
922,36870594010,36870595260,1
923,36870610677,36870611938,1
924,36870627344,36870628812,1
925,36870644010,36870645323,1
926,36870660677,36870661936,1
927,36870677344,36870678805,1
928,36870694010,36870695278,1
929,36870710677,36870711974,1
930,36870727344,36870728798,1
931,36870744010,36870745270,1
932,36870760677,36870761932,1
933,36870777344,36870778788,1
934,36870794010,36870795450,1
935,36870810677,36870811954,1
936,36870827344,36870828863,1
937,36870844010,36870845274,1
938,36870860677,36870861957,1
939,36870877344,36870878597,1
940,36870894010,36870895422,1
941,36870910677,36870911988,1
942,36870927344,36870928762,1
943,36870944010,36870945328,1
944,36870960677,36870962136,1
945,36870977344,36870978687,1
946,36870994010,36870995265,1
947,36871010677,36871011973,1
948,36871027344,36871028802,1
949,36871044010,36871045301,1
950,36871060677,36871061914,1
951,36871077344,36871078652,1
952,36871094010,36871095254,1
953,36871110677,36871111970,1
954,36871127344,36871128580,1
955,36871144010,36871145281,1
956,36871160677,36871162199,1
957,36871177344,36871178606,1
958,36871194010,36871195315,1
959,36871210677,36871211924,1
960,36871227344,36871228620,1
961,36871244010,36871245279,1
962,36871260677,36871261932,1
963,36871277344,36871278854,1
964,36871294010,36871295267,1
965,36871310677,36871312002,1
966,36871327344,36871328605,1
967,36871344010,36871345437,1
968,36871360677,36871361971,1
969,36871377344,36871378604,1
970,36871394010,36871395596,1
971,36871410677,36871412139,1
972,36871427344,36871428836,1
973,36871444010,36871445523,1
974,36871460677,36871462187,1
975,36871477344,36871478717,1
976,36871494010,36871495501,1
977,36871510677,36871512226,1
978,36871527344,36871528672,1
979,36871544010,36871545323,1
980,36871560677,36871561933,1
981,36871577344,36871578691,1
982,36871594010,36871595313,1
983,36871610677,36871611945,1
984,36871627344,36871628774,1
985,36871644010,36871645280,1
986,36871660677,36871661937,1
987,36871677344,36871678599,1
988,36871694010,36871695241,1
989,36871710677,36871711959,1
990,36871727344,36871728654,1
991,36871744010,36871745441,1
992,36871760677,36871762143,1
993,36871777344,36871778702,1
994,36871794010,36871795279,1
995,36871810677,36871811964,1
996,36871827344,36871828597,1
997,36871844010,36871845362,1
998,36871860677,36871862078,1
999,36871877344,36871878799,1
1000,36871894010,36871895448,1
1001,36871910677,36871911942,1
1002,36871927344,36871928598,1
1003,36871944010,36871945260,1
1004,36871960677,36871961934,1
1005,36871977344,36871978738,1
1006,36871994010,36871995461,1
1007,36872010677,36872011969,1
1008,36872027344,36872028593,1
1009,36872044010,36872045268,1
1010,36872060677,36872061913,1
1011,36872077344,36872078609,1
1012,36872094010,36872095327,1
1013,36872110677,36872112124,1
1014,36872127344,36872128592,1
1015,36872144010,36872145288,1
1016,36872160677,36872161929,1
1017,36872177344,36872178646,1
1018,36872194010,36872195252,1
1019,36872210677,36872211946,1
1020,36872227344,36872228816,1
1021,36872244010,36872245271,1
1022,36872260677,36872261896,1
1023,36872277344,36872278610,1
1024,36872294010,36872295250,1
1025,36872310677,36872311931,1
1026,36872327344,36872328591,1
1027,36872344010,36872345285,1
1028,36872360677,36872361927,1
1029,36872377344,36872378625,1
1030,36872394010,36872395769,1
1031,36872410677,36872412136,1
1032,36872427344,36872428598,1
1033,36872444010,36872445255,1
1034,36872460677,36872462122,1
1035,36872477344,36872478594,1
1036,36872494010,36872495253,1
1037,36872510677,36872511984,1
1038,36872527344,36872528644,1
1039,36872544010,36872545277,1
1040,36872560677,36872561944,1
1041,36872577344,36872578733,1
1042,36872594010,36872595446,1
1043,36872610677,36872611934,1
1044,36872627344,36872628751,1
1045,36872644010,36872645263,1
1046,36872660677,36872661919,1
1047,36872677344,36872678589,1
1048,36872694010,36872695306,1
1049,36872710677,36872712142,1
1050,36872727344,36872728638,1
1051,36872744010,36872745257,1
1052,36872760677,36872761943,1
1053,36872777344,36872778589,1
1054,36872794010,36872795256,1
1055,36872810677,36872811929,1
1056,36872827344,36872828811,1
1057,36872844010,36872845267,1
1058,36872860677,36872861940,1
1059,36872877344,36872878606,1
1060,36872894010,36872895249,1
1061,36872910677,36872911938,1
1062,36872927344,36872928770,1
1063,36872944010,36872945450,1
1064,36872960677,36872962076,1
1065,36872977344,36872978729,1
1066,36872994010,36872995333,1
1067,36873010677,36873012046,1
1068,36873027344,36873028717,1
1069,36873044010,36873045435,1
1070,36873060677,36873062030,1
1071,36873077344,36873078655,1
1072,36873094010,36873095309,1
1073,36873110677,36873111994,1
1074,36873127344,36873128615,1
1075,36873144010,36873145275,1
1076,36873160677,36873161938,1
1077,36873177344,36873178726,1
1078,36873194010,36873195486,1
1079,36873210677,36873212053,1
1080,36873227344,36873228614,1
1081,36873244010,36873245278,1
1082,36873260677,36873261922,1
1083,36873277344,36873278594,1
1084,36873294010,36873295311,1
1085,36873310677,36873312175,1
1086,36873327344,36873328616,1
1087,36873344010,36873345277,1
1088,36873360677,36873361923,1
1089,36873377344,36873378721,1
1090,36873394010,36873395386,1
1091,36873410677,36873412151,1
1092,36873427344,36873428899,1
1093,36873444010,36873445379,1
1094,36873460677,36873462179,1
1095,36873477344,36873478686,1
1096,36873494010,36873495523,1
1097,36873510677,36873512166,1
1098,36873527344,36873528854,1
1099,36873544010,36873545606,1
1100,36873560677,36873562096,1
1101,36873577344,36873578624,1
1102,36873594010,36873595307,1
1103,36873610677,36873611982,1
1104,36873627344,36873628765,1
1105,36873644010,36873645298,1
1106,36873660677,36873662149,1
1107,36873677344,36873678631,1
1108,36873694010,36873695265,1
1109,36873710677,36873711932,1
1110,36873727344,36873728584,1
1111,36873744010,36873745275,1
1112,36873760677,36873761925,1
1113,36873777344,36873778607,1
1114,36873794010,36873795292,1
1115,36873810677,36873811924,1
1116,36873827344,36873828596,1
1117,36873844010,36873845357,1
1118,36873860677,36873861950,1
1119,36873877344,36873878602,1
1120,36873894010,36873895256,1
1121,36873910677,36873912169,1
1122,36873927344,36873928592,1
1123,36873944010,36873945266,1
1124,36873960677,36873961948,1
1125,36873977344,36873978600,1
1126,36873994010,36873995429,1
1127,36874010677,36874011942,1
1128,36874027344,36874028915,1
1129,36874044010,36874045295,1
1130,36874060677,36874061950,1
1131,36874077344,36874078612,1
1132,36874094010,36874095270,1
1133,36874110677,36874111938,1
1134,36874127344,36874128572,1
1135,36874144010,36874145481,1
1136,36874160677,36874161952,1
1137,36874177344,36874178615,1
1138,36874194010,36874195260,1
1139,36874210677,36874211935,1
1140,36874227344,36874228587,1
1141,36874244010,36874245291,1
1142,36874260677,36874262101,1
1143,36874277344,36874278619,1
1144,36874294010,36874295255,1
1145,36874310677,36874311951,1
1146,36874327344,36874328597,1
1147,36874344010,36874345296,1
1148,36874360677,36874361924,1
1149,36874377344,36874378726,1
1150,36874394010,36874395439,1
1151,36874410677,36874411945,1
1152,36874427344,36874428619,1
1153,36874444010,36874445263,1
1154,36874460677,36874461916,1
1155,36874477344,36874478594,1
1156,36874494010,36874495306,1
1157,36874510677,36874511939,1
1158,36874527344,36874528804,1
1159,36874544010,36874545276,1
1160,36874560677,36874561946,1
1161,36874577344,36874578605,1
1162,36874594010,36874595259,1
1163,36874610677,36874612022,1
1164,36874627344,36874628788,1
1165,36874644010,36874645331,1
1166,36874660677,36874661982,1
1167,36874677344,36874678602,1
1168,36874694010,36874695282,1
1169,36874710677,36874711940,1
1170,36874727344,36874728607,1
1171,36874744010,36874745463,1
1172,36874760677,36874761955,1
1173,36874777344,36874778602,1
1174,36874794010,36874795262,1
1175,36874810677,36874811919,1
1176,36874827344,36874828575,1
1177,36874844010,36874845306,1
1178,36874860677,36874862101,1
1179,36874877344,36874878608,1
1180,36874894010,36874895276,1
1181,36874910677,36874911936,1
1182,36874927344,36874928579,1
1183,36874944010,36874945262,1
1184,36874960677,36874961927,1
1185,36874977344,36874978733,1
1186,36874994010,36874995465,1
1187,36875010677,36875011935,1
1188,36875027344,36875028597,1
1189,36875044010,36875045316,1
1190,36875060677,36875062146,1
1191,36875077344,36875078709,1
1192,36875094010,36875095491,1
1193,36875110677,36875112218,1
1194,36875127344,36875128890,1
1195,36875144010,36875145466,1
1196,36875160677,36875161979,1
1197,36875177344,36875178784,1
1198,36875194010,36875195291,1
1199,36875210677,36875211964,1
1200,36875227344,36875228763,1
1201,36875244010,36875245300,1
1202,36875260677,36875261959,1
1203,36875277344,36875278796,1
1204,36875294010,36875295299,1
1205,36875310677,36875312070,1
1206,36875327344,36875328754,1
1207,36875344010,36875345418,1
1208,36875360677,36875361927,1
1209,36875377344,36875378899,1
1210,36875394010,36875395292,1
1211,36875410677,36875411964,1
1212,36875427344,36875428746,1
1213,36875444010,36875445328,1
1214,36875460677,36875462087,1
1215,36875477344,36875478759,1
1216,36875494010,36875495283,1
1217,36875510677,36875511929,1
1218,36875527344,36875528764,1
1219,36875544010,36875545275,1
1220,36875560677,36875562040,1
1221,36875577344,36875578895,1
1222,36875594010,36875596393,1
1223,36875610677,36875612310,1
1224,36875627344,36875629278,1
1225,36875644010,36875645668,1
1226,36875660677,36875662064,1
1227,36875677344,36875678935,1
1228,36875694010,36875695280,1
1229,36875710677,36875712127,1
1230,36875727344,36875728815,1
1231,36875744010,36875745268,1
1232,36875760677,36875761948,1
1233,36875777344,36875778581,1
1234,36875794010,36875795387,1
1235,36875810677,36875811951,1
1236,36875827344,36875828716,1
1237,36875844010,36875845370,1
1238,36875860677,36875861916,1
1239,36875877344,36875878613,1
1240,36875894010,36875895262,1
1241,36875910677,36875911935,1
1242,36875927344,36875928567,1
1243,36875944010,36875945247,1
1244,36875960677,36875961908,1
1245,36875977344,36875978602,1
1246,36875994010,36875995286,1
1247,36876010677,36876011953,1
1248,36876027344,36876028587,1
1249,36876044010,36876045250,1
1250,36876060677,36876062137,1
1251,36876077344,36876078605,1
1252,36876094010,36876095248,1
1253,36876110677,36876112094,1
1254,36876127344,36876128587,1
1255,36876144010,36876145267,1
1256,36876160677,36876161913,1
1257,36876177344,36876178595,1
1258,36876194010,36876195475,1
1259,36876210677,36876211958,1
1260,36876227344,36876228578,1
1261,36876244010,36876245278,1
1262,36876260677,36876261899,1
1263,36876277344,36876278577,1
1264,36876294010,36876295257,1
1265,36876310677,36876312835,1
1266,36876327344,36876328730,1
1267,36876344010,36876345243,1
1268,36876360677,36876361921,1
1269,36876377344,36876378624,1
1270,36876394010,36876395246,1
1271,36876410677,36876411895,1
1272,36876427344,36876428775,1
1273,36876444010,36876445232,1
1274,36876460677,36876461978,1
1275,36876477344,36876478591,1
1276,36876494010,36876495235,1
1277,36876510677,36876511962,1
1278,36876527344,36876528592,1
1279,36876544010,36876545454,1
1280,36876560677,36876561949,1
1281,36876577344,36876578603,1
1282,36876594010,36876595229,1
1283,36876610677,36876611907,1
1284,36876627344,36876628650,1
1285,36876644010,36876645415,1
1286,36876660677,36876662079,1
1287,36876677344,36876678607,1
1288,36876694010,36876695235,1
1289,36876710677,36876711893,1
1290,36876727344,36876728560,1
1291,36876744010,36876745262,1
1292,36876760677,36876761927,1
1293,36876777344,36876778675,1
1294,36876794010,36876795454,1
1295,36876810677,36876811919,1
1296,36876827344,36876828567,1
1297,36876844010,36876845269,1
1298,36876860677,36876861916,1
1299,36876877344,36876878574,1
1300,36876894010,36876895287,1
1301,36876910677,36876912174,1
1302,36876927344,36876928582,1
1303,36876944010,36876945255,1
1304,36876960677,36876961921,1
1305,36876977344,36876978580,1
1306,36876994010,36876995257,1
1307,36877010677,36877011915,1
1308,36877027344,36877028790,1
1309,36877044010,36877045248,1
1310,36877060677,36877061908,1
1311,36877077344,36877078571,1
1312,36877094010,36877095243,1
1313,36877110677,36877111920,1
1314,36877127344,36877128587,1
1315,36877144010,36877145439,1
1316,36877160677,36877161953,1
1317,36877177344,36877178844,1
1318,36877194010,36877195338,1
1319,36877210677,36877212094,1
1320,36877227344,36877228770,1
1321,36877244010,36877245286,1
1322,36877260677,36877262005,1
1323,36877277344,36877278737,1
1324,36877294010,36877295273,1
1325,36877310677,36877311971,1
1326,36877327344,36877328564,1
1327,36877344010,36877345277,1
1328,36877360677,36877361900,1
1329,36877377344,36877378944,1
1330,36877394010,36877395529,1
1331,36877410677,36877412129,1
1332,36877427344,36877428656,1
1333,36877444010,36877445332,1
1334,36877460677,36877461932,1
1335,36877477344,36877478613,1
1336,36877494010,36877495323,1
1337,36877510677,36877512199,1
1338,36877527344,36877528655,1
1339,36877544010,36877545324,1
1340,36877560677,36877561956,1
1341,36877577344,36877578636,1
1342,36877594010,36877595301,1
1343,36877610677,36877611946,1
1344,36877627344,36877628859,1
1345,36877644010,36877645515,1
1346,36877660677,36877662119,1
1347,36877677344,36877678807,1
1348,36877694010,36877695499,1
1349,36877710677,36877712296,1
1350,36877727344,36877728842,1
1351,36877744010,36877745480,1
1352,36877760677,36877762115,1
1353,36877777344,36877778652,1
1354,36877794010,36877795273,1
1355,36877810677,36877811941,1
1356,36877827344,36877828571,1
1357,36877844010,36877845336,1
1358,36877860677,36877862036,1
1359,36877877344,36877878637,1
1360,36877894010,36877895315,1
1361,36877910677,36877912072,1
1362,36877927344,36877928593,1
1363,36877944010,36877945269,1
1364,36877960677,36877961917,1
1365,36877977344,36877978777,1
1366,36877994010,36877995472,1
1367,36878010677,36878011923,1
1368,36878027344,36878028584,1
1369,36878044010,36878045258,1
1370,36878060677,36878061969,1
1371,36878077344,36878078605,1
1372,36878094010,36878095252,1
1373,36878110677,36878111962,1
1374,36878127344,36878128591,1
1375,36878144010,36878145262,1
1376,36878160677,36878161989,1
1377,36878177344,36878178866,1
1378,36878194010,36878195526,1
1379,36878210677,36878212321,1
1380,36878227344,36878228857,1
1381,36878244010,36878245417,1
1382,36878260677,36878261932,1
1383,36878277344,36878278614,1
1384,36878294010,36878295288,1
1385,36878310677,36878311991,1
1386,36878327344,36878328601,1
1387,36878344010,36878345456,1
1388,36878360677,36878362001,1
1389,36878377344,36878378621,1
1390,36878394010,36878395262,1
1391,36878410677,36878411921,1
1392,36878427344,36878428582,1
1393,36878444010,36878445249,1
1394,36878460677,36878462089,1
1395,36878477344,36878478604,1
1396,36878494010,36878495262,1
1397,36878510677,36878511963,1
1398,36878527344,36878528606,1
1399,36878544010,36878545270,1
1400,36878560677,36878561914,1
1401,36878577344,36878578753,1
1402,36878594010,36878595454,1
1403,36878610677,36878612029,1
1404,36878627344,36878628623,1
1405,36878644010,36878645462,1
1406,36878660677,36878661985,1
1407,36878677344,36878678603,1
1408,36878694010,36878695273,1
1409,36878710677,36878712169,1
1410,36878727344,36878728600,1
1411,36878744010,36878745266,1
1412,36878760677,36878762125,1
1413,36878777344,36878778598,1
1414,36878794010,36878795252,1
1415,36878810677,36878811937,1
1416,36878827344,36878828598,1
1417,36878844010,36878845283,1
1418,36878860677,36878861954,1
1419,36878877344,36878878615,1
1420,36878894010,36878895259,1
1421,36878910677,36878911928,1
1422,36878927344,36878928611,1
1423,36878944010,36878945474,1
1424,36878960677,36878961927,1
1425,36878977344,36878978610,1
1426,36878994010,36878995265,1
1427,36879010677,36879011925,1
1428,36879027344,36879028609,1
1429,36879044010,36879045302,1
1430,36879060677,36879062081,1
1431,36879077344,36879078626,1
1432,36879094010,36879095257,1
1433,36879110677,36879111927,1
1434,36879127344,36879128585,1
1435,36879144010,36879145270,1
1436,36879160677,36879161929,1
1437,36879177344,36879178656,1
1438,36879194010,36879195439,1
1439,36879210677,36879211963,1
1440,36879227344,36879228591,1
1441,36879244010,36879245371,1
1442,36879260677,36879262095,1
1443,36879277344,36879278776,1
1444,36879294010,36879295646,1
1445,36879310677,36879312272,1
1446,36879327344,36879328623,1
1447,36879344010,36879345301,1
1448,36879360677,36879361966,1
1449,36879377344,36879378595,1
1450,36879394010,36879395248,1
1451,36879410677,36879412078,1
1452,36879427344,36879428886,1
1453,36879444010,36879445289,1
1454,36879460677,36879461966,1
1455,36879477344,36879478600,1
1456,36879494010,36879495254,1
1457,36879510677,36879511926,1
1458,36879527344,36879528596,1
1459,36879544010,36879545318,1
1460,36879560677,36879561943,1
1461,36879577344,36879578633,1
1462,36879594010,36879595285,1
1463,36879610677,36879612000,1
1464,36879627344,36879628727,1
1465,36879644010,36879645470,1
1466,36879660677,36879662632,1
1467,36879677344,36879678663,1
1468,36879694010,36879695275,1
1469,36879710677,36879711933,1
1470,36879727344,36879728579,1
1471,36879744010,36879745450,1
1472,36879760677,36879762184,1
1473,36879777344,36879778948,1
1474,36879794010,36879795563,1
1475,36879810677,36879812215,1
1476,36879827344,36879828938,1
1477,36879844010,36879845369,1
1478,36879860677,36879861984,1
1479,36879877344,36879878607,1
1480,36879894010,36879895302,1
1481,36879910677,36879912295,1
1482,36879927344,36879928605,1
1483,36879944010,36879945324,1
1484,36879960677,36879961943,1
1485,36879977344,36879978593,1
1486,36879994010,36879995248,1
1487,36880010677,36880011963,1
1488,36880027344,36880028813,1
1489,36880044010,36880045290,1
1490,36880060677,36880061913,1
1491,36880077344,36880079646,1
1492,36880094010,36880095296,1
1493,36880110677,36880111927,1
1494,36880127344,36880128702,1
1495,36880144010,36880145577,1
1496,36880160677,36880162106,1
1497,36880177344,36880178852,1
1498,36880194010,36880195440,1
1499,36880210677,36880211975,1
1500,36880227344,36880228684,1
1501,36880244010,36880245524,1
1502,36880260677,36880261953,1
1503,36880277344,36880278695,1
1504,36880294010,36880295456,1
1505,36880310677,36880311926,1
1506,36880327344,36880328663,1
1507,36880344010,36880345471,1
1508,36880360677,36880362154,1
1509,36880377344,36880378689,1
1510,36880394010,36880395438,1
1511,36880410677,36880411965,1
1512,36880427344,36880428690,1
1513,36880444010,36880445444,1
1514,36880460677,36880461926,1
1515,36880477344,36880478667,1
1516,36880494010,36880495474,1
1517,36880510677,36880512026,1
1518,36880527344,36880528810,1
1519,36880544010,36880545473,1
1520,36880560677,36880561939,1
1521,36880577344,36880578640,1
1522,36880594010,36880595472,1
1523,36880610677,36880611952,1
1524,36880627344,36880628714,1
1525,36880644010,36880645471,1
1526,36880660677,36880661930,1
1527,36880677344,36880678675,1
1528,36880694010,36880695415,1
1529,36880710677,36880711938,1
1530,36880727344,36880728654,1
1531,36880744010,36880745587,1
1532,36880760677,36880762103,1
1533,36880777344,36880778735,1
1534,36880794010,36880795326,1
1535,36880810677,36880811968,1
1536,36880827344,36880828614,1
1537,36880844010,36880845277,1
1538,36880860677,36880862007,1
1539,36880877344,36880878786,1
1540,36880894010,36880895375,1
1541,36880910677,36880911952,1
1542,36880927344,36880928584,1
1543,36880944010,36880945413,1
1544,36880960677,36880961993,1
1545,36880977344,36880978624,1
1546,36880994010,36880995283,1
1547,36881010677,36881011967,1
1548,36881027344,36881028618,1
1549,36881044010,36881045311,1
1550,36881060677,36881061961,1
1551,36881077344,36881078589,1
1552,36881094010,36881095271,1
1553,36881110677,36881111988,1
1554,36881127344,36881128793,1
1555,36881144010,36881145268,1
1556,36881160677,36881161922,1
1557,36881177344,36881178599,1
1558,36881194010,36881195328,1
1559,36881210677,36881211919,1
1560,36881227344,36881228660,1
1561,36881244010,36881245512,1
1562,36881260677,36881261925,1
1563,36881277344,36881278586,1
1564,36881294010,36881295300,1
1565,36881310677,36881311931,1
1566,36881327344,36881328767,1
1567,36881344010,36881345563,1
1568,36881360677,36881362012,1
1569,36881377344,36881378724,1
1570,36881394010,36881395491,1
1571,36881410677,36881412121,1
1572,36881427344,36881428653,1
1573,36881444010,36881445301,1
1574,36881460677,36881462281,1
1575,36881477344,36881478631,1
1576,36881494010,36881495254,1
1577,36881510677,36881512033,1
1578,36881527344,36881528657,1
1579,36881544010,36881545272,1
1580,36881560677,36881561940,1
1581,36881577344,36881578752,1
1582,36881594010,36881595451,1
1583,36881610677,36881611986,1
1584,36881627344,36881628602,1
1585,36881644010,36881645507,1
1586,36881660677,36881661940,1
1587,36881677344,36881678595,1
1588,36881694010,36881695345,1
1589,36881710677,36881711948,1
1590,36881727344,36881728626,1
1591,36881744010,36881745298,1
1592,36881760677,36881761929,1
1593,36881777344,36881778620,1
1594,36881794010,36881795279,1
1595,36881810677,36881811959,1
1596,36881827344,36881828898,1
1597,36881844010,36881845472,1
1598,36881860677,36881862168,1
1599,36881877344,36881878796,1
1600,36881894010,36881895747,1
1601,36881910677,36881912119,1
1602,36881927344,36881928667,1
1603,36881944010,36881945624,1
1604,36881960677,36881962137,1
1605,36881977344,36881978621,1
1606,36881994010,36881995278,1
1607,36882010677,36882012116,1
1608,36882027344,36882028663,1
1609,36882044010,36882045295,1
1610,36882060677,36882062315,1
1611,36882077344,36882078630,1
1612,36882094010,36882095317,1
1613,36882110677,36882111938,1
1614,36882127344,36882128573,1
1615,36882144010,36882145292,1
1616,36882160677,36882161923,1
1617,36882177344,36882178674,1
1618,36882194010,36882195477,1
1619,36882210677,36882211985,1
1620,36882227344,36882228641,1
1621,36882244010,36882245254,1
1622,36882260677,36882261910,1
1623,36882277344,36882278612,1
1624,36882294010,36882295313,1
1625,36882310677,36882312123,1
1626,36882327344,36882328648,1
1627,36882344010,36882345289,1
1628,36882360677,36882361928,1
1629,36882377344,36882378640,1
1630,36882394010,36882395257,1
1631,36882410677,36882411993,1
1632,36882427344,36882428630,1
1633,36882444010,36882445264,1
1634,36882460677,36882461932,1
1635,36882477344,36882478809,1
1636,36882494010,36882495277,1
1637,36882510677,36882511926,1
1638,36882527344,36882528615,1
1639,36882544010,36882545471,1
1640,36882560677,36882561988,1
1641,36882577344,36882578619,1
1642,36882594010,36882595280,1
1643,36882610677,36882611939,1
1644,36882627344,36882628593,1
1645,36882644010,36882645443,1
1646,36882660677,36882662635,1
1647,36882677344,36882678758,1
1648,36882694010,36882695260,1
1649,36882710677,36882711927,1
1650,36882727344,36882728599,1
1651,36882744010,36882745273,1
1652,36882760677,36882761937,1
1653,36882777344,36882778698,1
1654,36882794010,36882795464,1
1655,36882810677,36882811937,1
1656,36882827344,36882828602,1
1657,36882844010,36882845303,1
1658,36882860677,36882861923,1
1659,36882877344,36882878638,1
1660,36882894010,36882895351,1
1661,36882910677,36882912167,1
1662,36882927344,36882928639,1
1663,36882944010,36882945264,1
1664,36882960677,36882961935,1
1665,36882977344,36882978593,1
1666,36882994010,36882995372,1
1667,36883010677,36883012150,1
1668,36883027344,36883028791,1
1669,36883044010,36883045306,1
1670,36883060677,36883062136,1
1671,36883077344,36883078636,1
1672,36883094010,36883095267,1
1673,36883110677,36883111924,1
1674,36883127344,36883128590,1
1675,36883144010,36883145377,1
1676,36883160677,36883162035,1
1677,36883177344,36883178682,1
1678,36883194010,36883195316,1
1679,36883210677,36883211980,1
1680,36883227344,36883228643,1
1681,36883244010,36883245310,1
1682,36883260677,36883262603,1
1683,36883277344,36883278864,1
1684,36883294010,36883295411,1
1685,36883310677,36883312051,1
1686,36883327344,36883328711,1
1687,36883344010,36883345254,1
1688,36883360677,36883362044,1
1689,36883377344,36883378791,1
1690,36883394010,36883395601,1
1691,36883410677,36883412006,1
1692,36883427344,36883428745,1
1693,36883444010,36883445383,1
1694,36883460677,36883462204,1
1695,36883477344,36883478856,1
1696,36883494010,36883495342,1
1697,36883510677,36883512257,1
1698,36883527344,36883529527,1
1699,36883544010,36883545473,1
1700,36883560677,36883561934,1
1701,36883577344,36883578784,1
1702,36883594010,36883595377,1
1703,36883610677,36883611982,1
1704,36883627344,36883628897,1
1705,36883644010,36883645624,1
1706,36883660677,36883661985,1
1707,36883677344,36883678678,1
1708,36883694010,36883695816,1
1709,36883710677,36883712007,1
1710,36883727344,36883728599,1
1711,36883744010,36883745645,1
1712,36883760677,36883762009,1
1713,36883777344,36883778736,1
1714,36883794010,36883795444,1
1715,36883810677,36883811952,1
1716,36883827344,36883828567,1
1717,36883844010,36883845347,1
1718,36883860677,36883861919,1
1719,36883877344,36883878645,1
1720,36883894010,36883895274,1
1721,36883910677,36883911959,1
1722,36883927344,36883928705,1
1723,36883944010,36883945488,1
1724,36883960677,36883962117,1
1725,36883977344,36883979073,1
1726,36883994010,36883995592,1
1727,36884010677,36884012008,1
1728,36884027344,36884028790,1
1729,36884044010,36884045364,1
1730,36884060677,36884062314,1
1731,36884077344,36884078746,1
1732,36884094010,36884095388,1
1733,36884110677,36884112271,1
1734,36884127344,36884128736,1
1735,36884144010,36884145250,1
1736,36884160677,36884161924,1
1737,36884177344,36884178603,1
1738,36884194010,36884195267,1
1739,36884210677,36884211959,1
1740,36884227344,36884228780,1
1741,36884244010,36884245259,1
1742,36884260677,36884261908,1
1743,36884277344,36884278582,1
1744,36884294010,36884295247,1
1745,36884310677,36884311922,1
1746,36884327344,36884328598,1
1747,36884344010,36884345464,1
1748,36884360677,36884361965,1
1749,36884377344,36884378610,1
1750,36884394010,36884395266,1
1751,36884410677,36884412004,1
1752,36884427344,36884428661,1
1753,36884444010,36884445273,1
1754,36884460677,36884462082,1
1755,36884477344,36884478604,1
1756,36884494010,36884495267,1
1757,36884510677,36884511917,1
1758,36884527344,36884528606,1
1759,36884544010,36884545312,1
1760,36884560677,36884561923,1
1761,36884577344,36884578628,1
1762,36884594010,36884595496,1
1763,36884610677,36884611998,1
1764,36884627344,36884628727,1
1765,36884644010,36884645435,1
1766,36884660677,36884661974,1
1767,36884677344,36884678623,1
1768,36884694010,36884695375,1
1769,36884710677,36884712124,1
1770,36884727344,36884728590,1
1771,36884744010,36884745258,1
1772,36884760677,36884761924,1
1773,36884777344,36884778675,1
1774,36884794010,36884795293,1
1775,36884810677,36884811970,1
1776,36884827344,36884828775,1
1777,36884844010,36884845320,1
1778,36884860677,36884861944,1
1779,36884877344,36884878603,1
1780,36884894010,36884895287,1
1781,36884910677,36884911950,1
1782,36884927344,36884928593,1
1783,36884944010,36884945479,1
1784,36884960677,36884961929,1
1785,36884977344,36884978611,1
1786,36884994010,36884995275,1
1787,36885010677,36885011915,1
1788,36885027344,36885028588,1
1789,36885044010,36885045302,1
1790,36885060677,36885062090,1
1791,36885077344,36885078599,1
1792,36885094010,36885095241,1
1793,36885110677,36885111909,1
1794,36885127344,36885128758,1
1795,36885144010,36885145246,1
1796,36885160677,36885162096,1
1797,36885177344,36885178595,1
1798,36885194010,36885195439,1
1799,36885210677,36885212079,1
1800,36885227344,36885228585,1
1801,36885244010,36885245264,1
1802,36885260677,36885262107,1
1803,36885277344,36885278578,1
1804,36885294010,36885295253,1
1805,36885310677,36885312105,1
1806,36885327344,36885328598,1
1807,36885344010,36885345252,1
1808,36885360677,36885362102,1
1809,36885377344,36885378576,1
1810,36885394010,36885395245,1
1811,36885410677,36885412198,1
1812,36885427344,36885428582,1
1813,36885444010,36885445458,1
1814,36885460677,36885462080,1
1815,36885477344,36885478588,1
1816,36885494010,36885495332,1
1817,36885510677,36885512156,1
1818,36885527344,36885528657,1
1819,36885544010,36885545438,1
1820,36885560677,36885562225,1
1821,36885577344,36885578681,1
1822,36885594010,36885595273,1
1823,36885610677,36885612109,1
1824,36885627344,36885628583,1
1825,36885644010,36885645427,1
1826,36885660677,36885662177,1
1827,36885677344,36885678788,1
1828,36885694010,36885695414,1
1829,36885710677,36885712092,1
1830,36885727344,36885728637,1
1831,36885744010,36885745247,1
1832,36885760677,36885762129,1
1833,36885777344,36885778610,1
1834,36885794010,36885795442,1
1835,36885810677,36885812116,1
1836,36885827344,36885828577,1
1837,36885844010,36885845349,1
1838,36885860677,36885862149,1
1839,36885877344,36885878592,1
1840,36885894010,36885895267,1
1841,36885910677,36885912200,1
1842,36885927344,36885928574,1
1843,36885944010,36885945280,1
1844,36885960677,36885961917,1
1845,36885977344,36885978590,1
1846,36885994010,36885995395,1
1847,36886010677,36886012000,1
1848,36886027344,36886028840,1
1849,36886044010,36886045475,1
1850,36886060677,36886062311,1
1851,36886077344,36886078840,1
1852,36886094010,36886095389,1
1853,36886110677,36886111952,1
1854,36886127344,36886128601,1
1855,36886144010,36886145258,1
1856,36886160677,36886162145,1
1857,36886177344,36886178641,1
1858,36886194010,36886195464,1
1859,36886210677,36886211916,1
1860,36886227344,36886228624,1
1861,36886244010,36886245253,1
1862,36886260677,36886261901,1
1863,36886277344,36886278776,1
1864,36886294010,36886295289,1
1865,36886310677,36886311917,1
1866,36886327344,36886328580,1
1867,36886344010,36886345237,1
1868,36886360677,36886361917,1
1869,36886377344,36886378573,1
1870,36886394010,36886395505,1
1871,36886410677,36886412075,1
1872,36886427344,36886428611,1
1873,36886444010,36886445247,1
1874,36886460677,36886461911,1
1875,36886477344,36886478568,1
1876,36886494010,36886495307,1
1877,36886510677,36886512095,1
1878,36886527344,36886528659,1
1879,36886544010,36886545264,1
1880,36886560677,36886561916,1
1881,36886577344,36886578586,1
1882,36886594010,36886595240,1
1883,36886610677,36886611908,1
1884,36886627344,36886628769,1
1885,36886644010,36886645428,1
1886,36886660677,36886661917,1
1887,36886677344,36886678577,1
1888,36886694010,36886695221,1
1889,36886710677,36886712094,1
1890,36886727344,36886728580,1
1891,36886744010,36886745251,1
1892,36886760677,36886761932,1
1893,36886777344,36886778606,1
1894,36886794010,36886795317,1
1895,36886810677,36886811923,1
1896,36886827344,36886828567,1
1897,36886844010,36886845241,1
1898,36886860677,36886862114,1
1899,36886877344,36886878581,1
1900,36886894010,36886895247,1
1901,36886910677,36886911927,1
1902,36886927344,36886928573,1
1903,36886944010,36886945247,1
1904,36886960677,36886961914,1
1905,36886977344,36886978697,1
1906,36886994010,36886995464,1
1907,36887010677,36887011909,1
1908,36887027344,36887028578,1
1909,36887044010,36887045246,1
1910,36887060677,36887061901,1
1911,36887077344,36887078585,1
1912,36887094010,36887095266,1
1913,36887110677,36887112099,1
1914,36887127344,36887128582,1
1915,36887144010,36887145248,1
1916,36887160677,36887161895,1
1917,36887177344,36887178606,1
1918,36887194010,36887195270,1
1919,36887210677,36887211914,1
1920,36887227344,36887228779,1
1921,36887244010,36887245428,1
1922,36887260677,36887262094,1
1923,36887277344,36887278598,1
1924,36887294010,36887295259,1
1925,36887310677,36887311929,1
1926,36887327344,36887328610,1
1927,36887344010,36887345663,1
1928,36887360677,36887361931,1
1929,36887377344,36887378649,1
1930,36887394010,36887395265,1
1931,36887410677,36887411929,1
1932,36887427344,36887428586,1
1933,36887444010,36887445269,1
1934,36887460677,36887461938,1
1935,36887477344,36887478594,1
1936,36887494010,36887495261,1
1937,36887510677,36887511967,1
1938,36887527344,36887528605,1
1939,36887544010,36887545306,1
1940,36887560677,36887561937,1
1941,36887577344,36887578804,1
1942,36887594010,36887595559,1
1943,36887610677,36887612010,1
1944,36887627344,36887628687,1
1945,36887644010,36887645562,1
1946,36887660677,36887662038,1
1947,36887677344,36887678667,1
1948,36887694010,36887695336,1
1949,36887710677,36887712185,1
1950,36887727344,36887728586,1
1951,36887744010,36887745273,1
1952,36887760677,36887761948,1
1953,36887777344,36887778850,1
1954,36887794010,36887795281,1
1955,36887810677,36887811936,1
1956,36887827344,36887828809,1
1957,36887844010,36887845375,1
1958,36887860677,36887861988,1
1959,36887877344,36887878607,1
1960,36887894010,36887895248,1
1961,36887910677,36887911929,1
1962,36887927344,36887928615,1
1963,36887944010,36887945467,1
1964,36887960677,36887961926,1
1965,36887977344,36887978589,1
1966,36887994010,36887995282,1
1967,36888010677,36888011963,1
1968,36888027344,36888028612,1
1969,36888044010,36888045272,1
1970,36888060677,36888070180,1
1971,36888077344,36888078947,1
1972,36888094010,36888095653,1
1973,36888110677,36888112086,1
1974,36888127344,36888128842,1
1975,36888144010,36888145451,1
1976,36888160677,36888162234,1
1977,36888177344,36888178805,1
1978,36888194010,36888195396,1
1979,36888210677,36888211977,1
1980,36888227344,36888228628,1
1981,36888244010,36888245428,1
1982,36888260677,36888261966,1
1983,36888277344,36888278629,1
1984,36888294010,36888295300,1
1985,36888310677,36888312138,1
1986,36888327344,36888328622,1
1987,36888344010,36888345269,1
1988,36888360677,36888361928,1
1989,36888377344,36888378626,1
1990,36888394010,36888395252,1
1991,36888410677,36888411946,1
1992,36888427344,36888428634,1
1993,36888444010,36888445476,1
1994,36888460677,36888461931,1
1995,36888477344,36888478590,1
1996,36888494010,36888495257,1
1997,36888510677,36888511932,1
1998,36888527344,36888528589,1
1999,36888544010,36888545457,1
2000,36888560677,36888561944,1
2001,36888577344,36888578597,1
2002,36888594010,36888595307,1
2003,36888610677,36888612008,1
2004,36888627344,36888628594,1
2005,36888644010,36888645390,1
2006,36888660677,36888662088,1
2007,36888677344,36888678794,1
2008,36888694010,36888695269,1
2009,36888710677,36888711935,1
2010,36888727344,36888728598,1
2011,36888744010,36888745270,1
2012,36888760677,36888761932,1
2013,36888777344,36888778762,1
2014,36888794010,36888795431,1
2015,36888810677,36888811932,1
2016,36888827344,36888828758,1
2017,36888844010,36888845256,1
2018,36888860677,36888861966,1
2019,36888877344,36888878599,1
2020,36888894010,36888895301,1
2021,36888910677,36888911954,1
2022,36888927344,36888928595,1
2023,36888944010,36888945269,1
2024,36888960677,36888961925,1
2025,36888977344,36888978647,1
2026,36888994010,36888995281,1
2027,36889010677,36889012076,1
2028,36889027344,36889028815,1
2029,36889044010,36889045278,1
2030,36889060677,36889061971,1
2031,36889077344,36889078622,1
2032,36889094010,36889095258,1
2033,36889110677,36889111933,1
2034,36889127344,36889128580,1
2035,36889144010,36889145506,1
2036,36889160677,36889161942,1
2037,36889177344,36889178595,1
2038,36889194010,36889195251,1
2039,36889210677,36889211929,1
2040,36889227344,36889228614,1
2041,36889244010,36889245309,1
2042,36889260677,36889262080,1
2043,36889277344,36889278641,1
2044,36889294010,36889295314,1
2045,36889310677,36889311940,1
2046,36889327344,36889328626,1
2047,36889344010,36889345250,1
2048,36889360677,36889362127,1
2049,36889377344,36889378712,1
2050,36889394010,36889395420,1
2051,36889410677,36889412019,1
2052,36889427344,36889428623,1
2053,36889444010,36889445263,1
2054,36889460677,36889461920,1
2055,36889477344,36889478609,1
2056,36889494010,36889495303,1
2057,36889510677,36889512157,1
2058,36889527344,36889528633,1
2059,36889544010,36889545267,1
2060,36889560677,36889561932,1
2061,36889577344,36889578597,1
2062,36889594010,36889595290,1
2063,36889610677,36889611987,1
2064,36889627344,36889628727,1
2065,36889644010,36889645337,1
2066,36889660677,36889662150,1
2067,36889677344,36889678618,1
2068,36889694010,36889695356,1
2069,36889710677,36889712050,1
2070,36889727344,36889728735,1
2071,36889744010,36889745555,1
2072,36889760677,36889761930,1
2073,36889777344,36889778653,1
2074,36889794010,36889795257,1
2075,36889810677,36889811935,1
2076,36889827344,36889828598,1
2077,36889844010,36889845261,1
2078,36889860677,36889862138,1
2079,36889877344,36889878636,1
2080,36889894010,36889895278,1
2081,36889910677,36889912088,1
2082,36889927344,36889928621,1
2083,36889944010,36889945390,1
2084,36889960677,36889961958,1
2085,36889977344,36889978677,1
2086,36889994010,36889995482,1
2087,36890010677,36890012054,1
2088,36890027344,36890028657,1
2089,36890044010,36890045366,1
2090,36890060677,36890061972,1
2091,36890077344,36890078609,1
2092,36890094010,36890095369,1
2093,36890110677,36890112143,1
2094,36890127344,36890128594,1
2095,36890144010,36890145335,1
2096,36890160677,36890162141,1
2097,36890177344,36890178706,1
2098,36890194010,36890195465,1
2099,36890210677,36890212268,1
2100,36890227344,36890228866,1
2101,36890244010,36890245441,1
2102,36890260677,36890262616,1
2103,36890277344,36890278804,1
2104,36890294010,36890295332,1
2105,36890310677,36890312174,1
2106,36890327344,36890328614,1
2107,36890344010,36890345287,1
2108,36890360677,36890362107,1
2109,36890377344,36890378652,1
2110,36890394010,36890395256,1
2111,36890410677,36890412110,1
2112,36890427344,36890428783,1
2113,36890444010,36890445259,1
2114,36890460677,36890462105,1
2115,36890477344,36890478779,1
2116,36890494010,36890495252,1
2117,36890510677,36890512244,1
2118,36890527344,36890528612,1
2119,36890544010,36890545279,1
2120,36890560677,36890562149,1
2121,36890577344,36890578622,1
2122,36890594010,36890595466,1
2123,36890610677,36890612148,1
2124,36890627344,36890628593,1
2125,36890644010,36890645272,1
2126,36890660677,36890662138,1
2127,36890677344,36890678773,1
2128,36890694010,36890695293,1
2129,36890710677,36890712137,1
2130,36890727344,36890728589,1
2131,36890744010,36890745294,1
2132,36890760677,36890761935,1
2133,36890777344,36890778629,1
2134,36890794010,36890795281,1
2135,36890810677,36890811927,1
2136,36890827344,36890828779,1
2137,36890844010,36890845299,1
2138,36890860677,36890861935,1
2139,36890877344,36890878607,1
2140,36890894010,36890895283,1
2141,36890910677,36890911947,1
2142,36890927344,36890928575,1
2143,36890944010,36890945472,1
2144,36890960677,36890962109,1
2145,36890977344,36890978768,1
2146,36890994010,36890995365,1
2147,36891010677,36891011938,1
2148,36891027344,36891028634,1
2149,36891044010,36891045263,1
2150,36891060677,36891061961,1
2151,36891077344,36891078638,1
2152,36891094010,36891095254,1
2153,36891110677,36891111944,1
2154,36891127344,36891128591,1
2155,36891144010,36891145248,1
2156,36891160677,36891161948,1
2157,36891177344,36891178596,1
2158,36891194010,36891195490,1
2159,36891210677,36891211943,1
2160,36891227344,36891228586,1
2161,36891244010,36891245264,1
2162,36891260677,36891261925,1
2163,36891277344,36891278592,1
2164,36891294010,36891295313,1
2165,36891310677,36891312113,1
2166,36891327344,36891328627,1
2167,36891344010,36891345295,1
2168,36891360677,36891361922,1
2169,36891377344,36891378598,1
2170,36891394010,36891395280,1
2171,36891410677,36891411915,1
2172,36891427344,36891428799,1
2173,36891444010,36891445276,1
2174,36891460677,36891461968,1
2175,36891477344,36891478769,1
2176,36891494010,36891495247,1
2177,36891510677,36891511944,1
2178,36891527344,36891528625,1
2179,36891544010,36891545422,1
2180,36891560677,36891562128,1
2181,36891577344,36891578605,1
2182,36891594010,36891595252,1
2183,36891610677,36891611947,1
2184,36891627344,36891628592,1
2185,36891644010,36891645270,1
2186,36891660677,36891662224,1
2187,36891677344,36891678768,1
2188,36891694010,36891695281,1
2189,36891710677,36891711936,1
2190,36891727344,36891728583,1
2191,36891744010,36891745314,1
2192,36891760677,36891762012,1
2193,36891777344,36891778764,1
2194,36891794010,36891795347,1
2195,36891810677,36891812029,1
2196,36891827344,36891828865,1
2197,36891844010,36891845323,1
2198,36891860677,36891861997,1
2199,36891877344,36891878614,1
2200,36891894010,36891895313,1
2201,36891910677,36891912117,1
2202,36891927344,36891928592,1
2203,36891944010,36891945264,1
2204,36891960677,36891961922,1
2205,36891977344,36891978590,1
2206,36891994010,36891995238,1
2207,36892010677,36892012118,1
2208,36892027344,36892028796,1
2209,36892044010,36892045418,1
2210,36892060677,36892061932,1
2211,36892077344,36892078603,1
2212,36892094010,36892095266,1
2213,36892110677,36892111929,1
2214,36892127344,36892128579,1
2215,36892144010,36892145450,1
2216,36892160677,36892161924,1
2217,36892177344,36892178593,1
2218,36892194010,36892195362,1
2219,36892210677,36892211934,1
2220,36892227344,36892228585,1
2221,36892244010,36892245312,1
2222,36892260677,36892262143,1
2223,36892277344,36892278618,1
2224,36892294010,36892295489,1
2225,36892310677,36892312174,1
2226,36892327344,36892328791,1
2227,36892344010,36892345652,1
2228,36892360677,36892362131,1
2229,36892377344,36892378821,1
2230,36892394010,36892395482,1
2231,36892410677,36892411953,1
2232,36892427344,36892428608,1
2233,36892444010,36892445329,1
2234,36892460677,36892461923,1
2235,36892477344,36892478643,1
2236,36892494010,36892495257,1
2237,36892510677,36892511925,1
2238,36892527344,36892528631,1
2239,36892544010,36892545473,1
2240,36892560677,36892561938,1
2241,36892577344,36892578601,1
2242,36892594010,36892595255,1
2243,36892610677,36892611930,1
2244,36892627344,36892628831,1
2245,36892644010,36892645262,1
2246,36892660677,36892662120,1
2247,36892677344,36892678600,1
2248,36892694010,36892695239,1
2249,36892710677,36892711966,1
2250,36892727344,36892728591,1
2251,36892744010,36892745310,1
2252,36892760677,36892762154,1
2253,36892777344,36892778623,1
2254,36892794010,36892795339,1
2255,36892810677,36892811980,1
2256,36892827344,36892828586,1
2257,36892844010,36892845289,1
2258,36892860677,36892862095,1
2259,36892877344,36892878609,1
2260,36892894010,36892895259,1
2261,36892910677,36892911946,1
2262,36892927344,36892928591,1
2263,36892944010,36892945265,1
2264,36892960677,36892961934,1
2265,36892977344,36892978699,1
2266,36892994010,36892995462,1
2267,36893010677,36893011938,1
2268,36893027344,36893028593,1
2269,36893044010,36893045268,1
2270,36893060677,36893061936,1
2271,36893077344,36893078821,1
2272,36893094010,36893095482,1
2273,36893110677,36893112146,1
2274,36893127344,36893128751,1
2275,36893144010,36893145273,1
2276,36893160677,36893161923,1
2277,36893177344,36893178637,1
2278,36893194010,36893195285,1
2279,36893210677,36893211961,1
2280,36893227344,36893228612,1
2281,36893244010,36893245269,1
2282,36893260677,36893261997,1
2283,36893277344,36893278601,1
2284,36893294010,36893295261,1
2285,36893310677,36893311976,1
2286,36893327344,36893328587,1
2287,36893344010,36893345457,1
2288,36893360677,36893361944,1
2289,36893377344,36893378598,1
2290,36893394010,36893395260,1
2291,36893410677,36893411933,1
2292,36893427344,36893428571,1
2293,36893444010,36893445269,1
2294,36893460677,36893462082,1
2295,36893477344,36893478596,1
2296,36893494010,36893495254,1
2297,36893510677,36893511926,1
2298,36893527344,36893528777,1
2299,36893544010,36893545444,1
2300,36893560677,36893561974,1
2301,36893577344,36893578767,1
2302,36893594010,36893595560,1
2303,36893610677,36893612120,1
2304,36893627344,36893628592,1
2305,36893644010,36893645287,1
2306,36893660677,36893662165,1
2307,36893677344,36893678600,1
2308,36893694010,36893695312,1
2309,36893710677,36893712147,1
2310,36893727344,36893728586,1
2311,36893744010,36893745247,1
2312,36893760677,36893761938,1
2313,36893777344,36893778584,1
2314,36893794010,36893795272,1
2315,36893810677,36893811938,1
2316,36893827344,36893828792,1
2317,36893844010,36893845394,1
2318,36893860677,36893862021,1
2319,36893877344,36893878655,1
2320,36893894010,36893895343,1
2321,36893910677,36893912130,1
2322,36893927344,36893928677,1
2323,36893944010,36893945306,1
2324,36893960677,36893962009,1
2325,36893977344,36893978621,1
2326,36893994010,36893995249,1
2327,36894010677,36894012091,1
2328,36894027344,36894028630,1
2329,36894044010,36894045308,1
2330,36894060677,36894062123,1
2331,36894077344,36894078612,1
2332,36894094010,36894095258,1
2333,36894110677,36894111929,1
2334,36894127344,36894128749,1
2335,36894144010,36894145258,1
2336,36894160677,36894161922,1
2337,36894177344,36894178687,1
2338,36894194010,36894195427,1
2339,36894210677,36894211945,1
2340,36894227344,36894228599,1
2341,36894244010,36894245259,1
2342,36894260677,36894261914,1
2343,36894277344,36894278590,1
2344,36894294010,36894295298,1
2345,36894310677,36894312111,1
2346,36894327344,36894328604,1
2347,36894344010,36894345266,1
2348,36894360677,36894362076,1
2349,36894377344,36894378713,1
2350,36894394010,36894395502,1
2351,36894410677,36894412143,1
2352,36894427344,36894428937,1
2353,36894444010,36894445525,1
2354,36894460677,36894462130,1
2355,36894477344,36894478616,1
2356,36894494010,36894495289,1
2357,36894510677,36894511960,1
2358,36894527344,36894528597,1
2359,36894544010,36894545491,1
2360,36894560677,36894561956,1
2361,36894577344,36894578609,1
2362,36894594010,36894595275,1
2363,36894610677,36894612023,1
2364,36894627344,36894628699,1
2365,36894644010,36894645278,1
2366,36894660677,36894662199,1
2367,36894677344,36894678769,1
2368,36894694010,36894695396,1
2369,36894710677,36894711948,1
2370,36894727344,36894728570,1
2371,36894744010,36894745228,1
2372,36894760677,36894761954,1
2373,36894777344,36894778789,1
2374,36894794010,36894795446,1
2375,36894810677,36894811935,1
2376,36894827344,36894828579,1
2377,36894844010,36894845275,1
2378,36894860677,36894862011,1
2379,36894877344,36894878594,1
2380,36894894010,36894895291,1
2381,36894910677,36894912120,1
2382,36894927344,36894928574,1
2383,36894944010,36894945247,1
2384,36894960677,36894961911,1
2385,36894977344,36894978588,1
2386,36894994010,36894995251,1
2387,36895010677,36895011934,1
2388,36895027344,36895028761,1
2389,36895044010,36895045252,1
2390,36895060677,36895061900,1
2391,36895077344,36895078577,1
2392,36895094010,36895095249,1
2393,36895110677,36895111906,1
2394,36895127344,36895128742,1
2395,36895144010,36895145438,1
2396,36895160677,36895162090,1
2397,36895177344,36895178741,1
2398,36895194010,36895195398,1
2399,36895210677,36895211933,1
2400,36895227344,36895228726,1
2401,36895244010,36895245254,1
2402,36895260677,36895261912,1
2403,36895277344,36895278741,1
2404,36895294010,36895295239,1
2405,36895310677,36895311952,1
2406,36895327344,36895328776,1
2407,36895344010,36895345241,1
2408,36895360677,36895361932,1
2409,36895377344,36895378731,1
2410,36895394010,36895395245,1
2411,36895410677,36895411921,1
2412,36895427344,36895428746,1
2413,36895444010,36895445263,1
2414,36895460677,36895461917,1
2415,36895477344,36895478734,1
2416,36895494010,36895495286,1
2417,36895510677,36895512102,1
2418,36895527344,36895528786,1
2419,36895544010,36895545248,1
2420,36895560677,36895561901,1
2421,36895577344,36895578792,1
2422,36895594010,36895595238,1
2423,36895610677,36895611992,1
2424,36895627344,36895628803,1
2425,36895644010,36895645258,1
2426,36895660677,36895662071,1
2427,36895677344,36895678849,1
2428,36895694010,36895695250,1
2429,36895710677,36895711910,1
2430,36895727344,36895728736,1
2431,36895744010,36895745432,1
2432,36895760677,36895761929,1
2433,36895777344,36895778588,1
2434,36895794010,36895795245,1
2435,36895810677,36895811960,1
2436,36895827344,36895828585,1
2437,36895844010,36895845236,1
2438,36895860677,36895861937,1
2439,36895877344,36895878760,1
2440,36895894010,36895895257,1
2441,36895910677,36895911922,1
2442,36895927344,36895928631,1
2443,36895944010,36895945381,1
2444,36895960677,36895962051,1
2445,36895977344,36895978681,1
2446,36895994010,36895996515,1
2447,36896010677,36896012052,1
2448,36896027344,36896028604,1
2449,36896044010,36896045307,1
2450,36896060677,36896061978,1
2451,36896077344,36896078638,1
2452,36896094010,36896095273,1
2453,36896110677,36896111929,1
2454,36896127344,36896128576,1
2455,36896144010,36896145258,1
2456,36896160677,36896161896,1
2457,36896177344,36896178589,1
2458,36896194010,36896195236,1
2459,36896210677,36896211925,1
2460,36896227344,36896228821,1
2461,36896244010,36896245260,1
2462,36896260677,36896262096,1
2463,36896277344,36896278576,1
2464,36896294010,36896295328,1
2465,36896310677,36896311934,1
2466,36896327344,36896328605,1
2467,36896344010,36896345457,1
2468,36896360677,36896361920,1
2469,36896377344,36896378605,1
2470,36896394010,36896395267,1
2471,36896410677,36896411920,1
2472,36896427344,36896428569,1
2473,36896444010,36896445272,1
2474,36896460677,36896462087,1
2475,36896477344,36896478870,1
2476,36896494010,36896495415,1
2477,36896510677,36896512093,1
2478,36896527344,36896528871,1
2479,36896544010,36896545486,1
2480,36896560677,36896562137,1
2481,36896577344,36896578763,1
2482,36896594010,36896595487,1
2483,36896610677,36896611991,1
2484,36896627344,36896628618,1
2485,36896644010,36896645303,1
2486,36896660677,36896662097,1
2487,36896677344,36896678634,1
2488,36896694010,36896695321,1
2489,36896710677,36896712193,1
2490,36896727344,36896728636,1
2491,36896744010,36896745313,1
2492,36896760677,36896761916,1
2493,36896777344,36896778768,1
2494,36896794010,36896795266,1
2495,36896810677,36896811941,1
2496,36896827344,36896828614,1
2497,36896844010,36896845266,1
2498,36896860677,36896861964,1
2499,36896877344,36896878587,1
2500,36896894010,36896895249,1
2501,36896910677,36896911945,1
2502,36896927344,36896928596,1
2503,36896944010,36896945557,1
2504,36896960677,36896961978,1
2505,36896977344,36896978643,1
2506,36896994010,36896995308,1
2507,36897010677,36897011965,1
2508,36897027344,36897028587,1
2509,36897044010,36897045255,1
2510,36897060677,36897062086,1
2511,36897077344,36897078601,1
2512,36897094010,36897095265,1
2513,36897110677,36897111963,1
2514,36897127344,36897128597,1
2515,36897144010,36897145257,1
2516,36897160677,36897161934,1
2517,36897177344,36897178691,1
2518,36897194010,36897195457,1
2519,36897210677,36897211940,1
2520,36897227344,36897228616,1
2521,36897244010,36897245275,1
2522,36897260677,36897261906,1
2523,36897277344,36897278592,1
2524,36897294010,36897295302,1
2525,36897310677,36897312124,1
2526,36897327344,36897328655,1
2527,36897344010,36897345276,1
2528,36897360677,36897361935,1
2529,36897377344,36897378634,1
2530,36897394010,36897395309,1
2531,36897410677,36897412004,1
2532,36897427344,36897428799,1
2533,36897444010,36897445329,1
2534,36897460677,36897461949,1
2535,36897477344,36897478614,1
2536,36897494010,36897495258,1
2537,36897510677,36897511937,1
2538,36897527344,36897528606,1
2539,36897544010,36897545280,1
2540,36897560677,36897561959,1
2541,36897577344,36897578596,1
2542,36897594010,36897595253,1
2543,36897610677,36897611934,1
2544,36897627344,36897628608,1
2545,36897644010,36897645264,1
2546,36897660677,36897662164,1
2547,36897677344,36897678777,1
2548,36897694010,36897695271,1
2549,36897710677,36897711937,1
2550,36897727344,36897728584,1
2551,36897744010,36897745256,1
2552,36897760677,36897761918,1
2553,36897777344,36897778743,1
2554,36897794010,36897795481,1
2555,36897810677,36897811974,1
2556,36897827344,36897828588,1
2557,36897844010,36897845444,1
2558,36897860677,36897861954,1
2559,36897877344,36897878601,1
2560,36897894010,36897895322,1
2561,36897910677,36897912138,1
2562,36897927344,36897928619,1
2563,36897944010,36897945269,1
2564,36897960677,36897961948,1
2565,36897977344,36897978593,1
2566,36897994010,36897995291,1
2567,36898010677,36898012035,1
2568,36898027344,36898028884,1
2569,36898044010,36898045304,1
2570,36898060677,36898062087,1
2571,36898077344,36898078693,1
2572,36898094010,36898095433,1
2573,36898110677,36898112009,1
2574,36898127344,36898128617,1
2575,36898144010,36898145485,1
2576,36898160677,36898161985,1
2577,36898177344,36898178610,1
2578,36898194010,36898195331,1
2579,36898210677,36898211948,1
2580,36898227344,36898228634,1
2581,36898244010,36898245277,1
2582,36898260677,36898261961,1
2583,36898277344,36898278623,1
2584,36898294010,36898295284,1
2585,36898310677,36898311940,1
2586,36898327344,36898328628,1
2587,36898344010,36898345267,1
2588,36898360677,36898361920,1
2589,36898377344,36898378913,1
2590,36898394010,36898395424,1
2591,36898410677,36898411944,1
2592,36898427344,36898428598,1
2593,36898444010,36898445251,1
2594,36898460677,36898461911,1
2595,36898477344,36898478595,1
2596,36898494010,36898495319,1
2597,36898510677,36898512125,1
2598,36898527344,36898528672,1
2599,36898544010,36898545262,1
2600,36898560677,36898562097,1
2601,36898577344,36898578715,1
2602,36898594010,36898595461,1
2603,36898610677,36898612241,1
2604,36898627344,36898628945,1
2605,36898644010,36898645460,1
2606,36898660677,36898662173,1
2607,36898677344,36898678651,1
2608,36898694010,36898695287,1
2609,36898710677,36898711938,1
2610,36898727344,36898728588,1
2611,36898744010,36898745520,1
2612,36898760677,36898761955,1
2613,36898777344,36898778600,1
2614,36898794010,36898795288,1
2615,36898810677,36898811964,1
2616,36898827344,36898828594,1
2617,36898844010,36898845270,1
2618,36898860677,36898862273,1
2619,36898877344,36898878624,1
2620,36898894010,36898895297,1
2621,36898910677,36898912159,1
2622,36898927344,36898928596,1
2623,36898944010,36898945268,1
2624,36898960677,36898961951,1
2625,36898977344,36898978609,1
2626,36898994010,36898995246,1
2627,36899010677,36899012036,1
2628,36899027344,36899028615,1
2629,36899044010,36899045270,1
2630,36899060677,36899061931,1
2631,36899077344,36899078620,1
2632,36899094010,36899095346,1
2633,36899110677,36899112145,1
2634,36899127344,36899128592,1
2635,36899144010,36899145299,1
2636,36899160677,36899161951,1
2637,36899177344,36899178582,1
2638,36899194010,36899195245,1
2639,36899210677,36899212001,1
2640,36899227344,36899228800,1
2641,36899244010,36899245286,1
2642,36899260677,36899261928,1
2643,36899277344,36899278596,1
2644,36899294010,36899295275,1
2645,36899310677,36899311923,1
2646,36899327344,36899328631,1
2647,36899344010,36899345474,1
2648,36899360677,36899361918,1
2649,36899377344,36899378596,1
2650,36899394010,36899395266,1
2651,36899410677,36899411925,1
2652,36899427344,36899428755,1
2653,36899444010,36899445273,1
2654,36899460677,36899462002,1
2655,36899477344,36899478803,1
2656,36899494010,36899495266,1
2657,36899510677,36899511933,1
2658,36899527344,36899528643,1
2659,36899544010,36899545247,1
2660,36899560677,36899561922,1
2661,36899577344,36899578744,1
2662,36899594010,36899595434,1
2663,36899610677,36899611964,1
2664,36899627344,36899628686,1
2665,36899644010,36899645267,1
2666,36899660677,36899662132,1
2667,36899677344,36899678623,1
2668,36899694010,36899695285,1
2669,36899710677,36899711937,1
2670,36899727344,36899728589,1
2671,36899744010,36899745268,1
2672,36899760677,36899761948,1
2673,36899777344,36899778590,1
2674,36899794010,36899795249,1
2675,36899810677,36899811989,1
2676,36899827344,36899828808,1
2677,36899844010,36899845252,1
2678,36899860677,36899861935,1
2679,36899877344,36899878649,1
2680,36899894010,36899895284,1
2681,36899910677,36899911945,1
2682,36899927344,36899928591,1
2683,36899944010,36899945476,1
2684,36899960677,36899962101,1
2685,36899977344,36899978588,1
2686,36899994010,36899995239,1
2687,36900010677,36900012575,1
2688,36900027344,36900028867,1
2689,36900044010,36900046377,1
2690,36900060677,36900062389,1
2691,36900077344,36900078826,1
2692,36900094010,36900095343,1
2693,36900110677,36900112127,1
2694,36900127344,36900128881,1
2695,36900144010,36900145596,1
2696,36900160677,36900162257,1
2697,36900177344,36900178908,1
2698,36900194010,36900195675,1
2699,36900210677,36900212126,1
2700,36900227344,36900228932,1
2701,36900244010,36900245636,1
2702,36900260677,36900262104,1
2703,36900277344,36900278871,1
2704,36900294010,36900295554,1
2705,36900310677,36900312168,1
2706,36900327344,36900328967,1
2707,36900344010,36900345590,1
2708,36900360677,36900362340,1
2709,36900377344,36900379091,1
2710,36900394010,36900395918,1
2711,36900410677,36900412332,1
2712,36900427344,36900428969,1
2713,36900444010,36900445829,1
2714,36900460677,36900462252,1
2715,36900477344,36900478937,1
2716,36900494010,36900495553,1
2717,36900510677,36900512111,1
2718,36900527344,36900528679,1
2719,36900544010,36900545578,1
2720,36900560677,36900562128,1
2721,36900577344,36900578739,1
2722,36900594010,36900595443,1
2723,36900610677,36900611943,1
2724,36900627344,36900628666,1
2725,36900644010,36900645490,1
2726,36900660677,36900662275,1
2727,36900677344,36900678861,1
2728,36900694010,36900695487,1
2729,36900710677,36900712178,1
2730,36900727344,36900728870,1
2731,36900744010,36900745715,1
2732,36900760677,36900761980,1
2733,36900777344,36900778777,1
2734,36900794010,36900795487,1
2735,36900810677,36900811986,1
2736,36900827344,36900828616,1
2737,36900844010,36900845316,1
2738,36900860677,36900862000,1
2739,36900877344,36900878655,1
2740,36900894010,36900895294,1
2741,36900910677,36900912036,1
2742,36900927344,36900928809,1
2743,36900944010,36900945272,1
2744,36900960677,36900961954,1
2745,36900977344,36900978608,1
2746,36900994010,36900995253,1
2747,36901010677,36901012034,1
2748,36901027344,36901028771,1
2749,36901044010,36901045547,1
2750,36901060677,36901062069,1
2751,36901077344,36901078636,1
2752,36901094010,36901095290,1
2753,36901110677,36901111983,1
2754,36901127344,36901128696,1
2755,36901144010,36901145272,1
2756,36901160677,36901162028,1
2757,36901177344,36901178717,1
2758,36901194010,36901195297,1
2759,36901210677,36901211999,1
2760,36901227344,36901228635,1
2761,36901244010,36901245260,1
2762,36901260677,36901262037,1
2763,36901277344,36901278789,1
2764,36901294010,36901295328,1
2765,36901310677,36901311952,1
2766,36901327344,36901328595,1
2767,36901344010,36901345301,1
2768,36901360677,36901361936,1
2769,36901377344,36901378732,1
2770,36901394010,36901395443,1
2771,36901410677,36901411978,1
2772,36901427344,36901428584,1
2773,36901444010,36901445290,1
2774,36901460677,36901461907,1
2775,36901477344,36901478609,1
2776,36901494010,36901495313,1
2777,36901510677,36901512142,1
2778,36901527344,36901528628,1
2779,36901544010,36901545282,1
2780,36901560677,36901562099,1
2781,36901577344,36901578624,1
2782,36901594010,36901595307,1
2783,36901610677,36901611932,1
2784,36901627344,36901628822,1
2785,36901644010,36901645273,1
2786,36901660677,36901662100,1
2787,36901677344,36901678631,1
2788,36901694010,36901695243,1
2789,36901710677,36901711931,1
2790,36901727344,36901728590,1
2791,36901744010,36901745467,1
2792,36901760677,36901761946,1
2793,36901777344,36901778596,1
2794,36901794010,36901795256,1
2795,36901810677,36901811936,1
2796,36901827344,36901828584,1
2797,36901844010,36901845268,1
2798,36901860677,36901862006,1
2799,36901877344,36901878592,1
2800,36901894010,36901895260,1
2801,36901910677,36901911943,1
2802,36901927344,36901928585,1
2803,36901944010,36901945270,1
2804,36901960677,36901961917,1
2805,36901977344,36901978638,1
2806,36901994010,36901995473,1
2807,36902010677,36902011957,1
2808,36902027344,36902028629,1
2809,36902044010,36902045332,1
2810,36902060677,36902062011,1
2811,36902077344,36902078789,1
2812,36902094010,36902095306,1
2813,36902110677,36902112022,1
2814,36902127344,36902128774,1
2815,36902144010,36902145287,1
2816,36902160677,36902161918,1
2817,36902177344,36902178623,1
2818,36902194010,36902195259,1
2819,36902210677,36902212085,1
2820,36902227344,36902228890,1
2821,36902244010,36902245357,1
2822,36902260677,36902262011,1
2823,36902277344,36902278850,1
2824,36902294010,36902295310,1
2825,36902310677,36902311953,1
2826,36902327344,36902328691,1
2827,36902344010,36902345517,1
2828,36902360677,36902361948,1
2829,36902377344,36902378814,1
2830,36902394010,36902395273,1
2831,36902410677,36902411941,1
2832,36902427344,36902428602,1
2833,36902444010,36902445298,1
2834,36902460677,36902462528,1
2835,36902477344,36902478850,1
2836,36902494010,36902495518,1
2837,36902510677,36902512285,1
2838,36902527344,36902528783,1
2839,36902544010,36902545337,1
2840,36902560677,36902562009,1
2841,36902577344,36902578663,1
2842,36902594010,36902595303,1
2843,36902610677,36902612142,1
2844,36902627344,36902628611,1
2845,36902644010,36902645280,1
2846,36902660677,36902662081,1
2847,36902677344,36902678652,1
2848,36902694010,36902695316,1
2849,36902710677,36902712252,1
2850,36902727344,36902728701,1
2851,36902744010,36902745352,1
2852,36902760677,36902762111,1
2853,36902777344,36902778809,1
2854,36902794010,36902795459,1
2855,36902810677,36902812259,1
2856,36902827344,36902829027,1
2857,36902844010,36902845325,1
2858,36902860677,36902862032,1
2859,36902877344,36902878624,1
2860,36902894010,36902895283,1
2861,36902910677,36902911959,1
2862,36902927344,36902928595,1
2863,36902944010,36902945485,1
2864,36902960677,36902961949,1
2865,36902977344,36902978590,1
2866,36902994010,36902995300,1
2867,36903010677,36903012025,1
2868,36903027344,36903028740,1
2869,36903044010,36903045342,1
2870,36903060677,36903062774,1
2871,36903077344,36903078751,1
2872,36903094010,36903095252,1
2873,36903110677,36903111937,1
2874,36903127344,36903128597,1
2875,36903144010,36903145464,1
2876,36903160677,36903161941,1
2877,36903177344,36903178657,1
2878,36903194010,36903195447,1
2879,36903210677,36903211975,1
2880,36903227344,36903228630,1
2881,36903244010,36903245346,1
2882,36903260677,36903261973,1
2883,36903277344,36903278772,1
2884,36903294010,36903295332,1
2885,36903310677,36903311952,1
2886,36903327344,36903328734,1
2887,36903344010,36903345356,1
2888,36903360677,36903361932,1
2889,36903377344,36903378605,1
2890,36903394010,36903395257,1
2891,36903410677,36903411939,1
2892,36903427344,36903428793,1
2893,36903444010,36903445296,1
2894,36903460677,36903461954,1
2895,36903477344,36903478613,1
2896,36903494010,36903495262,1
2897,36903510677,36903511952,1
2898,36903527344,36903528635,1
2899,36903544010,36903545469,1
2900,36903560677,36903561983,1
2901,36903577344,36903578651,1
2902,36903594010,36903595370,1
2903,36903610677,36903612102,1
2904,36903627344,36903628737,1
2905,36903644010,36903645380,1
2906,36903660677,36903662747,1
2907,36903677344,36903679330,1
2908,36903694010,36903695476,1
2909,36903710677,36903711972,1
2910,36903727344,36903728593,1
2911,36903744010,36903745268,1
2912,36903760677,36903761989,1
2913,36903777344,36903778727,1
2914,36903794010,36903795598,1
2915,36903810677,36903811958,1
2916,36903827344,36903828590,1
2917,36903844010,36903845339,1
2918,36903860677,36903861956,1
2919,36903877344,36903878595,1
2920,36903894010,36903895336,1
2921,36903910677,36903911964,1
2922,36903927344,36903928916,1
2923,36903944010,36903945259,1
2924,36903960677,36903961904,1
2925,36903977344,36903978563,1
2926,36903994010,36903995230,1
2927,36904010677,36904012002,1
2928,36904027344,36904028576,1
2929,36904044010,36904045272,1
2930,36904060677,36904061906,1
2931,36904077344,36904078581,1
2932,36904094010,36904095236,1
2933,36904110677,36904111920,1
2934,36904127344,36904128591,1
2935,36904144010,36904145480,1
2936,36904160677,36904161959,1
2937,36904177344,36904178594,1
2938,36904194010,36904196173,1
2939,36904210677,36904212093,1
2940,36904227344,36904228572,1
2941,36904244010,36904245410,1
2942,36904260677,36904262077,1
2943,36904277344,36904278614,1
2944,36904294010,36904295415,1
2945,36904310677,36904312080,1
2946,36904327344,36904328630,1
2947,36904344010,36904345410,1
2948,36904360677,36904362002,1
2949,36904377344,36904378705,1
2950,36904394010,36904395495,1
2951,36904410677,36904411942,1
2952,36904427344,36904428585,1
2953,36904444010,36904445242,1
2954,36904460677,36904461905,1
2955,36904477344,36904478566,1
2956,36904494010,36904495261,1
2957,36904510677,36904512122,1
2958,36904527344,36904528635,1
2959,36904544010,36904545275,1
2960,36904560677,36904561930,1
2961,36904577344,36904578612,1
2962,36904594010,36904595277,1
2963,36904610677,36904612033,1
2964,36904627344,36904628960,1
2965,36904644010,36904645341,1
2966,36904660677,36904662003,1
2967,36904677344,36904678859,1
2968,36904694010,36904695368,1
2969,36904710677,36904712010,1
2970,36904727344,36904728891,1
2971,36904744010,36904745375,1
2972,36904760677,36904761913,1
2973,36904777344,36904778563,1
2974,36904794010,36904795259,1
2975,36904810677,36904811898,1
2976,36904827344,36904828567,1
2977,36904844010,36904845362,1
2978,36904860677,36904862717,1
2979,36904877344,36904878863,1
2980,36904894010,36904895640,1
2981,36904910677,36904912326,1
2982,36904927344,36904928710,1
2983,36904944010,36904945279,1
2984,36904960677,36904961924,1
2985,36904977344,36904978734,1
2986,36904994010,36904995443,1
2987,36905010677,36905011984,1
2988,36905027344,36905028577,1
2989,36905044010,36905045265,1
2990,36905060677,36905061953,1
2991,36905077344,36905078571,1
2992,36905094010,36905095262,1
2993,36905110677,36905112117,1
2994,36905127344,36905128577,1
2995,36905144010,36905145450,1
2996,36905160677,36905161911,1
2997,36905177344,36905178576,1
2998,36905194010,36905195508,1
2999,36905210677,36905211920,1
3000,36905227344,36905228586,1
3001,36905244010,36905245444,1
3002,36905260677,36905261913,1
3003,36905277344,36905278752,1
3004,36905294010,36905295440,1
3005,36905310677,36905311914,1
3006,36905327344,36905328574,1
3007,36905344010,36905345447,1
3008,36905360677,36905362086,1
3009,36905377344,36905378613,1
3010,36905394010,36905395432,1
3011,36905410677,36905411925,1
3012,36905427344,36905428581,1
3013,36905444010,36905445419,1
3014,36905460677,36905461899,1
3015,36905477344,36905478588,1
3016,36905494010,36905495415,1
3017,36905510677,36905511923,1
3018,36905527344,36905528721,1
3019,36905544010,36905545477,1
3020,36905560677,36905561930,1
3021,36905577344,36905578587,1
3022,36905594010,36905595427,1
3023,36905610677,36905611933,1
3024,36905627344,36905628567,1
3025,36905644010,36905645445,1
3026,36905660677,36905661928,1
3027,36905677344,36905678925,1
3028,36905694010,36905695423,1
3029,36905710677,36905712094,1
3030,36905727344,36905728746,1
3031,36905744010,36905745436,1
3032,36905760677,36905761922,1
3033,36905777344,36905778611,1
3034,36905794010,36905795434,1
3035,36905810677,36905812163,1
3036,36905827344,36905828588,1
3037,36905844010,36905845457,1
3038,36905860677,36905862049,1
3039,36905877344,36905878611,1
3040,36905894010,36905895425,1
3041,36905910677,36905911938,1
3042,36905927344,36905928586,1
3043,36905944010,36905945430,1
3044,36905960677,36905962184,1
3045,36905977344,36905978610,1
3046,36905994010,36905995544,1
3047,36906010677,36906012042,1
3048,36906027344,36906028595,1
3049,36906044010,36906045292,1
3050,36906060677,36906061965,1
3051,36906077344,36906078918,1
3052,36906094010,36906095314,1
3053,36906110677,36906111972,1
3054,36906127344,36906128607,1
3055,36906144010,36906145315,1
3056,36906160677,36906161920,1
3057,36906177344,36906178625,1
3058,36906194010,36906195283,1
3059,36906210677,36906211998,1
3060,36906227344,36906228592,1
3061,36906244010,36906245306,1
3062,36906260677,36906262006,1
3063,36906277344,36906278604,1
3064,36906294010,36906295326,1
3065,36906310677,36906312110,1
3066,36906327344,36906328763,1
3067,36906344010,36906345272,1
3068,36906360677,36906361999,1
3069,36906377344,36906378677,1
3070,36906394010,36906395465,1
3071,36906410677,36906412098,1
3072,36906427344,36906428890,1
3073,36906444010,36906445378,1
3074,36906460677,36906461938,1
3075,36906477344,36906478589,1
3076,36906494010,36906495263,1
3077,36906510677,36906511936,1
3078,36906527344,36906528596,1
3079,36906544010,36906545451,1
3080,36906560677,36906561954,1
3081,36906577344,36906578655,1
3082,36906594010,36906595303,1
3083,36906610677,36906611966,1
3084,36906627344,36906628583,1
3085,36906644010,36906645266,1
3086,36906660677,36906662153,1
3087,36906677344,36906678766,1
3088,36906694010,36906695280,1
3089,36906710677,36906711921,1
3090,36906727344,36906728597,1
3091,36906744010,36906745270,1
3092,36906760677,36906761929,1
3093,36906777344,36906778741,1
3094,36906794010,36906795449,1
3095,36906810677,36906811934,1
3096,36906827344,36906828606,1
3097,36906844010,36906846048,1
3098,36906860677,36906862075,1
3099,36906877344,36906878633,1
3100,36906894010,36906895264,1
3101,36906910677,36906911922,1
3102,36906927344,36906928705,1
3103,36906944010,36906945460,1
3104,36906960677,36906962146,1
3105,36906977344,36906978974,1
3106,36906994010,36906995492,1
3107,36907010677,36907012181,1
3108,36907027344,36907028874,1
3109,36907044010,36907045305,1
3110,36907060677,36907062003,1
3111,36907077344,36907078610,1
3112,36907094010,36907095264,1
3113,36907110677,36907111942,1
3114,36907127344,36907128578,1
3115,36907144010,36907145526,1
3116,36907160677,36907161953,1
3117,36907177344,36907178600,1
3118,36907194010,36907195270,1
3119,36907210677,36907211970,1
3120,36907227344,36907228591,1
3121,36907244010,36907245263,1
3122,36907260677,36907262126,1
3123,36907277344,36907278610,1
3124,36907294010,36907295309,1
3125,36907310677,36907311935,1
3126,36907327344,36907328609,1
3127,36907344010,36907345252,1
3128,36907360677,36907361914,1
3129,36907377344,36907378824,1
3130,36907394010,36907395426,1
3131,36907410677,36907412084,1
3132,36907427344,36907428595,1
3133,36907444010,36907445325,1
3134,36907460677,36907461928,1
3135,36907477344,36907478596,1
3136,36907494010,36907495329,1
3137,36907510677,36907512134,1
3138,36907527344,36907528605,1
3139,36907544010,36907545261,1
3140,36907560677,36907561926,1
3141,36907577344,36907578596,1
3142,36907594010,36907595249,1
3143,36907610677,36907611991,1
3144,36907627344,36907628609,1
3145,36907644010,36907645256,1
3146,36907660677,36907661930,1
3147,36907677344,36907678766,1
3148,36907694010,36907695253,1
3149,36907710677,36907711914,1
3150,36907727344,36907728579,1
3151,36907744010,36907745449,1
3152,36907760677,36907761932,1
3153,36907777344,36907778611,1
3154,36907794010,36907795285,1
3155,36907810677,36907811933,1
3156,36907827344,36907828580,1
3157,36907844010,36907845293,1
3158,36907860677,36907862093,1
3159,36907877344,36907878645,1
3160,36907894010,36907895287,1
3161,36907910677,36907912104,1
3162,36907927344,36907928610,1
3163,36907944010,36907945276,1
3164,36907960677,36907961912,1
3165,36907977344,36907978707,1
3166,36907994010,36907995432,1
3167,36908010677,36908012062,1
3168,36908027344,36908028593,1
3169,36908044010,36908045255,1
3170,36908060677,36908061934,1
3171,36908077344,36908078600,1
3172,36908094010,36908095317,1
3173,36908110677,36908112207,1
3174,36908127344,36908128580,1
3175,36908144010,36908145279,1
3176,36908160677,36908161922,1
3177,36908177344,36908178580,1
3178,36908194010,36908195259,1
3179,36908210677,36908211953,1
3180,36908227344,36908228782,1
3181,36908244010,36908245292,1
3182,36908260677,36908261926,1
3183,36908277344,36908278601,1
3184,36908294010,36908295333,1
3185,36908310677,36908311930,1
3186,36908327344,36908328610,1
3187,36908344010,36908345304,1
3188,36908360677,36908361915,1
3189,36908377344,36908378630,1
3190,36908394010,36908395265,1
3191,36908410677,36908411938,1
3192,36908427344,36908428589,1
3193,36908444010,36908445479,1
3194,36908460677,36908462149,1
3195,36908477344,36908478699,1
3196,36908494010,36908495342,1
3197,36908510677,36908512160,1
3198,36908527344,36908528705,1
3199,36908544010,36908545285,1
3200,36908560677,36908561978,1
3201,36908577344,36908578711,1
3202,36908594010,36908595404,1
3203,36908610677,36908611961,1
3204,36908627344,36908628655,1
3205,36908644010,36908645247,1
3206,36908660677,36908661942,1
3207,36908677344,36908678813,1
3208,36908694010,36908695342,1
3209,36908710677,36908712134,1
3210,36908727344,36908728579,1
3211,36908744010,36908745290,1
3212,36908760677,36908761943,1
3213,36908777344,36908778592,1
3214,36908794010,36908795344,1
3215,36908810677,36908811955,1
3216,36908827344,36908828608,1
3217,36908844010,36908845529,1
3218,36908860677,36908861941,1
3219,36908877344,36908878612,1
3220,36908894010,36908895254,1
3221,36908910677,36908911928,1
3222,36908927344,36908928581,1
3223,36908944010,36908945453,1
3224,36908960677,36908961916,1
3225,36908977344,36908978763,1
3226,36908994010,36908995267,1
3227,36909010677,36909012045,1
3228,36909027344,36909028784,1
3229,36909044010,36909045406,1
3230,36909060677,36909062177,1
3231,36909077344,36909078867,1
3232,36909094010,36909095457,1
3233,36909110677,36909111988,1
3234,36909127344,36909128646,1
3235,36909144010,36909145281,1
3236,36909160677,36909161940,1
3237,36909177344,36909178721,1
3238,36909194010,36909195451,1
3239,36909210677,36909212026,1
3240,36909227344,36909228593,1
3241,36909244010,36909245279,1
3242,36909260677,36909261918,1
3243,36909277344,36909278608,1
3244,36909294010,36909295278,1
3245,36909310677,36909312156,1
3246,36909327344,36909328597,1
3247,36909344010,36909345296,1
3248,36909360677,36909361926,1
3249,36909377344,36909378589,1
3250,36909394010,36909395257,1
3251,36909410677,36909412011,1
3252,36909427344,36909428708,1
3253,36909444010,36909445457,1
3254,36909460677,36909461960,1
3255,36909477344,36909478612,1
3256,36909494010,36909495755,1
3257,36909510677,36909512087,1
3258,36909527344,36909528621,1
3259,36909544010,36909545548,1
3260,36909560677,36909561950,1
3261,36909577344,36909578586,1
3262,36909594010,36909595277,1
3263,36909610677,36909611941,1
3264,36909627344,36909628681,1
3265,36909644010,36909645302,1
3266,36909660677,36909662156,1
3267,36909677344,36909678881,1
3268,36909694010,36909695442,1
3269,36909710677,36909712365,1
3270,36909727344,36909728702,1
3271,36909744010,36909745330,1
3272,36909760677,36909761941,1
3273,36909777344,36909778602,1
3274,36909794010,36909795243,1
3275,36909810677,36909811930,1
3276,36909827344,36909828592,1
3277,36909844010,36909845259,1
3278,36909860677,36909861929,1
3279,36909877344,36909878670,1
3280,36909894010,36909895258,1
3281,36909910677,36909912142,1
3282,36909927344,36909928626,1
3283,36909944010,36909945307,1
3284,36909960677,36909961913,1
3285,36909977344,36909978583,1
3286,36909994010,36909995250,1
3287,36910010677,36910011935,1
3288,36910027344,36910028831,1
3289,36910044010,36910045465,1
3290,36910060677,36910062100,1
3291,36910077344,36910078613,1
3292,36910094010,36910095946,1
3293,36910110677,36910111941,1
3294,36910127344,36910128609,1
3295,36910144010,36910145478,1
3296,36910160677,36910162116,1
3297,36910177344,36910178610,1
3298,36910194010,36910195433,1
3299,36910210677,36910212012,1
3300,36910227344,36910228635,1
3301,36910244010,36910245449,1
3302,36910260677,36910261930,1
3303,36910277344,36910278816,1
3304,36910294010,36910295448,1
3305,36910310677,36910311987,1
3306,36910327344,36910328623,1
3307,36910344010,36910345464,1
3308,36910360677,36910361950,1
3309,36910377344,36910378613,1
3310,36910394010,36910395445,1
3311,36910410677,36910411964,1
3312,36910427344,36910428583,1
3313,36910444010,36910445482,1
3314,36910460677,36910461951,1
3315,36910477344,36910478598,1
3316,36910494010,36910495465,1
3317,36910510677,36910511970,1
3318,36910527344,36910528670,1
3319,36910544010,36910545486,1
3320,36910560677,36910562163,1
3321,36910577344,36910578896,1
3322,36910594010,36910595560,1
3323,36910610677,36910612188,1
3324,36910627344,36910628867,1
3325,36910644010,36910645519,1
3326,36910660677,36910662007,1
3327,36910677344,36910678851,1
3328,36910694010,36910695458,1
3329,36910710677,36910712107,1
3330,36910727344,36910728622,1
3331,36910744010,36910745496,1
3332,36910760677,36910762116,1
3333,36910777344,36910778600,1
3334,36910794010,36910795454,1
3335,36910810677,36910811944,1
3336,36910827344,36910828628,1
3337,36910844010,36910845445,1
3338,36910860677,36910861956,1
3339,36910877344,36910878784,1
3340,36910894010,36910895459,1
3341,36910910677,36910911969,1
3342,36910927344,36910928594,1
3343,36910944010,36910945656,1
3344,36910960677,36910961961,1
3345,36910977344,36910978632,1
3346,36910994010,36910995458,1
3347,36911010677,36911012093,1
3348,36911027344,36911028637,1
3349,36911044010,36911045276,1
3350,36911060677,36911061912,1
3351,36911077344,36911078617,1
3352,36911094010,36911095584,1
3353,36911110677,36911112143,1
3354,36911127344,36911128855,1
3355,36911144010,36911145486,1
3356,36911160677,36911162095,1
3357,36911177344,36911178842,1
3358,36911194010,36911195450,1
3359,36911210677,36911212035,1
3360,36911227344,36911228651,1
3361,36911244010,36911245284,1
3362,36911260677,36911261955,1
3363,36911277344,36911278632,1
3364,36911294010,36911295302,1
3365,36911310677,36911311976,1
3366,36911327344,36911328581,1
3367,36911344010,36911345515,1
3368,36911360677,36911361939,1
3369,36911377344,36911378637,1
3370,36911394010,36911395249,1
3371,36911410677,36911411926,1
3372,36911427344,36911428575,1
3373,36911444010,36911445270,1
3374,36911460677,36911462069,1
3375,36911477344,36911478599,1
3376,36911494010,36911495261,1
3377,36911510677,36911511934,1
3378,36911527344,36911528588,1
3379,36911544010,36911545251,1
3380,36911560677,36911561925,1
3381,36911577344,36911578746,1
3382,36911594010,36911595479,1
3383,36911610677,36911611934,1
3384,36911627344,36911628764,1
3385,36911644010,36911645262,1
3386,36911660677,36911661928,1
3387,36911677344,36911678771,1
3388,36911694010,36911695302,1
3389,36911710677,36911712162,1
3390,36911727344,36911728580,1
3391,36911744010,36911745265,1
3392,36911760677,36911761922,1
3393,36911777344,36911778603,1
3394,36911794010,36911795259,1
3395,36911810677,36911811910,1
3396,36911827344,36911828811,1
3397,36911844010,36911845262,1
3398,36911860677,36911861931,1
3399,36911877344,36911878641,1
3400,36911894010,36911895251,1
3401,36911910677,36911911931,1
3402,36911927344,36911928583,1
3403,36911944010,36911945272,1
3404,36911960677,36911961939,1
3405,36911977344,36911978596,1
3406,36911994010,36911995259,1
3407,36912010677,36912012041,1
3408,36912027344,36912028591,1
3409,36912044010,36912045296,1
3410,36912060677,36912062587,1
3411,36912077344,36912078759,1
3412,36912094010,36912095251,1
3413,36912110677,36912111926,1
3414,36912127344,36912128627,1
3415,36912144010,36912145334,1
3416,36912160677,36912162081,1
3417,36912177344,36912178618,1
3418,36912194010,36912195455,1
3419,36912210677,36912211923,1
3420,36912227344,36912228623,1
3421,36912244010,36912245267,1
3422,36912260677,36912261943,1
3423,36912277344,36912278632,1
3424,36912294010,36912295298,1
3425,36912310677,36912312128,1
3426,36912327344,36912328600,1
3427,36912344010,36912345267,1
3428,36912360677,36912361939,1
3429,36912377344,36912378589,1
3430,36912394010,36912395257,1
3431,36912410677,36912411981,1
3432,36912427344,36912428769,1
3433,36912444010,36912445251,1
3434,36912460677,36912461920,1
3435,36912477344,36912478580,1
3436,36912494010,36912495288,1
3437,36912510677,36912511932,1
3438,36912527344,36912528581,1
3439,36912544010,36912545483,1
3440,36912560677,36912561983,1
3441,36912577344,36912578601,1
3442,36912594010,36912595258,1
3443,36912610677,36912611939,1
3444,36912627344,36912628599,1
3445,36912644010,36912645378,1
3446,36912660677,36912662119,1
3447,36912677344,36912678938,1
3448,36912694010,36912695594,1
3449,36912710677,36912711942,1
3450,36912727344,36912728604,1
3451,36912744010,36912745289,1
3452,36912760677,36912761917,1
3453,36912777344,36912778677,1
3454,36912794010,36912795469,1
3455,36912810677,36912811972,1
3456,36912827344,36912828587,1
3457,36912844010,36912845281,1
3458,36912860677,36912861952,1
3459,36912877344,36912878655,1
3460,36912894010,36912895322,1
3461,36912910677,36912912150,1
3462,36912927344,36912928596,1
3463,36912944010,36912945307,1
3464,36912960677,36912961926,1
3465,36912977344,36912978604,1
3466,36912994010,36912995251,1
3467,36913010677,36913011998,1
3468,36913027344,36913028786,1
3469,36913044010,36913045284,1
3470,36913060677,36913061938,1
3471,36913077344,36913078602,1
3472,36913094010,36913095258,1
3473,36913110677,36913111950,1
3474,36913127344,36913128610,1
3475,36913144010,36913145502,1
3476,36913160677,36913162047,1
3477,36913177344,36913189153,1
3478,36913194010,36913195613,1
3479,36913210677,36913212357,1
3480,36913227344,36913228823,1
3481,36913244010,36913245486,1
3482,36913260677,36913262218,1
3483,36913277344,36913278894,1
3484,36913294010,36913295440,1
3485,36913310677,36913312006,1
3486,36913327344,36913328636,1
3487,36913344010,36913345352,1
3488,36913360677,36913361949,1
3489,36913377344,36913378626,1
3490,36913394010,36913395265,1
3491,36913410677,36913412005,1
3492,36913427344,36913428615,1
3493,36913444010,36913445263,1
3494,36913460677,36913461917,1
3495,36913477344,36913478592,1
3496,36913494010,36913495298,1
3497,36913510677,36913512097,1
3498,36913527344,36913528608,1
3499,36913544010,36913545250,1
3500,36913560677,36913561922,1
3501,36913577344,36913578575,1
3502,36913594010,36913595264,1
3503,36913610677,36913611918,1
3504,36913627344,36913628899,1
3505,36913644010,36913645417,1
3506,36913660677,36913662048,1
3507,36913677344,36913678954,1
3508,36913694010,36913695446,1
3509,36913710677,36913712122,1
3510,36913727344,36913728669,1
3511,36913744010,36913745552,1
3512,36913760677,36913761949,1
3513,36913777344,36913778622,1
3514,36913794010,36913795267,1
3515,36913810677,36913811919,1
3516,36913827344,36913828574,1
3517,36913844010,36913845262,1
3518,36913860677,36913862121,1
3519,36913877344,36913878666,1
3520,36913894010,36913895246,1
3521,36913910677,36913912002,1
3522,36913927344,36913928575,1
3523,36913944010,36913945232,1
3524,36913960677,36913961911,1
3525,36913977344,36913978688,1
3526,36913994010,36913995427,1
3527,36914010677,36914012007,1
3528,36914027344,36914028733,1
3529,36914044010,36914045379,1
3530,36914060677,36914061968,1
3531,36914077344,36914078623,1
3532,36914094010,36914095402,1
3533,36914110677,36914112175,1
3534,36914127344,36914128594,1
3535,36914144010,36914145313,1
3536,36914160677,36914161983,1
3537,36914177344,36914178614,1
3538,36914194010,36914195254,1
3539,36914210677,36914211939,1
3540,36914227344,36914228832,1
3541,36914244010,36914245258,1
3542,36914260677,36914261916,1
3543,36914277344,36914278754,1
3544,36914294010,36914295277,1
3545,36914310677,36914311909,1
3546,36914327344,36914328616,1
3547,36914344010,36914345449,1
3548,36914360677,36914361935,1
3549,36914377344,36914378594,1
3550,36914394010,36914395284,1
3551,36914410677,36914411909,1
3552,36914427344,36914428571,1
3553,36914444010,36914445230,1
3554,36914460677,36914462057,1
3555,36914477344,36914478589,1
3556,36914494010,36914495363,1
3557,36914510677,36914511932,1
3558,36914527344,36914528577,1
3559,36914544010,36914545242,1
3560,36914560677,36914561910,1
3561,36914577344,36914578711,1
3562,36914594010,36914595415,1
3563,36914610677,36914611985,1
3564,36914627344,36914628631,1
3565,36914644010,36914645275,1
3566,36914660677,36914661961,1
3567,36914677344,36914678761,1
3568,36914694010,36914695355,1
3569,36914710677,36914712193,1
3570,36914727344,36914728716,1
3571,36914744010,36914745330,1
3572,36914760677,36914762041,1
3573,36914777344,36914778808,1
3574,36914794010,36914795429,1
3575,36914810677,36914812123,1
3576,36914827344,36914828603,1
3577,36914844010,36914845276,1
3578,36914860677,36914861914,1
3579,36914877344,36914878686,1
3580,36914894010,36914895239,1
3581,36914910677,36914912029,1
3582,36914927344,36914928592,1
3583,36914944010,36914945492,1
3584,36914960677,36914961907,1
3585,36914977344,36914978586,1
3586,36914994010,36914995286,1
3587,36915010677,36915011964,1
3588,36915027344,36915028597,1
3589,36915044010,36915045244,1
3590,36915060677,36915062057,1
3591,36915077344,36915078619,1
3592,36915094010,36915095246,1
3593,36915110677,36915111921,1
3594,36915127344,36915128580,1
3595,36915144010,36915145467,1
3596,36915160677,36915161913,1
3597,36915177344,36915178583,1
3598,36915194010,36915195459,1
3599,36915210677,36915211921,1
3600,36915227344,36915228586,1
3601,36915244010,36915245477,1
3602,36915260677,36915261906,1
3603,36915277344,36915278585,1
3604,36915294010,36915295489,1
3605,36915310677,36915312126,1
3606,36915327344,36915328783,1
3607,36915344010,36915345480,1
3608,36915360677,36915362104,1
3609,36915377344,36915378825,1
3610,36915394010,36915395530,1
3611,36915410677,36915411974,1
3612,36915427344,36915428807,1
3613,36915444010,36915445486,1
3614,36915460677,36915461948,1
3615,36915477344,36915478616,1
3616,36915494010,36915495601,1
3617,36915510677,36915511954,1
3618,36915527344,36915528607,1
3619,36915544010,36915545434,1
3620,36915560677,36915561914,1
3621,36915577344,36915578591,1
3622,36915594010,36915595433,1
3623,36915610677,36915611923,1
3624,36915627344,36915628612,1
3625,36915644010,36915645461,1
3626,36915660677,36915661958,1
3627,36915677344,36915678800,1
3628,36915694010,36915695425,1
3629,36915710677,36915712126,1
3630,36915727344,36915728614,1
3631,36915744010,36915745450,1
3632,36915760677,36915761917,1
3633,36915777344,36915778646,1
3634,36915794010,36915795408,1
3635,36915810677,36915811945,1
3636,36915827344,36915828591,1
3637,36915844010,36915845452,1
3638,36915860677,36915862088,1
3639,36915877344,36915878688,1
3640,36915894010,36915895306,1
3641,36915910677,36915912081,1
3642,36915927344,36915928602,1
3643,36915944010,36915945290,1
3644,36915960677,36915961912,1
3645,36915977344,36915978597,1
3646,36915994010,36915995241,1
3647,36916010677,36916011952,1
3648,36916027344,36916028779,1
3649,36916044010,36916045277,1
3650,36916060677,36916061927,1
3651,36916077344,36916078610,1
3652,36916094010,36916095261,1
3653,36916110677,36916111931,1
3654,36916127344,36916128599,1
3655,36916144010,36916145484,1
3656,36916160677,36916161984,1
3657,36916177344,36916178617,1
3658,36916194010,36916195243,1
3659,36916210677,36916211932,1
3660,36916227344,36916228608,1
3661,36916244010,36916245269,1
3662,36916260677,36916261921,1
3663,36916277344,36916278594,1
3664,36916294010,36916295246,1
3665,36916310677,36916312003,1
3666,36916327344,36916328604,1
3667,36916344010,36916345277,1
3668,36916360677,36916361947,1
3669,36916377344,36916378652,1
3670,36916394010,36916395462,1
3671,36916410677,36916411928,1
3672,36916427344,36916428585,1
3673,36916444010,36916445271,1
3674,36916460677,36916461930,1
3675,36916477344,36916478597,1
3676,36916494010,36916495298,1
3677,36916510677,36916512122,1
3678,36916527344,36916528602,1
3679,36916544010,36916545292,1
3680,36916560677,36916561945,1
3681,36916577344,36916578611,1
3682,36916594010,36916595307,1
3683,36916610677,36916611950,1
3684,36916627344,36916628837,1
3685,36916644010,36916645281,1
3686,36916660677,36916661944,1
3687,36916677344,36916678729,1
3688,36916694010,36916695272,1
3689,36916710677,36916711931,1
3690,36916727344,36916728786,1
3691,36916744010,36916745551,1
3692,36916760677,36916761985,1
3693,36916777344,36916778644,1
3694,36916794010,36916795386,1
3695,36916810677,36916812109,1
3696,36916827344,36916828686,1
3697,36916844010,36916845478,1
3698,36916860677,36916862147,1
3699,36916877344,36916878857,1
3700,36916894010,36916895275,1
3701,36916910677,36916911951,1
3702,36916927344,36916928766,1
3703,36916944010,36916945281,1
3704,36916960677,36916961923,1
3705,36916977344,36916978589,1
3706,36916994010,36916995261,1
3707,36917010677,36917011903,1
3708,36917027344,36917028577,1
3709,36917044010,36917045258,1
3710,36917060677,36917061931,1
3711,36917077344,36917078605,1
3712,36917094010,36917095282,1
3713,36917110677,36917112112,1
3714,36917127344,36917128594,1
3715,36917144010,36917145362,1
3716,36917160677,36917161981,1
3717,36917177344,36917178700,1
3718,36917194010,36917195261,1
3719,36917210677,36917211963,1
3720,36917227344,36917228887,1
3721,36917244010,36917245288,1
3722,36917260677,36917261928,1
3723,36917277344,36917278594,1
3724,36917294010,36917295295,1
3725,36917310677,36917311966,1
3726,36917327344,36917328600,1
3727,36917344010,36917345530,1
3728,36917360677,36917361957,1
3729,36917377344,36917378606,1
3730,36917394010,36917395289,1
3731,36917410677,36917412087,1
3732,36917427344,36917428785,1
3733,36917444010,36917445670,1
3734,36917460677,36917462191,1
3735,36917477344,36917478827,1
3736,36917494010,36917495269,1
3737,36917510677,36917511924,1
3738,36917527344,36917528608,1
3739,36917544010,36917545265,1
3740,36917560677,36917562067,1
3741,36917577344,36917578966,1
3742,36917594010,36917595408,1
3743,36917610677,36917612310,1
3744,36917627344,36917628903,1
3745,36917644010,36917645660,1
3746,36917660677,36917662219,1
3747,36917677344,36917678831,1
3748,36917694010,36917695571,1
3749,36917710677,36917712202,1
3750,36917727344,36917728883,1
3751,36917744010,36917745564,1
3752,36917760677,36917762123,1
3753,36917777344,36917778617,1
3754,36917794010,36917795266,1
3755,36917810677,36917812156,1
3756,36917827344,36917828894,1
3757,36917844010,36917845438,1
3758,36917860677,36917862150,1
3759,36917877344,36917878806,1
3760,36917894010,36917895457,1
3761,36917910677,36917912314,1
3762,36917927344,36917929103,1
3763,36917944010,36917945512,1
3764,36917960677,36917961947,1
3765,36917977344,36917978613,1
3766,36917994010,36917995432,1
3767,36918010677,36918011978,1
3768,36918027344,36918028721,1
3769,36918044010,36918045276,1
3770,36918060677,36918062119,1
3771,36918077344,36918078640,1
3772,36918094010,36918095279,1
3773,36918110677,36918112161,1
3774,36918127344,36918128624,1
3775,36918144010,36918145269,1
3776,36918160677,36918161958,1
3777,36918177344,36918178710,1
3778,36918194010,36918195450,1
3779,36918210677,36918211949,1
3780,36918227344,36918228745,1
3781,36918244010,36918245265,1
3782,36918260677,36918261935,1
3783,36918277344,36918278611,1
3784,36918294010,36918295442,1
3785,36918310677,36918312245,1
3786,36918327344,36918328612,1
3787,36918344010,36918345367,1
3788,36918360677,36918361923,1
3789,36918377344,36918378613,1
3790,36918394010,36918395319,1
3791,36918410677,36918412236,1
3792,36918427344,36918428570,1
3793,36918444010,36918445249,1
3794,36918460677,36918461910,1
3795,36918477344,36918478603,1
3796,36918494010,36918495253,1
3797,36918510677,36918512159,1
3798,36918527344,36918528638,1
3799,36918544010,36918545798,1
3800,36918560677,36918561916,1
3801,36918577344,36918578597,1
3802,36918594010,36918595234,1
3803,36918610677,36918611996,1
3804,36918627344,36918628577,1
3805,36918644010,36918645271,1
3806,36918660677,36918662081,1
3807,36918677344,36918678694,1
3808,36918694010,36918695260,1
3809,36918710677,36918711910,1
3810,36918727344,36918728574,1
3811,36918744010,36918745245,1
3812,36918760677,36918761900,1
3813,36918777344,36918778781,1
3814,36918794010,36918795426,1
3815,36918810677,36918811924,1
3816,36918827344,36918828571,1
3817,36918844010,36918845270,1
3818,36918860677,36918862027,1
3819,36918877344,36918878690,1
3820,36918894010,36918895343,1
3821,36918910677,36918912239,1
3822,36918927344,36918928721,1
3823,36918944010,36918945432,1
3824,36918960677,36918961963,1
3825,36918977344,36918978600,1
3826,36918994010,36918995243,1
3827,36919010677,36919011976,1
3828,36919027344,36919028849,1
3829,36919044010,36919045461,1
3830,36919060677,36919061946,1
3831,36919077344,36919078614,1
3832,36919094010,36919095263,1
3833,36919110677,36919111929,1
3834,36919127344,36919128603,1
3835,36919144010,36919145268,1
3836,36919160677,36919161943,1
3837,36919177344,36919178595,1
3838,36919194010,36919195257,1
3839,36919210677,36919211910,1
3840,36919227344,36919228595,1
3841,36919244010,36919245246,1
3842,36919260677,36919262021,1
3843,36919277344,36919278589,1
3844,36919294010,36919295244,1
3845,36919310677,36919311907,1
3846,36919327344,36919328575,1
3847,36919344010,36919345252,1
3848,36919360677,36919361921,1
3849,36919377344,36919378658,1
3850,36919394010,36919395433,1
3851,36919410677,36919411924,1
3852,36919427344,36919428581,1
3853,36919444010,36919445249,1
3854,36919460677,36919461925,1
3855,36919477344,36919478691,1
3856,36919494010,36919495454,1
3857,36919510677,36919512181,1
3858,36919527344,36919528797,1
3859,36919544010,36919545471,1
3860,36919560677,36919562028,1
3861,36919577344,36919578807,1
3862,36919594010,36919595276,1
3863,36919610677,36919611944,1
3864,36919627344,36919628833,1
3865,36919644010,36919645300,1
3866,36919660677,36919661962,1
3867,36919677344,36919678616,1
3868,36919694010,36919695325,1
3869,36919710677,36919711946,1
3870,36919727344,36919728574,1
3871,36919744010,36919745503,1
3872,36919760677,36919761958,1
3873,36919777344,36919778638,1
3874,36919794010,36919795260,1
3875,36919810677,36919811929,1
3876,36919827344,36919828574,1
3877,36919844010,36919845248,1
3878,36919860677,36919861908,1
3879,36919877344,36919878655,1
3880,36919894010,36919895275,1
3881,36919910677,36919911922,1
3882,36919927344,36919928601,1
3883,36919944010,36919945265,1
3884,36919960677,36919961913,1
3885,36919977344,36919978666,1
3886,36919994010,36919995409,1
3887,36920010677,36920011914,1
3888,36920027344,36920028584,1
3889,36920044010,36920045259,1
3890,36920060677,36920061940,1
3891,36920077344,36920078577,1
3892,36920094010,36920095285,1
3893,36920110677,36920112105,1
3894,36920127344,36920128582,1
3895,36920144010,36920145387,1
3896,36920160677,36920161907,1
3897,36920177344,36920178761,1
3898,36920194010,36920195424,1
3899,36920210677,36920211923,1
3900,36920227344,36920228631,1
3901,36920244010,36920245442,1
3902,36920260677,36920261911,1
3903,36920277344,36920278688,1
3904,36920294010,36920295425,1
3905,36920310677,36920311928,1
3906,36920327344,36920328684,1
3907,36920344010,36920345508,1
3908,36920360677,36920362112,1
3909,36920377344,36920378668,1
3910,36920394010,36920395419,1
3911,36920410677,36920411985,1
3912,36920427344,36920428678,1
3913,36920444010,36920445415,1
3914,36920460677,36920462053,1
3915,36920477344,36920478897,1
3916,36920494010,36920495410,1
3917,36920510677,36920511929,1
3918,36920527344,36920528634,1
3919,36920544010,36920545430,1
3920,36920560677,36920561926,1
3921,36920577344,36920578638,1
3922,36920594010,36920595425,1
3923,36920610677,36920611932,1
3924,36920627344,36920628694,1
3925,36920644010,36920645421,1
3926,36920660677,36920661938,1
3927,36920677344,36920678650,1
3928,36920694010,36920695490,1
3929,36920710677,36920712032,1
3930,36920727344,36920728805,1
3931,36920744010,36920745428,1
3932,36920760677,36920761917,1
3933,36920777344,36920778682,1
3934,36920794010,36920795451,1
3935,36920810677,36920811950,1
3936,36920827344,36920828647,1
3937,36920844010,36920845420,1
3938,36920860677,36920861912,1
3939,36920877344,36920878713,1
3940,36920894010,36920895415,1
3941,36920910677,36920911948,1
3942,36920927344,36920928639,1
3943,36920944010,36920945505,1
3944,36920960677,36920962118,1
3945,36920977344,36920978667,1
3946,36920994010,36920995381,1
3947,36921010677,36921012109,1
3948,36921027344,36921028759,1
3949,36921044010,36921045321,1
3950,36921060677,36921062098,1
3951,36921077344,36921078796,1
3952,36921094010,36921095270,1
3953,36921110677,36921111947,1
3954,36921127344,36921128604,1
3955,36921144010,36921145267,1
3956,36921160677,36921162080,1
3957,36921177344,36921178636,1
3958,36921194010,36921195522,1
3959,36921210677,36921211920,1
