frame_count,step,t_out_us,t_read_us,id_a,id_b,decoded
91,1,36856728907,36856729842,90,90,1
92,1,36856745596,36856745960,91,91,1
93,1,36856761964,36856762134,92,92,1
94,1,36856778887,36856779052,93,93,1
95,1,36856795554,36856795766,94,94,1
96,1,36856812276,36856812537,95,95,1
97,1,36856829047,36856829296,96,96,1
98,1,36856845598,36856845891,97,97,1
99,1,36856862341,36856862742,98,98,1
100,1,36856878798,36856879020,99,99,1
101,1,36856895292,36856895463,100,100,1
102,1,36856912008,36856912176,101,101,1
103,1,36856928679,36856928840,102,102,1
104,1,36856945343,36856945503,103,103,1
105,1,36856962004,36856962189,104,104,1
106,1,36856979192,36856979536,105,105,1
107,1,36856995543,36856995877,106,106,1
108,1,36857012134,36857012298,107,107,1
109,1,36857028801,36857028955,108,108,1
110,1,36857045457,36857045765,109,109,1
111,1,36857063970,36857070013,110,110,1
112,1,36857079024,36857079308,111,111,1
113,1,36857096064,36857096436,112,112,1
114,1,36857112366,36857112751,113,113,1
115,1,36857128758,36857128944,114,114,1
116,1,36857145447,36857145609,115,115,1
117,1,36857162111,36857162284,116,116,1
118,1,36857178787,36857178946,117,117,1
119,1,36857195449,36857195594,118,118,1
120,1,36857212096,36857212266,119,119,1
121,1,36857228768,36857228934,120,120,1
122,1,36857245436,36857245592,121,121,1
123,1,36857262094,36857262252,122,122,1
124,1,36857279015,36857279280,123,123,1
125,1,36857295552,36857295855,124,124,1
126,1,36857312115,36857312402,125,125,1
127,1,36857328683,36857328877,126,126,1
128,1,36857345633,36857345987,127,127,1
129,1,36857361995,36857362173,128,128,1
130,1,36857378676,36857378837,129,129,1
131,1,36857395339,36857395500,130,130,1
132,1,36857412002,36857412157,131,131,1
133,1,36857428660,36857428819,132,132,1
134,1,36857445321,36857445477,133,133,1
135,1,36857462229,36857462583,134,134,1
136,1,36857478837,36857479032,135,135,1
137,1,36857495537,36857495710,136,136,1
138,1,36857511964,36857512141,137,137,1
139,1,36857528644,36857528795,138,138,1
140,1,36857545297,36857545451,139,139,1
141,1,36857562203,36857562527,140,140,1
142,1,36857578780,36857578940,141,141,1
143,1,36857595442,36857595771,142,142,1
144,1,36857612275,36857612605,143,143,1
145,1,36857628608,36857628791,144,144,1
146,1,36857645294,36857645459,145,145,1
147,1,36857661961,36857662121,146,146,1
148,1,36857678623,36857678773,147,147,1
149,1,36857695275,36857695452,148,148,1
150,1,36857712207,36857712529,149,149,1
151,1,36857728780,36857728950,150,150,1
152,1,36857745452,36857745608,151,151,1
153,1,36857762110,36857762268,152,152,1
154,1,36857778770,36857778923,153,153,1
155,1,36857795425,36857795597,154,154,1
156,1,36857812111,36857812274,155,155,1
157,1,36857829026,36857829401,156,156,1
158,1,36857845407,36857845561,157,157,1
159,1,36857862063,36857862206,158,158,1
160,1,36857878708,36857878855,159,159,1
161,1,36857895357,36857895504,160,160,1
162,1,36857912006,36857912180,161,161,1
163,1,36857928682,36857928841,162,162,1
164,1,36857945343,36857945491,163,163,1
165,1,36857962243,36857962408,164,164,1
166,1,36857978660,36857978833,165,165,1
167,1,36857995335,36857995506,166,166,1
168,1,36858012009,36858012163,167,167,1
169,1,36858028665,36858028822,168,168,1
170,1,36858045324,36858045469,169,169,1
171,1,36858062221,36858062547,170,170,1
172,1,36858078800,36858078971,171,171,1
173,1,36858095473,36858095804,172,172,1
174,1,36858112056,36858112219,173,173,1
175,1,36858128721,36858128870,174,174,1
176,1,36858145372,36858145530,175,175,1
177,1,36858162032,36858162187,176,176,1
178,1,36858178941,36858179201,177,177,1
179,1,36858195540,36858195890,178,178,1
180,1,36858212146,36858212307,179,179,1
181,1,36858228809,36858228963,180,180,1
182,1,36858245465,36858245623,181,181,1
183,1,36858262126,36858262267,182,182,1
184,1,36858278769,36858278924,183,183,1
185,1,36858295426,36858295596,184,184,1
186,1,36858312098,36858312358,185,185,1
187,1,36858328860,36858329009,186,186,1
188,1,36858345511,36858345678,187,187,1
189,1,36858362179,36858362365,188,188,1
190,1,36858378868,36858379043,189,189,1
191,1,36858395546,36858395769,190,190,1
192,1,36858412274,36858412502,191,191,1
193,1,36858429100,36858429532,192,192,1
194,1,36858445797,36858446063,193,193,1
195,1,36858462073,36858462256,194,194,1
196,1,36858478760,36858478934,195,195,1
197,1,36858495436,36858495613,196,196,1
198,1,36858512116,36858512295,197,197,1
199,1,36858528798,36858528967,198,198,1
200,1,36858545742,36858546135,199,199,1
201,1,36858562159,36858562345,200,200,1
202,1,36858578668,36858578847,201,201,1
203,1,36858595356,36858595526,202,202,1
204,1,36858612302,36858612706,203,203,1
205,1,36858628967,36858629343,204,204,1
206,1,36858645387,36858645568,205,205,1
207,1,36858662081,36858662250,206,206,1
208,1,36858678753,36858678914,207,207,1
209,1,36858695416,36858695578,208,208,1
210,1,36858712080,36858712247,209,209,1
211,1,36858728749,36858728911,210,210,1
212,1,36858745413,36858745571,211,211,1
213,1,36858762072,36858762228,212,212,1
214,1,36858778730,36858778938,213,213,1
215,1,36858795691,36858796032,214,214,1
216,1,36858812041,36858812203,215,215,1
217,1,36858828706,36858828880,216,216,1
218,1,36858845383,36858845551,217,217,1
219,1,36858862054,36858862217,218,218,1
220,1,36858878735,36858878937,219,219,1
221,1,36858895692,36858896002,220,220,1
222,1,36858912511,36858912953,221,221,1
223,1,36858928961,36858929235,222,222,1
224,1,36858945660,36858945916,223,223,1
225,1,36858962174,36858962415,224,224,1
226,1,36858978673,36858978841,225,225,1
227,1,36858995347,36858995517,226,226,1
228,1,36859012020,36859012209,227,227,1
229,1,36859028962,36859029336,228,228,1
230,1,36859045340,36859045515,229,229,1
231,1,36859062017,36859062185,230,230,1
232,1,36859078687,36859078850,231,231,1
233,1,36859095352,36859095518,232,232,1
234,1,36859112020,36859112176,233,233,1
235,1,36859128678,36859128830,234,234,1
236,1,36859145582,36859145942,235,235,1
237,1,36859162251,36859162622,236,236,1
238,1,36859178692,36859178885,237,237,1
239,1,36859195407,36859195656,238,238,1
240,1,36859212022,36859212186,239,239,1
241,1,36859228696,36859228855,240,240,1
242,1,36859245358,36859245513,241,241,1
243,1,36859262266,36859262602,242,242,1
244,1,36859278605,36859278790,243,243,1
245,1,36859295298,36859295465,244,244,1
246,1,36859311968,36859312132,245,245,1
247,1,36859328634,36859328804,246,246,1
248,1,36859345306,36859345467,247,247,1
249,1,36859361969,36859362126,248,248,1
250,1,36859378880,36859379047,249,249,1
251,1,36859395299,36859395461,250,250,1
252,1,36859412213,36859412371,251,251,1
253,1,36859428623,36859428775,252,252,1
254,1,36859445276,36859445451,253,253,1
255,1,36859461952,36859462107,254,254,1
256,1,36859478860,36859479014,255,255,1
257,1,36859495515,36859495705,256,256,1
258,1,36859512207,36859512552,257,257,1
259,1,36859528805,36859528971,258,258,1
260,1,36859545474,36859545642,259,259,1
261,1,36859562144,36859562307,260,260,1
262,1,36859578809,36859578970,261,261,1
263,1,36859595472,36859595630,262,262,1
264,1,36859612382,36859612729,263,263,1
265,1,36859629002,36859629398,264,264,1
266,1,36859645405,36859645612,265,265,1
267,1,36859662118,36859662306,266,266,1
268,1,36859678809,36859679147,267,267,1
269,1,36859695400,36859695574,268,268,1
270,1,36859712077,36859712241,269,269,1
271,1,36859728743,36859728911,270,270,1
272,1,36859745664,36859746006,271,271,1
273,1,36859762010,36859762227,272,272,1
274,1,36859778730,36859778900,273,273,1
275,1,36859795403,36859795566,274,274,1
276,1,36859812068,36859812231,275,275,1
277,1,36859828733,36859828890,276,276,1
278,1,36859845392,36859845568,277,277,1
279,1,36859862320,36859862671,278,278,1
280,1,36859878674,36859878858,279,279,1
281,1,36859895360,36859895521,280,280,1
282,1,36859912024,36859912180,281,281,1
283,1,36859928682,36859928874,282,282,1
284,1,36859945378,36859945529,283,283,1
285,1,36859962031,36859962199,284,284,1
286,1,36859978951,36859979143,285,285,1
287,1,36859995646,36859996190,286,286,1
288,1,36860012194,36860012534,287,287,1
289,1,36860028787,36860028963,288,288,1
290,1,36860045465,36860045627,289,289,1
291,1,36860062129,36860062287,290,290,1
292,1,36860078789,36860078947,291,291,1
293,1,36860095449,36860095600,292,292,1
294,1,36860112102,36860112284,293,293,1
295,1,36860128788,36860128971,294,294,1
296,1,36860145474,36860145807,295,295,1
297,1,36860162059,36860162236,296,296,1
298,1,36860178739,36860178911,297,297,1
299,1,36860195663,36860196019,298,298,1
300,1,36860212795,36860213307,299,299,1
301,1,36860228836,36860229031,300,300,1
302,1,36860245484,36860245821,301,301,1
303,1,36860262074,36860262246,302,302,1
304,1,36860278748,36860278960,303,303,1
305,1,36860295713,36860296083,304,304,1
306,1,36860312088,36860312264,305,305,1
307,1,36860328768,36860328934,306,306,1
308,1,36860345686,36860346059,307,307,1
309,1,36860362313,36860362648,308,308,1
310,1,36860378652,36860378851,309,309,1
311,1,36860395604,36860395944,310,310,1
312,1,36860411949,36860412107,311,311,1
313,1,36860428861,36860429042,312,312,1
314,1,36860445544,36860445878,313,313,1
315,1,36860462380,36860462643,314,314,1
316,1,36860479147,36860479542,315,315,1
317,1,36860495549,36860495925,316,316,1
318,1,36860512182,36860512392,317,317,1
319,1,36860528899,36860529191,318,318,1
320,1,36860545700,36860546087,319,319,1
321,1,36860562094,36860562281,320,320,1
322,1,36860578785,36860578975,321,321,1
323,1,36860595479,36860595811,322,322,1
324,1,36860612315,36860612644,323,323,1
325,1,36860628897,36860629083,324,324,1
326,1,36860645586,36860645962,325,325,1
327,1,36860662216,36860662391,326,326,1
328,1,36860678895,36860679075,327,327,1
329,1,36860695579,36860695925,328,328,1
330,1,36860712179,36860712371,329,329,1
331,1,36860728874,36860729246,330,330,1
332,1,36860746249,36860746725,331,331,1
333,1,36860761978,36860762163,332,332,1
334,1,36860778666,36860778843,333,333,1
335,1,36860795346,36860795514,334,334,1
336,1,36860812017,36860812186,335,335,1
337,1,36860828688,36860828864,336,336,1
338,1,36860845367,36860845532,337,337,1
339,1,36860862034,36860862200,338,338,1
340,1,36860878702,36860878870,339,339,1
341,1,36860895372,36860895535,340,340,1
342,1,36860912043,36860912202,341,341,1
343,1,36860928704,36860928871,342,342,1
344,1,36860945623,36860945789,343,343,1
345,1,36860962541,36860962966,344,344,1
346,1,36860978977,36860979251,345,345,1
347,1,36860995511,36860995808,346,346,1
348,1,36861012333,36861012614,347,347,1
349,1,36861029019,36861029282,348,348,1
350,1,36861045542,36861045764,349,349,1
351,1,36861062270,36861062464,350,350,1
352,1,36861078967,36861079319,351,351,1
353,1,36861095321,36861095502,352,352,1
354,1,36861112006,36861112185,353,353,1
355,1,36861128687,36861128857,354,354,1
356,1,36861145359,36861145523,355,355,1
357,1,36861162025,36861162199,356,356,1
358,1,36861178708,36861178891,357,357,1
359,1,36861195644,36861195989,358,358,1
360,1,36861211991,36861212166,359,359,1
361,1,36861228668,36861228837,360,360,1
362,1,36861245341,36861245505,361,361,1
363,1,36861262007,36861262175,362,362,1
364,1,36861278677,36861279063,363,363,1
365,1,36861295574,36861295965,364,364,1
366,1,36861312221,36861312406,365,365,1
367,1,36861328909,36861329264,366,366,1
368,1,36861345517,36861345690,367,367,1
369,1,36861362192,36861362357,368,368,1
370,1,36861378609,36861378780,369,369,1
371,1,36861395282,36861395434,370,370,1
372,1,36861412186,36861412360,371,371,1
373,1,36861428862,36861429200,372,372,1
374,1,36861445452,36861445616,373,373,1
375,1,36861462118,36861462278,374,374,1
376,1,36861478780,36861478966,375,375,1
377,1,36861495468,36861495641,376,376,1
378,1,36861512144,36861512346,377,377,1
379,1,36861528853,36861529117,378,378,1
380,1,36861545635,36861545919,379,379,1
381,1,36861562179,36861562441,380,380,1
382,1,36861578950,36861579252,381,381,1
383,1,36861595511,36861595799,382,382,1
384,1,36861612309,36861612694,383,383,1
385,1,36861629204,36861629670,384,384,1
386,1,36861645694,36861646083,385,385,1
387,1,36861662841,36861663219,386,386,1
388,1,36861678729,36861678925,387,387,1
389,1,36861695430,36861695610,388,388,1
390,1,36861712120,36861712299,389,389,1
391,1,36861728802,36861728987,390,390,1
392,1,36861745491,36861745673,391,391,1
393,1,36861762176,36861762338,392,392,1
394,1,36861778841,36861779013,393,393,1
395,1,36861795765,36861796118,394,394,1
396,1,36861812622,36861813001,395,395,1
397,1,36861829256,36861829605,396,396,1
398,1,36861845609,36861845778,397,397,1
399,1,36861862031,36861862189,398,398,1
400,1,36861878691,36861878864,399,399,1
401,1,36861895385,36861895563,400,400,1
402,1,36861912315,36861912685,401,401,1
403,1,36861928687,36861928859,402,402,1
404,1,36861945361,36861945515,403,403,1
405,1,36861962017,36861962171,404,404,1
406,1,36861978923,36861979106,405,405,1
407,1,36861995359,36861995526,406,406,1
408,1,36862012028,36862012200,407,407,1
409,1,36862028951,36862029315,408,408,1
410,1,36862045319,36862045483,409,409,1
411,1,36862061985,36862062162,410,410,1
412,1,36862078664,36862078834,411,411,1
413,1,36862095336,36862095503,412,412,1
414,1,36862112255,36862112790,413,413,1
415,1,36862128797,36862129116,414,414,1
416,1,36862145619,36862145964,415,415,1
417,1,36862162717,36862163054,416,416,1
418,1,36862179057,36862179224,417,417,1
419,1,36862195475,36862195637,418,418,1
420,1,36862212139,36862212296,419,419,1
421,1,36862228798,36862228952,420,420,1
422,1,36862245454,36862245606,421,421,1
423,1,36862262108,36862262261,422,422,1
424,1,36862278763,36862278929,423,423,1
425,1,36862295431,36862295598,424,424,1
426,1,36862312100,36862312251,425,425,1
427,1,36862328753,36862329086,426,426,1
428,1,36862345339,36862345496,427,427,1
429,1,36862361998,36862362168,428,428,1
430,1,36862378921,36862379177,429,429,1
431,1,36862395682,36862396097,430,430,1
432,1,36862412103,36862412263,431,431,1
433,1,36862428764,36862428914,432,432,1
434,1,36862445415,36862445570,433,433,1
435,1,36862462072,36862462246,434,434,1
436,1,36862478748,36862478903,435,435,1
437,1,36862495404,36862495563,436,436,1
438,1,36862512315,36862512652,437,437,1
439,1,36862528906,36862529077,438,438,1
440,1,36862545581,36862545776,439,439,1
441,1,36862562280,36862562482,440,440,1
442,1,36862578737,36862578939,441,441,1
443,1,36862595444,36862595668,442,442,1
444,1,36862612174,36862612508,443,443,1
445,1,36862629019,36862629433,444,444,1
446,1,36862645693,36862646383,445,445,1
447,1,36862662390,36862662751,446,446,1
448,1,36862678758,36862678931,447,447,1
449,1,36862695435,36862695610,448,448,1
450,1,36862712113,36862712271,449,449,1
451,1,36862728773,36862728941,450,450,1
452,1,36862745693,36862746082,451,451,1
453,1,36862762088,36862762266,452,452,1
454,1,36862778782,36862778943,453,453,1
455,1,36862795447,36862795606,454,454,1
456,1,36862812108,36862812280,455,455,1
457,1,36862828783,36862828989,456,456,1
458,1,36862845494,36862845666,457,457,1
459,1,36862862420,36862862774,458,458,1
460,1,36862879028,36862879194,459,459,1
461,1,36862895448,36862895663,460,460,1
462,1,36862911919,36862912114,461,461,1
463,1,36862928868,36862929051,462,462,1
464,1,36862945555,36862945737,463,463,1
465,1,36862962240,36862962417,464,464,1
466,1,36862979921,36862980197,465,465,1
467,1,36862995455,36862995629,466,466,1
468,1,36863012133,36863012319,467,467,1
469,1,36863028823,36863028986,468,468,1
470,1,36863045489,36863045692,469,469,1
471,1,36863062197,36863062511,470,470,1
472,1,36863078770,36863078997,471,471,1
473,1,36863095756,36863096106,472,472,1
474,1,36863112368,36863112808,473,473,1
475,1,36863129066,36863129279,474,474,1
476,1,36863145536,36863145725,475,475,1
477,1,36863162229,36863162410,476,476,1
478,1,36863178913,36863179121,477,477,1
479,1,36863195373,36863195550,478,478,1
480,1,36863212052,36863212223,479,479,1
481,1,36863229225,36863229589,480,480,1
482,1,36863245593,36863245765,481,481,1
483,1,36863262268,36863262439,482,482,1
484,1,36863278690,36863278853,483,483,1
485,1,36863295606,36863295772,484,484,1
486,1,36863312275,36863312480,485,485,1
487,1,36863328984,36863329231,486,486,1
488,1,36863345739,36863346171,487,487,1
489,1,36863362182,36863362408,488,488,1
490,1,36863378666,36863378882,489,489,1
491,1,36863395638,36863396006,490,490,1
492,1,36863412013,36863412200,491,491,1
493,1,36863428954,36863429133,492,492,1
494,1,36863445635,36863445798,493,493,1
495,1,36863462300,36863462670,494,494,1
496,1,36863478924,36863479109,495,495,1
497,1,36863495612,36863495776,496,496,1
498,1,36863512278,36863512446,497,497,1
499,1,36863528699,36863528856,498,498,1
500,1,36863545358,36863545526,499,499,1
501,1,36863562028,36863562178,500,500,1
502,1,36863578937,36863579145,501,501,1
503,1,36863595648,36863596008,502,502,1
504,1,36863612261,36863612473,503,503,1
505,1,36863628977,36863629325,504,504,1
506,1,36863645856,36863646323,505,505,1
507,1,36863662390,36863662630,506,506,1
508,1,36863678888,36863679081,507,507,1
509,1,36863695337,36863695538,508,508,1
510,1,36863712042,36863712209,509,509,1
511,1,36863728711,36863728879,510,510,1
512,1,36863745381,36863745546,511,511,1
513,1,36863762048,36863762215,512,512,1
514,1,36863778717,36863778883,513,513,1
515,1,36863795384,36863795581,514,514,1
516,1,36863812085,36863812257,515,515,1
517,1,36863829510,36863830106,516,516,1
518,1,36863845656,36863845972,517,517,1
519,1,36863862238,36863862475,518,518,1
520,1,36863878731,36863878922,519,519,1
521,1,36863895424,36863895603,520,520,1
522,1,36863912105,36863912254,521,521,1
523,1,36863929006,36863929352,522,522,1
524,1,36863945605,36863945995,523,523,1
525,1,36863962001,36863962207,524,524,1
526,1,36863978711,36863978906,525,525,1
527,1,36863995411,36863995577,526,526,1
528,1,36864012080,36864012261,527,527,1
529,1,36864028763,36864028930,528,528,1
530,1,36864045432,36864045597,529,529,1
531,1,36864062348,36864062715,530,530,1
532,1,36864078721,36864078890,531,531,1
533,1,36864095392,36864095556,532,532,1
534,1,36864112058,36864112217,533,533,1
535,1,36864128719,36864128889,534,534,1
536,1,36864145390,36864145552,535,535,1
537,1,36864162055,36864162223,536,536,1
538,1,36864178975,36864179164,537,537,1
539,1,36864195666,36864196064,538,538,1
540,1,36864212086,36864212247,539,539,1
541,1,36864228749,36864228914,540,540,1
542,1,36864245416,36864245576,541,541,1
543,1,36864262078,36864262239,542,542,1
544,1,36864278751,36864278909,543,543,1
545,1,36864295661,36864295828,544,544,1
546,1,36864312080,36864312242,545,545,1
547,1,36864328994,36864329324,546,546,1
548,1,36864345327,36864345557,547,547,1
549,1,36864362065,36864362251,548,548,1
550,1,36864378753,36864378916,549,549,1
551,1,36864395418,36864395581,550,550,1
552,1,36864412083,36864412270,551,551,1
553,1,36864428773,36864428942,552,552,1
554,1,36864445444,36864445936,553,553,1
555,1,36864462189,36864462525,554,554,1
556,1,36864478777,36864478985,555,555,1
557,1,36864495487,36864495672,556,556,1
558,1,36864512177,36864512346,557,557,1
559,1,36864528848,36864529043,558,558,1
560,1,36864545796,36864546141,559,559,1
561,1,36864562145,36864562403,560,560,1
562,1,36864578656,36864578827,561,561,1
563,1,36864595330,36864595489,562,562,1
564,1,36864612241,36864612465,563,563,1
565,1,36864628970,36864629442,564,564,1
566,1,36864645450,36864645870,565,565,1
567,1,36864662378,36864662843,566,566,1
568,1,36864678855,36864679193,567,567,1
569,1,36864695451,36864695837,568,568,1
570,1,36864712383,36864712641,569,569,1
571,1,36864728650,36864728842,570,570,1
572,1,36864745346,36864745517,571,571,1
573,1,36864762021,36864762198,572,572,1
574,1,36864778951,36864779432,573,573,1
575,1,36864795687,36864796141,574,574,1
576,1,36864812145,36864812310,575,575,1
577,1,36864828813,36864828995,576,576,1
578,1,36864845498,36864845654,577,577,1
579,1,36864862156,36864862344,578,578,1
580,1,36864878848,36864879023,579,579,1
581,1,36864895276,36864895479,580,580,1
582,1,36864912232,36864912421,581,581,1
583,1,36864928924,36864929310,582,582,1
584,1,36864945315,36864945493,583,583,1
585,1,36864961995,36864962171,584,584,1
586,1,36864978923,36864979347,585,585,1
587,1,36864995352,36864995536,586,586,1
588,1,36865012060,36865012235,587,587,1
589,1,36865028988,36865029396,588,588,1
590,1,36865045402,36865045577,589,589,1
591,1,36865062079,36865062237,590,590,1
592,1,36865078739,36865078897,591,591,1
593,1,36865095399,36865095555,592,592,1
594,1,36865112057,36865112252,593,593,1
595,1,36865129004,36865129285,594,594,1
596,1,36865145543,36865145940,595,595,1
597,1,36865162449,36865162888,596,596,1
598,1,36865178897,36865179166,597,597,1
599,1,36865195676,36865196312,598,598,1
600,1,36865212574,36865213136,599,599,1
601,1,36865228896,36865229144,600,600,1
602,1,36865245650,36865246028,601,601,1
603,1,36865262052,36865262234,602,602,1
604,1,36865278998,36865279360,603,603,1
605,1,36865295614,36865295970,604,604,1
606,1,36865311974,36865312158,605,605,1
607,1,36865328911,36865329245,606,606,1
608,1,36865345497,36865345838,607,607,1
609,1,36865362091,36865362431,608,608,1
610,1,36865378683,36865378842,609,609,1
611,1,36865395594,36865395919,610,610,1
612,1,36865412178,36865412343,611,611,1
613,1,36865428845,36865429005,612,612,1
614,1,36865445507,36865445837,613,613,1
615,1,36865462089,36865462252,614,614,1
616,1,36865478754,36865478919,615,615,1
617,1,36865495671,36865496034,616,616,1
618,1,36865512289,36865512637,617,617,1
619,1,36865528891,36865529228,618,618,1
620,1,36865545481,36865545819,619,619,1
621,1,36865562072,36865562233,620,620,1
622,1,36865578736,36865578919,621,621,1
623,1,36865595674,36865596110,622,622,1
624,1,36865612116,36865612299,623,623,1
625,1,36865628803,36865629136,624,624,1
626,1,36865645640,36865645974,625,625,1
627,1,36865662229,36865662569,626,626,1
628,1,36865678822,36865678982,627,627,1
629,1,36865695485,36865695824,628,628,1
630,1,36865712076,36865712235,629,629,1
631,1,36865728737,36865728909,630,630,1
632,1,36865745661,36865745979,631,631,1
633,1,36865762231,36865762563,632,632,1
634,1,36865778816,36865778989,633,633,1
635,1,36865795492,36865795828,634,634,1
636,1,36865812081,36865812253,635,635,1
637,1,36865828755,36865828933,636,636,1
638,1,36865845685,36865846037,637,637,1
639,1,36865862041,36865862208,638,638,1
640,1,36865878711,36865878884,639,639,1
641,1,36865895387,36865895550,640,640,1
642,1,36865912052,36865912225,641,641,1
643,1,36865928727,36865928884,642,642,1
644,1,36865945386,36865945548,643,643,1
645,1,36865962050,36865962213,644,644,1
646,1,36865978715,36865978873,645,645,1
647,1,36865995625,36865995954,646,646,1
648,1,36866012206,36866012376,647,647,1
649,1,36866028879,36866029055,648,648,1
650,1,36866045307,36866045477,649,649,1
651,1,36866062229,36866062547,650,650,1
652,1,36866078799,36866078950,651,651,1
653,1,36866095452,36866095613,652,652,1
654,1,36866112365,36866112726,653,653,1
655,1,36866128789,36866128962,654,654,1
656,1,36866145472,36866145641,655,655,1
657,1,36866162150,36866162319,656,656,1
658,1,36866178823,36866179008,657,657,1
659,1,36866195305,36866195482,658,658,1
660,1,36866211991,36866212195,659,659,1
661,1,36866228699,36866228860,660,660,1
662,1,36866245494,36866245827,661,661,1
663,1,36866262082,36866262239,662,662,1
664,1,36866278742,36866278898,663,663,1
665,1,36866295400,36866295602,664,664,1
666,1,36866312105,36866312270,665,665,1
667,1,36866328774,36866328935,666,666,1
668,1,36866345528,36866345859,667,667,1
669,1,36866362114,36866362279,668,668,1
670,1,36866378783,36866378943,669,669,1
671,1,36866395448,36866395625,670,670,1
672,1,36866412128,36866412276,671,671,1
673,1,36866428779,36866428940,672,672,1
674,1,36866445451,36866445600,673,673,1
675,1,36866462124,36866462456,674,674,1
676,1,36866478835,36866478998,675,675,1
677,1,36866495510,36866495672,676,676,1
678,1,36866512179,36866512347,677,677,1
679,1,36866528637,36866528810,678,678,1
680,1,36866545314,36866545471,679,679,1
681,1,36866561975,36866562131,680,680,1
682,1,36866578915,36866579240,681,681,1
683,1,36866595323,36866595487,682,682,1
684,1,36866612006,36866612164,683,683,1
685,1,36866628938,36866629282,684,684,1
686,1,36866645369,36866645528,685,685,1
687,1,36866662047,36866662213,686,686,1
688,1,36866678728,36866678906,687,687,1
689,1,36866695415,36866695586,688,688,1
690,1,36866712341,36866712706,689,689,1
691,1,36866728788,36866728983,690,690,1
692,1,36866745487,36866745746,691,691,1
693,1,36866762002,36866762196,692,692,1
694,1,36866778702,36866778896,693,693,1
695,1,36866795652,36866795897,694,694,1
696,1,36866812154,36866812322,695,695,1
697,1,36866828841,36866829046,696,696,1
698,1,36866845658,36866846009,697,697,1
699,1,36866862014,36866862171,698,698,1
700,1,36866878675,36866878836,699,699,1
701,1,36866895338,36866895494,700,700,1
702,1,36866912000,36866912155,701,701,1
703,1,36866928675,36866928824,702,702,1
704,1,36866945707,36866946092,703,703,1
705,1,36866962100,36866962287,704,704,1
706,1,36866978791,36866978969,705,705,1
707,1,36866995471,36866995654,706,706,1
708,1,36867011907,36867012085,707,707,1
709,1,36867028848,36867029007,708,708,1
710,1,36867045287,36867045464,709,709,1
711,1,36867062218,36867062583,710,710,1
712,1,36867078643,36867078826,711,711,1
713,1,36867095331,36867095499,712,712,1
714,1,36867112253,36867112576,713,713,1
715,1,36867128620,36867128793,714,714,1
716,1,36867145296,36867145469,715,715,1
717,1,36867161985,36867162168,716,716,1
718,1,36867178921,36867179170,717,717,1
719,1,36867195463,36867195790,718,718,1
720,1,36867212044,36867212200,719,719,1
721,1,36867228705,36867228885,720,720,1
722,1,36867245696,36867245991,721,721,1
723,1,36867262248,36867262487,722,722,1
724,1,36867279009,36867279303,723,723,1
725,1,36867295828,36867296088,724,724,1
726,1,36867312098,36867312319,725,725,1
727,1,36867328828,36867328994,726,726,1
728,1,36867345498,36867345655,727,727,1
729,1,36867362159,36867362321,728,728,1
730,1,36867378826,36867379002,729,729,1
731,1,36867395298,36867395461,730,730,1
732,1,36867411964,36867412124,731,731,1
733,1,36867428879,36867429048,732,732,1
734,1,36867445553,36867445886,733,733,1
735,1,36867461933,36867462136,734,734,1
736,1,36867478639,36867478800,735,735,1
737,1,36867495303,36867495464,736,736,1
738,1,36867511971,36867512128,737,737,1
739,1,36867528657,36867528820,738,738,1
740,1,36867545633,36867545983,739,739,1
741,1,36867562018,36867562191,740,740,1
742,1,36867578709,36867578874,741,741,1
743,1,36867595380,36867595534,742,742,1
744,1,36867612073,36867612227,743,743,1
745,1,36867628776,36867629092,744,744,1
746,1,36867645427,36867645586,745,745,1
747,1,36867662110,36867662427,746,746,1
748,1,36867679016,36867679434,747,747,1
749,1,36867695455,36867695810,748,748,1
750,1,36867712133,36867712295,749,749,1
751,1,36867728578,36867728763,750,750,1
752,1,36867745277,36867745442,751,751,1
753,1,36867761953,36867762107,752,752,1
754,1,36867778872,36867779075,753,753,1
755,1,36867795588,36867795913,754,754,1
756,1,36867812165,36867812331,755,755,1
757,1,36867828894,36867829072,756,756,1
758,1,36867845326,36867845486,757,757,1
759,1,36867862011,36867862169,758,758,1
760,1,36867878671,36867878823,759,759,1
761,1,36867895327,36867895491,760,760,1
762,1,36867912334,36867912733,761,761,1
763,1,36867928738,36867928900,762,762,1
764,1,36867945435,36867945598,763,763,1
765,1,36867962104,36867962257,764,764,1
766,1,36867978771,36867978930,765,765,1
767,1,36867995465,36867995623,766,766,1
768,1,36868011955,36868012115,767,767,1
769,1,36868028623,36868028777,768,768,1
770,1,36868045280,36868045432,769,769,1
771,1,36868061937,36868062115,770,770,1
772,1,36868078637,36868078792,771,771,1
773,1,36868095295,36868095447,772,772,1
774,1,36868111955,36868112109,773,773,1
775,1,36868128620,36868128770,774,774,1
776,1,36868145560,36868145888,775,775,1
777,1,36868162265,36868162626,776,776,1
778,1,36868178685,36868178854,777,777,1
779,1,36868195364,36868195552,778,778,1
780,1,36868212075,36868212251,779,779,1
781,1,36868228754,36868228922,780,780,1
782,1,36868245425,36868245589,781,781,1
783,1,36868262201,36868262530,782,782,1
784,1,36868278783,36868278972,783,783,1
785,1,36868295475,36868295631,784,784,1
786,1,36868312145,36868312306,785,785,1
787,1,36868328825,36868328998,786,786,1
788,1,36868345500,36868345667,787,787,1
789,1,36868362169,36868362328,788,788,1
790,1,36868378832,36868379039,789,789,1
791,1,36868395577,36868395903,790,790,1
792,1,36868411984,36868412204,791,791,1
793,1,36868428707,36868428886,792,792,1
794,1,36868445391,36868445557,793,793,1
795,1,36868462061,36868462214,794,794,1
796,1,36868478717,36868478877,795,795,1
797,1,36868495380,36868495555,796,796,1
798,1,36868512308,36868512650,797,797,1
799,1,36868528719,36868528886,798,798,1
800,1,36868545400,36868545562,799,799,1
801,1,36868562080,36868562238,800,800,1
802,1,36868578780,36868578947,801,801,1
803,1,36868595450,36868595613,802,802,1
804,1,36868612123,36868612301,803,803,1
805,1,36868628852,36868629195,804,804,1
806,1,36868645500,36868645839,805,805,1
807,1,36868662195,36868662524,806,806,1
808,1,36868678843,36868679005,807,807,1
809,1,36868695593,36868695923,808,808,1
810,1,36868711977,36868712158,809,809,1
811,1,36868728661,36868728819,810,810,1
812,1,36868745332,36868745491,811,811,1
813,1,36868762012,36868762184,812,812,1
814,1,36868778686,36868778844,813,813,1
815,1,36868795347,36868795511,814,814,1
816,1,36868812265,36868812455,815,815,1
817,1,36868828962,36868829171,816,816,1
818,1,36868845493,36868845723,817,817,1
819,1,36868862231,36868862621,818,818,1
820,1,36868879689,36868879964,819,819,1
821,1,36868895491,36868895701,820,820,1
822,1,36868912122,36868912311,821,821,1
823,1,36868928816,36868928982,822,822,1
824,1,36868945484,36868945647,823,823,1
825,1,36868962179,36868962355,824,824,1
826,1,36868978857,36868979251,825,825,1
827,1,36868995517,36868995856,826,826,1
828,1,36869012195,36869012364,827,827,1
829,1,36869028651,36869028818,828,828,1
830,1,36869045325,36869045485,829,829,1
831,1,36869062005,36869062164,830,830,1
832,1,36869078689,36869078859,831,831,1
833,1,36869095373,36869095560,832,832,1
834,1,36869112313,36869112651,833,833,1
835,1,36869128707,36869128879,834,834,1
836,1,36869145388,36869145560,835,835,1
837,1,36869162089,36869162257,836,836,1
838,1,36869178768,36869178932,837,837,1
839,1,36869195435,36869195595,838,838,1
840,1,36869212137,36869212298,839,839,1
841,1,36869229089,36869229493,840,840,1
842,1,36869245518,36869245693,841,841,1
843,1,36869262197,36869262359,842,842,1
844,1,36869278612,36869278827,843,843,1
845,1,36869295345,36869295516,844,844,1
846,1,36869312281,36869312513,845,845,1
847,1,36869329020,36869329281,846,846,1
848,1,36869345792,36869346207,847,847,1
849,1,36869362472,36869362733,848,848,1
850,1,36869378991,36869379252,849,849,1
851,1,36869395511,36869395730,850,850,1
852,1,36869412032,36869412242,851,851,1
853,1,36869428746,36869428913,852,852,1
854,1,36869445415,36869445574,853,853,1
855,1,36869462078,36869462236,854,854,1
856,1,36869478740,36869478923,855,855,1
857,1,36869495427,36869495617,856,856,1
858,1,36869512369,36869512541,857,857,1
859,1,36869528794,36869528965,858,858,1
860,1,36869545469,36869545622,859,859,1
861,1,36869562142,36869562319,860,860,1
862,1,36869578833,36869579053,861,861,1
863,1,36869595557,36869595893,862,862,1
864,1,36869612200,36869612380,863,863,1
865,1,36869628904,36869629268,864,864,1
866,1,36869645311,36869645500,865,865,1
867,1,36869662006,36869662171,866,866,1
868,1,36869678674,36869678866,867,867,1
869,1,36869695391,36869695560,868,868,1
870,1,36869712333,36869712680,869,869,1
871,1,36869728718,36869728905,870,870,1
872,1,36869745407,36869745572,871,871,1
873,1,36869762325,36869762680,872,872,1
874,1,36869778757,36869778930,873,873,1
875,1,36869795448,36869795633,874,874,1
876,1,36869812148,36869812322,875,875,1
877,1,36869828921,36869829307,876,876,1
878,1,36869845480,36869845663,877,877,1
879,1,36869862169,36869862330,878,878,1
880,1,36869878842,36869879002,879,879,1
881,1,36869895515,36869895698,880,880,1
882,1,36869911976,36869912142,881,881,1
883,1,36869928646,36869928801,882,882,1
884,1,36869945602,36869945972,883,883,1
885,1,36869961987,36869962153,884,884,1
886,1,36869978672,36869978842,885,885,1
887,1,36869995349,36869995501,886,886,1
888,1,36870012032,36870012212,887,887,1
889,1,36870028716,36870028888,888,888,1
890,1,36870045646,36870045847,889,889,1
891,1,36870062352,36870062723,890,890,1
892,1,36870078751,36870078927,891,891,1
893,1,36870095431,36870095591,892,892,1
894,1,36870112105,36870112274,893,893,1
895,1,36870128802,36870129185,894,894,1
896,1,36870145467,36870145652,895,895,1
897,1,36870162156,36870162315,896,896,1
898,1,36870179075,36870179455,897,897,1
899,1,36870195508,36870195668,898,898,1
900,1,36870212186,36870212362,899,899,1
901,1,36870228878,36870229214,900,900,1
902,1,36870245301,36870245486,901,901,1
903,1,36870261989,36870262147,902,902,1
904,1,36870278934,36870279277,903,903,1
905,1,36870295588,36870295933,904,904,1
906,1,36870312281,36870312704,905,905,1
907,1,36870328813,36870329172,906,906,1
908,1,36870345429,36870345610,907,907,1
909,1,36870362117,36870362289,908,908,1
910,1,36870378828,36870379169,909,909,1
911,1,36870395423,36870395596,910,910,1
912,1,36870412111,36870412280,911,911,1
913,1,36870429033,36870429386,912,912,1
914,1,36870445465,36870445623,913,913,1
915,1,36870462137,36870462296,914,914,1
916,1,36870478840,36870479169,915,915,1
917,1,36870495499,36870495695,916,916,1
918,1,36870511981,36870512158,917,917,1
919,1,36870528911,36870529256,918,918,1
920,1,36870545316,36870545498,919,919,1
921,1,36870562263,36870562598,920,920,1
922,1,36870578932,36870579265,921,921,1
923,1,36870595330,36870595496,922,922,1
924,1,36870612009,36870612175,923,923,1
925,1,36870628964,36870629325,924,924,1
926,1,36870645382,36870645586,925,925,1
927,1,36870662100,36870662269,926,926,1
928,1,36870679022,36870679372,927,927,1
929,1,36870695377,36870695555,928,928,1
930,1,36870712093,36870712259,929,929,1
931,1,36870729025,36870729366,930,930,1
932,1,36870745452,36870745618,931,931,1
933,1,36870762140,36870762307,932,932,1
934,1,36870778861,36870779216,933,933,1
935,1,36870795496,36870795843,934,934,1
936,1,36870812173,36870812358,935,935,1
937,1,36870828864,36870829265,936,936,1
938,1,36870845314,36870845491,937,937,1
939,1,36870861998,36870862184,938,938,1
940,1,36870878688,36870878854,939,939,1
941,1,36870895608,36870895860,940,940,1
942,1,36870912117,36870912311,941,941,1
943,1,36870928816,36870929054,942,942,1
944,1,36870945564,36870945766,943,943,1
945,1,36870962275,36870962558,944,944,1
946,1,36870978818,36870979064,945,945,1
947,1,36870995323,36870995519,946,946,1
948,1,36871012023,36871012222,947,947,1
949,1,36871028977,36871029330,948,948,1
950,1,36871045337,36871045534,949,949,1
951,1,36871062039,36871062226,950,950,1
952,1,36871078731,36871078912,951,951,1
953,1,36871095415,36871095580,952,952,1
954,1,36871112083,36871112266,953,953,1
955,1,36871128770,36871128933,954,954,1
956,1,36871145435,36871145599,955,955,1
957,1,36871162352,36871162731,956,956,1
958,1,36871178739,36871178919,957,957,1
959,1,36871195427,36871195593,958,958,1
960,1,36871212099,36871212279,959,959,1
961,1,36871228784,36871228953,960,960,1
962,1,36871245458,36871245622,961,961,1
963,1,36871262126,36871262283,962,962,1
964,1,36871279036,36871279391,963,963,1
965,1,36871295396,36871295570,964,964,1
966,1,36871312078,36871312264,965,965,1
967,1,36871328769,36871328931,966,966,1
968,1,36871345686,36871346029,967,967,1
969,1,36871362035,36871362199,968,968,1
970,1,36871378703,36871378871,969,969,1
971,1,36871395626,36871396033,970,970,1
972,1,36871412290,36871412651,971,971,1
973,1,36871428911,36871429172,972,972,1
974,1,36871445682,36871445932,973,973,1
975,1,36871462191,36871462461,974,974,1
976,1,36871478719,36871478948,975,975,1
977,1,36871495705,36871495940,976,976,1
978,1,36871512449,36871512825,977,977,1
979,1,36871528837,36871529036,978,978,1
980,1,36871545542,36871545714,979,979,1
981,1,36871561969,36871562191,980,980,1
982,1,36871578695,36871578892,981,981,1
983,1,36871595396,36871595569,982,982,1
984,1,36871612073,36871612242,983,983,1
985,1,36871628995,36871629398,984,984,1
986,1,36871645402,36871645568,985,985,1
987,1,36871662071,36871662233,986,986,1
988,1,36871678737,36871678901,987,987,1
989,1,36871695405,36871695572,988,988,1
990,1,36871712082,36871712248,989,989,1
991,1,36871728751,36871728947,990,990,1
992,1,36871745450,36871745706,991,991,1
993,1,36871762213,36871762610,992,992,1
994,1,36871778868,36871779054,993,993,1
995,1,36871795309,36871795499,994,994,1
996,1,36871812003,36871812188,995,995,1
997,1,36871828692,36871828848,996,996,1
998,1,36871845602,36871845785,997,997,1
999,1,36871862290,36871862698,998,998,1
1000,1,36871878954,36871879291,999,999,1
1001,1,36871895549,36871895879,1000,1000,1
1002,1,36871912133,36871912304,1001,1001,1
1003,1,36871928808,36871928979,1002,1002,1
1004,1,36871945482,36871945648,1003,1003,1
1005,1,36871962152,36871962316,1004,1004,1
1006,1,36871978819,36871979048,1005,1005,1
1007,1,36871995554,36871995893,1006,1006,1
1008,1,36872012147,36872012312,1007,1007,1
1009,1,36872028816,36872028984,1008,1008,1
1010,1,36872045488,36872045652,1009,1009,1
1011,1,36872062155,36872062322,1010,1010,1
1012,1,36872078826,36872078996,1011,1011,1
1013,1,36872095501,36872095670,1012,1012,1
1014,1,36872112174,36872112511,1013,1013,1
1015,1,36872128764,36872128922,1014,1014,1
1016,1,36872145425,36872145591,1015,1015,1
1017,1,36872162094,36872162278,1016,1016,1
1018,1,36872178782,36872178943,1017,1017,1
1019,1,36872195447,36872195613,1018,1018,1
1020,1,36872212117,36872212282,1019,1019,1
1021,1,36872229034,36872229391,1020,1020,1
1022,1,36872245395,36872245558,1021,1021,1
1023,1,36872262062,36872262230,1022,1022,1
1024,1,36872278733,36872278902,1023,1023,1
1025,1,36872295405,36872295575,1024,1024,1
1026,1,36872312079,36872312243,1025,1025,1
1027,1,36872328746,36872328907,1026,1026,1
1028,1,36872345411,36872345585,1027,1027,1
1029,1,36872362088,36872362250,1028,1028,1
1030,1,36872378753,36872378916,1029,1029,1
1031,1,36872395919,36872396449,1030,1030,1
1032,1,36872412202,36872412368,1031,1031,1
1033,1,36872428622,36872428793,1032,1032,1
1034,1,36872445296,36872445470,1033,1033,1
1035,1,36872462223,36872462558,1034,1034,1
1036,1,36872478812,36872478980,1035,1035,1
1037,1,36872495483,36872495642,1036,1036,1
1038,1,36872512146,36872512308,1037,1037,1
1039,1,36872528811,36872528971,1038,1038,1
1040,1,36872545474,36872545631,1039,1039,1
1041,1,36872562142,36872562300,1040,1040,1
1042,1,36872578803,36872579009,1041,1041,1
1043,1,36872595514,36872595848,1042,1042,1
1044,1,36872612101,36872612260,1043,1043,1
1045,1,36872628764,36872629106,1044,1044,1
1046,1,36872645360,36872645529,1045,1045,1
1047,1,36872662033,36872662193,1046,1046,1
1048,1,36872678697,36872678866,1047,1047,1
1049,1,36872695369,36872695550,1048,1048,1
1050,1,36872712304,36872712643,1049,1049,1
1051,1,36872728647,36872728839,1050,1050,1
1052,1,36872745343,36872745515,1051,1051,1
1053,1,36872762019,36872762189,1052,1052,1
1054,1,36872778692,36872778858,1053,1053,1
1055,1,36872795362,36872795528,1054,1054,1
1056,1,36872812031,36872812209,1055,1055,1
1057,1,36872828964,36872829333,1056,1056,1
1058,1,36872845338,36872845521,1057,1057,1
1059,1,36872862025,36872862197,1058,1058,1
1060,1,36872878701,36872878861,1059,1059,1
1061,1,36872895364,36872895541,1060,1060,1
1062,1,36872912045,36872912239,1061,1061,1
1063,1,36872928992,36872929363,1062,1062,1
1064,1,36872945616,36872945948,1063,1063,1
1065,1,36872962202,36872962531,1064,1064,1
1066,1,36872978786,36872978998,1065,1065,1
1067,1,36872995503,36872995693,1066,1066,1
1068,1,36873012198,36873012408,1067,1067,1
1069,1,36873028913,36873029134,1068,1068,1
1070,1,36873045640,36873045882,1069,1069,1
1071,1,36873062140,36873062375,1070,1070,1
1072,1,36873078882,36873079071,1071,1071,1
1073,1,36873095326,36873095505,1072,1072,1
1074,1,36873112008,36873112176,1073,1073,1
1075,1,36873128679,36873128841,1074,1074,1
1076,1,36873145345,36873145510,1075,1075,1
1077,1,36873162014,36873162181,1076,1076,1
1078,1,36873178934,36873179149,1077,1077,1
1079,1,36873195655,36873196004,1078,1078,1
1080,1,36873212260,36873212455,1079,1079,1
1081,1,36873228710,36873228884,1080,1080,1
1082,1,36873245388,36873245551,1081,1081,1
1083,1,36873262054,36873262246,1082,1082,1
1084,1,36873278749,36873278918,1083,1083,1
1085,1,36873295420,36873295588,1084,1084,1
1086,1,36873312342,36873312689,1085,1085,1
1087,1,36873328696,36873328877,1086,1086,1
1088,1,36873345381,36873345552,1087,1087,1
1089,1,36873362056,36873362222,1088,1088,1
1090,1,36873378725,36873378928,1089,1089,1
1091,1,36873395434,36873395668,1090,1090,1
1092,1,36873412175,36873412398,1091,1091,1
1093,1,36873428910,36873429317,1092,1092,1
1094,1,36873445576,36873445785,1093,1093,1
1095,1,36873462291,36873462640,1094,1094,1
1096,1,36873478897,36873479083,1095,1095,1
1097,1,36873495589,36873495842,1096,1096,1
1098,1,36873512350,36873512614,1097,1097,1
1099,1,36873528873,36873529145,1098,1098,1
1100,1,36873545655,36873546080,1099,1099,1
1101,1,36873562338,36873562565,1100,1100,1
1102,1,36873578824,36873578998,1101,1101,1
1103,1,36873595513,36873595686,1102,1102,1
1104,1,36873612190,36873612368,1103,1103,1
1105,1,36873628871,36873629202,1104,1104,1
1106,1,36873645456,36873645632,1105,1105,1
1107,1,36873662385,36873662759,1106,1106,1
1108,1,36873678768,36873678936,1107,1107,1
1109,1,36873695440,36873695599,1108,1108,1
1110,1,36873712119,36873712279,1109,1109,1
1111,1,36873728785,36873728983,1110,1110,1
1112,1,36873745488,36873745653,1111,1111,1
1113,1,36873762156,36873762318,1112,1112,1
1114,1,36873778821,36873778986,1113,1113,1
1115,1,36873795489,36873795653,1114,1114,1
1116,1,36873811934,36873812107,1115,1115,1
1117,1,36873828611,36873828792,1116,1116,1
1118,1,36873845546,36873845727,1117,1117,1
1119,1,36873861981,36873862168,1118,1118,1
1120,1,36873878672,36873878834,1119,1119,1
1121,1,36873895337,36873895519,1120,1120,1
1122,1,36873912272,36873912612,1121,1121,1
1123,1,36873928616,36873928800,1122,1122,1
1124,1,36873945304,36873945494,1123,1123,1
1125,1,36873961999,36873962177,1124,1124,1
1126,1,36873978681,36873978876,1125,1125,1
1127,1,36873995637,36873995976,1126,1126,1
1128,1,36874011979,36874012159,1127,1127,1
1129,1,36874029164,36874029691,1128,1128,1
1130,1,36874045450,36874045638,1129,1129,1
1131,1,36874062143,36874062317,1130,1130,1
1132,1,36874078822,36874079000,1131,1131,1
1133,1,36874095505,36874095686,1132,1132,1
1134,1,36874111939,36874112113,1133,1133,1
1135,1,36874128617,36874128787,1134,1134,1
1136,1,36874145541,36874145879,1135,1135,1
1137,1,36874162133,36874162305,1136,1136,1
1138,1,36874178809,36874178976,1137,1137,1
1139,1,36874195480,36874195650,1138,1138,1
1140,1,36874212152,36874212320,1139,1139,1
1141,1,36874228824,36874229015,1140,1140,1
1142,1,36874245520,36874245693,1141,1141,1
1143,1,36874262197,36874262534,1142,1142,1
1144,1,36874278788,36874278958,1143,1143,1
1145,1,36874295462,36874295624,1144,1144,1
1146,1,36874312127,36874312290,1145,1145,1
1147,1,36874328792,36874328959,1146,1146,1
1148,1,36874345463,36874345623,1147,1147,1
1149,1,36874362126,36874362282,1148,1148,1
1150,1,36874378786,36874379003,1149,1149,1
1151,1,36874395524,36874395862,1150,1150,1
1152,1,36874412116,36874412284,1151,1151,1
1153,1,36874428793,36874428957,1152,1152,1
1154,1,36874445459,36874445616,1153,1153,1
1155,1,36874462119,36874462285,1154,1154,1
1156,1,36874478787,36874478951,1155,1155,1
1157,1,36874495454,36874495620,1156,1156,1
1158,1,36874512123,36874512282,1157,1157,1
1159,1,36874529035,36874529387,1158,1158,1
1160,1,36874545391,36874545565,1159,1159,1
1161,1,36874562068,36874562236,1160,1160,1
1162,1,36874578740,36874578908,1161,1161,1
1163,1,36874595411,36874595574,1162,1162,1
1164,1,36874612078,36874612278,1163,1163,1
1165,1,36874629032,36874629452,1164,1164,1
1166,1,36874645462,36874645721,1165,1165,1
1167,1,36874662231,36874662406,1166,1166,1
1168,1,36874678662,36874678833,1167,1167,1
1169,1,36874695338,36874695507,1168,1168,1
1170,1,36874712012,36874712168,1169,1169,1
1171,1,36874728672,36874728834,1170,1170,1
1172,1,36874745588,36874745938,1171,1171,1
1173,1,36874762193,36874762372,1172,1172,1
1174,1,36874778627,36874778824,1173,1173,1
1175,1,36874795329,36874795498,1174,1174,1
1176,1,36874812002,36874812168,1175,1175,1
1177,1,36874828671,36874828836,1176,1176,1
1178,1,36874845339,36874845505,1177,1177,1
1179,1,36874862258,36874862602,1178,1178,1
1180,1,36874878856,36874879028,1179,1179,1
1181,1,36874895283,36874895464,1180,1180,1
1182,1,36874911968,36874912134,1181,1181,1
1183,1,36874928639,36874928811,1182,1182,1
1184,1,36874945314,36874945471,1183,1183,1
1185,1,36874961975,36874962132,1184,1184,1
1186,1,36874978885,36874979073,1185,1185,1
1187,1,36874995576,36874995909,1186,1186,1
1188,1,36875012163,36875012337,1187,1187,1
1189,1,36875028841,36875029016,1188,1188,1
1190,1,36875045520,36875045886,1189,1189,1
1191,1,36875062391,36875062781,1190,1190,1
1192,1,36875078786,36875079006,1191,1191,1
1193,1,36875095512,36875095758,1192,1192,1
1194,1,36875112274,36875112681,1193,1193,1
1195,1,36875128942,36875129358,1194,1194,1
1196,1,36875145617,36875145894,1195,1195,1
1197,1,36875162154,36875162353,1196,1196,1
1198,1,36875178860,36875179238,1197,1197,1
1199,1,36875195496,36875195664,1198,1198,1
1200,1,36875212171,36875212345,1199,1199,1
1201,1,36875228847,36875229188,1200,1200,1
1202,1,36875245443,36875245608,1201,1201,1
1203,1,36875262112,36875262280,1202,1202,1
1204,1,36875279034,36875279410,1203,1203,1
1205,1,36875295417,36875295627,1204,1204,1
1206,1,36875312160,36875312428,1205,1205,1
1207,1,36875328937,36875329280,1206,1206,1
1208,1,36875345536,36875345880,1207,1207,1
1209,1,36875362135,36875362306,1208,1208,1
1210,1,36875379060,36875379461,1209,1209,1
1211,1,36875395471,36875395638,1210,1210,1
1212,1,36875412143,36875412313,1211,1211,1
1213,1,36875428815,36875429164,1212,1212,1
1214,1,36875445421,36875445597,1213,1213,1
1215,1,36875462101,36875462441,1214,1214,1
1216,1,36875478945,36875479293,1215,1215,1
1217,1,36875495298,36875495484,1216,1216,1
1218,1,36875511987,36875512153,1217,1217,1
1219,1,36875528906,36875529243,1218,1218,1
1220,1,36875545497,36875545660,1219,1219,1
1221,1,36875562163,36875562367,1220,1220,1
1222,1,36875578969,36875579372,1221,1221,1
1223,1,36875596426,36875596835,1222,1222,1
1224,1,36875612388,36875612654,1223,1223,1
1225,1,36875629414,36875630109,1224,1224,1
1226,1,36875645867,36875646133,1225,1225,1
1227,1,36875662142,36875662481,1226,1226,1
1228,1,36875678990,36875679358,1227,1227,1
1229,1,36875695366,36875695541,1228,1228,1
1230,1,36875712294,36875712639,1229,1229,1
1231,1,36875728894,36875729242,1230,1230,1
1232,1,36875745496,36875745655,1231,1231,1
1233,1,36875762158,36875762324,1232,1232,1
1234,1,36875778826,36875778976,1233,1233,1
1235,1,36875795479,36875795715,1234,1234,1
1236,1,36875811972,36875812174,1235,1235,1
1237,1,36875828928,36875829255,1236,1236,1
1238,1,36875845508,36875845702,1237,1237,1
1239,1,36875861957,36875862131,1238,1238,1
1240,1,36875878634,36875878821,1239,1239,1
1241,1,36875895323,36875895485,1240,1240,1
1242,1,36875911987,36875912155,1241,1241,1
1243,1,36875928660,36875928810,1242,1242,1
1244,1,36875945312,36875945469,1243,1243,1
1245,1,36875961971,36875962138,1244,1244,1
1246,1,36875978640,36875978803,1245,1245,1
1247,1,36875995305,36875995491,1246,1246,1
1248,1,36876011993,36876012164,1247,1247,1
1249,1,36876028667,36876028835,1248,1248,1
1250,1,36876045339,36876045519,1249,1249,1
1251,1,36876062384,36876062748,1250,1250,1
1252,1,36876078754,36876078927,1251,1251,1
1253,1,36876095430,36876095582,1252,1252,1
1254,1,36876112334,36876112651,1253,1253,1
1255,1,36876128653,36876128826,1254,1254,1
1256,1,36876145329,36876145488,1255,1255,1
1257,1,36876161991,36876162148,1256,1256,1
1258,1,36876178650,36876178811,1257,1257,1
1259,1,36876195563,36876195887,1258,1258,1
1260,1,36876212141,36876212308,1259,1259,1
1261,1,36876228811,36876228957,1260,1260,1
1262,1,36876245459,36876245613,1261,1261,1
1263,1,36876262115,36876262273,1262,1262,1
1264,1,36876278775,36876278935,1263,1263,1
1265,1,36876295437,36876295590,1264,1264,1
1266,1,36876312842,36876313523,1265,1265,1
1267,1,36876328792,36876328982,1266,1266,1
1268,1,36876345484,36876345644,1267,1267,1
1269,1,36876362146,36876362302,1268,1268,1
1270,1,36876378804,36876378974,1269,1269,1
1271,1,36876395476,36876395632,1270,1270,1
1272,1,36876412134,36876412310,1271,1271,1
1273,1,36876428811,36876429130,1272,1272,1
1274,1,36876445382,36876445549,1273,1273,1
1275,1,36876462051,36876462214,1274,1274,1
1276,1,36876478716,36876478871,1275,1275,1
1277,1,36876495376,36876495534,1276,1276,1
1278,1,36876512036,36876512233,1277,1277,1
1279,1,36876528736,36876528890,1278,1278,1
1280,1,36876545643,36876545992,1279,1279,1
1281,1,36876561995,36876562170,1280,1280,1
1282,1,36876578674,36876578836,1281,1281,1
1283,1,36876595338,36876595488,1282,1282,1
1284,1,36876611990,36876612152,1283,1283,1
1285,1,36876628654,36876629021,1284,1284,1
1286,1,36876645523,36876645864,1285,1285,1
1287,1,36876662117,36876662438,1286,1286,1
1288,1,36876678690,36876678857,1287,1287,1
1289,1,36876695359,36876695505,1288,1288,1
1290,1,36876712007,36876712154,1289,1289,1
1291,1,36876728655,36876728823,1290,1290,1
1292,1,36876745325,36876745486,1291,1291,1
1293,1,36876761988,36876762138,1292,1292,1
1294,1,36876778890,36876779076,1293,1293,1
1295,1,36876795579,36876795902,1294,1294,1
1296,1,36876812154,36876812311,1295,1295,1
1297,1,36876828813,36876828969,1296,1296,1
1298,1,36876845479,36876845640,1297,1297,1
1299,1,36876862143,36876862303,1298,1298,1
1300,1,36876878805,36876878961,1299,1299,1
1301,1,36876895462,36876895615,1300,1300,1
1302,1,36876912367,36876912735,1301,1301,1
1303,1,36876928737,36876928891,1302,1302,1
1304,1,36876945393,36876945554,1303,1303,1
1305,1,36876962056,36876962215,1304,1304,1
1306,1,36876978717,36876978861,1305,1305,1
1307,1,36876995363,36876995519,1306,1306,1
1308,1,36877012021,36877012197,1307,1307,1
1309,1,36877028949,36877029285,1308,1308,1
1310,1,36877045288,36877045455,1309,1309,1
1311,1,36877061958,36877062121,1310,1310,1
1312,1,36877078630,36877078784,1311,1311,1
1313,1,36877095290,36877095445,1312,1312,1
1314,1,36877111947,36877112103,1313,1313,1
1315,1,36877128605,36877128765,1314,1314,1
1316,1,36877145517,36877145860,1315,1315,1
1317,1,36877162113,36877162297,1316,1316,1
1318,1,36877179051,36877179476,1317,1317,1
1319,1,36877195483,36877195693,1318,1318,1
1320,1,36877212199,36877212436,1319,1319,1
1321,1,36877228953,36877229218,1320,1320,1
1322,1,36877245338,36877245515,1321,1321,1
1323,1,36877262025,36877262213,1322,1322,1
1324,1,36877278966,36877279314,1323,1323,1
1325,1,36877295317,36877295482,1324,1324,1
1326,1,36877311985,36877312140,1325,1325,1
1327,1,36877328643,36877328789,1326,1326,1
1328,1,36877345291,36877345479,1327,1327,1
1329,1,36877361981,36877362164,1328,1328,1
1330,1,36877379191,36877379454,1329,1329,1
1331,1,36877395587,36877395856,1330,1330,1
1332,1,36877412365,36877412607,1331,1331,1
1333,1,36877428865,36877429044,1332,1332,1
1334,1,36877445547,36877445715,1333,1333,1
1335,1,36877461968,36877462143,1334,1334,1
1336,1,36877478645,36877478824,1335,1335,1
1337,1,36877495325,36877495504,1336,1336,1
1338,1,36877512256,36877512599,1337,1337,1
1339,1,36877528853,36877529013,1338,1338,1
1340,1,36877545516,36877545722,1339,1339,1
1341,1,36877561977,36877562154,1340,1340,1
1342,1,36877578657,36877578825,1341,1341,1
1343,1,36877595327,36877595501,1342,1342,1
1344,1,36877612003,36877612162,1343,1343,1
1345,1,36877628914,36877629272,1344,1344,1
1346,1,36877645611,36877645984,1345,1345,1
1347,1,36877662238,36877662468,1346,1346,1
1348,1,36877678975,36877679284,1347,1347,1
1349,1,36877695545,36877695830,1348,1348,1
1350,1,36877712338,36877712748,1349,1349,1
1351,1,36877729006,36877729273,1350,1350,1
1352,1,36877745529,36877746119,1351,1351,1
1353,1,36877762136,36877762473,1352,1352,1
1354,1,36877778726,36877778896,1353,1353,1
1355,1,36877795398,36877795560,1354,1354,1
1356,1,36877812062,36877812230,1355,1355,1
1357,1,36877828732,36877828892,1356,1356,1
1358,1,36877845394,36877845593,1357,1357,1
1359,1,36877862097,36877862423,1358,1358,1
1360,1,36877878677,36877878838,1359,1359,1
1361,1,36877895340,36877895551,1360,1360,1
1362,1,36877912303,36877912476,1361,1361,1
1363,1,36877928728,36877928888,1362,1362,1
1364,1,36877945390,36877945568,1363,1363,1
1365,1,36877962072,36877962248,1364,1364,1
1366,1,36877979002,36877979240,1365,1365,1
1367,1,36877995582,36877995944,1366,1366,1
1368,1,36878012066,36878012236,1367,1367,1
1369,1,36878028739,36878028905,1368,1368,1
1370,1,36878045408,36878045578,1369,1369,1
1371,1,36878062080,36878062241,1370,1370,1
1372,1,36878078744,36878078904,1371,1371,1
1373,1,36878095406,36878095571,1372,1372,1
1374,1,36878112073,36878112256,1373,1373,1
1375,1,36878128759,36878128927,1374,1374,1
1376,1,36878145429,36878145591,1375,1375,1
1377,1,36878162093,36878162257,1376,1376,1
1378,1,36878179010,36878179248,1377,1377,1
1379,1,36878195754,36878196054,1378,1378,1
1380,1,36878212566,36878213173,1379,1379,1
1381,1,36878228904,36878229354,1380,1380,1
1382,1,36878245612,36878245870,1381,1381,1
1383,1,36878262129,36878262308,1382,1382,1
1384,1,36878278811,36878278983,1383,1383,1
1385,1,36878295485,36878295646,1384,1384,1
1386,1,36878312148,36878312332,1385,1385,1
1387,1,36878328834,36878328999,1386,1386,1
1388,1,36878345501,36878345826,1387,1387,1
1389,1,36878362078,36878362254,1388,1388,1
1390,1,36878378757,36878378917,1389,1389,1
1391,1,36878395435,36878395593,1390,1390,1
1392,1,36878412095,36878412249,1391,1391,1
1393,1,36878428752,36878428935,1392,1392,1
1394,1,36878445437,36878445593,1393,1393,1
1395,1,36878462095,36878462358,1394,1394,1
1396,1,36878478611,36878478775,1395,1395,1
1397,1,36878495277,36878495453,1396,1396,1
1398,1,36878512024,36878512212,1397,1397,1
1399,1,36878528715,36878528884,1398,1398,1
1400,1,36878545390,36878545555,1399,1399,1
1401,1,36878562057,36878562223,1400,1400,1
1402,1,36878578975,36878579168,1401,1401,1
1403,1,36878595670,36878595983,1402,1402,1
1404,1,36878612235,36878612416,1403,1403,1
1405,1,36878628668,36878628830,1404,1404,1
1406,1,36878645582,36878645923,1405,1405,1
1407,1,36878662181,36878662358,1406,1406,1
1408,1,36878678611,36878678792,1407,1407,1
1409,1,36878695294,36878695457,1408,1408,1
1410,1,36878712209,36878712542,1409,1409,1
1411,1,36878728802,36878728970,1410,1410,1
1412,1,36878745472,36878745631,1411,1411,1
1413,1,36878762133,36878762389,1412,1412,1
1414,1,36878778641,36878778803,1413,1413,1
1415,1,36878795305,36878795458,1414,1414,1
1416,1,36878811959,36878812131,1415,1415,1
1417,1,36878828633,36878828797,1416,1416,1
1418,1,36878845299,36878845467,1417,1417,1
1419,1,36878861969,36878862121,1418,1418,1
1420,1,36878878623,36878878788,1419,1419,1
1421,1,36878895290,36878895455,1420,1420,1
1422,1,36878911957,36878912126,1421,1421,1
1423,1,36878928629,36878928800,1422,1422,1
1424,1,36878945552,36878945896,1423,1423,1
1425,1,36878962150,36878962343,1424,1424,1
1426,1,36878978846,36878979018,1425,1425,1
1427,1,36878995270,36878995441,1426,1426,1
1428,1,36879011943,36879012107,1427,1427,1
1429,1,36879028859,36879029059,1428,1428,1
1430,1,36879045312,36879045479,1429,1429,1
1431,1,36879062231,36879062755,1430,1430,1
1432,1,36879078759,36879078919,1431,1431,1
1433,1,36879095421,36879095586,1432,1432,1
1434,1,36879112088,36879112250,1433,1433,1
1435,1,36879128752,36879128904,1434,1434,1
1436,1,36879145406,36879145576,1435,1435,1
1437,1,36879162078,36879162243,1436,1436,1
1438,1,36879178744,36879178924,1437,1437,1
1439,1,36879195676,36879196031,1438,1438,1
1440,1,36879212035,36879212208,1439,1439,1
1441,1,36879228710,36879228880,1440,1440,1
1442,1,36879245382,36879245587,1441,1441,1
1443,1,36879262097,36879262416,1442,1442,1
1444,1,36879279005,36879279246,1443,1443,1
1445,1,36879295770,36879296168,1444,1444,1
1446,1,36879312428,36879312854,1445,1445,1
1447,1,36879328678,36879328866,1446,1446,1
1448,1,36879345370,36879345545,1447,1447,1
1449,1,36879362047,36879362214,1448,1448,1
1450,1,36879378716,36879378883,1449,1449,1
1451,1,36879395385,36879395535,1450,1450,1
1452,1,36879412287,36879412481,1451,1451,1
1453,1,36879428985,36879429355,1452,1452,1
1454,1,36879445358,36879445545,1453,1453,1
1455,1,36879462047,36879462211,1454,1454,1
1456,1,36879478712,36879478883,1455,1455,1
1457,1,36879495385,36879495549,1456,1456,1
1458,1,36879512050,36879512213,1457,1457,1
1459,1,36879528715,36879528912,1458,1458,1
1460,1,36879545414,36879545584,1459,1459,1
1461,1,36879562086,36879562281,1460,1460,1
1462,1,36879578784,36879578944,1461,1461,1
1463,1,36879595446,36879595611,1462,1462,1
1464,1,36879612113,36879612315,1463,1463,1
1465,1,36879628818,36879629011,1464,1464,1
1466,1,36879645515,36879645854,1465,1465,1
1467,1,36879662856,36879663240,1466,1466,1
1468,1,36879678758,36879678935,1467,1467,1
1469,1,36879695440,36879695599,1468,1468,1
1470,1,36879712101,36879712269,1469,1469,1
1471,1,36879728771,36879728934,1470,1470,1
1472,1,36879745687,36879745907,1471,1471,1
1473,1,36879762413,36879762662,1472,1472,1
1474,1,36879779170,36879779446,1473,1473,1
1475,1,36879795782,36879796196,1474,1474,1
1476,1,36879812338,36879812622,1475,1475,1
1477,1,36879828994,36879829392,1476,1476,1
1478,1,36879845401,36879845626,1477,1477,1
1479,1,36879862131,36879862310,1478,1478,1
1480,1,36879878814,36879878983,1479,1479,1
1481,1,36879895485,36879895661,1480,1480,1
1482,1,36879912413,36879912757,1481,1481,1
1483,1,36879928763,36879928934,1482,1482,1
1484,1,36879945437,36879945613,1483,1483,1
1485,1,36879962116,36879962280,1484,1484,1
1486,1,36879978782,36879978939,1485,1485,1
1487,1,36879995441,36879995600,1486,1486,1
1488,1,36880012102,36880012260,1487,1487,1
1489,1,36880029012,36880029367,1488,1488,1
1490,1,36880045369,36880045549,1489,1489,1
1491,1,36880062050,36880062217,1490,1490,1
1492,1,36880079719,36880080111,1491,1491,1
1493,1,36880095370,36880095538,1492,1492,1
1494,1,36880112040,36880112204,1493,1493,1
1495,1,36880128706,36880128904,1494,1494,1
1496,1,36880145657,36880146045,1495,1495,1
1497,1,36880162299,36880162622,1496,1496,1
1498,1,36880178875,36880179256,1497,1497,1
1499,1,36880195509,36880195861,1498,1498,1
1500,1,36880212115,36880212283,1499,1499,1
1501,1,36880228785,36880228971,1500,1500,1
1502,1,36880245723,36880246049,1501,1501,1
1503,1,36880262052,36880262234,1502,1502,1
1504,1,36880278736,36880278980,1503,1503,1
1505,1,36880295485,36880295832,1504,1504,1
1506,1,36880312085,36880312244,1505,1505,1
1507,1,36880328746,36880328954,1506,1506,1
1508,1,36880345710,36880346066,1507,1507,1
1509,1,36880362319,36880362637,1508,1508,1
1510,1,36880378889,36880379078,1509,1509,1
1511,1,36880395581,36880395911,1510,1510,1
1512,1,36880412163,36880412346,1511,1511,1
1513,1,36880428849,36880429037,1512,1512,1
1514,1,36880445540,36880445862,1513,1513,1
1515,1,36880462113,36880462274,1514,1514,1
1516,1,36880478800,36880478972,1515,1515,1
1517,1,36880495724,36880496072,1516,1516,1
1518,1,36880512074,36880512262,1517,1517,1
1519,1,36880529015,36880529392,1518,1518,1
1520,1,36880545648,36880545992,1519,1519,1
1521,1,36880561995,36880562191,1520,1520,1
1522,1,36880578693,36880578877,1521,1521,1
1523,1,36880595630,36880595972,1522,1522,1
1524,1,36880611974,36880612147,1523,1523,1
1525,1,36880628899,36880629089,1524,1524,1
1526,1,36880645591,36880645935,1525,1525,1
1527,1,36880661939,36880662114,1526,1526,1
1528,1,36880678866,36880679062,1527,1527,1
1529,1,36880695566,36880695903,1528,1528,1
1530,1,36880712156,36880712324,1529,1529,1
1531,1,36880728827,36880729024,1530,1530,1
1532,1,36880745778,36880746197,1531,1531,1
1533,1,36880762205,36880762561,1532,1532,1
1534,1,36880778817,36880779005,1533,1533,1
1535,1,36880795507,36880795681,1534,1534,1
1536,1,36880812185,36880812353,1535,1535,1
1537,1,36880828857,36880829022,1536,1536,1
1538,1,36880845525,36880845697,1537,1537,1
1539,1,36880862200,36880862370,1538,1538,1
1540,1,36880878873,36880879206,1539,1539,1
1541,1,36880895459,36880895784,1540,1540,1
1542,1,36880912037,36880912203,1541,1541,1
1543,1,36880928705,36880928869,1542,1542,1
1544,1,36880945622,36880945806,1543,1543,1
1545,1,36880962059,36880962235,1544,1544,1
1546,1,36880978737,36880978911,1545,1545,1
1547,1,36880995413,36880995585,1546,1546,1
1548,1,36881012088,36881012253,1547,1547,1
1549,1,36881028756,36881028925,1548,1548,1
1550,1,36881045427,36881045590,1549,1549,1
1551,1,36881062092,36881062260,1550,1550,1
1552,1,36881078762,36881078928,1551,1551,1
1553,1,36881095430,36881095591,1552,1552,1
1554,1,36881112092,36881112256,1553,1553,1
1555,1,36881129008,36881129354,1554,1554,1
1556,1,36881145357,36881145523,1555,1555,1
1557,1,36881162025,36881162173,1556,1556,1
1558,1,36881178675,36881178845,1557,1557,1
1559,1,36881195347,36881195523,1558,1558,1
1560,1,36881212025,36881212180,1559,1559,1
1561,1,36881228724,36881228893,1560,1560,1
1562,1,36881245645,36881245992,1561,1561,1
1563,1,36881261994,36881262163,1562,1562,1
1564,1,36881278665,36881278827,1563,1563,1
1565,1,36881295329,36881295488,1564,1564,1
1566,1,36881311990,36881312151,1565,1565,1
1567,1,36881328903,36881329114,1566,1566,1
1568,1,36881345621,36881346038,1567,1567,1
1569,1,36881362047,36881362280,1568,1568,1
1570,1,36881378788,36881379045,1569,1569,1
1571,1,36881395803,36881396190,1570,1570,1
1572,1,36881412200,36881412546,1571,1571,1
1573,1,36881428802,36881428975,1572,1572,1
1574,1,36881445477,36881445643,1573,1573,1
1575,1,36881462395,36881462743,1574,1574,1
1576,1,36881478747,36881478925,1575,1575,1
1577,1,36881495428,36881495586,1576,1576,1
1578,1,36881512089,36881512266,1577,1577,1
1579,1,36881528768,36881528948,1578,1578,1
1580,1,36881545456,36881545617,1579,1579,1
1581,1,36881562119,36881562285,1580,1580,1
1582,1,36881578787,36881579001,1581,1581,1
1583,1,36881595503,36881595821,1582,1582,1
1584,1,36881612074,36881612241,1583,1583,1
1585,1,36881628743,36881628902,1584,1584,1
1586,1,36881645654,36881645981,1585,1585,1
1587,1,36881661983,36881662157,1586,1586,1
1588,1,36881678660,36881678822,1587,1587,1
1589,1,36881695574,36881695739,1588,1588,1
1590,1,36881711991,36881712155,1589,1589,1
1591,1,36881728658,36881728809,1590,1590,1
1592,1,36881745312,36881745484,1591,1591,1
1593,1,36881761986,36881762136,1592,1592,1
1594,1,36881778638,36881778790,1593,1593,1
1595,1,36881795292,36881795447,1594,1594,1
1596,1,36881812199,36881812370,1595,1595,1
1597,1,36881829122,36881829532,1596,1596,1
1598,1,36881845543,36881845819,1597,1597,1
1599,1,36881862328,36881862605,1598,1598,1
1600,1,36881878865,36881879136,1599,1599,1
1601,1,36881895897,36881896216,1600,1600,1
1602,1,36881912228,36881912488,1601,1601,1
1603,1,36881928748,36881928941,1602,1602,1
1604,1,36881945696,36881946071,1603,1603,1
1605,1,36881962328,36881962689,1604,1604,1
1606,1,36881978697,36881978875,1605,1605,1
1607,1,36881995377,36881995554,1606,1606,1
1608,1,36882012307,36882012519,1607,1607,1
1609,1,36882028776,36882028945,1608,1608,1
1610,1,36882045448,36882045616,1609,1609,1
1611,1,36882062368,36882062727,1610,1610,1
1612,1,36882078733,36882078896,1611,1611,1
1613,1,36882095398,36882095588,1612,1612,1
1614,1,36882112093,36882112256,1613,1613,1
1615,1,36882128758,36882128921,1614,1614,1
1616,1,36882145423,36882145580,1615,1615,1
1617,1,36882162081,36882162235,1616,1616,1
1618,1,36882178737,36882178949,1617,1617,1
1619,1,36882195703,36882196074,1618,1618,1
1620,1,36882212078,36882212254,1619,1619,1
1621,1,36882228756,36882228921,1620,1620,1
1622,1,36882245423,36882245586,1621,1621,1
1623,1,36882262088,36882262240,1622,1622,1
1624,1,36882278742,36882278905,1623,1623,1
1625,1,36882295407,36882295570,1624,1624,1
1626,1,36882312322,36882312651,1625,1625,1
1627,1,36882328654,36882328843,1626,1626,1
1628,1,36882345346,36882345511,1627,1627,1
1629,1,36882362013,36882362176,1628,1628,1
1630,1,36882378678,36882378854,1629,1629,1
1631,1,36882395357,36882395508,1630,1630,1
1632,1,36882412016,36882412190,1631,1631,1
1633,1,36882428693,36882428866,1632,1632,1
1634,1,36882445368,36882445536,1633,1633,1
1635,1,36882462038,36882462199,1634,1634,1
1636,1,36882478950,36882479266,1635,1635,1
1637,1,36882495518,36882495669,1636,1636,1
1638,1,36882512172,36882512326,1637,1637,1
1639,1,36882528833,36882528994,1638,1638,1
1640,1,36882545496,36882545835,1639,1639,1
1641,1,36882562089,36882562283,1640,1640,1
1642,1,36882578786,36882578966,1641,1641,1
1643,1,36882595468,36882595630,1642,1642,1
1644,1,36882612132,36882612289,1643,1643,1
1645,1,36882628791,36882628945,1644,1644,1
1646,1,36882645447,36882645704,1645,1645,1
1647,1,36882662706,36882663327,1646,1646,1
1648,1,36882678832,36882678999,1647,1647,1
1649,1,36882695501,36882695649,1648,1648,1
1650,1,36882712151,36882712298,1649,1649,1
1651,1,36882728800,36882728968,1650,1650,1
1652,1,36882745470,36882745628,1651,1651,1
1653,1,36882762130,36882762291,1652,1652,1
1654,1,36882778792,36882778973,1653,1653,1
1655,1,36882795475,36882795731,1654,1654,1
1656,1,36882811983,36882812151,1655,1655,1
1657,1,36882828653,36882828815,1656,1656,1
1658,1,36882845318,36882845479,1657,1657,1
1659,1,36882861981,36882862147,1658,1658,1
1660,1,36882878649,36882878817,1659,1659,1
1661,1,36882895569,36882895761,1660,1660,1
1662,1,36882912264,36882912595,1661,1661,1
1663,1,36882928848,36882929011,1662,1662,1
1664,1,36882945512,36882945671,1663,1663,1
1665,1,36882962173,36882962336,1664,1664,1
1666,1,36882978838,36882979002,1665,1665,1
1667,1,36882995504,36882995819,1666,1666,1
1668,1,36883012322,36883012633,1667,1667,1
1669,1,36883028885,36883029216,1668,1668,1
1670,1,36883045469,36883045634,1669,1669,1
1671,1,36883062386,36883062748,1670,1670,1
1672,1,36883078750,36883078912,1671,1671,1
1673,1,36883095414,36883095578,1672,1672,1
1674,1,36883112080,36883112234,1673,1673,1
1675,1,36883128736,36883128901,1674,1674,1
1676,1,36883145403,36883145607,1675,1675,1
1677,1,36883162109,36883162305,1676,1676,1
1678,1,36883178809,36883179002,1677,1677,1
1679,1,36883195506,36883195674,1678,1678,1
1680,1,36883212176,36883212344,1679,1679,1
1681,1,36883228846,36883229008,1680,1680,1
1682,1,36883245510,36883245665,1681,1681,1
1683,1,36883262669,36883263009,1682,1682,1
1684,1,36883279013,36883279166,1683,1683,1
1685,1,36883295418,36883295578,1684,1684,1
1686,1,36883312080,36883312230,1685,1685,1
1687,1,36883328732,36883328896,1686,1686,1
1688,1,36883345398,36883345547,1687,1687,1
1689,1,36883362049,36883362201,1688,1688,1
1690,1,36883378953,36883379158,1689,1689,1
1691,1,36883395661,36883395987,1690,1690,1
1692,1,36883412239,36883412415,1691,1691,1
1693,1,36883428918,36883429125,1692,1692,1
1694,1,36883445632,36883445876,1693,1693,1
1695,1,36883462394,36883462693,1694,1694,1
1696,1,36883478953,36883479336,1695,1695,1
1697,1,36883495345,36883495582,1696,1696,1
1698,1,36883512343,36883512767,1697,1697,1
1699,1,36883529776,36883530136,1698,1698,1
1700,1,36883545645,36883545832,1699,1699,1
1701,1,36883562087,36883562255,1700,1700,1
1702,1,36883579009,36883579207,1701,1701,1
1703,1,36883595459,36883595624,1702,1702,1
1704,1,36883612126,36883612305,1703,1703,1
1705,1,36883629058,36883629469,1704,1704,1
1706,1,36883645767,36883646160,1705,1705,1
1707,1,36883662165,36883662355,1706,1706,1
1708,1,36883678859,36883679039,1707,1707,1
1709,1,36883696044,36883696305,1708,1708,1
1710,1,36883712063,36883712272,1709,1709,1
1711,1,36883728777,36883728943,1710,1710,1
1712,1,36883745696,36883746032,1711,1711,1
1713,1,36883762035,36883762216,1712,1712,1
1714,1,36883778969,36883779129,1713,1713,1
1715,1,36883795631,36883795795,1714,1714,1
1716,1,36883812047,36883812214,1715,1715,1
1717,1,36883828717,36883828885,1716,1716,1
1718,1,36883845387,36883845569,1717,1717,1
1719,1,36883862072,36883862226,1718,1718,1
1720,1,36883878728,36883878901,1719,1719,1
1721,1,36883895403,36883895573,1720,1720,1
1722,1,36883912076,36883912278,1721,1721,1
1723,1,36883928782,36883929015,1722,1722,1
1724,1,36883945523,36883945819,1723,1723,1
1725,1,36883962331,36883962579,1724,1724,1
1726,1,36883979087,36883979380,1725,1725,1
1727,1,36883995645,36883996020,1726,1726,1
1728,1,36884012029,36884012200,1727,1727,1
1729,1,36884028954,36884029126,1728,1728,1
1730,1,36884045378,36884045548,1729,1729,1
1731,1,36884062551,36884062891,1730,1730,1
1732,1,36884078896,36884079064,1731,1731,1
1733,1,36884095566,36884095732,1732,1732,1
1734,1,36884112484,36884112849,1733,1733,1
1735,1,36884128852,36884129015,1734,1734,1
1736,1,36884145268,36884145444,1735,1735,1
1737,1,36884161949,36884162113,1736,1736,1
1738,1,36884178615,36884178778,1737,1737,1
1739,1,36884195280,36884195455,1738,1738,1
1740,1,36884212207,36884212358,1739,1739,1
1741,1,36884228860,36884229209,1740,1740,1
1742,1,36884245462,36884245624,1741,1741,1
1743,1,36884262131,36884262294,1742,1742,1
1744,1,36884278796,36884278957,1743,1743,1
1745,1,36884295459,36884295621,1744,1744,1
1746,1,36884312123,36884312281,1745,1745,1
1747,1,36884328782,36884328945,1746,1746,1
1748,1,36884345697,36884346067,1747,1747,1
1749,1,36884362069,36884362233,1748,1748,1
1750,1,36884378735,36884378902,1749,1749,1
1751,1,36884395404,36884395562,1750,1750,1
1752,1,36884412064,36884412216,1751,1751,1
1753,1,36884428718,36884428884,1752,1752,1
1754,1,36884445386,36884445533,1753,1753,1
1755,1,36884462285,36884462634,1754,1754,1
1756,1,36884478637,36884478820,1755,1755,1
1757,1,36884495322,36884495479,1756,1756,1
1758,1,36884511981,36884512139,1757,1757,1
1759,1,36884528641,36884528786,1758,1758,1
1760,1,36884545538,36884545702,1759,1759,1
1761,1,36884561954,36884562102,1760,1760,1
1762,1,36884578853,36884579021,1761,1761,1
1763,1,36884595523,36884595869,1762,1762,1
1764,1,36884612122,36884612320,1763,1763,1
1765,1,36884628823,36884629030,1764,1764,1
1766,1,36884645534,36884645891,1765,1765,1
1767,1,36884662144,36884662312,1766,1766,1
1768,1,36884678814,36884678981,1767,1767,1
1769,1,36884695483,36884695647,1768,1768,1
1770,1,36884712150,36884712482,1769,1769,1
1771,1,36884728734,36884728901,1770,1770,1
1772,1,36884745402,36884745565,1771,1771,1
1773,1,36884762067,36884762225,1772,1772,1
1774,1,36884778727,36884778924,1773,1773,1
1775,1,36884795426,36884795593,1774,1774,1
1776,1,36884812095,36884812254,1775,1775,1
1777,1,36884829007,36884829366,1776,1776,1
1778,1,36884845370,36884845589,1777,1777,1
1779,1,36884862093,36884862262,1778,1778,1
1780,1,36884878765,36884878929,1779,1779,1
1781,1,36884895431,36884895595,1780,1780,1
1782,1,36884912097,36884912277,1781,1781,1
1783,1,36884928780,36884928935,1782,1782,1
1784,1,36884945688,36884946039,1783,1783,1
1785,1,36884962042,36884962299,1784,1784,1
1786,1,36884978809,36884978984,1785,1785,1
1787,1,36884995516,36884995693,1786,1786,1
1788,1,36885011971,36885012283,1787,1787,1
1789,1,36885028806,36885028979,1788,1788,1
1790,1,36885045483,36885045674,1789,1789,1
1791,1,36885062258,36885062621,1790,1790,1
1792,1,36885078651,36885078935,1791,1791,1
1793,1,36885095557,36885095763,1792,1792,1
1794,1,36885112029,36885112293,1793,1793,1
1795,1,36885128922,36885129361,1794,1794,1
1796,1,36885145365,36885145646,1795,1795,1
1797,1,36885162267,36885162627,1796,1796,1
1798,1,36885178640,36885178804,1797,1797,1
1799,1,36885195633,36885196056,1798,1798,1
1800,1,36885212124,36885212467,1799,1799,1
1801,1,36885228723,36885229043,1800,1800,1
1802,1,36885245298,36885245463,1801,1801,1
1803,1,36885262216,36885262655,1802,1802,1
1804,1,36885278660,36885278832,1803,1803,1
1805,1,36885295338,36885295503,1804,1804,1
1806,1,36885312394,36885312771,1805,1805,1
1807,1,36885328779,36885329069,1806,1806,1
1808,1,36885345325,36885345484,1807,1807,1
1809,1,36885362259,36885362596,1808,1808,1
1810,1,36885378620,36885378792,1809,1809,1
1811,1,36885395367,36885395548,1810,1810,1
1812,1,36885412301,36885412777,1811,1811,1
1813,1,36885428782,36885428947,1812,1812,1
1814,1,36885445701,36885446329,1813,1813,1
1815,1,36885462120,36885462584,1814,1814,1
1816,1,36885478591,36885478810,1815,1815,1
1817,1,36885495563,36885495745,1816,1816,1
1818,1,36885512249,36885512676,1817,1817,1
1819,1,36885528685,36885528921,1818,1818,1
1820,1,36885545535,36885546008,1819,1819,1
1821,1,36885562283,36885562751,1820,1820,1
1822,1,36885578760,36885578971,1821,1821,1
1823,1,36885595477,36885595635,1822,1822,1
1824,1,36885612137,36885612463,1823,1823,1
1825,1,36885628716,36885628875,1824,1824,1
1826,1,36885645627,36885646152,1825,1825,1
1827,1,36885662407,36885662792,1826,1826,1
1828,1,36885678801,36885679167,1827,1827,1
1829,1,36885695459,36885695810,1828,1828,1
1830,1,36885712314,36885712898,1829,1829,1
1831,1,36885728686,36885728864,1830,1830,1
1832,1,36885745414,36885745571,1831,1831,1
1833,1,36885762172,36885762503,1832,1832,1
1834,1,36885778773,36885778943,1833,1833,1
1835,1,36885795507,36885795872,1834,1834,1
1836,1,36885812179,36885812517,1835,1835,1
1837,1,36885828812,36885828965,1836,1836,1
1838,1,36885845507,36885845689,1837,1837,1
1839,1,36885862192,36885862550,1838,1838,1
1840,1,36885878634,36885878809,1839,1839,1
1841,1,36885895313,36885895484,1840,1840,1
1842,1,36885912237,36885912563,1841,1841,1
1843,1,36885928816,36885928994,1842,1842,1
1844,1,36885945498,36885945660,1843,1843,1
1845,1,36885962163,36885962319,1844,1844,1
1846,1,36885978822,36885978993,1845,1845,1
1847,1,36885995506,36885995706,1846,1846,1
1848,1,36886012212,36886012419,1847,1847,1
1849,1,36886029016,36886029261,1848,1848,1
1850,1,36886045582,36886045838,1849,1849,1
1851,1,36886062356,36886062629,1850,1850,1
1852,1,36886079088,36886079347,1851,1851,1
1853,1,36886095613,36886095817,1852,1852,1
1854,1,36886112192,36886112361,1853,1853,1
1855,1,36886128644,36886128815,1854,1854,1
1856,1,36886145318,36886145476,1855,1855,1
1857,1,36886162228,36886162578,1856,1856,1
1858,1,36886178861,36886179028,1857,1857,1
1859,1,36886195539,36886195878,1858,1858,1
1860,1,36886211962,36886212128,1859,1859,1
1861,1,36886228674,36886228856,1860,1860,1
1862,1,36886245374,36886245533,1861,1861,1
1863,1,36886262037,36886262193,1862,1862,1
1864,1,36886278945,36886279300,1863,1863,1
1865,1,36886295373,36886295553,1864,1864,1
1866,1,36886312058,36886312214,1865,1865,1
1867,1,36886328716,36886328877,1866,1866,1
1868,1,36886345398,36886345557,1867,1867,1
1869,1,36886362075,36886362227,1868,1868,1
1870,1,36886378755,36886378911,1869,1869,1
1871,1,36886395709,36886396047,1870,1870,1
1872,1,36886412138,36886412466,1871,1871,1
1873,1,36886428719,36886428894,1872,1872,1
1874,1,36886445474,36886445634,1873,1873,1
1875,1,36886462137,36886462295,1874,1874,1
1876,1,36886478614,36886478772,1875,1875,1
1877,1,36886495525,36886495701,1876,1876,1
1878,1,36886512204,36886512543,1877,1877,1
1879,1,36886528660,36886528880,1878,1878,1
1880,1,36886545383,36886545540,1879,1879,1
1881,1,36886562061,36886562213,1880,1880,1
1882,1,36886578716,36886578874,1881,1881,1
1883,1,36886595377,36886595532,1882,1882,1
1884,1,36886612035,36886612187,1883,1883,1
1885,1,36886629000,36886629337,1884,1884,1
1886,1,36886645643,36886645984,1885,1885,1
1887,1,36886662068,36886662228,1886,1886,1
1888,1,36886678749,36886678903,1887,1887,1
1889,1,36886695425,36886695578,1888,1888,1
1890,1,36886712132,36886712452,1889,1889,1
1891,1,36886728786,36886728945,1890,1890,1
1892,1,36886745468,36886745616,1891,1891,1
1893,1,36886762150,36886762300,1892,1892,1
1894,1,36886778827,36886778980,1893,1893,1
1895,1,36886795506,36886795700,1894,1894,1
1896,1,36886811969,36886812141,1895,1895,1
1897,1,36886828645,36886828802,1896,1896,1
1898,1,36886845315,36886845492,1897,1897,1
1899,1,36886862249,36886862604,1898,1898,1
1900,1,36886878668,36886878831,1899,1899,1
1901,1,36886895342,36886895497,1900,1900,1
1902,1,36886912037,36886912212,1901,1901,1
1903,1,36886928715,36886928870,1902,1902,1
1904,1,36886945379,36886945529,1903,1903,1
1905,1,36886962032,36886962190,1904,1904,1
1906,1,36886978943,36886979168,1905,1905,1
1907,1,36886995672,36886996041,1906,1906,1
1908,1,36887012103,36887012264,1907,1907,1
1909,1,36887028783,36887028939,1908,1908,1
1910,1,36887045491,36887045672,1909,1909,1
1911,1,36887061943,36887062104,1910,1910,1
1912,1,36887078627,36887078782,1911,1911,1
1913,1,36887095304,36887095493,1912,1912,1
1914,1,36887112247,36887112574,1913,1913,1
1915,1,36887128624,36887128788,1914,1914,1
1916,1,36887145304,36887145457,1915,1915,1
1917,1,36887161973,36887162134,1916,1916,1
1918,1,36887178658,36887178820,1917,1917,1
1919,1,36887195341,36887195499,1918,1918,1
1920,1,36887212018,36887212179,1919,1919,1
1921,1,36887228935,36887229273,1920,1920,1
1922,1,36887245642,36887245985,1921,1921,1
1923,1,36887262329,36887262677,1922,1922,1
1924,1,36887278735,36887278906,1923,1923,1
1925,1,36887295416,36887295573,1924,1924,1
1926,1,36887312116,36887312271,1925,1925,1
1927,1,36887328774,36887328943,1926,1926,1
1928,1,36887345740,36887346074,1927,1927,1
1929,1,36887362136,36887362293,1928,1928,1
1930,1,36887378816,36887378976,1929,1929,1
1931,1,36887395495,36887395664,1930,1930,1
1932,1,36887412177,36887412325,1931,1931,1
1933,1,36887428625,36887428780,1932,1932,1
1934,1,36887445314,36887445470,1933,1933,1
1935,1,36887461980,36887462134,1934,1934,1
1936,1,36887478637,36887478788,1935,1935,1
1937,1,36887495301,36887495453,1936,1936,1
1938,1,36887512209,36887512372,1937,1937,1
1939,1,36887528645,36887528817,1938,1938,1
1940,1,36887545350,36887545525,1939,1939,1
1941,1,36887562028,36887562199,1940,1940,1
1942,1,36887578953,36887579167,1941,1941,1
1943,1,36887595787,36887596181,1942,1942,1
1944,1,36887612190,36887612404,1943,1943,1
1945,1,36887628780,36887629020,1944,1944,1
1946,1,36887645792,36887646196,1945,1945,1
1947,1,36887662221,36887662434,1946,1946,1
1948,1,36887678832,36887679006,1947,1947,1
1949,1,36887695511,36887695687,1948,1948,1
1950,1,36887712221,36887712569,1949,1949,1
1951,1,36887728629,36887728791,1950,1950,1
1952,1,36887745316,36887745502,1951,1951,1
1953,1,36887762004,36887762178,1952,1952,1
1954,1,36887778954,36887779295,1953,1953,1
1955,1,36887795337,36887795503,1954,1954,1
1956,1,36887812006,36887812167,1955,1955,1
1957,1,36887828942,36887829280,1956,1956,1
1958,1,36887845614,36887845783,1957,1957,1
1959,1,36887862063,36887862244,1958,1958,1
1960,1,36887878748,36887878918,1959,1959,1
1961,1,36887895422,36887895585,1960,1960,1
1962,1,36887912090,36887912252,1961,1961,1
1963,1,36887928756,36887928924,1962,1962,1
1964,1,36887945509,36887945841,1963,1963,1
1965,1,36887962124,36887962285,1964,1964,1
1966,1,36887978798,36887978950,1965,1965,1
1967,1,36887995478,36887995637,1966,1966,1
1968,1,36888012161,36888012325,1967,1967,1
1969,1,36888028840,36888028999,1968,1968,1
1970,1,36888045521,36888045720,1969,1969,1
1971,1,36888070410,36888070886,1970,1970,1
1972,1,36888079147,36888079406,1971,1971,1
1973,1,36888095665,36888095967,1972,1972,1
1974,1,36888112227,36888112464,1973,1973,1
1975,1,36888128974,36888129218,1974,1974,1
1976,1,36888145474,36888145770,1975,1975,1
1977,1,36888162280,36888162556,1976,1976,1
1978,1,36888178902,36888179153,1977,1977,1
1979,1,36888195417,36888195650,1978,1978,1
1980,1,36888212158,36888212325,1979,1979,1
1981,1,36888228830,36888228996,1980,1980,1
1982,1,36888245500,36888245699,1981,1981,1
1983,1,36888262206,36888262377,1982,1982,1
1984,1,36888278631,36888278804,1983,1983,1
1985,1,36888295343,36888295516,1984,1984,1
1986,1,36888312295,36888312627,1985,1985,1
1987,1,36888328665,36888328829,1986,1986,1
1988,1,36888345347,36888345509,1987,1987,1
1989,1,36888362013,36888362169,1988,1988,1
1990,1,36888378683,36888378857,1989,1989,1
1991,1,36888395363,36888395526,1990,1990,1
1992,1,36888412029,36888412199,1991,1991,1
1993,1,36888428702,36888428868,1992,1992,1
1994,1,36888445621,36888445954,1993,1993,1
1995,1,36888462028,36888462206,1994,1994,1
1996,1,36888478710,36888478866,1995,1995,1
1997,1,36888495387,36888495542,1996,1996,1
1998,1,36888512070,36888512235,1997,1997,1
1999,1,36888528747,36888528923,1998,1998,1
2000,1,36888545494,36888545831,1999,1999,1
2001,1,36888562111,36888562277,2000,2000,1
2002,1,36888578787,36888578949,2001,2001,1
2003,1,36888595467,36888595636,2002,2002,1
2004,1,36888612150,36888612331,2003,2003,1
2005,1,36888628835,36888628992,2004,2004,1
2006,1,36888645496,36888645832,2005,2005,1
2007,1,36888662193,36888662538,2006,2006,1
2008,1,36888678918,36888679243,2007,2007,1
2009,1,36888695313,36888695475,2008,2008,1
2010,1,36888712016,36888712182,2009,2009,1
2011,1,36888728691,36888728851,2010,2010,1
2012,1,36888745357,36888745533,2011,2011,1
2013,1,36888762037,36888762301,2012,2012,1
2014,1,36888778806,36888779029,2013,2013,1
2015,1,36888795534,36888795860,2014,2014,1
2016,1,36888812114,36888812276,2015,2015,1
2017,1,36888828824,36888829150,2016,2016,1
2018,1,36888845439,36888845614,2017,2017,1
2019,1,36888862126,36888862288,2018,2018,1
2020,1,36888878797,36888878955,2019,2019,1
2021,1,36888895494,36888895665,2020,2020,1
2022,1,36888912181,36888912338,2021,2021,1
2023,1,36888928841,36888929016,2022,2022,1
2024,1,36888945519,36888945694,2023,2023,1
2025,1,36888961947,36888962113,2024,2024,1
2026,1,36888978866,36888979023,2025,2025,1
2027,1,36888995526,36888995701,2026,2026,1
2028,1,36889012204,36889012408,2027,2027,1
2029,1,36889028912,36889029271,2028,2028,1
2030,1,36889045527,36889045700,2029,2029,1
2031,1,36889062205,36889062372,2030,2030,1
2032,1,36889078704,36889078875,2031,2031,1
2033,1,36889095393,36889095552,2032,2032,1
2034,1,36889112057,36889112224,2033,2033,1
2035,1,36889128734,36889128891,2034,2034,1
2036,1,36889145661,36889146014,2035,2035,1
2037,1,36889162091,36889162261,2036,2036,1
2038,1,36889178779,36889178938,2037,2037,1
2039,1,36889195441,36889195614,2038,2038,1
2040,1,36889212121,36889212272,2039,2039,1
2041,1,36889228797,36889228970,2040,2040,1
2042,1,36889245474,36889245637,2041,2041,1
2043,1,36889262160,36889262511,2042,2042,1
2044,1,36889278642,36889278845,2043,2043,1
2045,1,36889295365,36889295533,2044,2044,1
2046,1,36889312037,36889312199,2045,2045,1
2047,1,36889328701,36889328862,2046,2046,1
2048,1,36889345366,36889345522,2047,2047,1
2049,1,36889362378,36889362720,2048,2048,1
2050,1,36889378784,36889378991,2049,2049,1
2051,1,36889395510,36889395831,2050,2050,1
2052,1,36889412085,36889412266,2051,2051,1
2053,1,36889428772,36889428934,2052,2052,1
2054,1,36889445442,36889445619,2053,2053,1
2055,1,36889462140,36889462307,2054,2054,1
2056,1,36889478810,36889478975,2055,2055,1
2057,1,36889495478,36889495635,2056,2056,1
2058,1,36889512202,36889512531,2057,2057,1
2059,1,36889528805,36889528964,2058,2058,1
2060,1,36889545492,36889545668,2059,2059,1
2061,1,36889562171,36889562340,2060,2060,1
2062,1,36889578639,36889578805,2061,2061,1
2063,1,36889595330,36889595492,2062,2062,1
2064,1,36889612031,36889612237,2063,2063,1
2065,1,36889628741,36889629016,2064,2064,1
2066,1,36889645521,36889645877,2065,2065,1
2067,1,36889662382,36889662593,2066,2066,1
2068,1,36889678699,36889678875,2067,2067,1
2069,1,36889695419,36889695645,2068,2068,1
2070,1,36889712150,36889712374,2069,2069,1
2071,1,36889728813,36889729082,2070,2070,1
2072,1,36889745591,36889746004,2071,2071,1
2073,1,36889762014,36889762192,2072,2072,1
2074,1,36889778701,36889778890,2073,2073,1
2075,1,36889795394,36889795555,2074,2074,1
2076,1,36889812060,36889812220,2075,2075,1
2077,1,36889828724,36889828878,2076,2076,1
2078,1,36889845381,36889845537,2077,2077,1
2079,1,36889862290,36889862664,2078,2078,1
2080,1,36889878673,36889878849,2079,2079,1
2081,1,36889895352,36889895538,2080,2080,1
2082,1,36889912292,36889912654,2081,2081,1
2083,1,36889928658,36889928843,2082,2082,1
2084,1,36889945597,36889945794,2083,2083,1
2085,1,36889962049,36889962210,2084,2084,1
2086,1,36889978714,36889978938,2085,2085,1
2087,1,36889995692,36889996100,2086,2086,1
2088,1,36890012106,36890012351,2087,2087,1
2089,1,36890028857,36890029038,2088,2088,1
2090,1,36890045544,36890045743,2089,2089,1
2091,1,36890061998,36890062176,2090,2090,1
2092,1,36890078680,36890078855,2091,2091,1
2093,1,36890095609,36890095799,2092,2092,1
2094,1,36890112303,36890112636,2093,2093,1
2095,1,36890128641,36890128827,2094,2094,1
2096,1,36890145582,36890145777,2095,2095,1
2097,1,36890162282,36890162628,2096,2096,1
2098,1,36890178884,36890179076,2097,2097,1
2099,1,36890195579,36890195842,2098,2098,1
2100,1,36890212352,36890212790,2099,2099,1
2101,1,36890229051,36890229445,2100,2100,1
2102,1,36890245455,36890245717,2101,2101,1
2103,1,36890262725,36890263179,2102,2102,1
2104,1,36890278941,36890279177,2103,2103,1
2105,1,36890295438,36890295657,2104,2104,1
2106,1,36890312414,36890312821,2105,2105,1
2107,1,36890328830,36890329011,2106,2106,1
2108,1,36890345517,36890345687,2107,2107,1
2109,1,36890362191,36890362539,2108,2108,1
2110,1,36890378794,36890378965,2109,2109,1
2111,1,36890395469,36890395689,2110,2110,1
2112,1,36890412194,36890412532,2111,2111,1
2113,1,36890428786,36890429118,2112,2112,1
2114,1,36890445370,36890445529,2113,2113,1
2115,1,36890462282,36890462619,2114,2114,1
2116,1,36890478875,36890479203,2115,2115,1
2117,1,36890495457,36890495615,2116,2116,1
2118,1,36890512372,36890512716,2117,2117,1
2119,1,36890528721,36890528888,2118,2118,1
2120,1,36890545391,36890545552,2119,2119,1
2121,1,36890562316,36890562661,2120,2120,1
2122,1,36890578667,36890578841,2121,2121,1
2123,1,36890595595,36890595942,2122,2122,1
2124,1,36890612198,36890612538,2123,2123,1
2125,1,36890628794,36890628961,2124,2124,1
2126,1,36890645465,36890645636,2125,2125,1
2127,1,36890662389,36890662751,2126,2126,1
2128,1,36890679008,36890679360,2127,2127,1
2129,1,36890695365,36890695530,2128,2128,1
2130,1,36890712282,36890712616,2129,2129,1
2131,1,36890728621,36890728798,2130,2130,1
2132,1,36890745301,36890745474,2131,2131,1
2133,1,36890761978,36890762163,2132,2132,1
2134,1,36890778666,36890778853,2133,2133,1
2135,1,36890795357,36890795527,2134,2134,1
2136,1,36890812031,36890812192,2135,2135,1
2137,1,36890828946,36890829283,2136,2136,1
2138,1,36890845539,36890845709,2137,2137,1
2139,1,36890861962,36890862150,2138,2138,1
2140,1,36890878693,36890878863,2139,2139,1
2141,1,36890895367,36890895540,2140,2140,1
2142,1,36890912044,36890912214,2141,2141,1
2143,1,36890928717,36890928881,2142,2142,1
2144,1,36890945634,36890945967,2143,2143,1
2145,1,36890962224,36890962552,2144,2144,1
2146,1,36890978807,36890979146,2145,2145,1
2147,1,36890995400,36890995596,2146,2146,1
2148,1,36891012100,36891012263,2147,2147,1
2149,1,36891028765,36891028930,2148,2148,1
2150,1,36891045434,36891045592,2149,2149,1
2151,1,36891062096,36891062276,2150,2150,1
2152,1,36891078780,36891078941,2151,2151,1
2153,1,36891095443,36891095603,2152,2152,1
2154,1,36891112107,36891112269,2153,2153,1
2155,1,36891128772,36891128926,2154,2154,1
2156,1,36891145429,36891145589,2155,2155,1
2157,1,36891162092,36891162256,2156,2156,1
2158,1,36891178759,36891178919,2157,2157,1
2159,1,36891195672,36891196012,2158,2158,1
2160,1,36891212018,36891212191,2159,2159,1
2161,1,36891228694,36891228858,2160,2160,1
2162,1,36891245361,36891245525,2161,2161,1
2163,1,36891262028,36891262195,2162,2162,1
2164,1,36891278697,36891278863,2163,2163,1
2165,1,36891295367,36891295533,2164,2164,1
2166,1,36891312287,36891312619,2165,2165,1
2167,1,36891328875,36891329043,2166,2166,1
2168,1,36891345297,36891345473,2167,2167,1
2169,1,36891361976,36891362137,2168,2168,1
2170,1,36891378640,36891378801,2169,2169,1
2171,1,36891395304,36891395472,2170,2170,1
2172,1,36891411975,36891412131,2171,2171,1
2173,1,36891428884,36891429218,2172,2172,1
2174,1,36891445473,36891445638,2173,2173,1
2175,1,36891462141,36891462301,2174,2174,1
2176,1,36891478805,36891479137,2175,2175,1
2177,1,36891495389,36891495554,2176,2176,1
2178,1,36891512058,36891512230,2177,2177,1
2179,1,36891528733,36891528912,2178,2178,1
2180,1,36891545664,36891545858,2179,2179,1
2181,1,36891562363,36891562726,2180,2180,1
2182,1,36891578737,36891578905,2181,2181,1
2183,1,36891595408,36891595573,2182,2182,1
2184,1,36891612076,36891612238,2183,2183,1
2185,1,36891628741,36891628905,2184,2184,1
2186,1,36891645408,36891645676,2185,2185,1
2187,1,36891662429,36891662817,2186,2186,1
2188,1,36891678829,36891679162,2187,2187,1
2189,1,36891695416,36891695590,2188,2188,1
2190,1,36891712092,36891712250,2189,2189,1
2191,1,36891728753,36891728910,2190,2190,1
2192,1,36891745414,36891745578,2191,2191,1
2193,1,36891762080,36891762280,2192,2192,1
2194,1,36891778785,36891779002,2193,2193,1
2195,1,36891795508,36891795701,2194,2194,1
2196,1,36891812207,36891812440,2195,2195,1
2197,1,36891828947,36891829218,2196,2196,1
2198,1,36891845477,36891845676,2197,2197,1
2199,1,36891862183,36891862363,2198,2198,1
2200,1,36891878617,36891878789,2199,2199,1
2201,1,36891895542,36891895723,2200,2200,1
2202,1,36891912225,36891912556,2201,2201,1
2203,1,36891928809,36891929002,2202,2202,1
2204,1,36891945507,36891945663,2203,2203,1
2205,1,36891962166,36891962335,2204,2204,1
2206,1,36891978838,36891979003,2205,2205,1
2207,1,36891995257,36891995417,2206,2206,1
2208,1,36892012169,36892012507,2207,2207,1
2209,1,36892029011,36892029357,2208,2208,1
2210,1,36892045613,36892046053,2209,2209,1
2211,1,36892062058,36892062222,2210,2210,1
2212,1,36892078726,36892078884,2211,2211,1
2213,1,36892095388,36892095555,2212,2212,1
2214,1,36892112058,36892112216,2213,2213,1
2215,1,36892128719,36892128883,2214,2214,1
2216,1,36892145636,36892145977,2215,2215,1
2217,1,36892161981,36892162152,2216,2216,1
2218,1,36892178656,36892178819,2217,2217,1
2219,1,36892195572,36892195746,2218,2218,1
2220,1,36892211999,36892212164,2219,2219,1
2221,1,36892228666,36892228829,2220,2220,1
2222,1,36892245332,36892245531,2221,2221,1
2223,1,36892262284,36892262660,2222,2222,1
2224,1,36892278667,36892278866,2223,2223,1
2225,1,36892295622,36892295870,2224,2224,1
2226,1,36892312381,36892312636,2225,2225,1
2227,1,36892328902,36892329161,2226,2226,1
2228,1,36892345672,36892345988,2227,2227,1
2229,1,36892362249,36892362500,2228,2228,1
2230,1,36892379009,36892379273,2229,2229,1
2231,1,36892395533,36892395891,2230,2230,1
2232,1,36892412148,36892412314,2231,2231,1
2233,1,36892428818,36892428982,2232,2232,1
2234,1,36892445486,36892445664,2233,2233,1
2235,1,36892462168,36892462336,2234,2234,1
2236,1,36892478838,36892478995,2235,2235,1
2237,1,36892495498,36892495672,2236,2236,1
2238,1,36892511926,36892512104,2237,2237,1
2239,1,36892528857,36892529023,2238,2238,1
2240,1,36892545527,36892545864,2239,2239,1
2241,1,36892562117,36892562283,2240,2240,1
2242,1,36892578786,36892578948,2241,2241,1
2243,1,36892595452,36892595618,2242,2242,1
2244,1,36892612121,36892612284,2243,2243,1
2245,1,36892629037,36892629386,2244,2244,1
2246,1,36892645391,36892645556,2245,2245,1
2247,1,36892662310,36892662654,2246,2246,1
2248,1,36892678657,36892678828,2247,2247,1
2249,1,36892695331,36892695511,2248,2248,1
2250,1,36892712015,36892712184,2249,2249,1
2251,1,36892728687,36892728851,2250,2250,1
2252,1,36892745355,36892745524,2251,2251,1
2253,1,36892762278,36892762607,2252,2252,1
2254,1,36892778862,36892779022,2253,2253,1
2255,1,36892795525,36892795701,2254,2254,1
2256,1,36892812205,36892812376,2255,2255,1
2257,1,36892828635,36892828796,2256,2256,1
2258,1,36892845300,36892845465,2257,2257,1
2259,1,36892862218,36892862583,2258,2258,1
2260,1,36892878841,36892879017,2259,2259,1
2261,1,36892895272,36892895457,2260,2260,1
2262,1,36892911962,36892912143,2261,2261,1
2263,1,36892928646,36892928808,2262,2262,1
2264,1,36892945312,36892945472,2263,2263,1
2265,1,36892961975,36892962149,2264,2264,1
2266,1,36892978905,36892979093,2265,2265,1
2267,1,36892995596,36892995944,2266,2266,1
2268,1,36893011949,36893012130,2267,2267,1
2269,1,36893028634,36893028796,2268,2268,1
2270,1,36893045299,36893045462,2269,2269,1
2271,1,36893061966,36893062125,2270,2270,1
2272,1,36893078878,36893079201,2271,2271,1
2273,1,36893095704,36893096120,2272,2272,1
2274,1,36893112374,36893112728,2273,2273,1
2275,1,36893128984,36893129355,2274,2274,1
2276,1,36893145358,36893145529,2275,2275,1
2277,1,36893162033,36893162193,2276,2276,1
2278,1,36893178697,36893178852,2277,2277,1
2279,1,36893195355,36893195548,2278,2278,1
2280,1,36893212052,36893212223,2279,2279,1
2281,1,36893228726,36893228889,2280,2280,1
2282,1,36893245392,36893245550,2281,2281,1
2283,1,36893262055,36893262271,2282,2282,1
2284,1,36893278778,36893278948,2283,2283,1
2285,1,36893295453,36893295618,2284,2284,1
2286,1,36893312121,36893312278,2285,2285,1
2287,1,36893328782,36893328946,2286,2286,1
2288,1,36893345700,36893346057,2287,2287,1
2289,1,36893362062,36893362233,2288,2288,1
2290,1,36893378738,36893378902,2289,2289,1
2291,1,36893395406,36893395567,2290,2290,1
2292,1,36893412071,36893412227,2291,2291,1
2293,1,36893428731,36893428899,2292,2292,1
2294,1,36893445403,36893445564,2293,2293,1
2295,1,36893462318,36893462673,2294,2294,1
2296,1,36893478678,36893478857,2295,2295,1
2297,1,36893495361,36893495526,2296,2296,1
2298,1,36893512030,36893512204,2297,2297,1
2299,1,36893528959,36893529194,2298,2298,1
2300,1,36893545453,36893545732,2299,2299,1
2301,1,36893561991,36893562218,2300,2300,1
2302,1,36893578976,36893579253,2301,2301,1
2303,1,36893595763,36893596154,2302,2302,1
2304,1,36893612165,36893612517,2303,2303,1
2305,1,36893628781,36893628955,2304,2304,1
2306,1,36893645460,36893645631,2305,2305,1
2307,1,36893662384,36893662794,2306,2306,1
2308,1,36893678801,36893678969,2307,2307,1
2309,1,36893695473,36893695669,2308,2308,1
2310,1,36893712176,36893712507,2309,2309,1
2311,1,36893728763,36893728936,2310,2310,1
2312,1,36893745440,36893745600,2311,2311,1
2313,1,36893762104,36893762260,2312,2312,1
2314,1,36893778766,36893778922,2313,2313,1
2315,1,36893795426,36893795591,2314,2314,1
2316,1,36893812095,36893812259,2315,2315,1
2317,1,36893829012,36893829370,2316,2316,1
2318,1,36893845626,36893845829,2317,2317,1
2319,1,36893862084,36893862305,2318,2318,1
2320,1,36893878813,36893879011,2319,2319,1
2321,1,36893895516,36893895712,2320,2320,1
2322,1,36893912218,36893912506,2321,2321,1
2323,1,36893928771,36893929035,2322,2322,1
2324,1,36893945543,36893945713,2323,2323,1
2325,1,36893962219,36893962390,2324,2324,1
2326,1,36893978646,36893978826,2325,2325,1
2327,1,36893995330,36893995513,2326,2326,1
2328,1,36894012272,36894012477,2327,2327,1
2329,1,36894028735,36894028917,2328,2328,1
2330,1,36894045423,36894045598,2329,2329,1
2331,1,36894062353,36894062728,2330,2330,1
2332,1,36894078747,36894078921,2331,2331,1
2333,1,36894095427,36894095596,2332,2332,1
2334,1,36894112102,36894112280,2333,2333,1
2335,1,36894128784,36894129112,2334,2334,1
2336,1,36894145367,36894145539,2335,2335,1
2337,1,36894162044,36894162204,2336,2336,1
2338,1,36894178708,36894178916,2337,2337,1
2339,1,36894195669,36894196035,2338,2338,1
2340,1,36894212039,36894212212,2339,2339,1
2341,1,36894228716,36894228882,2340,2340,1
2342,1,36894245386,36894245551,2341,2341,1
2343,1,36894262054,36894262210,2342,2342,1
2344,1,36894278714,36894278879,2343,2343,1
2345,1,36894295383,36894295583,2344,2344,1
2346,1,36894312336,36894312682,2345,2345,1
2347,1,36894328686,36894328860,2346,2346,1
2348,1,36894345364,36894345532,2347,2347,1
2349,1,36894362286,36894362471,2348,2348,1
2350,1,36894378726,36894378934,2349,2349,1
2351,1,36894395689,36894395957,2350,2350,1
2352,1,36894412216,36894412493,2351,2351,1
2353,1,36894429002,36894429445,2352,2352,1
2354,1,36894445705,36894446001,2353,2353,1
2355,1,36894462215,36894462465,2354,2354,1
2356,1,36894478834,36894479014,2355,2355,1
2357,1,36894495518,36894495695,2356,2356,1
2358,1,36894512198,36894512364,2357,2357,1
2359,1,36894528617,36894528807,2358,2358,1
2360,1,36894545559,36894545914,2359,2359,1
2361,1,36894562170,36894562345,2360,2360,1
2362,1,36894578851,36894579020,2361,2361,1
2363,1,36894595525,36894595704,2362,2362,1
2364,1,36894612208,36894612401,2363,2363,1
2365,1,36894628906,36894629098,2364,2364,1
2366,1,36894645352,36894645531,2365,2365,1
2367,1,36894662284,36894662634,2366,2366,1
2368,1,36894678888,36894679215,2367,2367,1
2369,1,36894695472,36894695789,2368,2368,1
2370,1,36894712042,36894712206,2369,2369,1
2371,1,36894728709,36894728864,2370,2370,1
2372,1,36894745366,36894745520,2371,2371,1
2373,1,36894762023,36894762192,2372,2372,1
2374,1,36894778944,36894779211,2373,2373,1
2375,1,36894795466,36894795791,2374,2374,1
2376,1,36894812044,36894812222,2375,2375,1
2377,1,36894828725,36894828882,2376,2376,1
2378,1,36894845384,36894845547,2377,2377,1
2379,1,36894862050,36894862243,2378,2378,1
2380,1,36894878747,36894878920,2379,2379,1
2381,1,36894895422,36894895582,2380,2380,1
2382,1,36894912335,36894912711,2381,2381,1
2383,1,36894928714,36894928871,2382,2382,1
2384,1,36894945373,36894945528,2383,2383,1
2385,1,36894962030,36894962179,2384,2384,1
2386,1,36894978681,36894978846,2385,2385,1
2387,1,36894995351,36894995510,2386,2386,1
2388,1,36895012012,36895012178,2387,2387,1
2389,1,36895028930,36895029263,2388,2388,1
2390,1,36895045267,36895045421,2389,2389,1
2391,1,36895061925,36895062094,2390,2390,1
2392,1,36895078597,36895078760,2391,2391,1
2393,1,36895095293,36895095458,2392,2392,1
2394,1,36895111965,36895112127,2393,2393,1
2395,1,36895128880,36895129211,2394,2394,1
2396,1,36895145465,36895145794,2395,2395,1
2397,1,36895162298,36895162680,2396,2396,1
2398,1,36895178933,36895179261,2397,2397,1
2399,1,36895195515,36895195854,2398,2398,1
2400,1,36895212107,36895212282,2399,2399,1
2401,1,36895228784,36895229113,2400,2400,1
2402,1,36895245366,36895245533,2401,2401,1
2403,1,36895262036,36895262187,2402,2402,1
2404,1,36895278939,36895279281,2403,2403,1
2405,1,36895295284,36895295448,2404,2404,1
2406,1,36895312201,36895312361,2405,2405,1
2407,1,36895328864,36895329193,2406,2406,1
2408,1,36895345446,36895345608,2407,2407,1
2409,1,36895362111,36895362264,2408,2408,1
2410,1,36895378766,36895379084,2409,2409,1
2411,1,36895395337,36895395501,2410,2410,1
2412,1,36895412003,36895412165,2411,2411,1
2413,1,36895428918,36895429243,2412,2412,1
2414,1,36895445496,36895445670,2413,2413,1
2415,1,36895461923,36895462093,2414,2414,1
2416,1,36895478846,36895479176,2415,2415,1
2417,1,36895495429,36895495590,2416,2416,1
2418,1,36895512342,36895512677,2417,2417,1
2419,1,36895528930,36895529254,2418,2418,1
2420,1,36895545256,36895545435,2419,2419,1
2421,1,36895561937,36895562115,2420,2420,1
2422,1,36895578867,36895579204,2421,2421,1
2423,1,36895595456,36895595613,2422,2422,1
2424,1,36895612179,36895612377,2423,2423,1
2425,1,36895628980,36895629343,2424,2424,1
2426,1,36895645349,36895645522,2425,2425,1
2427,1,36895662274,36895662616,2426,2426,1
2428,1,36895678869,36895679216,2427,2427,1
2429,1,36895695473,36895695638,2428,2428,1
2430,1,36895712140,36895712307,2429,2429,1
2431,1,36895728810,36895729145,2430,2430,1
2432,1,36895745648,36895745995,2431,2431,1
2433,1,36895761998,36895762177,2432,2432,1
2434,1,36895778680,36895778833,2433,2433,1
2435,1,36895795335,36895795494,2434,2434,1
2436,1,36895811995,36895812153,2435,2435,1
2437,1,36895828655,36895828812,2436,2436,1
2438,1,36895845314,36895845472,2437,2437,1
2439,1,36895861973,36895862157,2438,2438,1
2440,1,36895878910,36895879255,2439,2439,1
2441,1,36895895259,36895895434,2440,2440,1
2442,1,36895911936,36895912098,2441,2441,1
2443,1,36895928850,36895929041,2442,2442,1
2444,1,36895945543,36895945736,2443,2443,1
2445,1,36895962242,36895962467,2444,2444,1
2446,1,36895978722,36895978937,2445,2445,1
2447,1,36895996692,36895997157,2446,2446,1
2448,1,36896012182,36896012404,2447,2447,1
2449,1,36896028664,36896028848,2448,2448,1
2450,1,36896045352,36896045533,2449,2449,1
2451,1,36896062035,36896062204,2450,2450,1
2452,1,36896078707,36896078876,2451,2451,1
2453,1,36896095378,36896095538,2452,2452,1
2454,1,36896112040,36896112198,2453,2453,1
2455,1,36896128700,36896128861,2454,2454,1
2456,1,36896145363,36896145523,2455,2455,1
2457,1,36896162024,36896162184,2456,2456,1
2458,1,36896178686,36896178844,2457,2457,1
2459,1,36896195346,36896195504,2458,2458,1
2460,1,36896212006,36896212167,2459,2459,1
2461,1,36896228919,36896229284,2460,2460,1
2462,1,36896245287,36896245462,2461,2461,1
2463,1,36896262214,36896262534,2462,2462,1
2464,1,36896278786,36896278946,2463,2463,1
2465,1,36896295449,36896295619,2464,2464,1
2466,1,36896312120,36896312278,2465,2465,1
2467,1,36896328780,36896328939,2466,2466,1
2468,1,36896345691,36896346046,2467,2467,1
2469,1,36896362050,36896362245,2468,2468,1
2470,1,36896378749,36896378926,2469,2469,1
2471,1,36896395448,36896395615,2470,2470,1
2472,1,36896412118,36896412287,2471,2471,1
2473,1,36896428790,36896428949,2472,2472,1
2474,1,36896445451,36896445604,2473,2473,1
2475,1,36896462108,36896462330,2474,2474,1
2476,1,36896478951,36896479368,2475,2475,1
2477,1,36896495494,36896495775,2476,2476,1
2478,1,36896512161,36896512409,2477,2477,1
2479,1,36896529017,36896529313,2478,2478,1
2480,1,36896545594,36896545863,2479,2479,1
2481,1,36896562375,36896562618,2480,2480,1
2482,1,36896578875,36896579128,2481,2481,1
2483,1,36896595635,36896595979,2482,2482,1
2484,1,36896612235,36896612418,2483,2483,1
2485,1,36896628670,36896628850,2484,2484,1
2486,1,36896645353,36896645526,2485,2485,1
2487,1,36896662278,36896662619,2486,2486,1
2488,1,36896678872,36896679050,2487,2487,1
2489,1,36896695552,36896695731,2488,2488,1
2490,1,36896712234,36896712586,2489,2489,1
2491,1,36896728840,36896729015,2490,2490,1
2492,1,36896745519,36896745689,2491,2491,1
2493,1,36896761941,36896762113,2492,2492,1
2494,1,36896778865,36896779193,2493,2493,1
2495,1,36896795444,36896795609,2494,2494,1
2496,1,36896812110,36896812287,2495,2495,1
2497,1,36896828790,36896828954,2496,2496,1
2498,1,36896845456,36896845616,2497,2497,1
2499,1,36896862118,36896862286,2498,2498,1
2500,1,36896878788,36896878944,2499,2499,1
2501,1,36896895446,36896895597,2500,2500,1
2502,1,36896912101,36896912290,2501,2501,1
2503,1,36896928799,36896928967,2502,2502,1
2504,1,36896945719,36896946054,2503,2503,1
2505,1,36896962057,36896962240,2504,2504,1
2506,1,36896978743,36896978910,2505,2505,1
2507,1,36896995412,36896995576,2506,2506,1
2508,1,36897012078,36897012247,2507,2507,1
2509,1,36897028759,36897028923,2508,2508,1
2510,1,36897045425,36897045586,2509,2509,1
2511,1,36897062088,36897062421,2510,2510,1
2512,1,36897078675,36897078850,2511,2511,1
2513,1,36897095352,36897095518,2512,2512,1
2514,1,36897112019,36897112178,2513,2513,1
2515,1,36897128680,36897128846,2514,2514,1
2516,1,36897145348,36897145509,2515,2515,1
2517,1,36897162010,36897162161,2516,2516,1
2518,1,36897178913,36897179090,2517,2517,1
2519,1,36897195592,36897195945,2518,2518,1
2520,1,36897211990,36897212174,2519,2519,1
2521,1,36897228678,36897228847,2520,2520,1
2522,1,36897245350,36897245521,2521,2521,1
2523,1,36897262024,36897262179,2522,2522,1
2524,1,36897278681,36897278888,2523,2523,1
2525,1,36897295391,36897295570,2524,2524,1
2526,1,36897312322,36897312666,2525,2525,1
2527,1,36897328668,36897328840,2526,2526,1
2528,1,36897345342,36897345506,2527,2527,1
2529,1,36897362008,36897362170,2528,2528,1
2530,1,36897378672,36897378823,2529,2529,1
2531,1,36897395325,36897395488,2530,2530,1
2532,1,36897412240,36897412400,2531,2531,1
2533,1,36897428901,36897429234,2532,2532,1
2534,1,36897445486,36897445648,2533,2533,1
2535,1,36897462150,36897462320,2534,2534,1
2536,1,36897478822,36897478988,2535,2535,1
2537,1,36897495490,36897495652,2536,2536,1
2538,1,36897512154,36897512317,2537,2537,1
2539,1,36897528819,36897528968,2538,2538,1
2540,1,36897545470,36897545629,2539,2539,1
2541,1,36897562131,36897562305,2540,2540,1
2542,1,36897578807,36897578965,2541,2541,1
2543,1,36897595467,36897595632,2542,2542,1
2544,1,36897612134,36897612295,2543,2543,1
2545,1,36897628797,36897628966,2544,2544,1
2546,1,36897645469,36897645631,2545,2545,1
2547,1,36897662383,36897662738,2546,2546,1
2548,1,36897678991,36897679326,2547,2547,1
2549,1,36897695329,36897695494,2548,2548,1
2550,1,36897711996,36897712165,2549,2549,1
2551,1,36897728667,36897728829,2550,2550,1
2552,1,36897745331,36897745494,2551,2551,1
2553,1,36897761996,36897762161,2552,2552,1
2554,1,36897778913,36897779108,2553,2553,1
2555,1,36897795611,36897795969,2554,2554,1
2556,1,36897812223,36897812398,2555,2555,1
2557,1,36897828651,36897828813,2556,2556,1
2558,1,36897845565,36897845889,2557,2557,1
2559,1,36897862141,36897862323,2558,2558,1
2560,1,36897878826,36897878989,2559,2559,1
2561,1,36897895492,36897895670,2560,2560,1
2562,1,36897912172,36897912499,2561,2561,1
2563,1,36897928751,36897928909,2562,2562,1
2564,1,36897945411,36897945574,2563,2563,1
2565,1,36897962076,36897962236,2564,2564,1
2566,1,36897978738,36897978900,2565,2565,1
2567,1,36897995402,36897995566,2566,2566,1
2568,1,36898012068,36898012260,2567,2567,1
2569,1,36898029013,36898029401,2568,2568,1
2570,1,36898045411,36898045618,2569,2569,1
2571,1,36898062132,36898062358,2570,2570,1
2572,1,36898078865,36898079072,2571,2571,1
2573,1,36898095581,36898095839,2572,2572,1
2574,1,36898112164,36898112360,2573,2573,1
2575,1,36898128865,36898129033,2574,2574,1
2576,1,36898145537,36898145882,2575,2575,1
2577,1,36898162136,36898162316,2576,2576,1
2578,1,36898178820,36898178982,2577,2577,1
2579,1,36898195485,36898195648,2578,2578,1
2580,1,36898212149,36898212326,2579,2579,1
2581,1,36898228828,36898228993,2580,2580,1
2582,1,36898245495,36898245655,2581,2581,1
2583,1,36898262157,36898262321,2582,2582,1
2584,1,36898278824,36898278985,2583,2583,1
2585,1,36898295487,36898295646,2584,2584,1
2586,1,36898312147,36898312313,2585,2585,1
2587,1,36898328815,36898328978,2586,2586,1
2588,1,36898345480,36898345640,2587,2587,1
2589,1,36898362142,36898362313,2588,2588,1
2590,1,36898379065,36898379435,2589,2589,1
2591,1,36898395473,36898395817,2590,2590,1
2592,1,36898412157,36898412334,2591,2591,1
2593,1,36898428671,36898428838,2592,2592,1
2594,1,36898445341,36898445516,2593,2593,1
2595,1,36898462019,36898462181,2594,2594,1
2596,1,36898478682,36898478849,2595,2595,1
2597,1,36898495350,36898495531,2596,2596,1
2598,1,36898512283,36898512628,2597,2597,1
2599,1,36898528882,36898529047,2598,2598,1
2600,1,36898545299,36898545455,2599,2599,1
2601,1,36898562208,36898562441,2600,2600,1
2602,1,36898578947,36898579192,2601,2601,1
2603,1,36898595701,36898595959,2602,2602,1
2604,1,36898612484,36898612765,2603,2603,1
2605,1,36898629023,36898629455,2604,2604,1
2606,1,36898645578,36898645850,2605,2605,1
2607,1,36898662364,36898662747,2606,2606,1
2608,1,36898678795,36898678981,2607,2607,1
2609,1,36898695487,36898695659,2608,2608,1
2610,1,36898712162,36898712339,2609,2609,1
2611,1,36898728592,36898728769,2610,2610,1
2612,1,36898745521,36898745870,2611,2611,1
2613,1,36898762124,36898762288,2612,2612,1
2614,1,36898778790,36898778943,2613,2613,1
2615,1,36898795445,36898795610,2614,2614,1
2616,1,36898812113,36898812276,2615,2615,1
2617,1,36898828778,36898828937,2616,2616,1
2618,1,36898845438,36898845599,2617,2617,1
2619,1,36898862351,36898862742,2618,2618,1
2620,1,36898878749,36898878928,2619,2619,1
2621,1,36898895431,36898895600,2620,2620,1
2622,1,36898912353,36898912697,2621,2621,1
2623,1,36898928699,36898928859,2622,2622,1
2624,1,36898945361,36898945531,2623,2623,1
2625,1,36898962033,36898962195,2624,2624,1
2626,1,36898978697,36898978863,2625,2625,1
2627,1,36898995365,36898995523,2626,2626,1
2628,1,36899012275,36899012491,2627,2627,1
2629,1,36899028745,36899028935,2628,2628,1
2630,1,36899045439,36899045607,2629,2629,1
2631,1,36899062109,36899062279,2630,2630,1
2632,1,36899078781,36899078941,2631,2631,1
2633,1,36899095443,36899095692,2632,2632,1
2634,1,36899112196,36899112535,2633,2633,1
2635,1,36899128788,36899128958,2634,2634,1
2636,1,36899145460,36899145627,2635,2635,1
2637,1,36899162130,36899162297,2636,2636,1
2638,1,36899178799,36899178951,2637,2637,1
2639,1,36899195453,36899195618,2638,2638,1
2640,1,36899212120,36899212286,2639,2639,1
2641,1,36899229038,36899229389,2640,2640,1
2642,1,36899245391,36899245558,2641,2641,1
2643,1,36899262061,36899262216,2642,2642,1
2644,1,36899278718,36899278876,2643,2643,1
2645,1,36899295378,36899295531,2644,2644,1
2646,1,36899312033,36899312188,2645,2645,1
2647,1,36899328690,36899328856,2646,2646,1
2648,1,36899345608,36899345944,2647,2647,1
2649,1,36899361947,36899362108,2648,2648,1
2650,1,36899378610,36899378771,2649,2649,1
2651,1,36899395272,36899395424,2650,2650,1
2652,1,36899411926,36899412124,2651,2651,1
2653,1,36899428876,36899429202,2652,2652,1
2654,1,36899445455,36899445623,2653,2653,1
2655,1,36899462125,36899462336,2654,2654,1
2656,1,36899478840,36899479177,2655,2655,1
2657,1,36899495430,36899495629,2656,2656,1
2658,1,36899512132,36899512305,2657,2657,1
2659,1,36899528807,36899528967,2658,2658,1
2660,1,36899545469,36899545623,2659,2659,1
2661,1,36899562125,36899562293,2660,2660,1
2662,1,36899578796,36899579024,2661,2661,1
2663,1,36899595528,36899595864,2662,2662,1
2664,1,36899612118,36899612315,2663,2663,1
2665,1,36899628817,36899629010,2664,2664,1
2666,1,36899645514,36899645683,2665,2665,1
2667,1,36899662185,36899662514,2666,2666,1
2668,1,36899678766,36899678930,2667,2667,1
2669,1,36899695432,36899695600,2668,2668,1
2670,1,36899712104,36899712271,2669,2669,1
2671,1,36899728774,36899728920,2670,2670,1
2672,1,36899745422,36899745586,2671,2671,1
2673,1,36899762088,36899762266,2672,2672,1
2674,1,36899778771,36899778939,2673,2673,1
2675,1,36899795441,36899795599,2674,2674,1
2676,1,36899812101,36899812269,2675,2675,1
2677,1,36899829021,36899829376,2676,2676,1
2678,1,36899845379,36899845543,2677,2677,1
2679,1,36899862045,36899862240,2678,2678,1
2680,1,36899878743,36899878913,2679,2679,1
2681,1,36899895416,36899895580,2680,2680,1
2682,1,36899912082,36899912256,2681,2681,1
2683,1,36899928759,36899928919,2682,2682,1
2684,1,36899945672,36899946035,2683,2683,1
2685,1,36899962288,36899962625,2684,2684,1
2686,1,36899978627,36899978796,2685,2685,1
2687,1,36899995298,36899995451,2686,2686,1
2688,1,36900012660,36900013105,2687,2687,1
2689,1,36900028928,36900029247,2688,2688,1
2690,1,36900046470,36900046960,2689,2689,1
2691,1,36900062595,36900063059,2690,2690,1
2692,1,36900079070,36900079446,2691,2691,1
2693,1,36900095454,36900095691,2692,2692,1
2694,1,36900112199,36900112443,2693,2693,1
2695,1,36900128952,36900129317,2694,2694,1
2696,1,36900145829,36900146273,2695,2695,1
2697,1,36900162286,36900162575,2696,2696,1
2698,1,36900179087,36900179391,2697,2697,1
2699,1,36900195907,36900196325,2698,2698,1
2700,1,36900212335,36900212571,2699,2699,1
2701,1,36900229078,36900229458,2700,2700,1
2702,1,36900245718,36900246125,2701,2701,1
2703,1,36900262133,36900262364,2702,2702,1
2704,1,36900279120,36900279411,2703,2703,1
2705,1,36900295667,36900296044,2704,2704,1
2706,1,36900312300,36900312608,2705,2705,1
2707,1,36900329116,36900329595,2706,2706,1
2708,1,36900345604,36900346047,2707,2707,1
2709,1,36900362559,36900363070,2708,2708,1
2710,1,36900379335,36900379900,2709,2709,1
2711,1,36900396167,36900396577,2710,2710,1
2712,1,36900412335,36900412559,2711,2711,1
2713,1,36900429066,36900429384,2712,2712,1
2714,1,36900446146,36900446714,2713,2713,1
2715,1,36900462475,36900462780,2714,2714,1
2716,1,36900479044,36900479327,2715,2715,1
2717,1,36900495588,36900496001,2716,2716,1
2718,1,36900512259,36900512610,2717,2717,1
2719,1,36900528867,36900529103,2718,2718,1
2720,1,36900545609,36900546127,2719,2719,1
2721,1,36900562134,36900562465,2720,2720,1
2722,1,36900578967,36900579190,2721,2721,1
2723,1,36900595695,36900596063,2722,2722,1
2724,1,36900612067,36900612262,2723,2723,1
2725,1,36900628765,36900628971,2724,2724,1
2726,1,36900645726,36900646120,2725,2725,1
2727,1,36900662374,36900662813,2726,2726,1
2728,1,36900679075,36900679528,2727,2727,1
2729,1,36900695538,36900695990,2728,2728,1
2730,1,36900712255,36900712543,2729,2729,1
2731,1,36900729052,36900729360,2730,2730,1
2732,1,36900745871,36900746274,2731,2731,1
2733,1,36900762034,36900762220,2732,2732,1
2734,1,36900778974,36900779191,2733,2733,1
2735,1,36900795695,36900796064,2734,2734,1
2736,1,36900812068,36900812242,2735,2735,1
2737,1,36900828747,36900828933,2736,2736,1
2738,1,36900845436,36900845606,2737,2737,1
2739,1,36900862108,36900862299,2738,2738,1
2740,1,36900878837,36900879005,2739,2739,1
2741,1,36900895507,36900895672,2740,2740,1
2742,1,36900912174,36900912370,2741,2741,1
2743,1,36900928873,36900929209,2742,2742,1
2744,1,36900945463,36900945629,2743,2743,1
2745,1,36900962132,36900962292,2744,2744,1
2746,1,36900978793,36900978960,2745,2745,1
2747,1,36900995462,36900995620,2746,2746,1
2748,1,36901012121,36901012324,2747,2747,1
2749,1,36901028830,36901029054,2748,2748,1
2750,1,36901045560,36901045944,2749,2749,1
2751,1,36901062203,36901062444,2750,2750,1
2752,1,36901078702,36901078887,2751,2751,1
2753,1,36901095391,36901095581,2752,2752,1
2754,1,36901112085,36901112270,2753,2753,1
2755,1,36901128773,36901128966,2754,2754,1
2756,1,36901145469,36901145643,2755,2755,1
2757,1,36901162146,36901162324,2756,2756,1
2758,1,36901178826,36901179018,2757,2757,1
2759,1,36901195521,36901195698,2758,2758,1
2760,1,36901212201,36901212376,2759,2759,1
2761,1,36901228879,36901229044,2760,2760,1
2762,1,36901245297,36901245473,2761,2761,1
2763,1,36901262225,36901262415,2762,2762,1
2764,1,36901278917,36901279257,2763,2763,1
2765,1,36901295510,36901295683,2764,2764,1
2766,1,36901312185,36901312349,2765,2765,1
2767,1,36901328601,36901328778,2766,2766,1
2768,1,36901345531,36901345696,2767,2767,1
2769,1,36901361948,36901362111,2768,2768,1
2770,1,36901378863,36901379070,2769,2769,1
2771,1,36901395573,36901395914,2770,2770,1
2772,1,36901412170,36901412341,2771,2771,1
2773,1,36901428593,36901428788,2772,2772,1
2774,1,36901445294,36901445454,2773,2773,1
2775,1,36901461957,36901462106,2774,2774,1
2776,1,36901478858,36901479024,2775,2775,1
2777,1,36901495526,36901495679,2776,2776,1
2778,1,36901512181,36901512525,2777,2777,1
2779,1,36901528778,36901528945,2778,2778,1
2780,1,36901545447,36901545742,2779,2779,1
2781,1,36901562244,36901562587,2780,2780,1
2782,1,36901578839,36901579014,2781,2781,1
2783,1,36901595516,36901595685,2782,2782,1
2784,1,36901611937,36901612103,2783,2783,1
2785,1,36901628854,36901629191,2784,2784,1
2786,1,36901645444,36901645615,2785,2785,1
2787,1,36901662117,36901662445,2786,2786,1
2788,1,36901678697,36901678864,2787,2787,1
2789,1,36901695366,36901695528,2788,2788,1
2790,1,36901712030,36901712186,2789,2789,1
2791,1,36901728688,36901728849,2790,2790,1
2792,1,36901745601,36901745937,2791,2791,1
2793,1,36901762190,36901762354,2792,2792,1
2794,1,36901778607,36901778776,2793,2793,1
2795,1,36901795278,36901795443,2794,2794,1
2796,1,36901811945,36901812121,2795,2795,1
2797,1,36901828623,36901828776,2796,2796,1
2798,1,36901845280,36901845435,2797,2797,1
2799,1,36901862188,36901862388,2798,2798,1
2800,1,36901878643,36901878826,2799,2799,1
2801,1,36901895330,36901895508,2800,2800,1
2802,1,36901912012,36901912186,2801,2801,1
2803,1,36901928689,36901928846,2802,2802,1
2804,1,36901945348,36901945515,2803,2803,1
2805,1,36901962017,36901962175,2804,2804,1
2806,1,36901978677,36901978859,2805,2805,1
2807,1,36901995611,36901995964,2806,2806,1
2808,1,36902011968,36902012141,2807,2807,1
2809,1,36902028644,36902028807,2808,2808,1
2810,1,36902045559,36902045748,2809,2809,1
2811,1,36902062252,36902062412,2810,2810,1
2812,1,36902078914,36902079256,2811,2811,1
2813,1,36902095508,36902095695,2812,2812,1
2814,1,36902112198,36902112368,2813,2813,1
2815,1,36902128871,36902129201,2814,2814,1
2816,1,36902145454,36902145624,2815,2815,1
2817,1,36902162127,36902162292,2816,2816,1
2818,1,36902178794,36902178953,2817,2817,1
2819,1,36902195455,36902195616,2818,2818,1
2820,1,36902212119,36902212331,2819,2819,1
2821,1,36902229086,36902229497,2820,2820,1
2822,1,36902245510,36902245745,2821,2821,1
2823,1,36902262253,36902262491,2822,2822,1
2824,1,36902278999,36902279278,2823,2823,1
2825,1,36902295538,36902295718,2824,2824,1
2826,1,36902311972,36902312149,2825,2825,1
2827,1,36902328902,36902329082,2826,2826,1
2828,1,36902345585,36902345937,2827,2827,1
2829,1,36902362192,36902362364,2828,2828,1
2830,1,36902378866,36902379207,2829,2829,1
2831,1,36902395460,36902395623,2830,2830,1
2832,1,36902412125,36902412286,2831,2831,1
2833,1,36902428788,36902428952,2832,2832,1
2834,1,36902445454,36902445617,2833,2833,1
2835,1,36902462619,36902462987,2834,2834,1
2836,1,36902478993,36902479281,2835,2835,1
2837,1,36902495544,36902495855,2836,2836,1
2838,1,36902512373,36902512664,2837,2837,1
2839,1,36902528923,36902529170,2838,2838,1
2840,1,36902545433,36902545635,2839,2839,1
2841,1,36902562141,36902562339,2840,2840,1
2842,1,36902578846,36902579024,2841,2841,1
2843,1,36902595527,36902595694,2842,2842,1
2844,1,36902612197,36902612537,2843,2843,1
2845,1,36902628790,36902628959,2844,2844,1
2846,1,36902645461,36902645633,2845,2845,1
2847,1,36902662135,36902662470,2846,2846,1
2848,1,36902678723,36902678902,2847,2847,1
2849,1,36902695406,36902695602,2848,2848,1
2850,1,36902712355,36902712766,2849,2849,1
2851,1,36902728773,36902728991,2850,2850,1
2852,1,36902745497,36902745706,2851,2851,1
2853,1,36902762211,36902762443,2852,2852,1
2854,1,36902778951,36902779264,2853,2853,1
2855,1,36902795525,36902795779,2854,2854,1
2856,1,36902812289,36902812568,2855,2855,1
2857,1,36902829106,36902829537,2856,2856,1
2858,1,36902845548,36902845732,2857,2857,1
2859,1,36902862235,36902862422,2858,2858,1
2860,1,36902878675,36902878850,2859,2859,1
2861,1,36902895352,36902895523,2860,2860,1
2862,1,36902912025,36902912198,2861,2861,1
2863,1,36902928699,36902928866,2862,2862,1
2864,1,36902945619,36902945965,2863,2863,1
2865,1,36902961968,36902962151,2864,2864,1
2866,1,36902978655,36902978834,2865,2865,1
2867,1,36902995338,36902995512,2866,2866,1
2868,1,36903012265,36903012453,2867,2867,1
2869,1,36903028956,36903029141,2868,2868,1
2870,1,36903045394,36903045571,2869,2869,1
2871,1,36903062823,36903063313,2870,2870,1
2872,1,36903078817,36903079150,2871,2871,1
2873,1,36903095404,36903095579,2872,2872,1
2874,1,36903112081,36903112241,2873,2873,1
2875,1,36903128743,36903128928,2874,2874,1
2876,1,36903145680,36903146028,2875,2875,1
2877,1,36903162031,36903162201,2876,2876,1
2878,1,36903178702,36903178897,2877,2877,1
2879,1,36903195650,36903195997,2878,2878,1
2880,1,36903212000,36903212190,2879,2879,1
2881,1,36903228693,36903228871,2880,2880,1
2882,1,36903245373,36903245567,2881,2881,1
2883,1,36903262069,36903262281,2882,2882,1
2884,1,36903278784,36903279018,2883,2883,1
2885,1,36903295523,36903295696,2884,2884,1
2886,1,36903312198,36903312368,2885,2885,1
2887,1,36903328870,36903329042,2886,2886,1
2888,1,36903345544,36903345714,2887,2887,1
2889,1,36903361967,36903362137,2888,2888,1
2890,1,36903378639,36903378799,2889,2889,1
2891,1,36903395551,36903395701,2890,2890,1
2892,1,36903411961,36903412115,2891,2891,1
2893,1,36903428867,36903429210,2892,2892,1
2894,1,36903445464,36903445634,2893,2893,1
2895,1,36903462137,36903462299,2894,2894,1
2896,1,36903478801,36903478952,2895,2895,1
2897,1,36903495454,36903495606,2896,2896,1
2898,1,36903512108,36903512270,2897,2897,1
2899,1,36903528772,36903528938,2898,2898,1
2900,1,36903545691,36903546041,2899,2899,1
2901,1,36903562044,36903562220,2900,2900,1
2902,1,36903578723,36903578895,2901,2901,1
2903,1,36903595403,36903595599,2902,2902,1
2904,1,36903612353,36903612636,2903,2903,1
2905,1,36903628895,36903629122,2904,2904,1
2906,1,36903645628,36903645827,2905,2905,1
2907,1,36903662832,36903663253,2906,2906,1
2908,1,36903679511,36903680126,2907,2907,1
2909,1,36903695635,36903695824,2908,2908,1
2910,1,36903712081,36903712279,2909,2909,1
2911,1,36903728785,36903728949,2910,2910,1
2912,1,36903745452,36903745611,2911,2911,1
2913,1,36903762113,36903762276,2912,2912,1
2914,1,36903778778,36903779039,2913,2913,1
2915,1,36903795793,36903796201,2914,2914,1
2916,1,36903811961,36903812202,2915,2915,1
2917,1,36903828709,36903828885,2916,2916,1
2918,1,36903845388,36903845578,2917,2917,1
2919,1,36903862122,36903862316,2918,2918,1
2920,1,36903878842,36903879029,2919,2919,1
2921,1,36903895534,36903895754,2920,2920,1
2922,1,36903912158,36903912425,2921,2921,1
2923,1,36903928929,36903929273,2922,2922,1
2924,1,36903945310,36903945499,2923,2923,1
2925,1,36903962003,36903962160,2924,2924,1
2926,1,36903978664,36903978823,2925,2925,1
2927,1,36903995334,36903995488,2926,2926,1
2928,1,36904012242,36904012425,2927,2927,1
2929,1,36904028679,36904028840,2928,2928,1
2930,1,36904045344,36904045503,2929,2929,1
2931,1,36904062006,36904062168,2930,2930,1
2932,1,36904078671,36904078831,2931,2931,1
2933,1,36904095333,36904095487,2932,2932,1
2934,1,36904111990,36904112149,2933,2933,1
2935,1,36904128652,36904128809,2934,2934,1
2936,1,36904145584,36904145930,2935,2935,1
2937,1,36904162006,36904162182,2936,2936,1
2938,1,36904178687,36904178853,2937,2937,1
2939,1,36904196397,36904196733,2938,2938,1
2940,1,36904212286,36904212448,2939,2939,1
2941,1,36904228716,36904228880,2940,2940,1
2942,1,36904245638,36904245805,2941,2941,1
2943,1,36904262322,36904262736,2942,2942,1
2944,1,36904278761,36904278927,2943,2943,1
2945,1,36904295470,36904295683,2944,2944,1
2946,1,36904312210,36904312468,2945,2945,1
2947,1,36904328820,36904329070,2946,2946,1
2948,1,36904345603,36904345860,2947,2947,1
2949,1,36904362136,36904362355,2948,2948,1
2950,1,36904378886,36904379113,2949,2949,1
2951,1,36904395619,36904395968,2950,2950,1
2952,1,36904411997,36904412176,2951,2951,1
2953,1,36904428681,36904428844,2952,2952,1
2954,1,36904445348,36904445511,2953,2953,1
2955,1,36904462015,36904462176,2954,2954,1
2956,1,36904478679,36904478857,2955,2955,1
2957,1,36904495362,36904495526,2956,2956,1
2958,1,36904512343,36904512703,2957,2957,1
2959,1,36904528716,36904528893,2958,2958,1
2960,1,36904545397,36904545598,2959,2959,1
2961,1,36904562102,36904562260,2960,2960,1
2962,1,36904578764,36904578929,2961,2961,1
2963,1,36904595432,36904595595,2962,2962,1
2964,1,36904612101,36904612317,2963,2963,1
2965,1,36904629071,36904629473,2964,2964,1
2966,1,36904645504,36904645716,2965,2965,1
2967,1,36904662228,36904662440,2966,2966,1
2968,1,36904679091,36904679469,2967,2967,1
2969,1,36904695508,36904695669,2968,2968,1
2970,1,36904712186,36904712347,2969,2969,1
2971,1,36904729104,36904729459,2970,2970,1
2972,1,36904745550,36904745714,2971,2971,1
2973,1,36904761992,36904762157,2972,2972,1
2974,1,36904778662,36904778842,2973,2973,1
2975,1,36904795347,36904795505,2974,2974,1
2976,1,36904812013,36904812165,2975,2975,1
2977,1,36904828668,36904828823,2976,2976,1
2978,1,36904845576,36904845775,2977,2977,1
2979,1,36904862833,36904863292,2978,2978,1
2980,1,36904879055,36904879304,2979,2979,1
2981,1,36904895772,36904896032,2980,2980,1
2982,1,36904912544,36904912785,2981,2981,1
2983,1,36904928812,36904929028,2982,2982,1
2984,1,36904945286,36904945450,2983,2983,1
2985,1,36904961952,36904962109,2984,2984,1
2986,1,36904978861,36904979066,2985,2985,1
2987,1,36904995571,36904995925,2986,2986,1
2988,1,36905012181,36905012361,2987,2987,1
2989,1,36905028620,36905028788,2988,2988,1
2990,1,36905045313,36905045484,2989,2989,1
2991,1,36905061998,36905062159,2990,2990,1
2992,1,36905078662,36905078819,2991,2991,1
2993,1,36905095323,36905095491,2992,2992,1
2994,1,36905112328,36905112687,2993,2993,1
2995,1,36905128710,36905128898,2994,2994,1
2996,1,36905145652,36905146017,2995,2995,1
2997,1,36905162039,36905162222,2996,2996,1
2998,1,36905178726,36905178901,2997,2997,1
2999,1,36905195655,36905196019,2998,2998,1
3000,1,36905212077,36905212261,2999,2999,1
3001,1,36905228765,36905228934,3000,3000,1
3002,1,36905245486,36905245823,3001,3001,1
3003,1,36905262127,36905262309,3002,3002,1
3004,1,36905278812,36905279140,3003,3003,1
3005,1,36905295643,36905296081,3004,3004,1
3006,1,36905312162,36905312353,3005,3005,1
3007,1,36905328622,36905328808,3006,3006,1
3008,1,36905345592,36905345949,3007,3007,1
3009,1,36905362236,36905362599,3008,3008,1
3010,1,36905378670,36905378852,3009,3009,1
3011,1,36905395607,36905395959,3010,3010,1
3012,1,36905412039,36905412276,3011,3011,1
3013,1,36905428789,36905428967,3012,3012,1
3014,1,36905445472,36905445822,3013,3013,1
3015,1,36905462077,36905462274,3014,3014,1
3016,1,36905478780,36905478953,3015,3015,1
3017,1,36905495456,36905495794,3016,3016,1
3018,1,36905512047,36905512242,3017,3017,1
3019,1,36905528805,36905529041,3018,3018,1
3020,1,36905545545,36905545923,3019,3019,1
3021,1,36905562180,36905562369,3020,3020,1
3022,1,36905578630,36905578925,3021,3021,1
3023,1,36905595429,36905595818,3022,3022,1
3024,1,36905612072,36905612356,3023,3023,1
3025,1,36905628617,36905628900,3024,3024,1
3026,1,36905645550,36905645919,3025,3025,1
3027,1,36905662204,36905662426,3026,3026,1
3028,1,36905678930,36905679281,3027,3027,1
3029,1,36905695534,36905695927,3028,3028,1
3030,1,36905712256,36905712626,3029,3029,1
3031,1,36905728918,36905729269,3030,3030,1
3032,1,36905745600,36905745961,3031,3031,1
3033,1,36905761966,36905762139,3032,3032,1
3034,1,36905778651,36905778830,3033,3033,1
3035,1,36905795640,36905795996,3034,3034,1
3036,1,36905812251,36905812612,3035,3035,1
3037,1,36905828635,36905828801,3036,3036,1
3038,1,36905845554,36905846023,3037,3037,1
3039,1,36905862366,36905862553,3038,3038,1
3040,1,36905878812,36905879094,3039,3039,1
3041,1,36905895727,36905896103,3040,3040,1
3042,1,36905912109,36905912426,3041,3041,1
3043,1,36905928681,36905928840,3042,3042,1
3044,1,36905945604,36905946101,3043,3043,1
3045,1,36905962459,36905962990,3044,3044,1
3046,1,36905978749,36905978926,3045,3045,1
3047,1,36905995679,36905996168,3046,3046,1
3048,1,36906012179,36906012577,3047,3047,1
3049,1,36906028836,36906029030,3048,3048,1
3050,1,36906045535,36906045714,3049,3049,1
3051,1,36906061967,36906062195,3050,3050,1
3052,1,36906079085,36906079849,3051,3051,1
3053,1,36906095435,36906095627,3052,3052,1
3054,1,36906112134,36906112318,3053,3053,1
3055,1,36906128848,36906129030,3054,3054,1
3056,1,36906145537,36906145739,3055,3055,1
3057,1,36906161995,36906162168,3056,3056,1
3058,1,36906178674,36906178861,3057,3057,1
3059,1,36906195381,36906195563,3058,3058,1
3060,1,36906212066,36906212254,3059,3059,1
3061,1,36906228760,36906228937,3060,3060,1
3062,1,36906245442,36906245630,3061,3061,1
3063,1,36906262151,36906262332,3062,3062,1
3064,1,36906278718,36906278903,3063,3063,1
3065,1,36906295407,36906295582,3064,3064,1
3066,1,36906312344,36906312828,3065,3065,1
3067,1,36906328835,36906329171,3066,3066,1
3068,1,36906345435,36906345611,3067,3067,1
3069,1,36906362115,36906362310,3068,3068,1
3070,1,36906378814,36906379029,3069,3069,1
3071,1,36906395536,36906395773,3070,3070,1
3072,1,36906412291,36906412510,3071,3071,1
3073,1,36906429018,36906429574,3072,3072,1
3074,1,36906445582,36906445923,3073,3073,1
3075,1,36906461941,36906462174,3074,3074,1
3076,1,36906478679,36906478856,3075,3075,1
3077,1,36906495377,36906495536,3076,3076,1
3078,1,36906512042,36906512206,3077,3077,1
3079,1,36906528709,36906528868,3078,3078,1
3080,1,36906545634,36906545980,3079,3079,1
3081,1,36906562014,36906562184,3080,3080,1
3082,1,36906578703,36906578883,3081,3081,1
3083,1,36906595387,36906595567,3082,3082,1
3084,1,36906612086,36906612251,3083,3083,1
3085,1,36906628753,36906628914,3084,3084,1
3086,1,36906645417,36906645588,3085,3085,1
3087,1,36906662387,36906662737,3086,3086,1
3088,1,36906678812,36906679147,3087,3087,1
3089,1,36906695456,36906695632,3088,3088,1
3090,1,36906712135,36906712293,3089,3089,1
3091,1,36906728815,36906728970,3090,3090,1
3092,1,36906745485,36906745640,3091,3091,1
3093,1,36906762166,36906762342,3092,3092,1
3094,1,36906778847,36906779132,3093,3093,1
3095,1,36906795670,36906796067,3094,3094,1
3096,1,36906812096,36906812254,3095,3095,1
3097,1,36906828757,36906828911,3096,3096,1
3098,1,36906846164,36906846557,3097,3097,1
3099,1,36906862312,36906862497,3098,3098,1
3100,1,36906878751,36906878920,3099,3099,1
3101,1,36906895424,36906895582,3100,3100,1
3102,1,36906912085,36906912270,3101,3101,1
3103,1,36906928774,36906928988,3102,3102,1
3104,1,36906945587,36906945883,3103,3103,1
3105,1,36906962394,36906962647,3104,3104,1
3106,1,36906979179,36906979469,3105,3105,1
3107,1,36906995636,36906995918,3106,3106,1
3108,1,36907012428,36907012693,3107,3107,1
3109,1,36907028952,36907029339,3108,3108,1
3110,1,36907045346,36907045536,3109,3109,1
3111,1,36907062040,36907062216,3110,3110,1
3112,1,36907078720,36907078902,3111,3111,1
3113,1,36907095405,36907095570,3112,3112,1
3114,1,36907112074,36907112239,3113,3113,1
3115,1,36907128742,36907128906,3114,3114,1
3116,1,36907145659,36907146046,3115,3115,1
3117,1,36907162056,36907162240,3116,3116,1
3118,1,36907178744,36907178907,3117,3117,1
3119,1,36907195420,36907195598,3118,3118,1
3120,1,36907212101,36907212277,3119,3119,1
3121,1,36907228782,36907228951,3120,3120,1
3122,1,36907245455,36907245617,3121,3121,1
3123,1,36907262177,36907262518,3122,3122,1
3124,1,36907278801,36907278967,3123,3123,1
3125,1,36907295471,36907295635,3124,3124,1
3126,1,36907312138,36907312308,3125,3125,1
3127,1,36907328811,36907328984,3126,3126,1
3128,1,36907345488,36907345657,3127,3127,1
3129,1,36907362161,36907362321,3128,3128,1
3130,1,36907379074,36907379446,3129,3129,1
3131,1,36907395523,36907395859,3130,3130,1
3132,1,36907412201,36907412556,3131,3131,1
3133,1,36907428635,36907428803,3132,3132,1
3134,1,36907445559,36907445725,3133,3133,1
3135,1,36907461996,36907462169,3134,3134,1
3136,1,36907478673,36907478838,3135,3135,1
3137,1,36907495369,36907495543,3136,3136,1
3138,1,36907512298,36907512628,3137,3137,1
3139,1,36907528712,36907528881,3138,3138,1
3140,1,36907545388,36907545549,3139,3139,1
3141,1,36907562087,36907562243,3140,3140,1
3142,1,36907578756,36907578922,3141,3141,1
3143,1,36907595426,36907595594,3142,3142,1
3144,1,36907612098,36907612272,3143,3143,1
3145,1,36907628775,36907628939,3144,3144,1
3146,1,36907645442,36907645599,3145,3145,1
3147,1,36907662101,36907662269,3146,3146,1
3148,1,36907678813,36907679158,3147,3147,1
3149,1,36907695292,36907695467,3148,3148,1
3150,1,36907711970,36907712141,3149,3149,1
3151,1,36907728644,36907728819,3150,3150,1
3152,1,36907745571,36907745920,3151,3151,1
3153,1,36907761989,36907762168,3152,3152,1
3154,1,36907778671,36907778837,3153,3153,1
3155,1,36907795341,36907795511,3154,3154,1
3156,1,36907812020,36907812191,3155,3155,1
3157,1,36907828696,36907828893,3156,3156,1
3158,1,36907845397,36907845572,3157,3157,1
3159,1,36907862189,36907862520,3158,3158,1
3160,1,36907878812,36907879000,3159,3159,1
3161,1,36907895505,36907895673,3160,3160,1
3162,1,36907912177,36907912535,3161,3161,1
3163,1,36907928789,36907928952,3162,3162,1
3164,1,36907945462,36907945626,3163,3163,1
3165,1,36907962141,36907962298,3164,3164,1
3166,1,36907978827,36907979026,3165,3165,1
3167,1,36907995572,36907995896,3166,3166,1
3168,1,36908012183,36908012391,3167,3167,1
3169,1,36908028648,36908028821,3168,3168,1
3170,1,36908045347,36908045545,3169,3169,1
3171,1,36908062049,36908062221,3170,3170,1
3172,1,36908078725,36908078899,3171,3171,1
3173,1,36908095403,36908095585,3172,3172,1
3174,1,36908112429,36908112802,3173,3173,1
3175,1,36908128808,36908128990,3174,3174,1
3176,1,36908145496,36908145674,3175,3175,1
3177,1,36908161963,36908162135,3176,3176,1
3178,1,36908178737,36908178900,3177,3177,1
3179,1,36908195413,36908195571,3178,3178,1
3180,1,36908212092,36908212259,3179,3179,1
3181,1,36908229017,36908229369,3180,3180,1
3182,1,36908245486,36908245676,3181,3181,1
3183,1,36908261929,36908262140,3182,3182,1
3184,1,36908278651,36908278813,3183,3183,1
3185,1,36908295567,36908295745,3184,3184,1
3186,1,36908312001,36908312163,3185,3185,1
3187,1,36908328669,36908328848,3186,3186,1
3188,1,36908345390,36908345558,3187,3187,1
3189,1,36908362061,36908362232,3188,3188,1
3190,1,36908378736,36908378911,3189,3189,1
3191,1,36908395416,36908395576,3190,3190,1
3192,1,36908412080,36908412236,3191,3191,1
3193,1,36908428739,36908428894,3192,3192,1
3194,1,36908445657,36908445994,3193,3193,1
3195,1,36908462336,36908462731,3194,3194,1
3196,1,36908478755,36908478996,3195,3195,1
3197,1,36908495504,36908495733,3196,3196,1
3198,1,36908512363,36908512621,3197,3197,1
3199,1,36908528878,36908529122,3198,3198,1
3200,1,36908545483,36908545653,3199,3199,1
3201,1,36908562158,36908562331,3200,3200,1
3202,1,36908578834,36908579092,3201,3201,1
3203,1,36908595599,36908596002,3202,3202,1
3204,1,36908612007,36908612204,3203,3203,1
3205,1,36908628716,36908628911,3204,3204,1
3206,1,36908645415,36908645582,3205,3205,1
3207,1,36908662086,36908662250,3206,3206,1
3208,1,36908679003,36908679349,3207,3207,1
3209,1,36908695353,36908695544,3208,3208,1
3210,1,36908712298,36908712638,3209,3209,1
3211,1,36908728643,36908728805,3210,3210,1
3212,1,36908745308,36908745482,3211,3211,1
3213,1,36908761986,36908762151,3212,3212,1
3214,1,36908778654,36908778823,3213,3213,1
3215,1,36908795575,36908795747,3214,3214,1
3216,1,36908812001,36908812175,3215,3215,1
3217,1,36908828679,36908828857,3216,3216,1
3218,1,36908845612,36908845947,3217,3217,1
3219,1,36908861952,36908862134,3218,3218,1
3220,1,36908878638,36908878824,3219,3219,1
3221,1,36908895334,36908895497,3220,3220,1
3222,1,36908912001,36908912189,3221,3221,1
3223,1,36908928693,36908928859,3222,3222,1
3224,1,36908945612,36908945946,3223,3223,1
3225,1,36908961952,36908962130,3224,3224,1
3226,1,36908978884,36908979211,3225,3225,1
3227,1,36908995466,36908995627,3226,3226,1
3228,1,36909012132,36909012356,3227,3227,1
3229,1,36909028864,36909029105,3228,3228,1
3230,1,36909045616,36909045851,3229,3229,1
3231,1,36909062359,36909062606,3230,3230,1
3232,1,36909079115,36909079379,3231,3231,1
3233,1,36909095639,36909095876,3232,3232,1
3234,1,36909112136,36909112319,3233,3233,1
3235,1,36909128824,36909128995,3234,3234,1
3236,1,36909145499,36909145683,3235,3235,1
3237,1,36909162187,36909162364,3236,3236,1
3238,1,36909178868,36909179085,3237,3237,1
3239,1,36909195590,36909195928,3238,3238,1
3240,1,36909212184,36909212362,3239,3239,1
3241,1,36909228616,36909228783,3240,3240,1
3242,1,36909245285,36909245451,3241,3241,1
3243,1,36909261955,36909262112,3242,3242,1
3244,1,36909278615,36909278797,3243,3243,1
3245,1,36909295301,36909295493,3244,3244,1
3246,1,36909312246,36909312581,3245,3245,1
3247,1,36909328835,36909328992,3246,3246,1
3248,1,36909345496,36909345667,3247,3247,1
3249,1,36909362170,36909362342,3248,3248,1
3250,1,36909378595,36909378770,3249,3249,1
3251,1,36909395274,36909395437,3250,3250,1
3252,1,36909412190,36909412364,3251,3251,1
3253,1,36909428868,36909429053,3252,3252,1
3254,1,36909445558,36909445886,3253,3253,1
3255,1,36909462140,36909462308,3254,3254,1
3256,1,36909478812,36909478978,3255,3255,1
3257,1,36909495981,36909496451,3256,3256,1
3258,1,36909512204,36909512369,3257,3257,1
3259,1,36909528873,36909529030,3258,3258,1
3260,1,36909545784,36909546155,3259,3259,1
3261,1,36909562163,36909562332,3260,3260,1
3262,1,36909578836,36909578997,3261,3261,1
3263,1,36909595500,36909595666,3262,3262,1
3264,1,36909612170,36909612381,3263,3263,1
3265,1,36909628886,36909629067,3264,3264,1
3266,1,36909645322,36909645510,3265,3265,1
3267,1,36909662263,36909662624,3266,3266,1
3268,1,36909679132,36909679564,3267,3267,1
3269,1,36909695575,36909695880,3268,3268,1
3270,1,36909712389,36909712702,3269,3269,1
3271,1,36909728714,36909728965,3270,3270,1
3272,1,36909745472,36909745665,3271,3271,1
3273,1,36909762169,36909762340,3272,3272,1
3274,1,36909778845,36909779019,3273,3273,1
3275,1,36909795273,36909795430,3274,3274,1
3276,1,36909811932,36909812106,3275,3275,1
3277,1,36909828608,36909828776,3276,3276,1
3278,1,36909845279,36909845441,3277,3277,1
3279,1,36909861944,36909862111,3278,3278,1
3280,1,36909878864,36909879051,3279,3279,1
3281,1,36909895307,36909895505,3280,3280,1
3282,1,36909912258,36909912593,3281,3281,1
3283,1,36909928847,36909929016,3282,3282,1
3284,1,36909945520,36909945680,3283,3283,1
3285,1,36909961933,36909962095,3284,3284,1
3286,1,36909978599,36909978772,3285,3285,1
3287,1,36909995275,36909995431,3286,3286,1
3288,1,36910012184,36910012356,3287,3287,1
3289,1,36910028864,36910029216,3288,3288,1
3290,1,36910045471,36910045818,3289,3289,1
3291,1,36910062323,36910062715,3290,3290,1
3292,1,36910078720,36910078894,3291,3291,1
3293,1,36910096147,36910096326,3292,3292,1
3294,1,36910112080,36910112241,3293,3293,1
3295,1,36910128744,36910128907,3294,3294,1
3296,1,36910145660,36910146003,3295,3295,1
3297,1,36910162260,36910162601,3296,3296,1
3298,1,36910178855,36910179022,3297,3297,1
3299,1,36910195525,36910195855,3298,3298,1
3300,1,36910212108,36910212300,3299,3299,1
3301,1,36910228809,36910228979,3300,3300,1
3302,1,36910245483,36910245829,3301,3301,1
3303,1,36910262084,36910262253,3302,3302,1
3304,1,36910279006,36910279354,3303,3303,1
3305,1,36910295611,36910295953,3304,3304,1
3306,1,36910312208,36910312369,3305,3305,1
3307,1,36910328872,36910329034,3306,3306,1
3308,1,36910345538,36910345878,3307,3307,1
3309,1,36910362133,36910362330,3308,3308,1
3310,1,36910378833,36910378999,3309,3309,1
3311,1,36910395503,36910395839,3310,3310,1
3312,1,36910412094,36910412266,3311,3311,1
3313,1,36910428770,36910428931,3312,3312,1
3314,1,36910445684,36910446016,3313,3313,1
3315,1,36910462021,36910462188,3314,3314,1
3316,1,36910478692,36910478867,3315,3315,1
3317,1,36910495620,36910495965,3316,3316,1
3318,1,36910512220,36910512394,3317,3317,1
3319,1,36910528899,36910529071,3318,3318,1
3320,1,36910545575,36910545954,3319,3319,1
3321,1,36910562212,36910562456,3320,3320,1
3322,1,36910578966,36910579364,3321,3321,1
3323,1,36910595623,36910596038,3322,3322,1
3324,1,36910612297,36910612559,3323,3323,1
3325,1,36910629069,36910629447,3324,3324,1
3326,1,36910645704,36910646058,3325,3325,1
3327,1,36910662065,36910662258,3326,3326,1
3328,1,36910679013,36910679368,3327,3327,1
3329,1,36910695623,36910695971,3328,3328,1
3330,1,36910712227,36910712576,3329,3329,1
3331,1,36910728832,36910728997,3330,3330,1
3332,1,36910745500,36910745859,3331,3331,1
3333,1,36910762366,36910762809,3332,3332,1
3334,1,36910778816,36910778991,3333,3333,1
3335,1,36910795495,36910795838,3334,3334,1
3336,1,36910812093,36910812263,3335,3335,1
3337,1,36910828766,36910828939,3336,3336,1
3338,1,36910845692,36910846138,3337,3337,1
3339,1,36910862144,36910862312,3338,3338,1
3340,1,36910878816,36910879158,3339,3339,1
3341,1,36910895663,36910896010,3340,3340,1
3342,1,36910912017,36910912211,3341,3341,1
3343,1,36910928715,36910928885,3342,3342,1
3344,1,36910945888,36910946377,3343,3343,1
3345,1,36910962137,36910962304,3344,3344,1
3346,1,36910978808,36910978987,3345,3345,1
3347,1,36910995490,36910995832,3346,3346,1
3348,1,36911012335,36911012573,3347,3347,1
3349,1,36911028830,36911029024,3348,3348,1
3350,1,36911045280,36911045456,3349,3349,1
3351,1,36911061962,36911062153,3350,3350,1
3352,1,36911078657,36911078834,3351,3351,1
3353,1,36911095588,36911095972,3352,3352,1
3354,1,36911112229,36911112622,3353,3353,1
3355,1,36911128881,36911129245,3354,3354,1
3356,1,36911145503,36911145787,3355,3355,1
3357,1,36911162298,36911162536,3356,3356,1
3358,1,36911179076,36911179329,3357,3357,1
3359,1,36911195589,36911195848,3358,3358,1
3360,1,36911212168,36911212377,3359,3359,1
3361,1,36911228885,36911229067,3360,3360,1
3362,1,36911245324,36911245524,3361,3361,1
3363,1,36911262028,36911262199,3362,3362,1
3364,1,36911278702,36911278871,3363,3363,1
3365,1,36911295375,36911295558,3364,3364,1
3366,1,36911312062,36911312231,3365,3365,1
3367,1,36911328735,36911328904,3366,3366,1
3368,1,36911345657,36911346022,3367,3367,1
3369,1,36911362030,36911362206,3368,3368,1
3370,1,36911378712,36911378884,3369,3369,1
3371,1,36911395388,36911395547,3370,3370,1
3372,1,36911412060,36911412213,3371,3371,1
3373,1,36911428717,36911428884,3372,3372,1
3374,1,36911445387,36911445548,3373,3373,1
3375,1,36911462302,36911462697,3374,3374,1
3376,1,36911478702,36911478866,3375,3375,1
3377,1,36911495370,36911495543,3376,3376,1
3378,1,36911512046,36911512215,3377,3377,1
3379,1,36911528719,36911528876,3378,3378,1
3380,1,36911545379,36911545548,3379,3379,1
3381,1,36911562050,36911562206,3380,3380,1
3382,1,36911578960,36911579159,3381,3381,1
3383,1,36911595665,36911596015,3382,3382,1
3384,1,36911612019,36911612186,3383,3383,1
3385,1,36911628939,36911629267,3384,3384,1
3386,1,36911645270,36911645447,3385,3385,1
3387,1,36911661950,36911662120,3386,3386,1
3388,1,36911678873,36911679207,3387,3387,1
3389,1,36911695461,36911695636,3388,3388,1
3390,1,36911712390,36911712742,3389,3389,1
3391,1,36911728746,36911728907,3390,3390,1
3392,1,36911745410,36911745593,3391,3391,1
3393,1,36911762096,36911762261,3392,3392,1
3394,1,36911778764,36911778922,3393,3393,1
3395,1,36911795425,36911795582,3394,3394,1
3396,1,36911812086,36911812252,3395,3395,1
3397,1,36911829004,36911829351,3396,3396,1
3398,1,36911845357,36911845529,3397,3397,1
3399,1,36911862032,36911862192,3398,3398,1
3400,1,36911878695,36911878866,3399,3399,1
3401,1,36911895369,36911895531,3400,3400,1
3402,1,36911912035,36911912201,3401,3401,1
3403,1,36911928704,36911928869,3402,3402,1
3404,1,36911945372,36911945526,3403,3403,1
3405,1,36911962030,36911962189,3404,3404,1
3406,1,36911978691,36911978859,3405,3405,1
3407,1,36911995362,36911995522,3406,3406,1
3408,1,36912012275,36912012457,3407,3407,1
3409,1,36912028711,36912028874,3408,3408,1
3410,1,36912045377,36912045536,3409,3409,1
3411,1,36912062789,36912063132,3410,3410,1
3412,1,36912078888,36912079063,3411,3411,1
3413,1,36912095315,36912095475,3412,3412,1
3414,1,36912111978,36912112142,3413,3413,1
3415,1,36912128646,36912128812,3414,3414,1
3416,1,36912145564,36912145887,3415,3415,1
3417,1,36912162141,36912162472,3416,3416,1
3418,1,36912178727,36912178891,3417,3417,1
3419,1,36912195645,36912195979,3418,3418,1
3420,1,36912211983,36912212157,3419,3419,1
3421,1,36912228661,36912228829,3420,3420,1
3422,1,36912245336,36912245506,3421,3421,1
3423,1,36912262009,36912262184,3422,3422,1
3424,1,36912278688,36912278861,3423,3423,1
3425,1,36912295365,36912295538,3424,3424,1
3426,1,36912312292,36912312627,3425,3425,1
3427,1,36912328631,36912328804,3426,3426,1
3428,1,36912345307,36912345490,3427,3427,1
3429,1,36912361994,36912362165,3428,3428,1
3430,1,36912378669,36912378860,3429,3429,1
3431,1,36912395364,36912395526,3430,3430,1
3432,1,36912412029,36912412194,3431,3431,1
3433,1,36912428948,36912429292,3432,3432,1
3434,1,36912445295,36912445472,3433,3433,1
3435,1,36912461976,36912462146,3434,3434,1
3436,1,36912478650,36912478818,3435,3435,1
3437,1,36912495321,36912495489,3436,3436,1
3438,1,36912511993,36912512172,3437,3437,1
3439,1,36912528677,36912528840,3438,3438,1
3440,1,36912545593,36912545936,3439,3439,1
3441,1,36912562189,36912562392,3440,3440,1
3442,1,36912578648,36912578818,3441,3441,1
3443,1,36912595323,36912595484,3442,3442,1
3444,1,36912611988,36912612152,3443,3443,1
3445,1,36912628656,36912628848,3444,3444,1
3446,1,36912645602,36912645833,3445,3445,1
3447,1,36912662340,36912662583,3446,3446,1
3448,1,36912679092,36912679521,3447,3447,1
3449,1,36912695782,36912696269,3448,3448,1
3450,1,36912712031,36912712227,3449,3449,1
3451,1,36912728732,36912728897,3450,3450,1
3452,1,36912745400,36912745569,3451,3451,1
3453,1,36912762073,36912762238,3452,3452,1
3454,1,36912778741,36912778952,3453,3453,1
3455,1,36912795706,36912796053,3454,3454,1
3456,1,36912812058,36912812240,3455,3455,1
3457,1,36912828744,36912828908,3456,3456,1
3458,1,36912845411,36912845574,3457,3457,1
3459,1,36912862077,36912862241,3458,3458,1
3460,1,36912878743,36912878917,3459,3459,1
3461,1,36912895422,36912895596,3460,3460,1
3462,1,36912912350,36912912751,3461,3461,1
3463,1,36912928755,36912928925,3462,3462,1
3464,1,36912945429,36912945633,3463,3463,1
3465,1,36912962138,36912962300,3464,3464,1
3466,1,36912978803,36912978958,3465,3465,1
3467,1,36912995461,36912995629,3466,3466,1
3468,1,36913012133,36913012350,3467,3467,1
3469,1,36913028855,36913029203,3468,3468,1
3470,1,36913045457,36913045632,3469,3469,1
3471,1,36913062137,36913062307,3470,3470,1
3472,1,36913078810,36913078973,3471,3471,1
3473,1,36913095477,36913095640,3472,3472,1
3474,1,36913112142,36913112307,3473,3473,1
3475,1,36913128810,36913128987,3474,3474,1
3476,1,36913145741,36913146177,3475,3475,1
3477,1,36913162196,36913162441,3476,3476,1
3478,1,36913189345,36913189674,3477,3477,1
3479,1,36913195687,36913195988,3478,3478,1
3480,1,36913212505,36913213036,3479,3479,1
3481,1,36913229049,36913229328,3480,3480,1
3482,1,36913245587,36913245841,3481,3481,1
3483,1,36913262350,36913262798,3482,3482,1
3484,1,36913279062,36913279328,3483,3483,1
3485,1,36913295587,36913295817,3484,3484,1
3486,1,36913312077,36913312283,3485,3485,1
3487,1,36913328792,36913328972,3486,3486,1
3488,1,36913345475,36913345665,3487,3487,1
3489,1,36913362169,36913362352,3488,3488,1
3490,1,36913378855,36913379024,3489,3489,1
3491,1,36913395278,36913395471,3490,3490,1
3492,1,36913412225,36913412394,3491,3491,1
3493,1,36913428647,36913428812,3492,3492,1
3494,1,36913445315,36913445477,3493,3493,1
3495,1,36913461981,36913462135,3494,3494,1
3496,1,36913478640,36913478797,3495,3495,1
3497,1,36913495548,36913495723,3496,3496,1
3498,1,36913512227,36913512567,3497,3497,1
3499,1,36913528839,36913529006,3498,3498,1
3500,1,36913545259,36913545419,3499,3499,1
3501,1,36913562171,36913562331,3500,3500,1
3502,1,36913578584,36913578734,3501,3501,1
3503,1,36913595486,36913595643,3502,3502,1
3504,1,36913612145,36913612327,3503,3503,1
3505,1,36913628963,36913629383,3504,3504,1
3506,1,36913645610,36913645860,3505,3505,1
3507,1,36913662119,36913662349,3506,3506,1
3508,1,36913678966,36913679386,3507,3507,1
3509,1,36913695655,36913695912,3508,3508,1
3510,1,36913712203,36913712462,3509,3509,1
3511,1,36913728720,36913728946,3510,3510,1
3512,1,36913745743,36913746127,3511,3511,1
3513,1,36913762135,36913762301,3512,3512,1
3514,1,36913778803,36913778958,3513,3513,1
3515,1,36913795460,36913795623,3514,3514,1
3516,1,36913812125,36913812280,3515,3515,1
3517,1,36913828782,36913828946,3516,3516,1
3518,1,36913845448,36913845604,3517,3517,1
3519,1,36913862356,36913862710,3518,3518,1
3520,1,36913878715,36913878905,3519,3519,1
3521,1,36913895409,36913895557,3520,3520,1
3522,1,36913912059,36913912215,3521,3521,1
3523,1,36913928717,36913928871,3522,3522,1
3524,1,36913945373,36913945532,3523,3523,1
3525,1,36913962034,36913962198,3524,3524,1
3526,1,36913978700,36913978896,3525,3525,1
3527,1,36913995649,36913995988,3526,3526,1
3528,1,36914012241,36914012420,3527,3527,1
3529,1,36914028923,36914029136,3528,3528,1
3530,1,36914045392,36914045610,3529,3529,1
3531,1,36914062114,36914062296,3530,3530,1
3532,1,36914078800,36914078993,3531,3531,1
3533,1,36914095499,36914095743,3532,3532,1
3534,1,36914112248,36914112532,3533,3533,1
3535,1,36914128795,36914128957,3534,3534,1
3536,1,36914145459,36914145623,3535,3535,1
3537,1,36914162125,36914162290,3536,3536,1
3538,1,36914178793,36914178949,3537,3537,1
3539,1,36914195451,36914195606,3538,3538,1
3540,1,36914212108,36914212266,3539,3539,1
3541,1,36914229018,36914229384,3540,3540,1
3542,1,36914245392,36914245563,3541,3541,1
3543,1,36914262065,36914262226,3542,3542,1
3544,1,36914278978,36914279297,3543,3543,1
3545,1,36914295311,36914295474,3544,3544,1
3546,1,36914311976,36914312148,3545,3545,1
3547,1,36914328650,36914328813,3546,3546,1
3548,1,36914345566,36914345911,3547,3547,1
3549,1,36914362167,36914362345,3548,3548,1
3550,1,36914378599,36914378773,3549,3549,1
3551,1,36914395525,36914395686,3550,3550,1
3552,1,36914411938,36914412120,3551,3551,1
3553,1,36914428623,36914428786,3552,3552,1
3554,1,36914445288,36914445450,3553,3553,1
3555,1,36914462202,36914462519,3554,3554,1
3556,1,36914478773,36914478920,3555,3555,1
3557,1,36914495427,36914495586,3556,3556,1
3558,1,36914512088,36914512231,3557,3557,1
3559,1,36914528733,36914528896,3558,3558,1
3560,1,36914545398,36914545549,3559,3559,1
3561,1,36914562051,36914562206,3560,3560,1
3562,1,36914578959,36914579226,3561,3561,1
3563,1,36914595497,36914595831,3562,3562,1
3564,1,36914612087,36914612284,3563,3563,1
3565,1,36914628809,36914628990,3564,3564,1
3566,1,36914645494,36914645653,3565,3565,1
3567,1,36914662156,36914662310,3566,3566,1
3568,1,36914678813,36914679150,3567,3567,1
3569,1,36914695403,36914695603,3568,3568,1
3570,1,36914712391,36914712768,3569,3569,1
3571,1,36914728815,36914729048,3570,3570,1
3572,1,36914745556,36914745747,3571,3571,1
3573,1,36914762252,36914762499,3572,3572,1
3574,1,36914779013,36914779241,3573,3573,1
3575,1,36914795501,36914795953,3574,3574,1
3576,1,36914812225,36914812574,3575,3575,1
3577,1,36914828643,36914828827,3576,3576,1
3578,1,36914845330,36914845500,3577,3577,1
3579,1,36914862003,36914862153,3578,3578,1
3580,1,36914878905,36914879090,3579,3579,1
3581,1,36914895344,36914895499,3580,3580,1
3582,1,36914912251,36914912409,3581,3581,1
3583,1,36914928661,36914928813,3582,3582,1
3584,1,36914945565,36914945906,3583,3583,1
3585,1,36914961910,36914962052,3584,3584,1
3586,1,36914978803,36914978966,3585,3585,1
3587,1,36914995468,36914995637,3586,3586,1
3588,1,36915012147,36915012304,3587,3587,1
3589,1,36915028807,36915028976,3588,3588,1
3590,1,36915045478,36915045637,3589,3589,1
3591,1,36915062139,36915062472,3590,3590,1
3592,1,36915078725,36915078886,3591,3591,1
3593,1,36915095388,36915095545,3592,3592,1
3594,1,36915112047,36915112206,3593,3593,1
3595,1,36915128708,36915128872,3594,3594,1
3596,1,36915145624,36915145952,3595,3595,1
3597,1,36915161955,36915162147,3596,3596,1
3598,1,36915178649,36915178842,3597,3597,1
3599,1,36915195643,36915196012,3598,3598,1
3600,1,36915212035,36915212206,3599,3599,1
3601,1,36915228764,36915228922,3600,3600,1
3602,1,36915245676,36915246045,3601,3601,1
3603,1,36915262051,36915262206,3602,3602,1
3604,1,36915278710,36915278882,3603,3603,1
3605,1,36915295634,36915296073,3604,3604,1
3606,1,36915312332,36915312731,3605,3605,1
3607,1,36915328998,36915329251,3606,3606,1
3608,1,36915345509,36915345934,3607,3607,1
3609,1,36915362195,36915362462,3608,3608,1
3610,1,36915378973,36915379253,3609,3609,1
3611,1,36915395762,36915396249,3610,3610,1
3612,1,36915412012,36915412209,3611,3611,1
3613,1,36915428964,36915429325,3612,3612,1
3614,1,36915445581,36915445940,3613,3613,1
3615,1,36915462196,36915462364,3614,3614,1
3616,1,36915478617,36915478796,3615,3615,1
3617,1,36915495798,36915496175,3616,3616,1
3618,1,36915512184,36915512346,3617,3617,1
3619,1,36915528848,36915529011,3618,3618,1
3620,1,36915545513,36915545843,3619,3619,1
3621,1,36915562096,36915562265,3620,3620,1
3622,1,36915578767,36915578915,3621,3621,1
3623,1,36915595666,36915596013,3622,3622,1
3624,1,36915612016,36915612184,3623,3623,1
3625,1,36915628686,36915628860,3624,3624,1
3626,1,36915645612,36915645945,3625,3625,1
3627,1,36915662197,36915662368,3626,3626,1
3628,1,36915678871,36915679225,3627,3627,1
3629,1,36915695482,36915695805,3628,3628,1
3630,1,36915712309,36915712641,3629,3629,1
3631,1,36915728643,36915728817,3630,3630,1
3632,1,36915745568,36915745913,3631,3631,1
3633,1,36915761999,36915762180,3632,3632,1
3634,1,36915778701,36915778881,3633,3633,1
3635,1,36915795635,36915795996,3634,3634,1
3636,1,36915811999,36915812170,3635,3635,1
3637,1,36915828672,36915828836,3636,3636,1
3638,1,36915845588,36915845927,3637,3637,1
3639,1,36915862181,36915862509,3638,3638,1
3640,1,36915878762,36915878959,3639,3639,1
3641,1,36915895462,36915895625,3640,3640,1
3642,1,36915912127,36915912465,3641,3641,1
3643,1,36915928718,36915928877,3642,3642,1
3644,1,36915945379,36915945547,3643,3643,1
3645,1,36915962049,36915962211,3644,3644,1
3646,1,36915978713,36915978869,3645,3645,1
3647,1,36915995371,36915995521,3646,3646,1
3648,1,36916012023,36916012196,3647,3647,1
3649,1,36916028949,36916029298,3648,3648,1
3650,1,36916045302,36916045498,3649,3649,1
3651,1,36916062000,36916062164,3650,3650,1
3652,1,36916078666,36916078841,3651,3651,1
3653,1,36916095343,36916095507,3652,3652,1
3654,1,36916112009,36916112169,3653,3653,1
3655,1,36916128671,36916128829,3654,3654,1
3656,1,36916145581,36916145996,3655,3655,1
3657,1,36916162059,36916162283,3656,3656,1
3658,1,36916178789,36916178962,3657,3657,1
3659,1,36916195467,36916195636,3658,3658,1
3660,1,36916212138,36916212301,3659,3659,1
3661,1,36916228802,36916228971,3660,3660,1
3662,1,36916245473,36916245633,3661,3661,1
3663,1,36916262135,36916262296,3662,3662,1
3664,1,36916278798,36916278959,3663,3663,1
3665,1,36916295461,36916295621,3664,3664,1
3666,1,36916312122,36916312283,3665,3665,1
3667,1,36916328785,36916328950,3666,3666,1
3668,1,36916345452,36916345616,3667,3667,1
3669,1,36916362118,36916362302,3668,3668,1
3670,1,36916378903,36916379136,3669,3669,1
3671,1,36916395641,36916395984,3670,3670,1
3672,1,36916411986,36916412152,3671,3671,1
3673,1,36916428653,36916428815,3672,3672,1
3674,1,36916445317,36916445479,3673,3673,1
3675,1,36916461981,36916462153,3674,3674,1
3676,1,36916478655,36916478815,3675,3675,1
3677,1,36916495317,36916495510,3676,3676,1
3678,1,36916512262,36916512592,3677,3677,1
3679,1,36916528844,36916529006,3678,3678,1
3680,1,36916545508,36916545686,3679,3679,1
3681,1,36916562190,36916562357,3680,3680,1
3682,1,36916578860,36916579027,3681,3681,1
3683,1,36916595530,36916595704,3682,3682,1
3684,1,36916611957,36916612133,3683,3683,1
3685,1,36916628885,36916629224,3684,3684,1
3686,1,36916645476,36916645650,3685,3685,1
3687,1,36916662152,36916662316,3686,3686,1
3688,1,36916678818,36916679151,3687,3687,1
3689,1,36916695413,36916695579,3688,3688,1
3690,1,36916712081,36916712246,3689,3689,1
