2026-09-15T20:36:13.086 INFO kycontroller - Kyber controller. Revision 0.20.0-66-gb29f8f4
2026-09-15T20:36:13.087 INFO kycontroller::config - Using configuration file "\\\\?\\C:\\Users\\trist\\Workspace\\KyberFrog_WS2\\kyberfrog\\bench\\runs\\2026-09-15-step4\\k-metrics-2\\kyber_config.toml"
2026-09-15T20:36:13.089 INFO kycontroller::auth::basic - Basic backend initialized with 1 expected user identities
2026-09-15T20:36:13.089 INFO kycontroller::auth::jwt - JWT backend initialized with algorithm HS256
2026-09-15T20:36:13.089 INFO libkypc::transport::ipc::windows - Creating NamedPipe listener factory, using instance ID 5772-0
2026-09-15T20:36:13.090 INFO kycontroller - Starting watchdog
2026-09-15T20:36:13.199 INFO libkypc::process::windows - Windows Job Object created for child process
2026-09-15T20:36:13.445[6680] INFO kyavserver - Process is now DPI aware
2026-09-15T20:36:13.445[6680] INFO kyavservice - AV service started
2026-09-15T20:36:13.445[6680] INFO kyavservice::config - Using configuration file "\\\\?\\C:\\Users\\trist\\Workspace\\KyberFrog_WS2\\kyberfrog\\bench\\runs\\2026-09-15-step4\\k-metrics-2\\kyber_config.toml"
2026-09-15T20:36:13.445[6680] INFO kyavservice - Start display enumeration
2026-09-15T20:36:13.497[6680] INFO txproto::spout - Spout: New sender registered: "kybench-src" (1920x1080)
2026-09-15T20:36:13.497[6680] INFO txproto::spout - Spout: New sender registered: "kybench-src" (1920x1080)
2026-09-15T20:36:13.497 INFO kycontroller - Got initial displays: [Display { id: 4227119652, name: "kybench-src", height: 1080, width: 1920, x: 0, y: 0 }]
2026-09-15T20:36:13.497 INFO kycontroller - HTTP listening on port 9150
2026-09-15T20:36:13.497 INFO kycontroller - Webclient root not found
2026-09-15T20:36:13.497 INFO actix_server::builder - starting 12 workers
2026-09-15T20:36:13.497 INFO actix_server::server - Actix runtime found; starting in Actix runtime
2026-09-15T20:36:13.497 INFO actix_server::server - starting service: "actix-web-service-[::]:9150", workers: 12, listening on: [::]:9150
2026-09-15T20:36:16.364 INFO actix_web::middleware::logger - ::ffff:127.0.0.1 "GET /capabilities HTTP/1.1" 200 46 "-" "-" 0.000229
2026-09-15T20:36:16.364 INFO kycontroller - Logging in "vj"...
2026-09-15T20:36:16.364 INFO actix_web::middleware::logger - ::ffff:127.0.0.1 "POST /session/login HTTP/1.1" 200 189 "-" "-" 0.000191
2026-09-15T20:36:16.369 INFO kycontroller - Websocket token validated and consumed for session d8fe911f-ce74-4d21-9e5d-cf846965368f
2026-09-15T20:36:16.369 INFO kycontroller - Session "d8fe911f-ce74-4d21-9e5d-cf846965368f" controlplane connected
2026-09-15T20:36:16.369 INFO actix_web::middleware::logger - ::ffff:127.0.0.1 "GET /enumerate_displays HTTP/1.1" 200 79 "-" "-" 0.000058
2026-09-15T20:36:16.370 INFO kycontroller::kymux_controller - Starting common Kymux server on address [::]:9150 (supports QUIC + WebTransport)
2026-09-15T20:36:16.370 INFO kycontroller::kymux_controller - Generating short-lived certificate for WebTransport compatibility
2026-09-15T20:36:16.370 INFO kycontroller::kymux_controller - Generated certificate with hash: b9b1c0c03b28513a83a7f5e48debe51c28ddf93ddb4f0b1c9d7c34b4a0129ba6
2026-09-15T20:36:16.370 INFO kycontroller::kymux_controller::requests - Kymux started. Public port: 9150
2026-09-15T20:36:16.370 INFO actix_web::middleware::logger - ::ffff:127.0.0.1 "POST /kymux/start_mux HTTP/1.1" 200 269 "-" "-" 0.000563
2026-09-15T20:36:16.371 INFO kycontroller::kymux_controller::server - Waiting for Kymux connections
2026-09-15T20:36:16.373 INFO kycontroller::kymux_controller::server - Kymux connection accepted
2026-09-15T20:36:16.373 INFO kycontroller::kymux_controller::server - Connection routed to session d8fe911f-ce74-4d21-9e5d-cf846965368f
2026-09-15T20:36:16.373 INFO kycontroller::kymux_controller - Connection received for session d8fe911f-ce74-4d21-9e5d-cf846965368f
2026-09-15T20:36:16.373 INFO kycontroller::avservices_manager - Start Video avservice for display 4227119652 (Shared { display_id: 4227119652 })
2026-09-15T20:36:16.375 INFO libkypc::process::windows - Windows Job Object created for child process
2026-09-15T20:36:16.385[20232] INFO kyavserver - Process is now DPI aware
2026-09-15T20:36:16.385[20232] INFO kyavservice - AV service started
2026-09-15T20:36:16.385[20232] INFO kyavservice::config - Using configuration file "\\\\?\\C:\\Users\\trist\\Workspace\\KyberFrog_WS2\\kyberfrog\\bench\\runs\\2026-09-15-step4\\k-metrics-2\\kyber_config.toml"
2026-09-15T20:36:16.385[20232] INFO kyavservice - Start Kymux Video: URI "kymux://127.0.0.1:9091/0", bitrate: 20000000, codec: H264, yuv444: false, intra_refresh: None
2026-09-15T20:36:16.386 WARN kycontroller::kymux_controller - Audio disabled
2026-09-15T20:36:16.386 WARN kycontroller::kymux_controller - Input server disabled
2026-09-15T20:36:16.386 INFO kycontroller::kymux_controller - Start clock sync. Endpoint: 4
2026-09-15T20:36:16.386 INFO kycontroller::kymux_controller - Start metrics server. Endpoint: 6
2026-09-15T20:36:16.386[20232] INFO kyavservice::kymux - Start video, using clock ZeroedOrigin
2026-09-15T20:36:16.386 INFO kycontroller::kymux_controller::requests - Session started. SessionId: 3266350294
2026-09-15T20:36:16.386 INFO actix_web::middleware::logger - ::ffff:127.0.0.1 "POST /kymux/start_session HTTP/1.1" 200 174 "-" "-" 0.013092
2026-09-15T20:36:16.386[20232] INFO txproto::packet sink - connecting to URI: kymux://127.0.0.1:9091/0
2026-09-15T20:36:16.387 INFO kycom::connection - TCP connection for endpoint 0
2026-09-15T20:36:16.387[20232] INFO txproto::packet sink - connected to kymux://127.0.0.1:9091/0
2026-09-15T20:36:16.387[20232] INFO kyavservice::video - register_io_cb with api_list: ["spout", "wasapi"]
2026-09-15T20:36:16.387 INFO kycom::connection - TCP connection for endpoint 1
2026-09-15T20:36:16.442[20232] INFO txproto::spout - Spout: New sender registered: "kybench-src" (1920x1080)
2026-09-15T20:36:16.442[20232] INFO txproto::spout - Spout: New sender registered: "kybench-src" (1920x1080)
2026-09-15T20:36:16.442[20232] INFO kyavservice::video - Start screen grab on display 4227119652
2026-09-15T20:36:16.442[20232] INFO kyavservice::video - Forcing Spout sender "kybench-src" (id 0xFBF4BA24), ignoring requested display 4227119652
2026-09-15T20:36:16.442[20232] INFO txproto::tx - Using 'spout' backend for video capture
2026-09-15T20:36:16.443[20232] INFO kyavservice::video - libx264 encoder configuration dump:
[kyavserver.video_encoder_config]
b = 20000000
preset = "ultrafast"
flags = "+global_header"
x264-params = "force-cfr=0"
tune = "zerolatency"

2026-09-15T20:36:16.443[20232] INFO kyavservice::video - Create encoder libx264
2026-09-15T20:36:16.444[20232] INFO txproto::spout - Sender sync: access mutex present, frame counting present
2026-09-15T20:36:16.445[20232] INFO txproto::spout - Bound sender texture 1920x1080 (bgra)
2026-09-15T20:36:16.445[20232] INFO txproto::kybench-src - First frame acquired
2026-09-15T20:36:16.459[20232] INFO txproto::libx264 - using cpu capabilities: MMX2 SSE2Fast SSSE3 SSE4.2 AVX FMA3 BMI2 AVX2
2026-09-15T20:36:16.460[20232] INFO txproto::libx264 - profile Constrained Baseline, level 4.2, 4:2:0, 8-bit
2026-09-15T20:36:16.460[20232] INFO txproto::libx264 - 264 - core 164 r3107 a8b68eb - H.264/MPEG-4 AVC codec - Copyleft 2003-2023 - http://www.videolan.org/x264.html - options: cabac=0 ref=1 deblock=0:0:0 analyse=0:0 me=dia subme=0 psy=1 psy_rd=1.00:0.00 mixed_ref=0 me_range=16 chroma_me=1 trellis=0 8x8dct=0 cqm=0 deadzone=21,11 fast_pskip=1 chroma_qp_offset=0 threads=2 lookahead_threads=2 sliced_threads=1 slices=2 nr=0 decimate=1 interlaced=0 bluray_compat=0 constrained_intra=0 bframes=0 weightp=0 keyint=250 keyint_min=25 scenecut=0 intra_refresh=0 rc=abr mbtree=0 bitrate=20000 ratetol=1.0 qcomp=0.60 qpmin=0 qpmax=69 qpstep=4 ip_ratio=1.40 aq=0
2026-09-15T20:36:16.460[20232] INFO txproto::packet sink - Send config packet
2026-09-15T20:36:16.461[20232] INFO kyavservice - Video force IDR
2026-09-15T20:36:16.461[20232] INFO txproto::lavc:libx264 - Force IDR
2026-09-15T20:36:19.444[20232] INFO txproto::spout - Spout: New sender registered: "bench-out" (1920x1080)
2026-09-15T20:36:19.501[6680] INFO txproto::spout - Spout: New sender registered: "bench-out" (1920x1080)
2026-09-15T20:42:32.147 ERROR kyproto::control - ControlError("read error")
2026-09-15T20:42:32.147 ERROR kyproto::router - RouterError("accept_uni() failed: ConnectionError(\"closed by peer: Closed by Kyproto user (code 0)\")")
2026-09-15T20:42:32.147 ERROR kyproto::router - RouterError("accept_bi() failed: ConnectionError(\"closed by peer: Closed by Kyproto user (code 0)\")")
2026-09-15T20:42:32.147 ERROR kyproto::router - RouterError("read_datagram() failed: ConnectionError(\"closed by peer: Closed by Kyproto user (code 0)\")")
2026-09-15T20:42:32.147 INFO kycontroller::kymux_controller - Kymux connection closed for session d8fe911f-ce74-4d21-9e5d-cf846965368f: Ok(())
2026-09-15T20:42:32.147 WARN kyproto::router - Task accept_uni seems to be already stopped
2026-09-15T20:42:32.147 WARN kycontroller::statemachine - Kymux connection timeout for session d8fe911f-ce74-4d21-9e5d-cf846965368f
2026-09-15T20:42:32.147 WARN kyproto::router - Task accept_bi seems to be already stopped
2026-09-15T20:42:32.147 WARN kyproto::router - Task recv_datagrams seems to be already stopped
2026-09-15T20:42:32.147 WARN kyproto::control - Task control recv_msgs seems to be already stopped
2026-09-15T20:42:32.164 INFO kycontroller::controller - Preparing stop session d8fe911f-ce74-4d21-9e5d-cf846965368f
2026-09-15T20:42:32.164 INFO kycontroller::controller - Stop session d8fe911f-ce74-4d21-9e5d-cf846965368f
2026-09-15T20:42:32.164 INFO kycontroller::controller - Stop dataplane
2026-09-15T20:42:32.164 INFO kycontroller::kymux_controller - Stopping shared Kymux infrastructure
2026-09-15T20:42:32.164 INFO actix_web::middleware::logger - ::ffff:127.0.0.1 "GET /ws HTTP/1.1" 101 513 "-" "-" 375.795492
2026-09-15T20:42:32.164 INFO kycontroller::kymux_controller - Stopping Kymux server
2026-09-15T20:42:32.164 INFO kycontroller::avservices_manager - Last client left video Shared { display_id: 4227119652 }, stopping avservice
2026-09-15T20:42:32.164 WARN kycontroller::kymux_controller::server - Kynet accept failed: connection error: Endpoint closed
2026-09-15T20:42:32.164 WARN kycontroller::kymux_controller::server - Kynet accept failed: connection error: Endpoint closed
2026-09-15T20:42:32.164 WARN kycontroller::kymux_controller::server - Kynet accept failed: connection error: Endpoint closed
2026-09-15T20:42:32.164 WARN kycontroller::kymux_controller::server - Kynet accept failed: connection error: Endpoint closed
2026-09-15T20:42:32.164 WARN kycontroller::kymux_controller::server - Kynet accept failed: connection error: Endpoint closed
2026-09-15T20:42:32.165 WARN kycontroller::kymux_controller::server - Kynet accept failed: connection error: Endpoint closed
2026-09-15T20:42:32.165 WARN kycontroller::kymux_controller::server - Kynet accept failed: connection error: Endpoint closed
2026-09-15T20:42:32.165 WARN kycontroller::kymux_controller::server - Kynet accept failed: connection error: Endpoint closed
2026-09-15T20:42:32.165 WARN kycontroller::kymux_controller::server - Kynet accept failed: connection error: Endpoint closed
2026-09-15T20:42:32.165 WARN kycontroller::kymux_controller::server - Kynet accept failed: connection error: Endpoint closed
2026-09-15T20:42:32.165 WARN kycontroller::kymux_controller::server - Kynet accept failed: connection error: Endpoint closed
2026-09-15T20:42:32.165 WARN kycontroller::kymux_controller::server - Kynet accept failed: connection error: Endpoint closed
2026-09-15T20:42:32.165 WARN kycontroller::kymux_controller::server - Kynet accept failed: connection error: Endpoint closed
2026-09-15T20:42:32.165 WARN kycontroller::kymux_controller::server - Kynet accept failed: connection error: Endpoint closed
2026-09-15T20:42:32.165 WARN kycontroller::kymux_controller::server - Kynet accept failed: connection error: Endpoint closed
2026-09-15T20:42:32.165 WARN kycontroller::kymux_controller::server - Kynet accept failed: connection error: Endpoint closed
2026-09-15T20:42:32.165 WARN kycontroller::kymux_controller::server - Kynet accept failed: connection error: Endpoint closed
2026-09-15T20:42:32.165 WARN kycontroller::kymux_controller::server - Kynet accept failed: connection error: Endpoint closed
2026-09-15T20:42:32.165 WARN kycontroller::kymux_controller::server - Kynet accept failed: connection error: Endpoint closed
2026-09-15T20:42:32.165 WARN kycontroller::kymux_controller::server - Kynet accept failed: connection error: Endpoint closed
2026-09-15T20:42:32.165 WARN kycontroller::kymux_controller::server - Kynet accept failed: connection error: Endpoint closed
2026-09-15T20:42:32.165 WARN kycontroller::kymux_controller::server - Kynet accept failed: connection error: Endpoint closed
2026-09-15T20:42:32.165 WARN kycontroller::kymux_controller::server - Kynet accept failed: connection error: Endpoint closed
2026-09-15T20:42:32.165 WARN kycontroller::kymux_controller::server - Kynet accept failed: connection error: Endpoint closed
2026-09-15T20:42:32.165 WARN kycontroller::kymux_controller::server - Kynet accept failed: connection error: Endpoint closed
2026-09-15T20:42:32.165 WARN kycontroller::kymux_controller::server - Kynet accept failed: connection error: Endpoint closed
2026-09-15T20:42:32.165 WARN kycontroller::kymux_controller::server - Kynet accept failed: connection error: Endpoint closed
2026-09-15T20:42:32.165 WARN kycontroller::kymux_controller::server - Kynet accept failed: connection error: Endpoint closed
2026-09-15T20:42:32.165 WARN kycontroller::kymux_controller::server - Kynet accept failed: connection error: Endpoint closed
2026-09-15T20:42:32.165 WARN kycontroller::kymux_controller::server - Kynet accept failed: connection error: Endpoint closed
2026-09-15T20:42:32.165 WARN kycontroller::kymux_controller::server - Kynet accept failed: connection error: Endpoint closed
2026-09-15T20:42:32.165 WARN kycontroller::kymux_controller::server - Kynet accept failed: connection error: Endpoint closed
2026-09-15T20:42:32.165 WARN kycontroller::kymux_controller::server - Kynet accept failed: connection error: Endpoint closed
2026-09-15T20:42:32.165 WARN kycontroller::kymux_controller::server - Kynet accept failed: connection error: Endpoint closed
2026-09-15T20:42:32.165 WARN kycontroller::kymux_controller::server - Kynet accept failed: connection error: Endpoint closed
2026-09-15T20:42:32.165 WARN kycontroller::kymux_controller::server - Kynet accept failed: connection error: Endpoint closed
2026-09-15T20:42:32.165 WARN kycontroller::kymux_controller::server - Kynet accept failed: connection error: Endpoint closed
2026-09-15T20:42:32.165 WARN kycontroller::kymux_controller::server - Kynet accept failed: connection error: Endpoint closed
2026-09-15T20:42:32.165 WARN kycontroller::kymux_controller::server - Kynet accept failed: connection error: Endpoint closed
2026-09-15T20:42:32.165 WARN kycontroller::kymux_controller::server - Kynet accept failed: connection error: Endpoint closed
2026-09-15T20:42:32.165 WARN kycontroller::kymux_controller::server - Kynet accept failed: connection error: Endpoint closed
2026-09-15T20:42:32.165 WARN kycontroller::kymux_controller::server - Kynet accept failed: connection error: Endpoint closed
2026-09-15T20:42:32.165 WARN kycontroller::kymux_controller::server - Kynet accept failed: connection error: Endpoint closed
2026-09-15T20:42:32.165 WARN kycontroller::kymux_controller::server - Kynet accept failed: connection error: Endpoint closed
2026-09-15T20:42:32.165 WARN kycontroller::kymux_controller::server - Kynet accept failed: connection error: Endpoint closed
2026-09-15T20:42:32.165 WARN kycontroller::kymux_controller::server - Kynet accept failed: connection error: Endpoint closed
2026-09-15T20:42:32.165 WARN kycontroller::kymux_controller::server - Kynet accept failed: connection error: Endpoint closed
2026-09-15T20:42:32.165 WARN kycontroller::kymux_controller::server - Kynet accept failed: connection error: Endpoint closed
2026-09-15T20:42:32.165 WARN kycontroller::kymux_controller::server - Kynet accept failed: connection error: Endpoint closed
2026-09-15T20:42:32.165 WARN kycontroller::kymux_controller::server - Kynet accept failed: connection error: Endpoint closed
2026-09-15T20:42:32.165 WARN kycontroller::kymux_controller::server - Kynet accept failed: connection error: Endpoint closed
2026-09-15T20:42:32.165 WARN kycontroller::kymux_controller::server - Kynet accept failed: connection error: Endpoint closed
2026-09-15T20:42:32.165 WARN kycontroller::kymux_controller::server - Kynet accept failed: connection error: Endpoint closed
2026-09-15T20:42:32.165 WARN kycontroller::kymux_controller::server - Kynet accept failed: connection error: Endpoint closed
2026-09-15T20:42:32.165 WARN kycontroller::kymux_controller::server - Kynet accept failed: connection error: Endpoint closed
2026-09-15T20:42:32.165 WARN kycontroller::kymux_controller::server - Kynet accept failed: connection error: Endpoint closed
2026-09-15T20:42:32.165 WARN kycontroller::kymux_controller::server - Kynet accept failed: connection error: Endpoint closed
2026-09-15T20:42:32.165 WARN kycontroller::kymux_controller::server - Kynet accept failed: connection error: Endpoint closed
2026-09-15T20:42:32.165 WARN kycontroller::kymux_controller::server - Kynet accept failed: connection error: Endpoint closed
2026-09-15T20:42:32.165 WARN kycontroller::kymux_controller::server - Kynet accept failed: connection error: Endpoint closed
2026-09-15T20:42:32.165 WARN kycontroller::kymux_controller::server - Kynet accept failed: connection error: Endpoint closed
2026-09-15T20:42:32.165 WARN kycontroller::kymux_controller::server - Kynet accept failed: connection error: Endpoint closed
2026-09-15T20:42:32.165 WARN kycontroller::kymux_controller::server - Kynet accept failed: connection error: Endpoint closed
2026-09-15T20:42:32.165 WARN kycontroller::kymux_controller::server - Kynet accept failed: connection error: Endpoint closed
2026-09-15T20:42:32.165 WARN kycontroller::kymux_controller::server - Kynet accept failed: connection error: Endpoint closed
2026-09-15T20:42:32.165 WARN kycontroller::kymux_controller::server - Kynet accept failed: connection error: Endpoint closed
2026-09-15T20:42:32.165 WARN kycontroller::kymux_controller::server - Kynet accept failed: connection error: Endpoint closed
2026-09-15T20:42:32.165 WARN kycontroller::kymux_controller::server - Kynet accept failed: connection error: Endpoint closed
2026-09-15T20:42:32.165 WARN kycontroller::kymux_controller::server - Kynet accept failed: connection error: Endpoint closed
2026-09-15T20:42:32.165 WARN kycontroller::kymux_controller::server - Kynet accept failed: connection error: Endpoint closed
2026-09-15T20:42:32.165 WARN kycontroller::kymux_controller::server - Kynet accept failed: connection error: Endpoint closed
2026-09-15T20:42:32.165 WARN kycontroller::kymux_controller::server - Kynet accept failed: connection error: Endpoint closed
2026-09-15T20:42:32.165 WARN kycontroller::kymux_controller::server - Kynet accept failed: connection error: Endpoint closed
2026-09-15T20:42:32.165 WARN kycontroller::kymux_controller::server - Kynet accept failed: connection error: Endpoint closed
2026-09-15T20:42:32.165 WARN kycontroller::kymux_controller::server - Kynet accept failed: connection error: Endpoint closed
2026-09-15T20:42:32.166 WARN kycontroller::kymux_controller::server - Kynet accept failed: connection error: Endpoint closed
2026-09-15T20:42:32.166 WARN kycontroller::kymux_controller::server - Kynet accept failed: connection error: Endpoint closed
2026-09-15T20:42:32.166 WARN kycontroller::kymux_controller::server - Kynet accept failed: connection error: Endpoint closed
2026-09-15T20:42:32.166 WARN kycontroller::kymux_controller::server - Kynet accept failed: connection error: Endpoint closed
2026-09-15T20:42:32.166 WARN kycontroller::kymux_controller::server - Kynet accept failed: connection error: Endpoint closed
2026-09-15T20:42:32.166 WARN kycontroller::kymux_controller::server - Kynet accept failed: connection error: Endpoint closed
2026-09-15T20:42:32.166 WARN kycontroller::kymux_controller::server - Kynet accept failed: connection error: Endpoint closed
2026-09-15T20:42:32.166 WARN kycontroller::kymux_controller::server - Kynet accept failed: connection error: Endpoint closed
2026-09-15T20:42:32.166 WARN kycontroller::kymux_controller::server - Kynet accept failed: connection error: Endpoint closed
2026-09-15T20:42:32.166 WARN kycontroller::kymux_controller::server - Kynet accept failed: connection error: Endpoint closed
2026-09-15T20:42:32.166 WARN kycontroller::kymux_controller::server - Kynet accept failed: connection error: Endpoint closed
2026-09-15T20:42:32.166 WARN kycontroller::kymux_controller::server - Kynet accept failed: connection error: Endpoint closed
2026-09-15T20:42:32.166 WARN kycontroller::kymux_controller::server - Kynet accept failed: connection error: Endpoint closed
2026-09-15T20:42:32.166 WARN kycontroller::kymux_controller::server - Kynet accept failed: connection error: Endpoint closed
2026-09-15T20:42:32.166 WARN kycontroller::kymux_controller::server - Kynet accept failed: connection error: Endpoint closed
2026-09-15T20:42:32.166 WARN kycontroller::kymux_controller::server - Kynet accept failed: connection error: Endpoint closed
2026-09-15T20:42:32.166 WARN kycontroller::kymux_controller::server - Kynet accept failed: connection error: Endpoint closed
2026-09-15T20:42:32.166 WARN kycontroller::kymux_controller::server - Kynet accept failed: connection error: Endpoint closed
2026-09-15T20:42:32.166 WARN kycontroller::kymux_controller::server - Kynet accept failed: connection error: Endpoint closed
2026-09-15T20:42:32.166 INFO libkypc::process - Kill Child(C:\Users\trist\KyberFrog-bench\bundle-643ee0e\kyavserver)
2026-09-15T20:42:32.166 WARN kycontroller::kymux_controller::server - Kynet accept failed: connection error: Endpoint closed
2026-09-15T20:42:32.166 WARN kycontroller::kymux_controller::server - Kynet accept failed: connection error: Endpoint closed
2026-09-15T20:42:32.166 WARN kycontroller::kymux_controller::server - Kynet accept failed: connection error: Endpoint closed
2026-09-15T20:42:32.166 WARN kycontroller::kymux_controller::server - Kynet accept failed: connection error: Endpoint closed
2026-09-15T20:42:32.166 WARN kycontroller::kymux_controller::server - Kynet accept failed: connection error: Endpoint closed
2026-09-15T20:42:32.166 WARN kycontroller::kymux_controller::server - Kynet accept failed: connection error: Endpoint closed
2026-09-15T20:42:32.166 WARN kycontroller::kymux_controller::server - Kynet accept failed: connection error: Endpoint closed
2026-09-15T20:42:32.166 WARN kycontroller::kymux_controller::server - Kynet accept failed: connection error: Endpoint closed
2026-09-15T20:42:32.166 WARN kycontroller::kymux_controller::server - Kynet accept failed: connection error: Endpoint closed
2026-09-15T20:42:32.166 WARN kycontroller::kymux_controller::server - Kynet accept failed: connection error: Endpoint closed
2026-09-15T20:42:32.166 WARN kycontroller::kymux_controller::server - Kynet accept failed: connection error: Endpoint closed
2026-09-15T20:42:32.166 WARN kycontroller::kymux_controller::server - Kynet accept failed: connection error: Endpoint closed
2026-09-15T20:42:32.166 WARN kycontroller::kymux_controller::server - Kynet accept failed: connection error: Endpoint closed
2026-09-15T20:42:32.166 WARN kycontroller::kymux_controller::server - Kynet accept failed: connection error: Endpoint closed
2026-09-15T20:42:32.166 WARN kycontroller::kymux_controller::server - Kynet accept failed: connection error: Endpoint closed
2026-09-15T20:42:32.166 WARN kycontroller::kymux_controller::server - Kynet accept failed: connection error: Endpoint closed
2026-09-15T20:42:32.166 WARN kycontroller::kymux_controller::server - Kynet accept failed: connection error: Endpoint closed
2026-09-15T20:42:32.166 WARN kycontroller::kymux_controller::server - Kynet accept failed: connection error: Endpoint closed
2026-09-15T20:42:32.166 WARN kycontroller::kymux_controller::server - Kynet accept failed: connection error: Endpoint closed
2026-09-15T20:42:32.166 WARN kycontroller::kymux_controller::server - Kynet accept failed: connection error: Endpoint closed
2026-09-15T20:42:32.166 WARN kycontroller::kymux_controller::server - Kynet accept failed: connection error: Endpoint closed
2026-09-15T20:42:32.167 WARN kycontroller::kymux_controller::server - Kynet accept failed: connection error: Endpoint closed
2026-09-15T20:42:32.167 WARN kycontroller::kymux_controller::server - Kynet accept failed: connection error: Endpoint closed
2026-09-15T20:42:32.167 WARN kycontroller::kymux_controller::server - Kynet accept failed: connection error: Endpoint closed
2026-09-15T20:42:32.167 WARN kycontroller::kymux_controller::server - Kynet accept failed: connection error: Endpoint closed
2026-09-15T20:42:32.167 WARN kycontroller::kymux_controller::server - Kynet accept failed: connection error: Endpoint closed
2026-09-15T20:42:32.167 WARN kycontroller::kymux_controller::server - Kynet accept failed: connection error: Endpoint closed
2026-09-15T20:42:32.167 WARN kycontroller::kymux_controller::server - Kynet accept failed: connection error: Endpoint closed
2026-09-15T20:42:32.167 WARN kycontroller::kymux_controller::server - Kynet accept failed: connection error: Endpoint closed
2026-09-15T20:42:32.167 WARN kycontroller::kymux_controller::server - Kynet accept failed: connection error: Endpoint closed
2026-09-15T20:42:32.167 WARN kycontroller::kymux_controller::server - Kynet accept failed: connection error: Endpoint closed
2026-09-15T20:42:32.167 WARN kycontroller::kymux_controller::server - Kynet accept failed: connection error: Endpoint closed
2026-09-15T20:42:32.167 WARN kycontroller::kymux_controller::server - Kynet accept failed: connection error: Endpoint closed
2026-09-15T20:42:32.167 WARN kycontroller::kymux_controller::server - Kynet accept failed: connection error: Endpoint closed
2026-09-15T20:42:32.167 WARN kycontroller::kymux_controller::server - Kynet accept failed: connection error: Endpoint closed
2026-09-15T20:42:32.167 WARN kycontroller::kymux_controller::server - Kynet accept failed: connection error: Endpoint closed
2026-09-15T20:42:32.167 WARN kycontroller::kymux_controller::server - Kynet accept failed: connection error: Endpoint closed
2026-09-15T20:42:32.167 WARN kycontroller::kymux_controller::server - Kynet accept failed: connection error: Endpoint closed
2026-09-15T20:42:32.167 WARN kycontroller::kymux_controller::server - Kynet accept failed: connection error: Endpoint closed
2026-09-15T20:42:32.167 WARN kycontroller::kymux_controller::server - Kynet accept failed: connection error: Endpoint closed
2026-09-15T20:42:32.167 WARN kycontroller::kymux_controller::server - Kynet accept failed: connection error: Endpoint closed
2026-09-15T20:42:32.167 WARN kycontroller::kymux_controller::server - Kynet accept failed: connection error: Endpoint closed
2026-09-15T20:42:32.167 WARN kycontroller::kymux_controller::server - Kynet accept failed: connection error: Endpoint closed
2026-09-15T20:42:32.167 WARN kycontroller::kymux_controller::server - Kynet accept failed: connection error: Endpoint closed
2026-09-15T20:42:32.167 WARN kycontroller::kymux_controller::server - Kynet accept failed: connection error: Endpoint closed
2026-09-15T20:42:32.167 WARN kycontroller::kymux_controller::server - Kynet accept failed: connection error: Endpoint closed
2026-09-15T20:42:32.167 WARN kycontroller::kymux_controller::server - Kynet accept failed: connection error: Endpoint closed
2026-09-15T20:42:32.167 WARN kycontroller::kymux_controller::server - Kynet accept failed: connection error: Endpoint closed
2026-09-15T20:42:32.167 WARN kycontroller::kymux_controller::server - Kynet accept failed: connection error: Endpoint closed
2026-09-15T20:42:32.167 WARN kycontroller::kymux_controller::server - Kynet accept failed: connection error: Endpoint closed
2026-09-15T20:42:32.167 WARN kycontroller::kymux_controller::server - Kynet accept failed: connection error: Endpoint closed
2026-09-15T20:42:32.167 WARN kycontroller::kymux_controller::server - Kynet accept failed: connection error: Endpoint closed
2026-09-15T20:42:32.167 WARN kycontroller::kymux_controller::server - Kynet accept failed: connection error: Endpoint closed
2026-09-15T20:42:32.167 WARN kycontroller::kymux_controller::server - Kynet accept failed: connection error: Endpoint closed
2026-09-15T20:42:32.167 WARN kycontroller::kymux_controller::server - Kynet accept failed: connection error: Endpoint closed
2026-09-15T20:42:32.167 WARN kycontroller::kymux_controller::server - Kynet accept failed: connection error: Endpoint closed
2026-09-15T20:42:32.167 WARN kycontroller::kymux_controller::server - Kynet accept failed: connection error: Endpoint closed
2026-09-15T20:42:32.167 WARN kycontroller::kymux_controller::server - Kynet accept failed: connection error: Endpoint closed
2026-09-15T20:42:32.167 WARN kycontroller::kymux_controller::server - Kynet accept failed: connection error: Endpoint closed
2026-09-15T20:42:32.167 WARN kycontroller::kymux_controller::server - Kynet accept failed: connection error: Endpoint closed
2026-09-15T20:42:32.167 WARN kycontroller::kymux_controller::server - Kynet accept failed: connection error: Endpoint closed
2026-09-15T20:42:32.167 WARN kycontroller::kymux_controller::server - Kynet accept failed: connection error: Endpoint closed
2026-09-15T20:42:32.167 WARN kycontroller::kymux_controller::server - Kynet accept failed: connection error: Endpoint closed
2026-09-15T20:42:32.167 WARN kycontroller::kymux_controller::server - Kynet accept failed: connection error: Endpoint closed
2026-09-15T20:42:32.167 WARN kycontroller::kymux_controller::server - Kynet accept failed: connection error: Endpoint closed
2026-09-15T20:42:32.167 WARN kycontroller::kymux_controller::server - Kynet accept failed: connection error: Endpoint closed
2026-09-15T20:42:32.167 WARN kycontroller::kymux_controller::server - Kynet accept failed: connection error: Endpoint closed
2026-09-15T20:42:32.167 WARN kycontroller::kymux_controller::server - Kynet accept failed: connection error: Endpoint closed
2026-09-15T20:42:32.167 WARN kycontroller::kymux_controller::server - Kynet accept failed: connection error: Endpoint closed
2026-09-15T20:42:32.167 WARN kycontroller::kymux_controller::server - Kynet accept failed: connection error: Endpoint closed
2026-09-15T20:42:32.167 WARN kycontroller::kymux_controller::server - Kynet accept failed: connection error: Endpoint closed
2026-09-15T20:42:32.167 WARN kycontroller::kymux_controller::server - Kynet accept failed: connection error: Endpoint closed
2026-09-15T20:42:32.167 WARN kycontroller::kymux_controller::server - Kynet accept failed: connection error: Endpoint closed
2026-09-15T20:42:32.167 WARN kycontroller::kymux_controller::server - Kynet accept failed: connection error: Endpoint closed
2026-09-15T20:42:32.167 WARN kycontroller::kymux_controller::server - Kynet accept failed: connection error: Endpoint closed
2026-09-15T20:42:32.167 WARN kycontroller::kymux_controller::server - Kynet accept failed: connection error: Endpoint closed
2026-09-15T20:42:32.167 WARN kycontroller::kymux_controller::server - Kynet accept failed: connection error: Endpoint closed
2026-09-15T20:42:32.167 WARN kycontroller::kymux_controller::server - Kynet accept failed: connection error: Endpoint closed
2026-09-15T20:42:32.167 WARN kycontroller::kymux_controller::server - Kynet accept failed: connection error: Endpoint closed
2026-09-15T20:42:32.167 WARN kycontroller::kymux_controller::server - Kynet accept failed: connection error: Endpoint closed
2026-09-15T20:42:32.167 WARN kycontroller::kymux_controller::server - Kynet accept failed: connection error: Endpoint closed
2026-09-15T20:42:32.167 WARN kycontroller::kymux_controller::server - Kynet accept failed: connection error: Endpoint closed
2026-09-15T20:42:32.167 WARN kycontroller::kymux_controller::server - Kynet accept failed: connection error: Endpoint closed
2026-09-15T20:42:32.167 WARN kycontroller::kymux_controller::server - Kynet accept failed: connection error: Endpoint closed
2026-09-15T20:42:32.167 WARN kycontroller::kymux_controller::server - Kynet accept failed: connection error: Endpoint closed
2026-09-15T20:42:32.167 WARN kycontroller::kymux_controller::server - Kynet accept failed: connection error: Endpoint closed
2026-09-15T20:42:32.167 WARN kycontroller::kymux_controller::server - Kynet accept failed: connection error: Endpoint closed
2026-09-15T20:42:32.167 WARN kycontroller::kymux_controller::server - Kynet accept failed: connection error: Endpoint closed
2026-09-15T20:42:32.167 WARN kycontroller::kymux_controller::server - Kynet accept failed: connection error: Endpoint closed
2026-09-15T20:42:32.167 WARN kycontroller::kymux_controller::server - Kynet accept failed: connection error: Endpoint closed
2026-09-15T20:42:32.167 WARN kycontroller::kymux_controller::server - Kynet accept failed: connection error: Endpoint closed
2026-09-15T20:42:32.167 WARN kycontroller::kymux_controller::server - Kynet accept failed: connection error: Endpoint closed
2026-09-15T20:42:32.167 WARN kycontroller::kymux_controller::server - Kynet accept failed: connection error: Endpoint closed
2026-09-15T20:42:32.168 WARN kycontroller::kymux_controller::server - Kynet accept failed: connection error: Endpoint closed
2026-09-15T20:42:32.168 WARN kycontroller::kymux_controller::server - Kynet accept failed: connection error: Endpoint closed
2026-09-15T20:42:32.168 WARN kycontroller::kymux_controller::server - Kynet accept failed: connection error: Endpoint closed
2026-09-15T20:42:32.168 WARN kycontroller::kymux_controller::server - Kynet accept failed: connection error: Endpoint closed
2026-09-15T20:42:32.168 WARN kycontroller::kymux_controller::server - Kynet accept failed: connection error: Endpoint closed
2026-09-15T20:42:32.168 WARN kycontroller::kymux_controller::server - Kynet accept failed: connection error: Endpoint closed
2026-09-15T20:42:32.168 WARN kycontroller::kymux_controller::server - Kynet accept failed: connection error: Endpoint closed
2026-09-15T20:42:32.168 WARN kycontroller::kymux_controller::server - Kynet accept failed: connection error: Endpoint closed
2026-09-15T20:42:32.168 WARN kycontroller::kymux_controller::server - Kynet accept failed: connection error: Endpoint closed
2026-09-15T20:42:32.168 WARN kycontroller::kymux_controller::server - Kynet accept failed: connection error: Endpoint closed
2026-09-15T20:42:32.168 WARN kycontroller::kymux_controller::server - Kynet accept failed: connection error: Endpoint closed
2026-09-15T20:42:32.168 WARN kycontroller::kymux_controller::server - Kynet accept failed: connection error: Endpoint closed
2026-09-15T20:42:32.168 WARN kycontroller::kymux_controller::server - Kynet accept failed: connection error: Endpoint closed
2026-09-15T20:42:32.168 WARN kycontroller::kymux_controller::server - Kynet accept failed: connection error: Endpoint closed
2026-09-15T20:42:32.168 WARN kycontroller::kymux_controller::server - Kynet accept failed: connection error: Endpoint closed
2026-09-15T20:42:32.168 WARN kycontroller::kymux_controller::server - Kynet accept failed: connection error: Endpoint closed
2026-09-15T20:42:32.168 WARN kycontroller::kymux_controller::server - Kynet accept failed: connection error: Endpoint closed
2026-09-15T20:42:32.168 WARN kycontroller::kymux_controller::server - Kynet accept failed: connection error: Endpoint closed
2026-09-15T20:42:32.168 WARN kycontroller::kymux_controller::server - Kynet accept failed: connection error: Endpoint closed
2026-09-15T20:42:32.168 WARN kycontroller::kymux_controller::server - Kynet accept failed: connection error: Endpoint closed
2026-09-15T20:42:32.168 WARN kycontroller::kymux_controller::server - Kynet accept failed: connection error: Endpoint closed
2026-09-15T20:42:32.168 WARN kycontroller::kymux_controller::server - Kynet accept failed: connection error: Endpoint closed
2026-09-15T20:42:32.168 WARN kycontroller::kymux_controller::server - Kynet accept failed: connection error: Endpoint closed
2026-09-15T20:42:32.168 WARN kycontroller::kymux_controller::server - Kynet accept failed: connection error: Endpoint closed
2026-09-15T20:42:32.168 WARN kycontroller::kymux_controller::server - Kynet accept failed: connection error: Endpoint closed
2026-09-15T20:42:32.168 WARN kycontroller::kymux_controller::server - Kynet accept failed: connection error: Endpoint closed
2026-09-15T20:42:32.168 WARN kycontroller::kymux_controller::server - Kynet accept failed: connection error: Endpoint closed
2026-09-15T20:42:32.168 WARN kycontroller::kymux_controller::server - Kynet accept failed: connection error: Endpoint closed
2026-09-15T20:42:32.168 WARN kycontroller::kymux_controller::server - Kynet accept failed: connection error: Endpoint closed
2026-09-15T20:42:32.168 WARN kycontroller::kymux_controller::server - Kynet accept failed: connection error: Endpoint closed
2026-09-15T20:42:32.168 WARN kycontroller::kymux_controller::server - Kynet accept failed: connection error: Endpoint closed
2026-09-15T20:42:32.168 WARN kycontroller::kymux_controller::server - Kynet accept failed: connection error: Endpoint closed
2026-09-15T20:42:32.168 WARN kycontroller::kymux_controller::server - Kynet accept failed: connection error: Endpoint closed
2026-09-15T20:42:32.168 WARN kycontroller::kymux_controller::server - Kynet accept failed: connection error: Endpoint closed
2026-09-15T20:42:32.168 WARN kycontroller::kymux_controller::server - Kynet accept failed: connection error: Endpoint closed
2026-09-15T20:42:32.168 WARN kycontroller::kymux_controller::server - Kynet accept failed: connection error: Endpoint closed
2026-09-15T20:42:32.168 WARN kycontroller::kymux_controller::server - Kynet accept failed: connection error: Endpoint closed
2026-09-15T20:42:32.168 WARN kycontroller::kymux_controller::server - Kynet accept failed: connection error: Endpoint closed
2026-09-15T20:42:32.168 WARN kycontroller::kymux_controller::server - Kynet accept failed: connection error: Endpoint closed
2026-09-15T20:42:32.168 WARN kycontroller::kymux_controller::server - Kynet accept failed: connection error: Endpoint closed
2026-09-15T20:42:32.168 WARN kycontroller::kymux_controller::server - Kynet accept failed: connection error: Endpoint closed
2026-09-15T20:42:32.168 WARN kycontroller::kymux_controller::server - Kynet accept failed: connection error: Endpoint closed
2026-09-15T20:42:32.168 WARN kycontroller::kymux_controller::server - Kynet accept failed: connection error: Endpoint closed
2026-09-15T20:42:32.168 WARN kycontroller::kymux_controller::server - Kynet accept failed: connection error: Endpoint closed
2026-09-15T20:42:32.168 WARN kycontroller::kymux_controller::server - Kynet accept failed: connection error: Endpoint closed
2026-09-15T20:42:32.168 WARN kycontroller::kymux_controller::server - Kynet accept failed: connection error: Endpoint closed
2026-09-15T20:42:32.168 WARN kycontroller::kymux_controller::server - Kynet accept failed: connection error: Endpoint closed
2026-09-15T20:42:32.168 WARN kycontroller::kymux_controller::server - Kynet accept failed: connection error: Endpoint closed
2026-09-15T20:42:32.168 WARN kycontroller::kymux_controller::server - Kynet accept failed: connection error: Endpoint closed
2026-09-15T20:42:32.168 WARN kycontroller::kymux_controller::server - Kynet accept failed: connection error: Endpoint closed
2026-09-15T20:42:32.168 WARN kycontroller::kymux_controller::server - Kynet accept failed: connection error: Endpoint closed
2026-09-15T20:42:32.168 WARN kycontroller::kymux_controller::server - Kynet accept failed: connection error: Endpoint closed
2026-09-15T20:42:32.168 WARN kycontroller::kymux_controller::server - Kynet accept failed: connection error: Endpoint closed
2026-09-15T20:42:32.168 WARN kycontroller::kymux_controller::server - Kynet accept failed: connection error: Endpoint closed
2026-09-15T20:42:32.168 WARN kycontroller::kymux_controller::server - Kynet accept failed: connection error: Endpoint closed
2026-09-15T20:42:32.168 WARN kycontroller::kymux_controller::server - Kynet accept failed: connection error: Endpoint closed
2026-09-15T20:42:32.168 WARN kycontroller::kymux_controller::server - Kynet accept failed: connection error: Endpoint closed
2026-09-15T20:42:32.168 WARN kycontroller::kymux_controller::server - Kynet accept failed: connection error: Endpoint closed
2026-09-15T20:42:32.168 WARN kycontroller::kymux_controller::server - Kynet accept failed: connection error: Endpoint closed
2026-09-15T20:42:32.168 WARN kycontroller::kymux_controller::server - Kynet accept failed: connection error: Endpoint closed
2026-09-15T20:42:32.168 WARN kycontroller::kymux_controller::server - Kynet accept failed: connection error: Endpoint closed
2026-09-15T20:42:32.168 WARN kycontroller::kymux_controller::server - Kynet accept failed: connection error: Endpoint closed
2026-09-15T20:42:32.168 WARN kycontroller::kymux_controller::server - Kynet accept failed: connection error: Endpoint closed
2026-09-15T20:42:32.169 WARN kycontroller::kymux_controller::server - Kynet accept failed: connection error: Endpoint closed
2026-09-15T20:42:32.169 WARN kycontroller::kymux_controller::server - Kynet accept failed: connection error: Endpoint closed
2026-09-15T20:42:32.169 WARN kycontroller::kymux_controller::server - Kynet accept failed: connection error: Endpoint closed
2026-09-15T20:42:32.169 WARN kycontroller::kymux_controller::server - Kynet accept failed: connection error: Endpoint closed
2026-09-15T20:42:32.169 WARN kycontroller::kymux_controller::server - Kynet accept failed: connection error: Endpoint closed
2026-09-15T20:42:32.169 WARN kycontroller::kymux_controller::server - Kynet accept failed: connection error: Endpoint closed
2026-09-15T20:42:32.169 WARN kycontroller::kymux_controller::server - Kynet accept failed: connection error: Endpoint closed
2026-09-15T20:42:32.169 WARN kycontroller::kymux_controller::server - Kynet accept failed: connection error: Endpoint closed
2026-09-15T20:42:32.169 WARN kycontroller::kymux_controller::server - Kynet accept failed: connection error: Endpoint closed
2026-09-15T20:42:32.169 WARN kycontroller::kymux_controller::server - Kynet accept failed: connection error: Endpoint closed
2026-09-15T20:42:32.169 WARN kycontroller::kymux_controller::server - Kynet accept failed: connection error: Endpoint closed
2026-09-15T20:42:32.169 WARN kycontroller::kymux_controller::server - Kynet accept failed: connection error: Endpoint closed
2026-09-15T20:42:32.169 WARN kycontroller::kymux_controller::server - Kynet accept failed: connection error: Endpoint closed
2026-09-15T20:42:32.169 WARN kycontroller::kymux_controller::server - Kynet accept failed: connection error: Endpoint closed
2026-09-15T20:42:32.169 WARN kycontroller::kymux_controller::server - Kynet accept failed: connection error: Endpoint closed
2026-09-15T20:42:32.169 WARN kycontroller::kymux_controller::server - Kynet accept failed: connection error: Endpoint closed
2026-09-15T20:42:32.169 WARN kycontroller::kymux_controller::server - Kynet accept failed: connection error: Endpoint closed
2026-09-15T20:42:32.169 WARN kycontroller::kymux_controller::server - Kynet accept failed: connection error: Endpoint closed
2026-09-15T20:42:32.169 WARN kycontroller::kymux_controller::server - Kynet accept failed: connection error: Endpoint closed
2026-09-15T20:42:32.169 WARN kycontroller::kymux_controller::server - Kynet accept failed: connection error: Endpoint closed
2026-09-15T20:42:32.169 WARN kycontroller::kymux_controller::server - Kynet accept failed: connection error: Endpoint closed
2026-09-15T20:42:32.169 WARN kycontroller::kymux_controller::server - Kynet accept failed: connection error: Endpoint closed
2026-09-15T20:42:32.169 WARN kycontroller::kymux_controller::server - Kynet accept failed: connection error: Endpoint closed
2026-09-15T20:42:32.169 WARN kycontroller::kymux_controller::server - Kynet accept failed: connection error: Endpoint closed
2026-09-15T20:42:32.169 WARN kycontroller::kymux_controller::server - Kynet accept failed: connection error: Endpoint closed
2026-09-15T20:42:32.169 WARN kycontroller::kymux_controller::server - Kynet accept failed: connection error: Endpoint closed
2026-09-15T20:42:32.169 WARN kycontroller::kymux_controller::server - Kynet accept failed: connection error: Endpoint closed
2026-09-15T20:42:32.169 WARN kycontroller::kymux_controller::server - Kynet accept failed: connection error: Endpoint closed
2026-09-15T20:42:32.169 WARN kycontroller::kymux_controller::server - Kynet accept failed: connection error: Endpoint closed
2026-09-15T20:42:32.169 WARN kycontroller::kymux_controller::server - Kynet accept failed: connection error: Endpoint closed
2026-09-15T20:42:32.169 WARN kycontroller::kymux_controller::server - Kynet accept failed: connection error: Endpoint closed
2026-09-15T20:42:32.169 WARN kycontroller::kymux_controller::server - Kynet accept failed: connection error: Endpoint closed
2026-09-15T20:42:32.169 WARN kycontroller::kymux_controller::server - Kynet accept failed: connection error: Endpoint closed
2026-09-15T20:42:32.169 WARN kycontroller::kymux_controller::server - Kynet accept failed: connection error: Endpoint closed
2026-09-15T20:42:32.169 WARN kycontroller::kymux_controller::server - Kynet accept failed: connection error: Endpoint closed
2026-09-15T20:42:32.169 WARN kycontroller::kymux_controller::server - Kynet accept failed: connection error: Endpoint closed
2026-09-15T20:42:32.169 WARN kycontroller::kymux_controller::server - Kynet accept failed: connection error: Endpoint closed
2026-09-15T20:42:32.169 WARN kycontroller::kymux_controller::server - Kynet accept failed: connection error: Endpoint closed
2026-09-15T20:42:32.169 WARN kycontroller::kymux_controller::server - Kynet accept failed: connection error: Endpoint closed
2026-09-15T20:42:32.169 WARN kycontroller::kymux_controller::server - Kynet accept failed: connection error: Endpoint closed
2026-09-15T20:42:32.169 WARN kycontroller::kymux_controller::server - Kynet accept failed: connection error: Endpoint closed
2026-09-15T20:42:32.169 WARN kycontroller::kymux_controller::server - Kynet accept failed: connection error: Endpoint closed
2026-09-15T20:42:32.169 WARN kycontroller::kymux_controller::server - Kynet accept failed: connection error: Endpoint closed
2026-09-15T20:42:32.169 WARN kycontroller::kymux_controller::server - Kynet accept failed: connection error: Endpoint closed
2026-09-15T20:42:32.169 WARN kycontroller::kymux_controller::server - Kynet accept failed: connection error: Endpoint closed
2026-09-15T20:42:32.169 WARN kycontroller::kymux_controller::server - Kynet accept failed: connection error: Endpoint closed
2026-09-15T20:42:32.169 WARN kycontroller::kymux_controller::server - Kynet accept failed: connection error: Endpoint closed
2026-09-15T20:42:32.169 WARN kycontroller::kymux_controller::server - Kynet accept failed: connection error: Endpoint closed
2026-09-15T20:42:32.169 WARN kycontroller::kymux_controller::server - Kynet accept failed: connection error: Endpoint closed
2026-09-15T20:42:32.169 WARN kycontroller::kymux_controller::server - Kynet accept failed: connection error: Endpoint closed
2026-09-15T20:42:32.169 WARN kycontroller::kymux_controller::server - Kynet accept failed: connection error: Endpoint closed
2026-09-15T20:42:32.169 WARN kycontroller::kymux_controller::server - Kynet accept failed: connection error: Endpoint closed
2026-09-15T20:42:32.169 WARN kycontroller::kymux_controller::server - Kynet accept failed: connection error: Endpoint closed
2026-09-15T20:42:32.169 WARN kycontroller::kymux_controller::server - Kynet accept failed: connection error: Endpoint closed
2026-09-15T20:42:32.169 WARN kycontroller::kymux_controller::server - Kynet accept failed: connection error: Endpoint closed
2026-09-15T20:42:32.169 WARN kycontroller::kymux_controller::server - Kynet accept failed: connection error: Endpoint closed
2026-09-15T20:42:32.169 WARN kycontroller::kymux_controller::server - Kynet accept failed: connection error: Endpoint closed
2026-09-15T20:42:32.169 WARN kycontroller::kymux_controller::server - Kynet accept failed: connection error: Endpoint closed
2026-09-15T20:42:32.169 WARN kycontroller::kymux_controller::server - Kynet accept failed: connection error: Endpoint closed
2026-09-15T20:42:32.169 WARN kycontroller::kymux_controller::server - Kynet accept failed: connection error: Endpoint closed
2026-09-15T20:42:32.169 WARN kycontroller::kymux_controller::server - Kynet accept failed: connection error: Endpoint closed
2026-09-15T20:42:32.169 WARN kycontroller::kymux_controller::server - Kynet accept failed: connection error: Endpoint closed
2026-09-15T20:42:32.169 WARN kycontroller::kymux_controller::server - Kynet accept failed: connection error: Endpoint closed
2026-09-15T20:42:32.169 WARN kycontroller::kymux_controller::server - Kynet accept failed: connection error: Endpoint closed
2026-09-15T20:42:32.169 WARN kycontroller::kymux_controller::server - Kynet accept failed: connection error: Endpoint closed
2026-09-15T20:42:32.169 WARN kycontroller::kymux_controller::server - Kynet accept failed: connection error: Endpoint closed
2026-09-15T20:42:32.169 WARN kycontroller::kymux_controller::server - Kynet accept failed: connection error: Endpoint closed
2026-09-15T20:42:32.169 WARN kycontroller::kymux_controller::server - Kynet accept failed: connection error: Endpoint closed
2026-09-15T20:42:32.170 WARN kycontroller::kymux_controller::server - Kynet accept failed: connection error: Endpoint closed
2026-09-15T20:42:32.170 WARN kycontroller::kymux_controller::server - Kynet accept failed: connection error: Endpoint closed
2026-09-15T20:42:32.170 WARN kycontroller::kymux_controller::server - Kynet accept failed: connection error: Endpoint closed
2026-09-15T20:42:32.170 WARN kycontroller::kymux_controller::server - Kynet accept failed: connection error: Endpoint closed
2026-09-15T20:42:32.170 WARN kycontroller::kymux_controller::server - Kynet accept failed: connection error: Endpoint closed
2026-09-15T20:42:32.170 WARN kycontroller::kymux_controller::server - Kynet accept failed: connection error: Endpoint closed
2026-09-15T20:42:32.170 WARN kycontroller::kymux_controller::server - Kynet accept failed: connection error: Endpoint closed
2026-09-15T20:42:32.170 WARN kycontroller::kymux_controller::server - Kynet accept failed: connection error: Endpoint closed
2026-09-15T20:42:32.170 WARN kycontroller::kymux_controller::server - Kynet accept failed: connection error: Endpoint closed
2026-09-15T20:42:32.170 WARN kycontroller::kymux_controller::server - Kynet accept failed: connection error: Endpoint closed
2026-09-15T20:42:32.170 WARN kycontroller::kymux_controller::server - Kynet accept failed: connection error: Endpoint closed
2026-09-15T20:42:32.170 WARN kycontroller::kymux_controller::server - Kynet accept failed: connection error: Endpoint closed
2026-09-15T20:42:32.170 WARN kycontroller::kymux_controller::server - Kynet accept failed: connection error: Endpoint closed
2026-09-15T20:42:32.170 WARN kycontroller::kymux_controller::server - Kynet accept failed: connection error: Endpoint closed
2026-09-15T20:42:32.170 WARN kycontroller::kymux_controller::server - Kynet accept failed: connection error: Endpoint closed
2026-09-15T20:42:32.170 WARN kycontroller::kymux_controller::server - Kynet accept failed: connection error: Endpoint closed
2026-09-15T20:42:32.170 WARN kycontroller::kymux_controller::server - Kynet accept failed: connection error: Endpoint closed
2026-09-15T20:42:32.170 WARN kycontroller::kymux_controller::server - Kynet accept failed: connection error: Endpoint closed
2026-09-15T20:42:32.170 WARN kycontroller::kymux_controller::server - Kynet accept failed: connection error: Endpoint closed
2026-09-15T20:42:32.170 WARN kycontroller::kymux_controller::server - Kynet accept failed: connection error: Endpoint closed
2026-09-15T20:42:32.170 WARN kycontroller::kymux_controller::server - Kynet accept failed: connection error: Endpoint closed
2026-09-15T20:42:32.170 WARN kycontroller::kymux_controller::server - Kynet accept failed: connection error: Endpoint closed
2026-09-15T20:42:32.170 WARN kycontroller::kymux_controller::server - Kynet accept failed: connection error: Endpoint closed
2026-09-15T20:42:32.170 WARN kycontroller::kymux_controller::server - Kynet accept failed: connection error: Endpoint closed
2026-09-15T20:42:32.170 WARN kycontroller::kymux_controller::server - Kynet accept failed: connection error: Endpoint closed
2026-09-15T20:42:32.170 WARN kycontroller::kymux_controller::server - Kynet accept failed: connection error: Endpoint closed
2026-09-15T20:42:32.170 WARN kycontroller::kymux_controller::server - Kynet accept failed: connection error: Endpoint closed
2026-09-15T20:42:32.170 WARN kycontroller::kymux_controller::server - Kynet accept failed: connection error: Endpoint closed
2026-09-15T20:42:32.170 WARN kycontroller::kymux_controller::server - Kynet accept failed: connection error: Endpoint closed
2026-09-15T20:42:32.170 WARN kycontroller::kymux_controller::server - Kynet accept failed: connection error: Endpoint closed
2026-09-15T20:42:32.170 WARN kycontroller::kymux_controller::server - Kynet accept failed: connection error: Endpoint closed
2026-09-15T20:42:32.170 WARN kycontroller::kymux_controller::server - Kynet accept failed: connection error: Endpoint closed
2026-09-15T20:42:32.170 WARN kycontroller::kymux_controller::server - Kynet accept failed: connection error: Endpoint closed
2026-09-15T20:42:32.170 WARN kycontroller::kymux_controller::server - Kynet accept failed: connection error: Endpoint closed
2026-09-15T20:42:32.170 WARN kycontroller::kymux_controller::server - Kynet accept failed: connection error: Endpoint closed
2026-09-15T20:42:32.170 WARN kycontroller::kymux_controller::server - Kynet accept failed: connection error: Endpoint closed
2026-09-15T20:42:32.170 WARN kycontroller::kymux_controller::server - Kynet accept failed: connection error: Endpoint closed
2026-09-15T20:42:32.170 WARN kycontroller::kymux_controller::server - Kynet accept failed: connection error: Endpoint closed
2026-09-15T20:42:32.170 WARN kycontroller::kymux_controller::server - Kynet accept failed: connection error: Endpoint closed
2026-09-15T20:42:32.170 WARN kycontroller::kymux_controller::server - Kynet accept failed: connection error: Endpoint closed
2026-09-15T20:42:32.170 WARN kycontroller::kymux_controller::server - Kynet accept failed: connection error: Endpoint closed
2026-09-15T20:42:32.170 WARN kycontroller::kymux_controller::server - Kynet accept failed: connection error: Endpoint closed
2026-09-15T20:42:32.170 WARN kycontroller::kymux_controller::server - Kynet accept failed: connection error: Endpoint closed
2026-09-15T20:42:32.170 WARN kycontroller::kymux_controller::server - Kynet accept failed: connection error: Endpoint closed
2026-09-15T20:42:32.170 WARN kycontroller::kymux_controller::server - Kynet accept failed: connection error: Endpoint closed
2026-09-15T20:42:32.170 WARN kycontroller::kymux_controller::server - Kynet accept failed: connection error: Endpoint closed
2026-09-15T20:42:32.170 WARN kycontroller::kymux_controller::server - Kynet accept failed: connection error: Endpoint closed
2026-09-15T20:42:32.170 WARN kycontroller::kymux_controller::server - Kynet accept failed: connection error: Endpoint closed
2026-09-15T20:42:32.170 WARN kycontroller::kymux_controller::server - Kynet accept failed: connection error: Endpoint closed
2026-09-15T20:42:32.170 WARN kycontroller::kymux_controller::server - Kynet accept failed: connection error: Endpoint closed
2026-09-15T20:42:32.170 WARN kycontroller::kymux_controller::server - Kynet accept failed: connection error: Endpoint closed
2026-09-15T20:42:32.170 WARN kycontroller::kymux_controller::server - Kynet accept failed: connection error: Endpoint closed
2026-09-15T20:42:32.170 WARN kycontroller::kymux_controller::server - Kynet accept failed: connection error: Endpoint closed
2026-09-15T20:42:32.170 WARN kycontroller::kymux_controller::server - Kynet accept failed: connection error: Endpoint closed
2026-09-15T20:42:32.170 WARN kycontroller::kymux_controller::server - Kynet accept failed: connection error: Endpoint closed
2026-09-15T20:42:32.170 WARN kycontroller::kymux_controller::server - Kynet accept failed: connection error: Endpoint closed
2026-09-15T20:42:32.170 WARN kycontroller::kymux_controller::server - Kynet accept failed: connection error: Endpoint closed
2026-09-15T20:42:32.170 WARN kycontroller::kymux_controller::server - Kynet accept failed: connection error: Endpoint closed
2026-09-15T20:42:32.170 WARN kycontroller::kymux_controller::server - Kynet accept failed: connection error: Endpoint closed
2026-09-15T20:42:32.170 WARN kycontroller::kymux_controller::server - Kynet accept failed: connection error: Endpoint closed
2026-09-15T20:42:32.170 WARN kycontroller::kymux_controller::server - Kynet accept failed: connection error: Endpoint closed
2026-09-15T20:42:32.170 WARN kycontroller::kymux_controller::server - Kynet accept failed: connection error: Endpoint closed
2026-09-15T20:42:32.170 WARN kycontroller::kymux_controller::server - Kynet accept failed: connection error: Endpoint closed
2026-09-15T20:42:32.170 WARN kycontroller::kymux_controller::server - Kynet accept failed: connection error: Endpoint closed
2026-09-15T20:42:32.170 WARN kycontroller::kymux_controller::server - Kynet accept failed: connection error: Endpoint closed
2026-09-15T20:42:32.170 WARN kycontroller::kymux_controller::server - Kynet accept failed: connection error: Endpoint closed
2026-09-15T20:42:32.170 WARN kycontroller::kymux_controller::server - Kynet accept failed: connection error: Endpoint closed
2026-09-15T20:42:32.171 WARN kycontroller::kymux_controller::server - Kynet accept failed: connection error: Endpoint closed
2026-09-15T20:42:32.171 WARN kycontroller::kymux_controller::server - Kynet accept failed: connection error: Endpoint closed
2026-09-15T20:42:32.171 WARN kycontroller::kymux_controller::server - Kynet accept failed: connection error: Endpoint closed
2026-09-15T20:42:32.171 WARN kycontroller::kymux_controller::server - Kynet accept failed: connection error: Endpoint closed
2026-09-15T20:42:32.171 WARN kycontroller::kymux_controller::server - Kynet accept failed: connection error: Endpoint closed
2026-09-15T20:42:32.171 WARN kycontroller::kymux_controller::server - Kynet accept failed: connection error: Endpoint closed
2026-09-15T20:42:32.171 WARN kycontroller::kymux_controller::server - Kynet accept failed: connection error: Endpoint closed
2026-09-15T20:42:32.171 WARN kycontroller::kymux_controller::server - Kynet accept failed: connection error: Endpoint closed
2026-09-15T20:42:32.171 WARN kycontroller::kymux_controller::server - Kynet accept failed: connection error: Endpoint closed
2026-09-15T20:42:32.171 WARN kycontroller::kymux_controller::server - Kynet accept failed: connection error: Endpoint closed
2026-09-15T20:42:32.171 WARN kycontroller::kymux_controller::server - Kynet accept failed: connection error: Endpoint closed
2026-09-15T20:42:32.171 WARN kycontroller::kymux_controller::server - Kynet accept failed: connection error: Endpoint closed
2026-09-15T20:42:32.171 WARN kycontroller::kymux_controller::server - Kynet accept failed: connection error: Endpoint closed
2026-09-15T20:42:32.171 WARN kycontroller::kymux_controller::server - Kynet accept failed: connection error: Endpoint closed
2026-09-15T20:42:32.171 WARN kycontroller::kymux_controller::server - Kynet accept failed: connection error: Endpoint closed
2026-09-15T20:42:32.171 WARN kycontroller::kymux_controller::server - Kynet accept failed: connection error: Endpoint closed
2026-09-15T20:42:32.171 WARN kycontroller::kymux_controller::server - Kynet accept failed: connection error: Endpoint closed
2026-09-15T20:42:32.171 WARN kycontroller::kymux_controller::server - Kynet accept failed: connection error: Endpoint closed
2026-09-15T20:42:32.171 WARN kycontroller::kymux_controller::server - Kynet accept failed: connection error: Endpoint closed
2026-09-15T20:42:32.171 WARN kycontroller::kymux_controller::server - Kynet accept failed: connection error: Endpoint closed
2026-09-15T20:42:32.171 WARN kycontroller::kymux_controller::server - Kynet accept failed: connection error: Endpoint closed
2026-09-15T20:42:32.171 WARN kycontroller::kymux_controller::server - Kynet accept failed: connection error: Endpoint closed
2026-09-15T20:42:32.171 WARN kycontroller::kymux_controller::server - Kynet accept failed: connection error: Endpoint closed
2026-09-15T20:42:32.171 WARN kycontroller::kymux_controller::server - Kynet accept failed: connection error: Endpoint closed
2026-09-15T20:42:32.171 WARN kycontroller::kymux_controller::server - Kynet accept failed: connection error: Endpoint closed
2026-09-15T20:42:32.171 WARN kycontroller::kymux_controller::server - Kynet accept failed: connection error: Endpoint closed
2026-09-15T20:42:32.171 WARN kycontroller::kymux_controller::server - Kynet accept failed: connection error: Endpoint closed
2026-09-15T20:42:32.171 WARN kycontroller::kymux_controller::server - Kynet accept failed: connection error: Endpoint closed
2026-09-15T20:42:32.171 WARN kycontroller::kymux_controller::server - Kynet accept failed: connection error: Endpoint closed
2026-09-15T20:42:32.171 WARN kycontroller::kymux_controller::server - Kynet accept failed: connection error: Endpoint closed
2026-09-15T20:42:32.171 WARN kycontroller::kymux_controller::server - Kynet accept failed: connection error: Endpoint closed
2026-09-15T20:42:32.171 WARN kycontroller::kymux_controller::server - Kynet accept failed: connection error: Endpoint closed
2026-09-15T20:42:32.171 WARN kycontroller::kymux_controller::server - Kynet accept failed: connection error: Endpoint closed
2026-09-15T20:42:32.171 WARN kycontroller::kymux_controller::server - Kynet accept failed: connection error: Endpoint closed
2026-09-15T20:42:32.171 WARN kycontroller::kymux_controller::server - Kynet accept failed: connection error: Endpoint closed
2026-09-15T20:42:32.171 WARN kycontroller::kymux_controller::server - Kynet accept failed: connection error: Endpoint closed
2026-09-15T20:42:32.171 WARN kycontroller::kymux_controller::server - Kynet accept failed: connection error: Endpoint closed
2026-09-15T20:42:32.171 WARN kycontroller::kymux_controller::server - Kynet accept failed: connection error: Endpoint closed
2026-09-15T20:42:32.171 WARN kycontroller::kymux_controller::server - Kynet accept failed: connection error: Endpoint closed
2026-09-15T20:42:32.171 WARN kycontroller::kymux_controller::server - Kynet accept failed: connection error: Endpoint closed
2026-09-15T20:42:32.171 WARN kycontroller::kymux_controller::server - Kynet accept failed: connection error: Endpoint closed
2026-09-15T20:42:32.171 WARN kycontroller::kymux_controller::server - Kynet accept failed: connection error: Endpoint closed
2026-09-15T20:42:32.171 WARN kycontroller::kymux_controller::server - Kynet accept failed: connection error: Endpoint closed
2026-09-15T20:42:32.171 WARN kycontroller::kymux_controller::server - Kynet accept failed: connection error: Endpoint closed
2026-09-15T20:42:32.171 WARN kycontroller::kymux_controller::server - Kynet accept failed: connection error: Endpoint closed
2026-09-15T20:42:32.171 WARN kycontroller::kymux_controller::server - Kynet accept failed: connection error: Endpoint closed
2026-09-15T20:42:32.171 WARN kycontroller::kymux_controller::server - Kynet accept failed: connection error: Endpoint closed
2026-09-15T20:42:32.171 WARN kycontroller::kymux_controller::server - Kynet accept failed: connection error: Endpoint closed
2026-09-15T20:42:32.171 WARN kycontroller::kymux_controller::server - Kynet accept failed: connection error: Endpoint closed
2026-09-15T20:42:32.171 WARN kycontroller::kymux_controller::server - Kynet accept failed: connection error: Endpoint closed
2026-09-15T20:42:32.171 WARN kycontroller::kymux_controller::server - Kynet accept failed: connection error: Endpoint closed
2026-09-15T20:42:32.171 WARN kycontroller::kymux_controller::server - Kynet accept failed: connection error: Endpoint closed
2026-09-15T20:42:32.171 WARN kycontroller::kymux_controller::server - Kynet accept failed: connection error: Endpoint closed
2026-09-15T20:42:32.171 WARN kycontroller::kymux_controller::server - Kynet accept failed: connection error: Endpoint closed
2026-09-15T20:42:32.171 WARN kycontroller::kymux_controller::server - Kynet accept failed: connection error: Endpoint closed
2026-09-15T20:42:32.171 WARN kycontroller::kymux_controller::server - Kynet accept failed: connection error: Endpoint closed
2026-09-15T20:42:32.171 WARN kycontroller::kymux_controller::server - Kynet accept failed: connection error: Endpoint closed
2026-09-15T20:42:32.171 WARN kycontroller::kymux_controller::server - Kynet accept failed: connection error: Endpoint closed
2026-09-15T20:42:32.171 WARN kycontroller::kymux_controller::server - Kynet accept failed: connection error: Endpoint closed
2026-09-15T20:42:32.171 WARN kycontroller::kymux_controller::server - Kynet accept failed: connection error: Endpoint closed
2026-09-15T20:42:32.171 WARN kycontroller::kymux_controller::server - Kynet accept failed: connection error: Endpoint closed
2026-09-15T20:42:32.171 WARN kycontroller::kymux_controller::server - Kynet accept failed: connection error: Endpoint closed
2026-09-15T20:42:32.171 WARN kycontroller::kymux_controller::server - Kynet accept failed: connection error: Endpoint closed
2026-09-15T20:42:32.171 WARN kycontroller::kymux_controller::server - Kynet accept failed: connection error: Endpoint closed
2026-09-15T20:42:32.171 WARN kycontroller::kymux_controller::server - Kynet accept failed: connection error: Endpoint closed
2026-09-15T20:42:32.171 WARN kycontroller::kymux_controller::server - Kynet accept failed: connection error: Endpoint closed
2026-09-15T20:42:32.172 WARN kycontroller::kymux_controller::server - Kynet accept failed: connection error: Endpoint closed
2026-09-15T20:42:32.172 WARN kycontroller::kymux_controller::server - Kynet accept failed: connection error: Endpoint closed
2026-09-15T20:42:32.172 WARN kycontroller::kymux_controller::server - Kynet accept failed: connection error: Endpoint closed
2026-09-15T20:42:32.172 WARN kycontroller::kymux_controller::server - Kynet accept failed: connection error: Endpoint closed
2026-09-15T20:42:32.172 WARN kycontroller::kymux_controller::server - Kynet accept failed: connection error: Endpoint closed
2026-09-15T20:42:32.172 WARN kycontroller::kymux_controller::server - Kynet accept failed: connection error: Endpoint closed
2026-09-15T20:42:32.172 WARN kycontroller::kymux_controller::server - Kynet accept failed: connection error: Endpoint closed
2026-09-15T20:42:32.172 WARN kycontroller::kymux_controller::server - Kynet accept failed: connection error: Endpoint closed
2026-09-15T20:42:32.172 WARN kycontroller::kymux_controller::server - Kynet accept failed: connection error: Endpoint closed
2026-09-15T20:42:32.172 WARN kycontroller::kymux_controller::server - Kynet accept failed: connection error: Endpoint closed
2026-09-15T20:42:32.172 WARN kycontroller::kymux_controller::server - Kynet accept failed: connection error: Endpoint closed
2026-09-15T20:42:32.172 WARN kycontroller::kymux_controller::server - Kynet accept failed: connection error: Endpoint closed
2026-09-15T20:42:32.172 WARN kycontroller::kymux_controller::server - Kynet accept failed: connection error: Endpoint closed
2026-09-15T20:42:32.172 WARN kycontroller::kymux_controller::server - Kynet accept failed: connection error: Endpoint closed
2026-09-15T20:42:32.172 WARN kycontroller::kymux_controller::server - Kynet accept failed: connection error: Endpoint closed
2026-09-15T20:42:32.172 WARN kycontroller::kymux_controller::server - Kynet accept failed: connection error: Endpoint closed
2026-09-15T20:42:32.172 WARN kycontroller::kymux_controller::server - Kynet accept failed: connection error: Endpoint closed
2026-09-15T20:42:32.172 WARN kycontroller::kymux_controller::server - Kynet accept failed: connection error: Endpoint closed
2026-09-15T20:42:32.172 WARN kycontroller::kymux_controller::server - Kynet accept failed: connection error: Endpoint closed
2026-09-15T20:42:32.172 WARN kycontroller::kymux_controller::server - Kynet accept failed: connection error: Endpoint closed
2026-09-15T20:42:32.172 WARN kycontroller::kymux_controller::server - Kynet accept failed: connection error: Endpoint closed
2026-09-15T20:42:32.172 WARN kycontroller::kymux_controller::server - Kynet accept failed: connection error: Endpoint closed
2026-09-15T20:42:32.172 WARN kycontroller::kymux_controller::server - Kynet accept failed: connection error: Endpoint closed
2026-09-15T20:42:32.172 WARN kycontroller::kymux_controller::server - Kynet accept failed: connection error: Endpoint closed
2026-09-15T20:42:32.172 WARN kycontroller::kymux_controller::server - Kynet accept failed: connection error: Endpoint closed
2026-09-15T20:42:32.172 WARN kycontroller::kymux_controller::server - Kynet accept failed: connection error: Endpoint closed
2026-09-15T20:42:32.172 WARN kycontroller::kymux_controller::server - Kynet accept failed: connection error: Endpoint closed
2026-09-15T20:42:32.172 WARN kycontroller::kymux_controller::server - Kynet accept failed: connection error: Endpoint closed
2026-09-15T20:42:32.172 WARN kycontroller::kymux_controller::server - Kynet accept failed: connection error: Endpoint closed
2026-09-15T20:42:32.172 WARN kycontroller::kymux_controller::server - Kynet accept failed: connection error: Endpoint closed
2026-09-15T20:42:32.172 WARN kycontroller::kymux_controller::server - Kynet accept failed: connection error: Endpoint closed
2026-09-15T20:42:32.172 WARN kycontroller::kymux_controller::server - Kynet accept failed: connection error: Endpoint closed
2026-09-15T20:42:32.172 WARN kycontroller::kymux_controller::server - Kynet accept failed: connection error: Endpoint closed
2026-09-15T20:42:32.172 WARN kycontroller::kymux_controller::server - Kynet accept failed: connection error: Endpoint closed
2026-09-15T20:42:32.172 WARN kycontroller::kymux_controller::server - Kynet accept failed: connection error: Endpoint closed
2026-09-15T20:42:32.172 WARN kycontroller::kymux_controller::server - Kynet accept failed: connection error: Endpoint closed
2026-09-15T20:42:32.172 WARN kycontroller::kymux_controller::server - Kynet accept failed: connection error: Endpoint closed
2026-09-15T20:42:32.172 WARN kycontroller::kymux_controller::server - Kynet accept failed: connection error: Endpoint closed
2026-09-15T20:42:32.172 WARN kycontroller::kymux_controller::server - Kynet accept failed: connection error: Endpoint closed
2026-09-15T20:42:32.172 WARN kycontroller::kymux_controller::server - Kynet accept failed: connection error: Endpoint closed
2026-09-15T20:42:32.172 WARN kycontroller::kymux_controller::server - Kynet accept failed: connection error: Endpoint closed
2026-09-15T20:42:32.172 WARN kycontroller::kymux_controller::server - Kynet accept failed: connection error: Endpoint closed
2026-09-15T20:42:32.172 WARN kycontroller::kymux_controller::server - Kynet accept failed: connection error: Endpoint closed
2026-09-15T20:42:32.172 WARN kycontroller::kymux_controller::server - Kynet accept failed: connection error: Endpoint closed
2026-09-15T20:42:32.172 WARN kycontroller::kymux_controller::server - Kynet accept failed: connection error: Endpoint closed
2026-09-15T20:42:32.172 WARN kycontroller::kymux_controller::server - Kynet accept failed: connection error: Endpoint closed
2026-09-15T20:42:32.172 WARN kycontroller::kymux_controller::server - Kynet accept failed: connection error: Endpoint closed
2026-09-15T20:42:32.172 WARN kycontroller::kymux_controller::server - Kynet accept failed: connection error: Endpoint closed
2026-09-15T20:42:32.172 WARN kycontroller::kymux_controller::server - Kynet accept failed: connection error: Endpoint closed
2026-09-15T20:42:32.172 WARN kycontroller::kymux_controller::server - Kynet accept failed: connection error: Endpoint closed
2026-09-15T20:42:32.172 WARN kycontroller::kymux_controller::server - Kynet accept failed: connection error: Endpoint closed
2026-09-15T20:42:32.172 WARN kycontroller::kymux_controller::server - Kynet accept failed: connection error: Endpoint closed
2026-09-15T20:42:32.172 WARN kycontroller::kymux_controller::server - Kynet accept failed: connection error: Endpoint closed
2026-09-15T20:42:32.172 WARN kycontroller::kymux_controller::server - Kynet accept failed: connection error: Endpoint closed
2026-09-15T20:42:32.172 WARN kycontroller::kymux_controller::server - Kynet accept failed: connection error: Endpoint closed
2026-09-15T20:42:32.173 WARN kycontroller::kymux_controller::server - Kynet accept failed: connection error: Endpoint closed
2026-09-15T20:42:32.173 WARN kycontroller::kymux_controller::server - Kynet accept failed: connection error: Endpoint closed
2026-09-15T20:42:32.173 WARN kycontroller::kymux_controller::server - Kynet accept failed: connection error: Endpoint closed
2026-09-15T20:42:32.173 WARN kycontroller::kymux_controller::server - Kynet accept failed: connection error: Endpoint closed
2026-09-15T20:42:32.173 WARN kycontroller::kymux_controller::server - Kynet accept failed: connection error: Endpoint closed
2026-09-15T20:42:32.173 WARN kycontroller::kymux_controller::server - Kynet accept failed: connection error: Endpoint closed
2026-09-15T20:42:32.173 WARN kycontroller::kymux_controller::server - Kynet accept failed: connection error: Endpoint closed
2026-09-15T20:42:32.173 WARN kycontroller::kymux_controller::server - Kynet accept failed: connection error: Endpoint closed
2026-09-15T20:42:32.173 WARN kycontroller::kymux_controller::server - Kynet accept failed: connection error: Endpoint closed
2026-09-15T20:42:32.173 WARN kycontroller::kymux_controller::server - Kynet accept failed: connection error: Endpoint closed
2026-09-15T20:42:32.173 WARN kycontroller::kymux_controller::server - Kynet accept failed: connection error: Endpoint closed
2026-09-15T20:42:32.173 WARN kycontroller::kymux_controller::server - Kynet accept failed: connection error: Endpoint closed
2026-09-15T20:42:32.173 WARN kycontroller::kymux_controller::server - Kynet accept failed: connection error: Endpoint closed
2026-09-15T20:42:32.173 WARN kycontroller::kymux_controller::server - Kynet accept failed: connection error: Endpoint closed
2026-09-15T20:42:32.173 WARN kycontroller::kymux_controller::server - Kynet accept failed: connection error: Endpoint closed
2026-09-15T20:42:32.173 WARN kycontroller::kymux_controller::server - Kynet accept failed: connection error: Endpoint closed
2026-09-15T20:42:32.173 WARN kycontroller::kymux_controller::server - Kynet accept failed: connection error: Endpoint closed
2026-09-15T20:42:32.173 WARN kycontroller::kymux_controller::server - Kynet accept failed: connection error: Endpoint closed
2026-09-15T20:42:32.173 WARN kycontroller::kymux_controller::server - Kynet accept failed: connection error: Endpoint closed
2026-09-15T20:42:32.173 WARN kycontroller::kymux_controller::server - Kynet accept failed: connection error: Endpoint closed
2026-09-15T20:42:32.173 WARN kycontroller::kymux_controller::server - Kynet accept failed: connection error: Endpoint closed
2026-09-15T20:42:32.173 WARN kycontroller::kymux_controller::server - Kynet accept failed: connection error: Endpoint closed
2026-09-15T20:42:32.173 WARN kycontroller::kymux_controller::server - Kynet accept failed: connection error: Endpoint closed
2026-09-15T20:42:32.173 WARN kycontroller::kymux_controller::server - Kynet accept failed: connection error: Endpoint closed
2026-09-15T20:42:32.173 WARN kycontroller::kymux_controller::server - Kynet accept failed: connection error: Endpoint closed
2026-09-15T20:42:32.173 WARN kycontroller::kymux_controller::server - Kynet accept failed: connection error: Endpoint closed
2026-09-15T20:42:32.173 WARN kycontroller::kymux_controller::server - Kynet accept failed: connection error: Endpoint closed
2026-09-15T20:42:32.173 WARN kycontroller::kymux_controller::server - Kynet accept failed: connection error: Endpoint closed
2026-09-15T20:42:32.173 WARN kycontroller::kymux_controller::server - Kynet accept failed: connection error: Endpoint closed
2026-09-15T20:42:32.173 WARN kycontroller::kymux_controller::server - Kynet accept failed: connection error: Endpoint closed
2026-09-15T20:42:32.173 WARN kycontroller::kymux_controller::server - Kynet accept failed: connection error: Endpoint closed
2026-09-15T20:42:32.173 WARN kycontroller::kymux_controller::server - Kynet accept failed: connection error: Endpoint closed
2026-09-15T20:42:32.173 WARN kycontroller::kymux_controller::server - Kynet accept failed: connection error: Endpoint closed
2026-09-15T20:42:32.173 WARN kycontroller::kymux_controller::server - Kynet accept failed: connection error: Endpoint closed
2026-09-15T20:42:32.173 WARN kycontroller::kymux_controller::server - Kynet accept failed: connection error: Endpoint closed
2026-09-15T20:42:32.173 WARN kycontroller::kymux_controller::server - Kynet accept failed: connection error: Endpoint closed
2026-09-15T20:42:32.173 WARN kycontroller::kymux_controller::server - Kynet accept failed: connection error: Endpoint closed
2026-09-15T20:42:32.173 WARN kycontroller::kymux_controller::server - Kynet accept failed: connection error: Endpoint closed
2026-09-15T20:42:32.173 WARN kycontroller::kymux_controller::server - Kynet accept failed: connection error: Endpoint closed
2026-09-15T20:42:32.173 WARN kycontroller::kymux_controller::server - Kynet accept failed: connection error: Endpoint closed
2026-09-15T20:42:32.173 WARN kycontroller::kymux_controller::server - Kynet accept failed: connection error: Endpoint closed
2026-09-15T20:42:32.173 WARN kycontroller::kymux_controller::server - Kynet accept failed: connection error: Endpoint closed
2026-09-15T20:42:32.173 WARN kycontroller::kymux_controller::server - Kynet accept failed: connection error: Endpoint closed
2026-09-15T20:42:32.173 WARN kycontroller::kymux_controller::server - Kynet accept failed: connection error: Endpoint closed
2026-09-15T20:42:32.173 WARN kycontroller::kymux_controller::server - Kynet accept failed: connection error: Endpoint closed
2026-09-15T20:42:32.173 WARN kycontroller::kymux_controller::server - Kynet accept failed: connection error: Endpoint closed
2026-09-15T20:42:32.173 WARN kycontroller::kymux_controller::server - Kynet accept failed: connection error: Endpoint closed
2026-09-15T20:42:32.173 WARN kycontroller::kymux_controller::server - Kynet accept failed: connection error: Endpoint closed
2026-09-15T20:42:32.173 WARN kycontroller::kymux_controller::server - Kynet accept failed: connection error: Endpoint closed
2026-09-15T20:42:32.173 WARN kycontroller::kymux_controller::server - Kynet accept failed: connection error: Endpoint closed
2026-09-15T20:42:32.173 WARN kycontroller::kymux_controller::server - Kynet accept failed: connection error: Endpoint closed
2026-09-15T20:42:32.173 WARN kycontroller::kymux_controller::server - Kynet accept failed: connection error: Endpoint closed
2026-09-15T20:42:32.173 WARN kycontroller::kymux_controller::server - Kynet accept failed: connection error: Endpoint closed
2026-09-15T20:42:32.173 WARN kycontroller::kymux_controller::server - Kynet accept failed: connection error: Endpoint closed
2026-09-15T20:42:32.173 WARN kycontroller::kymux_controller::server - Kynet accept failed: connection error: Endpoint closed
2026-09-15T20:42:32.173 WARN kycontroller::kymux_controller::server - Kynet accept failed: connection error: Endpoint closed
2026-09-15T20:42:32.173 WARN kycontroller::kymux_controller::server - Kynet accept failed: connection error: Endpoint closed
2026-09-15T20:42:32.173 WARN kycontroller::kymux_controller::server - Kynet accept failed: connection error: Endpoint closed
2026-09-15T20:42:32.173 WARN kycontroller::kymux_controller::server - Kynet accept failed: connection error: Endpoint closed
2026-09-15T20:42:32.173 WARN kycontroller::kymux_controller::server - Kynet accept failed: connection error: Endpoint closed
2026-09-15T20:42:32.173 WARN kycontroller::kymux_controller::server - Kynet accept failed: connection error: Endpoint closed
2026-09-15T20:42:32.173 WARN kycontroller::kymux_controller::server - Kynet accept failed: connection error: Endpoint closed
2026-09-15T20:42:32.173 WARN kycontroller::kymux_controller::server - Kynet accept failed: connection error: Endpoint closed
2026-09-15T20:42:32.173 WARN kycontroller::kymux_controller::server - Kynet accept failed: connection error: Endpoint closed
2026-09-15T20:42:32.173 WARN kycontroller::kymux_controller::server - Kynet accept failed: connection error: Endpoint closed
2026-09-15T20:42:32.173 WARN kycontroller::kymux_controller::server - Kynet accept failed: connection error: Endpoint closed
2026-09-15T20:42:32.173 WARN kycontroller::kymux_controller::server - Kynet accept failed: connection error: Endpoint closed
2026-09-15T20:42:32.173 WARN kycontroller::kymux_controller::server - Kynet accept failed: connection error: Endpoint closed
2026-09-15T20:42:32.173 WARN kycontroller::kymux_controller::server - Kynet accept failed: connection error: Endpoint closed
2026-09-15T20:42:32.173 WARN kycontroller::kymux_controller::server - Kynet accept failed: connection error: Endpoint closed
2026-09-15T20:42:32.174 WARN kycontroller::kymux_controller::server - Kynet accept failed: connection error: Endpoint closed
2026-09-15T20:42:32.174 WARN kycontroller::kymux_controller::server - Kynet accept failed: connection error: Endpoint closed
2026-09-15T20:42:32.174 WARN kycontroller::kymux_controller::server - Kynet accept failed: connection error: Endpoint closed
2026-09-15T20:42:32.174 WARN kycontroller::kymux_controller::server - Kynet accept failed: connection error: Endpoint closed
2026-09-15T20:42:32.174 WARN kycontroller::kymux_controller::server - Kynet accept failed: connection error: Endpoint closed
2026-09-15T20:42:32.174 WARN kycontroller::kymux_controller::server - Kynet accept failed: connection error: Endpoint closed
2026-09-15T20:42:32.174 WARN kycontroller::kymux_controller::server - Kynet accept failed: connection error: Endpoint closed
2026-09-15T20:42:32.174 WARN kycontroller::kymux_controller::server - Kynet accept failed: connection error: Endpoint closed
2026-09-15T20:42:32.174 WARN kycontroller::kymux_controller::server - Kynet accept failed: connection error: Endpoint closed
2026-09-15T20:42:32.174 WARN kycontroller::kymux_controller::server - Kynet accept failed: connection error: Endpoint closed
2026-09-15T20:42:32.174 WARN kycontroller::kymux_controller::server - Kynet accept failed: connection error: Endpoint closed
2026-09-15T20:42:32.174 WARN kycontroller::kymux_controller::server - Kynet accept failed: connection error: Endpoint closed
2026-09-15T20:42:32.174 WARN kycontroller::kymux_controller::server - Kynet accept failed: connection error: Endpoint closed
2026-09-15T20:42:32.174 WARN kycontroller::kymux_controller::server - Kynet accept failed: connection error: Endpoint closed
2026-09-15T20:42:32.174 WARN kycontroller::kymux_controller::server - Kynet accept failed: connection error: Endpoint closed
2026-09-15T20:42:32.174 WARN kycontroller::kymux_controller::server - Kynet accept failed: connection error: Endpoint closed
2026-09-15T20:42:32.174 WARN kycontroller::kymux_controller::server - Kynet accept failed: connection error: Endpoint closed
2026-09-15T20:42:32.174 WARN kycontroller::kymux_controller::server - Kynet accept failed: connection error: Endpoint closed
2026-09-15T20:42:32.174 WARN kycontroller::kymux_controller::server - Kynet accept failed: connection error: Endpoint closed
2026-09-15T20:42:32.174 WARN kycontroller::kymux_controller::server - Kynet accept failed: connection error: Endpoint closed
2026-09-15T20:42:32.174 WARN kycontroller::kymux_controller::server - Kynet accept failed: connection error: Endpoint closed
2026-09-15T20:42:32.174 WARN kycontroller::kymux_controller::server - Kynet accept failed: connection error: Endpoint closed
2026-09-15T20:42:32.174 WARN kycontroller::kymux_controller::server - Kynet accept failed: connection error: Endpoint closed
2026-09-15T20:42:32.174 WARN kycontroller::kymux_controller::server - Kynet accept failed: connection error: Endpoint closed
2026-09-15T20:42:32.174 WARN kycontroller::kymux_controller::server - Kynet accept failed: connection error: Endpoint closed
2026-09-15T20:42:32.174 WARN kycontroller::kymux_controller::server - Kynet accept failed: connection error: Endpoint closed
2026-09-15T20:42:32.174 WARN kycontroller::kymux_controller::server - Kynet accept failed: connection error: Endpoint closed
2026-09-15T20:42:32.174 WARN kycontroller::kymux_controller::server - Kynet accept failed: connection error: Endpoint closed
2026-09-15T20:42:32.174 WARN kycontroller::kymux_controller::server - Kynet accept failed: connection error: Endpoint closed
2026-09-15T20:42:32.174 WARN kycontroller::kymux_controller::server - Kynet accept failed: connection error: Endpoint closed
2026-09-15T20:42:32.174 WARN kycontroller::kymux_controller::server - Kynet accept failed: connection error: Endpoint closed
2026-09-15T20:42:32.174 WARN kycontroller::kymux_controller::server - Kynet accept failed: connection error: Endpoint closed
2026-09-15T20:42:32.174 WARN kycontroller::kymux_controller::server - Kynet accept failed: connection error: Endpoint closed
2026-09-15T20:42:32.174 WARN kycontroller::kymux_controller::server - Kynet accept failed: connection error: Endpoint closed
2026-09-15T20:42:32.174 WARN kycontroller::kymux_controller::server - Kynet accept failed: connection error: Endpoint closed
2026-09-15T20:42:32.174 WARN kycontroller::kymux_controller::server - Kynet accept failed: connection error: Endpoint closed
2026-09-15T20:42:32.174 WARN kycontroller::kymux_controller::server - Kynet accept failed: connection error: Endpoint closed
2026-09-15T20:42:32.174 WARN kycontroller::kymux_controller::server - Kynet accept failed: connection error: Endpoint closed
2026-09-15T20:42:32.174 WARN kycontroller::kymux_controller::server - Kynet accept failed: connection error: Endpoint closed
2026-09-15T20:42:32.174 WARN kycontroller::kymux_controller::server - Kynet accept failed: connection error: Endpoint closed
2026-09-15T20:42:32.174 WARN kycontroller::kymux_controller::server - Kynet accept failed: connection error: Endpoint closed
2026-09-15T20:42:32.174 WARN kycontroller::kymux_controller::server - Kynet accept failed: connection error: Endpoint closed
2026-09-15T20:42:32.174 WARN kycontroller::kymux_controller::server - Kynet accept failed: connection error: Endpoint closed
2026-09-15T20:42:32.174 WARN kycontroller::kymux_controller::server - Kynet accept failed: connection error: Endpoint closed
2026-09-15T20:42:32.174 WARN kycontroller::kymux_controller::server - Kynet accept failed: connection error: Endpoint closed
2026-09-15T20:42:32.174 WARN kycontroller::kymux_controller::server - Kynet accept failed: connection error: Endpoint closed
2026-09-15T20:42:32.174 WARN kycontroller::kymux_controller::server - Kynet accept failed: connection error: Endpoint closed
2026-09-15T20:42:32.174 WARN kycontroller::kymux_controller::server - Kynet accept failed: connection error: Endpoint closed
2026-09-15T20:42:32.174 WARN kycontroller::kymux_controller::server - Kynet accept failed: connection error: Endpoint closed
2026-09-15T20:42:32.174 WARN kycontroller::kymux_controller::server - Kynet accept failed: connection error: Endpoint closed
2026-09-15T20:42:32.174 WARN kycontroller::kymux_controller::server - Kynet accept failed: connection error: Endpoint closed
2026-09-15T20:42:32.174 WARN kycontroller::kymux_controller::server - Kynet accept failed: connection error: Endpoint closed
2026-09-15T20:42:32.174 WARN kycontroller::kymux_controller::server - Kynet accept failed: connection error: Endpoint closed
2026-09-15T20:42:32.174 WARN kycontroller::kymux_controller::server - Kynet accept failed: connection error: Endpoint closed
2026-09-15T20:42:32.174 WARN kycontroller::kymux_controller::server - Kynet accept failed: connection error: Endpoint closed
2026-09-15T20:42:32.174 WARN kycontroller::kymux_controller::server - Kynet accept failed: connection error: Endpoint closed
2026-09-15T20:42:32.174 WARN kycontroller::kymux_controller::server - Kynet accept failed: connection error: Endpoint closed
2026-09-15T20:42:32.174 WARN kycontroller::kymux_controller::server - Kynet accept failed: connection error: Endpoint closed
2026-09-15T20:42:32.174 WARN kycontroller::kymux_controller::server - Kynet accept failed: connection error: Endpoint closed
2026-09-15T20:42:32.174 WARN kycontroller::kymux_controller::server - Kynet accept failed: connection error: Endpoint closed
2026-09-15T20:42:32.174 WARN kycontroller::kymux_controller::server - Kynet accept failed: connection error: Endpoint closed
2026-09-15T20:42:32.174 WARN kycontroller::kymux_controller::server - Kynet accept failed: connection error: Endpoint closed
2026-09-15T20:42:32.174 WARN kycontroller::kymux_controller::server - Kynet accept failed: connection error: Endpoint closed
2026-09-15T20:42:32.174 WARN kycontroller::kymux_controller::server - Kynet accept failed: connection error: Endpoint closed
2026-09-15T20:42:32.174 WARN kycontroller::kymux_controller::server - Kynet accept failed: connection error: Endpoint closed
2026-09-15T20:42:32.175 WARN kycontroller::kymux_controller::server - Kynet accept failed: connection error: Endpoint closed
2026-09-15T20:42:32.175 WARN kycontroller::kymux_controller::server - Kynet accept failed: connection error: Endpoint closed
2026-09-15T20:42:32.175 WARN kycontroller::kymux_controller::server - Kynet accept failed: connection error: Endpoint closed
2026-09-15T20:42:32.175 WARN kycontroller::kymux_controller::server - Kynet accept failed: connection error: Endpoint closed
2026-09-15T20:42:32.175 WARN kycontroller::kymux_controller::server - Kynet accept failed: connection error: Endpoint closed
2026-09-15T20:42:32.175 WARN kycontroller::kymux_controller::server - Kynet accept failed: connection error: Endpoint closed
2026-09-15T20:42:32.175 WARN kycontroller::kymux_controller::server - Kynet accept failed: connection error: Endpoint closed
2026-09-15T20:42:32.175 WARN kycontroller::kymux_controller::server - Kynet accept failed: connection error: Endpoint closed
2026-09-15T20:42:32.175 WARN kycontroller::kymux_controller::server - Kynet accept failed: connection error: Endpoint closed
2026-09-15T20:42:32.175 WARN kycontroller::kymux_controller::server - Kynet accept failed: connection error: Endpoint closed
2026-09-15T20:42:32.175 WARN kycontroller::kymux_controller::server - Kynet accept failed: connection error: Endpoint closed
2026-09-15T20:42:32.175 WARN kycontroller::kymux_controller::server - Kynet accept failed: connection error: Endpoint closed
2026-09-15T20:42:32.175 WARN kycontroller::kymux_controller::server - Kynet accept failed: connection error: Endpoint closed
2026-09-15T20:42:32.175 WARN kycontroller::kymux_controller::server - Kynet accept failed: connection error: Endpoint closed
2026-09-15T20:42:32.175 WARN kycontroller::kymux_controller::server - Kynet accept failed: connection error: Endpoint closed
2026-09-15T20:42:32.175 WARN kycontroller::kymux_controller::server - Kynet accept failed: connection error: Endpoint closed
2026-09-15T20:42:32.175 WARN kycontroller::kymux_controller::server - Kynet accept failed: connection error: Endpoint closed
2026-09-15T20:42:32.175 WARN kycontroller::kymux_controller::server - Kynet accept failed: connection error: Endpoint closed
2026-09-15T20:42:32.175 WARN kycontroller::kymux_controller::server - Kynet accept failed: connection error: Endpoint closed
2026-09-15T20:42:32.175 WARN kycontroller::kymux_controller::server - Kynet accept failed: connection error: Endpoint closed
2026-09-15T20:42:32.175 WARN kycontroller::kymux_controller::server - Kynet accept failed: connection error: Endpoint closed
2026-09-15T20:42:32.175 WARN kycontroller::kymux_controller::server - Kynet accept failed: connection error: Endpoint closed
2026-09-15T20:42:32.175 WARN kycontroller::kymux_controller::server - Kynet accept failed: connection error: Endpoint closed
2026-09-15T20:42:32.175 WARN kycontroller::kymux_controller::server - Kynet accept failed: connection error: Endpoint closed
2026-09-15T20:42:32.175 WARN kycontroller::kymux_controller::server - Kynet accept failed: connection error: Endpoint closed
2026-09-15T20:42:32.175 WARN kycontroller::kymux_controller::server - Kynet accept failed: connection error: Endpoint closed
2026-09-15T20:42:32.175 WARN kycontroller::kymux_controller::server - Kynet accept failed: connection error: Endpoint closed
2026-09-15T20:42:32.175 WARN kycontroller::kymux_controller::server - Kynet accept failed: connection error: Endpoint closed
2026-09-15T20:42:32.175 WARN kycontroller::kymux_controller::server - Kynet accept failed: connection error: Endpoint closed
2026-09-15T20:42:32.175 WARN kycontroller::kymux_controller::server - Kynet accept failed: connection error: Endpoint closed
2026-09-15T20:42:32.175 WARN kycontroller::kymux_controller::server - Kynet accept failed: connection error: Endpoint closed
2026-09-15T20:42:32.175 WARN kycontroller::kymux_controller::server - Kynet accept failed: connection error: Endpoint closed
2026-09-15T20:42:32.175 WARN kycontroller::kymux_controller::server - Kynet accept failed: connection error: Endpoint closed
2026-09-15T20:42:32.175 WARN kycontroller::kymux_controller::server - Kynet accept failed: connection error: Endpoint closed
2026-09-15T20:42:32.175 WARN kycontroller::kymux_controller::server - Kynet accept failed: connection error: Endpoint closed
2026-09-15T20:42:32.175 WARN kycontroller::kymux_controller::server - Kynet accept failed: connection error: Endpoint closed
2026-09-15T20:42:32.175 WARN kycontroller::kymux_controller::server - Kynet accept failed: connection error: Endpoint closed
2026-09-15T20:42:32.175 WARN kycontroller::kymux_controller::server - Kynet accept failed: connection error: Endpoint closed
2026-09-15T20:42:32.175 WARN kycontroller::kymux_controller::server - Kynet accept failed: connection error: Endpoint closed
2026-09-15T20:42:32.175 WARN kycontroller::kymux_controller::server - Kynet accept failed: connection error: Endpoint closed
2026-09-15T20:42:32.175 WARN kycontroller::kymux_controller::server - Kynet accept failed: connection error: Endpoint closed
2026-09-15T20:42:32.175 WARN kycontroller::kymux_controller::server - Kynet accept failed: connection error: Endpoint closed
2026-09-15T20:42:32.175 WARN kycontroller::kymux_controller::server - Kynet accept failed: connection error: Endpoint closed
2026-09-15T20:42:32.175 WARN kycontroller::kymux_controller::server - Kynet accept failed: connection error: Endpoint closed
2026-09-15T20:42:32.175 WARN kycontroller::kymux_controller::server - Kynet accept failed: connection error: Endpoint closed
2026-09-15T20:42:32.175 WARN kycontroller::kymux_controller::server - Kynet accept failed: connection error: Endpoint closed
2026-09-15T20:42:32.175 WARN kycontroller::kymux_controller::server - Kynet accept failed: connection error: Endpoint closed
2026-09-15T20:42:32.175 WARN kycontroller::kymux_controller::server - Kynet accept failed: connection error: Endpoint closed
2026-09-15T20:42:32.175 WARN kycontroller::kymux_controller::server - Kynet accept failed: connection error: Endpoint closed
2026-09-15T20:42:32.175 WARN kycontroller::kymux_controller::server - Kynet accept failed: connection error: Endpoint closed
2026-09-15T20:42:32.175 WARN kycontroller::kymux_controller::server - Kynet accept failed: connection error: Endpoint closed
2026-09-15T20:42:32.175 WARN kycontroller::kymux_controller::server - Kynet accept failed: connection error: Endpoint closed
2026-09-15T20:42:32.175 WARN kycontroller::kymux_controller::server - Kynet accept failed: connection error: Endpoint closed
2026-09-15T20:42:32.175 WARN kycontroller::kymux_controller::server - Kynet accept failed: connection error: Endpoint closed
2026-09-15T20:42:32.175 WARN kycontroller::kymux_controller::server - Kynet accept failed: connection error: Endpoint closed
2026-09-15T20:42:32.175 WARN kycontroller::kymux_controller::server - Kynet accept failed: connection error: Endpoint closed
2026-09-15T20:42:32.175 WARN kycontroller::kymux_controller::server - Kynet accept failed: connection error: Endpoint closed
2026-09-15T20:42:32.175 WARN kycontroller::kymux_controller::server - Kynet accept failed: connection error: Endpoint closed
2026-09-15T20:42:32.175 WARN kycontroller::kymux_controller::server - Kynet accept failed: connection error: Endpoint closed
2026-09-15T20:42:32.175 WARN kycontroller::kymux_controller::server - Kynet accept failed: connection error: Endpoint closed
2026-09-15T20:42:32.175 WARN kycontroller::kymux_controller::server - Kynet accept failed: connection error: Endpoint closed
2026-09-15T20:42:32.175 WARN kycontroller::kymux_controller::server - Kynet accept failed: connection error: Endpoint closed
2026-09-15T20:42:32.175 WARN kycontroller::kymux_controller::server - Kynet accept failed: connection error: Endpoint closed
2026-09-15T20:42:32.175 WARN kycontroller::kymux_controller::server - Kynet accept failed: connection error: Endpoint closed
2026-09-15T20:42:32.175 WARN kycontroller::kymux_controller::server - Kynet accept failed: connection error: Endpoint closed
2026-09-15T20:42:32.175 WARN kycontroller::kymux_controller::server - Kynet accept failed: connection error: Endpoint closed
2026-09-15T20:42:32.175 WARN kycontroller::kymux_controller::server - Kynet accept failed: connection error: Endpoint closed
2026-09-15T20:42:32.175 WARN kycontroller::kymux_controller::server - Kynet accept failed: connection error: Endpoint closed
2026-09-15T20:42:32.175 WARN kycontroller::kymux_controller::server - Kynet accept failed: connection error: Endpoint closed
2026-09-15T20:42:32.175 WARN kycontroller::kymux_controller::server - Kynet accept failed: connection error: Endpoint closed
2026-09-15T20:42:32.175 WARN kycontroller::kymux_controller::server - Kynet accept failed: connection error: Endpoint closed
2026-09-15T20:42:32.175 WARN kycontroller::kymux_controller::server - Kynet accept failed: connection error: Endpoint closed
2026-09-15T20:42:32.175 WARN kycontroller::kymux_controller::server - Kynet accept failed: connection error: Endpoint closed
2026-09-15T20:42:32.176 WARN kycontroller::kymux_controller::server - Kynet accept failed: connection error: Endpoint closed
2026-09-15T20:42:32.176 WARN kycontroller::kymux_controller::server - Kynet accept failed: connection error: Endpoint closed
2026-09-15T20:42:32.176 WARN kycontroller::kymux_controller::server - Kynet accept failed: connection error: Endpoint closed
2026-09-15T20:42:32.176 WARN kycontroller::kymux_controller::server - Kynet accept failed: connection error: Endpoint closed
2026-09-15T20:42:32.176 WARN kycontroller::kymux_controller::server - Kynet accept failed: connection error: Endpoint closed
2026-09-15T20:42:32.176 WARN kycontroller::kymux_controller::server - Kynet accept failed: connection error: Endpoint closed
2026-09-15T20:42:32.176 WARN kycontroller::kymux_controller::server - Kynet accept failed: connection error: Endpoint closed
2026-09-15T20:42:32.176 WARN kycontroller::kymux_controller::server - Kynet accept failed: connection error: Endpoint closed
2026-09-15T20:42:32.176 WARN kycontroller::kymux_controller::server - Kynet accept failed: connection error: Endpoint closed
2026-09-15T20:42:32.176 WARN kycontroller::kymux_controller::server - Kynet accept failed: connection error: Endpoint closed
2026-09-15T20:42:32.176 WARN kycontroller::kymux_controller::server - Kynet accept failed: connection error: Endpoint closed
2026-09-15T20:42:32.176 WARN kycontroller::kymux_controller::server - Kynet accept failed: connection error: Endpoint closed
2026-09-15T20:42:32.176 WARN kycontroller::kymux_controller::server - Kynet accept failed: connection error: Endpoint closed
2026-09-15T20:42:32.176 WARN kycontroller::kymux_controller::server - Kynet accept failed: connection error: Endpoint closed
2026-09-15T20:42:32.176 WARN kycontroller::kymux_controller::server - Kynet accept failed: connection error: Endpoint closed
2026-09-15T20:42:32.176 WARN kycontroller::kymux_controller::server - Kynet accept failed: connection error: Endpoint closed
2026-09-15T20:42:32.176 WARN kycontroller::kymux_controller::server - Kynet accept failed: connection error: Endpoint closed
2026-09-15T20:42:32.176 WARN kycontroller::kymux_controller::server - Kynet accept failed: connection error: Endpoint closed
2026-09-15T20:42:32.176 WARN kycontroller::kymux_controller::server - Kynet accept failed: connection error: Endpoint closed
2026-09-15T20:42:32.176 WARN kycontroller::kymux_controller::server - Kynet accept failed: connection error: Endpoint closed
2026-09-15T20:42:32.176 WARN kycontroller::kymux_controller::server - Kynet accept failed: connection error: Endpoint closed
2026-09-15T20:42:32.176 WARN kycontroller::kymux_controller::server - Kynet accept failed: connection error: Endpoint closed
2026-09-15T20:42:32.176 WARN kycontroller::kymux_controller::server - Kynet accept failed: connection error: Endpoint closed
2026-09-15T20:42:32.176 WARN kycontroller::kymux_controller::server - Kynet accept failed: connection error: Endpoint closed
2026-09-15T20:42:32.176 WARN kycontroller::kymux_controller::server - Kynet accept failed: connection error: Endpoint closed
2026-09-15T20:42:32.176 WARN kycontroller::kymux_controller::server - Kynet accept failed: connection error: Endpoint closed
2026-09-15T20:42:32.176 WARN kycontroller::kymux_controller::server - Kynet accept failed: connection error: Endpoint closed
2026-09-15T20:42:32.176 WARN kycontroller::kymux_controller::server - Kynet accept failed: connection error: Endpoint closed
2026-09-15T20:42:32.176 WARN kycontroller::kymux_controller::server - Kynet accept failed: connection error: Endpoint closed
2026-09-15T20:42:32.176 WARN kycontroller::kymux_controller::server - Kynet accept failed: connection error: Endpoint closed
2026-09-15T20:42:32.176 WARN kycontroller::kymux_controller::server - Kynet accept failed: connection error: Endpoint closed
2026-09-15T20:42:32.176 WARN kycontroller::kymux_controller::server - Kynet accept failed: connection error: Endpoint closed
2026-09-15T20:42:32.176 WARN kycontroller::kymux_controller::server - Kynet accept failed: connection error: Endpoint closed
2026-09-15T20:42:32.176 WARN kycontroller::kymux_controller::server - Kynet accept failed: connection error: Endpoint closed
2026-09-15T20:42:32.176 WARN kycontroller::kymux_controller::server - Kynet accept failed: connection error: Endpoint closed
2026-09-15T20:42:32.176 WARN kycontroller::kymux_controller::server - Kynet accept failed: connection error: Endpoint closed
2026-09-15T20:42:32.176 WARN kycontroller::kymux_controller::server - Kynet accept failed: connection error: Endpoint closed
2026-09-15T20:42:32.176 WARN kycontroller::kymux_controller::server - Kynet accept failed: connection error: Endpoint closed
2026-09-15T20:42:32.176 WARN kycontroller::kymux_controller::server - Kynet accept failed: connection error: Endpoint closed
2026-09-15T20:42:32.176 WARN kycontroller::kymux_controller::server - Kynet accept failed: connection error: Endpoint closed
2026-09-15T20:42:32.176 WARN kycontroller::kymux_controller::server - Kynet accept failed: connection error: Endpoint closed
2026-09-15T20:42:32.176 WARN kycontroller::kymux_controller::server - Kynet accept failed: connection error: Endpoint closed
2026-09-15T20:42:32.176 WARN kycontroller::kymux_controller::server - Kynet accept failed: connection error: Endpoint closed
2026-09-15T20:42:32.176 WARN kycontroller::kymux_controller::server - Kynet accept failed: connection error: Endpoint closed
2026-09-15T20:42:32.176 WARN kycontroller::kymux_controller::server - Kynet accept failed: connection error: Endpoint closed
2026-09-15T20:42:32.176 WARN kycontroller::kymux_controller::server - Kynet accept failed: connection error: Endpoint closed
2026-09-15T20:42:32.176 WARN kycontroller::kymux_controller::server - Kynet accept failed: connection error: Endpoint closed
2026-09-15T20:42:32.176 WARN kycontroller::kymux_controller::server - Kynet accept failed: connection error: Endpoint closed
2026-09-15T20:42:32.176 WARN kycontroller::kymux_controller::server - Kynet accept failed: connection error: Endpoint closed
2026-09-15T20:42:32.176 WARN kycontroller::kymux_controller::server - Kynet accept failed: connection error: Endpoint closed
2026-09-15T20:42:32.176 WARN kycontroller::kymux_controller::server - Kynet accept failed: connection error: Endpoint closed
2026-09-15T20:42:32.176 WARN kycontroller::kymux_controller::server - Kynet accept failed: connection error: Endpoint closed
2026-09-15T20:42:32.176 WARN kycontroller::kymux_controller::server - Kynet accept failed: connection error: Endpoint closed
2026-09-15T20:42:32.176 WARN kycontroller::kymux_controller::server - Kynet accept failed: connection error: Endpoint closed
2026-09-15T20:42:32.176 WARN kycontroller::kymux_controller::server - Kynet accept failed: connection error: Endpoint closed
2026-09-15T20:42:32.176 WARN kycontroller::kymux_controller::server - Kynet accept failed: connection error: Endpoint closed
2026-09-15T20:42:32.176 WARN kycontroller::kymux_controller::server - Kynet accept failed: connection error: Endpoint closed
2026-09-15T20:42:32.176 WARN kycontroller::kymux_controller::server - Kynet accept failed: connection error: Endpoint closed
2026-09-15T20:42:32.176 WARN kycontroller::kymux_controller::server - Kynet accept failed: connection error: Endpoint closed
2026-09-15T20:42:32.176 WARN kycontroller::kymux_controller::server - Kynet accept failed: connection error: Endpoint closed
2026-09-15T20:42:32.176 WARN kycontroller::kymux_controller::server - Kynet accept failed: connection error: Endpoint closed
2026-09-15T20:42:32.176 WARN kycontroller::kymux_controller::server - Kynet accept failed: connection error: Endpoint closed
2026-09-15T20:42:32.176 WARN kycontroller::kymux_controller::server - Kynet accept failed: connection error: Endpoint closed
2026-09-15T20:42:32.176 WARN kycontroller::kymux_controller::server - Kynet accept failed: connection error: Endpoint closed
2026-09-15T20:42:32.176 WARN kycontroller::kymux_controller::server - Kynet accept failed: connection error: Endpoint closed
2026-09-15T20:42:32.176 WARN kycontroller::kymux_controller::server - Kynet accept failed: connection error: Endpoint closed
2026-09-15T20:42:32.176 WARN kycontroller::kymux_controller::server - Kynet accept failed: connection error: Endpoint closed
2026-09-15T20:42:32.176 WARN kycontroller::kymux_controller::server - Kynet accept failed: connection error: Endpoint closed
2026-09-15T20:42:32.176 WARN kycontroller::kymux_controller::server - Kynet accept failed: connection error: Endpoint closed
2026-09-15T20:42:32.176 WARN kycontroller::kymux_controller::server - Kynet accept failed: connection error: Endpoint closed
2026-09-15T20:42:32.176 WARN kycontroller::kymux_controller::server - Kynet accept failed: connection error: Endpoint closed
2026-09-15T20:42:32.176 WARN kycontroller::kymux_controller::server - Kynet accept failed: connection error: Endpoint closed
2026-09-15T20:42:32.176 WARN kycontroller::kymux_controller::server - Kynet accept failed: connection error: Endpoint closed
2026-09-15T20:42:32.177 WARN kycontroller::kymux_controller::server - Kynet accept failed: connection error: Endpoint closed
2026-09-15T20:42:32.177 WARN kycontroller::kymux_controller::server - Kynet accept failed: connection error: Endpoint closed
2026-09-15T20:42:32.177 WARN kycontroller::kymux_controller::server - Kynet accept failed: connection error: Endpoint closed
2026-09-15T20:42:32.177 WARN kycontroller::kymux_controller::server - Kynet accept failed: connection error: Endpoint closed
2026-09-15T20:42:32.177 WARN kycontroller::kymux_controller::server - Kynet accept failed: connection error: Endpoint closed
2026-09-15T20:42:32.177 WARN kycontroller::kymux_controller::server - Kynet accept failed: connection error: Endpoint closed
2026-09-15T20:42:32.177 WARN kycontroller::kymux_controller::server - Kynet accept failed: connection error: Endpoint closed
2026-09-15T20:42:32.177 WARN kycontroller::kymux_controller::server - Kynet accept failed: connection error: Endpoint closed
2026-09-15T20:42:32.177 WARN kycontroller::kymux_controller::server - Kynet accept failed: connection error: Endpoint closed
2026-09-15T20:42:32.177 WARN kycontroller::kymux_controller::server - Kynet accept failed: connection error: Endpoint closed
2026-09-15T20:42:32.177 WARN kycontroller::kymux_controller::server - Kynet accept failed: connection error: Endpoint closed
2026-09-15T20:42:32.177 WARN kycontroller::kymux_controller::server - Kynet accept failed: connection error: Endpoint closed
2026-09-15T20:42:32.177 WARN kycontroller::kymux_controller::server - Kynet accept failed: connection error: Endpoint closed
2026-09-15T20:42:32.177 WARN kycontroller::kymux_controller::server - Kynet accept failed: connection error: Endpoint closed
2026-09-15T20:42:32.177 WARN kycontroller::kymux_controller::server - Kynet accept failed: connection error: Endpoint closed
2026-09-15T20:42:32.177 WARN kycontroller::kymux_controller::server - Kynet accept failed: connection error: Endpoint closed
2026-09-15T20:42:32.177 WARN kycontroller::kymux_controller::server - Kynet accept failed: connection error: Endpoint closed
2026-09-15T20:42:32.177 WARN kycontroller::kymux_controller::server - Kynet accept failed: connection error: Endpoint closed
2026-09-15T20:42:32.177 WARN kycontroller::kymux_controller::server - Kynet accept failed: connection error: Endpoint closed
2026-09-15T20:42:32.177 WARN kycontroller::kymux_controller::server - Kynet accept failed: connection error: Endpoint closed
2026-09-15T20:42:32.177 WARN kycontroller::kymux_controller::server - Kynet accept failed: connection error: Endpoint closed
2026-09-15T20:42:32.177 WARN kycontroller::kymux_controller::server - Kynet accept failed: connection error: Endpoint closed
2026-09-15T20:42:32.177 WARN kycontroller::kymux_controller::server - Kynet accept failed: connection error: Endpoint closed
2026-09-15T20:42:32.177 WARN kycontroller::kymux_controller::server - Kynet accept failed: connection error: Endpoint closed
2026-09-15T20:42:32.177 WARN kycontroller::kymux_controller::server - Kynet accept failed: connection error: Endpoint closed
2026-09-15T20:42:32.177 WARN kycontroller::kymux_controller::server - Kynet accept failed: connection error: Endpoint closed
2026-09-15T20:42:32.177 WARN kycontroller::kymux_controller::server - Kynet accept failed: connection error: Endpoint closed
2026-09-15T20:42:32.177 WARN kycontroller::kymux_controller::server - Kynet accept failed: connection error: Endpoint closed
2026-09-15T20:42:32.177 WARN kycontroller::kymux_controller::server - Kynet accept failed: connection error: Endpoint closed
2026-09-15T20:42:32.177 WARN kycontroller::kymux_controller::server - Kynet accept failed: connection error: Endpoint closed
2026-09-15T20:42:32.177 WARN kycontroller::kymux_controller::server - Kynet accept failed: connection error: Endpoint closed
2026-09-15T20:42:32.177 WARN kycontroller::kymux_controller::server - Kynet accept failed: connection error: Endpoint closed
2026-09-15T20:42:32.177 WARN kycontroller::kymux_controller::server - Kynet accept failed: connection error: Endpoint closed
2026-09-15T20:42:32.177 WARN kycontroller::kymux_controller::server - Kynet accept failed: connection error: Endpoint closed
2026-09-15T20:42:32.177 WARN kycontroller::kymux_controller::server - Kynet accept failed: connection error: Endpoint closed
2026-09-15T20:42:32.177 WARN kycontroller::kymux_controller::server - Kynet accept failed: connection error: Endpoint closed
2026-09-15T20:42:32.177 WARN kycontroller::kymux_controller::server - Kynet accept failed: connection error: Endpoint closed
2026-09-15T20:42:32.177 WARN kycontroller::kymux_controller::server - Kynet accept failed: connection error: Endpoint closed
2026-09-15T20:42:32.177 WARN kycontroller::kymux_controller::server - Kynet accept failed: connection error: Endpoint closed
2026-09-15T20:42:32.177 WARN kycontroller::kymux_controller::server - Kynet accept failed: connection error: Endpoint closed
2026-09-15T20:42:32.177 WARN kycontroller::kymux_controller::server - Kynet accept failed: connection error: Endpoint closed
2026-09-15T20:42:32.177 WARN kycontroller::kymux_controller::server - Kynet accept failed: connection error: Endpoint closed
2026-09-15T20:42:32.177 WARN kycontroller::kymux_controller::server - Kynet accept failed: connection error: Endpoint closed
2026-09-15T20:42:32.177 WARN kycontroller::kymux_controller::server - Kynet accept failed: connection error: Endpoint closed
2026-09-15T20:42:32.177 WARN kycontroller::kymux_controller::server - Kynet accept failed: connection error: Endpoint closed
2026-09-15T20:42:32.177 WARN kycontroller::kymux_controller::server - Kynet accept failed: connection error: Endpoint closed
2026-09-15T20:42:32.177 WARN kycontroller::kymux_controller::server - Kynet accept failed: connection error: Endpoint closed
2026-09-15T20:42:32.177 WARN kycontroller::kymux_controller::server - Kynet accept failed: connection error: Endpoint closed
2026-09-15T20:42:32.177 WARN kycontroller::kymux_controller::server - Kynet accept failed: connection error: Endpoint closed
2026-09-15T20:42:32.177 WARN kycontroller::kymux_controller::server - Kynet accept failed: connection error: Endpoint closed
2026-09-15T20:42:32.177 WARN kycontroller::kymux_controller::server - Kynet accept failed: connection error: Endpoint closed
2026-09-15T20:42:32.177 WARN kycontroller::kymux_controller::server - Kynet accept failed: connection error: Endpoint closed
2026-09-15T20:42:32.177 WARN kycontroller::kymux_controller::server - Kynet accept failed: connection error: Endpoint closed
2026-09-15T20:42:32.177 WARN kycontroller::kymux_controller::server - Kynet accept failed: connection error: Endpoint closed
2026-09-15T20:42:32.177 WARN kycontroller::kymux_controller::server - Kynet accept failed: connection error: Endpoint closed
2026-09-15T20:42:32.177 WARN kycontroller::kymux_controller::server - Kynet accept failed: connection error: Endpoint closed
2026-09-15T20:42:32.177 WARN kycontroller::kymux_controller::server - Kynet accept failed: connection error: Endpoint closed
2026-09-15T20:42:32.177 WARN kycontroller::kymux_controller::server - Kynet accept failed: connection error: Endpoint closed
2026-09-15T20:42:32.177 WARN kycontroller::kymux_controller::server - Kynet accept failed: connection error: Endpoint closed
2026-09-15T20:42:32.177 WARN kycontroller::kymux_controller::server - Kynet accept failed: connection error: Endpoint closed
2026-09-15T20:42:32.177 WARN kycontroller::kymux_controller::server - Kynet accept failed: connection error: Endpoint closed
2026-09-15T20:42:32.177 WARN kycontroller::kymux_controller::server - Kynet accept failed: connection error: Endpoint closed
2026-09-15T20:42:32.177 WARN kycontroller::kymux_controller::server - Kynet accept failed: connection error: Endpoint closed
2026-09-15T20:42:32.177 WARN kycontroller::kymux_controller::server - Kynet accept failed: connection error: Endpoint closed
2026-09-15T20:42:32.177 WARN kycontroller::kymux_controller::server - Kynet accept failed: connection error: Endpoint closed
2026-09-15T20:42:32.177 WARN kycontroller::kymux_controller::server - Kynet accept failed: connection error: Endpoint closed
2026-09-15T20:42:32.177 WARN kycontroller::kymux_controller::server - Kynet accept failed: connection error: Endpoint closed
2026-09-15T20:42:32.177 WARN kycontroller::kymux_controller::server - Kynet accept failed: connection error: Endpoint closed
2026-09-15T20:42:32.177 WARN kycontroller::kymux_controller::server - Kynet accept failed: connection error: Endpoint closed
2026-09-15T20:42:32.177 WARN kycontroller::kymux_controller::server - Kynet accept failed: connection error: Endpoint closed
2026-09-15T20:42:32.177 WARN kycontroller::kymux_controller::server - Kynet accept failed: connection error: Endpoint closed
2026-09-15T20:42:32.177 WARN kycontroller::kymux_controller::server - Kynet accept failed: connection error: Endpoint closed
2026-09-15T20:42:32.178 WARN kycontroller::kymux_controller::server - Kynet accept failed: connection error: Endpoint closed
2026-09-15T20:42:32.178 WARN kycontroller::kymux_controller::server - Kynet accept failed: connection error: Endpoint closed
2026-09-15T20:42:32.178 WARN kycontroller::kymux_controller::server - Kynet accept failed: connection error: Endpoint closed
2026-09-15T20:42:32.178 WARN kycontroller::kymux_controller::server - Kynet accept failed: connection error: Endpoint closed
2026-09-15T20:42:32.178 WARN kycontroller::kymux_controller::server - Kynet accept failed: connection error: Endpoint closed
2026-09-15T20:42:32.178 WARN kycontroller::kymux_controller::server - Kynet accept failed: connection error: Endpoint closed
2026-09-15T20:42:32.178 WARN kycontroller::kymux_controller::server - Kynet accept failed: connection error: Endpoint closed
2026-09-15T20:42:32.178 WARN kycontroller::kymux_controller::server - Kynet accept failed: connection error: Endpoint closed
2026-09-15T20:42:32.178 WARN kycontroller::kymux_controller::server - Kynet accept failed: connection error: Endpoint closed
2026-09-15T20:42:32.178 WARN kycontroller::kymux_controller::server - Kynet accept failed: connection error: Endpoint closed
2026-09-15T20:42:32.178 WARN kycontroller::kymux_controller::server - Kynet accept failed: connection error: Endpoint closed
2026-09-15T20:42:32.178 WARN kycontroller::kymux_controller::server - Kynet accept failed: connection error: Endpoint closed
2026-09-15T20:42:32.178 WARN kycontroller::kymux_controller::server - Kynet accept failed: connection error: Endpoint closed
2026-09-15T20:42:32.178 WARN kycontroller::kymux_controller::server - Kynet accept failed: connection error: Endpoint closed
2026-09-15T20:42:32.178 WARN kycontroller::kymux_controller::server - Kynet accept failed: connection error: Endpoint closed
2026-09-15T20:42:32.178 WARN kycontroller::kymux_controller::server - Kynet accept failed: connection error: Endpoint closed
2026-09-15T20:42:32.178 WARN kycontroller::kymux_controller::server - Kynet accept failed: connection error: Endpoint closed
2026-09-15T20:42:32.178 WARN kycontroller::kymux_controller::server - Kynet accept failed: connection error: Endpoint closed
2026-09-15T20:42:32.178 WARN kycontroller::kymux_controller::server - Kynet accept failed: connection error: Endpoint closed
2026-09-15T20:42:32.178 WARN kycontroller::kymux_controller::server - Kynet accept failed: connection error: Endpoint closed
2026-09-15T20:42:32.178 WARN kycontroller::kymux_controller::server - Kynet accept failed: connection error: Endpoint closed
2026-09-15T20:42:32.178 WARN kycontroller::kymux_controller::server - Kynet accept failed: connection error: Endpoint closed
2026-09-15T20:42:32.178 WARN kycontroller::kymux_controller::server - Kynet accept failed: connection error: Endpoint closed
2026-09-15T20:42:32.178 WARN kycontroller::kymux_controller::server - Kynet accept failed: connection error: Endpoint closed
2026-09-15T20:42:32.178 WARN kycontroller::kymux_controller::server - Kynet accept failed: connection error: Endpoint closed
2026-09-15T20:42:32.178 WARN kycontroller::kymux_controller::server - Kynet accept failed: connection error: Endpoint closed
2026-09-15T20:42:32.178 WARN kycontroller::kymux_controller::server - Kynet accept failed: connection error: Endpoint closed
2026-09-15T20:42:32.178 WARN kycontroller::kymux_controller::server - Kynet accept failed: connection error: Endpoint closed
2026-09-15T20:42:32.178 WARN kycontroller::kymux_controller::server - Kynet accept failed: connection error: Endpoint closed
2026-09-15T20:42:32.178 WARN kycontroller::kymux_controller::server - Kynet accept failed: connection error: Endpoint closed
2026-09-15T20:42:32.178 WARN kycontroller::kymux_controller::server - Kynet accept failed: connection error: Endpoint closed
2026-09-15T20:42:32.178 WARN kycontroller::kymux_controller::server - Kynet accept failed: connection error: Endpoint closed
2026-09-15T20:42:32.178 WARN kycontroller::kymux_controller::server - Kynet accept failed: connection error: Endpoint closed
2026-09-15T20:42:32.178 WARN kycontroller::kymux_controller::server - Kynet accept failed: connection error: Endpoint closed
2026-09-15T20:42:32.178 WARN kycontroller::kymux_controller::server - Kynet accept failed: connection error: Endpoint closed
2026-09-15T20:42:32.178 WARN kycontroller::kymux_controller::server - Kynet accept failed: connection error: Endpoint closed
2026-09-15T20:42:32.178 WARN kycontroller::kymux_controller::server - Kynet accept failed: connection error: Endpoint closed
2026-09-15T20:42:32.178 WARN kycontroller::kymux_controller::server - Kynet accept failed: connection error: Endpoint closed
2026-09-15T20:42:32.178 WARN kycontroller::kymux_controller::server - Kynet accept failed: connection error: Endpoint closed
2026-09-15T20:42:32.178 WARN kycontroller::kymux_controller::server - Kynet accept failed: connection error: Endpoint closed
2026-09-15T20:42:32.178 WARN kycontroller::kymux_controller::server - Kynet accept failed: connection error: Endpoint closed
2026-09-15T20:42:32.178 WARN kycontroller::kymux_controller::server - Kynet accept failed: connection error: Endpoint closed
2026-09-15T20:42:32.178 WARN kycontroller::kymux_controller::server - Kynet accept failed: connection error: Endpoint closed
2026-09-15T20:42:32.178 WARN kycontroller::kymux_controller::server - Kynet accept failed: connection error: Endpoint closed
2026-09-15T20:42:32.178 WARN kycontroller::kymux_controller::server - Kynet accept failed: connection error: Endpoint closed
2026-09-15T20:42:32.178 WARN kycontroller::kymux_controller::server - Kynet accept failed: connection error: Endpoint closed
2026-09-15T20:42:32.178 WARN kycontroller::kymux_controller::server - Kynet accept failed: connection error: Endpoint closed
2026-09-15T20:42:32.178 WARN kycontroller::kymux_controller::server - Kynet accept failed: connection error: Endpoint closed
2026-09-15T20:42:32.178 WARN kycontroller::kymux_controller::server - Kynet accept failed: connection error: Endpoint closed
2026-09-15T20:42:32.178 WARN kycontroller::kymux_controller::server - Kynet accept failed: connection error: Endpoint closed
2026-09-15T20:42:32.178 WARN kycontroller::kymux_controller::server - Kynet accept failed: connection error: Endpoint closed
2026-09-15T20:42:32.178 WARN kycontroller::kymux_controller::server - Kynet accept failed: connection error: Endpoint closed
2026-09-15T20:42:32.178 WARN kycontroller::kymux_controller::server - Kynet accept failed: connection error: Endpoint closed
2026-09-15T20:42:32.178 WARN kycontroller::kymux_controller::server - Kynet accept failed: connection error: Endpoint closed
2026-09-15T20:42:32.178 WARN kycontroller::kymux_controller::server - Kynet accept failed: connection error: Endpoint closed
2026-09-15T20:42:32.178 WARN kycontroller::kymux_controller::server - Kynet accept failed: connection error: Endpoint closed
2026-09-15T20:42:32.178 WARN kycontroller::kymux_controller::server - Kynet accept failed: connection error: Endpoint closed
2026-09-15T20:42:32.178 WARN kycontroller::kymux_controller::server - Kynet accept failed: connection error: Endpoint closed
2026-09-15T20:42:32.178 WARN kycontroller::kymux_controller::server - Kynet accept failed: connection error: Endpoint closed
2026-09-15T20:42:32.178 WARN kycontroller::kymux_controller::server - Kynet accept failed: connection error: Endpoint closed
2026-09-15T20:42:32.178 WARN kycontroller::kymux_controller::server - Kynet accept failed: connection error: Endpoint closed
2026-09-15T20:42:32.178 WARN kycontroller::kymux_controller::server - Kynet accept failed: connection error: Endpoint closed
2026-09-15T20:42:32.178 WARN kycontroller::kymux_controller::server - Kynet accept failed: connection error: Endpoint closed
2026-09-15T20:42:32.178 WARN kycontroller::kymux_controller::server - Kynet accept failed: connection error: Endpoint closed
2026-09-15T20:42:32.178 WARN kycontroller::kymux_controller::server - Kynet accept failed: connection error: Endpoint closed
2026-09-15T20:42:32.179 WARN kycontroller::kymux_controller::server - Kynet accept failed: connection error: Endpoint closed
2026-09-15T20:42:32.179 WARN kycontroller::kymux_controller::server - Kynet accept failed: connection error: Endpoint closed
2026-09-15T20:42:32.179 WARN kycontroller::kymux_controller::server - Kynet accept failed: connection error: Endpoint closed
2026-09-15T20:42:32.179 WARN kycontroller::kymux_controller::server - Kynet accept failed: connection error: Endpoint closed
2026-09-15T20:42:32.179 WARN kycontroller::kymux_controller::server - Kynet accept failed: connection error: Endpoint closed
2026-09-15T20:42:32.179 WARN kycontroller::kymux_controller::server - Kynet accept failed: connection error: Endpoint closed
2026-09-15T20:42:32.179 WARN kycontroller::kymux_controller::server - Kynet accept failed: connection error: Endpoint closed
2026-09-15T20:42:32.179 WARN kycontroller::kymux_controller::server - Kynet accept failed: connection error: Endpoint closed
2026-09-15T20:42:32.179 WARN kycontroller::kymux_controller::server - Kynet accept failed: connection error: Endpoint closed
2026-09-15T20:42:32.179 WARN kycontroller::kymux_controller::server - Kynet accept failed: connection error: Endpoint closed
2026-09-15T20:42:32.179 WARN kycontroller::kymux_controller::server - Kynet accept failed: connection error: Endpoint closed
2026-09-15T20:42:32.179 WARN kycontroller::kymux_controller::server - Kynet accept failed: connection error: Endpoint closed
2026-09-15T20:42:32.179 WARN kycontroller::kymux_controller::server - Kynet accept failed: connection error: Endpoint closed
2026-09-15T20:42:32.179 WARN kycontroller::kymux_controller::server - Kynet accept failed: connection error: Endpoint closed
2026-09-15T20:42:32.179 WARN kycontroller::kymux_controller::server - Kynet accept failed: connection error: Endpoint closed
2026-09-15T20:42:32.179 WARN kycontroller::kymux_controller::server - Kynet accept failed: connection error: Endpoint closed
2026-09-15T20:42:32.179 WARN kycontroller::kymux_controller::server - Kynet accept failed: connection error: Endpoint closed
2026-09-15T20:42:32.179 WARN kycontroller::kymux_controller::server - Kynet accept failed: connection error: Endpoint closed
2026-09-15T20:42:32.179 WARN kycontroller::kymux_controller::server - Kynet accept failed: connection error: Endpoint closed
2026-09-15T20:42:32.179 WARN kycontroller::kymux_controller::server - Kynet accept failed: connection error: Endpoint closed
2026-09-15T20:42:32.179 WARN kycontroller::kymux_controller::server - Kynet accept failed: connection error: Endpoint closed
2026-09-15T20:42:32.179 WARN kycontroller::kymux_controller::server - Kynet accept failed: connection error: Endpoint closed
2026-09-15T20:42:32.179 WARN kycontroller::kymux_controller::server - Kynet accept failed: connection error: Endpoint closed
2026-09-15T20:42:32.179 WARN kycontroller::kymux_controller::server - Kynet accept failed: connection error: Endpoint closed
2026-09-15T20:42:32.179 WARN kycontroller::kymux_controller::server - Kynet accept failed: connection error: Endpoint closed
2026-09-15T20:42:32.179 WARN kycontroller::kymux_controller::server - Kynet accept failed: connection error: Endpoint closed
2026-09-15T20:42:32.179 WARN kycontroller::kymux_controller::server - Kynet accept failed: connection error: Endpoint closed
2026-09-15T20:42:32.179 WARN kycontroller::kymux_controller::server - Kynet accept failed: connection error: Endpoint closed
2026-09-15T20:42:32.179 WARN kycontroller::kymux_controller::server - Kynet accept failed: connection error: Endpoint closed
2026-09-15T20:42:32.179 WARN kycontroller::kymux_controller::server - Kynet accept failed: connection error: Endpoint closed
2026-09-15T20:42:32.179 WARN kycontroller::kymux_controller::server - Kynet accept failed: connection error: Endpoint closed
2026-09-15T20:42:32.179 WARN kycontroller::kymux_controller::server - Kynet accept failed: connection error: Endpoint closed
2026-09-15T20:42:32.179 WARN kycontroller::kymux_controller::server - Kynet accept failed: connection error: Endpoint closed
2026-09-15T20:42:32.179 WARN kycontroller::kymux_controller::server - Kynet accept failed: connection error: Endpoint closed
2026-09-15T20:42:32.179 WARN kycontroller::kymux_controller::server - Kynet accept failed: connection error: Endpoint closed
2026-09-15T20:42:32.179 WARN kycontroller::kymux_controller::server - Kynet accept failed: connection error: Endpoint closed
2026-09-15T20:42:32.179 WARN kycontroller::kymux_controller::server - Kynet accept failed: connection error: Endpoint closed
2026-09-15T20:42:32.179 WARN kycontroller::kymux_controller::server - Kynet accept failed: connection error: Endpoint closed
2026-09-15T20:42:32.179 WARN kycontroller::kymux_controller::server - Kynet accept failed: connection error: Endpoint closed
2026-09-15T20:42:32.179 WARN kycontroller::kymux_controller::server - Kynet accept failed: connection error: Endpoint closed
2026-09-15T20:42:32.179 WARN kycontroller::kymux_controller::server - Kynet accept failed: connection error: Endpoint closed
2026-09-15T20:42:32.179 WARN kycontroller::kymux_controller::server - Kynet accept failed: connection error: Endpoint closed
2026-09-15T20:42:32.179 WARN kycontroller::kymux_controller::server - Kynet accept failed: connection error: Endpoint closed
2026-09-15T20:42:32.179 WARN kycontroller::kymux_controller::server - Kynet accept failed: connection error: Endpoint closed
2026-09-15T20:42:32.179 WARN kycontroller::kymux_controller::server - Kynet accept failed: connection error: Endpoint closed
2026-09-15T20:42:32.179 WARN kycontroller::kymux_controller::server - Kynet accept failed: connection error: Endpoint closed
2026-09-15T20:42:32.179 WARN kycontroller::kymux_controller::server - Kynet accept failed: connection error: Endpoint closed
2026-09-15T20:42:32.179 WARN kycontroller::kymux_controller::server - Kynet accept failed: connection error: Endpoint closed
2026-09-15T20:42:32.179 WARN kycontroller::kymux_controller::server - Kynet accept failed: connection error: Endpoint closed
2026-09-15T20:42:32.179 WARN kycontroller::kymux_controller::server - Kynet accept failed: connection error: Endpoint closed
2026-09-15T20:42:32.179 WARN kycontroller::kymux_controller::server - Kynet accept failed: connection error: Endpoint closed
2026-09-15T20:42:32.179 WARN kycontroller::kymux_controller::server - Kynet accept failed: connection error: Endpoint closed
2026-09-15T20:42:32.179 WARN kycontroller::kymux_controller::server - Kynet accept failed: connection error: Endpoint closed
2026-09-15T20:42:32.179 WARN kycontroller::kymux_controller::server - Kynet accept failed: connection error: Endpoint closed
2026-09-15T20:42:32.179 WARN kycontroller::kymux_controller::server - Kynet accept failed: connection error: Endpoint closed
2026-09-15T20:42:32.179 WARN kycontroller::kymux_controller::server - Kynet accept failed: connection error: Endpoint closed
2026-09-15T20:42:32.179 WARN kycontroller::kymux_controller::server - Kynet accept failed: connection error: Endpoint closed
2026-09-15T20:42:32.179 WARN kycontroller::kymux_controller::server - Kynet accept failed: connection error: Endpoint closed
2026-09-15T20:42:32.179 WARN kycontroller::kymux_controller::server - Kynet accept failed: connection error: Endpoint closed
2026-09-15T20:42:32.179 WARN kycontroller::kymux_controller::server - Kynet accept failed: connection error: Endpoint closed
2026-09-15T20:42:32.179 WARN kycontroller::kymux_controller::server - Kynet accept failed: connection error: Endpoint closed
2026-09-15T20:42:32.179 WARN kycontroller::kymux_controller::server - Kynet accept failed: connection error: Endpoint closed
2026-09-15T20:42:32.179 WARN kycontroller::kymux_controller::server - Kynet accept failed: connection error: Endpoint closed
2026-09-15T20:42:32.179 WARN kycontroller::kymux_controller::server - Kynet accept failed: connection error: Endpoint closed
2026-09-15T20:42:32.179 WARN kycontroller::kymux_controller::server - Kynet accept failed: connection error: Endpoint closed
2026-09-15T20:42:32.179 WARN kycontroller::kymux_controller::server - Kynet accept failed: connection error: Endpoint closed
2026-09-15T20:42:32.179 WARN kycontroller::kymux_controller::server - Kynet accept failed: connection error: Endpoint closed
2026-09-15T20:42:32.179 WARN kycontroller::kymux_controller::server - Kynet accept failed: connection error: Endpoint closed
2026-09-15T20:42:32.179 WARN kycontroller::kymux_controller::server - Kynet accept failed: connection error: Endpoint closed
2026-09-15T20:42:32.179 WARN kycontroller::kymux_controller::server - Kynet accept failed: connection error: Endpoint closed
2026-09-15T20:42:32.179 WARN kycontroller::kymux_controller::server - Kynet accept failed: connection error: Endpoint closed
2026-09-15T20:42:32.179 WARN kycontroller::kymux_controller::server - Kynet accept failed: connection error: Endpoint closed
2026-09-15T20:42:32.179 WARN kycontroller::kymux_controller::server - Kynet accept failed: connection error: Endpoint closed
2026-09-15T20:42:32.179 WARN kycontroller::kymux_controller::server - Kynet accept failed: connection error: Endpoint closed
2026-09-15T20:42:32.179 WARN kycontroller::kymux_controller::server - Kynet accept failed: connection error: Endpoint closed
2026-09-15T20:42:32.179 WARN kycontroller::kymux_controller::server - Kynet accept failed: connection error: Endpoint closed
2026-09-15T20:42:32.179 WARN kycontroller::kymux_controller::server - Kynet accept failed: connection error: Endpoint closed
2026-09-15T20:42:32.179 WARN kycontroller::kymux_controller::server - Kynet accept failed: connection error: Endpoint closed
2026-09-15T20:42:32.179 WARN kycontroller::kymux_controller::server - Kynet accept failed: connection error: Endpoint closed
2026-09-15T20:42:32.179 WARN kycontroller::kymux_controller::server - Kynet accept failed: connection error: Endpoint closed
2026-09-15T20:42:32.180 WARN kycontroller::kymux_controller::server - Kynet accept failed: connection error: Endpoint closed
2026-09-15T20:42:32.180 WARN kycontroller::kymux_controller::server - Kynet accept failed: connection error: Endpoint closed
2026-09-15T20:42:32.180 WARN kycontroller::kymux_controller::server - Kynet accept failed: connection error: Endpoint closed
2026-09-15T20:42:32.180 WARN kycontroller::kymux_controller::server - Kynet accept failed: connection error: Endpoint closed
2026-09-15T20:42:32.180 WARN kycontroller::kymux_controller::server - Kynet accept failed: connection error: Endpoint closed
2026-09-15T20:42:32.180 WARN kycontroller::kymux_controller::server - Kynet accept failed: connection error: Endpoint closed
2026-09-15T20:42:32.180 WARN kycontroller::kymux_controller::server - Kynet accept failed: connection error: Endpoint closed
2026-09-15T20:42:32.180 WARN kycontroller::kymux_controller::server - Kynet accept failed: connection error: Endpoint closed
2026-09-15T20:42:32.180 WARN kycontroller::kymux_controller::server - Kynet accept failed: connection error: Endpoint closed
2026-09-15T20:42:32.180 WARN kycontroller::kymux_controller::server - Kynet accept failed: connection error: Endpoint closed
2026-09-15T20:42:32.180 WARN kycontroller::kymux_controller::server - Kynet accept failed: connection error: Endpoint closed
2026-09-15T20:42:32.180 WARN kycontroller::kymux_controller::server - Kynet accept failed: connection error: Endpoint closed
2026-09-15T20:42:32.180 WARN kycontroller::kymux_controller::server - Kynet accept failed: connection error: Endpoint closed
2026-09-15T20:42:32.180 WARN kycontroller::kymux_controller::server - Kynet accept failed: connection error: Endpoint closed
2026-09-15T20:42:32.180 WARN kycontroller::kymux_controller::server - Kynet accept failed: connection error: Endpoint closed
2026-09-15T20:42:32.180 WARN kycontroller::kymux_controller::server - Kynet accept failed: connection error: Endpoint closed
2026-09-15T20:42:32.180 WARN kycontroller::kymux_controller::server - Kynet accept failed: connection error: Endpoint closed
2026-09-15T20:42:32.180 WARN kycontroller::kymux_controller::server - Kynet accept failed: connection error: Endpoint closed
2026-09-15T20:42:32.180 WARN kycontroller::kymux_controller::server - Kynet accept failed: connection error: Endpoint closed
2026-09-15T20:42:32.180 WARN kycontroller::kymux_controller::server - Kynet accept failed: connection error: Endpoint closed
2026-09-15T20:42:32.180 WARN kycontroller::kymux_controller::server - Kynet accept failed: connection error: Endpoint closed
2026-09-15T20:42:32.180 WARN kycontroller::kymux_controller::server - Kynet accept failed: connection error: Endpoint closed
2026-09-15T20:42:32.180 WARN kycontroller::kymux_controller::server - Kynet accept failed: connection error: Endpoint closed
2026-09-15T20:42:32.180 WARN kycontroller::kymux_controller::server - Kynet accept failed: connection error: Endpoint closed
2026-09-15T20:42:32.180 WARN kycontroller::kymux_controller::server - Kynet accept failed: connection error: Endpoint closed
2026-09-15T20:42:32.180 WARN kycontroller::kymux_controller::server - Kynet accept failed: connection error: Endpoint closed
2026-09-15T20:42:32.180 WARN kycontroller::kymux_controller::server - Kynet accept failed: connection error: Endpoint closed
2026-09-15T20:42:32.180 WARN kycontroller::kymux_controller::server - Kynet accept failed: connection error: Endpoint closed
2026-09-15T20:42:32.180 WARN kycontroller::kymux_controller::server - Kynet accept failed: connection error: Endpoint closed
2026-09-15T20:42:32.180 WARN kycontroller::kymux_controller::server - Kynet accept failed: connection error: Endpoint closed
2026-09-15T20:42:32.180 WARN kycontroller::kymux_controller::server - Kynet accept failed: connection error: Endpoint closed
2026-09-15T20:42:32.180 WARN kycontroller::kymux_controller::server - Kynet accept failed: connection error: Endpoint closed
2026-09-15T20:42:32.180 WARN kycontroller::kymux_controller::server - Kynet accept failed: connection error: Endpoint closed
2026-09-15T20:42:32.180 WARN kycontroller::kymux_controller::server - Kynet accept failed: connection error: Endpoint closed
2026-09-15T20:42:32.180 WARN kycontroller::kymux_controller::server - Kynet accept failed: connection error: Endpoint closed
2026-09-15T20:42:32.180 WARN kycontroller::kymux_controller::server - Kynet accept failed: connection error: Endpoint closed
2026-09-15T20:42:32.180 WARN kycontroller::kymux_controller::server - Kynet accept failed: connection error: Endpoint closed
2026-09-15T20:42:32.180 WARN kycontroller::kymux_controller::server - Kynet accept failed: connection error: Endpoint closed
2026-09-15T20:42:32.180 WARN kycontroller::kymux_controller::server - Kynet accept failed: connection error: Endpoint closed
2026-09-15T20:42:32.180 WARN kycontroller::kymux_controller::server - Kynet accept failed: connection error: Endpoint closed
2026-09-15T20:42:32.180 WARN kycontroller::kymux_controller::server - Kynet accept failed: connection error: Endpoint closed
2026-09-15T20:42:32.180 WARN kycontroller::kymux_controller::server - Kynet accept failed: connection error: Endpoint closed
2026-09-15T20:42:32.180 WARN kycontroller::kymux_controller::server - Kynet accept failed: connection error: Endpoint closed
2026-09-15T20:42:32.180 WARN kycontroller::kymux_controller::server - Kynet accept failed: connection error: Endpoint closed
2026-09-15T20:42:32.180 WARN kycontroller::kymux_controller::server - Kynet accept failed: connection error: Endpoint closed
2026-09-15T20:42:32.180 WARN kycontroller::kymux_controller::server - Kynet accept failed: connection error: Endpoint closed
2026-09-15T20:42:32.180 WARN kycontroller::kymux_controller::server - Kynet accept failed: connection error: Endpoint closed
2026-09-15T20:42:32.180 WARN kycontroller::kymux_controller::server - Kynet accept failed: connection error: Endpoint closed
2026-09-15T20:42:32.180 WARN kycontroller::kymux_controller::server - Kynet accept failed: connection error: Endpoint closed
2026-09-15T20:42:32.180 WARN kycontroller::kymux_controller::server - Kynet accept failed: connection error: Endpoint closed
2026-09-15T20:42:32.180 WARN kycontroller::kymux_controller::server - Kynet accept failed: connection error: Endpoint closed
2026-09-15T20:42:32.180 WARN kycontroller::kymux_controller::server - Kynet accept failed: connection error: Endpoint closed
2026-09-15T20:42:32.180 WARN kycontroller::kymux_controller::server - Kynet accept failed: connection error: Endpoint closed
2026-09-15T20:42:32.180 WARN kycontroller::kymux_controller::server - Kynet accept failed: connection error: Endpoint closed
2026-09-15T20:42:32.180 WARN kycontroller::kymux_controller::server - Kynet accept failed: connection error: Endpoint closed
2026-09-15T20:42:32.180 WARN kycontroller::kymux_controller::server - Kynet accept failed: connection error: Endpoint closed
2026-09-15T20:42:32.180 WARN kycontroller::kymux_controller::server - Kynet accept failed: connection error: Endpoint closed
2026-09-15T20:42:32.180 WARN kycontroller::kymux_controller::server - Kynet accept failed: connection error: Endpoint closed
2026-09-15T20:42:32.180 WARN kycontroller::kymux_controller::server - Kynet accept failed: connection error: Endpoint closed
2026-09-15T20:42:32.180 WARN kycontroller::kymux_controller::server - Kynet accept failed: connection error: Endpoint closed
2026-09-15T20:42:32.180 WARN kycontroller::kymux_controller::server - Kynet accept failed: connection error: Endpoint closed
2026-09-15T20:42:32.180 WARN kycontroller::kymux_controller::server - Kynet accept failed: connection error: Endpoint closed
2026-09-15T20:42:32.180 WARN kycontroller::kymux_controller::server - Kynet accept failed: connection error: Endpoint closed
2026-09-15T20:42:32.180 WARN kycontroller::kymux_controller::server - Kynet accept failed: connection error: Endpoint closed
2026-09-15T20:42:32.180 WARN kycontroller::kymux_controller::server - Kynet accept failed: connection error: Endpoint closed
2026-09-15T20:42:32.180 WARN kycontroller::kymux_controller::server - Kynet accept failed: connection error: Endpoint closed
2026-09-15T20:42:32.180 WARN kycontroller::kymux_controller::server - Kynet accept failed: connection error: Endpoint closed
2026-09-15T20:42:32.180 WARN kycontroller::kymux_controller::server - Kynet accept failed: connection error: Endpoint closed
2026-09-15T20:42:32.180 WARN kycontroller::kymux_controller::server - Kynet accept failed: connection error: Endpoint closed
2026-09-15T20:42:32.180 WARN kycontroller::kymux_controller::server - Kynet accept failed: connection error: Endpoint closed
2026-09-15T20:42:32.180 WARN kycontroller::kymux_controller::server - Kynet accept failed: connection error: Endpoint closed
2026-09-15T20:42:32.180 WARN kycontroller::kymux_controller::server - Kynet accept failed: connection error: Endpoint closed
2026-09-15T20:42:32.180 WARN kycontroller::kymux_controller::server - Kynet accept failed: connection error: Endpoint closed
2026-09-15T20:42:32.180 WARN kycontroller::kymux_controller::server - Kynet accept failed: connection error: Endpoint closed
2026-09-15T20:42:32.180 WARN kycontroller::kymux_controller::server - Kynet accept failed: connection error: Endpoint closed
2026-09-15T20:42:32.180 WARN kycontroller::kymux_controller::server - Kynet accept failed: connection error: Endpoint closed
2026-09-15T20:42:32.180 WARN kycontroller::kymux_controller::server - Kynet accept failed: connection error: Endpoint closed
2026-09-15T20:42:32.180 WARN kycontroller::kymux_controller::server - Kynet accept failed: connection error: Endpoint closed
2026-09-15T20:42:32.180 WARN kycontroller::kymux_controller::server - Kynet accept failed: connection error: Endpoint closed
2026-09-15T20:42:32.180 WARN kycontroller::kymux_controller::server - Kynet accept failed: connection error: Endpoint closed
2026-09-15T20:42:32.180 WARN kycontroller::kymux_controller::server - Kynet accept failed: connection error: Endpoint closed
2026-09-15T20:42:32.180 WARN kycontroller::kymux_controller::server - Kynet accept failed: connection error: Endpoint closed
2026-09-15T20:42:32.180 WARN kycontroller::kymux_controller::server - Kynet accept failed: connection error: Endpoint closed
2026-09-15T20:42:32.180 WARN kycontroller::kymux_controller::server - Kynet accept failed: connection error: Endpoint closed
2026-09-15T20:42:32.180 WARN kycontroller::kymux_controller::server - Kynet accept failed: connection error: Endpoint closed
2026-09-15T20:42:32.180 WARN kycontroller::kymux_controller::server - Kynet accept failed: connection error: Endpoint closed
2026-09-15T20:42:32.180 WARN kycontroller::kymux_controller::server - Kynet accept failed: connection error: Endpoint closed
2026-09-15T20:42:32.180 WARN kycontroller::kymux_controller::server - Kynet accept failed: connection error: Endpoint closed
2026-09-15T20:42:32.180 WARN kycontroller::kymux_controller::server - Kynet accept failed: connection error: Endpoint closed
2026-09-15T20:42:32.180 WARN kycontroller::kymux_controller::server - Kynet accept failed: connection error: Endpoint closed
2026-09-15T20:42:32.180 WARN kycontroller::kymux_controller::server - Kynet accept failed: connection error: Endpoint closed
2026-09-15T20:42:32.180 WARN kycontroller::kymux_controller::server - Kynet accept failed: connection error: Endpoint closed
2026-09-15T20:42:32.180 WARN kycontroller::kymux_controller::server - Kynet accept failed: connection error: Endpoint closed
2026-09-15T20:42:32.180 WARN kycontroller::kymux_controller::server - Kynet accept failed: connection error: Endpoint closed
2026-09-15T20:42:32.180 WARN kycontroller::kymux_controller::server - Kynet accept failed: connection error: Endpoint closed
2026-09-15T20:42:32.180 WARN kycontroller::kymux_controller::server - Kynet accept failed: connection error: Endpoint closed
2026-09-15T20:42:32.180 WARN kycontroller::kymux_controller::server - Kynet accept failed: connection error: Endpoint closed
2026-09-15T20:42:32.180 WARN kycontroller::kymux_controller::server - Kynet accept failed: connection error: Endpoint closed
2026-09-15T20:42:32.181 WARN kycontroller::kymux_controller::server - Kynet accept failed: connection error: Endpoint closed
2026-09-15T20:42:32.181 WARN kycontroller::kymux_controller::server - Kynet accept failed: connection error: Endpoint closed
2026-09-15T20:42:32.181 WARN kycontroller::kymux_controller::server - Kynet accept failed: connection error: Endpoint closed
2026-09-15T20:42:32.181 WARN kycontroller::kymux_controller::server - Kynet accept failed: connection error: Endpoint closed
2026-09-15T20:42:32.181 WARN kycontroller::kymux_controller::server - Kynet accept failed: connection error: Endpoint closed
2026-09-15T20:42:32.181 WARN kycontroller::kymux_controller::server - Kynet accept failed: connection error: Endpoint closed
2026-09-15T20:42:32.181 WARN kycontroller::kymux_controller::server - Kynet accept failed: connection error: Endpoint closed
2026-09-15T20:42:32.181 WARN kycontroller::kymux_controller::server - Kynet accept failed: connection error: Endpoint closed
2026-09-15T20:42:32.181 WARN kycontroller::kymux_controller::server - Kynet accept failed: connection error: Endpoint closed
2026-09-15T20:42:32.181 WARN kycontroller::kymux_controller::server - Kynet accept failed: connection error: Endpoint closed
2026-09-15T20:42:32.181 WARN kycontroller::kymux_controller::server - Kynet accept failed: connection error: Endpoint closed
2026-09-15T20:42:32.181 WARN kycontroller::kymux_controller::server - Kynet accept failed: connection error: Endpoint closed
2026-09-15T20:42:32.181 WARN kycontroller::kymux_controller::server - Kynet accept failed: connection error: Endpoint closed
2026-09-15T20:42:32.181 WARN kycontroller::kymux_controller::server - Kynet accept failed: connection error: Endpoint closed
2026-09-15T20:42:32.181 WARN kycontroller::kymux_controller::server - Kynet accept failed: connection error: Endpoint closed
2026-09-15T20:42:32.181 WARN kycontroller::kymux_controller::server - Kynet accept failed: connection error: Endpoint closed
2026-09-15T20:42:32.181 WARN kycontroller::kymux_controller::server - Kynet accept failed: connection error: Endpoint closed
2026-09-15T20:42:32.181 WARN kycontroller::kymux_controller::server - Kynet accept failed: connection error: Endpoint closed
2026-09-15T20:42:32.181 WARN kycontroller::kymux_controller::server - Kynet accept failed: connection error: Endpoint closed
2026-09-15T20:42:32.181 WARN kycontroller::kymux_controller::server - Kynet accept failed: connection error: Endpoint closed
2026-09-15T20:42:32.181 WARN kycontroller::kymux_controller::server - Kynet accept failed: connection error: Endpoint closed
2026-09-15T20:42:32.181 WARN kycontroller::kymux_controller::server - Kynet accept failed: connection error: Endpoint closed
2026-09-15T20:42:32.181 WARN kycontroller::kymux_controller::server - Kynet accept failed: connection error: Endpoint closed
2026-09-15T20:42:32.181 WARN kycontroller::kymux_controller::server - Kynet accept failed: connection error: Endpoint closed
2026-09-15T20:42:32.181 WARN kycontroller::kymux_controller::server - Kynet accept failed: connection error: Endpoint closed
2026-09-15T20:42:32.181 WARN kycontroller::kymux_controller::server - Kynet accept failed: connection error: Endpoint closed
2026-09-15T20:42:32.181 WARN kycontroller::kymux_controller::server - Kynet accept failed: connection error: Endpoint closed
2026-09-15T20:42:32.181 WARN kycontroller::kymux_controller::server - Kynet accept failed: connection error: Endpoint closed
2026-09-15T20:42:32.181 WARN kycontroller::kymux_controller::server - Kynet accept failed: connection error: Endpoint closed
2026-09-15T20:42:32.181 WARN kycontroller::kymux_controller::server - Kynet accept failed: connection error: Endpoint closed
2026-09-15T20:42:32.181 WARN kycontroller::kymux_controller::server - Kynet accept failed: connection error: Endpoint closed
2026-09-15T20:42:32.181 WARN kycontroller::kymux_controller::server - Kynet accept failed: connection error: Endpoint closed
2026-09-15T20:42:32.181 WARN kycontroller::kymux_controller::server - Kynet accept failed: connection error: Endpoint closed
2026-09-15T20:42:32.181 WARN kycontroller::kymux_controller::server - Kynet accept failed: connection error: Endpoint closed
2026-09-15T20:42:32.181 WARN kycontroller::kymux_controller::server - Kynet accept failed: connection error: Endpoint closed
2026-09-15T20:42:32.181 WARN kycontroller::kymux_controller::server - Kynet accept failed: connection error: Endpoint closed
2026-09-15T20:42:32.181 WARN kycontroller::kymux_controller::server - Kynet accept failed: connection error: Endpoint closed
2026-09-15T20:42:32.181 WARN kycontroller::kymux_controller::server - Kynet accept failed: connection error: Endpoint closed
2026-09-15T20:42:32.181 WARN kycontroller::kymux_controller::server - Kynet accept failed: connection error: Endpoint closed
2026-09-15T20:42:32.181 WARN kycontroller::kymux_controller::server - Kynet accept failed: connection error: Endpoint closed
2026-09-15T20:42:32.181 WARN kycontroller::kymux_controller::server - Kynet accept failed: connection error: Endpoint closed
2026-09-15T20:42:32.181 WARN kycontroller::kymux_controller::server - Kynet accept failed: connection error: Endpoint closed
2026-09-15T20:42:32.181 WARN kycontroller::kymux_controller::server - Kynet accept failed: connection error: Endpoint closed
2026-09-15T20:42:32.181 WARN kycontroller::kymux_controller::server - Kynet accept failed: connection error: Endpoint closed
2026-09-15T20:42:32.181 WARN kycontroller::kymux_controller::server - Kynet accept failed: connection error: Endpoint closed
2026-09-15T20:42:32.181 WARN kycontroller::kymux_controller::server - Kynet accept failed: connection error: Endpoint closed
2026-09-15T20:42:32.181 WARN kycontroller::kymux_controller::server - Kynet accept failed: connection error: Endpoint closed
2026-09-15T20:42:32.181 WARN kycontroller::kymux_controller::server - Kynet accept failed: connection error: Endpoint closed
2026-09-15T20:42:32.181 WARN kycontroller::kymux_controller::server - Kynet accept failed: connection error: Endpoint closed
2026-09-15T20:42:32.181 WARN kycontroller::kymux_controller::server - Kynet accept failed: connection error: Endpoint closed
2026-09-15T20:42:32.181 WARN kycontroller::kymux_controller::server - Kynet accept failed: connection error: Endpoint closed
2026-09-15T20:42:32.181 WARN kycontroller::kymux_controller::server - Kynet accept failed: connection error: Endpoint closed
2026-09-15T20:42:32.181 WARN kycontroller::kymux_controller::server - Kynet accept failed: connection error: Endpoint closed
2026-09-15T20:42:32.181 WARN kycontroller::kymux_controller::server - Kynet accept failed: connection error: Endpoint closed
2026-09-15T20:42:32.181 WARN kycontroller::kymux_controller::server - Kynet accept failed: connection error: Endpoint closed
2026-09-15T20:42:32.181 WARN kycontroller::kymux_controller::server - Kynet accept failed: connection error: Endpoint closed
2026-09-15T20:42:32.181 WARN kycontroller::kymux_controller::server - Kynet accept failed: connection error: Endpoint closed
2026-09-15T20:42:32.181 WARN kycontroller::kymux_controller::server - Kynet accept failed: connection error: Endpoint closed
2026-09-15T20:42:32.181 WARN kycontroller::kymux_controller::server - Kynet accept failed: connection error: Endpoint closed
2026-09-15T20:42:32.181 WARN kycontroller::kymux_controller::server - Kynet accept failed: connection error: Endpoint closed
2026-09-15T20:42:32.181 WARN kycontroller::kymux_controller::server - Kynet accept failed: connection error: Endpoint closed
2026-09-15T20:42:32.181 WARN kycontroller::kymux_controller::server - Kynet accept failed: connection error: Endpoint closed
2026-09-15T20:42:32.181 WARN kycontroller::kymux_controller::server - Kynet accept failed: connection error: Endpoint closed
2026-09-15T20:42:32.181 WARN kycontroller::kymux_controller::server - Kynet accept failed: connection error: Endpoint closed
2026-09-15T20:42:32.181 WARN kycontroller::kymux_controller::server - Kynet accept failed: connection error: Endpoint closed
2026-09-15T20:42:32.181 WARN kycontroller::kymux_controller::server - Kynet accept failed: connection error: Endpoint closed
2026-09-15T20:42:32.181 WARN kycontroller::kymux_controller::server - Kynet accept failed: connection error: Endpoint closed
2026-09-15T20:42:32.181 WARN kycontroller::kymux_controller::server - Kynet accept failed: connection error: Endpoint closed
2026-09-15T20:42:32.181 WARN kycontroller::kymux_controller::server - Kynet accept failed: connection error: Endpoint closed
2026-09-15T20:42:32.181 WARN kycontroller::kymux_controller::server - Kynet accept failed: connection error: Endpoint closed
2026-09-15T20:42:32.181 WARN kycontroller::kymux_controller::server - Kynet accept failed: connection error: Endpoint closed
2026-09-15T20:42:32.181 WARN kycontroller::kymux_controller::server - Kynet accept failed: connection error: Endpoint closed
2026-09-15T20:42:32.181 WARN kycontroller::kymux_controller::server - Kynet accept failed: connection error: Endpoint closed
2026-09-15T20:42:32.181 WARN kycontroller::kymux_controller::server - Kynet accept failed: connection error: Endpoint closed
2026-09-15T20:42:32.181 WARN kycontroller::kymux_controller::server - Kynet accept failed: connection error: Endpoint closed
2026-09-15T20:42:32.181 WARN kycontroller::kymux_controller::server - Kynet accept failed: connection error: Endpoint closed
2026-09-15T20:42:32.181 WARN kycontroller::kymux_controller::server - Kynet accept failed: connection error: Endpoint closed
2026-09-15T20:42:32.181 WARN kycontroller::kymux_controller::server - Kynet accept failed: connection error: Endpoint closed
2026-09-15T20:42:32.181 WARN kycontroller::kymux_controller::server - Kynet accept failed: connection error: Endpoint closed
2026-09-15T20:42:32.181 WARN kycontroller::kymux_controller::server - Kynet accept failed: connection error: Endpoint closed
2026-09-15T20:42:32.181 WARN kycontroller::kymux_controller::server - Kynet accept failed: connection error: Endpoint closed
2026-09-15T20:42:32.181 WARN kycontroller::kymux_controller::server - Kynet accept failed: connection error: Endpoint closed
2026-09-15T20:42:32.181 WARN kycontroller::kymux_controller::server - Kynet accept failed: connection error: Endpoint closed
2026-09-15T20:42:32.181 WARN kycontroller::kymux_controller::server - Kynet accept failed: connection error: Endpoint closed
2026-09-15T20:42:32.181 WARN kycontroller::kymux_controller::server - Kynet accept failed: connection error: Endpoint closed
2026-09-15T20:42:32.181 WARN kycontroller::kymux_controller::server - Kynet accept failed: connection error: Endpoint closed
2026-09-15T20:42:32.181 WARN kycontroller::kymux_controller::server - Kynet accept failed: connection error: Endpoint closed
2026-09-15T20:42:32.181 WARN kycontroller::kymux_controller::server - Kynet accept failed: connection error: Endpoint closed
2026-09-15T20:42:32.181 WARN kycontroller::kymux_controller::server - Kynet accept failed: connection error: Endpoint closed
2026-09-15T20:42:32.181 WARN kycontroller::kymux_controller::server - Kynet accept failed: connection error: Endpoint closed
2026-09-15T20:42:32.181 WARN kycontroller::kymux_controller::server - Kynet accept failed: connection error: Endpoint closed
2026-09-15T20:42:32.181 WARN kycontroller::kymux_controller::server - Kynet accept failed: connection error: Endpoint closed
2026-09-15T20:42:32.181 WARN kycontroller::kymux_controller::server - Kynet accept failed: connection error: Endpoint closed
2026-09-15T20:42:32.181 WARN kycontroller::kymux_controller::server - Kynet accept failed: connection error: Endpoint closed
2026-09-15T20:42:32.181 WARN kycontroller::kymux_controller::server - Kynet accept failed: connection error: Endpoint closed
2026-09-15T20:42:32.181 WARN kycontroller::kymux_controller::server - Kynet accept failed: connection error: Endpoint closed
2026-09-15T20:42:32.181 WARN kycontroller::kymux_controller::server - Kynet accept failed: connection error: Endpoint closed
2026-09-15T20:42:32.181 WARN kycontroller::kymux_controller::server - Kynet accept failed: connection error: Endpoint closed
2026-09-15T20:42:32.181 WARN kycontroller::kymux_controller::server - Kynet accept failed: connection error: Endpoint closed
2026-09-15T20:42:32.181 WARN kycontroller::kymux_controller::server - Kynet accept failed: connection error: Endpoint closed
2026-09-15T20:42:32.181 WARN kycontroller::kymux_controller::server - Kynet accept failed: connection error: Endpoint closed
2026-09-15T20:42:32.181 WARN kycontroller::kymux_controller::server - Kynet accept failed: connection error: Endpoint closed
2026-09-15T20:42:32.181 WARN kycontroller::kymux_controller::server - Kynet accept failed: connection error: Endpoint closed
2026-09-15T20:42:32.181 WARN kycontroller::kymux_controller::server - Kynet accept failed: connection error: Endpoint closed
2026-09-15T20:42:32.181 WARN kycontroller::kymux_controller::server - Kynet accept failed: connection error: Endpoint closed
2026-09-15T20:42:32.181 WARN kycontroller::kymux_controller::server - Kynet accept failed: connection error: Endpoint closed
2026-09-15T20:42:32.182 WARN kycontroller::kymux_controller::server - Kynet accept failed: connection error: Endpoint closed
2026-09-15T20:42:32.182 WARN kycontroller::kymux_controller::server - Kynet accept failed: connection error: Endpoint closed
2026-09-15T20:42:32.182 WARN kycontroller::kymux_controller::server - Kynet accept failed: connection error: Endpoint closed
2026-09-15T20:42:32.182 WARN kycontroller::kymux_controller::server - Kynet accept failed: connection error: Endpoint closed
2026-09-15T20:42:32.182 WARN kycontroller::kymux_controller::server - Kynet accept failed: connection error: Endpoint closed
2026-09-15T20:42:32.182 WARN kycontroller::kymux_controller::server - Kynet accept failed: connection error: Endpoint closed
2026-09-15T20:42:32.182 WARN kycontroller::kymux_controller::server - Kynet accept failed: connection error: Endpoint closed
2026-09-15T20:42:32.182 WARN kycontroller::kymux_controller::server - Kynet accept failed: connection error: Endpoint closed
2026-09-15T20:42:32.182 WARN kycontroller::kymux_controller::server - Kynet accept failed: connection error: Endpoint closed
2026-09-15T20:42:32.182 WARN kycontroller::kymux_controller::server - Kynet accept failed: connection error: Endpoint closed
2026-09-15T20:42:32.182 WARN kycontroller::kymux_controller::server - Kynet accept failed: connection error: Endpoint closed
2026-09-15T20:42:32.182 WARN kycontroller::kymux_controller::server - Kynet accept failed: connection error: Endpoint closed
2026-09-15T20:42:32.182 WARN kycontroller::kymux_controller::server - Kynet accept failed: connection error: Endpoint closed
2026-09-15T20:42:32.182 WARN kycontroller::kymux_controller::server - Kynet accept failed: connection error: Endpoint closed
2026-09-15T20:42:32.182 WARN kycontroller::kymux_controller::server - Kynet accept failed: connection error: Endpoint closed
2026-09-15T20:42:32.182 WARN kycontroller::kymux_controller::server - Kynet accept failed: connection error: Endpoint closed
2026-09-15T20:42:32.182 WARN kycontroller::kymux_controller::server - Kynet accept failed: connection error: Endpoint closed
2026-09-15T20:42:32.182 WARN kycontroller::kymux_controller::server - Kynet accept failed: connection error: Endpoint closed
2026-09-15T20:42:32.182 WARN kycontroller::kymux_controller::server - Kynet accept failed: connection error: Endpoint closed
2026-09-15T20:42:32.182 WARN kycontroller::kymux_controller::server - Kynet accept failed: connection error: Endpoint closed
2026-09-15T20:42:32.182 WARN kycontroller::kymux_controller::server - Kynet accept failed: connection error: Endpoint closed
2026-09-15T20:42:32.182 WARN kycontroller::kymux_controller::server - Kynet accept failed: connection error: Endpoint closed
2026-09-15T20:42:32.182 WARN kycontroller::kymux_controller::server - Kynet accept failed: connection error: Endpoint closed
2026-09-15T20:42:32.182 WARN kycontroller::kymux_controller::server - Kynet accept failed: connection error: Endpoint closed
2026-09-15T20:42:32.182 WARN kycontroller::kymux_controller::server - Kynet accept failed: connection error: Endpoint closed
2026-09-15T20:42:32.182 WARN kycontroller::kymux_controller::server - Kynet accept failed: connection error: Endpoint closed
2026-09-15T20:42:32.182 WARN kycontroller::kymux_controller::server - Kynet accept failed: connection error: Endpoint closed
2026-09-15T20:42:32.182 WARN kycontroller::kymux_controller::server - Kynet accept failed: connection error: Endpoint closed
2026-09-15T20:42:32.182 WARN kycontroller::kymux_controller::server - Kynet accept failed: connection error: Endpoint closed
2026-09-15T20:42:32.182 WARN kycontroller::kymux_controller::server - Kynet accept failed: connection error: Endpoint closed
2026-09-15T20:42:32.182 WARN kycontroller::kymux_controller::server - Kynet accept failed: connection error: Endpoint closed
2026-09-15T20:42:32.182 WARN kycontroller::kymux_controller::server - Kynet accept failed: connection error: Endpoint closed
2026-09-15T20:42:32.182 WARN kycontroller::kymux_controller::server - Kynet accept failed: connection error: Endpoint closed
2026-09-15T20:42:32.182 WARN kycontroller::kymux_controller::server - Kynet accept failed: connection error: Endpoint closed
2026-09-15T20:42:32.182 WARN kycontroller::kymux_controller::server - Kynet accept failed: connection error: Endpoint closed
2026-09-15T20:42:32.182 WARN kycontroller::kymux_controller::server - Kynet accept failed: connection error: Endpoint closed
2026-09-15T20:42:32.182 WARN kycontroller::kymux_controller::server - Kynet accept failed: connection error: Endpoint closed
2026-09-15T20:42:32.182 WARN kycontroller::kymux_controller::server - Kynet accept failed: connection error: Endpoint closed
2026-09-15T20:42:32.182 WARN kycontroller::kymux_controller::server - Kynet accept failed: connection error: Endpoint closed
2026-09-15T20:42:32.182 WARN kycontroller::kymux_controller::server - Kynet accept failed: connection error: Endpoint closed
2026-09-15T20:42:32.182 WARN kycontroller::kymux_controller::server - Kynet accept failed: connection error: Endpoint closed
2026-09-15T20:42:32.182 WARN kycontroller::kymux_controller::server - Kynet accept failed: connection error: Endpoint closed
2026-09-15T20:42:32.182 WARN kycontroller::kymux_controller::server - Kynet accept failed: connection error: Endpoint closed
2026-09-15T20:42:32.182 WARN kycontroller::kymux_controller::server - Kynet accept failed: connection error: Endpoint closed
2026-09-15T20:42:32.182 WARN kycontroller::kymux_controller::server - Kynet accept failed: connection error: Endpoint closed
2026-09-15T20:42:32.182 WARN kycontroller::kymux_controller::server - Kynet accept failed: connection error: Endpoint closed
2026-09-15T20:42:32.182 WARN kycontroller::kymux_controller::server - Kynet accept failed: connection error: Endpoint closed
2026-09-15T20:42:32.182 WARN kycontroller::kymux_controller::server - Kynet accept failed: connection error: Endpoint closed
2026-09-15T20:42:32.182 WARN kycontroller::kymux_controller::server - Kynet accept failed: connection error: Endpoint closed
2026-09-15T20:42:32.182 WARN kycontroller::kymux_controller::server - Kynet accept failed: connection error: Endpoint closed
2026-09-15T20:42:32.182 WARN kycontroller::kymux_controller::server - Kynet accept failed: connection error: Endpoint closed
2026-09-15T20:42:32.182 WARN kycontroller::kymux_controller::server - Kynet accept failed: connection error: Endpoint closed
2026-09-15T20:42:32.182 WARN kycontroller::kymux_controller::server - Kynet accept failed: connection error: Endpoint closed
2026-09-15T20:42:32.182 WARN kycontroller::kymux_controller::server - Kynet accept failed: connection error: Endpoint closed
2026-09-15T20:42:32.182 WARN kycontroller::kymux_controller::server - Kynet accept failed: connection error: Endpoint closed
2026-09-15T20:42:32.182 WARN kycontroller::kymux_controller::server - Kynet accept failed: connection error: Endpoint closed
2026-09-15T20:42:32.182 WARN kycontroller::kymux_controller::server - Kynet accept failed: connection error: Endpoint closed
2026-09-15T20:42:32.182 WARN kycontroller::kymux_controller::server - Kynet accept failed: connection error: Endpoint closed
2026-09-15T20:42:32.182 WARN kycontroller::kymux_controller::server - Kynet accept failed: connection error: Endpoint closed
2026-09-15T20:42:32.182 WARN kycontroller::kymux_controller::server - Kynet accept failed: connection error: Endpoint closed
2026-09-15T20:42:32.182 WARN kycontroller::kymux_controller::server - Kynet accept failed: connection error: Endpoint closed
2026-09-15T20:42:32.182 WARN kycontroller::kymux_controller::server - Kynet accept failed: connection error: Endpoint closed
2026-09-15T20:42:32.182 WARN kycontroller::kymux_controller::server - Kynet accept failed: connection error: Endpoint closed
2026-09-15T20:42:32.182 WARN kycontroller::kymux_controller::server - Kynet accept failed: connection error: Endpoint closed
2026-09-15T20:42:32.182 WARN kycontroller::kymux_controller::server - Kynet accept failed: connection error: Endpoint closed
2026-09-15T20:42:32.182 WARN kycontroller::kymux_controller::server - Kynet accept failed: connection error: Endpoint closed
2026-09-15T20:42:32.182 WARN kycontroller::kymux_controller::server - Kynet accept failed: connection error: Endpoint closed
2026-09-15T20:42:32.182 WARN kycontroller::kymux_controller::server - Kynet accept failed: connection error: Endpoint closed
2026-09-15T20:42:32.182 WARN kycontroller::kymux_controller::server - Kynet accept failed: connection error: Endpoint closed
2026-09-15T20:42:32.182 WARN kycontroller::kymux_controller::server - Kynet accept failed: connection error: Endpoint closed
2026-09-15T20:42:32.182 WARN kycontroller::kymux_controller::server - Kynet accept failed: connection error: Endpoint closed
2026-09-15T20:42:32.182 WARN kycontroller::kymux_controller::server - Kynet accept failed: connection error: Endpoint closed
2026-09-15T20:42:32.182 WARN kycontroller::kymux_controller::server - Kynet accept failed: connection error: Endpoint closed
2026-09-15T20:42:32.182 WARN kycontroller::kymux_controller::server - Kynet accept failed: connection error: Endpoint closed
2026-09-15T20:42:32.182 WARN kycontroller::kymux_controller::server - Kynet accept failed: connection error: Endpoint closed
2026-09-15T20:42:32.182 WARN kycontroller::kymux_controller::server - Kynet accept failed: connection error: Endpoint closed
2026-09-15T20:42:32.182 WARN kycontroller::kymux_controller::server - Kynet accept failed: connection error: Endpoint closed
2026-09-15T20:42:32.182 WARN kycontroller::kymux_controller::server - Kynet accept failed: connection error: Endpoint closed
2026-09-15T20:42:32.182 WARN kycontroller::kymux_controller::server - Kynet accept failed: connection error: Endpoint closed
2026-09-15T20:42:32.182 WARN kycontroller::kymux_controller::server - Kynet accept failed: connection error: Endpoint closed
2026-09-15T20:42:32.182 WARN kycontroller::kymux_controller::server - Kynet accept failed: connection error: Endpoint closed
2026-09-15T20:42:32.182 WARN kycontroller::kymux_controller::server - Kynet accept failed: connection error: Endpoint closed
2026-09-15T20:42:32.182 WARN kycontroller::kymux_controller::server - Kynet accept failed: connection error: Endpoint closed
2026-09-15T20:42:32.182 WARN kycontroller::kymux_controller::server - Kynet accept failed: connection error: Endpoint closed
2026-09-15T20:42:32.182 WARN kycontroller::kymux_controller::server - Kynet accept failed: connection error: Endpoint closed
2026-09-15T20:42:32.182 WARN kycontroller::kymux_controller::server - Kynet accept failed: connection error: Endpoint closed
2026-09-15T20:42:32.182 WARN kycontroller::kymux_controller::server - Kynet accept failed: connection error: Endpoint closed
2026-09-15T20:42:32.182 WARN kycontroller::kymux_controller::server - Kynet accept failed: connection error: Endpoint closed
2026-09-15T20:42:32.182 WARN kycontroller::kymux_controller::server - Kynet accept failed: connection error: Endpoint closed
2026-09-15T20:42:32.182 WARN kycontroller::kymux_controller::server - Kynet accept failed: connection error: Endpoint closed
2026-09-15T20:42:32.182 WARN kycontroller::kymux_controller::server - Kynet accept failed: connection error: Endpoint closed
2026-09-15T20:42:32.182 WARN kycontroller::kymux_controller::server - Kynet accept failed: connection error: Endpoint closed
2026-09-15T20:42:32.182 WARN kycontroller::kymux_controller::server - Kynet accept failed: connection error: Endpoint closed
2026-09-15T20:42:32.182 WARN kycontroller::kymux_controller::server - Kynet accept failed: connection error: Endpoint closed
2026-09-15T20:42:32.182 WARN kycontroller::kymux_controller::server - Kynet accept failed: connection error: Endpoint closed
2026-09-15T20:42:32.182 WARN kycontroller::kymux_controller::server - Kynet accept failed: connection error: Endpoint closed
2026-09-15T20:42:32.182 WARN kycontroller::kymux_controller::server - Kynet accept failed: connection error: Endpoint closed
2026-09-15T20:42:32.182 WARN kycontroller::kymux_controller::server - Kynet accept failed: connection error: Endpoint closed
2026-09-15T20:42:32.182 WARN kycontroller::kymux_controller::server - Kynet accept failed: connection error: Endpoint closed
2026-09-15T20:42:32.182 WARN kycontroller::kymux_controller::server - Kynet accept failed: connection error: Endpoint closed
2026-09-15T20:42:32.182 WARN kycontroller::kymux_controller::server - Kynet accept failed: connection error: Endpoint closed
2026-09-15T20:42:32.182 WARN kycontroller::kymux_controller::server - Kynet accept failed: connection error: Endpoint closed
2026-09-15T20:42:32.182 WARN kycontroller::kymux_controller::server - Kynet accept failed: connection error: Endpoint closed
2026-09-15T20:42:32.182 WARN kycontroller::kymux_controller::server - Kynet accept failed: connection error: Endpoint closed
2026-09-15T20:42:32.182 WARN kycontroller::kymux_controller::server - Kynet accept failed: connection error: Endpoint closed
2026-09-15T20:42:32.182 WARN kycontroller::kymux_controller::server - Kynet accept failed: connection error: Endpoint closed
2026-09-15T20:42:32.182 WARN kycontroller::kymux_controller::server - Kynet accept failed: connection error: Endpoint closed
2026-09-15T20:42:32.182 WARN kycontroller::kymux_controller::server - Kynet accept failed: connection error: Endpoint closed
2026-09-15T20:42:32.182 WARN kycontroller::kymux_controller::server - Kynet accept failed: connection error: Endpoint closed
2026-09-15T20:42:32.182 WARN kycontroller::kymux_controller::server - Kynet accept failed: connection error: Endpoint closed
2026-09-15T20:42:32.182 WARN kycontroller::kymux_controller::server - Kynet accept failed: connection error: Endpoint closed
2026-09-15T20:42:32.183 WARN kycontroller::kymux_controller::server - Kynet accept failed: connection error: Endpoint closed
2026-09-15T20:42:32.183 WARN kycontroller::kymux_controller::server - Kynet accept failed: connection error: Endpoint closed
2026-09-15T20:42:32.183 WARN kycontroller::kymux_controller::server - Kynet accept failed: connection error: Endpoint closed
2026-09-15T20:42:32.183 WARN kycontroller::kymux_controller::server - Kynet accept failed: connection error: Endpoint closed
2026-09-15T20:42:32.183 WARN kycontroller::kymux_controller::server - Kynet accept failed: connection error: Endpoint closed
2026-09-15T20:42:32.183 WARN kycontroller::kymux_controller::server - Kynet accept failed: connection error: Endpoint closed
2026-09-15T20:42:32.183 WARN kycontroller::kymux_controller::server - Kynet accept failed: connection error: Endpoint closed
2026-09-15T20:42:32.183 WARN kycontroller::kymux_controller::server - Kynet accept failed: connection error: Endpoint closed
2026-09-15T20:42:32.183 WARN kycontroller::kymux_controller::server - Kynet accept failed: connection error: Endpoint closed
2026-09-15T20:42:32.183 WARN kycontroller::kymux_controller::server - Kynet accept failed: connection error: Endpoint closed
2026-09-15T20:42:32.183 WARN kycontroller::kymux_controller::server - Kynet accept failed: connection error: Endpoint closed
2026-09-15T20:42:32.183 WARN kycontroller::kymux_controller::server - Kynet accept failed: connection error: Endpoint closed
2026-09-15T20:42:32.183 WARN kycontroller::kymux_controller::server - Kynet accept failed: connection error: Endpoint closed
2026-09-15T20:42:32.183 WARN kycontroller::kymux_controller::server - Kynet accept failed: connection error: Endpoint closed
2026-09-15T20:42:32.183 WARN kycontroller::kymux_controller::server - Kynet accept failed: connection error: Endpoint closed
2026-09-15T20:42:32.183 WARN kycontroller::kymux_controller::server - Kynet accept failed: connection error: Endpoint closed
2026-09-15T20:42:32.183 WARN kycontroller::kymux_controller::server - Kynet accept failed: connection error: Endpoint closed
2026-09-15T20:42:32.183 WARN kycontroller::kymux_controller::server - Kynet accept failed: connection error: Endpoint closed
2026-09-15T20:42:32.183 WARN kycontroller::kymux_controller::server - Kynet accept failed: connection error: Endpoint closed
2026-09-15T20:42:32.183 WARN kycontroller::kymux_controller::server - Kynet accept failed: connection error: Endpoint closed
2026-09-15T20:42:32.183 WARN kycontroller::kymux_controller::server - Kynet accept failed: connection error: Endpoint closed
2026-09-15T20:42:32.183 WARN kycontroller::kymux_controller::server - Kynet accept failed: connection error: Endpoint closed
2026-09-15T20:42:32.183 WARN kycontroller::kymux_controller::server - Kynet accept failed: connection error: Endpoint closed
2026-09-15T20:42:32.183 WARN kycontroller::kymux_controller::server - Kynet accept failed: connection error: Endpoint closed
2026-09-15T20:42:32.183 WARN kycontroller::kymux_controller::server - Kynet accept failed: connection error: Endpoint closed
2026-09-15T20:42:32.183 WARN kycontroller::kymux_controller::server - Kynet accept failed: connection error: Endpoint closed
2026-09-15T20:42:32.183 WARN kycontroller::kymux_controller::server - Kynet accept failed: connection error: Endpoint closed
2026-09-15T20:42:32.183 WARN kycontroller::kymux_controller::server - Kynet accept failed: connection error: Endpoint closed
2026-09-15T20:42:32.183 WARN kycontroller::kymux_controller::server - Kynet accept failed: connection error: Endpoint closed
2026-09-15T20:42:32.183 WARN kycontroller::kymux_controller::server - Kynet accept failed: connection error: Endpoint closed
2026-09-15T20:42:32.183 WARN kycontroller::kymux_controller::server - Kynet accept failed: connection error: Endpoint closed
2026-09-15T20:42:32.183 WARN kycontroller::kymux_controller::server - Kynet accept failed: connection error: Endpoint closed
2026-09-15T20:42:32.183 WARN kycontroller::kymux_controller::server - Kynet accept failed: connection error: Endpoint closed
2026-09-15T20:42:32.183 WARN kycontroller::kymux_controller::server - Kynet accept failed: connection error: Endpoint closed
2026-09-15T20:42:32.183 WARN kycontroller::kymux_controller::server - Kynet accept failed: connection error: Endpoint closed
2026-09-15T20:42:32.183 WARN kycontroller::kymux_controller::server - Kynet accept failed: connection error: Endpoint closed
2026-09-15T20:42:32.183 WARN kycontroller::kymux_controller::server - Kynet accept failed: connection error: Endpoint closed
2026-09-15T20:42:32.183 WARN kycontroller::kymux_controller::server - Kynet accept failed: connection error: Endpoint closed
2026-09-15T20:42:32.183 WARN kycontroller::kymux_controller::server - Kynet accept failed: connection error: Endpoint closed
2026-09-15T20:42:32.183 WARN kycontroller::kymux_controller::server - Kynet accept failed: connection error: Endpoint closed
2026-09-15T20:42:32.183 WARN kycontroller::kymux_controller::server - Kynet accept failed: connection error: Endpoint closed
2026-09-15T20:42:32.183 WARN kycontroller::kymux_controller::server - Kynet accept failed: connection error: Endpoint closed
2026-09-15T20:42:32.183 WARN kycontroller::kymux_controller::server - Kynet accept failed: connection error: Endpoint closed
2026-09-15T20:42:32.183 WARN kycontroller::kymux_controller::server - Kynet accept failed: connection error: Endpoint closed
2026-09-15T20:42:32.183 WARN kycontroller::kymux_controller::server - Kynet accept failed: connection error: Endpoint closed
2026-09-15T20:42:32.183 WARN kycontroller::kymux_controller::server - Kynet accept failed: connection error: Endpoint closed
2026-09-15T20:42:32.183 WARN kycontroller::kymux_controller::server - Kynet accept failed: connection error: Endpoint closed
2026-09-15T20:42:32.183 WARN kycontroller::kymux_controller::server - Kynet accept failed: connection error: Endpoint closed
2026-09-15T20:42:32.183 WARN kycontroller::kymux_controller::server - Kynet accept failed: connection error: Endpoint closed
2026-09-15T20:42:32.183 WARN kycontroller::kymux_controller::server - Kynet accept failed: connection error: Endpoint closed
2026-09-15T20:42:32.183 WARN kycontroller::kymux_controller::server - Kynet accept failed: connection error: Endpoint closed
2026-09-15T20:42:32.183 WARN kycontroller::kymux_controller::server - Kynet accept failed: connection error: Endpoint closed
2026-09-15T20:42:32.183 WARN kycontroller::kymux_controller::server - Kynet accept failed: connection error: Endpoint closed
2026-09-15T20:42:32.183 WARN kycontroller::kymux_controller::server - Kynet accept failed: connection error: Endpoint closed
2026-09-15T20:42:32.183 WARN kycontroller::kymux_controller::server - Kynet accept failed: connection error: Endpoint closed
2026-09-15T20:42:32.183 WARN kycontroller::kymux_controller::server - Kynet accept failed: connection error: Endpoint closed
2026-09-15T20:42:32.183 WARN kycontroller::kymux_controller::server - Kynet accept failed: connection error: Endpoint closed
2026-09-15T20:42:32.183 WARN kycontroller::kymux_controller::server - Kynet accept failed: connection error: Endpoint closed
2026-09-15T20:42:32.183 WARN kycontroller::kymux_controller::server - Kynet accept failed: connection error: Endpoint closed
2026-09-15T20:42:32.183 WARN kycontroller::kymux_controller::server - Kynet accept failed: connection error: Endpoint closed
2026-09-15T20:42:32.183 WARN kycontroller::kymux_controller::server - Kynet accept failed: connection error: Endpoint closed
2026-09-15T20:42:32.183 WARN kycontroller::kymux_controller::server - Kynet accept failed: connection error: Endpoint closed
2026-09-15T20:42:32.183 WARN kycontroller::kymux_controller::server - Kynet accept failed: connection error: Endpoint closed
2026-09-15T20:42:32.183 WARN kycontroller::kymux_controller::server - Kynet accept failed: connection error: Endpoint closed
2026-09-15T20:42:32.183 WARN kycontroller::kymux_controller::server - Kynet accept failed: connection error: Endpoint closed
2026-09-15T20:42:32.183 WARN kycontroller::kymux_controller::server - Kynet accept failed: connection error: Endpoint closed
2026-09-15T20:42:32.183 WARN kycontroller::kymux_controller::server - Kynet accept failed: connection error: Endpoint closed
2026-09-15T20:42:32.183 WARN kycontroller::kymux_controller::server - Kynet accept failed: connection error: Endpoint closed
2026-09-15T20:42:32.183 WARN kycontroller::kymux_controller::server - Kynet accept failed: connection error: Endpoint closed
2026-09-15T20:42:32.183 WARN kycontroller::kymux_controller::server - Kynet accept failed: connection error: Endpoint closed
2026-09-15T20:42:32.183 WARN kycontroller::kymux_controller::server - Kynet accept failed: connection error: Endpoint closed
2026-09-15T20:42:32.183 WARN kycontroller::kymux_controller::server - Kynet accept failed: connection error: Endpoint closed
2026-09-15T20:42:32.183 WARN kycontroller::kymux_controller::server - Kynet accept failed: connection error: Endpoint closed
2026-09-15T20:42:32.183 WARN kycontroller::kymux_controller::server - Kynet accept failed: connection error: Endpoint closed
2026-09-15T20:42:32.183 WARN kycontroller::kymux_controller::server - Kynet accept failed: connection error: Endpoint closed
2026-09-15T20:42:32.183 WARN kycontroller::kymux_controller::server - Kynet accept failed: connection error: Endpoint closed
2026-09-15T20:42:32.183 WARN kycontroller::kymux_controller::server - Kynet accept failed: connection error: Endpoint closed
2026-09-15T20:42:32.183 WARN kycontroller::kymux_controller::server - Kynet accept failed: connection error: Endpoint closed
2026-09-15T20:42:32.183 WARN kycontroller::kymux_controller::server - Kynet accept failed: connection error: Endpoint closed
2026-09-15T20:42:32.183 WARN kycontroller::kymux_controller::server - Kynet accept failed: connection error: Endpoint closed
2026-09-15T20:42:32.183 WARN kycontroller::kymux_controller::server - Kynet accept failed: connection error: Endpoint closed
2026-09-15T20:42:32.183 WARN kycontroller::kymux_controller::server - Kynet accept failed: connection error: Endpoint closed
2026-09-15T20:42:32.183 WARN kycontroller::kymux_controller::server - Kynet accept failed: connection error: Endpoint closed
2026-09-15T20:42:32.183 WARN kycontroller::kymux_controller::server - Kynet accept failed: connection error: Endpoint closed
2026-09-15T20:42:32.183 WARN kycontroller::kymux_controller::server - Kynet accept failed: connection error: Endpoint closed
2026-09-15T20:42:32.183 WARN kycontroller::kymux_controller::server - Kynet accept failed: connection error: Endpoint closed
2026-09-15T20:42:32.183 WARN kycontroller::kymux_controller::server - Kynet accept failed: connection error: Endpoint closed
2026-09-15T20:42:32.183 WARN kycontroller::kymux_controller::server - Kynet accept failed: connection error: Endpoint closed
2026-09-15T20:42:32.183 WARN kycontroller::kymux_controller::server - Kynet accept failed: connection error: Endpoint closed
2026-09-15T20:42:32.183 WARN kycontroller::kymux_controller::server - Kynet accept failed: connection error: Endpoint closed
2026-09-15T20:42:32.183 WARN kycontroller::kymux_controller::server - Kynet accept failed: connection error: Endpoint closed
2026-09-15T20:42:32.183 WARN kycontroller::kymux_controller::server - Kynet accept failed: connection error: Endpoint closed
2026-09-15T20:42:32.183 WARN kycontroller::kymux_controller::server - Kynet accept failed: connection error: Endpoint closed
2026-09-15T20:42:32.183 WARN kycontroller::kymux_controller::server - Kynet accept failed: connection error: Endpoint closed
2026-09-15T20:42:32.183 WARN kycontroller::kymux_controller::server - Kynet accept failed: connection error: Endpoint closed
2026-09-15T20:42:32.183 WARN kycontroller::kymux_controller::server - Kynet accept failed: connection error: Endpoint closed
2026-09-15T20:42:32.183 WARN kycontroller::kymux_controller::server - Kynet accept failed: connection error: Endpoint closed
2026-09-15T20:42:32.183 WARN kycontroller::kymux_controller::server - Kynet accept failed: connection error: Endpoint closed
2026-09-15T20:42:32.183 WARN kycontroller::kymux_controller::server - Kynet accept failed: connection error: Endpoint closed
2026-09-15T20:42:32.183 WARN kycontroller::kymux_controller::server - Kynet accept failed: connection error: Endpoint closed
2026-09-15T20:42:32.183 WARN kycontroller::kymux_controller::server - Kynet accept failed: connection error: Endpoint closed
2026-09-15T20:42:32.183 WARN kycontroller::kymux_controller::server - Kynet accept failed: connection error: Endpoint closed
2026-09-15T20:42:32.183 WARN kycontroller::kymux_controller::server - Kynet accept failed: connection error: Endpoint closed
2026-09-15T20:42:32.183 WARN kycontroller::kymux_controller::server - Kynet accept failed: connection error: Endpoint closed
2026-09-15T20:42:32.183 WARN kycontroller::kymux_controller::server - Kynet accept failed: connection error: Endpoint closed
2026-09-15T20:42:32.183 WARN kycontroller::kymux_controller::server - Kynet accept failed: connection error: Endpoint closed
2026-09-15T20:42:32.184 WARN kycontroller::kymux_controller::server - Kynet accept failed: connection error: Endpoint closed
2026-09-15T20:42:32.184 WARN kycontroller::kymux_controller::server - Kynet accept failed: connection error: Endpoint closed
2026-09-15T20:42:32.184 WARN kycontroller::kymux_controller::server - Kynet accept failed: connection error: Endpoint closed
2026-09-15T20:42:32.184 WARN kycontroller::kymux_controller::server - Kynet accept failed: connection error: Endpoint closed
2026-09-15T20:42:32.184 WARN kycontroller::kymux_controller::server - Kynet accept failed: connection error: Endpoint closed
2026-09-15T20:42:32.184 WARN kycontroller::kymux_controller::server - Kynet accept failed: connection error: Endpoint closed
2026-09-15T20:42:32.184 WARN kycontroller::kymux_controller::server - Kynet accept failed: connection error: Endpoint closed
2026-09-15T20:42:32.184 WARN kycontroller::kymux_controller::server - Kynet accept failed: connection error: Endpoint closed
2026-09-15T20:42:32.184 WARN kycontroller::kymux_controller::server - Kynet accept failed: connection error: Endpoint closed
2026-09-15T20:42:32.184 WARN kycontroller::kymux_controller::server - Kynet accept failed: connection error: Endpoint closed
2026-09-15T20:42:32.184 WARN kycontroller::kymux_controller::server - Kynet accept failed: connection error: Endpoint closed
2026-09-15T20:42:32.184 WARN kycontroller::kymux_controller::server - Kynet accept failed: connection error: Endpoint closed
2026-09-15T20:42:32.184 WARN kycontroller::kymux_controller::server - Kynet accept failed: connection error: Endpoint closed
2026-09-15T20:42:32.184 WARN kycontroller::kymux_controller::server - Kynet accept failed: connection error: Endpoint closed
2026-09-15T20:42:32.184 WARN kycontroller::kymux_controller::server - Kynet accept failed: connection error: Endpoint closed
2026-09-15T20:42:32.184 WARN kycontroller::kymux_controller::server - Kynet accept failed: connection error: Endpoint closed
2026-09-15T20:42:32.184 WARN kycontroller::kymux_controller::server - Kynet accept failed: connection error: Endpoint closed
2026-09-15T20:42:32.184 WARN kycontroller::kymux_controller::server - Kynet accept failed: connection error: Endpoint closed
2026-09-15T20:42:32.184 WARN kycontroller::kymux_controller::server - Kynet accept failed: connection error: Endpoint closed
2026-09-15T20:42:32.184 WARN kycontroller::kymux_controller::server - Kynet accept failed: connection error: Endpoint closed
2026-09-15T20:42:32.184 WARN kycontroller::kymux_controller::server - Kynet accept failed: connection error: Endpoint closed
2026-09-15T20:42:32.184 WARN kycontroller::kymux_controller::server - Kynet accept failed: connection error: Endpoint closed
2026-09-15T20:42:32.184 WARN kycontroller::kymux_controller::server - Kynet accept failed: connection error: Endpoint closed
2026-09-15T20:42:32.184 WARN kycontroller::kymux_controller::server - Kynet accept failed: connection error: Endpoint closed
2026-09-15T20:42:32.184 WARN kycontroller::kymux_controller::server - Kynet accept failed: connection error: Endpoint closed
2026-09-15T20:42:32.184 WARN kycontroller::kymux_controller::server - Kynet accept failed: connection error: Endpoint closed
2026-09-15T20:42:32.184 WARN kycontroller::kymux_controller::server - Kynet accept failed: connection error: Endpoint closed
2026-09-15T20:42:32.184 WARN kycontroller::kymux_controller::server - Kynet accept failed: connection error: Endpoint closed
2026-09-15T20:42:32.184 WARN kycontroller::kymux_controller::server - Kynet accept failed: connection error: Endpoint closed
2026-09-15T20:42:32.184 WARN kycontroller::kymux_controller::server - Kynet accept failed: connection error: Endpoint closed
2026-09-15T20:42:32.184 WARN kycontroller::kymux_controller::server - Kynet accept failed: connection error: Endpoint closed
2026-09-15T20:42:32.184 WARN kycontroller::kymux_controller::server - Kynet accept failed: connection error: Endpoint closed
2026-09-15T20:42:32.184 WARN kycontroller::kymux_controller::server - Kynet accept failed: connection error: Endpoint closed
2026-09-15T20:42:32.184 WARN kycontroller::kymux_controller::server - Kynet accept failed: connection error: Endpoint closed
2026-09-15T20:42:32.184 WARN kycontroller::kymux_controller::server - Kynet accept failed: connection error: Endpoint closed
2026-09-15T20:42:32.184 WARN kycontroller::kymux_controller::server - Kynet accept failed: connection error: Endpoint closed
2026-09-15T20:42:32.184 WARN kycontroller::kymux_controller::server - Kynet accept failed: connection error: Endpoint closed
2026-09-15T20:42:32.184 WARN kycontroller::kymux_controller::server - Kynet accept failed: connection error: Endpoint closed
2026-09-15T20:42:32.184 WARN kycontroller::kymux_controller::server - Kynet accept failed: connection error: Endpoint closed
2026-09-15T20:42:32.184 WARN kycontroller::kymux_controller::server - Kynet accept failed: connection error: Endpoint closed
2026-09-15T20:42:32.184 WARN kycontroller::kymux_controller::server - Kynet accept failed: connection error: Endpoint closed
2026-09-15T20:42:32.184 WARN kycontroller::kymux_controller::server - Kynet accept failed: connection error: Endpoint closed
2026-09-15T20:42:32.184 WARN kycontroller::kymux_controller::server - Kynet accept failed: connection error: Endpoint closed
2026-09-15T20:42:32.184 WARN kycontroller::kymux_controller::server - Kynet accept failed: connection error: Endpoint closed
2026-09-15T20:42:32.184 WARN kycontroller::kymux_controller::server - Kynet accept failed: connection error: Endpoint closed
2026-09-15T20:42:32.184 WARN kycontroller::kymux_controller::server - Kynet accept failed: connection error: Endpoint closed
2026-09-15T20:42:32.184 WARN kycontroller::kymux_controller::server - Kynet accept failed: connection error: Endpoint closed
2026-09-15T20:42:32.184 WARN kycontroller::kymux_controller::server - Kynet accept failed: connection error: Endpoint closed
2026-09-15T20:42:32.184 WARN kycontroller::kymux_controller::server - Kynet accept failed: connection error: Endpoint closed
2026-09-15T20:42:32.184 WARN kycontroller::kymux_controller::server - Kynet accept failed: connection error: Endpoint closed
2026-09-15T20:42:32.184 WARN kycontroller::kymux_controller::server - Kynet accept failed: connection error: Endpoint closed
2026-09-15T20:42:32.184 WARN kycontroller::kymux_controller::server - Kynet accept failed: connection error: Endpoint closed
2026-09-15T20:42:32.184 WARN kycontroller::kymux_controller::server - Kynet accept failed: connection error: Endpoint closed
2026-09-15T20:42:32.184 WARN kycontroller::kymux_controller::server - Kynet accept failed: connection error: Endpoint closed
2026-09-15T20:42:32.184 WARN kycontroller::kymux_controller::server - Kynet accept failed: connection error: Endpoint closed
2026-09-15T20:42:32.184 WARN kycontroller::kymux_controller::server - Kynet accept failed: connection error: Endpoint closed
2026-09-15T20:42:32.184 WARN kycontroller::kymux_controller::server - Kynet accept failed: connection error: Endpoint closed
2026-09-15T20:42:32.184 WARN kycontroller::kymux_controller::server - Kynet accept failed: connection error: Endpoint closed
2026-09-15T20:42:32.184 WARN kycontroller::kymux_controller::server - Kynet accept failed: connection error: Endpoint closed
2026-09-15T20:42:32.184 WARN kycontroller::kymux_controller::server - Kynet accept failed: connection error: Endpoint closed
2026-09-15T20:42:32.184 WARN kycontroller::kymux_controller::server - Kynet accept failed: connection error: Endpoint closed
2026-09-15T20:42:32.184 WARN kycontroller::kymux_controller::server - Kynet accept failed: connection error: Endpoint closed
2026-09-15T20:42:32.184 WARN kycontroller::kymux_controller::server - Kynet accept failed: connection error: Endpoint closed
2026-09-15T20:42:32.184 WARN kycontroller::kymux_controller::server - Kynet accept failed: connection error: Endpoint closed
2026-09-15T20:42:32.184 WARN kycontroller::kymux_controller::server - Kynet accept failed: connection error: Endpoint closed
2026-09-15T20:42:32.184 WARN kycontroller::kymux_controller::server - Kynet accept failed: connection error: Endpoint closed
2026-09-15T20:42:32.184 WARN kycontroller::kymux_controller::server - Kynet accept failed: connection error: Endpoint closed
2026-09-15T20:42:32.184 WARN kycontroller::kymux_controller::server - Kynet accept failed: connection error: Endpoint closed
2026-09-15T20:42:32.184 WARN kycontroller::kymux_controller::server - Kynet accept failed: connection error: Endpoint closed
2026-09-15T20:42:32.184 WARN kycontroller::kymux_controller::server - Kynet accept failed: connection error: Endpoint closed
2026-09-15T20:42:32.184 WARN kycontroller::kymux_controller::server - Kynet accept failed: connection error: Endpoint closed
2026-09-15T20:42:32.184 WARN kycontroller::kymux_controller::server - Kynet accept failed: connection error: Endpoint closed
2026-09-15T20:42:32.184 WARN kycontroller::kymux_controller::server - Kynet accept failed: connection error: Endpoint closed
2026-09-15T20:42:32.184 WARN kycontroller::kymux_controller::server - Kynet accept failed: connection error: Endpoint closed
2026-09-15T20:42:32.184 WARN kycontroller::kymux_controller::server - Kynet accept failed: connection error: Endpoint closed
2026-09-15T20:42:32.184 WARN kycontroller::kymux_controller::server - Kynet accept failed: connection error: Endpoint closed
2026-09-15T20:42:32.184 WARN kycontroller::kymux_controller::server - Kynet accept failed: connection error: Endpoint closed
2026-09-15T20:42:32.184 WARN kycontroller::kymux_controller::server - Kynet accept failed: connection error: Endpoint closed
2026-09-15T20:42:32.184 WARN kycontroller::kymux_controller::server - Kynet accept failed: connection error: Endpoint closed
2026-09-15T20:42:32.184 WARN kycontroller::kymux_controller::server - Kynet accept failed: connection error: Endpoint closed
2026-09-15T20:42:32.184 WARN kycontroller::kymux_controller::server - Kynet accept failed: connection error: Endpoint closed
2026-09-15T20:42:32.184 WARN kycontroller::kymux_controller::server - Kynet accept failed: connection error: Endpoint closed
2026-09-15T20:42:32.184 WARN kycontroller::kymux_controller::server - Kynet accept failed: connection error: Endpoint closed
2026-09-15T20:42:32.184 WARN kycontroller::kymux_controller::server - Kynet accept failed: connection error: Endpoint closed
2026-09-15T20:42:32.184 WARN kycontroller::kymux_controller::server - Kynet accept failed: connection error: Endpoint closed
2026-09-15T20:42:32.184 WARN kycontroller::kymux_controller::server - Kynet accept failed: connection error: Endpoint closed
2026-09-15T20:42:32.184 WARN kycontroller::kymux_controller::server - Kynet accept failed: connection error: Endpoint closed
2026-09-15T20:42:32.184 WARN kycontroller::kymux_controller::server - Kynet accept failed: connection error: Endpoint closed
2026-09-15T20:42:32.184 WARN kycontroller::kymux_controller::server - Kynet accept failed: connection error: Endpoint closed
2026-09-15T20:42:32.184 WARN kycontroller::kymux_controller::server - Kynet accept failed: connection error: Endpoint closed
2026-09-15T20:42:32.184 WARN kycontroller::kymux_controller::server - Kynet accept failed: connection error: Endpoint closed
2026-09-15T20:42:32.184 WARN kycontroller::kymux_controller::server - Kynet accept failed: connection error: Endpoint closed
2026-09-15T20:42:32.184 WARN kycontroller::kymux_controller::server - Kynet accept failed: connection error: Endpoint closed
2026-09-15T20:42:32.184 WARN kycontroller::kymux_controller::server - Kynet accept failed: connection error: Endpoint closed
2026-09-15T20:42:32.184 WARN kycontroller::kymux_controller::server - Kynet accept failed: connection error: Endpoint closed
2026-09-15T20:42:32.184 WARN kycontroller::kymux_controller::server - Kynet accept failed: connection error: Endpoint closed
2026-09-15T20:42:32.184 WARN kycontroller::kymux_controller::server - Kynet accept failed: connection error: Endpoint closed
2026-09-15T20:42:32.184 WARN kycontroller::kymux_controller::server - Kynet accept failed: connection error: Endpoint closed
2026-09-15T20:42:32.184 WARN kycontroller::kymux_controller::server - Kynet accept failed: connection error: Endpoint closed
2026-09-15T20:42:32.184 WARN kycontroller::kymux_controller::server - Kynet accept failed: connection error: Endpoint closed
2026-09-15T20:42:32.184 WARN kycontroller::kymux_controller::server - Kynet accept failed: connection error: Endpoint closed
2026-09-15T20:42:32.184 WARN kycontroller::kymux_controller::server - Kynet accept failed: connection error: Endpoint closed
2026-09-15T20:42:32.184 WARN kycontroller::kymux_controller::server - Kynet accept failed: connection error: Endpoint closed
2026-09-15T20:42:32.184 WARN kycontroller::kymux_controller::server - Kynet accept failed: connection error: Endpoint closed
2026-09-15T20:42:32.184 WARN kycontroller::kymux_controller::server - Kynet accept failed: connection error: Endpoint closed
2026-09-15T20:42:32.184 WARN kycontroller::kymux_controller::server - Kynet accept failed: connection error: Endpoint closed
2026-09-15T20:42:32.184 WARN kycontroller::kymux_controller::server - Kynet accept failed: connection error: Endpoint closed
2026-09-15T20:42:32.184 WARN kycontroller::kymux_controller::server - Kynet accept failed: connection error: Endpoint closed
2026-09-15T20:42:32.184 WARN kycontroller::kymux_controller::server - Kynet accept failed: connection error: Endpoint closed
2026-09-15T20:42:32.184 WARN kycontroller::kymux_controller::server - Kynet accept failed: connection error: Endpoint closed
2026-09-15T20:42:32.184 WARN kycontroller::kymux_controller::server - Kynet accept failed: connection error: Endpoint closed
2026-09-15T20:42:32.184 WARN kycontroller::kymux_controller::server - Kynet accept failed: connection error: Endpoint closed
2026-09-15T20:42:32.185 WARN kycontroller::kymux_controller::server - Kynet accept failed: connection error: Endpoint closed
2026-09-15T20:42:32.185 WARN kycontroller::kymux_controller::server - Kynet accept failed: connection error: Endpoint closed
2026-09-15T20:42:32.185 WARN kycontroller::kymux_controller::server - Kynet accept failed: connection error: Endpoint closed
2026-09-15T20:42:32.185 WARN kycontroller::kymux_controller::server - Kynet accept failed: connection error: Endpoint closed
2026-09-15T20:42:32.185 WARN kycontroller::kymux_controller::server - Kynet accept failed: connection error: Endpoint closed
2026-09-15T20:42:32.185 WARN kycontroller::kymux_controller::server - Kynet accept failed: connection error: Endpoint closed
2026-09-15T20:42:32.185 WARN kycontroller::kymux_controller::server - Kynet accept failed: connection error: Endpoint closed
2026-09-15T20:42:32.185 WARN kycontroller::kymux_controller::server - Kynet accept failed: connection error: Endpoint closed
2026-09-15T20:42:32.185 WARN kycontroller::kymux_controller::server - Kynet accept failed: connection error: Endpoint closed
2026-09-15T20:42:32.185 WARN kycontroller::kymux_controller::server - Kynet accept failed: connection error: Endpoint closed
2026-09-15T20:42:32.185 WARN kycontroller::kymux_controller::server - Kynet accept failed: connection error: Endpoint closed
2026-09-15T20:42:32.185 WARN kycontroller::kymux_controller::server - Kynet accept failed: connection error: Endpoint closed
2026-09-15T20:42:32.185 WARN kycontroller::kymux_controller::server - Kynet accept failed: connection error: Endpoint closed
2026-09-15T20:42:32.185 WARN kycontroller::kymux_controller::server - Kynet accept failed: connection error: Endpoint closed
2026-09-15T20:42:32.185 WARN kycontroller::kymux_controller::server - Kynet accept failed: connection error: Endpoint closed
2026-09-15T20:42:32.185 WARN kycontroller::kymux_controller::server - Kynet accept failed: connection error: Endpoint closed
2026-09-15T20:42:32.185 WARN kycontroller::kymux_controller::server - Kynet accept failed: connection error: Endpoint closed
2026-09-15T20:42:32.185 WARN kycontroller::kymux_controller::server - Kynet accept failed: connection error: Endpoint closed
2026-09-15T20:42:32.185 WARN kycontroller::kymux_controller::server - Kynet accept failed: connection error: Endpoint closed
2026-09-15T20:42:32.185 WARN kycontroller::kymux_controller::server - Kynet accept failed: connection error: Endpoint closed
2026-09-15T20:42:32.185 WARN kycontroller::kymux_controller::server - Kynet accept failed: connection error: Endpoint closed
2026-09-15T20:42:32.185 WARN kycontroller::kymux_controller::server - Kynet accept failed: connection error: Endpoint closed
2026-09-15T20:42:32.185 WARN kycontroller::kymux_controller::server - Kynet accept failed: connection error: Endpoint closed
2026-09-15T20:42:32.185 WARN kycontroller::kymux_controller::server - Kynet accept failed: connection error: Endpoint closed
2026-09-15T20:42:32.185 WARN kycontroller::kymux_controller::server - Kynet accept failed: connection error: Endpoint closed
2026-09-15T20:42:32.185 WARN kycontroller::kymux_controller::server - Kynet accept failed: connection error: Endpoint closed
2026-09-15T20:42:32.185 WARN kycontroller::kymux_controller::server - Kynet accept failed: connection error: Endpoint closed
2026-09-15T20:42:32.185 WARN kycontroller::kymux_controller::server - Kynet accept failed: connection error: Endpoint closed
2026-09-15T20:42:32.185 WARN kycontroller::kymux_controller::server - Kynet accept failed: connection error: Endpoint closed
2026-09-15T20:42:32.185 WARN kycontroller::kymux_controller::server - Kynet accept failed: connection error: Endpoint closed
2026-09-15T20:42:32.185 WARN kycontroller::kymux_controller::server - Kynet accept failed: connection error: Endpoint closed
2026-09-15T20:42:32.185 WARN kycontroller::kymux_controller::server - Kynet accept failed: connection error: Endpoint closed
2026-09-15T20:42:32.185 WARN kycontroller::kymux_controller::server - Kynet accept failed: connection error: Endpoint closed
2026-09-15T20:42:32.185 WARN kycontroller::kymux_controller::server - Kynet accept failed: connection error: Endpoint closed
2026-09-15T20:42:32.185 WARN kycontroller::kymux_controller::server - Kynet accept failed: connection error: Endpoint closed
2026-09-15T20:42:32.185 WARN kycontroller::kymux_controller::server - Kynet accept failed: connection error: Endpoint closed
2026-09-15T20:42:32.185 WARN kycontroller::kymux_controller::server - Kynet accept failed: connection error: Endpoint closed
2026-09-15T20:42:32.185 WARN kycontroller::kymux_controller::server - Kynet accept failed: connection error: Endpoint closed
2026-09-15T20:42:32.185 WARN kycontroller::kymux_controller::server - Kynet accept failed: connection error: Endpoint closed
2026-09-15T20:42:32.185 WARN kycontroller::kymux_controller::server - Kynet accept failed: connection error: Endpoint closed
2026-09-15T20:42:32.185 WARN kycontroller::kymux_controller::server - Kynet accept failed: connection error: Endpoint closed
2026-09-15T20:42:32.185 WARN kycontroller::kymux_controller::server - Kynet accept failed: connection error: Endpoint closed
2026-09-15T20:42:32.185 WARN kycontroller::kymux_controller::server - Kynet accept failed: connection error: Endpoint closed
2026-09-15T20:42:32.185 WARN kycontroller::kymux_controller::server - Kynet accept failed: connection error: Endpoint closed
2026-09-15T20:42:32.185 WARN kycontroller::kymux_controller::server - Kynet accept failed: connection error: Endpoint closed
2026-09-15T20:42:32.185 WARN kycontroller::kymux_controller::server - Kynet accept failed: connection error: Endpoint closed
2026-09-15T20:42:32.185 WARN kycontroller::kymux_controller::server - Kynet accept failed: connection error: Endpoint closed
2026-09-15T20:42:32.185 WARN kycontroller::kymux_controller::server - Kynet accept failed: connection error: Endpoint closed
2026-09-15T20:42:32.185 WARN kycontroller::kymux_controller::server - Kynet accept failed: connection error: Endpoint closed
2026-09-15T20:42:32.185 WARN kycontroller::kymux_controller::server - Kynet accept failed: connection error: Endpoint closed
2026-09-15T20:42:32.185 WARN kycontroller::kymux_controller::server - Kynet accept failed: connection error: Endpoint closed
2026-09-15T20:42:32.185 WARN kycontroller::kymux_controller::server - Kynet accept failed: connection error: Endpoint closed
2026-09-15T20:42:32.185 WARN kycontroller::kymux_controller::server - Kynet accept failed: connection error: Endpoint closed
2026-09-15T20:42:32.185 WARN kycontroller::kymux_controller::server - Kynet accept failed: connection error: Endpoint closed
2026-09-15T20:42:32.185 WARN kycontroller::kymux_controller::server - Kynet accept failed: connection error: Endpoint closed
2026-09-15T20:42:32.185 WARN kycontroller::kymux_controller::server - Kynet accept failed: connection error: Endpoint closed
2026-09-15T20:42:32.185 WARN kycontroller::kymux_controller::server - Kynet accept failed: connection error: Endpoint closed
2026-09-15T20:42:32.185 WARN kycontroller::kymux_controller::server - Kynet accept failed: connection error: Endpoint closed
2026-09-15T20:42:32.185 WARN kycontroller::kymux_controller::server - Kynet accept failed: connection error: Endpoint closed
2026-09-15T20:42:32.185 WARN kycontroller::kymux_controller::server - Kynet accept failed: connection error: Endpoint closed
2026-09-15T20:42:32.185 WARN kycontroller::kymux_controller::server - Kynet accept failed: connection error: Endpoint closed
2026-09-15T20:42:32.185 WARN kycontroller::kymux_controller::server - Kynet accept failed: connection error: Endpoint closed
2026-09-15T20:42:32.185 WARN kycontroller::kymux_controller::server - Kynet accept failed: connection error: Endpoint closed
2026-09-15T20:42:32.185 WARN kycontroller::kymux_controller::server - Kynet accept failed: connection error: Endpoint closed
2026-09-15T20:42:32.185 WARN kycontroller::kymux_controller::server - Kynet accept failed: connection error: Endpoint closed
2026-09-15T20:42:32.185 WARN kycontroller::kymux_controller::server - Kynet accept failed: connection error: Endpoint closed
2026-09-15T20:42:32.185 WARN kycontroller::kymux_controller::server - Kynet accept failed: connection error: Endpoint closed
2026-09-15T20:42:32.185 WARN kycontroller::kymux_controller::server - Kynet accept failed: connection error: Endpoint closed
2026-09-15T20:42:32.185 WARN kycontroller::kymux_controller::server - Kynet accept failed: connection error: Endpoint closed
2026-09-15T20:42:32.185 WARN kycontroller::kymux_controller::server - Kynet accept failed: connection error: Endpoint closed
2026-09-15T20:42:32.185 WARN kycontroller::kymux_controller::server - Kynet accept failed: connection error: Endpoint closed
2026-09-15T20:42:32.185 WARN kycontroller::kymux_controller::server - Kynet accept failed: connection error: Endpoint closed
2026-09-15T20:42:32.185 WARN kycontroller::kymux_controller::server - Kynet accept failed: connection error: Endpoint closed
2026-09-15T20:42:32.185 WARN kycontroller::kymux_controller::server - Kynet accept failed: connection error: Endpoint closed
2026-09-15T20:42:32.185 WARN kycontroller::kymux_controller::server - Kynet accept failed: connection error: Endpoint closed
2026-09-15T20:42:32.185 WARN kycontroller::kymux_controller::server - Kynet accept failed: connection error: Endpoint closed
2026-09-15T20:42:32.185 WARN kycontroller::kymux_controller::server - Kynet accept failed: connection error: Endpoint closed
2026-09-15T20:42:32.185 WARN kycontroller::kymux_controller::server - Kynet accept failed: connection error: Endpoint closed
2026-09-15T20:42:32.185 WARN kycontroller::kymux_controller::server - Kynet accept failed: connection error: Endpoint closed
2026-09-15T20:42:32.185 WARN kycontroller::kymux_controller::server - Kynet accept failed: connection error: Endpoint closed
2026-09-15T20:42:32.185 WARN kycontroller::kymux_controller::server - Kynet accept failed: connection error: Endpoint closed
2026-09-15T20:42:32.185 WARN kycontroller::kymux_controller::server - Kynet accept failed: connection error: Endpoint closed
2026-09-15T20:42:32.185 WARN kycontroller::kymux_controller::server - Kynet accept failed: connection error: Endpoint closed
2026-09-15T20:42:32.185 WARN kycontroller::kymux_controller::server - Kynet accept failed: connection error: Endpoint closed
2026-09-15T20:42:32.185 WARN kycontroller::kymux_controller::server - Kynet accept failed: connection error: Endpoint closed
2026-09-15T20:42:32.185 WARN kycontroller::kymux_controller::server - Kynet accept failed: connection error: Endpoint closed
2026-09-15T20:42:32.185 WARN kycontroller::kymux_controller::server - Kynet accept failed: connection error: Endpoint closed
2026-09-15T20:42:32.185 WARN kycontroller::kymux_controller::server - Kynet accept failed: connection error: Endpoint closed
2026-09-15T20:42:32.185 WARN kycontroller::kymux_controller::server - Kynet accept failed: connection error: Endpoint closed
2026-09-15T20:42:32.185 WARN kycontroller::kymux_controller::server - Kynet accept failed: connection error: Endpoint closed
2026-09-15T20:42:32.185 WARN kycontroller::kymux_controller::server - Kynet accept failed: connection error: Endpoint closed
2026-09-15T20:42:32.185 WARN kycontroller::kymux_controller::server - Kynet accept failed: connection error: Endpoint closed
2026-09-15T20:42:32.185 WARN kycontroller::kymux_controller::server - Kynet accept failed: connection error: Endpoint closed
2026-09-15T20:42:32.185 WARN kycontroller::kymux_controller::server - Kynet accept failed: connection error: Endpoint closed
2026-09-15T20:42:32.185 WARN kycontroller::kymux_controller::server - Kynet accept failed: connection error: Endpoint closed
2026-09-15T20:42:32.185 WARN kycontroller::kymux_controller::server - Kynet accept failed: connection error: Endpoint closed
2026-09-15T20:42:32.185 WARN kycontroller::kymux_controller::server - Kynet accept failed: connection error: Endpoint closed
2026-09-15T20:42:32.185 WARN kycontroller::kymux_controller::server - Kynet accept failed: connection error: Endpoint closed
2026-09-15T20:42:32.185 WARN kycontroller::kymux_controller::server - Kynet accept failed: connection error: Endpoint closed
2026-09-15T20:42:32.185 WARN kycontroller::kymux_controller::server - Kynet accept failed: connection error: Endpoint closed
2026-09-15T20:42:32.185 WARN kycontroller::kymux_controller::server - Kynet accept failed: connection error: Endpoint closed
2026-09-15T20:42:32.185 WARN kycontroller::kymux_controller::server - Kynet accept failed: connection error: Endpoint closed
2026-09-15T20:42:32.185 WARN kycontroller::kymux_controller::server - Kynet accept failed: connection error: Endpoint closed
2026-09-15T20:42:32.185 WARN kycontroller::kymux_controller::server - Kynet accept failed: connection error: Endpoint closed
2026-09-15T20:42:32.185 WARN kycontroller::kymux_controller::server - Kynet accept failed: connection error: Endpoint closed
2026-09-15T20:42:32.186 WARN kycontroller::kymux_controller::server - Kynet accept failed: connection error: Endpoint closed
2026-09-15T20:42:32.186 WARN kycontroller::kymux_controller::server - Kynet accept failed: connection error: Endpoint closed
2026-09-15T20:42:32.186 WARN kycontroller::kymux_controller::server - Kynet accept failed: connection error: Endpoint closed
2026-09-15T20:42:32.186 WARN kycontroller::kymux_controller::server - Kynet accept failed: connection error: Endpoint closed
2026-09-15T20:42:32.186 WARN kycontroller::kymux_controller::server - Kynet accept failed: connection error: Endpoint closed
2026-09-15T20:42:32.186 WARN kycontroller::kymux_controller::server - Kynet accept failed: connection error: Endpoint closed
2026-09-15T20:42:32.186 WARN kycontroller::kymux_controller::server - Kynet accept failed: connection error: Endpoint closed
2026-09-15T20:42:32.186 WARN kycontroller::kymux_controller::server - Kynet accept failed: connection error: Endpoint closed
2026-09-15T20:42:32.186 WARN kycontroller::kymux_controller::server - Kynet accept failed: connection error: Endpoint closed
2026-09-15T20:42:32.186 WARN kycontroller::kymux_controller::server - Kynet accept failed: connection error: Endpoint closed
2026-09-15T20:42:32.186 WARN kycontroller::kymux_controller::server - Kynet accept failed: connection error: Endpoint closed
2026-09-15T20:42:32.186 WARN kycontroller::kymux_controller::server - Kynet accept failed: connection error: Endpoint closed
2026-09-15T20:42:32.186 WARN kycontroller::kymux_controller::server - Kynet accept failed: connection error: Endpoint closed
2026-09-15T20:42:32.186 WARN kycontroller::kymux_controller::server - Kynet accept failed: connection error: Endpoint closed
2026-09-15T20:42:32.186 WARN kycontroller::kymux_controller::server - Kynet accept failed: connection error: Endpoint closed
2026-09-15T20:42:32.186 WARN kycontroller::kymux_controller::server - Kynet accept failed: connection error: Endpoint closed
2026-09-15T20:42:32.186 WARN kycontroller::kymux_controller::server - Kynet accept failed: connection error: Endpoint closed
2026-09-15T20:42:32.186 WARN kycontroller::kymux_controller::server - Kynet accept failed: connection error: Endpoint closed
2026-09-15T20:42:32.186 WARN kycontroller::kymux_controller::server - Kynet accept failed: connection error: Endpoint closed
2026-09-15T20:42:32.186 WARN kycontroller::kymux_controller::server - Kynet accept failed: connection error: Endpoint closed
2026-09-15T20:42:32.186 WARN kycontroller::kymux_controller::server - Kynet accept failed: connection error: Endpoint closed
2026-09-15T20:42:32.186 WARN kycontroller::kymux_controller::server - Kynet accept failed: connection error: Endpoint closed
2026-09-15T20:42:32.186 WARN kycontroller::kymux_controller::server - Kynet accept failed: connection error: Endpoint closed
2026-09-15T20:42:32.186 WARN kycontroller::kymux_controller::server - Kynet accept failed: connection error: Endpoint closed
2026-09-15T20:42:32.186 WARN kycontroller::kymux_controller::server - Kynet accept failed: connection error: Endpoint closed
2026-09-15T20:42:32.186 WARN kycontroller::kymux_controller::server - Kynet accept failed: connection error: Endpoint closed
2026-09-15T20:42:32.186 WARN kycontroller::kymux_controller::server - Kynet accept failed: connection error: Endpoint closed
2026-09-15T20:42:32.186 WARN kycontroller::kymux_controller::server - Kynet accept failed: connection error: Endpoint closed
2026-09-15T20:42:32.186 WARN kycontroller::kymux_controller::server - Kynet accept failed: connection error: Endpoint closed
2026-09-15T20:42:32.186 WARN kycontroller::kymux_controller::server - Kynet accept failed: connection error: Endpoint closed
2026-09-15T20:42:32.186 WARN kycontroller::kymux_controller::server - Kynet accept failed: connection error: Endpoint closed
2026-09-15T20:42:32.186 WARN kycontroller::kymux_controller::server - Kynet accept failed: connection error: Endpoint closed
2026-09-15T20:42:32.186 WARN kycontroller::kymux_controller::server - Kynet accept failed: connection error: Endpoint closed
2026-09-15T20:42:32.186 WARN kycontroller::kymux_controller::server - Kynet accept failed: connection error: Endpoint closed
2026-09-15T20:42:32.186 WARN kycontroller::kymux_controller::server - Kynet accept failed: connection error: Endpoint closed
2026-09-15T20:42:32.186 WARN kycontroller::kymux_controller::server - Kynet accept failed: connection error: Endpoint closed
2026-09-15T20:42:32.186 WARN kycontroller::kymux_controller::server - Kynet accept failed: connection error: Endpoint closed
2026-09-15T20:42:32.186 WARN kycontroller::kymux_controller::server - Kynet accept failed: connection error: Endpoint closed
2026-09-15T20:42:32.186 WARN kycontroller::kymux_controller::server - Kynet accept failed: connection error: Endpoint closed
2026-09-15T20:42:32.186 WARN kycontroller::kymux_controller::server - Kynet accept failed: connection error: Endpoint closed
2026-09-15T20:42:32.186 WARN kycontroller::kymux_controller::server - Kynet accept failed: connection error: Endpoint closed
2026-09-15T20:42:32.186 WARN kycontroller::kymux_controller::server - Kynet accept failed: connection error: Endpoint closed
2026-09-15T20:42:32.186 WARN kycontroller::kymux_controller::server - Kynet accept failed: connection error: Endpoint closed
2026-09-15T20:42:32.186 WARN kycontroller::kymux_controller::server - Kynet accept failed: connection error: Endpoint closed
2026-09-15T20:42:32.186 WARN kycontroller::kymux_controller::server - Kynet accept failed: connection error: Endpoint closed
2026-09-15T20:42:32.186 WARN kycontroller::kymux_controller::server - Kynet accept failed: connection error: Endpoint closed
2026-09-15T20:42:32.186 WARN kycontroller::kymux_controller::server - Kynet accept failed: connection error: Endpoint closed
2026-09-15T20:42:32.186 WARN kycontroller::kymux_controller::server - Kynet accept failed: connection error: Endpoint closed
2026-09-15T20:42:32.186 WARN kycontroller::kymux_controller::server - Kynet accept failed: connection error: Endpoint closed
2026-09-15T20:42:32.186 WARN kycontroller::kymux_controller::server - Kynet accept failed: connection error: Endpoint closed
2026-09-15T20:42:32.186 WARN kycontroller::kymux_controller::server - Kynet accept failed: connection error: Endpoint closed
2026-09-15T20:42:32.186 WARN kycontroller::kymux_controller::server - Kynet accept failed: connection error: Endpoint closed
2026-09-15T20:42:32.186 WARN kycontroller::kymux_controller::server - Kynet accept failed: connection error: Endpoint closed
2026-09-15T20:42:32.186 WARN kycontroller::kymux_controller::server - Kynet accept failed: connection error: Endpoint closed
2026-09-15T20:42:32.186 WARN kycontroller::kymux_controller::server - Kynet accept failed: connection error: Endpoint closed
2026-09-15T20:42:32.186 WARN kycontroller::kymux_controller::server - Kynet accept failed: connection error: Endpoint closed
2026-09-15T20:42:32.186 WARN kycontroller::kymux_controller::server - Kynet accept failed: connection error: Endpoint closed
2026-09-15T20:42:32.186 WARN kycontroller::kymux_controller::server - Kynet accept failed: connection error: Endpoint closed
2026-09-15T20:42:32.186 WARN kycontroller::kymux_controller::server - Kynet accept failed: connection error: Endpoint closed
2026-09-15T20:42:32.186 WARN kycontroller::kymux_controller::server - Kynet accept failed: connection error: Endpoint closed
2026-09-15T20:42:32.186 WARN kycontroller::kymux_controller::server - Kynet accept failed: connection error: Endpoint closed
2026-09-15T20:42:32.186 WARN kycontroller::kymux_controller::server - Kynet accept failed: connection error: Endpoint closed
2026-09-15T20:42:32.186 WARN kycontroller::kymux_controller::server - Kynet accept failed: connection error: Endpoint closed
2026-09-15T20:42:32.186 WARN kycontroller::kymux_controller::server - Kynet accept failed: connection error: Endpoint closed
2026-09-15T20:42:32.186 WARN kycontroller::kymux_controller::server - Kynet accept failed: connection error: Endpoint closed
2026-09-15T20:42:32.186 WARN kycontroller::kymux_controller::server - Kynet accept failed: connection error: Endpoint closed
2026-09-15T20:42:32.186 WARN kycontroller::kymux_controller::server - Kynet accept failed: connection error: Endpoint closed
2026-09-15T20:42:32.186 WARN kycontroller::kymux_controller::server - Kynet accept failed: connection error: Endpoint closed
2026-09-15T20:42:32.186 WARN kycontroller::kymux_controller::server - Kynet accept failed: connection error: Endpoint closed
2026-09-15T20:42:32.186 WARN kycontroller::kymux_controller::server - Kynet accept failed: connection error: Endpoint closed
2026-09-15T20:42:32.186 WARN kycontroller::kymux_controller::server - Kynet accept failed: connection error: Endpoint closed
2026-09-15T20:42:32.186 WARN kycontroller::kymux_controller::server - Kynet accept failed: connection error: Endpoint closed
2026-09-15T20:42:32.186 WARN kycontroller::kymux_controller::server - Kynet accept failed: connection error: Endpoint closed
2026-09-15T20:42:32.186 WARN kycontroller::kymux_controller::server - Kynet accept failed: connection error: Endpoint closed
2026-09-15T20:42:32.186 WARN kycontroller::kymux_controller::server - Kynet accept failed: connection error: Endpoint closed
2026-09-15T20:42:32.186 WARN kycontroller::kymux_controller::server - Kynet accept failed: connection error: Endpoint closed
2026-09-15T20:42:32.186 WARN kycontroller::kymux_controller::server - Kynet accept failed: connection error: Endpoint closed
2026-09-15T20:42:32.186 WARN kycontroller::kymux_controller::server - Kynet accept failed: connection error: Endpoint closed
2026-09-15T20:42:32.186 WARN kycontroller::kymux_controller::server - Kynet accept failed: connection error: Endpoint closed
2026-09-15T20:42:32.186 WARN kycontroller::kymux_controller::server - Kynet accept failed: connection error: Endpoint closed
2026-09-15T20:42:32.186 WARN kycontroller::kymux_controller::server - Kynet accept failed: connection error: Endpoint closed
2026-09-15T20:42:32.186 WARN kycontroller::kymux_controller::server - Kynet accept failed: connection error: Endpoint closed
2026-09-15T20:42:32.186 WARN kycontroller::kymux_controller::server - Kynet accept failed: connection error: Endpoint closed
2026-09-15T20:42:32.186 WARN kycontroller::kymux_controller::server - Kynet accept failed: connection error: Endpoint closed
2026-09-15T20:42:32.186 WARN kycontroller::kymux_controller::server - Kynet accept failed: connection error: Endpoint closed
2026-09-15T20:42:32.186 WARN kycontroller::kymux_controller::server - Kynet accept failed: connection error: Endpoint closed
2026-09-15T20:42:32.186 WARN kycontroller::kymux_controller::server - Kynet accept failed: connection error: Endpoint closed
2026-09-15T20:42:32.186 WARN kycontroller::kymux_controller::server - Kynet accept failed: connection error: Endpoint closed
2026-09-15T20:42:32.186 WARN kycontroller::kymux_controller::server - Kynet accept failed: connection error: Endpoint closed
2026-09-15T20:42:32.186 WARN kycontroller::kymux_controller::server - Kynet accept failed: connection error: Endpoint closed
2026-09-15T20:42:32.186 WARN kycontroller::kymux_controller::server - Kynet accept failed: connection error: Endpoint closed
2026-09-15T20:42:32.186 WARN kycontroller::kymux_controller::server - Kynet accept failed: connection error: Endpoint closed
2026-09-15T20:42:32.186 WARN kycontroller::kymux_controller::server - Kynet accept failed: connection error: Endpoint closed
2026-09-15T20:42:32.186 WARN kycontroller::kymux_controller::server - Kynet accept failed: connection error: Endpoint closed
2026-09-15T20:42:32.186 WARN kycontroller::kymux_controller::server - Kynet accept failed: connection error: Endpoint closed
2026-09-15T20:42:32.186 WARN kycontroller::kymux_controller::server - Kynet accept failed: connection error: Endpoint closed
2026-09-15T20:42:32.186 WARN kycontroller::kymux_controller::server - Kynet accept failed: connection error: Endpoint closed
2026-09-15T20:42:32.186 WARN kycontroller::kymux_controller::server - Kynet accept failed: connection error: Endpoint closed
2026-09-15T20:42:32.186 WARN kycontroller::kymux_controller::server - Kynet accept failed: connection error: Endpoint closed
2026-09-15T20:42:32.186 WARN kycontroller::kymux_controller::server - Kynet accept failed: connection error: Endpoint closed
2026-09-15T20:42:32.186 WARN kycontroller::kymux_controller::server - Kynet accept failed: connection error: Endpoint closed
2026-09-15T20:42:32.186 WARN kycontroller::kymux_controller::server - Kynet accept failed: connection error: Endpoint closed
2026-09-15T20:42:32.186 WARN kycontroller::kymux_controller::server - Kynet accept failed: connection error: Endpoint closed
2026-09-15T20:42:32.186 WARN kycontroller::kymux_controller::server - Kynet accept failed: connection error: Endpoint closed
2026-09-15T20:42:32.186 WARN kycontroller::kymux_controller::server - Kynet accept failed: connection error: Endpoint closed
2026-09-15T20:42:32.186 WARN kycontroller::kymux_controller::server - Kynet accept failed: connection error: Endpoint closed
2026-09-15T20:42:32.186 WARN kycontroller::kymux_controller::server - Kynet accept failed: connection error: Endpoint closed
2026-09-15T20:42:32.186 WARN kycontroller::kymux_controller::server - Kynet accept failed: connection error: Endpoint closed
2026-09-15T20:42:32.187 WARN kycontroller::kymux_controller::server - Kynet accept failed: connection error: Endpoint closed
2026-09-15T20:42:32.187 WARN kycontroller::kymux_controller::server - Kynet accept failed: connection error: Endpoint closed
2026-09-15T20:42:32.187 WARN kycontroller::kymux_controller::server - Kynet accept failed: connection error: Endpoint closed
2026-09-15T20:42:32.187 WARN kycontroller::kymux_controller::server - Kynet accept failed: connection error: Endpoint closed
2026-09-15T20:42:32.187 WARN kycontroller::kymux_controller::server - Kynet accept failed: connection error: Endpoint closed
2026-09-15T20:42:32.187 WARN kycontroller::kymux_controller::server - Kynet accept failed: connection error: Endpoint closed
2026-09-15T20:42:32.187 WARN kycontroller::kymux_controller::server - Kynet accept failed: connection error: Endpoint closed
2026-09-15T20:42:32.187 WARN kycontroller::kymux_controller::server - Kynet accept failed: connection error: Endpoint closed
2026-09-15T20:42:32.187 WARN kycontroller::kymux_controller::server - Kynet accept failed: connection error: Endpoint closed
2026-09-15T20:42:32.187 WARN kycontroller::kymux_controller::server - Kynet accept failed: connection error: Endpoint closed
2026-09-15T20:42:32.187 WARN kycontroller::kymux_controller::server - Kynet accept failed: connection error: Endpoint closed
2026-09-15T20:42:32.187 WARN kycontroller::kymux_controller::server - Kynet accept failed: connection error: Endpoint closed
2026-09-15T20:42:32.187 WARN kycontroller::kymux_controller::server - Kynet accept failed: connection error: Endpoint closed
2026-09-15T20:42:32.187 WARN kycontroller::kymux_controller::server - Kynet accept failed: connection error: Endpoint closed
2026-09-15T20:42:32.187 WARN kycontroller::kymux_controller::server - Kynet accept failed: connection error: Endpoint closed
2026-09-15T20:42:32.187 WARN kycontroller::kymux_controller::server - Kynet accept failed: connection error: Endpoint closed
2026-09-15T20:42:32.187 WARN kycontroller::kymux_controller::server - Kynet accept failed: connection error: Endpoint closed
2026-09-15T20:42:32.187 WARN kycontroller::kymux_controller::server - Kynet accept failed: connection error: Endpoint closed
2026-09-15T20:42:32.187 WARN kycontroller::kymux_controller::server - Kynet accept failed: connection error: Endpoint closed
2026-09-15T20:42:32.187 WARN kycontroller::kymux_controller::server - Kynet accept failed: connection error: Endpoint closed
2026-09-15T20:42:32.187 WARN kycontroller::kymux_controller::server - Kynet accept failed: connection error: Endpoint closed
2026-09-15T20:42:32.187 WARN kycontroller::kymux_controller::server - Kynet accept failed: connection error: Endpoint closed
2026-09-15T20:42:32.187 WARN kycontroller::kymux_controller::server - Kynet accept failed: connection error: Endpoint closed
2026-09-15T20:42:32.187 WARN kycontroller::kymux_controller::server - Kynet accept failed: connection error: Endpoint closed
2026-09-15T20:42:32.187 WARN kycontroller::kymux_controller::server - Kynet accept failed: connection error: Endpoint closed
2026-09-15T20:42:32.187 WARN kycontroller::kymux_controller::server - Kynet accept failed: connection error: Endpoint closed
2026-09-15T20:42:32.187 WARN kycontroller::kymux_controller::server - Kynet accept failed: connection error: Endpoint closed
2026-09-15T20:42:32.187 WARN kycontroller::kymux_controller::server - Kynet accept failed: connection error: Endpoint closed
2026-09-15T20:42:32.187 WARN kycontroller::kymux_controller::server - Kynet accept failed: connection error: Endpoint closed
2026-09-15T20:42:32.187 WARN kycontroller::kymux_controller::server - Kynet accept failed: connection error: Endpoint closed
2026-09-15T20:42:32.187 WARN kycontroller::kymux_controller::server - Kynet accept failed: connection error: Endpoint closed
2026-09-15T20:42:32.187 WARN kycontroller::kymux_controller::server - Kynet accept failed: connection error: Endpoint closed
2026-09-15T20:42:32.187 WARN kycontroller::kymux_controller::server - Kynet accept failed: connection error: Endpoint closed
2026-09-15T20:42:32.187 WARN kycontroller::kymux_controller::server - Kynet accept failed: connection error: Endpoint closed
2026-09-15T20:42:32.187 WARN kycontroller::kymux_controller::server - Kynet accept failed: connection error: Endpoint closed
2026-09-15T20:42:32.187 WARN kycontroller::kymux_controller::server - Kynet accept failed: connection error: Endpoint closed
2026-09-15T20:42:32.187 WARN kycontroller::kymux_controller::server - Kynet accept failed: connection error: Endpoint closed
2026-09-15T20:42:32.187 WARN kycontroller::kymux_controller::server - Kynet accept failed: connection error: Endpoint closed
2026-09-15T20:42:32.187 WARN kycontroller::kymux_controller::server - Kynet accept failed: connection error: Endpoint closed
2026-09-15T20:42:32.187 WARN kycontroller::kymux_controller::server - Kynet accept failed: connection error: Endpoint closed
2026-09-15T20:42:32.187 WARN kycontroller::kymux_controller::server - Kynet accept failed: connection error: Endpoint closed
2026-09-15T20:42:32.187 WARN kycontroller::kymux_controller::server - Kynet accept failed: connection error: Endpoint closed
2026-09-15T20:42:32.187 WARN kycontroller::kymux_controller::server - Kynet accept failed: connection error: Endpoint closed
2026-09-15T20:42:32.187 WARN kycontroller::kymux_controller::server - Kynet accept failed: connection error: Endpoint closed
2026-09-15T20:42:32.187 WARN kycontroller::kymux_controller::server - Kynet accept failed: connection error: Endpoint closed
2026-09-15T20:42:32.187 WARN kycontroller::kymux_controller::server - Kynet accept failed: connection error: Endpoint closed
2026-09-15T20:42:32.187 WARN kycontroller::kymux_controller::server - Kynet accept failed: connection error: Endpoint closed
2026-09-15T20:42:32.187 WARN libkypc::commander - Commander Rx task ended with error: IpcIOError { source: Kind(UnexpectedEof) }
2026-09-15T20:42:32.187 INFO kycom::server - VideoServerProtocol forwarder ended with result ProtocolError("Une connexion existante a dû être fermée par l’hôte distant. (os error 10054)")
2026-09-15T20:42:32.187 WARN kycontroller::kymux_controller::server - Kynet accept failed: connection error: Endpoint closed
2026-09-15T20:42:32.187 WARN kycontroller::kymux_controller::server - Kynet accept failed: connection error: Endpoint closed
2026-09-15T20:42:32.187 WARN kycontroller::kymux_controller::server - Kynet accept failed: connection error: Endpoint closed
2026-09-15T20:42:32.187 WARN kycontroller::kymux_controller::server - Kynet accept failed: connection error: Endpoint closed
2026-09-15T20:42:32.187 WARN kycontroller::kymux_controller::server - Kynet accept failed: connection error: Endpoint closed
2026-09-15T20:42:32.187 WARN kycontroller::kymux_controller::server - Kynet accept failed: connection error: Endpoint closed
2026-09-15T20:42:32.187 WARN kycontroller::kymux_controller::server - Kynet accept failed: connection error: Endpoint closed
2026-09-15T20:42:32.187 WARN kycontroller::kymux_controller::server - Kynet accept failed: connection error: Endpoint closed
2026-09-15T20:42:32.187 WARN kycontroller::kymux_controller::server - Kynet accept failed: connection error: Endpoint closed
2026-09-15T20:42:32.187 WARN kycontroller::kymux_controller::server - Kynet accept failed: connection error: Endpoint closed
2026-09-15T20:42:32.187 WARN kycontroller::kymux_controller::server - Kynet accept failed: connection error: Endpoint closed
2026-09-15T20:42:32.187 WARN kycontroller::kymux_controller::server - Kynet accept failed: connection error: Endpoint closed
2026-09-15T20:42:32.187 WARN kycontroller::kymux_controller::server - Kynet accept failed: connection error: Endpoint closed
2026-09-15T20:42:32.187 WARN kycontroller::kymux_controller::server - Kynet accept failed: connection error: Endpoint closed
2026-09-15T20:42:32.187 WARN kycontroller::kymux_controller::server - Kynet accept failed: connection error: Endpoint closed
2026-09-15T20:42:32.187 WARN kycontroller::kymux_controller::server - Kynet accept failed: connection error: Endpoint closed
2026-09-15T20:42:32.187 WARN kycontroller::kymux_controller::server - Kynet accept failed: connection error: Endpoint closed
2026-09-15T20:42:32.187 WARN kycontroller::kymux_controller::server - Kynet accept failed: connection error: Endpoint closed
2026-09-15T20:42:32.187 WARN kycontroller::kymux_controller::server - Kynet accept failed: connection error: Endpoint closed
2026-09-15T20:42:32.187 WARN kycontroller::kymux_controller::server - Kynet accept failed: connection error: Endpoint closed
2026-09-15T20:42:32.187 WARN kycontroller::kymux_controller::server - Kynet accept failed: connection error: Endpoint closed
2026-09-15T20:42:32.187 WARN kycontroller::kymux_controller::server - Kynet accept failed: connection error: Endpoint closed
2026-09-15T20:42:32.187 WARN kycontroller::kymux_controller::server - Kynet accept failed: connection error: Endpoint closed
2026-09-15T20:42:32.187 WARN kycontroller::kymux_controller::server - Kynet accept failed: connection error: Endpoint closed
2026-09-15T20:42:32.187 WARN kycontroller::kymux_controller::server - Kynet accept failed: connection error: Endpoint closed
2026-09-15T20:42:32.187 WARN kycontroller::kymux_controller::server - Kynet accept failed: connection error: Endpoint closed
2026-09-15T20:42:32.187 WARN kycontroller::kymux_controller::server - Kynet accept failed: connection error: Endpoint closed
2026-09-15T20:42:32.187 WARN kycontroller::kymux_controller::server - Kynet accept failed: connection error: Endpoint closed
2026-09-15T20:42:32.187 WARN kycontroller::kymux_controller::server - Kynet accept failed: connection error: Endpoint closed
2026-09-15T20:42:32.188 WARN kycontroller::kymux_controller::server - Kynet accept failed: connection error: Endpoint closed
2026-09-15T20:42:32.188 WARN kycontroller::kymux_controller::server - Kynet accept failed: connection error: Endpoint closed
2026-09-15T20:42:32.188 WARN kycontroller::kymux_controller::server - Kynet accept failed: connection error: Endpoint closed
2026-09-15T20:42:32.188 WARN kycontroller::kymux_controller::server - Kynet accept failed: connection error: Endpoint closed
2026-09-15T20:42:32.188 WARN kycontroller::kymux_controller::server - Kynet accept failed: connection error: Endpoint closed
2026-09-15T20:42:32.188 WARN kycontroller::kymux_controller::server - Kynet accept failed: connection error: Endpoint closed
2026-09-15T20:42:32.188 WARN kycontroller::kymux_controller::server - Kynet accept failed: connection error: Endpoint closed
2026-09-15T20:42:32.188 WARN kycontroller::kymux_controller::server - Kynet accept failed: connection error: Endpoint closed
2026-09-15T20:42:32.188 WARN kycontroller::kymux_controller::server - Kynet accept failed: connection error: Endpoint closed
2026-09-15T20:42:32.188 WARN kycontroller::kymux_controller::server - Kynet accept failed: connection error: Endpoint closed
2026-09-15T20:42:32.188 WARN kycontroller::kymux_controller::server - Kynet accept failed: connection error: Endpoint closed
2026-09-15T20:42:32.188 WARN kycontroller::kymux_controller::server - Kynet accept failed: connection error: Endpoint closed
2026-09-15T20:42:32.188 WARN kycontroller::kymux_controller::server - Kynet accept failed: connection error: Endpoint closed
2026-09-15T20:42:32.188 WARN kycontroller::kymux_controller::server - Kynet accept failed: connection error: Endpoint closed
2026-09-15T20:42:32.188 WARN kycontroller::kymux_controller::server - Kynet accept failed: connection error: Endpoint closed
2026-09-15T20:42:32.188 WARN kycontroller::kymux_controller::server - Kynet accept failed: connection error: Endpoint closed
2026-09-15T20:42:32.188 WARN kycontroller::kymux_controller::server - Kynet accept failed: connection error: Endpoint closed
2026-09-15T20:42:32.188 WARN kycontroller::kymux_controller::server - Kynet accept failed: connection error: Endpoint closed
2026-09-15T20:42:32.188 WARN kycontroller::kymux_controller::server - Kynet accept failed: connection error: Endpoint closed
2026-09-15T20:42:32.188 WARN kycontroller::kymux_controller::server - Kynet accept failed: connection error: Endpoint closed
2026-09-15T20:42:32.188 WARN kycontroller::kymux_controller::server - Kynet accept failed: connection error: Endpoint closed
2026-09-15T20:42:32.188 WARN kycontroller::kymux_controller::server - Kynet accept failed: connection error: Endpoint closed
2026-09-15T20:42:32.188 WARN kycontroller::kymux_controller::server - Kynet accept failed: connection error: Endpoint closed
2026-09-15T20:42:32.188 WARN kycontroller::kymux_controller::server - Kynet accept failed: connection error: Endpoint closed
2026-09-15T20:42:32.188 WARN kycontroller::kymux_controller::server - Kynet accept failed: connection error: Endpoint closed
2026-09-15T20:42:32.188 WARN kycontroller::kymux_controller::server - Kynet accept failed: connection error: Endpoint closed
2026-09-15T20:42:32.188 WARN kycontroller::kymux_controller::server - Kynet accept failed: connection error: Endpoint closed
2026-09-15T20:42:32.188 WARN kycontroller::kymux_controller::server - Kynet accept failed: connection error: Endpoint closed
2026-09-15T20:42:32.188 WARN kycontroller::kymux_controller::server - Kynet accept failed: connection error: Endpoint closed
2026-09-15T20:42:32.188 WARN kycontroller::kymux_controller::server - Kynet accept failed: connection error: Endpoint closed
2026-09-15T20:42:32.188 WARN kycontroller::kymux_controller::server - Kynet accept failed: connection error: Endpoint closed
2026-09-15T20:42:32.188 WARN kycontroller::kymux_controller::server - Kynet accept failed: connection error: Endpoint closed
2026-09-15T20:42:32.188 WARN kycontroller::kymux_controller::server - Kynet accept failed: connection error: Endpoint closed
2026-09-15T20:42:32.188 WARN kycontroller::kymux_controller::server - Kynet accept failed: connection error: Endpoint closed
2026-09-15T20:42:32.188 WARN kycontroller::kymux_controller::server - Kynet accept failed: connection error: Endpoint closed
2026-09-15T20:42:32.188 WARN kycontroller::kymux_controller::server - Kynet accept failed: connection error: Endpoint closed
2026-09-15T20:42:32.188 WARN kycontroller::kymux_controller::server - Kynet accept failed: connection error: Endpoint closed
2026-09-15T20:42:32.188 WARN kycontroller::kymux_controller::server - Kynet accept failed: connection error: Endpoint closed
2026-09-15T20:42:32.188 WARN kycontroller::kymux_controller::server - Kynet accept failed: connection error: Endpoint closed
2026-09-15T20:42:32.188 WARN kycontroller::kymux_controller::server - Kynet accept failed: connection error: Endpoint closed
2026-09-15T20:42:32.188 WARN kycontroller::kymux_controller::server - Kynet accept failed: connection error: Endpoint closed
2026-09-15T20:42:32.188 WARN kycontroller::kymux_controller::server - Kynet accept failed: connection error: Endpoint closed
2026-09-15T20:42:32.188 WARN kycontroller::kymux_controller::server - Kynet accept failed: connection error: Endpoint closed
2026-09-15T20:42:32.188 WARN kycontroller::kymux_controller::server - Kynet accept failed: connection error: Endpoint closed
2026-09-15T20:42:32.188 WARN kycontroller::kymux_controller::server - Kynet accept failed: connection error: Endpoint closed
2026-09-15T20:42:32.188 WARN kycontroller::kymux_controller::server - Kynet accept failed: connection error: Endpoint closed
2026-09-15T20:42:32.188 WARN kycontroller::kymux_controller::server - Kynet accept failed: connection error: Endpoint closed
2026-09-15T20:42:32.188 WARN kycontroller::kymux_controller::server - Kynet accept failed: connection error: Endpoint closed
2026-09-15T20:42:32.188 WARN kycontroller::kymux_controller::server - Kynet accept failed: connection error: Endpoint closed
2026-09-15T20:42:32.188 WARN kycontroller::kymux_controller::server - Kynet accept failed: connection error: Endpoint closed
2026-09-15T20:42:32.188 WARN kycontroller::kymux_controller::server - Kynet accept failed: connection error: Endpoint closed
2026-09-15T20:42:32.188 WARN kycontroller::kymux_controller::server - Kynet accept failed: connection error: Endpoint closed
2026-09-15T20:42:32.188 WARN kycontroller::kymux_controller::server - Kynet accept failed: connection error: Endpoint closed
2026-09-15T20:42:32.188 WARN kycontroller::kymux_controller::server - Kynet accept failed: connection error: Endpoint closed
2026-09-15T20:42:32.188 WARN kycontroller::kymux_controller::server - Kynet accept failed: connection error: Endpoint closed
2026-09-15T20:42:32.188 WARN kycontroller::kymux_controller::server - Kynet accept failed: connection error: Endpoint closed
2026-09-15T20:42:32.188 WARN kycontroller::kymux_controller::server - Kynet accept failed: connection error: Endpoint closed
2026-09-15T20:42:32.188 WARN kycontroller::kymux_controller::server - Kynet accept failed: connection error: Endpoint closed
2026-09-15T20:42:32.188 WARN kycontroller::kymux_controller::server - Kynet accept failed: connection error: Endpoint closed
2026-09-15T20:42:32.188 WARN kycontroller::kymux_controller::server - Kynet accept failed: connection error: Endpoint closed
2026-09-15T20:42:32.188 WARN kycontroller::kymux_controller::server - Kynet accept failed: connection error: Endpoint closed
2026-09-15T20:42:32.188 WARN kycontroller::kymux_controller::server - Kynet accept failed: connection error: Endpoint closed
2026-09-15T20:42:32.188 WARN kycontroller::kymux_controller::server - Kynet accept failed: connection error: Endpoint closed
2026-09-15T20:42:32.188 WARN kycontroller::kymux_controller::server - Kynet accept failed: connection error: Endpoint closed
2026-09-15T20:42:32.188 WARN kycontroller::kymux_controller::server - Kynet accept failed: connection error: Endpoint closed
2026-09-15T20:42:32.188 WARN kycontroller::kymux_controller::server - Kynet accept failed: connection error: Endpoint closed
2026-09-15T20:42:32.188 WARN kycontroller::kymux_controller::server - Kynet accept failed: connection error: Endpoint closed
2026-09-15T20:42:32.188 WARN kycontroller::kymux_controller::server - Kynet accept failed: connection error: Endpoint closed
2026-09-15T20:42:32.188 WARN kycontroller::kymux_controller::server - Kynet accept failed: connection error: Endpoint closed
2026-09-15T20:42:32.188 WARN kycontroller::kymux_controller::server - Kynet accept failed: connection error: Endpoint closed
2026-09-15T20:42:32.188 WARN kycontroller::kymux_controller::server - Kynet accept failed: connection error: Endpoint closed
2026-09-15T20:42:32.188 WARN kycontroller::kymux_controller::server - Kynet accept failed: connection error: Endpoint closed
2026-09-15T20:42:32.188 WARN kycontroller::kymux_controller::server - Kynet accept failed: connection error: Endpoint closed
2026-09-15T20:42:32.188 WARN kycontroller::kymux_controller::server - Kynet accept failed: connection error: Endpoint closed
2026-09-15T20:42:32.188 WARN kycontroller::kymux_controller::server - Kynet accept failed: connection error: Endpoint closed
2026-09-15T20:42:32.188 WARN kycontroller::kymux_controller::server - Kynet accept failed: connection error: Endpoint closed
2026-09-15T20:42:32.188 WARN kycontroller::kymux_controller::server - Kynet accept failed: connection error: Endpoint closed
2026-09-15T20:42:32.188 WARN kycontroller::kymux_controller::server - Kynet accept failed: connection error: Endpoint closed
2026-09-15T20:42:32.188 WARN kycontroller::kymux_controller::server - Kynet accept failed: connection error: Endpoint closed
2026-09-15T20:42:32.188 WARN kycontroller::kymux_controller::server - Kynet accept failed: connection error: Endpoint closed
2026-09-15T20:42:32.188 WARN kycontroller::kymux_controller::server - Kynet accept failed: connection error: Endpoint closed
2026-09-15T20:42:32.188 WARN kycontroller::kymux_controller::server - Kynet accept failed: connection error: Endpoint closed
2026-09-15T20:42:32.188 WARN kycontroller::kymux_controller::server - Kynet accept failed: connection error: Endpoint closed
2026-09-15T20:42:32.188 WARN kycontroller::kymux_controller::server - Kynet accept failed: connection error: Endpoint closed
2026-09-15T20:42:32.188 WARN kycontroller::kymux_controller::server - Kynet accept failed: connection error: Endpoint closed
2026-09-15T20:42:32.188 WARN kycontroller::kymux_controller::server - Kynet accept failed: connection error: Endpoint closed
2026-09-15T20:42:32.188 WARN kycontroller::kymux_controller::server - Kynet accept failed: connection error: Endpoint closed
2026-09-15T20:42:32.188 WARN kycontroller::kymux_controller::server - Kynet accept failed: connection error: Endpoint closed
2026-09-15T20:42:32.188 WARN kycontroller::kymux_controller::server - Kynet accept failed: connection error: Endpoint closed
2026-09-15T20:42:32.188 WARN kycontroller::kymux_controller::server - Kynet accept failed: connection error: Endpoint closed
2026-09-15T20:42:32.188 WARN kycontroller::kymux_controller::server - Kynet accept failed: connection error: Endpoint closed
2026-09-15T20:42:32.188 WARN kycontroller::kymux_controller::server - Kynet accept failed: connection error: Endpoint closed
2026-09-15T20:42:32.188 WARN kycontroller::kymux_controller::server - Kynet accept failed: connection error: Endpoint closed
2026-09-15T20:42:32.188 WARN kycontroller::kymux_controller::server - Kynet accept failed: connection error: Endpoint closed
2026-09-15T20:42:32.188 WARN kycontroller::kymux_controller::server - Kynet accept failed: connection error: Endpoint closed
2026-09-15T20:42:32.188 WARN kycontroller::kymux_controller::server - Kynet accept failed: connection error: Endpoint closed
2026-09-15T20:42:32.188 WARN kycontroller::kymux_controller::server - Kynet accept failed: connection error: Endpoint closed
2026-09-15T20:42:32.188 WARN kycontroller::kymux_controller::server - Kynet accept failed: connection error: Endpoint closed
2026-09-15T20:42:32.188 WARN kycontroller::kymux_controller::server - Kynet accept failed: connection error: Endpoint closed
2026-09-15T20:42:32.188 WARN kycontroller::kymux_controller::server - Kynet accept failed: connection error: Endpoint closed
2026-09-15T20:42:32.188 WARN kycontroller::kymux_controller::server - Kynet accept failed: connection error: Endpoint closed
2026-09-15T20:42:32.188 WARN kycontroller::kymux_controller::server - Kynet accept failed: connection error: Endpoint closed
2026-09-15T20:42:32.188 WARN kycontroller::kymux_controller::server - Kynet accept failed: connection error: Endpoint closed
2026-09-15T20:42:32.188 WARN kycontroller::kymux_controller::server - Kynet accept failed: connection error: Endpoint closed
2026-09-15T20:42:32.188 WARN kycontroller::kymux_controller::server - Kynet accept failed: connection error: Endpoint closed
2026-09-15T20:42:32.189 WARN kycontroller::kymux_controller::server - Kynet accept failed: connection error: Endpoint closed
2026-09-15T20:42:32.189 WARN kycontroller::kymux_controller::server - Kynet accept failed: connection error: Endpoint closed
2026-09-15T20:42:32.189 WARN kycontroller::kymux_controller::server - Kynet accept failed: connection error: Endpoint closed
2026-09-15T20:42:32.189 WARN kycontroller::kymux_controller::server - Kynet accept failed: connection error: Endpoint closed
2026-09-15T20:42:32.189 WARN kycontroller::kymux_controller::server - Kynet accept failed: connection error: Endpoint closed
2026-09-15T20:42:32.189 WARN kycontroller::kymux_controller::server - Kynet accept failed: connection error: Endpoint closed
2026-09-15T20:42:32.189 WARN kycontroller::kymux_controller::server - Kynet accept failed: connection error: Endpoint closed
2026-09-15T20:42:32.189 WARN kycontroller::kymux_controller::server - Kynet accept failed: connection error: Endpoint closed
2026-09-15T20:42:32.189 WARN kycontroller::kymux_controller::server - Kynet accept failed: connection error: Endpoint closed
2026-09-15T20:42:32.189 WARN kycontroller::kymux_controller::server - Kynet accept failed: connection error: Endpoint closed
2026-09-15T20:42:32.189 WARN kycontroller::kymux_controller::server - Kynet accept failed: connection error: Endpoint closed
2026-09-15T20:42:32.189 WARN kycontroller::kymux_controller::server - Kynet accept failed: connection error: Endpoint closed
2026-09-15T20:42:32.189 WARN kycontroller::kymux_controller::server - Kynet accept failed: connection error: Endpoint closed
2026-09-15T20:42:32.189 WARN kycontroller::kymux_controller::server - Kynet accept failed: connection error: Endpoint closed
2026-09-15T20:42:32.189 WARN kycontroller::kymux_controller::server - Kynet accept failed: connection error: Endpoint closed
2026-09-15T20:42:32.189 WARN kycontroller::kymux_controller::server - Kynet accept failed: connection error: Endpoint closed
2026-09-15T20:42:32.189 WARN kycontroller::kymux_controller::server - Kynet accept failed: connection error: Endpoint closed
2026-09-15T20:42:32.189 WARN kycontroller::kymux_controller::server - Kynet accept failed: connection error: Endpoint closed
2026-09-15T20:42:32.189 WARN kycontroller::kymux_controller::server - Kynet accept failed: connection error: Endpoint closed
2026-09-15T20:42:32.189 WARN kycontroller::kymux_controller::server - Kynet accept failed: connection error: Endpoint closed
2026-09-15T20:42:32.189 WARN kycontroller::kymux_controller::server - Kynet accept failed: connection error: Endpoint closed
2026-09-15T20:42:32.189 WARN kycontroller::kymux_controller::server - Kynet accept failed: connection error: Endpoint closed
2026-09-15T20:42:32.189 WARN kycontroller::kymux_controller::server - Kynet accept failed: connection error: Endpoint closed
2026-09-15T20:42:32.189 WARN kycontroller::kymux_controller::server - Kynet accept failed: connection error: Endpoint closed
2026-09-15T20:42:32.189 WARN kycontroller::kymux_controller::server - Kynet accept failed: connection error: Endpoint closed
2026-09-15T20:42:32.189 WARN kycontroller::kymux_controller::server - Kynet accept failed: connection error: Endpoint closed
2026-09-15T20:42:32.189 WARN kycontroller::kymux_controller::server - Kynet accept failed: connection error: Endpoint closed
2026-09-15T20:42:32.189 WARN kycontroller::kymux_controller::server - Kynet accept failed: connection error: Endpoint closed
2026-09-15T20:42:32.189 WARN kycontroller::kymux_controller::server - Kynet accept failed: connection error: Endpoint closed
2026-09-15T20:42:32.189 WARN kycontroller::kymux_controller::server - Kynet accept failed: connection error: Endpoint closed
2026-09-15T20:42:32.189 WARN kycontroller::kymux_controller::server - Kynet accept failed: connection error: Endpoint closed
2026-09-15T20:42:32.189 WARN kycontroller::kymux_controller::server - Kynet accept failed: connection error: Endpoint closed
2026-09-15T20:42:32.189 WARN kycontroller::kymux_controller::server - Kynet accept failed: connection error: Endpoint closed
2026-09-15T20:42:32.189 WARN kycontroller::kymux_controller::server - Kynet accept failed: connection error: Endpoint closed
2026-09-15T20:42:32.189 WARN kycontroller::kymux_controller::server - Kynet accept failed: connection error: Endpoint closed
2026-09-15T20:42:32.189 WARN kycontroller::kymux_controller::server - Kynet accept failed: connection error: Endpoint closed
2026-09-15T20:42:32.189 WARN kycontroller::kymux_controller::server - Kynet accept failed: connection error: Endpoint closed
2026-09-15T20:42:32.189 WARN kycontroller::kymux_controller::server - Kynet accept failed: connection error: Endpoint closed
2026-09-15T20:42:32.189 WARN kycontroller::kymux_controller::server - Kynet accept failed: connection error: Endpoint closed
2026-09-15T20:42:32.189 WARN kycontroller::kymux_controller::server - Kynet accept failed: connection error: Endpoint closed
2026-09-15T20:42:32.189 WARN kycontroller::kymux_controller::server - Kynet accept failed: connection error: Endpoint closed
2026-09-15T20:42:32.189 WARN kycontroller::kymux_controller::server - Kynet accept failed: connection error: Endpoint closed
2026-09-15T20:42:32.189 WARN kycontroller::kymux_controller::server - Kynet accept failed: connection error: Endpoint closed
2026-09-15T20:42:32.189 WARN kycontroller::kymux_controller::server - Kynet accept failed: connection error: Endpoint closed
2026-09-15T20:42:32.189 WARN kycontroller::kymux_controller::server - Kynet accept failed: connection error: Endpoint closed
2026-09-15T20:42:32.189 WARN kycontroller::kymux_controller::server - Kynet accept failed: connection error: Endpoint closed
2026-09-15T20:42:32.189 WARN kycontroller::kymux_controller::server - Kynet accept failed: connection error: Endpoint closed
2026-09-15T20:42:32.189 WARN kycontroller::kymux_controller::server - Kynet accept failed: connection error: Endpoint closed
2026-09-15T20:42:32.189 WARN kycontroller::kymux_controller::server - Kynet accept failed: connection error: Endpoint closed
2026-09-15T20:42:32.189 WARN kycontroller::kymux_controller::server - Kynet accept failed: connection error: Endpoint closed
2026-09-15T20:42:32.189 WARN kycontroller::kymux_controller::server - Kynet accept failed: connection error: Endpoint closed
2026-09-15T20:42:32.189 WARN kycontroller::kymux_controller::server - Kynet accept failed: connection error: Endpoint closed
2026-09-15T20:42:32.189 WARN kycontroller::kymux_controller::server - Kynet accept failed: connection error: Endpoint closed
2026-09-15T20:42:32.189 WARN kycontroller::kymux_controller::server - Kynet accept failed: connection error: Endpoint closed
2026-09-15T20:42:32.189 WARN kycontroller::kymux_controller::server - Kynet accept failed: connection error: Endpoint closed
2026-09-15T20:42:32.189 WARN kycontroller::kymux_controller::server - Kynet accept failed: connection error: Endpoint closed
2026-09-15T20:42:32.189 WARN kycontroller::kymux_controller::server - Kynet accept failed: connection error: Endpoint closed
2026-09-15T20:42:32.189 WARN kycontroller::kymux_controller::server - Kynet accept failed: connection error: Endpoint closed
2026-09-15T20:42:32.189 WARN kycontroller::kymux_controller::server - Kynet accept failed: connection error: Endpoint closed
2026-09-15T20:42:32.189 WARN kycontroller::kymux_controller::server - Kynet accept failed: connection error: Endpoint closed
2026-09-15T20:42:32.189 WARN kycontroller::kymux_controller::server - Kynet accept failed: connection error: Endpoint closed
2026-09-15T20:42:32.189 WARN kycontroller::kymux_controller::server - Kynet accept failed: connection error: Endpoint closed
2026-09-15T20:42:32.189 WARN kycontroller::kymux_controller::server - Kynet accept failed: connection error: Endpoint closed
2026-09-15T20:42:32.189 WARN kycontroller::kymux_controller::server - Kynet accept failed: connection error: Endpoint closed
2026-09-15T20:42:32.189 WARN kycontroller::kymux_controller::server - Kynet accept failed: connection error: Endpoint closed
2026-09-15T20:42:32.189 WARN kycontroller::kymux_controller::server - Kynet accept failed: connection error: Endpoint closed
2026-09-15T20:42:32.189 WARN kycontroller::kymux_controller::server - Kynet accept failed: connection error: Endpoint closed
2026-09-15T20:42:32.189 WARN kycontroller::kymux_controller::server - Kynet accept failed: connection error: Endpoint closed
2026-09-15T20:42:32.189 WARN kycontroller::kymux_controller::server - Kynet accept failed: connection error: Endpoint closed
2026-09-15T20:42:32.189 WARN kycontroller::kymux_controller::server - Kynet accept failed: connection error: Endpoint closed
2026-09-15T20:42:32.189 WARN kycontroller::kymux_controller::server - Kynet accept failed: connection error: Endpoint closed
2026-09-15T20:42:32.189 WARN kycontroller::kymux_controller::server - Kynet accept failed: connection error: Endpoint closed
2026-09-15T20:42:32.189 WARN kycontroller::kymux_controller::server - Kynet accept failed: connection error: Endpoint closed
2026-09-15T20:42:32.189 WARN kycontroller::kymux_controller::server - Kynet accept failed: connection error: Endpoint closed
2026-09-15T20:42:32.189 WARN kycontroller::kymux_controller::server - Kynet accept failed: connection error: Endpoint closed
2026-09-15T20:42:32.189 WARN kycontroller::kymux_controller::server - Kynet accept failed: connection error: Endpoint closed
2026-09-15T20:42:32.189 WARN kycontroller::kymux_controller::server - Kynet accept failed: connection error: Endpoint closed
2026-09-15T20:42:32.189 WARN kycontroller::kymux_controller::server - Kynet accept failed: connection error: Endpoint closed
2026-09-15T20:42:32.189 WARN kycontroller::kymux_controller::server - Kynet accept failed: connection error: Endpoint closed
2026-09-15T20:42:32.189 WARN kycontroller::kymux_controller::server - Kynet accept failed: connection error: Endpoint closed
2026-09-15T20:42:32.189 WARN kycontroller::kymux_controller::server - Kynet accept failed: connection error: Endpoint closed
2026-09-15T20:42:32.189 WARN kycontroller::kymux_controller::server - Kynet accept failed: connection error: Endpoint closed
2026-09-15T20:42:32.189 WARN kycontroller::kymux_controller::server - Kynet accept failed: connection error: Endpoint closed
2026-09-15T20:42:32.189 WARN kycontroller::kymux_controller::server - Kynet accept failed: connection error: Endpoint closed
2026-09-15T20:42:32.189 WARN kycontroller::kymux_controller::server - Kynet accept failed: connection error: Endpoint closed
2026-09-15T20:42:32.189 WARN kycontroller::kymux_controller::server - Kynet accept failed: connection error: Endpoint closed
2026-09-15T20:42:32.189 WARN kycontroller::kymux_controller::server - Kynet accept failed: connection error: Endpoint closed
2026-09-15T20:42:32.189 WARN kycontroller::kymux_controller::server - Kynet accept failed: connection error: Endpoint closed
2026-09-15T20:42:32.189 WARN kycontroller::kymux_controller::server - Kynet accept failed: connection error: Endpoint closed
2026-09-15T20:42:32.189 WARN kycontroller::kymux_controller::server - Kynet accept failed: connection error: Endpoint closed
2026-09-15T20:42:32.189 WARN kycontroller::kymux_controller::server - Kynet accept failed: connection error: Endpoint closed
2026-09-15T20:42:32.189 WARN kycontroller::kymux_controller::server - Kynet accept failed: connection error: Endpoint closed
2026-09-15T20:42:32.189 WARN kycontroller::kymux_controller::server - Kynet accept failed: connection error: Endpoint closed
2026-09-15T20:42:32.189 WARN kycontroller::kymux_controller::server - Kynet accept failed: connection error: Endpoint closed
2026-09-15T20:42:32.189 WARN kycontroller::kymux_controller::server - Kynet accept failed: connection error: Endpoint closed
2026-09-15T20:42:32.189 WARN kycontroller::kymux_controller::server - Kynet accept failed: connection error: Endpoint closed
2026-09-15T20:42:32.189 WARN kycontroller::kymux_controller::server - Kynet accept failed: connection error: Endpoint closed
2026-09-15T20:42:32.189 WARN kycontroller::kymux_controller::server - Kynet accept failed: connection error: Endpoint closed
2026-09-15T20:42:32.189 WARN kycontroller::kymux_controller::server - Kynet accept failed: connection error: Endpoint closed
2026-09-15T20:42:32.189 WARN kycontroller::kymux_controller::server - Kynet accept failed: connection error: Endpoint closed
2026-09-15T20:42:32.189 WARN kycontroller::kymux_controller::server - Kynet accept failed: connection error: Endpoint closed
2026-09-15T20:42:32.189 WARN kycontroller::kymux_controller::server - Kynet accept failed: connection error: Endpoint closed
2026-09-15T20:42:32.189 WARN kycontroller::kymux_controller::server - Kynet accept failed: connection error: Endpoint closed
2026-09-15T20:42:32.189 WARN kycontroller::kymux_controller::server - Kynet accept failed: connection error: Endpoint closed
2026-09-15T20:42:32.189 WARN kycontroller::kymux_controller::server - Kynet accept failed: connection error: Endpoint closed
2026-09-15T20:42:32.189 WARN kycontroller::kymux_controller::server - Kynet accept failed: connection error: Endpoint closed
2026-09-15T20:42:32.190 WARN kycontroller::kymux_controller::server - Kynet accept failed: connection error: Endpoint closed
2026-09-15T20:42:32.190 WARN kycontroller::kymux_controller::server - Kynet accept failed: connection error: Endpoint closed
2026-09-15T20:42:32.190 WARN kycontroller::kymux_controller::server - Kynet accept failed: connection error: Endpoint closed
2026-09-15T20:42:32.190 WARN kycontroller::kymux_controller::server - Kynet accept failed: connection error: Endpoint closed
2026-09-15T20:42:32.190 WARN kycontroller::kymux_controller::server - Kynet accept failed: connection error: Endpoint closed
2026-09-15T20:42:32.190 WARN kycontroller::kymux_controller::server - Kynet accept failed: connection error: Endpoint closed
2026-09-15T20:42:32.190 WARN kycontroller::kymux_controller::server - Kynet accept failed: connection error: Endpoint closed
2026-09-15T20:42:32.190 WARN kycontroller::kymux_controller::server - Kynet accept failed: connection error: Endpoint closed
2026-09-15T20:42:32.190 WARN kycontroller::kymux_controller::server - Kynet accept failed: connection error: Endpoint closed
2026-09-15T20:42:32.190 WARN kycontroller::kymux_controller::server - Kynet accept failed: connection error: Endpoint closed
2026-09-15T20:42:32.190 WARN kycontroller::kymux_controller::server - Kynet accept failed: connection error: Endpoint closed
2026-09-15T20:42:32.190 WARN kycontroller::kymux_controller::server - Kynet accept failed: connection error: Endpoint closed
2026-09-15T20:42:32.190 WARN kycontroller::kymux_controller::server - Kynet accept failed: connection error: Endpoint closed
2026-09-15T20:42:32.190 WARN kycontroller::kymux_controller::server - Kynet accept failed: connection error: Endpoint closed
2026-09-15T20:42:32.190 WARN kycontroller::kymux_controller::server - Kynet accept failed: connection error: Endpoint closed
2026-09-15T20:42:32.190 WARN kycontroller::kymux_controller::server - Kynet accept failed: connection error: Endpoint closed
2026-09-15T20:42:32.190 WARN kycontroller::kymux_controller::server - Kynet accept failed: connection error: Endpoint closed
2026-09-15T20:42:32.190 WARN kycontroller::kymux_controller::server - Kynet accept failed: connection error: Endpoint closed
2026-09-15T20:42:32.190 WARN kycontroller::kymux_controller::server - Kynet accept failed: connection error: Endpoint closed
2026-09-15T20:42:32.190 WARN kycontroller::kymux_controller::server - Kynet accept failed: connection error: Endpoint closed
2026-09-15T20:42:32.190 WARN kycontroller::kymux_controller::server - Kynet accept failed: connection error: Endpoint closed
2026-09-15T20:42:32.190 WARN kycontroller::kymux_controller::server - Kynet accept failed: connection error: Endpoint closed
2026-09-15T20:42:32.190 WARN kycontroller::kymux_controller::server - Kynet accept failed: connection error: Endpoint closed
2026-09-15T20:42:32.190 WARN kycontroller::kymux_controller::server - Kynet accept failed: connection error: Endpoint closed
2026-09-15T20:42:32.190 WARN kycontroller::kymux_controller::server - Kynet accept failed: connection error: Endpoint closed
2026-09-15T20:42:32.190 WARN kycontroller::kymux_controller::server - Kynet accept failed: connection error: Endpoint closed
2026-09-15T20:42:32.190 WARN kycontroller::kymux_controller::server - Kynet accept failed: connection error: Endpoint closed
2026-09-15T20:42:32.190 WARN kycontroller::kymux_controller::server - Kynet accept failed: connection error: Endpoint closed
2026-09-15T20:42:32.190 WARN kycontroller::kymux_controller::server - Kynet accept failed: connection error: Endpoint closed
2026-09-15T20:42:32.190 WARN kycontroller::kymux_controller::server - Kynet accept failed: connection error: Endpoint closed
2026-09-15T20:42:32.190 WARN kycontroller::kymux_controller::server - Kynet accept failed: connection error: Endpoint closed
2026-09-15T20:42:32.190 WARN kycontroller::kymux_controller::server - Kynet accept failed: connection error: Endpoint closed
2026-09-15T20:42:32.190 WARN kycontroller::kymux_controller::server - Kynet accept failed: connection error: Endpoint closed
2026-09-15T20:42:32.190 WARN kycontroller::kymux_controller::server - Kynet accept failed: connection error: Endpoint closed
2026-09-15T20:42:32.190 WARN kycontroller::kymux_controller::server - Kynet accept failed: connection error: Endpoint closed
2026-09-15T20:42:32.190 WARN kycontroller::kymux_controller::server - Kynet accept failed: connection error: Endpoint closed
2026-09-15T20:42:32.190 WARN kycontroller::kymux_controller::server - Kynet accept failed: connection error: Endpoint closed
2026-09-15T20:42:32.190 WARN kycontroller::kymux_controller::server - Kynet accept failed: connection error: Endpoint closed
2026-09-15T20:42:32.190 WARN kycontroller::kymux_controller::server - Kynet accept failed: connection error: Endpoint closed
2026-09-15T20:42:32.190 WARN kycontroller::kymux_controller::server - Kynet accept failed: connection error: Endpoint closed
2026-09-15T20:42:32.190 WARN kycontroller::kymux_controller::server - Kynet accept failed: connection error: Endpoint closed
2026-09-15T20:42:32.190 WARN kycontroller::kymux_controller::server - Kynet accept failed: connection error: Endpoint closed
2026-09-15T20:42:32.190 WARN kycontroller::kymux_controller::server - Kynet accept failed: connection error: Endpoint closed
2026-09-15T20:42:32.190 WARN kycontroller::kymux_controller::server - Kynet accept failed: connection error: Endpoint closed
2026-09-15T20:42:32.190 WARN kycontroller::kymux_controller::server - Kynet accept failed: connection error: Endpoint closed
2026-09-15T20:42:32.190 WARN kycontroller::kymux_controller::server - Kynet accept failed: connection error: Endpoint closed
2026-09-15T20:42:32.190 WARN kycontroller::kymux_controller::server - Kynet accept failed: connection error: Endpoint closed
2026-09-15T20:42:32.190 WARN kycontroller::kymux_controller::server - Kynet accept failed: connection error: Endpoint closed
2026-09-15T20:42:32.190 WARN kycontroller::kymux_controller::server - Kynet accept failed: connection error: Endpoint closed
2026-09-15T20:42:32.190 WARN kycontroller::kymux_controller::server - Kynet accept failed: connection error: Endpoint closed
2026-09-15T20:42:32.190 WARN kycontroller::kymux_controller::server - Kynet accept failed: connection error: Endpoint closed
2026-09-15T20:42:32.190 WARN kycontroller::kymux_controller::server - Kynet accept failed: connection error: Endpoint closed
2026-09-15T20:42:32.190 WARN kycontroller::kymux_controller::server - Kynet accept failed: connection error: Endpoint closed
2026-09-15T20:42:32.190 WARN kycontroller::kymux_controller::server - Kynet accept failed: connection error: Endpoint closed
2026-09-15T20:42:32.190 WARN kycontroller::kymux_controller::server - Kynet accept failed: connection error: Endpoint closed
2026-09-15T20:42:32.190 WARN kycontroller::kymux_controller::server - Kynet accept failed: connection error: Endpoint closed
2026-09-15T20:42:32.190 WARN kycontroller::kymux_controller::server - Kynet accept failed: connection error: Endpoint closed
2026-09-15T20:42:32.190 WARN kycontroller::kymux_controller::server - Kynet accept failed: connection error: Endpoint closed
2026-09-15T20:42:32.190 WARN kycontroller::kymux_controller::server - Kynet accept failed: connection error: Endpoint closed
2026-09-15T20:42:32.190 WARN kycontroller::kymux_controller::server - Kynet accept failed: connection error: Endpoint closed
2026-09-15T20:42:32.190 WARN kycontroller::kymux_controller::server - Kynet accept failed: connection error: Endpoint closed
2026-09-15T20:42:32.190 WARN kycontroller::kymux_controller::server - Kynet accept failed: connection error: Endpoint closed
2026-09-15T20:42:32.190 WARN kycontroller::kymux_controller::server - Kynet accept failed: connection error: Endpoint closed
2026-09-15T20:42:32.190 WARN kycontroller::kymux_controller::server - Kynet accept failed: connection error: Endpoint closed
2026-09-15T20:42:32.190 WARN kycontroller::kymux_controller::server - Kynet accept failed: connection error: Endpoint closed
2026-09-15T20:42:32.190 WARN kycontroller::kymux_controller::server - Kynet accept failed: connection error: Endpoint closed
2026-09-15T20:42:32.190 WARN kycontroller::kymux_controller::server - Kynet accept failed: connection error: Endpoint closed
2026-09-15T20:42:32.190 WARN kycontroller::kymux_controller::server - Kynet accept failed: connection error: Endpoint closed
2026-09-15T20:42:32.190 WARN kycontroller::kymux_controller::server - Kynet accept failed: connection error: Endpoint closed
2026-09-15T20:42:32.190 WARN kycontroller::kymux_controller::server - Kynet accept failed: connection error: Endpoint closed
2026-09-15T20:42:32.190 WARN kycontroller::kymux_controller::server - Kynet accept failed: connection error: Endpoint closed
2026-09-15T20:42:32.190 WARN kycontroller::kymux_controller::server - Kynet accept failed: connection error: Endpoint closed
2026-09-15T20:42:32.190 WARN kycontroller::kymux_controller::server - Kynet accept failed: connection error: Endpoint closed
2026-09-15T20:42:32.190 WARN kycontroller::kymux_controller::server - Kynet accept failed: connection error: Endpoint closed
2026-09-15T20:42:32.190 WARN kycontroller::kymux_controller::server - Kynet accept failed: connection error: Endpoint closed
2026-09-15T20:42:32.190 WARN kycontroller::kymux_controller::server - Kynet accept failed: connection error: Endpoint closed
2026-09-15T20:42:32.190 WARN kycontroller::kymux_controller::server - Kynet accept failed: connection error: Endpoint closed
2026-09-15T20:42:32.190 WARN kycontroller::kymux_controller::server - Kynet accept failed: connection error: Endpoint closed
2026-09-15T20:42:32.190 WARN kycontroller::kymux_controller::server - Kynet accept failed: connection error: Endpoint closed
2026-09-15T20:42:32.190 WARN kycontroller::kymux_controller::server - Kynet accept failed: connection error: Endpoint closed
2026-09-15T20:42:32.190 WARN kycontroller::kymux_controller::server - Kynet accept failed: connection error: Endpoint closed
2026-09-15T20:42:32.190 WARN kycontroller::kymux_controller::server - Kynet accept failed: connection error: Endpoint closed
2026-09-15T20:42:32.190 WARN kycontroller::kymux_controller::server - Kynet accept failed: connection error: Endpoint closed
2026-09-15T20:42:32.190 WARN kycontroller::kymux_controller::server - Kynet accept failed: connection error: Endpoint closed
2026-09-15T20:42:32.190 WARN kycontroller::kymux_controller::server - Kynet accept failed: connection error: Endpoint closed
2026-09-15T20:42:32.190 WARN kycontroller::kymux_controller::server - Kynet accept failed: connection error: Endpoint closed
2026-09-15T20:42:32.190 WARN kycontroller::kymux_controller::server - Kynet accept failed: connection error: Endpoint closed
2026-09-15T20:42:32.190 WARN kycontroller::kymux_controller::server - Kynet accept failed: connection error: Endpoint closed
2026-09-15T20:42:32.190 WARN kycontroller::kymux_controller::server - Kynet accept failed: connection error: Endpoint closed
2026-09-15T20:42:32.190 WARN kycontroller::kymux_controller::server - Kynet accept failed: connection error: Endpoint closed
2026-09-15T20:42:32.190 WARN kycontroller::kymux_controller::server - Kynet accept failed: connection error: Endpoint closed
2026-09-15T20:42:32.190 WARN kycontroller::kymux_controller::server - Kynet accept failed: connection error: Endpoint closed
2026-09-15T20:42:32.190 WARN kycontroller::kymux_controller::server - Kynet accept failed: connection error: Endpoint closed
2026-09-15T20:42:32.190 WARN kycontroller::kymux_controller::server - Kynet accept failed: connection error: Endpoint closed
2026-09-15T20:42:32.190 WARN kycontroller::kymux_controller::server - Kynet accept failed: connection error: Endpoint closed
2026-09-15T20:42:32.190 WARN kycontroller::kymux_controller::server - Kynet accept failed: connection error: Endpoint closed
2026-09-15T20:42:32.190 WARN kycontroller::kymux_controller::server - Kynet accept failed: connection error: Endpoint closed
2026-09-15T20:42:32.190 WARN kycontroller::kymux_controller::server - Kynet accept failed: connection error: Endpoint closed
2026-09-15T20:42:32.190 WARN kycontroller::kymux_controller::server - Kynet accept failed: connection error: Endpoint closed
2026-09-15T20:42:32.190 WARN kycontroller::kymux_controller::server - Kynet accept failed: connection error: Endpoint closed
2026-09-15T20:42:32.190 WARN kycontroller::kymux_controller::server - Kynet accept failed: connection error: Endpoint closed
2026-09-15T20:42:32.190 WARN kycontroller::kymux_controller::server - Kynet accept failed: connection error: Endpoint closed
2026-09-15T20:42:32.190 WARN kycontroller::kymux_controller::server - Kynet accept failed: connection error: Endpoint closed
2026-09-15T20:42:32.190 WARN kycontroller::kymux_controller::server - Kynet accept failed: connection error: Endpoint closed
2026-09-15T20:42:32.190 WARN kycontroller::kymux_controller::server - Kynet accept failed: connection error: Endpoint closed
2026-09-15T20:42:32.190 WARN kycontroller::kymux_controller::server - Kynet accept failed: connection error: Endpoint closed
2026-09-15T20:42:32.190 WARN kycontroller::kymux_controller::server - Kynet accept failed: connection error: Endpoint closed
2026-09-15T20:42:32.190 WARN kycontroller::kymux_controller::server - Kynet accept failed: connection error: Endpoint closed
2026-09-15T20:42:32.190 WARN kycontroller::kymux_controller::server - Kynet accept failed: connection error: Endpoint closed
2026-09-15T20:42:32.190 WARN kycontroller::kymux_controller::server - Kynet accept failed: connection error: Endpoint closed
2026-09-15T20:42:32.190 WARN kycontroller::kymux_controller::server - Kynet accept failed: connection error: Endpoint closed
2026-09-15T20:42:32.190 WARN kycontroller::kymux_controller::server - Kynet accept failed: connection error: Endpoint closed
2026-09-15T20:42:32.190 WARN kycontroller::kymux_controller::server - Kynet accept failed: connection error: Endpoint closed
2026-09-15T20:42:32.190 WARN kycontroller::kymux_controller::server - Kynet accept failed: connection error: Endpoint closed
2026-09-15T20:42:32.190 WARN kycontroller::kymux_controller::server - Kynet accept failed: connection error: Endpoint closed
2026-09-15T20:42:32.191 WARN kycontroller::kymux_controller::server - Kynet accept failed: connection error: Endpoint closed
2026-09-15T20:42:32.191 WARN kycontroller::kymux_controller::server - Kynet accept failed: connection error: Endpoint closed
2026-09-15T20:42:32.191 WARN kycontroller::kymux_controller::server - Kynet accept failed: connection error: Endpoint closed
2026-09-15T20:42:32.191 WARN kycontroller::kymux_controller::server - Kynet accept failed: connection error: Endpoint closed
2026-09-15T20:42:32.191 WARN kycontroller::kymux_controller::server - Kynet accept failed: connection error: Endpoint closed
2026-09-15T20:42:32.191 WARN kycontroller::kymux_controller::server - Kynet accept failed: connection error: Endpoint closed
2026-09-15T20:42:32.191 WARN kycontroller::kymux_controller::server - Kynet accept failed: connection error: Endpoint closed
2026-09-15T20:42:32.191 WARN kycontroller::kymux_controller::server - Kynet accept failed: connection error: Endpoint closed
2026-09-15T20:42:32.191 WARN kycontroller::kymux_controller::server - Kynet accept failed: connection error: Endpoint closed
2026-09-15T20:42:32.191 WARN kycontroller::kymux_controller::server - Kynet accept failed: connection error: Endpoint closed
2026-09-15T20:42:32.191 WARN kycontroller::kymux_controller::server - Kynet accept failed: connection error: Endpoint closed
2026-09-15T20:42:32.191 WARN kycontroller::kymux_controller::server - Kynet accept failed: connection error: Endpoint closed
2026-09-15T20:42:32.191 WARN kycontroller::kymux_controller::server - Kynet accept failed: connection error: Endpoint closed
2026-09-15T20:42:32.191 WARN kycontroller::kymux_controller::server - Kynet accept failed: connection error: Endpoint closed
2026-09-15T20:42:32.191 WARN kycontroller::kymux_controller::server - Kynet accept failed: connection error: Endpoint closed
2026-09-15T20:42:32.191 WARN kycontroller::kymux_controller::server - Kynet accept failed: connection error: Endpoint closed
2026-09-15T20:42:32.191 WARN kycontroller::kymux_controller::server - Kynet accept failed: connection error: Endpoint closed
2026-09-15T20:42:32.191 WARN kycontroller::kymux_controller::server - Kynet accept failed: connection error: Endpoint closed
2026-09-15T20:42:32.191 WARN kycontroller::kymux_controller::server - Kynet accept failed: connection error: Endpoint closed
2026-09-15T20:42:32.191 WARN kycontroller::kymux_controller::server - Kynet accept failed: connection error: Endpoint closed
2026-09-15T20:42:32.191 WARN kycontroller::kymux_controller::server - Kynet accept failed: connection error: Endpoint closed
2026-09-15T20:42:32.191 WARN kycontroller::kymux_controller::server - Kynet accept failed: connection error: Endpoint closed
2026-09-15T20:42:32.191 WARN kycontroller::kymux_controller::server - Kynet accept failed: connection error: Endpoint closed
2026-09-15T20:42:32.191 WARN kycontroller::kymux_controller::server - Kynet accept failed: connection error: Endpoint closed
2026-09-15T20:42:32.191 WARN kycontroller::kymux_controller::server - Kynet accept failed: connection error: Endpoint closed
2026-09-15T20:42:32.191 WARN kycontroller::kymux_controller::server - Kynet accept failed: connection error: Endpoint closed
2026-09-15T20:42:32.191 WARN kycontroller::kymux_controller::server - Kynet accept failed: connection error: Endpoint closed
2026-09-15T20:42:32.191 WARN kycontroller::kymux_controller::server - Kynet accept failed: connection error: Endpoint closed
2026-09-15T20:42:32.191 WARN kycontroller::kymux_controller::server - Kynet accept failed: connection error: Endpoint closed
2026-09-15T20:42:32.191 WARN kycontroller::kymux_controller::server - Kynet accept failed: connection error: Endpoint closed
2026-09-15T20:42:32.191 WARN kycontroller::kymux_controller::server - Kynet accept failed: connection error: Endpoint closed
2026-09-15T20:42:32.191 WARN kycontroller::kymux_controller::server - Kynet accept failed: connection error: Endpoint closed
2026-09-15T20:42:32.191 WARN kycontroller::kymux_controller::server - Kynet accept failed: connection error: Endpoint closed
2026-09-15T20:42:32.191 WARN kycontroller::kymux_controller::server - Kynet accept failed: connection error: Endpoint closed
2026-09-15T20:42:32.191 WARN kycontroller::kymux_controller::server - Kynet accept failed: connection error: Endpoint closed
2026-09-15T20:42:32.191 WARN kycontroller::kymux_controller::server - Kynet accept failed: connection error: Endpoint closed
2026-09-15T20:42:32.191 WARN kycontroller::kymux_controller::server - Kynet accept failed: connection error: Endpoint closed
2026-09-15T20:42:32.191 WARN kycontroller::kymux_controller::server - Kynet accept failed: connection error: Endpoint closed
2026-09-15T20:42:32.191 WARN kycontroller::kymux_controller::server - Kynet accept failed: connection error: Endpoint closed
2026-09-15T20:42:32.191 WARN kycontroller::kymux_controller::server - Kynet accept failed: connection error: Endpoint closed
2026-09-15T20:42:32.191 WARN kycontroller::kymux_controller::server - Kynet accept failed: connection error: Endpoint closed
2026-09-15T20:42:32.191 WARN kycontroller::kymux_controller::server - Kynet accept failed: connection error: Endpoint closed
2026-09-15T20:42:32.191 WARN kycontroller::kymux_controller::server - Kynet accept failed: connection error: Endpoint closed
2026-09-15T20:42:32.191 WARN kycontroller::kymux_controller::server - Kynet accept failed: connection error: Endpoint closed
2026-09-15T20:42:32.191 WARN kycontroller::kymux_controller::server - Kynet accept failed: connection error: Endpoint closed
2026-09-15T20:42:32.191 WARN kycontroller::kymux_controller::server - Kynet accept failed: connection error: Endpoint closed
2026-09-15T20:42:32.191 WARN kycontroller::kymux_controller::server - Kynet accept failed: connection error: Endpoint closed
2026-09-15T20:42:32.191 WARN kycontroller::kymux_controller::server - Kynet accept failed: connection error: Endpoint closed
2026-09-15T20:42:32.191 WARN kycontroller::kymux_controller::server - Kynet accept failed: connection error: Endpoint closed
2026-09-15T20:42:32.191 WARN kycontroller::kymux_controller::server - Kynet accept failed: connection error: Endpoint closed
2026-09-15T20:42:32.191 WARN kycontroller::kymux_controller::server - Kynet accept failed: connection error: Endpoint closed
2026-09-15T20:42:32.191 WARN kycontroller::kymux_controller::server - Kynet accept failed: connection error: Endpoint closed
2026-09-15T20:42:32.191 WARN kycontroller::kymux_controller::server - Kynet accept failed: connection error: Endpoint closed
2026-09-15T20:42:32.191 WARN kycontroller::kymux_controller::server - Kynet accept failed: connection error: Endpoint closed
2026-09-15T20:42:32.191 WARN kycontroller::kymux_controller::server - Kynet accept failed: connection error: Endpoint closed
2026-09-15T20:42:32.191 WARN kycontroller::kymux_controller::server - Kynet accept failed: connection error: Endpoint closed
2026-09-15T20:42:32.191 WARN kycontroller::kymux_controller::server - Kynet accept failed: connection error: Endpoint closed
2026-09-15T20:42:32.191 WARN kycontroller::kymux_controller::server - Kynet accept failed: connection error: Endpoint closed
2026-09-15T20:42:32.191 WARN kycontroller::kymux_controller::server - Kynet accept failed: connection error: Endpoint closed
2026-09-15T20:42:32.191 WARN kycontroller::kymux_controller::server - Kynet accept failed: connection error: Endpoint closed
2026-09-15T20:42:32.191 WARN kycontroller::kymux_controller::server - Kynet accept failed: connection error: Endpoint closed
2026-09-15T20:42:32.191 WARN kycontroller::kymux_controller::server - Kynet accept failed: connection error: Endpoint closed
2026-09-15T20:42:32.191 WARN kycontroller::kymux_controller::server - Kynet accept failed: connection error: Endpoint closed
2026-09-15T20:42:32.191 WARN kycontroller::kymux_controller::server - Kynet accept failed: connection error: Endpoint closed
2026-09-15T20:42:32.191 WARN kycontroller::kymux_controller::server - Kynet accept failed: connection error: Endpoint closed
2026-09-15T20:42:32.191 WARN kycontroller::kymux_controller::server - Kynet accept failed: connection error: Endpoint closed
2026-09-15T20:42:32.191 WARN kycontroller::kymux_controller::server - Kynet accept failed: connection error: Endpoint closed
2026-09-15T20:42:32.191 WARN kycontroller::kymux_controller::server - Kynet accept failed: connection error: Endpoint closed
2026-09-15T20:42:32.191 WARN kycontroller::kymux_controller::server - Kynet accept failed: connection error: Endpoint closed
2026-09-15T20:42:32.191 WARN kycontroller::kymux_controller::server - Kynet accept failed: connection error: Endpoint closed
2026-09-15T20:42:32.191 WARN kycontroller::kymux_controller::server - Kynet accept failed: connection error: Endpoint closed
2026-09-15T20:42:32.191 WARN kycontroller::kymux_controller::server - Kynet accept failed: connection error: Endpoint closed
2026-09-15T20:42:32.191 WARN kycontroller::kymux_controller::server - Kynet accept failed: connection error: Endpoint closed
2026-09-15T20:42:32.191 WARN kycontroller::kymux_controller::server - Kynet accept failed: connection error: Endpoint closed
2026-09-15T20:42:32.191 WARN kycontroller::kymux_controller::server - Kynet accept failed: connection error: Endpoint closed
2026-09-15T20:42:32.191 WARN kycontroller::kymux_controller::server - Kynet accept failed: connection error: Endpoint closed
2026-09-15T20:42:32.191 WARN kycontroller::kymux_controller::server - Kynet accept failed: connection error: Endpoint closed
2026-09-15T20:42:32.191 WARN kycontroller::kymux_controller::server - Kynet accept failed: connection error: Endpoint closed
2026-09-15T20:42:32.191 WARN kycontroller::kymux_controller::server - Kynet accept failed: connection error: Endpoint closed
2026-09-15T20:42:32.191 WARN kycontroller::kymux_controller::server - Kynet accept failed: connection error: Endpoint closed
2026-09-15T20:42:32.191 WARN kycontroller::kymux_controller::server - Kynet accept failed: connection error: Endpoint closed
2026-09-15T20:42:32.191 WARN kycontroller::kymux_controller::server - Kynet accept failed: connection error: Endpoint closed
2026-09-15T20:42:32.191 WARN kycontroller::kymux_controller::server - Kynet accept failed: connection error: Endpoint closed
2026-09-15T20:42:32.191 WARN kycontroller::kymux_controller::server - Kynet accept failed: connection error: Endpoint closed
2026-09-15T20:42:32.191 WARN kycontroller::kymux_controller::server - Kynet accept failed: connection error: Endpoint closed
2026-09-15T20:42:32.191 WARN kycontroller::kymux_controller::server - Kynet accept failed: connection error: Endpoint closed
2026-09-15T20:42:32.191 WARN kycontroller::kymux_controller::server - Kynet accept failed: connection error: Endpoint closed
2026-09-15T20:42:32.191 WARN kycontroller::kymux_controller::server - Kynet accept failed: connection error: Endpoint closed
2026-09-15T20:42:32.191 WARN kycontroller::kymux_controller::server - Kynet accept failed: connection error: Endpoint closed
2026-09-15T20:42:32.191 WARN kycontroller::kymux_controller::server - Kynet accept failed: connection error: Endpoint closed
2026-09-15T20:42:32.191 WARN kycontroller::kymux_controller::server - Kynet accept failed: connection error: Endpoint closed
2026-09-15T20:42:32.191 WARN kycontroller::kymux_controller::server - Kynet accept failed: connection error: Endpoint closed
2026-09-15T20:42:32.191 WARN kycontroller::kymux_controller::server - Kynet accept failed: connection error: Endpoint closed
2026-09-15T20:42:32.191 WARN kycontroller::kymux_controller::server - Kynet accept failed: connection error: Endpoint closed
2026-09-15T20:42:32.191 WARN kycontroller::kymux_controller::server - Kynet accept failed: connection error: Endpoint closed
2026-09-15T20:42:32.191 WARN kycontroller::kymux_controller::server - Kynet accept failed: connection error: Endpoint closed
2026-09-15T20:42:32.191 WARN kycontroller::kymux_controller::server - Kynet accept failed: connection error: Endpoint closed
2026-09-15T20:42:32.191 WARN kycontroller::kymux_controller::server - Kynet accept failed: connection error: Endpoint closed
2026-09-15T20:42:32.191 WARN kycontroller::kymux_controller::server - Kynet accept failed: connection error: Endpoint closed
2026-09-15T20:42:32.191 WARN kycontroller::kymux_controller::server - Kynet accept failed: connection error: Endpoint closed
2026-09-15T20:42:32.191 WARN kycontroller::kymux_controller::server - Kynet accept failed: connection error: Endpoint closed
2026-09-15T20:42:32.191 WARN kycontroller::kymux_controller::server - Kynet accept failed: connection error: Endpoint closed
2026-09-15T20:42:32.191 WARN kycontroller::kymux_controller::server - Kynet accept failed: connection error: Endpoint closed
2026-09-15T20:42:32.191 WARN kycontroller::kymux_controller::server - Kynet accept failed: connection error: Endpoint closed
2026-09-15T20:42:32.191 WARN kycontroller::kymux_controller::server - Kynet accept failed: connection error: Endpoint closed
2026-09-15T20:42:32.191 WARN kycontroller::kymux_controller::server - Kynet accept failed: connection error: Endpoint closed
2026-09-15T20:42:32.191 WARN kycontroller::kymux_controller::server - Kynet accept failed: connection error: Endpoint closed
2026-09-15T20:42:32.191 WARN kycontroller::kymux_controller::server - Kynet accept failed: connection error: Endpoint closed
2026-09-15T20:42:32.191 WARN kycontroller::kymux_controller::server - Kynet accept failed: connection error: Endpoint closed
2026-09-15T20:42:32.191 WARN kycontroller::kymux_controller::server - Kynet accept failed: connection error: Endpoint closed
2026-09-15T20:42:32.191 WARN kycontroller::kymux_controller::server - Kynet accept failed: connection error: Endpoint closed
2026-09-15T20:42:32.191 WARN kycontroller::kymux_controller::server - Kynet accept failed: connection error: Endpoint closed
2026-09-15T20:42:32.191 WARN kycontroller::kymux_controller::server - Kynet accept failed: connection error: Endpoint closed
2026-09-15T20:42:32.191 WARN kycontroller::kymux_controller::server - Kynet accept failed: connection error: Endpoint closed
2026-09-15T20:42:32.191 WARN kycontroller::kymux_controller::server - Kynet accept failed: connection error: Endpoint closed
2026-09-15T20:42:32.191 WARN kycontroller::kymux_controller::server - Kynet accept failed: connection error: Endpoint closed
2026-09-15T20:42:32.191 WARN kycontroller::kymux_controller::server - Kynet accept failed: connection error: Endpoint closed
2026-09-15T20:42:32.192 WARN kycontroller::kymux_controller::server - Kynet accept failed: connection error: Endpoint closed
2026-09-15T20:42:32.192 WARN kycontroller::kymux_controller::server - Kynet accept failed: connection error: Endpoint closed
2026-09-15T20:42:32.192 WARN kycontroller::kymux_controller::server - Kynet accept failed: connection error: Endpoint closed
2026-09-15T20:42:32.192 WARN kycontroller::kymux_controller::server - Kynet accept failed: connection error: Endpoint closed
2026-09-15T20:42:32.192 WARN kycontroller::kymux_controller::server - Kynet accept failed: connection error: Endpoint closed
2026-09-15T20:42:32.192 WARN kycontroller::kymux_controller::server - Kynet accept failed: connection error: Endpoint closed
2026-09-15T20:42:32.192 WARN kycontroller::kymux_controller::server - Kynet accept failed: connection error: Endpoint closed
2026-09-15T20:42:32.192 WARN kycontroller::kymux_controller::server - Kynet accept failed: connection error: Endpoint closed
2026-09-15T20:42:32.192 WARN kycontroller::kymux_controller::server - Kynet accept failed: connection error: Endpoint closed
2026-09-15T20:42:32.192 WARN kycontroller::kymux_controller::server - Kynet accept failed: connection error: Endpoint closed
2026-09-15T20:42:32.192 WARN kycontroller::kymux_controller::server - Kynet accept failed: connection error: Endpoint closed
2026-09-15T20:42:32.192 WARN kycontroller::kymux_controller::server - Kynet accept failed: connection error: Endpoint closed
2026-09-15T20:42:32.192 WARN kycontroller::kymux_controller::server - Kynet accept failed: connection error: Endpoint closed
2026-09-15T20:42:32.192 WARN kycontroller::kymux_controller::server - Kynet accept failed: connection error: Endpoint closed
2026-09-15T20:42:32.192 WARN kycontroller::kymux_controller::server - Kynet accept failed: connection error: Endpoint closed
2026-09-15T20:42:32.192 WARN kycontroller::kymux_controller::server - Kynet accept failed: connection error: Endpoint closed
2026-09-15T20:42:32.192 WARN kycontroller::kymux_controller::server - Kynet accept failed: connection error: Endpoint closed
2026-09-15T20:42:32.192 WARN kycontroller::kymux_controller::server - Kynet accept failed: connection error: Endpoint closed
2026-09-15T20:42:32.192 WARN kycontroller::kymux_controller::server - Kynet accept failed: connection error: Endpoint closed
2026-09-15T20:42:32.192 WARN kycontroller::kymux_controller::server - Kynet accept failed: connection error: Endpoint closed
2026-09-15T20:42:32.192 WARN kycontroller::kymux_controller::server - Kynet accept failed: connection error: Endpoint closed
2026-09-15T20:42:32.192 WARN kycontroller::kymux_controller::server - Kynet accept failed: connection error: Endpoint closed
2026-09-15T20:42:32.192 WARN kycontroller::kymux_controller::server - Kynet accept failed: connection error: Endpoint closed
2026-09-15T20:42:32.192 WARN kycontroller::kymux_controller::server - Kynet accept failed: connection error: Endpoint closed
2026-09-15T20:42:32.192 WARN kycontroller::kymux_controller::server - Kynet accept failed: connection error: Endpoint closed
2026-09-15T20:42:32.192 WARN kycontroller::kymux_controller::server - Kynet accept failed: connection error: Endpoint closed
2026-09-15T20:42:32.192 WARN kycontroller::kymux_controller::server - Kynet accept failed: connection error: Endpoint closed
2026-09-15T20:42:32.192 WARN kycontroller::kymux_controller::server - Kynet accept failed: connection error: Endpoint closed
2026-09-15T20:42:32.192 WARN kycontroller::kymux_controller::server - Kynet accept failed: connection error: Endpoint closed
2026-09-15T20:42:32.192 WARN kycontroller::kymux_controller::server - Kynet accept failed: connection error: Endpoint closed
2026-09-15T20:42:32.192 WARN kycontroller::kymux_controller::server - Kynet accept failed: connection error: Endpoint closed
2026-09-15T20:42:32.192 WARN kycontroller::kymux_controller::server - Kynet accept failed: connection error: Endpoint closed
2026-09-15T20:42:32.192 WARN kycontroller::kymux_controller::server - Kynet accept failed: connection error: Endpoint closed
2026-09-15T20:42:32.192 WARN kycontroller::kymux_controller::server - Kynet accept failed: connection error: Endpoint closed
2026-09-15T20:42:32.192 WARN kycontroller::kymux_controller::server - Kynet accept failed: connection error: Endpoint closed
2026-09-15T20:42:32.192 WARN kycontroller::kymux_controller::server - Kynet accept failed: connection error: Endpoint closed
2026-09-15T20:42:32.192 WARN kycontroller::kymux_controller::server - Kynet accept failed: connection error: Endpoint closed
2026-09-15T20:42:32.192 WARN kycontroller::kymux_controller::server - Kynet accept failed: connection error: Endpoint closed
2026-09-15T20:42:32.192 WARN kycontroller::kymux_controller::server - Kynet accept failed: connection error: Endpoint closed
2026-09-15T20:42:32.192 WARN kycontroller::kymux_controller::server - Kynet accept failed: connection error: Endpoint closed
2026-09-15T20:42:32.192 WARN kycontroller::kymux_controller::server - Kynet accept failed: connection error: Endpoint closed
2026-09-15T20:42:32.192 WARN kycontroller::kymux_controller::server - Kynet accept failed: connection error: Endpoint closed
2026-09-15T20:42:32.192 WARN kycontroller::kymux_controller::server - Kynet accept failed: connection error: Endpoint closed
2026-09-15T20:42:32.192 WARN kycontroller::kymux_controller::server - Kynet accept failed: connection error: Endpoint closed
2026-09-15T20:42:32.192 WARN kycontroller::kymux_controller::server - Kynet accept failed: connection error: Endpoint closed
2026-09-15T20:42:32.192 WARN kycontroller::kymux_controller::server - Kynet accept failed: connection error: Endpoint closed
2026-09-15T20:42:32.192 WARN kycontroller::kymux_controller::server - Kynet accept failed: connection error: Endpoint closed
2026-09-15T20:42:32.192 WARN kycontroller::kymux_controller::server - Kynet accept failed: connection error: Endpoint closed
2026-09-15T20:42:32.192 WARN kycontroller::kymux_controller::server - Kynet accept failed: connection error: Endpoint closed
2026-09-15T20:42:32.192 WARN kycontroller::kymux_controller::server - Kynet accept failed: connection error: Endpoint closed
2026-09-15T20:42:32.192 WARN kycontroller::kymux_controller::server - Kynet accept failed: connection error: Endpoint closed
2026-09-15T20:42:32.192 WARN kycontroller::kymux_controller::server - Kynet accept failed: connection error: Endpoint closed
2026-09-15T20:42:32.192 WARN kycontroller::kymux_controller::server - Kynet accept failed: connection error: Endpoint closed
2026-09-15T20:42:32.192 WARN kycontroller::kymux_controller::server - Kynet accept failed: connection error: Endpoint closed
2026-09-15T20:42:32.192 WARN kycontroller::kymux_controller::server - Kynet accept failed: connection error: Endpoint closed
2026-09-15T20:42:32.192 WARN kycontroller::kymux_controller::server - Kynet accept failed: connection error: Endpoint closed
2026-09-15T20:42:32.192 WARN kycontroller::kymux_controller::server - Kynet accept failed: connection error: Endpoint closed
2026-09-15T20:42:32.192 WARN kycontroller::kymux_controller::server - Kynet accept failed: connection error: Endpoint closed
2026-09-15T20:42:32.192 WARN kycontroller::kymux_controller::server - Kynet accept failed: connection error: Endpoint closed
2026-09-15T20:42:32.192 WARN kycontroller::kymux_controller::server - Kynet accept failed: connection error: Endpoint closed
2026-09-15T20:42:32.192 WARN kycontroller::kymux_controller::server - Kynet accept failed: connection error: Endpoint closed
2026-09-15T20:42:32.192 WARN kycontroller::kymux_controller::server - Kynet accept failed: connection error: Endpoint closed
2026-09-15T20:42:32.192 WARN kycontroller::kymux_controller::server - Kynet accept failed: connection error: Endpoint closed
2026-09-15T20:42:32.192 WARN kycontroller::kymux_controller::server - Kynet accept failed: connection error: Endpoint closed
2026-09-15T20:42:32.192 WARN kycontroller::kymux_controller::server - Kynet accept failed: connection error: Endpoint closed
2026-09-15T20:42:32.192 WARN kycontroller::kymux_controller::server - Kynet accept failed: connection error: Endpoint closed
2026-09-15T20:42:32.192 WARN kycontroller::kymux_controller::server - Kynet accept failed: connection error: Endpoint closed
2026-09-15T20:42:32.192 WARN kycontroller::kymux_controller::server - Kynet accept failed: connection error: Endpoint closed
2026-09-15T20:42:32.192 WARN kycontroller::kymux_controller::server - Kynet accept failed: connection error: Endpoint closed
2026-09-15T20:42:32.192 WARN kycontroller::kymux_controller::server - Kynet accept failed: connection error: Endpoint closed
2026-09-15T20:42:32.192 WARN kycontroller::kymux_controller::server - Kynet accept failed: connection error: Endpoint closed
2026-09-15T20:42:32.192 WARN kycontroller::kymux_controller::server - Kynet accept failed: connection error: Endpoint closed
2026-09-15T20:42:32.192 WARN kycontroller::kymux_controller::server - Kynet accept failed: connection error: Endpoint closed
2026-09-15T20:42:32.192 WARN kycontroller::kymux_controller::server - Kynet accept failed: connection error: Endpoint closed
2026-09-15T20:42:32.192 WARN kycontroller::kymux_controller::server - Kynet accept failed: connection error: Endpoint closed
2026-09-15T20:42:32.192 WARN kycontroller::kymux_controller::server - Kynet accept failed: connection error: Endpoint closed
2026-09-15T20:42:32.192 WARN kycontroller::kymux_controller::server - Kynet accept failed: connection error: Endpoint closed
2026-09-15T20:42:32.192 WARN kycontroller::kymux_controller::server - Kynet accept failed: connection error: Endpoint closed
2026-09-15T20:42:32.192 WARN kycontroller::kymux_controller::server - Kynet accept failed: connection error: Endpoint closed
2026-09-15T20:42:32.192 WARN kycontroller::kymux_controller::server - Kynet accept failed: connection error: Endpoint closed
2026-09-15T20:42:32.192 WARN kycontroller::kymux_controller::server - Kynet accept failed: connection error: Endpoint closed
2026-09-15T20:42:32.192 WARN kycontroller::kymux_controller::server - Kynet accept failed: connection error: Endpoint closed
2026-09-15T20:42:32.192 WARN kycontroller::kymux_controller::server - Kynet accept failed: connection error: Endpoint closed
2026-09-15T20:42:32.192 WARN kycontroller::kymux_controller::server - Kynet accept failed: connection error: Endpoint closed
2026-09-15T20:42:32.192 WARN kycontroller::kymux_controller::server - Kynet accept failed: connection error: Endpoint closed
2026-09-15T20:42:32.192 WARN kycontroller::kymux_controller::server - Kynet accept failed: connection error: Endpoint closed
2026-09-15T20:42:32.192 WARN kycontroller::kymux_controller::server - Kynet accept failed: connection error: Endpoint closed
2026-09-15T20:42:32.192 WARN kycontroller::kymux_controller::server - Kynet accept failed: connection error: Endpoint closed
2026-09-15T20:42:32.192 WARN kycontroller::kymux_controller::server - Kynet accept failed: connection error: Endpoint closed
2026-09-15T20:42:32.192 WARN kycontroller::kymux_controller::server - Kynet accept failed: connection error: Endpoint closed
2026-09-15T20:42:32.192 WARN kycontroller::kymux_controller::server - Kynet accept failed: connection error: Endpoint closed
2026-09-15T20:42:32.192 WARN kycontroller::kymux_controller::server - Kynet accept failed: connection error: Endpoint closed
2026-09-15T20:42:32.192 WARN kycontroller::kymux_controller::server - Kynet accept failed: connection error: Endpoint closed
2026-09-15T20:42:32.192 WARN kycontroller::kymux_controller::server - Kynet accept failed: connection error: Endpoint closed
2026-09-15T20:42:32.192 WARN kycontroller::kymux_controller::server - Kynet accept failed: connection error: Endpoint closed
2026-09-15T20:42:32.192 WARN kycontroller::kymux_controller::server - Kynet accept failed: connection error: Endpoint closed
2026-09-15T20:42:32.192 WARN kycontroller::kymux_controller::server - Kynet accept failed: connection error: Endpoint closed
2026-09-15T20:42:32.192 WARN kycontroller::kymux_controller::server - Kynet accept failed: connection error: Endpoint closed
2026-09-15T20:42:32.192 WARN kycontroller::kymux_controller::server - Kynet accept failed: connection error: Endpoint closed
2026-09-15T20:42:32.192 WARN kycontroller::kymux_controller::server - Kynet accept failed: connection error: Endpoint closed
2026-09-15T20:42:32.192 WARN kycontroller::kymux_controller::server - Kynet accept failed: connection error: Endpoint closed
2026-09-15T20:42:32.192 WARN kycontroller::kymux_controller::server - Kynet accept failed: connection error: Endpoint closed
2026-09-15T20:42:32.192 WARN kycontroller::kymux_controller::server - Kynet accept failed: connection error: Endpoint closed
2026-09-15T20:42:32.192 WARN kycontroller::kymux_controller::server - Kynet accept failed: connection error: Endpoint closed
2026-09-15T20:42:32.192 WARN kycontroller::kymux_controller::server - Kynet accept failed: connection error: Endpoint closed
2026-09-15T20:42:32.192 WARN kycontroller::kymux_controller::server - Kynet accept failed: connection error: Endpoint closed
2026-09-15T20:42:32.192 WARN kycontroller::kymux_controller::server - Kynet accept failed: connection error: Endpoint closed
2026-09-15T20:42:32.192 WARN kycontroller::kymux_controller::server - Kynet accept failed: connection error: Endpoint closed
2026-09-15T20:42:32.192 WARN kycontroller::kymux_controller::server - Kynet accept failed: connection error: Endpoint closed
2026-09-15T20:42:32.192 WARN kycontroller::kymux_controller::server - Kynet accept failed: connection error: Endpoint closed
2026-09-15T20:42:32.192 WARN kycontroller::kymux_controller::server - Kynet accept failed: connection error: Endpoint closed
2026-09-15T20:42:32.192 WARN kycontroller::kymux_controller::server - Kynet accept failed: connection error: Endpoint closed
2026-09-15T20:42:32.192 WARN kycontroller::kymux_controller::server - Kynet accept failed: connection error: Endpoint closed
2026-09-15T20:42:32.192 WARN kycontroller::kymux_controller::server - Kynet accept failed: connection error: Endpoint closed
2026-09-15T20:42:32.192 WARN kycontroller::kymux_controller::server - Kynet accept failed: connection error: Endpoint closed
2026-09-15T20:42:32.193 WARN kycontroller::kymux_controller::server - Kynet accept failed: connection error: Endpoint closed
2026-09-15T20:42:32.193 WARN kycontroller::kymux_controller::server - Kynet accept failed: connection error: Endpoint closed
2026-09-15T20:42:32.193 WARN kycontroller::kymux_controller::server - Kynet accept failed: connection error: Endpoint closed
2026-09-15T20:42:32.193 WARN kycontroller::kymux_controller::server - Kynet accept failed: connection error: Endpoint closed
2026-09-15T20:42:32.193 WARN kycontroller::kymux_controller::server - Kynet accept failed: connection error: Endpoint closed
2026-09-15T20:42:32.193 WARN kycontroller::kymux_controller::server - Kynet accept failed: connection error: Endpoint closed
2026-09-15T20:42:32.193 WARN kycontroller::kymux_controller::server - Kynet accept failed: connection error: Endpoint closed
2026-09-15T20:42:32.193 WARN kycontroller::kymux_controller::server - Kynet accept failed: connection error: Endpoint closed
2026-09-15T20:42:32.193 WARN kycontroller::kymux_controller::server - Kynet accept failed: connection error: Endpoint closed
2026-09-15T20:42:32.193 WARN kycontroller::kymux_controller::server - Kynet accept failed: connection error: Endpoint closed
2026-09-15T20:42:32.193 WARN kycontroller::kymux_controller::server - Kynet accept failed: connection error: Endpoint closed
2026-09-15T20:42:32.193 WARN kycontroller::kymux_controller::server - Kynet accept failed: connection error: Endpoint closed
2026-09-15T20:42:32.193 WARN kycontroller::kymux_controller::server - Kynet accept failed: connection error: Endpoint closed
2026-09-15T20:42:32.193 WARN kycontroller::kymux_controller::server - Kynet accept failed: connection error: Endpoint closed
2026-09-15T20:42:32.193 WARN kycontroller::kymux_controller::server - Kynet accept failed: connection error: Endpoint closed
2026-09-15T20:42:32.193 WARN kycontroller::kymux_controller::server - Kynet accept failed: connection error: Endpoint closed
2026-09-15T20:42:32.193 WARN kycontroller::kymux_controller::server - Kynet accept failed: connection error: Endpoint closed
2026-09-15T20:42:32.193 WARN kycontroller::kymux_controller::server - Kynet accept failed: connection error: Endpoint closed
2026-09-15T20:42:32.193 WARN kycontroller::kymux_controller::server - Kynet accept failed: connection error: Endpoint closed
2026-09-15T20:42:32.193 WARN kycontroller::kymux_controller::server - Kynet accept failed: connection error: Endpoint closed
2026-09-15T20:42:32.193 WARN kycontroller::kymux_controller::server - Kynet accept failed: connection error: Endpoint closed
2026-09-15T20:42:32.193 WARN kycontroller::kymux_controller::server - Kynet accept failed: connection error: Endpoint closed
2026-09-15T20:42:32.193 WARN kycontroller::kymux_controller::server - Kynet accept failed: connection error: Endpoint closed
2026-09-15T20:42:32.193 WARN kycontroller::kymux_controller::server - Kynet accept failed: connection error: Endpoint closed
2026-09-15T20:42:32.193 WARN kycontroller::kymux_controller::server - Kynet accept failed: connection error: Endpoint closed
2026-09-15T20:42:32.193 WARN kycontroller::kymux_controller::server - Kynet accept failed: connection error: Endpoint closed
2026-09-15T20:42:32.193 WARN kycontroller::kymux_controller::server - Kynet accept failed: connection error: Endpoint closed
2026-09-15T20:42:32.193 WARN kycontroller::kymux_controller::server - Kynet accept failed: connection error: Endpoint closed
2026-09-15T20:42:32.193 WARN kycontroller::kymux_controller::server - Kynet accept failed: connection error: Endpoint closed
2026-09-15T20:42:32.193 WARN kycontroller::kymux_controller::server - Kynet accept failed: connection error: Endpoint closed
2026-09-15T20:42:32.193 WARN kycontroller::kymux_controller::server - Kynet accept failed: connection error: Endpoint closed
2026-09-15T20:42:32.193 WARN kycontroller::kymux_controller::server - Kynet accept failed: connection error: Endpoint closed
2026-09-15T20:42:32.193 WARN kycontroller::kymux_controller::server - Kynet accept failed: connection error: Endpoint closed
2026-09-15T20:42:32.193 WARN kycontroller::kymux_controller::server - Kynet accept failed: connection error: Endpoint closed
2026-09-15T20:42:32.193 WARN kycontroller::kymux_controller::server - Kynet accept failed: connection error: Endpoint closed
2026-09-15T20:42:32.193 WARN kycontroller::kymux_controller::server - Kynet accept failed: connection error: Endpoint closed
2026-09-15T20:42:32.193 WARN kycontroller::kymux_controller::server - Kynet accept failed: connection error: Endpoint closed
2026-09-15T20:42:32.193 WARN kycontroller::kymux_controller::server - Kynet accept failed: connection error: Endpoint closed
2026-09-15T20:42:32.193 WARN kycontroller::kymux_controller::server - Kynet accept failed: connection error: Endpoint closed
2026-09-15T20:42:32.193 WARN kycontroller::kymux_controller::server - Kynet accept failed: connection error: Endpoint closed
2026-09-15T20:42:32.193 WARN kycontroller::kymux_controller::server - Kynet accept failed: connection error: Endpoint closed
2026-09-15T20:42:32.193 WARN kycontroller::kymux_controller::server - Kynet accept failed: connection error: Endpoint closed
2026-09-15T20:42:32.193 WARN kycontroller::kymux_controller::server - Kynet accept failed: connection error: Endpoint closed
2026-09-15T20:42:32.193 WARN kycontroller::kymux_controller::server - Kynet accept failed: connection error: Endpoint closed
2026-09-15T20:42:32.193 WARN kycontroller::kymux_controller::server - Kynet accept failed: connection error: Endpoint closed
2026-09-15T20:42:32.193 WARN kycontroller::kymux_controller::server - Kynet accept failed: connection error: Endpoint closed
2026-09-15T20:42:32.193 WARN kycontroller::kymux_controller::server - Kynet accept failed: connection error: Endpoint closed
2026-09-15T20:42:32.193 WARN kycontroller::kymux_controller::server - Kynet accept failed: connection error: Endpoint closed
2026-09-15T20:42:32.193 WARN kycontroller::kymux_controller::server - Kynet accept failed: connection error: Endpoint closed
2026-09-15T20:42:32.193 WARN kycontroller::kymux_controller::server - Kynet accept failed: connection error: Endpoint closed
2026-09-15T20:42:32.193 WARN kycontroller::kymux_controller::server - Kynet accept failed: connection error: Endpoint closed
2026-09-15T20:42:32.193 WARN kycontroller::kymux_controller::server - Kynet accept failed: connection error: Endpoint closed
2026-09-15T20:42:32.193 WARN kycontroller::kymux_controller::server - Kynet accept failed: connection error: Endpoint closed
2026-09-15T20:42:32.193 WARN kycontroller::kymux_controller::server - Kynet accept failed: connection error: Endpoint closed
2026-09-15T20:42:32.193 WARN kycontroller::kymux_controller::server - Kynet accept failed: connection error: Endpoint closed
2026-09-15T20:42:32.193 WARN kycontroller::kymux_controller::server - Kynet accept failed: connection error: Endpoint closed
2026-09-15T20:42:32.193 WARN kycontroller::kymux_controller::server - Kynet accept failed: connection error: Endpoint closed
2026-09-15T20:42:32.193 WARN kycontroller::kymux_controller::server - Kynet accept failed: connection error: Endpoint closed
2026-09-15T20:42:32.193 WARN kycontroller::kymux_controller::server - Kynet accept failed: connection error: Endpoint closed
2026-09-15T20:42:32.193 WARN kycontroller::kymux_controller::server - Kynet accept failed: connection error: Endpoint closed
2026-09-15T20:42:32.193 WARN kycontroller::kymux_controller::server - Kynet accept failed: connection error: Endpoint closed
2026-09-15T20:42:32.193 WARN kycontroller::kymux_controller::server - Kynet accept failed: connection error: Endpoint closed
2026-09-15T20:42:32.193 WARN kycontroller::kymux_controller::server - Kynet accept failed: connection error: Endpoint closed
2026-09-15T20:42:32.193 INFO libkypc::process - Child(C:\Users\trist\KyberFrog-bench\bundle-643ee0e\kyavserver) stopped: exit code: 1
2026-09-15T20:42:32.193 INFO kycontroller::avservice - AvServer Video exited
2026-09-15T20:42:32.193 WARN kycontroller::kymux_controller::server - Kynet accept failed: connection error: Endpoint closed
2026-09-15T20:42:32.193 WARN kycontroller::kymux_controller::server - Kynet accept failed: connection error: Endpoint closed
2026-09-15T20:42:32.193 INFO kycontroller::avservices_manager - Last AV stream torn down, stopping shared kycom
2026-09-15T20:42:32.193 WARN kycontroller::kymux_controller::server - Kynet accept failed: connection error: Endpoint closed
2026-09-15T20:42:32.193 WARN kycontroller::kymux_controller::server - Kynet accept failed: connection error: Endpoint closed
2026-09-15T20:42:32.193 WARN kycontroller::kymux_controller::server - Kynet accept failed: connection error: Endpoint closed
2026-09-15T20:42:32.193 WARN kycontroller::kymux_controller::server - Kynet accept failed: connection error: Endpoint closed
2026-09-15T20:42:32.193 WARN kycontroller::kymux_controller::server - Kynet accept failed: connection error: Endpoint closed
2026-09-15T20:42:32.193 WARN kycontroller::kymux_controller::server - Kynet accept failed: connection error: Endpoint closed
2026-09-15T20:42:32.193 WARN kycontroller::kymux_controller::server - Kynet accept failed: connection error: Endpoint closed
2026-09-15T20:42:32.193 WARN kycontroller::kymux_controller::server - Kynet accept failed: connection error: Endpoint closed
2026-09-15T20:42:32.193 WARN kycontroller::kymux_controller::server - Kynet accept failed: connection error: Endpoint closed
2026-09-15T20:42:32.193 WARN kycontroller::kymux_controller::server - Kynet accept failed: connection error: Endpoint closed
2026-09-15T20:42:32.193 WARN kycontroller::kymux_controller::server - Kynet accept failed: connection error: Endpoint closed
2026-09-15T20:42:32.193 WARN kycontroller::kymux_controller::server - Kynet accept failed: connection error: Endpoint closed
2026-09-15T20:42:32.193 WARN kycontroller::kymux_controller::server - Kynet accept failed: connection error: Endpoint closed
2026-09-15T20:42:32.193 WARN kycontroller::kymux_controller::server - Kynet accept failed: connection error: Endpoint closed
2026-09-15T20:42:32.193 WARN kycontroller::kymux_controller::server - Kynet accept failed: connection error: Endpoint closed
2026-09-15T20:42:32.193 WARN kycontroller::kymux_controller::server - Kynet accept failed: connection error: Endpoint closed
2026-09-15T20:42:32.193 WARN kycontroller::kymux_controller::server - Kynet accept failed: connection error: Endpoint closed
2026-09-15T20:42:32.193 WARN kycontroller::kymux_controller::server - Kynet accept failed: connection error: Endpoint closed
2026-09-15T20:42:32.193 WARN kycontroller::kymux_controller::server - Kynet accept failed: connection error: Endpoint closed
2026-09-15T20:42:32.193 WARN kycontroller::kymux_controller::server - Kynet accept failed: connection error: Endpoint closed
2026-09-15T20:42:32.193 WARN kycontroller::kymux_controller::server - Kynet accept failed: connection error: Endpoint closed
2026-09-15T20:42:32.193 WARN kycontroller::kymux_controller::server - Kynet accept failed: connection error: Endpoint closed
2026-09-15T20:42:32.193 WARN kycontroller::kymux_controller::server - Kynet accept failed: connection error: Endpoint closed
2026-09-15T20:42:32.193 WARN kycontroller::kymux_controller::server - Kynet accept failed: connection error: Endpoint closed
2026-09-15T20:42:32.194 WARN kycontroller::kymux_controller::server - Kynet accept failed: connection error: Endpoint closed
2026-09-15T20:42:32.194 WARN kycontroller::kymux_controller::server - Kynet accept failed: connection error: Endpoint closed
2026-09-15T20:42:32.194 WARN kycontroller::kymux_controller::server - Kynet accept failed: connection error: Endpoint closed
2026-09-15T20:42:32.194 WARN kycontroller::kymux_controller::server - Kynet accept failed: connection error: Endpoint closed
2026-09-15T20:42:32.194 WARN kycontroller::kymux_controller::server - Kynet accept failed: connection error: Endpoint closed
2026-09-15T20:42:32.194 WARN kycontroller::kymux_controller::server - Kynet accept failed: connection error: Endpoint closed
2026-09-15T20:42:32.194 WARN kycontroller::kymux_controller::server - Kynet accept failed: connection error: Endpoint closed
2026-09-15T20:42:32.194 WARN kycontroller::kymux_controller::server - Kynet accept failed: connection error: Endpoint closed
2026-09-15T20:42:32.194 WARN kycontroller::kymux_controller::server - Kynet accept failed: connection error: Endpoint closed
2026-09-15T20:42:32.194 WARN kycontroller::kymux_controller::server - Kynet accept failed: connection error: Endpoint closed
2026-09-15T20:42:32.194 WARN kycontroller::kymux_controller::server - Kynet accept failed: connection error: Endpoint closed
2026-09-15T20:42:32.194 WARN kycontroller::kymux_controller::server - Kynet accept failed: connection error: Endpoint closed
2026-09-15T20:42:32.194 WARN kycontroller::kymux_controller::server - Kynet accept failed: connection error: Endpoint closed
2026-09-15T20:42:32.194 WARN kycontroller::kymux_controller::server - Kynet accept failed: connection error: Endpoint closed
2026-09-15T20:42:32.194 WARN kycontroller::kymux_controller::server - Kynet accept failed: connection error: Endpoint closed
2026-09-15T20:42:32.194 WARN kycontroller::kymux_controller::server - Kynet accept failed: connection error: Endpoint closed
2026-09-15T20:42:32.194 WARN kycontroller::kymux_controller::server - Kynet accept failed: connection error: Endpoint closed
2026-09-15T20:42:32.194 WARN kycontroller::kymux_controller::server - Kynet accept failed: connection error: Endpoint closed
2026-09-15T20:42:32.194 WARN kycontroller::kymux_controller::server - Kynet accept failed: connection error: Endpoint closed
2026-09-15T20:42:32.194 WARN kycontroller::kymux_controller::server - Kynet accept failed: connection error: Endpoint closed
2026-09-15T20:42:32.194 WARN kycontroller::kymux_controller::server - Kynet accept failed: connection error: Endpoint closed
2026-09-15T20:42:32.194 WARN kycontroller::kymux_controller::server - Kynet accept failed: connection error: Endpoint closed
2026-09-15T20:42:32.194 WARN kycontroller::kymux_controller::server - Kynet accept failed: connection error: Endpoint closed
2026-09-15T20:42:32.194 WARN kycontroller::kymux_controller::server - Kynet accept failed: connection error: Endpoint closed
2026-09-15T20:42:32.194 WARN kycontroller::kymux_controller::server - Kynet accept failed: connection error: Endpoint closed
2026-09-15T20:42:32.194 WARN kycontroller::kymux_controller::server - Kynet accept failed: connection error: Endpoint closed
2026-09-15T20:42:32.194 WARN kycontroller::kymux_controller::server - Kynet accept failed: connection error: Endpoint closed
2026-09-15T20:42:32.194 WARN kycontroller::kymux_controller::server - Kynet accept failed: connection error: Endpoint closed
2026-09-15T20:42:32.194 WARN kycontroller::kymux_controller::server - Kynet accept failed: connection error: Endpoint closed
2026-09-15T20:42:32.194 WARN kycontroller::kymux_controller::server - Kynet accept failed: connection error: Endpoint closed
2026-09-15T20:42:32.194 WARN kycontroller::kymux_controller::server - Kynet accept failed: connection error: Endpoint closed
2026-09-15T20:42:32.194 WARN kycontroller::kymux_controller::server - Kynet accept failed: connection error: Endpoint closed
2026-09-15T20:42:32.194 WARN kycontroller::kymux_controller::server - Kynet accept failed: connection error: Endpoint closed
2026-09-15T20:42:32.194 WARN kycontroller::kymux_controller::server - Kynet accept failed: connection error: Endpoint closed
2026-09-15T20:42:32.194 WARN kycontroller::kymux_controller::server - Kynet accept failed: connection error: Endpoint closed
2026-09-15T20:42:32.194 WARN kycontroller::kymux_controller::server - Kynet accept failed: connection error: Endpoint closed
2026-09-15T20:42:32.194 WARN kycontroller::kymux_controller::server - Kynet accept failed: connection error: Endpoint closed
2026-09-15T20:42:32.194 WARN kycontroller::kymux_controller::server - Kynet accept failed: connection error: Endpoint closed
2026-09-15T20:42:32.194 WARN kycontroller::kymux_controller::server - Kynet accept failed: connection error: Endpoint closed
2026-09-15T20:42:32.194 WARN kycontroller::kymux_controller::server - Kynet accept failed: connection error: Endpoint closed
2026-09-15T20:42:32.194 WARN kycontroller::kymux_controller::server - Kynet accept failed: connection error: Endpoint closed
2026-09-15T20:42:32.194 WARN kycontroller::kymux_controller::server - Kynet accept failed: connection error: Endpoint closed
2026-09-15T20:42:32.194 WARN kycontroller::kymux_controller::server - Kynet accept failed: connection error: Endpoint closed
2026-09-15T20:42:32.194 WARN kycontroller::kymux_controller::server - Kynet accept failed: connection error: Endpoint closed
2026-09-15T20:42:32.194 WARN kycontroller::kymux_controller::server - Kynet accept failed: connection error: Endpoint closed
2026-09-15T20:42:32.194 WARN kycontroller::kymux_controller::server - Kynet accept failed: connection error: Endpoint closed
2026-09-15T20:42:32.194 WARN kycontroller::kymux_controller::server - Kynet accept failed: connection error: Endpoint closed
2026-09-15T20:42:32.194 WARN kycontroller::kymux_controller::server - Kynet accept failed: connection error: Endpoint closed
2026-09-15T20:42:32.194 WARN kycontroller::kymux_controller::server - Kynet accept failed: connection error: Endpoint closed
2026-09-15T20:42:32.194 WARN kycontroller::kymux_controller::server - Kynet accept failed: connection error: Endpoint closed
2026-09-15T20:42:32.194 WARN kycontroller::kymux_controller::server - Kynet accept failed: connection error: Endpoint closed
2026-09-15T20:42:32.194 WARN kycontroller::kymux_controller::server - Kynet accept failed: connection error: Endpoint closed
2026-09-15T20:42:32.194 WARN kycontroller::kymux_controller::server - Kynet accept failed: connection error: Endpoint closed
2026-09-15T20:42:32.194 WARN kycontroller::kymux_controller::server - Kynet accept failed: connection error: Endpoint closed
2026-09-15T20:42:32.194 WARN kycontroller::kymux_controller::server - Kynet accept failed: connection error: Endpoint closed
2026-09-15T20:42:32.194 WARN kycontroller::kymux_controller::server - Kynet accept failed: connection error: Endpoint closed
2026-09-15T20:42:32.194 WARN kycontroller::kymux_controller::server - Kynet accept failed: connection error: Endpoint closed
2026-09-15T20:42:32.194 WARN kycontroller::kymux_controller::server - Kynet accept failed: connection error: Endpoint closed
2026-09-15T20:42:32.194 WARN kycontroller::kymux_controller::server - Kynet accept failed: connection error: Endpoint closed
2026-09-15T20:42:32.194 WARN kycontroller::kymux_controller::server - Kynet accept failed: connection error: Endpoint closed
2026-09-15T20:42:32.194 WARN kycontroller::kymux_controller::server - Kynet accept failed: connection error: Endpoint closed
2026-09-15T20:42:32.194 WARN kycontroller::kymux_controller::server - Kynet accept failed: connection error: Endpoint closed
2026-09-15T20:42:32.194 WARN kycontroller::kymux_controller::server - Kynet accept failed: connection error: Endpoint closed
2026-09-15T20:42:32.194 WARN kycontroller::kymux_controller::server - Kynet accept failed: connection error: Endpoint closed
2026-09-15T20:42:32.194 WARN kycontroller::kymux_controller::server - Kynet accept failed: connection error: Endpoint closed
2026-09-15T20:42:32.194 WARN kycontroller::kymux_controller::server - Kynet accept failed: connection error: Endpoint closed
2026-09-15T20:42:32.194 WARN kycontroller::kymux_controller::server - Kynet accept failed: connection error: Endpoint closed
2026-09-15T20:42:32.194 WARN kycontroller::kymux_controller::server - Kynet accept failed: connection error: Endpoint closed
2026-09-15T20:42:32.194 WARN kycontroller::kymux_controller::server - Kynet accept failed: connection error: Endpoint closed
2026-09-15T20:42:32.194 WARN kycontroller::kymux_controller::server - Kynet accept failed: connection error: Endpoint closed
2026-09-15T20:42:32.194 WARN kycontroller::kymux_controller::server - Kynet accept failed: connection error: Endpoint closed
2026-09-15T20:42:32.194 WARN kycontroller::kymux_controller::server - Kynet accept failed: connection error: Endpoint closed
2026-09-15T20:42:32.194 WARN kycontroller::kymux_controller::server - Kynet accept failed: connection error: Endpoint closed
2026-09-15T20:42:32.194 WARN kycontroller::kymux_controller::server - Kynet accept failed: connection error: Endpoint closed
2026-09-15T20:42:32.194 WARN kycontroller::kymux_controller::server - Kynet accept failed: connection error: Endpoint closed
2026-09-15T20:42:32.194 WARN kycontroller::kymux_controller::server - Kynet accept failed: connection error: Endpoint closed
2026-09-15T20:42:32.194 WARN kycontroller::kymux_controller::server - Kynet accept failed: connection error: Endpoint closed
2026-09-15T20:42:32.194 WARN kycontroller::kymux_controller::server - Kynet accept failed: connection error: Endpoint closed
2026-09-15T20:42:32.194 WARN kycontroller::kymux_controller::server - Kynet accept failed: connection error: Endpoint closed
2026-09-15T20:42:32.194 WARN kycontroller::kymux_controller::server - Kynet accept failed: connection error: Endpoint closed
2026-09-15T20:42:32.194 WARN kycontroller::kymux_controller::server - Kynet accept failed: connection error: Endpoint closed
2026-09-15T20:42:32.194 WARN kycontroller::kymux_controller::server - Kynet accept failed: connection error: Endpoint closed
2026-09-15T20:42:32.194 WARN kycontroller::kymux_controller::server - Kynet accept failed: connection error: Endpoint closed
2026-09-15T20:42:32.194 WARN kycontroller::kymux_controller::server - Kynet accept failed: connection error: Endpoint closed
2026-09-15T20:42:32.194 WARN kycontroller::kymux_controller::server - Kynet accept failed: connection error: Endpoint closed
2026-09-15T20:42:32.194 WARN kycontroller::kymux_controller::server - Kynet accept failed: connection error: Endpoint closed
2026-09-15T20:42:32.194 WARN kycontroller::kymux_controller::server - Kynet accept failed: connection error: Endpoint closed
2026-09-15T20:42:32.194 WARN kycontroller::kymux_controller::server - Kynet accept failed: connection error: Endpoint closed
2026-09-15T20:42:32.194 WARN kycontroller::kymux_controller::server - Kynet accept failed: connection error: Endpoint closed
2026-09-15T20:42:32.194 WARN kycontroller::kymux_controller::server - Kynet accept failed: connection error: Endpoint closed
2026-09-15T20:42:32.194 WARN kycontroller::kymux_controller::server - Kynet accept failed: connection error: Endpoint closed
2026-09-15T20:42:32.194 WARN kycontroller::kymux_controller::server - Kynet accept failed: connection error: Endpoint closed
2026-09-15T20:42:32.194 WARN kycontroller::kymux_controller::server - Kynet accept failed: connection error: Endpoint closed
2026-09-15T20:42:32.194 WARN kycontroller::kymux_controller::server - Kynet accept failed: connection error: Endpoint closed
2026-09-15T20:42:32.194 WARN kycontroller::kymux_controller::server - Kynet accept failed: connection error: Endpoint closed
2026-09-15T20:42:32.194 WARN kycontroller::kymux_controller::server - Kynet accept failed: connection error: Endpoint closed
2026-09-15T20:42:32.194 WARN kycontroller::kymux_controller::server - Kynet accept failed: connection error: Endpoint closed
2026-09-15T20:42:32.194 WARN kycontroller::kymux_controller::server - Kynet accept failed: connection error: Endpoint closed
2026-09-15T20:42:32.194 WARN kycontroller::kymux_controller::server - Kynet accept failed: connection error: Endpoint closed
2026-09-15T20:42:32.194 WARN kycontroller::kymux_controller::server - Kynet accept failed: connection error: Endpoint closed
2026-09-15T20:42:32.194 WARN kycontroller::kymux_controller::server - Kynet accept failed: connection error: Endpoint closed
2026-09-15T20:42:32.194 WARN kycontroller::kymux_controller::server - Kynet accept failed: connection error: Endpoint closed
2026-09-15T20:42:32.194 WARN kycontroller::kymux_controller::server - Kynet accept failed: connection error: Endpoint closed
2026-09-15T20:42:32.194 WARN kycontroller::kymux_controller::server - Kynet accept failed: connection error: Endpoint closed
2026-09-15T20:42:32.194 WARN kycontroller::kymux_controller::server - Kynet accept failed: connection error: Endpoint closed
2026-09-15T20:42:32.194 WARN kycontroller::kymux_controller::server - Kynet accept failed: connection error: Endpoint closed
2026-09-15T20:42:32.194 WARN kycontroller::kymux_controller::server - Kynet accept failed: connection error: Endpoint closed
2026-09-15T20:42:32.194 WARN kycontroller::kymux_controller::server - Kynet accept failed: connection error: Endpoint closed
2026-09-15T20:42:32.194 WARN kycontroller::kymux_controller::server - Kynet accept failed: connection error: Endpoint closed
2026-09-15T20:42:32.195 WARN kycontroller::kymux_controller::server - Kynet accept failed: connection error: Endpoint closed
2026-09-15T20:42:32.195 WARN kycontroller::kymux_controller::server - Kynet accept failed: connection error: Endpoint closed
2026-09-15T20:42:32.195 WARN kycontroller::kymux_controller::server - Kynet accept failed: connection error: Endpoint closed
2026-09-15T20:42:32.195 WARN kycontroller::kymux_controller::server - Kynet accept failed: connection error: Endpoint closed
2026-09-15T20:42:32.195 WARN kycontroller::kymux_controller::server - Kynet accept failed: connection error: Endpoint closed
2026-09-15T20:42:32.195 WARN kycontroller::kymux_controller::server - Kynet accept failed: connection error: Endpoint closed
2026-09-15T20:42:32.195 WARN kycontroller::kymux_controller::server - Kynet accept failed: connection error: Endpoint closed
2026-09-15T20:42:32.195 WARN kycontroller::kymux_controller::server - Kynet accept failed: connection error: Endpoint closed
2026-09-15T20:42:32.195 WARN kycontroller::kymux_controller::server - Kynet accept failed: connection error: Endpoint closed
2026-09-15T20:42:32.195 WARN kycontroller::kymux_controller::server - Kynet accept failed: connection error: Endpoint closed
2026-09-15T20:42:32.195 WARN kycontroller::kymux_controller::server - Kynet accept failed: connection error: Endpoint closed
2026-09-15T20:42:32.195 WARN kycontroller::kymux_controller::server - Kynet accept failed: connection error: Endpoint closed
2026-09-15T20:42:32.195 WARN kycontroller::kymux_controller::server - Kynet accept failed: connection error: Endpoint closed
2026-09-15T20:42:32.195 WARN kycontroller::kymux_controller::server - Kynet accept failed: connection error: Endpoint closed
2026-09-15T20:42:32.195 WARN kycontroller::kymux_controller::server - Kynet accept failed: connection error: Endpoint closed
2026-09-15T20:42:32.195 WARN kycontroller::kymux_controller::server - Kynet accept failed: connection error: Endpoint closed
2026-09-15T20:42:32.195 WARN kycontroller::kymux_controller::server - Kynet accept failed: connection error: Endpoint closed
2026-09-15T20:42:32.195 WARN kycontroller::kymux_controller::server - Kynet accept failed: connection error: Endpoint closed
2026-09-15T20:42:32.195 WARN kycontroller::kymux_controller::server - Kynet accept failed: connection error: Endpoint closed
2026-09-15T20:42:32.195 WARN kycontroller::kymux_controller::server - Kynet accept failed: connection error: Endpoint closed
2026-09-15T20:42:32.195 WARN kycontroller::kymux_controller::server - Kynet accept failed: connection error: Endpoint closed
2026-09-15T20:42:32.195 WARN kycontroller::kymux_controller::server - Kynet accept failed: connection error: Endpoint closed
2026-09-15T20:42:32.195 WARN kycontroller::kymux_controller::server - Kynet accept failed: connection error: Endpoint closed
2026-09-15T20:42:32.195 WARN kycontroller::kymux_controller::server - Kynet accept failed: connection error: Endpoint closed
2026-09-15T20:42:32.195 WARN kycontroller::kymux_controller::server - Kynet accept failed: connection error: Endpoint closed
2026-09-15T20:42:32.195 WARN kycontroller::kymux_controller::server - Kynet accept failed: connection error: Endpoint closed
2026-09-15T20:42:32.195 WARN kycontroller::kymux_controller::server - Kynet accept failed: connection error: Endpoint closed
2026-09-15T20:42:32.195 WARN kycontroller::kymux_controller::server - Kynet accept failed: connection error: Endpoint closed
2026-09-15T20:42:32.195 WARN kycontroller::kymux_controller::server - Kynet accept failed: connection error: Endpoint closed
2026-09-15T20:42:32.195 WARN kycontroller::kymux_controller::server - Kynet accept failed: connection error: Endpoint closed
2026-09-15T20:42:32.195 WARN kycontroller::kymux_controller::server - Kynet accept failed: connection error: Endpoint closed
2026-09-15T20:42:32.195 WARN kycontroller::kymux_controller::server - Kynet accept failed: connection error: Endpoint closed
2026-09-15T20:42:32.195 WARN kycontroller::kymux_controller::server - Kynet accept failed: connection error: Endpoint closed
2026-09-15T20:42:32.195 WARN kycontroller::kymux_controller::server - Kynet accept failed: connection error: Endpoint closed
2026-09-15T20:42:32.195 WARN kycontroller::kymux_controller::server - Kynet accept failed: connection error: Endpoint closed
2026-09-15T20:42:32.195 WARN kycontroller::kymux_controller::server - Kynet accept failed: connection error: Endpoint closed
2026-09-15T20:42:32.195 WARN kycontroller::kymux_controller::server - Kynet accept failed: connection error: Endpoint closed
2026-09-15T20:42:32.195 WARN kycontroller::kymux_controller::server - Kynet accept failed: connection error: Endpoint closed
2026-09-15T20:42:32.195 WARN kycontroller::kymux_controller::server - Kynet accept failed: connection error: Endpoint closed
2026-09-15T20:42:32.195 WARN kycontroller::kymux_controller::server - Kynet accept failed: connection error: Endpoint closed
2026-09-15T20:42:32.195 WARN kycontroller::kymux_controller::server - Kynet accept failed: connection error: Endpoint closed
2026-09-15T20:42:32.195 WARN kycontroller::kymux_controller::server - Kynet accept failed: connection error: Endpoint closed
2026-09-15T20:42:32.195 WARN kycontroller::kymux_controller::server - Kynet accept failed: connection error: Endpoint closed
2026-09-15T20:42:32.195 WARN kycontroller::kymux_controller::server - Kynet accept failed: connection error: Endpoint closed
2026-09-15T20:42:32.195 WARN kycontroller::kymux_controller::server - Kynet accept failed: connection error: Endpoint closed
2026-09-15T20:42:32.195 WARN kycontroller::kymux_controller::server - Kynet accept failed: connection error: Endpoint closed
2026-09-15T20:42:32.195 WARN kycontroller::kymux_controller::server - Kynet accept failed: connection error: Endpoint closed
2026-09-15T20:42:32.195 WARN kycontroller::kymux_controller::server - Kynet accept failed: connection error: Endpoint closed
2026-09-15T20:42:32.195 WARN kycontroller::kymux_controller::server - Kynet accept failed: connection error: Endpoint closed
2026-09-15T20:42:32.195 WARN kycontroller::kymux_controller::server - Kynet accept failed: connection error: Endpoint closed
2026-09-15T20:42:32.195 WARN kycontroller::kymux_controller::server - Kynet accept failed: connection error: Endpoint closed
2026-09-15T20:42:32.195 WARN kycontroller::kymux_controller::server - Kynet accept failed: connection error: Endpoint closed
2026-09-15T20:42:32.195 WARN kycontroller::kymux_controller::server - Kynet accept failed: connection error: Endpoint closed
2026-09-15T20:42:32.195 WARN kycontroller::kymux_controller::server - Kynet accept failed: connection error: Endpoint closed
2026-09-15T20:42:32.195 WARN kycontroller::kymux_controller::server - Kynet accept failed: connection error: Endpoint closed
2026-09-15T20:42:32.195 WARN kycontroller::kymux_controller::server - Kynet accept failed: connection error: Endpoint closed
2026-09-15T20:42:32.195 WARN kycontroller::kymux_controller::server - Kynet accept failed: connection error: Endpoint closed
2026-09-15T20:42:32.195 WARN kycontroller::kymux_controller::server - Kynet accept failed: connection error: Endpoint closed
2026-09-15T20:42:32.195 WARN kycontroller::kymux_controller::server - Kynet accept failed: connection error: Endpoint closed
2026-09-15T20:42:32.195 WARN kycontroller::kymux_controller::server - Kynet accept failed: connection error: Endpoint closed
2026-09-15T20:42:32.195 WARN kycontroller::kymux_controller::server - Kynet accept failed: connection error: Endpoint closed
2026-09-15T20:42:32.195 WARN kycontroller::kymux_controller::server - Kynet accept failed: connection error: Endpoint closed
2026-09-15T20:42:32.195 WARN kycontroller::kymux_controller::server - Kynet accept failed: connection error: Endpoint closed
2026-09-15T20:42:32.195 WARN kycontroller::kymux_controller::server - Kynet accept failed: connection error: Endpoint closed
2026-09-15T20:42:32.195 WARN kycontroller::kymux_controller::server - Kynet accept failed: connection error: Endpoint closed
2026-09-15T20:42:32.195 WARN kycontroller::kymux_controller::server - Kynet accept failed: connection error: Endpoint closed
2026-09-15T20:42:32.195 WARN kycontroller::kymux_controller::server - Kynet accept failed: connection error: Endpoint closed
2026-09-15T20:42:32.195 WARN kycontroller::kymux_controller::server - Kynet accept failed: connection error: Endpoint closed
2026-09-15T20:42:32.195 WARN kycontroller::kymux_controller::server - Kynet accept failed: connection error: Endpoint closed
2026-09-15T20:42:32.195 WARN kycontroller::kymux_controller::server - Kynet accept failed: connection error: Endpoint closed
2026-09-15T20:42:32.195 WARN kycontroller::kymux_controller::server - Kynet accept failed: connection error: Endpoint closed
2026-09-15T20:42:32.195 WARN kycontroller::kymux_controller::server - Kynet accept failed: connection error: Endpoint closed
2026-09-15T20:42:32.195 WARN kycontroller::kymux_controller::server - Kynet accept failed: connection error: Endpoint closed
2026-09-15T20:42:32.195 WARN kycontroller::kymux_controller::server - Kynet accept failed: connection error: Endpoint closed
2026-09-15T20:42:32.195 WARN kycontroller::kymux_controller::server - Kynet accept failed: connection error: Endpoint closed
2026-09-15T20:42:32.195 WARN kycontroller::kymux_controller::server - Kynet accept failed: connection error: Endpoint closed
2026-09-15T20:42:32.195 WARN kycontroller::kymux_controller::server - Kynet accept failed: connection error: Endpoint closed
2026-09-15T20:42:32.195 WARN kycontroller::kymux_controller::server - Kynet accept failed: connection error: Endpoint closed
2026-09-15T20:42:32.195 WARN kycontroller::kymux_controller::server - Kynet accept failed: connection error: Endpoint closed
2026-09-15T20:42:32.195 WARN kycontroller::kymux_controller::server - Kynet accept failed: connection error: Endpoint closed
2026-09-15T20:42:32.195 WARN kycontroller::kymux_controller::server - Kynet accept failed: connection error: Endpoint closed
2026-09-15T20:42:32.195 WARN kycontroller::kymux_controller::server - Kynet accept failed: connection error: Endpoint closed
2026-09-15T20:42:32.195 WARN kycontroller::kymux_controller::server - Kynet accept failed: connection error: Endpoint closed
2026-09-15T20:42:32.195 WARN kycontroller::kymux_controller::server - Kynet accept failed: connection error: Endpoint closed
2026-09-15T20:42:32.195 WARN kycontroller::kymux_controller::server - Kynet accept failed: connection error: Endpoint closed
2026-09-15T20:42:32.195 WARN kycontroller::kymux_controller::server - Kynet accept failed: connection error: Endpoint closed
2026-09-15T20:42:32.195 WARN kycontroller::kymux_controller::server - Kynet accept failed: connection error: Endpoint closed
2026-09-15T20:42:32.195 WARN kycontroller::kymux_controller::server - Kynet accept failed: connection error: Endpoint closed
2026-09-15T20:42:32.195 WARN kycontroller::kymux_controller::server - Kynet accept failed: connection error: Endpoint closed
2026-09-15T20:42:32.195 WARN kycontroller::kymux_controller::server - Kynet accept failed: connection error: Endpoint closed
2026-09-15T20:42:32.195 WARN kycontroller::kymux_controller::server - Kynet accept failed: connection error: Endpoint closed
2026-09-15T20:42:32.195 WARN kycontroller::kymux_controller::server - Kynet accept failed: connection error: Endpoint closed
2026-09-15T20:42:32.195 WARN kycontroller::kymux_controller::server - Kynet accept failed: connection error: Endpoint closed
2026-09-15T20:42:32.195 WARN kycontroller::kymux_controller::server - Kynet accept failed: connection error: Endpoint closed
2026-09-15T20:42:32.195 WARN kycontroller::kymux_controller::server - Kynet accept failed: connection error: Endpoint closed
2026-09-15T20:42:32.195 WARN kycontroller::kymux_controller::server - Kynet accept failed: connection error: Endpoint closed
2026-09-15T20:42:32.195 WARN kycontroller::kymux_controller::server - Kynet accept failed: connection error: Endpoint closed
2026-09-15T20:42:32.195 WARN kycontroller::kymux_controller::server - Kynet accept failed: connection error: Endpoint closed
2026-09-15T20:42:32.195 WARN kycontroller::kymux_controller::server - Kynet accept failed: connection error: Endpoint closed
2026-09-15T20:42:32.195 WARN kycontroller::kymux_controller::server - Kynet accept failed: connection error: Endpoint closed
2026-09-15T20:42:32.195 WARN kycontroller::kymux_controller::server - Kynet accept failed: connection error: Endpoint closed
2026-09-15T20:42:32.195 WARN kycontroller::kymux_controller::server - Kynet accept failed: connection error: Endpoint closed
2026-09-15T20:42:32.195 WARN kycontroller::kymux_controller::server - Kynet accept failed: connection error: Endpoint closed
2026-09-15T20:42:32.195 WARN kycontroller::kymux_controller::server - Kynet accept failed: connection error: Endpoint closed
2026-09-15T20:42:32.195 WARN kycontroller::kymux_controller::server - Kynet accept failed: connection error: Endpoint closed
2026-09-15T20:42:32.195 WARN kycontroller::kymux_controller::server - Kynet accept failed: connection error: Endpoint closed
2026-09-15T20:42:32.195 WARN kycontroller::kymux_controller::server - Kynet accept failed: connection error: Endpoint closed
2026-09-15T20:42:32.195 WARN kycontroller::kymux_controller::server - Kynet accept failed: connection error: Endpoint closed
2026-09-15T20:42:32.195 WARN kycontroller::kymux_controller::server - Kynet accept failed: connection error: Endpoint closed
2026-09-15T20:42:32.195 WARN kycontroller::kymux_controller::server - Kynet accept failed: connection error: Endpoint closed
2026-09-15T20:42:32.195 WARN kycontroller::kymux_controller::server - Kynet accept failed: connection error: Endpoint closed
2026-09-15T20:42:32.195 WARN kycontroller::kymux_controller::server - Kynet accept failed: connection error: Endpoint closed
2026-09-15T20:42:32.195 WARN kycontroller::kymux_controller::server - Kynet accept failed: connection error: Endpoint closed
2026-09-15T20:42:32.195 WARN kycontroller::kymux_controller::server - Kynet accept failed: connection error: Endpoint closed
2026-09-15T20:42:32.195 WARN kycontroller::kymux_controller::server - Kynet accept failed: connection error: Endpoint closed
2026-09-15T20:42:32.195 WARN kycontroller::kymux_controller::server - Kynet accept failed: connection error: Endpoint closed
2026-09-15T20:42:32.195 WARN kycontroller::kymux_controller::server - Kynet accept failed: connection error: Endpoint closed
2026-09-15T20:42:32.196 WARN kycontroller::kymux_controller::server - Kynet accept failed: connection error: Endpoint closed
2026-09-15T20:42:32.196 WARN kycontroller::kymux_controller::server - Kynet accept failed: connection error: Endpoint closed
2026-09-15T20:42:32.196 WARN kycontroller::kymux_controller::server - Kynet accept failed: connection error: Endpoint closed
2026-09-15T20:42:32.196 WARN kycontroller::kymux_controller::server - Kynet accept failed: connection error: Endpoint closed
2026-09-15T20:42:32.196 WARN kycontroller::kymux_controller::server - Kynet accept failed: connection error: Endpoint closed
2026-09-15T20:42:32.196 WARN kycontroller::kymux_controller::server - Kynet accept failed: connection error: Endpoint closed
2026-09-15T20:42:32.196 WARN kycontroller::kymux_controller::server - Kynet accept failed: connection error: Endpoint closed
2026-09-15T20:42:32.196 WARN kycontroller::kymux_controller::server - Kynet accept failed: connection error: Endpoint closed
2026-09-15T20:42:32.196 WARN kycontroller::kymux_controller::server - Kynet accept failed: connection error: Endpoint closed
2026-09-15T20:42:32.196 WARN kycontroller::kymux_controller::server - Kynet accept failed: connection error: Endpoint closed
2026-09-15T20:42:32.196 WARN kycontroller::kymux_controller::server - Kynet accept failed: connection error: Endpoint closed
2026-09-15T20:42:32.196 WARN kycontroller::kymux_controller::server - Kynet accept failed: connection error: Endpoint closed
2026-09-15T20:42:32.196 WARN kycontroller::kymux_controller::server - Kynet accept failed: connection error: Endpoint closed
2026-09-15T20:42:32.196 WARN kycontroller::kymux_controller::server - Kynet accept failed: connection error: Endpoint closed
2026-09-15T20:42:32.196 WARN kycontroller::kymux_controller::server - Kynet accept failed: connection error: Endpoint closed
2026-09-15T20:42:32.196 WARN kycontroller::kymux_controller::server - Kynet accept failed: connection error: Endpoint closed
2026-09-15T20:42:32.196 WARN kycontroller::kymux_controller::server - Kynet accept failed: connection error: Endpoint closed
2026-09-15T20:42:32.196 WARN kycontroller::kymux_controller::server - Kynet accept failed: connection error: Endpoint closed
2026-09-15T20:42:32.196 WARN kycontroller::kymux_controller::server - Kynet accept failed: connection error: Endpoint closed
2026-09-15T20:42:32.196 WARN kycontroller::kymux_controller::server - Kynet accept failed: connection error: Endpoint closed
2026-09-15T20:42:32.196 WARN kycontroller::kymux_controller::server - Kynet accept failed: connection error: Endpoint closed
2026-09-15T20:42:32.196 WARN kycontroller::kymux_controller::server - Kynet accept failed: connection error: Endpoint closed
2026-09-15T20:42:32.196 WARN kycontroller::kymux_controller::server - Kynet accept failed: connection error: Endpoint closed
2026-09-15T20:42:32.196 WARN kycontroller::kymux_controller::server - Kynet accept failed: connection error: Endpoint closed
2026-09-15T20:42:32.196 WARN kycontroller::kymux_controller::server - Kynet accept failed: connection error: Endpoint closed
2026-09-15T20:42:32.196 WARN kycontroller::kymux_controller::server - Kynet accept failed: connection error: Endpoint closed
2026-09-15T20:42:32.196 WARN kycontroller::kymux_controller::server - Kynet accept failed: connection error: Endpoint closed
2026-09-15T20:42:32.196 WARN kycontroller::kymux_controller::server - Kynet accept failed: connection error: Endpoint closed
2026-09-15T20:42:32.196 WARN kycontroller::kymux_controller::server - Kynet accept failed: connection error: Endpoint closed
2026-09-15T20:42:32.196 WARN kycontroller::kymux_controller::server - Kynet accept failed: connection error: Endpoint closed
2026-09-15T20:42:32.196 WARN kycontroller::kymux_controller::server - Kynet accept failed: connection error: Endpoint closed
2026-09-15T20:42:32.196 WARN kycontroller::kymux_controller::server - Kynet accept failed: connection error: Endpoint closed
2026-09-15T20:42:32.196 WARN kycontroller::kymux_controller::server - Kynet accept failed: connection error: Endpoint closed
2026-09-15T20:42:32.196 WARN kycontroller::kymux_controller::server - Kynet accept failed: connection error: Endpoint closed
2026-09-15T20:42:32.196 WARN kycontroller::kymux_controller::server - Kynet accept failed: connection error: Endpoint closed
2026-09-15T20:42:32.196 WARN kycontroller::kymux_controller::server - Kynet accept failed: connection error: Endpoint closed
2026-09-15T20:42:32.196 WARN kycontroller::kymux_controller::server - Kynet accept failed: connection error: Endpoint closed
2026-09-15T20:42:32.196 WARN kycontroller::kymux_controller::server - Kynet accept failed: connection error: Endpoint closed
2026-09-15T20:42:32.196 WARN kycontroller::kymux_controller::server - Kynet accept failed: connection error: Endpoint closed
2026-09-15T20:42:32.196 WARN kycontroller::kymux_controller::server - Kynet accept failed: connection error: Endpoint closed
2026-09-15T20:42:32.196 WARN kycontroller::kymux_controller::server - Kynet accept failed: connection error: Endpoint closed
2026-09-15T20:42:32.196 WARN kycontroller::kymux_controller::server - Kynet accept failed: connection error: Endpoint closed
2026-09-15T20:42:32.196 WARN kycontroller::kymux_controller::server - Kynet accept failed: connection error: Endpoint closed
2026-09-15T20:42:32.196 WARN kycontroller::kymux_controller::server - Kynet accept failed: connection error: Endpoint closed
2026-09-15T20:42:32.196 WARN kycontroller::kymux_controller::server - Kynet accept failed: connection error: Endpoint closed
2026-09-15T20:42:32.196 WARN kycontroller::kymux_controller::server - Kynet accept failed: connection error: Endpoint closed
2026-09-15T20:42:32.196 WARN kycontroller::kymux_controller::server - Kynet accept failed: connection error: Endpoint closed
2026-09-15T20:42:32.196 WARN kycontroller::kymux_controller::server - Kynet accept failed: connection error: Endpoint closed
2026-09-15T20:42:32.196 WARN kycontroller::kymux_controller::server - Kynet accept failed: connection error: Endpoint closed
2026-09-15T20:42:32.196 WARN kycontroller::kymux_controller::server - Kynet accept failed: connection error: Endpoint closed
2026-09-15T20:42:32.196 WARN kycontroller::kymux_controller::server - Kynet accept failed: connection error: Endpoint closed
2026-09-15T20:42:32.196 WARN kycontroller::kymux_controller::server - Kynet accept failed: connection error: Endpoint closed
2026-09-15T20:42:32.196 WARN kycontroller::kymux_controller::server - Kynet accept failed: connection error: Endpoint closed
2026-09-15T20:42:32.196 WARN kycontroller::kymux_controller::server - Kynet accept failed: connection error: Endpoint closed
2026-09-15T20:42:32.196 WARN kycontroller::kymux_controller::server - Kynet accept failed: connection error: Endpoint closed
2026-09-15T20:42:32.196 WARN kycontroller::kymux_controller::server - Kynet accept failed: connection error: Endpoint closed
2026-09-15T20:42:32.196 WARN kycontroller::kymux_controller::server - Kynet accept failed: connection error: Endpoint closed
2026-09-15T20:42:32.196 WARN kycontroller::kymux_controller::server - Kynet accept failed: connection error: Endpoint closed
2026-09-15T20:42:32.196 WARN kycontroller::kymux_controller::server - Kynet accept failed: connection error: Endpoint closed
2026-09-15T20:42:32.196 WARN kycontroller::kymux_controller::server - Kynet accept failed: connection error: Endpoint closed
2026-09-15T20:42:32.196 WARN kycontroller::kymux_controller::server - Kynet accept failed: connection error: Endpoint closed
2026-09-15T20:42:32.196 WARN kycontroller::kymux_controller::server - Kynet accept failed: connection error: Endpoint closed
2026-09-15T20:42:32.196 WARN kycontroller::kymux_controller::server - Kynet accept failed: connection error: Endpoint closed
2026-09-15T20:42:32.196 WARN kycontroller::kymux_controller::server - Kynet accept failed: connection error: Endpoint closed
2026-09-15T20:42:32.196 WARN kycontroller::kymux_controller::server - Kynet accept failed: connection error: Endpoint closed
2026-09-15T20:42:32.196 WARN kycontroller::kymux_controller::server - Kynet accept failed: connection error: Endpoint closed
2026-09-15T20:42:32.196 WARN kycontroller::kymux_controller::server - Kynet accept failed: connection error: Endpoint closed
2026-09-15T20:42:32.196 WARN kycontroller::kymux_controller::server - Kynet accept failed: connection error: Endpoint closed
2026-09-15T20:42:32.196 WARN kycontroller::kymux_controller::server - Kynet accept failed: connection error: Endpoint closed
2026-09-15T20:42:32.196 WARN kycontroller::kymux_controller::server - Kynet accept failed: connection error: Endpoint closed
2026-09-15T20:42:32.196 WARN kycontroller::kymux_controller::server - Kynet accept failed: connection error: Endpoint closed
2026-09-15T20:42:32.196 WARN kycontroller::kymux_controller::server - Kynet accept failed: connection error: Endpoint closed
2026-09-15T20:42:32.196 WARN kycontroller::kymux_controller::server - Kynet accept failed: connection error: Endpoint closed
2026-09-15T20:42:32.196 WARN kycontroller::kymux_controller::server - Kynet accept failed: connection error: Endpoint closed
2026-09-15T20:42:32.196 WARN kycontroller::kymux_controller::server - Kynet accept failed: connection error: Endpoint closed
2026-09-15T20:42:32.196 WARN kycontroller::kymux_controller::server - Kynet accept failed: connection error: Endpoint closed
2026-09-15T20:42:32.196 WARN kycontroller::kymux_controller::server - Kynet accept failed: connection error: Endpoint closed
2026-09-15T20:42:32.196 WARN kycontroller::kymux_controller::server - Kynet accept failed: connection error: Endpoint closed
2026-09-15T20:42:32.196 WARN kycontroller::kymux_controller::server - Kynet accept failed: connection error: Endpoint closed
2026-09-15T20:42:32.196 WARN kycontroller::kymux_controller::server - Kynet accept failed: connection error: Endpoint closed
2026-09-15T20:42:32.196 WARN kycontroller::kymux_controller::server - Kynet accept failed: connection error: Endpoint closed
2026-09-15T20:42:32.196 WARN kycontroller::kymux_controller::server - Kynet accept failed: connection error: Endpoint closed
2026-09-15T20:42:32.196 WARN kycontroller::kymux_controller::server - Kynet accept failed: connection error: Endpoint closed
2026-09-15T20:42:32.197 WARN kycontroller::kymux_controller::server - Kynet accept failed: connection error: Endpoint closed
2026-09-15T20:42:32.197 WARN kycontroller::kymux_controller::server - Kynet accept failed: connection error: Endpoint closed
2026-09-15T20:42:32.197 WARN kycontroller::kymux_controller::server - Kynet accept failed: connection error: Endpoint closed
2026-09-15T20:42:32.197 WARN kycontroller::kymux_controller::server - Kynet accept failed: connection error: Endpoint closed
2026-09-15T20:42:32.197 WARN kycontroller::kymux_controller::server - Kynet accept failed: connection error: Endpoint closed
2026-09-15T20:42:32.197 WARN kycontroller::kymux_controller::server - Kynet accept failed: connection error: Endpoint closed
2026-09-15T20:42:32.197 WARN kycontroller::kymux_controller::server - Kynet accept failed: connection error: Endpoint closed
2026-09-15T20:42:32.197 WARN kycontroller::kymux_controller::server - Kynet accept failed: connection error: Endpoint closed
2026-09-15T20:42:32.197 WARN kycontroller::kymux_controller::server - Kynet accept failed: connection error: Endpoint closed
2026-09-15T20:42:32.197 WARN kycontroller::kymux_controller::server - Kynet accept failed: connection error: Endpoint closed
2026-09-15T20:42:32.197 WARN kycontroller::kymux_controller::server - Kynet accept failed: connection error: Endpoint closed
2026-09-15T20:42:32.197 WARN kycontroller::kymux_controller::server - Kynet accept failed: connection error: Endpoint closed
2026-09-15T20:42:32.197 WARN kycontroller::kymux_controller::server - Kynet accept failed: connection error: Endpoint closed
2026-09-15T20:42:32.197 WARN kycontroller::kymux_controller::server - Kynet accept failed: connection error: Endpoint closed
2026-09-15T20:42:32.197 WARN kycontroller::kymux_controller::server - Kynet accept failed: connection error: Endpoint closed
2026-09-15T20:42:32.197 WARN kycontroller::kymux_controller::server - Kynet accept failed: connection error: Endpoint closed
2026-09-15T20:42:32.197 WARN kycontroller::kymux_controller::server - Kynet accept failed: connection error: Endpoint closed
2026-09-15T20:42:32.197 WARN kycontroller::kymux_controller::server - Kynet accept failed: connection error: Endpoint closed
2026-09-15T20:42:32.197 WARN kycontroller::kymux_controller::server - Kynet accept failed: connection error: Endpoint closed
2026-09-15T20:42:32.197 WARN kycontroller::kymux_controller::server - Kynet accept failed: connection error: Endpoint closed
2026-09-15T20:42:32.197 WARN kycontroller::kymux_controller::server - Kynet accept failed: connection error: Endpoint closed
2026-09-15T20:42:32.197 WARN kycontroller::kymux_controller::server - Kynet accept failed: connection error: Endpoint closed
2026-09-15T20:42:32.197 WARN kycontroller::kymux_controller::server - Kynet accept failed: connection error: Endpoint closed
2026-09-15T20:42:32.197 WARN kycontroller::kymux_controller::server - Kynet accept failed: connection error: Endpoint closed
2026-09-15T20:42:32.197 WARN kycontroller::kymux_controller::server - Kynet accept failed: connection error: Endpoint closed
2026-09-15T20:42:32.197 WARN kycontroller::kymux_controller::server - Kynet accept failed: connection error: Endpoint closed
2026-09-15T20:42:32.197 WARN kycontroller::kymux_controller::server - Kynet accept failed: connection error: Endpoint closed
2026-09-15T20:42:32.197 WARN kycontroller::kymux_controller::server - Kynet accept failed: connection error: Endpoint closed
2026-09-15T20:42:32.197 WARN kycontroller::kymux_controller::server - Kynet accept failed: connection error: Endpoint closed
2026-09-15T20:42:32.197 WARN kycontroller::kymux_controller::server - Kynet accept failed: connection error: Endpoint closed
2026-09-15T20:42:32.197 WARN kycontroller::kymux_controller::server - Kynet accept failed: connection error: Endpoint closed
2026-09-15T20:42:32.197 WARN kycontroller::kymux_controller::server - Kynet accept failed: connection error: Endpoint closed
2026-09-15T20:42:32.197 WARN kycontroller::kymux_controller::server - Kynet accept failed: connection error: Endpoint closed
2026-09-15T20:42:32.197 WARN kycontroller::kymux_controller::server - Kynet accept failed: connection error: Endpoint closed
2026-09-15T20:42:32.197 WARN kycontroller::kymux_controller::server - Kynet accept failed: connection error: Endpoint closed
2026-09-15T20:42:32.197 WARN kycontroller::kymux_controller::server - Kynet accept failed: connection error: Endpoint closed
2026-09-15T20:42:32.197 WARN kycontroller::kymux_controller::server - Kynet accept failed: connection error: Endpoint closed
2026-09-15T20:42:32.197 WARN kycontroller::kymux_controller::server - Kynet accept failed: connection error: Endpoint closed
2026-09-15T20:42:32.197 WARN kycontroller::kymux_controller::server - Kynet accept failed: connection error: Endpoint closed
2026-09-15T20:42:32.197 WARN kycontroller::kymux_controller::server - Kynet accept failed: connection error: Endpoint closed
2026-09-15T20:42:32.197 WARN kycontroller::kymux_controller::server - Kynet accept failed: connection error: Endpoint closed
2026-09-15T20:42:32.197 WARN kycontroller::kymux_controller::server - Kynet accept failed: connection error: Endpoint closed
2026-09-15T20:42:32.197 WARN kycontroller::kymux_controller::server - Kynet accept failed: connection error: Endpoint closed
2026-09-15T20:42:32.197 WARN kycontroller::kymux_controller::server - Kynet accept failed: connection error: Endpoint closed
2026-09-15T20:42:32.197 WARN kycontroller::kymux_controller::server - Kynet accept failed: connection error: Endpoint closed
2026-09-15T20:42:32.197 WARN kycontroller::kymux_controller::server - Kynet accept failed: connection error: Endpoint closed
2026-09-15T20:42:32.197 WARN kycontroller::kymux_controller::server - Kynet accept failed: connection error: Endpoint closed
2026-09-15T20:42:32.197 WARN kycontroller::kymux_controller::server - Kynet accept failed: connection error: Endpoint closed
2026-09-15T20:42:32.197 WARN kycontroller::kymux_controller::server - Kynet accept failed: connection error: Endpoint closed
2026-09-15T20:42:32.197 WARN kycontroller::kymux_controller::server - Kynet accept failed: connection error: Endpoint closed
2026-09-15T20:42:32.197 WARN kycontroller::kymux_controller::server - Kynet accept failed: connection error: Endpoint closed
2026-09-15T20:42:32.197 WARN kycontroller::kymux_controller::server - Kynet accept failed: connection error: Endpoint closed
2026-09-15T20:42:32.197 WARN kycontroller::kymux_controller::server - Kynet accept failed: connection error: Endpoint closed
2026-09-15T20:42:32.197 WARN kycontroller::kymux_controller::server - Kynet accept failed: connection error: Endpoint closed
2026-09-15T20:42:32.197 WARN kycontroller::kymux_controller::server - Kynet accept failed: connection error: Endpoint closed
2026-09-15T20:42:32.197 WARN kycontroller::kymux_controller::server - Kynet accept failed: connection error: Endpoint closed
2026-09-15T20:42:32.197 WARN kycontroller::kymux_controller::server - Kynet accept failed: connection error: Endpoint closed
2026-09-15T20:42:32.197 WARN kycontroller::kymux_controller::server - Kynet accept failed: connection error: Endpoint closed
2026-09-15T20:42:32.197 WARN kycontroller::kymux_controller::server - Kynet accept failed: connection error: Endpoint closed
2026-09-15T20:42:32.197 WARN kycontroller::kymux_controller::server - Kynet accept failed: connection error: Endpoint closed
2026-09-15T20:42:32.197 WARN kycontroller::kymux_controller::server - Kynet accept failed: connection error: Endpoint closed
2026-09-15T20:42:32.197 WARN kycontroller::kymux_controller::server - Kynet accept failed: connection error: Endpoint closed
2026-09-15T20:42:32.197 WARN kycontroller::kymux_controller::server - Kynet accept failed: connection error: Endpoint closed
2026-09-15T20:42:32.197 WARN kycontroller::kymux_controller::server - Kynet accept failed: connection error: Endpoint closed
2026-09-15T20:42:32.197 WARN kycontroller::kymux_controller::server - Kynet accept failed: connection error: Endpoint closed
2026-09-15T20:42:32.197 WARN kycontroller::kymux_controller::server - Kynet accept failed: connection error: Endpoint closed
2026-09-15T20:42:32.197 WARN kycontroller::kymux_controller::server - Kynet accept failed: connection error: Endpoint closed
2026-09-15T20:42:32.197 WARN kycontroller::kymux_controller::server - Kynet accept failed: connection error: Endpoint closed
2026-09-15T20:42:32.197 WARN kycontroller::kymux_controller::server - Kynet accept failed: connection error: Endpoint closed
2026-09-15T20:42:32.197 WARN kycontroller::kymux_controller::server - Kynet accept failed: connection error: Endpoint closed
2026-09-15T20:42:32.197 WARN kycontroller::kymux_controller::server - Kynet accept failed: connection error: Endpoint closed
2026-09-15T20:42:32.197 WARN kycontroller::kymux_controller::server - Kynet accept failed: connection error: Endpoint closed
2026-09-15T20:42:32.197 WARN kycontroller::kymux_controller::server - Kynet accept failed: connection error: Endpoint closed
2026-09-15T20:42:32.197 WARN kycontroller::kymux_controller::server - Kynet accept failed: connection error: Endpoint closed
2026-09-15T20:42:32.197 WARN kycontroller::kymux_controller::server - Kynet accept failed: connection error: Endpoint closed
2026-09-15T20:42:32.197 WARN kycontroller::kymux_controller::server - Kynet accept failed: connection error: Endpoint closed
2026-09-15T20:42:32.197 WARN kycontroller::kymux_controller::server - Kynet accept failed: connection error: Endpoint closed
2026-09-15T20:42:32.197 WARN kycontroller::kymux_controller::server - Kynet accept failed: connection error: Endpoint closed
2026-09-15T20:42:32.197 WARN kycontroller::kymux_controller::server - Kynet accept failed: connection error: Endpoint closed
2026-09-15T20:42:32.197 WARN kycontroller::kymux_controller::server - Kynet accept failed: connection error: Endpoint closed
2026-09-15T20:42:32.197 WARN kycontroller::kymux_controller::server - Kynet accept failed: connection error: Endpoint closed
2026-09-15T20:42:32.197 WARN kycontroller::kymux_controller::server - Kynet accept failed: connection error: Endpoint closed
2026-09-15T20:42:32.197 WARN kycontroller::kymux_controller::server - Kynet accept failed: connection error: Endpoint closed
2026-09-15T20:42:32.197 WARN kycontroller::kymux_controller::server - Kynet accept failed: connection error: Endpoint closed
2026-09-15T20:42:32.197 WARN kycontroller::kymux_controller::server - Kynet accept failed: connection error: Endpoint closed
2026-09-15T20:42:32.197 WARN kycontroller::kymux_controller::server - Kynet accept failed: connection error: Endpoint closed
2026-09-15T20:42:32.197 WARN kycontroller::kymux_controller::server - Kynet accept failed: connection error: Endpoint closed
2026-09-15T20:42:32.197 WARN kycontroller::kymux_controller::server - Kynet accept failed: connection error: Endpoint closed
2026-09-15T20:42:32.197 WARN kycontroller::kymux_controller::server - Kynet accept failed: connection error: Endpoint closed
2026-09-15T20:42:32.197 WARN kycontroller::kymux_controller::server - Kynet accept failed: connection error: Endpoint closed
2026-09-15T20:42:32.197 WARN kycontroller::kymux_controller::server - Kynet accept failed: connection error: Endpoint closed
2026-09-15T20:42:32.197 WARN kycontroller::kymux_controller::server - Kynet accept failed: connection error: Endpoint closed
2026-09-15T20:42:32.197 WARN kycontroller::kymux_controller::server - Kynet accept failed: connection error: Endpoint closed
2026-09-15T20:42:32.197 WARN kycontroller::kymux_controller::server - Kynet accept failed: connection error: Endpoint closed
2026-09-15T20:42:32.197 WARN kycontroller::kymux_controller::server - Kynet accept failed: connection error: Endpoint closed
2026-09-15T20:42:32.197 WARN kycontroller::kymux_controller::server - Kynet accept failed: connection error: Endpoint closed
2026-09-15T20:42:32.197 WARN kycontroller::kymux_controller::server - Kynet accept failed: connection error: Endpoint closed
2026-09-15T20:42:32.197 WARN kycontroller::kymux_controller::server - Kynet accept failed: connection error: Endpoint closed
2026-09-15T20:42:32.197 WARN kycontroller::kymux_controller::server - Kynet accept failed: connection error: Endpoint closed
2026-09-15T20:42:32.197 WARN kycontroller::kymux_controller::server - Kynet accept failed: connection error: Endpoint closed
2026-09-15T20:42:32.197 WARN kycontroller::kymux_controller::server - Kynet accept failed: connection error: Endpoint closed
2026-09-15T20:42:32.197 WARN kycontroller::kymux_controller::server - Kynet accept failed: connection error: Endpoint closed
2026-09-15T20:42:32.197 WARN kycontroller::kymux_controller::server - Kynet accept failed: connection error: Endpoint closed
2026-09-15T20:42:32.197 WARN kycontroller::kymux_controller::server - Kynet accept failed: connection error: Endpoint closed
2026-09-15T20:42:32.197 WARN kycontroller::kymux_controller::server - Kynet accept failed: connection error: Endpoint closed
2026-09-15T20:42:32.197 WARN kycontroller::kymux_controller::server - Kynet accept failed: connection error: Endpoint closed
2026-09-15T20:42:32.197 WARN kycontroller::kymux_controller::server - Kynet accept failed: connection error: Endpoint closed
2026-09-15T20:42:32.197 WARN kycontroller::kymux_controller::server - Kynet accept failed: connection error: Endpoint closed
2026-09-15T20:42:32.197 WARN kycontroller::kymux_controller::server - Kynet accept failed: connection error: Endpoint closed
2026-09-15T20:42:32.197 WARN kycontroller::kymux_controller::server - Kynet accept failed: connection error: Endpoint closed
2026-09-15T20:42:32.197 WARN kycontroller::kymux_controller::server - Kynet accept failed: connection error: Endpoint closed
2026-09-15T20:42:32.198 WARN kycontroller::kymux_controller::server - Kynet accept failed: connection error: Endpoint closed
2026-09-15T20:42:32.198 WARN kycontroller::kymux_controller::server - Kynet accept failed: connection error: Endpoint closed
2026-09-15T20:42:32.198 WARN kycontroller::kymux_controller::server - Kynet accept failed: connection error: Endpoint closed
2026-09-15T20:42:32.198 WARN kycontroller::kymux_controller::server - Kynet accept failed: connection error: Endpoint closed
2026-09-15T20:42:32.198 WARN kycontroller::kymux_controller::server - Kynet accept failed: connection error: Endpoint closed
2026-09-15T20:42:32.198 WARN kycontroller::kymux_controller::server - Kynet accept failed: connection error: Endpoint closed
2026-09-15T20:42:32.198 WARN kycontroller::kymux_controller::server - Kynet accept failed: connection error: Endpoint closed
2026-09-15T20:42:32.198 WARN kycontroller::kymux_controller::server - Kynet accept failed: connection error: Endpoint closed
2026-09-15T20:42:32.198 WARN kycontroller::kymux_controller::server - Kynet accept failed: connection error: Endpoint closed
2026-09-15T20:42:32.198 WARN kycontroller::kymux_controller::server - Kynet accept failed: connection error: Endpoint closed
2026-09-15T20:42:32.198 WARN kycontroller::kymux_controller::server - Kynet accept failed: connection error: Endpoint closed
2026-09-15T20:42:32.198 WARN kycontroller::kymux_controller::server - Kynet accept failed: connection error: Endpoint closed
2026-09-15T20:42:32.198 WARN kycontroller::kymux_controller::server - Kynet accept failed: connection error: Endpoint closed
2026-09-15T20:42:32.198 WARN kycontroller::kymux_controller::server - Kynet accept failed: connection error: Endpoint closed
2026-09-15T20:42:32.198 WARN kycontroller::kymux_controller::server - Kynet accept failed: connection error: Endpoint closed
2026-09-15T20:42:32.198 WARN kycontroller::kymux_controller::server - Kynet accept failed: connection error: Endpoint closed
2026-09-15T20:42:32.198 WARN kycontroller::kymux_controller::server - Kynet accept failed: connection error: Endpoint closed
2026-09-15T20:42:32.198 WARN kycontroller::kymux_controller::server - Kynet accept failed: connection error: Endpoint closed
2026-09-15T20:42:32.198 WARN kycontroller::kymux_controller::server - Kynet accept failed: connection error: Endpoint closed
2026-09-15T20:42:32.198 WARN kycontroller::kymux_controller::server - Kynet accept failed: connection error: Endpoint closed
2026-09-15T20:42:32.198 WARN kycontroller::kymux_controller::server - Kynet accept failed: connection error: Endpoint closed
2026-09-15T20:42:32.198 WARN kycontroller::kymux_controller::server - Kynet accept failed: connection error: Endpoint closed
2026-09-15T20:42:32.198 WARN kycontroller::kymux_controller::server - Kynet accept failed: connection error: Endpoint closed
2026-09-15T20:42:32.198 WARN kycontroller::kymux_controller::server - Kynet accept failed: connection error: Endpoint closed
2026-09-15T20:42:32.198 WARN kycontroller::kymux_controller::server - Kynet accept failed: connection error: Endpoint closed
2026-09-15T20:42:32.198 WARN kycontroller::kymux_controller::server - Kynet accept failed: connection error: Endpoint closed
2026-09-15T20:42:32.198 WARN kycontroller::kymux_controller::server - Kynet accept failed: connection error: Endpoint closed
2026-09-15T20:42:32.198 WARN kycontroller::kymux_controller::server - Kynet accept failed: connection error: Endpoint closed
2026-09-15T20:42:32.198 WARN kycontroller::kymux_controller::server - Kynet accept failed: connection error: Endpoint closed
2026-09-15T20:42:32.198 WARN kycontroller::kymux_controller::server - Kynet accept failed: connection error: Endpoint closed
2026-09-15T20:42:32.198 WARN kycontroller::kymux_controller::server - Kynet accept failed: connection error: Endpoint closed
2026-09-15T20:42:32.198 WARN kycontroller::kymux_controller::server - Kynet accept failed: connection error: Endpoint closed
2026-09-15T20:42:32.198 WARN kycontroller::kymux_controller::server - Kynet accept failed: connection error: Endpoint closed
2026-09-15T20:42:32.198 WARN kycontroller::kymux_controller::server - Kynet accept failed: connection error: Endpoint closed
2026-09-15T20:42:32.198 WARN kycontroller::kymux_controller::server - Kynet accept failed: connection error: Endpoint closed
2026-09-15T20:42:32.198 WARN kycontroller::kymux_controller::server - Kynet accept failed: connection error: Endpoint closed
2026-09-15T20:42:32.198 WARN kycontroller::kymux_controller::server - Kynet accept failed: connection error: Endpoint closed
2026-09-15T20:42:32.198 WARN kycontroller::kymux_controller::server - Kynet accept failed: connection error: Endpoint closed
2026-09-15T20:42:32.198 WARN kycontroller::kymux_controller::server - Kynet accept failed: connection error: Endpoint closed
2026-09-15T20:42:32.198 WARN kycontroller::kymux_controller::server - Kynet accept failed: connection error: Endpoint closed
2026-09-15T20:42:32.198 WARN kycontroller::kymux_controller::server - Kynet accept failed: connection error: Endpoint closed
2026-09-15T20:42:32.198 WARN kycontroller::kymux_controller::server - Kynet accept failed: connection error: Endpoint closed
2026-09-15T20:42:32.198 WARN kycontroller::kymux_controller::server - Kynet accept failed: connection error: Endpoint closed
2026-09-15T20:42:32.198 WARN kycontroller::kymux_controller::server - Kynet accept failed: connection error: Endpoint closed
2026-09-15T20:42:32.198 WARN kycontroller::kymux_controller::server - Kynet accept failed: connection error: Endpoint closed
2026-09-15T20:42:32.198 WARN kycontroller::kymux_controller::server - Kynet accept failed: connection error: Endpoint closed
2026-09-15T20:42:32.198 WARN kycontroller::kymux_controller::server - Kynet accept failed: connection error: Endpoint closed
2026-09-15T20:42:32.198 WARN kycontroller::kymux_controller::server - Kynet accept failed: connection error: Endpoint closed
2026-09-15T20:42:32.198 WARN kycontroller::kymux_controller::server - Kynet accept failed: connection error: Endpoint closed
2026-09-15T20:42:32.198 WARN kycontroller::kymux_controller::server - Kynet accept failed: connection error: Endpoint closed
2026-09-15T20:42:32.198 WARN kycontroller::kymux_controller::server - Kynet accept failed: connection error: Endpoint closed
2026-09-15T20:42:32.198 WARN kycontroller::kymux_controller::server - Kynet accept failed: connection error: Endpoint closed
2026-09-15T20:42:32.198 WARN kycontroller::kymux_controller::server - Kynet accept failed: connection error: Endpoint closed
2026-09-15T20:42:32.198 WARN kycontroller::kymux_controller::server - Kynet accept failed: connection error: Endpoint closed
2026-09-15T20:42:32.198 WARN kycontroller::kymux_controller::server - Kynet accept failed: connection error: Endpoint closed
2026-09-15T20:42:32.198 WARN kycontroller::kymux_controller::server - Kynet accept failed: connection error: Endpoint closed
2026-09-15T20:42:32.198 WARN kycontroller::kymux_controller::server - Kynet accept failed: connection error: Endpoint closed
2026-09-15T20:42:32.198 WARN kycontroller::kymux_controller::server - Kynet accept failed: connection error: Endpoint closed
2026-09-15T20:42:32.198 WARN kycontroller::kymux_controller::server - Kynet accept failed: connection error: Endpoint closed
2026-09-15T20:42:32.198 WARN kycontroller::kymux_controller::server - Kynet accept failed: connection error: Endpoint closed
2026-09-15T20:42:32.198 WARN kycontroller::kymux_controller::server - Kynet accept failed: connection error: Endpoint closed
2026-09-15T20:42:32.198 WARN kycontroller::kymux_controller::server - Kynet accept failed: connection error: Endpoint closed
2026-09-15T20:42:32.198 WARN kycontroller::kymux_controller::server - Kynet accept failed: connection error: Endpoint closed
2026-09-15T20:42:32.198 WARN kycontroller::kymux_controller::server - Kynet accept failed: connection error: Endpoint closed
2026-09-15T20:42:32.198 WARN kycontroller::kymux_controller::server - Kynet accept failed: connection error: Endpoint closed
2026-09-15T20:42:32.198 WARN kycontroller::kymux_controller::server - Kynet accept failed: connection error: Endpoint closed
2026-09-15T20:42:32.198 WARN kycontroller::kymux_controller::server - Kynet accept failed: connection error: Endpoint closed
2026-09-15T20:42:32.198 WARN kycontroller::kymux_controller::server - Kynet accept failed: connection error: Endpoint closed
2026-09-15T20:42:32.198 WARN kycontroller::kymux_controller::server - Kynet accept failed: connection error: Endpoint closed
2026-09-15T20:42:32.198 WARN kycontroller::kymux_controller::server - Kynet accept failed: connection error: Endpoint closed
2026-09-15T20:42:32.198 WARN kycontroller::kymux_controller::server - Kynet accept failed: connection error: Endpoint closed
2026-09-15T20:42:32.198 WARN kycontroller::kymux_controller::server - Kynet accept failed: connection error: Endpoint closed
2026-09-15T20:42:32.198 WARN kycontroller::kymux_controller::server - Kynet accept failed: connection error: Endpoint closed
2026-09-15T20:42:32.198 WARN kycontroller::kymux_controller::server - Kynet accept failed: connection error: Endpoint closed
2026-09-15T20:42:32.198 WARN kycontroller::kymux_controller::server - Kynet accept failed: connection error: Endpoint closed
2026-09-15T20:42:32.198 WARN kycontroller::kymux_controller::server - Kynet accept failed: connection error: Endpoint closed
2026-09-15T20:42:32.198 WARN kycontroller::kymux_controller::server - Kynet accept failed: connection error: Endpoint closed
2026-09-15T20:42:32.198 WARN kycontroller::kymux_controller::server - Kynet accept failed: connection error: Endpoint closed
2026-09-15T20:42:32.198 WARN kycontroller::kymux_controller::server - Kynet accept failed: connection error: Endpoint closed
2026-09-15T20:42:32.198 WARN kycontroller::kymux_controller::server - Kynet accept failed: connection error: Endpoint closed
2026-09-15T20:42:32.198 WARN kycontroller::kymux_controller::server - Kynet accept failed: connection error: Endpoint closed
2026-09-15T20:42:32.198 WARN kycontroller::kymux_controller::server - Kynet accept failed: connection error: Endpoint closed
2026-09-15T20:42:32.198 WARN kycontroller::kymux_controller::server - Kynet accept failed: connection error: Endpoint closed
2026-09-15T20:42:32.198 WARN kycontroller::kymux_controller::server - Kynet accept failed: connection error: Endpoint closed
2026-09-15T20:42:32.198 WARN kycontroller::kymux_controller::server - Kynet accept failed: connection error: Endpoint closed
2026-09-15T20:42:32.198 WARN kycontroller::kymux_controller::server - Kynet accept failed: connection error: Endpoint closed
2026-09-15T20:42:32.198 WARN kycontroller::kymux_controller::server - Kynet accept failed: connection error: Endpoint closed
2026-09-15T20:42:32.198 WARN kycontroller::kymux_controller::server - Kynet accept failed: connection error: Endpoint closed
2026-09-15T20:42:32.198 WARN kycontroller::kymux_controller::server - Kynet accept failed: connection error: Endpoint closed
2026-09-15T20:42:32.198 WARN kycontroller::kymux_controller::server - Kynet accept failed: connection error: Endpoint closed
2026-09-15T20:42:32.198 WARN kycontroller::kymux_controller::server - Kynet accept failed: connection error: Endpoint closed
2026-09-15T20:42:32.198 WARN kycontroller::kymux_controller::server - Kynet accept failed: connection error: Endpoint closed
2026-09-15T20:42:32.198 WARN kycontroller::kymux_controller::server - Kynet accept failed: connection error: Endpoint closed
2026-09-15T20:42:32.198 WARN kycontroller::kymux_controller::server - Kynet accept failed: connection error: Endpoint closed
2026-09-15T20:42:32.198 WARN kycontroller::kymux_controller::server - Kynet accept failed: connection error: Endpoint closed
2026-09-15T20:42:32.198 WARN kycontroller::kymux_controller::server - Kynet accept failed: connection error: Endpoint closed
2026-09-15T20:42:32.198 WARN kycontroller::kymux_controller::server - Kynet accept failed: connection error: Endpoint closed
2026-09-15T20:42:32.198 WARN kycontroller::kymux_controller::server - Kynet accept failed: connection error: Endpoint closed
2026-09-15T20:42:32.198 WARN kycontroller::kymux_controller::server - Kynet accept failed: connection error: Endpoint closed
2026-09-15T20:42:32.198 WARN kycontroller::kymux_controller::server - Kynet accept failed: connection error: Endpoint closed
2026-09-15T20:42:32.198 WARN kycontroller::kymux_controller::server - Kynet accept failed: connection error: Endpoint closed
2026-09-15T20:42:32.198 WARN kycontroller::kymux_controller::server - Kynet accept failed: connection error: Endpoint closed
2026-09-15T20:42:32.198 WARN kycontroller::kymux_controller::server - Kynet accept failed: connection error: Endpoint closed
2026-09-15T20:42:32.198 WARN kycontroller::kymux_controller::server - Kynet accept failed: connection error: Endpoint closed
2026-09-15T20:42:32.199 WARN kycontroller::kymux_controller::server - Kynet accept failed: connection error: Endpoint closed
2026-09-15T20:42:32.199 WARN kycontroller::kymux_controller::server - Kynet accept failed: connection error: Endpoint closed
2026-09-15T20:42:32.199 WARN kycontroller::kymux_controller::server - Kynet accept failed: connection error: Endpoint closed
2026-09-15T20:42:32.199 WARN kycontroller::kymux_controller::server - Kynet accept failed: connection error: Endpoint closed
2026-09-15T20:42:32.199 WARN kycontroller::kymux_controller::server - Kynet accept failed: connection error: Endpoint closed
2026-09-15T20:42:32.199 WARN kycontroller::kymux_controller::server - Kynet accept failed: connection error: Endpoint closed
2026-09-15T20:42:32.199 WARN kycontroller::kymux_controller::server - Kynet accept failed: connection error: Endpoint closed
2026-09-15T20:42:32.199 WARN kycontroller::kymux_controller::server - Kynet accept failed: connection error: Endpoint closed
2026-09-15T20:42:32.199 WARN kycontroller::kymux_controller::server - Kynet accept failed: connection error: Endpoint closed
2026-09-15T20:42:32.199 WARN kycontroller::kymux_controller::server - Kynet accept failed: connection error: Endpoint closed
2026-09-15T20:42:32.199 WARN kycontroller::kymux_controller::server - Kynet accept failed: connection error: Endpoint closed
2026-09-15T20:42:32.199 WARN kycontroller::kymux_controller::server - Kynet accept failed: connection error: Endpoint closed
2026-09-15T20:42:32.199 WARN kycontroller::kymux_controller::server - Kynet accept failed: connection error: Endpoint closed
2026-09-15T20:42:32.199 WARN kycontroller::kymux_controller::server - Kynet accept failed: connection error: Endpoint closed
2026-09-15T20:42:32.199 WARN kycontroller::kymux_controller::server - Kynet accept failed: connection error: Endpoint closed
2026-09-15T20:42:32.199 WARN kycontroller::kymux_controller::server - Kynet accept failed: connection error: Endpoint closed
2026-09-15T20:42:32.199 WARN kycontroller::kymux_controller::server - Kynet accept failed: connection error: Endpoint closed
2026-09-15T20:42:32.199 WARN kycontroller::kymux_controller::server - Kynet accept failed: connection error: Endpoint closed
2026-09-15T20:42:32.199 WARN kycontroller::kymux_controller::server - Kynet accept failed: connection error: Endpoint closed
2026-09-15T20:42:32.199 WARN kycontroller::kymux_controller::server - Kynet accept failed: connection error: Endpoint closed
2026-09-15T20:42:32.199 WARN kycontroller::kymux_controller::server - Kynet accept failed: connection error: Endpoint closed
2026-09-15T20:42:32.199 WARN kycontroller::kymux_controller::server - Kynet accept failed: connection error: Endpoint closed
2026-09-15T20:42:32.199 WARN kycontroller::kymux_controller::server - Kynet accept failed: connection error: Endpoint closed
2026-09-15T20:42:32.199 WARN kycontroller::kymux_controller::server - Kynet accept failed: connection error: Endpoint closed
2026-09-15T20:42:32.199 WARN kycontroller::kymux_controller::server - Kynet accept failed: connection error: Endpoint closed
2026-09-15T20:42:32.199 WARN kycontroller::kymux_controller::server - Kynet accept failed: connection error: Endpoint closed
2026-09-15T20:42:32.199 WARN kycontroller::kymux_controller::server - Kynet accept failed: connection error: Endpoint closed
2026-09-15T20:42:32.199 WARN kycontroller::kymux_controller::server - Kynet accept failed: connection error: Endpoint closed
2026-09-15T20:42:32.199 WARN kycontroller::kymux_controller::server - Kynet accept failed: connection error: Endpoint closed
2026-09-15T20:42:32.199 WARN kycontroller::kymux_controller::server - Kynet accept failed: connection error: Endpoint closed
2026-09-15T20:42:32.199 WARN kycontroller::kymux_controller::server - Kynet accept failed: connection error: Endpoint closed
2026-09-15T20:42:32.199 WARN kycontroller::kymux_controller::server - Kynet accept failed: connection error: Endpoint closed
2026-09-15T20:42:32.199 WARN kycontroller::kymux_controller::server - Kynet accept failed: connection error: Endpoint closed
2026-09-15T20:42:32.199 WARN kycontroller::kymux_controller::server - Kynet accept failed: connection error: Endpoint closed
2026-09-15T20:42:32.199 WARN kycontroller::kymux_controller::server - Kynet accept failed: connection error: Endpoint closed
2026-09-15T20:42:32.199 WARN kycontroller::kymux_controller::server - Kynet accept failed: connection error: Endpoint closed
2026-09-15T20:42:32.199 WARN kycontroller::kymux_controller::server - Kynet accept failed: connection error: Endpoint closed
2026-09-15T20:42:32.199 WARN kycontroller::kymux_controller::server - Kynet accept failed: connection error: Endpoint closed
2026-09-15T20:42:32.199 WARN kycontroller::kymux_controller::server - Kynet accept failed: connection error: Endpoint closed
2026-09-15T20:42:32.199 WARN kycontroller::kymux_controller::server - Kynet accept failed: connection error: Endpoint closed
2026-09-15T20:42:32.199 WARN kycontroller::kymux_controller::server - Kynet accept failed: connection error: Endpoint closed
2026-09-15T20:42:32.199 WARN kycontroller::kymux_controller::server - Kynet accept failed: connection error: Endpoint closed
2026-09-15T20:42:32.199 WARN kycontroller::kymux_controller::server - Kynet accept failed: connection error: Endpoint closed
2026-09-15T20:42:32.199 WARN kycontroller::kymux_controller::server - Kynet accept failed: connection error: Endpoint closed
2026-09-15T20:42:32.199 WARN kycontroller::kymux_controller::server - Kynet accept failed: connection error: Endpoint closed
2026-09-15T20:42:32.199 WARN kycontroller::kymux_controller::server - Kynet accept failed: connection error: Endpoint closed
2026-09-15T20:42:32.199 WARN kycontroller::kymux_controller::server - Kynet accept failed: connection error: Endpoint closed
2026-09-15T20:42:32.199 WARN kycontroller::kymux_controller::server - Kynet accept failed: connection error: Endpoint closed
2026-09-15T20:42:32.199 WARN kycontroller::kymux_controller::server - Kynet accept failed: connection error: Endpoint closed
2026-09-15T20:42:32.199 WARN kycontroller::kymux_controller::server - Kynet accept failed: connection error: Endpoint closed
2026-09-15T20:42:32.199 WARN kycontroller::kymux_controller::server - Kynet accept failed: connection error: Endpoint closed
2026-09-15T20:42:32.199 WARN kycontroller::kymux_controller::server - Kynet accept failed: connection error: Endpoint closed
2026-09-15T20:42:32.199 WARN kycontroller::kymux_controller::server - Kynet accept failed: connection error: Endpoint closed
2026-09-15T20:42:32.199 WARN kycontroller::kymux_controller::server - Kynet accept failed: connection error: Endpoint closed
2026-09-15T20:42:32.199 WARN kycontroller::kymux_controller::server - Kynet accept failed: connection error: Endpoint closed
2026-09-15T20:42:32.199 WARN kycontroller::kymux_controller::server - Kynet accept failed: connection error: Endpoint closed
2026-09-15T20:42:32.199 WARN kycontroller::kymux_controller::server - Kynet accept failed: connection error: Endpoint closed
2026-09-15T20:42:32.199 WARN kycontroller::kymux_controller::server - Kynet accept failed: connection error: Endpoint closed
2026-09-15T20:42:32.199 WARN kycontroller::kymux_controller::server - Kynet accept failed: connection error: Endpoint closed
2026-09-15T20:42:32.199 WARN kycontroller::kymux_controller::server - Kynet accept failed: connection error: Endpoint closed
2026-09-15T20:42:32.199 WARN kycontroller::kymux_controller::server - Kynet accept failed: connection error: Endpoint closed
2026-09-15T20:42:32.199 WARN kycontroller::kymux_controller::server - Kynet accept failed: connection error: Endpoint closed
2026-09-15T20:42:32.199 WARN kycontroller::kymux_controller::server - Kynet accept failed: connection error: Endpoint closed
2026-09-15T20:42:32.199 WARN kycontroller::kymux_controller::server - Kynet accept failed: connection error: Endpoint closed
2026-09-15T20:42:32.199 WARN kycontroller::kymux_controller::server - Kynet accept failed: connection error: Endpoint closed
2026-09-15T20:42:32.199 WARN kycontroller::kymux_controller::server - Kynet accept failed: connection error: Endpoint closed
2026-09-15T20:42:32.199 WARN kycontroller::kymux_controller::server - Kynet accept failed: connection error: Endpoint closed
2026-09-15T20:42:32.199 WARN kycontroller::kymux_controller::server - Kynet accept failed: connection error: Endpoint closed
2026-09-15T20:42:32.199 WARN kycontroller::kymux_controller::server - Kynet accept failed: connection error: Endpoint closed
2026-09-15T20:42:32.199 WARN kycontroller::kymux_controller::server - Kynet accept failed: connection error: Endpoint closed
2026-09-15T20:42:32.199 WARN kycontroller::kymux_controller::server - Kynet accept failed: connection error: Endpoint closed
2026-09-15T20:42:32.199 WARN kycontroller::kymux_controller::server - Kynet accept failed: connection error: Endpoint closed
2026-09-15T20:42:32.199 WARN kycontroller::kymux_controller::server - Kynet accept failed: connection error: Endpoint closed
2026-09-15T20:42:32.199 WARN kycontroller::kymux_controller::server - Kynet accept failed: connection error: Endpoint closed
2026-09-15T20:42:32.199 WARN kycontroller::kymux_controller::server - Kynet accept failed: connection error: Endpoint closed
2026-09-15T20:42:32.199 WARN kycontroller::kymux_controller::server - Kynet accept failed: connection error: Endpoint closed
2026-09-15T20:42:32.199 WARN kycontroller::kymux_controller::server - Kynet accept failed: connection error: Endpoint closed
2026-09-15T20:42:32.199 WARN kycontroller::kymux_controller::server - Kynet accept failed: connection error: Endpoint closed
2026-09-15T20:42:32.199 WARN kycontroller::kymux_controller::server - Kynet accept failed: connection error: Endpoint closed
2026-09-15T20:42:32.199 WARN kycontroller::kymux_controller::server - Kynet accept failed: connection error: Endpoint closed
2026-09-15T20:42:32.199 WARN kycontroller::kymux_controller::server - Kynet accept failed: connection error: Endpoint closed
2026-09-15T20:42:32.199 WARN kycontroller::kymux_controller::server - Kynet accept failed: connection error: Endpoint closed
2026-09-15T20:42:32.199 WARN kycontroller::kymux_controller::server - Kynet accept failed: connection error: Endpoint closed
2026-09-15T20:42:32.199 WARN kycontroller::kymux_controller::server - Kynet accept failed: connection error: Endpoint closed
2026-09-15T20:42:32.199 WARN kycontroller::kymux_controller::server - Kynet accept failed: connection error: Endpoint closed
2026-09-15T20:42:32.199 WARN kycontroller::kymux_controller::server - Kynet accept failed: connection error: Endpoint closed
2026-09-15T20:42:32.199 WARN kycontroller::kymux_controller::server - Kynet accept failed: connection error: Endpoint closed
2026-09-15T20:42:32.199 WARN kycontroller::kymux_controller::server - Kynet accept failed: connection error: Endpoint closed
2026-09-15T20:42:32.199 WARN kycontroller::kymux_controller::server - Kynet accept failed: connection error: Endpoint closed
2026-09-15T20:42:32.199 WARN kycontroller::kymux_controller::server - Kynet accept failed: connection error: Endpoint closed
2026-09-15T20:42:32.199 WARN kycontroller::kymux_controller::server - Kynet accept failed: connection error: Endpoint closed
2026-09-15T20:42:32.199 WARN kycontroller::kymux_controller::server - Kynet accept failed: connection error: Endpoint closed
2026-09-15T20:42:32.199 WARN kycontroller::kymux_controller::server - Kynet accept failed: connection error: Endpoint closed
2026-09-15T20:42:32.199 WARN kycontroller::kymux_controller::server - Kynet accept failed: connection error: Endpoint closed
2026-09-15T20:42:32.199 WARN kycontroller::kymux_controller::server - Kynet accept failed: connection error: Endpoint closed
2026-09-15T20:42:32.199 WARN kycontroller::kymux_controller::server - Kynet accept failed: connection error: Endpoint closed
2026-09-15T20:42:32.199 WARN kycontroller::kymux_controller::server - Kynet accept failed: connection error: Endpoint closed
2026-09-15T20:42:32.199 WARN kycontroller::kymux_controller::server - Kynet accept failed: connection error: Endpoint closed
2026-09-15T20:42:32.199 WARN kycontroller::kymux_controller::server - Kynet accept failed: connection error: Endpoint closed
2026-09-15T20:42:32.199 WARN kycontroller::kymux_controller::server - Kynet accept failed: connection error: Endpoint closed
2026-09-15T20:42:32.199 WARN kycontroller::kymux_controller::server - Kynet accept failed: connection error: Endpoint closed
2026-09-15T20:42:32.199 WARN kycontroller::kymux_controller::server - Kynet accept failed: connection error: Endpoint closed
2026-09-15T20:42:32.199 WARN kycontroller::kymux_controller::server - Kynet accept failed: connection error: Endpoint closed
2026-09-15T20:42:32.199 WARN kycontroller::kymux_controller::server - Kynet accept failed: connection error: Endpoint closed
2026-09-15T20:42:32.199 WARN kycontroller::kymux_controller::server - Kynet accept failed: connection error: Endpoint closed
2026-09-15T20:42:32.199 WARN kycontroller::kymux_controller::server - Kynet accept failed: connection error: Endpoint closed
2026-09-15T20:42:32.199 WARN kycontroller::kymux_controller::server - Kynet accept failed: connection error: Endpoint closed
2026-09-15T20:42:32.199 WARN kycontroller::kymux_controller::server - Kynet accept failed: connection error: Endpoint closed
2026-09-15T20:42:32.199 WARN kycontroller::kymux_controller::server - Kynet accept failed: connection error: Endpoint closed
2026-09-15T20:42:32.199 WARN kycontroller::kymux_controller::server - Kynet accept failed: connection error: Endpoint closed
2026-09-15T20:42:32.199 WARN kycontroller::kymux_controller::server - Kynet accept failed: connection error: Endpoint closed
2026-09-15T20:42:32.199 WARN kycontroller::kymux_controller::server - Kynet accept failed: connection error: Endpoint closed
2026-09-15T20:42:32.199 WARN kycontroller::kymux_controller::server - Kynet accept failed: connection error: Endpoint closed
2026-09-15T20:42:32.199 WARN kycontroller::kymux_controller::server - Kynet accept failed: connection error: Endpoint closed
2026-09-15T20:42:32.199 WARN kycontroller::kymux_controller::server - Kynet accept failed: connection error: Endpoint closed
2026-09-15T20:42:32.200 WARN kycontroller::kymux_controller::server - Kynet accept failed: connection error: Endpoint closed
2026-09-15T20:42:32.200 WARN kycontroller::kymux_controller::server - Kynet accept failed: connection error: Endpoint closed
2026-09-15T20:42:32.200 WARN kycontroller::kymux_controller::server - Kynet accept failed: connection error: Endpoint closed
2026-09-15T20:42:32.200 WARN kycontroller::kymux_controller::server - Kynet accept failed: connection error: Endpoint closed
2026-09-15T20:42:32.200 WARN kycontroller::kymux_controller::server - Kynet accept failed: connection error: Endpoint closed
2026-09-15T20:42:32.200 WARN kycontroller::kymux_controller::server - Kynet accept failed: connection error: Endpoint closed
2026-09-15T20:42:32.200 WARN kycontroller::kymux_controller::server - Kynet accept failed: connection error: Endpoint closed
2026-09-15T20:42:32.200 WARN kycontroller::kymux_controller::server - Kynet accept failed: connection error: Endpoint closed
2026-09-15T20:42:32.200 WARN kycontroller::kymux_controller::server - Kynet accept failed: connection error: Endpoint closed
2026-09-15T20:42:32.200 WARN kycontroller::kymux_controller::server - Kynet accept failed: connection error: Endpoint closed
2026-09-15T20:42:32.200 WARN kycontroller::kymux_controller::server - Kynet accept failed: connection error: Endpoint closed
2026-09-15T20:42:32.200 WARN kycontroller::kymux_controller::server - Kynet accept failed: connection error: Endpoint closed
2026-09-15T20:42:32.200 WARN kycontroller::kymux_controller::server - Kynet accept failed: connection error: Endpoint closed
2026-09-15T20:42:32.200 WARN kycontroller::kymux_controller::server - Kynet accept failed: connection error: Endpoint closed
2026-09-15T20:42:32.200 WARN kycontroller::kymux_controller::server - Kynet accept failed: connection error: Endpoint closed
2026-09-15T20:42:32.200 WARN kycontroller::kymux_controller::server - Kynet accept failed: connection error: Endpoint closed
2026-09-15T20:42:32.200 WARN kycontroller::kymux_controller::server - Kynet accept failed: connection error: Endpoint closed
2026-09-15T20:42:32.200 WARN kycontroller::kymux_controller::server - Kynet accept failed: connection error: Endpoint closed
2026-09-15T20:42:32.200 WARN kycontroller::kymux_controller::server - Kynet accept failed: connection error: Endpoint closed
2026-09-15T20:42:32.200 WARN kycontroller::kymux_controller::server - Kynet accept failed: connection error: Endpoint closed
2026-09-15T20:42:32.200 WARN kycontroller::kymux_controller::server - Kynet accept failed: connection error: Endpoint closed
2026-09-15T20:42:32.200 WARN kycontroller::kymux_controller::server - Kynet accept failed: connection error: Endpoint closed
2026-09-15T20:42:32.200 WARN kycontroller::kymux_controller::server - Kynet accept failed: connection error: Endpoint closed
2026-09-15T20:42:32.200 WARN kycontroller::kymux_controller::server - Kynet accept failed: connection error: Endpoint closed
2026-09-15T20:42:32.200 WARN kycontroller::kymux_controller::server - Kynet accept failed: connection error: Endpoint closed
2026-09-15T20:42:32.200 WARN kycontroller::kymux_controller::server - Kynet accept failed: connection error: Endpoint closed
2026-09-15T20:42:32.200 WARN kycontroller::kymux_controller::server - Kynet accept failed: connection error: Endpoint closed
2026-09-15T20:42:32.200 WARN kycontroller::kymux_controller::server - Kynet accept failed: connection error: Endpoint closed
2026-09-15T20:42:32.200 WARN kycontroller::kymux_controller::server - Kynet accept failed: connection error: Endpoint closed
2026-09-15T20:42:32.200 WARN kycontroller::kymux_controller::server - Kynet accept failed: connection error: Endpoint closed
2026-09-15T20:42:32.200 WARN kycontroller::kymux_controller::server - Kynet accept failed: connection error: Endpoint closed
2026-09-15T20:42:32.200 WARN kycontroller::kymux_controller::server - Kynet accept failed: connection error: Endpoint closed
2026-09-15T20:42:32.200 WARN kycontroller::kymux_controller::server - Kynet accept failed: connection error: Endpoint closed
2026-09-15T20:42:32.200 WARN kycontroller::kymux_controller::server - Kynet accept failed: connection error: Endpoint closed
2026-09-15T20:42:32.200 WARN kycontroller::kymux_controller::server - Kynet accept failed: connection error: Endpoint closed
2026-09-15T20:42:32.200 WARN kycontroller::kymux_controller::server - Kynet accept failed: connection error: Endpoint closed
2026-09-15T20:42:32.200 WARN kycontroller::kymux_controller::server - Kynet accept failed: connection error: Endpoint closed
2026-09-15T20:42:32.200 WARN kycontroller::kymux_controller::server - Kynet accept failed: connection error: Endpoint closed
2026-09-15T20:42:32.200 WARN kycontroller::kymux_controller::server - Kynet accept failed: connection error: Endpoint closed
2026-09-15T20:42:32.200 WARN kycontroller::kymux_controller::server - Kynet accept failed: connection error: Endpoint closed
2026-09-15T20:42:32.200 WARN kycontroller::kymux_controller::server - Kynet accept failed: connection error: Endpoint closed
2026-09-15T20:42:32.200 WARN kycontroller::kymux_controller::server - Kynet accept failed: connection error: Endpoint closed
2026-09-15T20:42:32.200 WARN kycontroller::kymux_controller::server - Kynet accept failed: connection error: Endpoint closed
2026-09-15T20:42:32.200 WARN kycontroller::kymux_controller::server - Kynet accept failed: connection error: Endpoint closed
2026-09-15T20:42:32.200 WARN kycontroller::kymux_controller::server - Kynet accept failed: connection error: Endpoint closed
2026-09-15T20:42:32.200 WARN kycontroller::kymux_controller::server - Kynet accept failed: connection error: Endpoint closed
2026-09-15T20:42:32.200 WARN kycontroller::kymux_controller::server - Kynet accept failed: connection error: Endpoint closed
2026-09-15T20:42:32.200 WARN kycontroller::kymux_controller::server - Kynet accept failed: connection error: Endpoint closed
2026-09-15T20:42:32.200 WARN kycontroller::kymux_controller::server - Kynet accept failed: connection error: Endpoint closed
2026-09-15T20:42:32.200 WARN kycontroller::kymux_controller::server - Kynet accept failed: connection error: Endpoint closed
2026-09-15T20:42:32.200 WARN kycontroller::kymux_controller::server - Kynet accept failed: connection error: Endpoint closed
2026-09-15T20:42:32.200 WARN kycontroller::kymux_controller::server - Kynet accept failed: connection error: Endpoint closed
2026-09-15T20:42:32.200 WARN kycontroller::kymux_controller::server - Kynet accept failed: connection error: Endpoint closed
2026-09-15T20:42:32.200 WARN kycontroller::kymux_controller::server - Kynet accept failed: connection error: Endpoint closed
2026-09-15T20:42:32.200 WARN kycontroller::kymux_controller::server - Kynet accept failed: connection error: Endpoint closed
2026-09-15T20:42:32.200 WARN kycontroller::kymux_controller::server - Kynet accept failed: connection error: Endpoint closed
2026-09-15T20:42:32.200 WARN kycontroller::kymux_controller::server - Kynet accept failed: connection error: Endpoint closed
2026-09-15T20:42:32.200 WARN kycontroller::kymux_controller::server - Kynet accept failed: connection error: Endpoint closed
2026-09-15T20:42:32.200 WARN kycontroller::kymux_controller::server - Kynet accept failed: connection error: Endpoint closed
2026-09-15T20:42:32.200 WARN kycontroller::kymux_controller::server - Kynet accept failed: connection error: Endpoint closed
2026-09-15T20:42:32.200 WARN kycontroller::kymux_controller::server - Kynet accept failed: connection error: Endpoint closed
2026-09-15T20:42:32.200 WARN kycontroller::kymux_controller::server - Kynet accept failed: connection error: Endpoint closed
2026-09-15T20:42:32.200 WARN kycontroller::kymux_controller::server - Kynet accept failed: connection error: Endpoint closed
2026-09-15T20:42:32.200 WARN kycontroller::kymux_controller::server - Kynet accept failed: connection error: Endpoint closed
2026-09-15T20:42:32.200 WARN kycontroller::kymux_controller::server - Kynet accept failed: connection error: Endpoint closed
2026-09-15T20:42:32.200 WARN kycontroller::kymux_controller::server - Kynet accept failed: connection error: Endpoint closed
2026-09-15T20:42:32.200 WARN kycontroller::kymux_controller::server - Kynet accept failed: connection error: Endpoint closed
2026-09-15T20:42:32.200 WARN kycontroller::kymux_controller::server - Kynet accept failed: connection error: Endpoint closed
2026-09-15T20:42:32.200 WARN kycontroller::kymux_controller::server - Kynet accept failed: connection error: Endpoint closed
2026-09-15T20:42:32.200 WARN kycontroller::kymux_controller::server - Kynet accept failed: connection error: Endpoint closed
2026-09-15T20:42:32.200 WARN kycontroller::kymux_controller::server - Kynet accept failed: connection error: Endpoint closed
2026-09-15T20:42:32.200 WARN kycontroller::kymux_controller::server - Kynet accept failed: connection error: Endpoint closed
2026-09-15T20:42:32.200 WARN kycontroller::kymux_controller::server - Kynet accept failed: connection error: Endpoint closed
2026-09-15T20:42:32.200 WARN kycontroller::kymux_controller::server - Kynet accept failed: connection error: Endpoint closed
2026-09-15T20:42:32.200 WARN kycontroller::kymux_controller::server - Kynet accept failed: connection error: Endpoint closed
2026-09-15T20:42:32.200 WARN kycontroller::kymux_controller::server - Kynet accept failed: connection error: Endpoint closed
2026-09-15T20:42:32.200 WARN kycontroller::kymux_controller::server - Kynet accept failed: connection error: Endpoint closed
2026-09-15T20:42:32.200 WARN kycontroller::kymux_controller::server - Kynet accept failed: connection error: Endpoint closed
2026-09-15T20:42:32.200 WARN kycontroller::kymux_controller::server - Kynet accept failed: connection error: Endpoint closed
2026-09-15T20:42:32.200 WARN kycontroller::kymux_controller::server - Kynet accept failed: connection error: Endpoint closed
2026-09-15T20:42:32.200 WARN kycontroller::kymux_controller::server - Kynet accept failed: connection error: Endpoint closed
2026-09-15T20:42:32.200 WARN kycontroller::kymux_controller::server - Kynet accept failed: connection error: Endpoint closed
2026-09-15T20:42:32.200 WARN kycontroller::kymux_controller::server - Kynet accept failed: connection error: Endpoint closed
2026-09-15T20:42:32.200 WARN kycontroller::kymux_controller::server - Kynet accept failed: connection error: Endpoint closed
2026-09-15T20:42:32.200 WARN kycontroller::kymux_controller::server - Kynet accept failed: connection error: Endpoint closed
2026-09-15T20:42:32.200 WARN kycontroller::kymux_controller::server - Kynet accept failed: connection error: Endpoint closed
2026-09-15T20:42:32.200 WARN kycontroller::kymux_controller::server - Kynet accept failed: connection error: Endpoint closed
2026-09-15T20:42:32.200 WARN kycontroller::kymux_controller::server - Kynet accept failed: connection error: Endpoint closed
2026-09-15T20:42:32.200 WARN kycontroller::kymux_controller::server - Kynet accept failed: connection error: Endpoint closed
2026-09-15T20:42:32.200 WARN kycontroller::kymux_controller::server - Kynet accept failed: connection error: Endpoint closed
2026-09-15T20:42:32.200 WARN kycontroller::kymux_controller::server - Kynet accept failed: connection error: Endpoint closed
2026-09-15T20:42:32.200 WARN kycontroller::kymux_controller::server - Kynet accept failed: connection error: Endpoint closed
2026-09-15T20:42:32.200 WARN kycontroller::kymux_controller::server - Kynet accept failed: connection error: Endpoint closed
2026-09-15T20:42:32.200 WARN kycontroller::kymux_controller::server - Kynet accept failed: connection error: Endpoint closed
2026-09-15T20:42:32.200 WARN kycontroller::kymux_controller::server - Kynet accept failed: connection error: Endpoint closed
2026-09-15T20:42:32.200 WARN kycontroller::kymux_controller::server - Kynet accept failed: connection error: Endpoint closed
2026-09-15T20:42:32.200 WARN kycontroller::kymux_controller::server - Kynet accept failed: connection error: Endpoint closed
2026-09-15T20:42:32.200 WARN kycontroller::kymux_controller::server - Kynet accept failed: connection error: Endpoint closed
2026-09-15T20:42:32.200 WARN kycontroller::kymux_controller::server - Kynet accept failed: connection error: Endpoint closed
2026-09-15T20:42:32.200 WARN kycontroller::kymux_controller::server - Kynet accept failed: connection error: Endpoint closed
2026-09-15T20:42:32.200 WARN kycontroller::kymux_controller::server - Kynet accept failed: connection error: Endpoint closed
2026-09-15T20:42:32.200 WARN kycontroller::kymux_controller::server - Kynet accept failed: connection error: Endpoint closed
2026-09-15T20:42:32.200 WARN kycontroller::kymux_controller::server - Kynet accept failed: connection error: Endpoint closed
2026-09-15T20:42:32.200 WARN kycontroller::kymux_controller::server - Kynet accept failed: connection error: Endpoint closed
2026-09-15T20:42:32.200 WARN kycontroller::kymux_controller::server - Kynet accept failed: connection error: Endpoint closed
2026-09-15T20:42:32.200 WARN kycontroller::kymux_controller::server - Kynet accept failed: connection error: Endpoint closed
2026-09-15T20:42:32.200 WARN kycontroller::kymux_controller::server - Kynet accept failed: connection error: Endpoint closed
2026-09-15T20:42:32.200 WARN kycontroller::kymux_controller::server - Kynet accept failed: connection error: Endpoint closed
2026-09-15T20:42:32.200 WARN kycontroller::kymux_controller::server - Kynet accept failed: connection error: Endpoint closed
2026-09-15T20:42:32.200 WARN kycontroller::kymux_controller::server - Kynet accept failed: connection error: Endpoint closed
2026-09-15T20:42:32.201 WARN kycontroller::kymux_controller::server - Kynet accept failed: connection error: Endpoint closed
2026-09-15T20:42:32.201 WARN kycontroller::kymux_controller::server - Kynet accept failed: connection error: Endpoint closed
2026-09-15T20:42:32.201 WARN kycontroller::kymux_controller::server - Kynet accept failed: connection error: Endpoint closed
2026-09-15T20:42:32.201 WARN kycontroller::kymux_controller::server - Kynet accept failed: connection error: Endpoint closed
2026-09-15T20:42:32.201 WARN kycontroller::kymux_controller::server - Kynet accept failed: connection error: Endpoint closed
2026-09-15T20:42:32.201 WARN kycontroller::kymux_controller::server - Kynet accept failed: connection error: Endpoint closed
2026-09-15T20:42:32.201 WARN kycontroller::kymux_controller::server - Kynet accept failed: connection error: Endpoint closed
2026-09-15T20:42:32.201 WARN kycontroller::kymux_controller::server - Kynet accept failed: connection error: Endpoint closed
2026-09-15T20:42:32.201 WARN kycontroller::kymux_controller::server - Kynet accept failed: connection error: Endpoint closed
2026-09-15T20:42:32.201 WARN kycontroller::kymux_controller::server - Kynet accept failed: connection error: Endpoint closed
2026-09-15T20:42:32.201 WARN kycontroller::kymux_controller::server - Kynet accept failed: connection error: Endpoint closed
2026-09-15T20:42:32.201 WARN kycontroller::kymux_controller::server - Kynet accept failed: connection error: Endpoint closed
2026-09-15T20:42:32.201 WARN kycontroller::kymux_controller::server - Kynet accept failed: connection error: Endpoint closed
2026-09-15T20:42:32.201 WARN kycontroller::kymux_controller::server - Kynet accept failed: connection error: Endpoint closed
2026-09-15T20:42:32.201 WARN kycontroller::kymux_controller::server - Kynet accept failed: connection error: Endpoint closed
2026-09-15T20:42:32.201 WARN kycontroller::kymux_controller::server - Kynet accept failed: connection error: Endpoint closed
2026-09-15T20:42:32.201 WARN kycontroller::kymux_controller::server - Kynet accept failed: connection error: Endpoint closed
2026-09-15T20:42:32.201 WARN kycontroller::kymux_controller::server - Kynet accept failed: connection error: Endpoint closed
2026-09-15T20:42:32.201 WARN kycontroller::kymux_controller::server - Kynet accept failed: connection error: Endpoint closed
2026-09-15T20:42:32.201 WARN kycontroller::kymux_controller::server - Kynet accept failed: connection error: Endpoint closed
2026-09-15T20:42:32.201 WARN kycontroller::kymux_controller::server - Kynet accept failed: connection error: Endpoint closed
2026-09-15T20:42:32.201 WARN kycontroller::kymux_controller::server - Kynet accept failed: connection error: Endpoint closed
2026-09-15T20:42:32.201 WARN kycontroller::kymux_controller::server - Kynet accept failed: connection error: Endpoint closed
2026-09-15T20:42:32.201 WARN kycontroller::kymux_controller::server - Kynet accept failed: connection error: Endpoint closed
2026-09-15T20:42:32.201 WARN kycontroller::kymux_controller::server - Kynet accept failed: connection error: Endpoint closed
2026-09-15T20:42:32.201 WARN kycontroller::kymux_controller::server - Kynet accept failed: connection error: Endpoint closed
2026-09-15T20:42:32.201 WARN kycontroller::kymux_controller::server - Kynet accept failed: connection error: Endpoint closed
2026-09-15T20:42:32.201 WARN kycontroller::kymux_controller::server - Kynet accept failed: connection error: Endpoint closed
2026-09-15T20:42:32.201 WARN kycontroller::kymux_controller::server - Kynet accept failed: connection error: Endpoint closed
2026-09-15T20:42:32.201 WARN kycontroller::kymux_controller::server - Kynet accept failed: connection error: Endpoint closed
2026-09-15T20:42:32.201 WARN kycontroller::kymux_controller::server - Kynet accept failed: connection error: Endpoint closed
2026-09-15T20:42:32.201 WARN kycontroller::kymux_controller::server - Kynet accept failed: connection error: Endpoint closed
2026-09-15T20:42:32.201 WARN kycontroller::kymux_controller::server - Kynet accept failed: connection error: Endpoint closed
2026-09-15T20:42:32.201 WARN kycontroller::kymux_controller::server - Kynet accept failed: connection error: Endpoint closed
2026-09-15T20:42:32.201 WARN kycontroller::kymux_controller::server - Kynet accept failed: connection error: Endpoint closed
2026-09-15T20:42:32.201 WARN kycontroller::kymux_controller::server - Kynet accept failed: connection error: Endpoint closed
2026-09-15T20:42:32.201 WARN kycontroller::kymux_controller::server - Kynet accept failed: connection error: Endpoint closed
2026-09-15T20:42:32.201 WARN kycontroller::kymux_controller::server - Kynet accept failed: connection error: Endpoint closed
2026-09-15T20:42:32.201 WARN kycontroller::kymux_controller::server - Kynet accept failed: connection error: Endpoint closed
2026-09-15T20:42:32.201 WARN kycontroller::kymux_controller::server - Kynet accept failed: connection error: Endpoint closed
2026-09-15T20:42:32.201 WARN kycontroller::kymux_controller::server - Kynet accept failed: connection error: Endpoint closed
2026-09-15T20:42:32.201 WARN kycontroller::kymux_controller::server - Kynet accept failed: connection error: Endpoint closed
2026-09-15T20:42:32.201 WARN kycontroller::kymux_controller::server - Kynet accept failed: connection error: Endpoint closed
2026-09-15T20:42:32.201 WARN kycontroller::kymux_controller::server - Kynet accept failed: connection error: Endpoint closed
2026-09-15T20:42:32.201 WARN kycontroller::kymux_controller::server - Kynet accept failed: connection error: Endpoint closed
2026-09-15T20:42:32.201 WARN kycontroller::kymux_controller::server - Kynet accept failed: connection error: Endpoint closed
2026-09-15T20:42:32.201 WARN kycontroller::kymux_controller::server - Kynet accept failed: connection error: Endpoint closed
2026-09-15T20:42:32.201 WARN kycontroller::kymux_controller::server - Kynet accept failed: connection error: Endpoint closed
2026-09-15T20:42:32.201 WARN kycontroller::kymux_controller::server - Kynet accept failed: connection error: Endpoint closed
2026-09-15T20:42:32.201 WARN kycontroller::kymux_controller::server - Kynet accept failed: connection error: Endpoint closed
2026-09-15T20:42:32.201 WARN kycontroller::kymux_controller::server - Kynet accept failed: connection error: Endpoint closed
2026-09-15T20:42:32.201 WARN kycontroller::kymux_controller::server - Kynet accept failed: connection error: Endpoint closed
2026-09-15T20:42:32.201 WARN kycontroller::kymux_controller::server - Kynet accept failed: connection error: Endpoint closed
2026-09-15T20:42:32.201 WARN kycontroller::kymux_controller::server - Kynet accept failed: connection error: Endpoint closed
2026-09-15T20:42:32.201 WARN kycontroller::kymux_controller::server - Kynet accept failed: connection error: Endpoint closed
2026-09-15T20:42:32.201 WARN kycontroller::kymux_controller::server - Kynet accept failed: connection error: Endpoint closed
2026-09-15T20:42:32.201 WARN kycontroller::kymux_controller::server - Kynet accept failed: connection error: Endpoint closed
2026-09-15T20:42:32.201 WARN kycontroller::kymux_controller::server - Kynet accept failed: connection error: Endpoint closed
2026-09-15T20:42:32.201 WARN kycontroller::kymux_controller::server - Kynet accept failed: connection error: Endpoint closed
2026-09-15T20:42:32.201 WARN kycontroller::kymux_controller::server - Kynet accept failed: connection error: Endpoint closed
2026-09-15T20:42:32.201 WARN kycontroller::kymux_controller::server - Kynet accept failed: connection error: Endpoint closed
2026-09-15T20:42:32.201 WARN kycontroller::kymux_controller::server - Kynet accept failed: connection error: Endpoint closed
2026-09-15T20:42:32.201 WARN kycontroller::kymux_controller::server - Kynet accept failed: connection error: Endpoint closed
2026-09-15T20:42:32.201 WARN kycontroller::kymux_controller::server - Kynet accept failed: connection error: Endpoint closed
2026-09-15T20:42:32.201 WARN kycontroller::kymux_controller::server - Kynet accept failed: connection error: Endpoint closed
2026-09-15T20:42:32.201 WARN kycontroller::kymux_controller::server - Kynet accept failed: connection error: Endpoint closed
2026-09-15T20:42:32.201 WARN kycontroller::kymux_controller::server - Kynet accept failed: connection error: Endpoint closed
2026-09-15T20:42:32.201 WARN kycontroller::kymux_controller::server - Kynet accept failed: connection error: Endpoint closed
2026-09-15T20:42:32.201 WARN kycontroller::kymux_controller::server - Kynet accept failed: connection error: Endpoint closed
2026-09-15T20:42:32.201 WARN kycontroller::kymux_controller::server - Kynet accept failed: connection error: Endpoint closed
2026-09-15T20:42:32.201 WARN kycontroller::kymux_controller::server - Kynet accept failed: connection error: Endpoint closed
2026-09-15T20:42:32.201 WARN kycontroller::kymux_controller::server - Kynet accept failed: connection error: Endpoint closed
2026-09-15T20:42:32.201 WARN kycontroller::kymux_controller::server - Kynet accept failed: connection error: Endpoint closed
2026-09-15T20:42:32.201 WARN kycontroller::kymux_controller::server - Kynet accept failed: connection error: Endpoint closed
2026-09-15T20:42:32.201 WARN kycontroller::kymux_controller::server - Kynet accept failed: connection error: Endpoint closed
2026-09-15T20:42:32.201 WARN kycontroller::kymux_controller::server - Kynet accept failed: connection error: Endpoint closed
2026-09-15T20:42:32.201 WARN kycontroller::kymux_controller::server - Kynet accept failed: connection error: Endpoint closed
2026-09-15T20:42:32.201 WARN kycontroller::kymux_controller::server - Kynet accept failed: connection error: Endpoint closed
2026-09-15T20:42:32.201 WARN kycontroller::kymux_controller::server - Kynet accept failed: connection error: Endpoint closed
2026-09-15T20:42:32.201 WARN kycontroller::kymux_controller::server - Kynet accept failed: connection error: Endpoint closed
2026-09-15T20:42:32.201 WARN kycontroller::kymux_controller::server - Kynet accept failed: connection error: Endpoint closed
2026-09-15T20:42:32.201 WARN kycontroller::kymux_controller::server - Kynet accept failed: connection error: Endpoint closed
2026-09-15T20:42:32.201 WARN kycontroller::kymux_controller::server - Kynet accept failed: connection error: Endpoint closed
2026-09-15T20:42:32.201 WARN kycontroller::kymux_controller::server - Kynet accept failed: connection error: Endpoint closed
2026-09-15T20:42:32.201 WARN kycontroller::kymux_controller::server - Kynet accept failed: connection error: Endpoint closed
2026-09-15T20:42:32.201 WARN kycontroller::kymux_controller::server - Kynet accept failed: connection error: Endpoint closed
2026-09-15T20:42:32.201 WARN kycontroller::kymux_controller::server - Kynet accept failed: connection error: Endpoint closed
2026-09-15T20:42:32.201 WARN kycontroller::kymux_controller::server - Kynet accept failed: connection error: Endpoint closed
2026-09-15T20:42:32.201 WARN kycontroller::kymux_controller::server - Kynet accept failed: connection error: Endpoint closed
2026-09-15T20:42:32.201 WARN kycontroller::kymux_controller::server - Kynet accept failed: connection error: Endpoint closed
2026-09-15T20:42:32.201 WARN kycontroller::kymux_controller::server - Kynet accept failed: connection error: Endpoint closed
2026-09-15T20:42:32.201 WARN kycontroller::kymux_controller::server - Kynet accept failed: connection error: Endpoint closed
2026-09-15T20:42:32.201 WARN kycontroller::kymux_controller::server - Kynet accept failed: connection error: Endpoint closed
2026-09-15T20:42:32.201 WARN kycontroller::kymux_controller::server - Kynet accept failed: connection error: Endpoint closed
2026-09-15T20:42:32.201 WARN kycontroller::kymux_controller::server - Kynet accept failed: connection error: Endpoint closed
2026-09-15T20:42:32.201 WARN kycontroller::kymux_controller::server - Kynet accept failed: connection error: Endpoint closed
2026-09-15T20:42:32.201 WARN kycontroller::kymux_controller::server - Kynet accept failed: connection error: Endpoint closed
2026-09-15T20:42:32.201 WARN kycontroller::kymux_controller::server - Kynet accept failed: connection error: Endpoint closed
2026-09-15T20:42:32.201 WARN kycontroller::kymux_controller::server - Kynet accept failed: connection error: Endpoint closed
2026-09-15T20:42:32.201 WARN kycontroller::kymux_controller::server - Kynet accept failed: connection error: Endpoint closed
2026-09-15T20:42:32.201 WARN kycontroller::kymux_controller::server - Kynet accept failed: connection error: Endpoint closed
2026-09-15T20:42:32.201 WARN kycontroller::kymux_controller::server - Kynet accept failed: connection error: Endpoint closed
2026-09-15T20:42:32.201 WARN kycontroller::kymux_controller::server - Kynet accept failed: connection error: Endpoint closed
2026-09-15T20:42:32.201 WARN kycontroller::kymux_controller::server - Kynet accept failed: connection error: Endpoint closed
2026-09-15T20:42:32.201 WARN kycontroller::kymux_controller::server - Kynet accept failed: connection error: Endpoint closed
2026-09-15T20:42:32.201 WARN kycontroller::kymux_controller::server - Kynet accept failed: connection error: Endpoint closed
2026-09-15T20:42:32.201 WARN kycontroller::kymux_controller::server - Kynet accept failed: connection error: Endpoint closed
2026-09-15T20:42:32.201 WARN kycontroller::kymux_controller::server - Kynet accept failed: connection error: Endpoint closed
2026-09-15T20:42:32.201 WARN kycontroller::kymux_controller::server - Kynet accept failed: connection error: Endpoint closed
2026-09-15T20:42:32.201 WARN kycontroller::kymux_controller::server - Kynet accept failed: connection error: Endpoint closed
2026-09-15T20:42:32.201 WARN kycontroller::kymux_controller::server - Kynet accept failed: connection error: Endpoint closed
2026-09-15T20:42:32.201 WARN kycontroller::kymux_controller::server - Kynet accept failed: connection error: Endpoint closed
2026-09-15T20:42:32.201 WARN kycontroller::kymux_controller::server - Kynet accept failed: connection error: Endpoint closed
2026-09-15T20:42:32.201 WARN kycontroller::kymux_controller::server - Kynet accept failed: connection error: Endpoint closed
2026-09-15T20:42:32.201 WARN kycontroller::kymux_controller::server - Kynet accept failed: connection error: Endpoint closed
2026-09-15T20:42:32.202 WARN kycontroller::kymux_controller::server - Kynet accept failed: connection error: Endpoint closed
2026-09-15T20:42:32.202 WARN kycontroller::kymux_controller::server - Kynet accept failed: connection error: Endpoint closed
2026-09-15T20:42:32.202 WARN kycontroller::kymux_controller::server - Kynet accept failed: connection error: Endpoint closed
2026-09-15T20:42:32.202 WARN kycontroller::kymux_controller::server - Kynet accept failed: connection error: Endpoint closed
2026-09-15T20:42:32.202 WARN kycontroller::kymux_controller::server - Kynet accept failed: connection error: Endpoint closed
2026-09-15T20:42:32.202 WARN kycontroller::kymux_controller::server - Kynet accept failed: connection error: Endpoint closed
2026-09-15T20:42:32.202 WARN kycontroller::kymux_controller::server - Kynet accept failed: connection error: Endpoint closed
2026-09-15T20:42:32.202 WARN kycontroller::kymux_controller::server - Kynet accept failed: connection error: Endpoint closed
2026-09-15T20:42:32.202 WARN kycontroller::kymux_controller::server - Kynet accept failed: connection error: Endpoint closed
2026-09-15T20:42:32.202 WARN kycontroller::kymux_controller::server - Kynet accept failed: connection error: Endpoint closed
2026-09-15T20:42:32.202 WARN kycontroller::kymux_controller::server - Kynet accept failed: connection error: Endpoint closed
2026-09-15T20:42:32.202 WARN kycontroller::kymux_controller::server - Kynet accept failed: connection error: Endpoint closed
2026-09-15T20:42:32.202 WARN kycontroller::kymux_controller::server - Kynet accept failed: connection error: Endpoint closed
2026-09-15T20:42:32.202 WARN kycontroller::kymux_controller::server - Kynet accept failed: connection error: Endpoint closed
2026-09-15T20:42:32.202 WARN kycontroller::kymux_controller::server - Kynet accept failed: connection error: Endpoint closed
2026-09-15T20:42:32.202 WARN kycontroller::kymux_controller::server - Kynet accept failed: connection error: Endpoint closed
2026-09-15T20:42:32.202 WARN kycontroller::kymux_controller::server - Kynet accept failed: connection error: Endpoint closed
2026-09-15T20:42:32.202 WARN kycontroller::kymux_controller::server - Kynet accept failed: connection error: Endpoint closed
2026-09-15T20:42:32.202 WARN kycontroller::kymux_controller::server - Kynet accept failed: connection error: Endpoint closed
2026-09-15T20:42:32.202 WARN kycontroller::kymux_controller::server - Kynet accept failed: connection error: Endpoint closed
2026-09-15T20:42:32.202 WARN kycontroller::kymux_controller::server - Kynet accept failed: connection error: Endpoint closed
2026-09-15T20:42:32.202 WARN kycontroller::kymux_controller::server - Kynet accept failed: connection error: Endpoint closed
2026-09-15T20:42:32.202 WARN kycontroller::kymux_controller::server - Kynet accept failed: connection error: Endpoint closed
2026-09-15T20:42:32.202 WARN kycontroller::kymux_controller::server - Kynet accept failed: connection error: Endpoint closed
2026-09-15T20:42:32.202 WARN kycontroller::kymux_controller::server - Kynet accept failed: connection error: Endpoint closed
2026-09-15T20:42:32.202 WARN kycontroller::kymux_controller::server - Kynet accept failed: connection error: Endpoint closed
2026-09-15T20:42:32.202 WARN kycontroller::kymux_controller::server - Kynet accept failed: connection error: Endpoint closed
2026-09-15T20:42:32.202 WARN kycontroller::kymux_controller::server - Kynet accept failed: connection error: Endpoint closed
2026-09-15T20:42:32.202 WARN kycontroller::kymux_controller::server - Kynet accept failed: connection error: Endpoint closed
2026-09-15T20:42:32.202 WARN kycontroller::kymux_controller::server - Kynet accept failed: connection error: Endpoint closed
2026-09-15T20:42:32.202 WARN kycontroller::kymux_controller::server - Kynet accept failed: connection error: Endpoint closed
2026-09-15T20:42:32.202 WARN kycontroller::kymux_controller::server - Kynet accept failed: connection error: Endpoint closed
2026-09-15T20:42:32.202 WARN kycontroller::kymux_controller::server - Kynet accept failed: connection error: Endpoint closed
2026-09-15T20:42:32.202 WARN kycontroller::kymux_controller::server - Kynet accept failed: connection error: Endpoint closed
2026-09-15T20:42:32.202 WARN kycontroller::kymux_controller::server - Kynet accept failed: connection error: Endpoint closed
2026-09-15T20:42:32.202 WARN kycontroller::kymux_controller::server - Kynet accept failed: connection error: Endpoint closed
2026-09-15T20:42:32.202 WARN kycontroller::kymux_controller::server - Kynet accept failed: connection error: Endpoint closed
2026-09-15T20:42:32.202 WARN kycontroller::kymux_controller::server - Kynet accept failed: connection error: Endpoint closed
2026-09-15T20:42:32.202 WARN kycontroller::kymux_controller::server - Kynet accept failed: connection error: Endpoint closed
2026-09-15T20:42:32.202 WARN kycontroller::kymux_controller::server - Kynet accept failed: connection error: Endpoint closed
2026-09-15T20:42:32.202 WARN kycontroller::kymux_controller::server - Kynet accept failed: connection error: Endpoint closed
2026-09-15T20:42:32.202 WARN kycontroller::kymux_controller::server - Kynet accept failed: connection error: Endpoint closed
2026-09-15T20:42:32.202 WARN kycontroller::kymux_controller::server - Kynet accept failed: connection error: Endpoint closed
2026-09-15T20:42:32.202 WARN kycontroller::kymux_controller::server - Kynet accept failed: connection error: Endpoint closed
2026-09-15T20:42:32.202 WARN kycontroller::kymux_controller::server - Kynet accept failed: connection error: Endpoint closed
2026-09-15T20:42:32.202 WARN kycontroller::kymux_controller::server - Kynet accept failed: connection error: Endpoint closed
2026-09-15T20:42:32.202 WARN kycontroller::kymux_controller::server - Kynet accept failed: connection error: Endpoint closed
2026-09-15T20:42:32.202 WARN kycontroller::kymux_controller::server - Kynet accept failed: connection error: Endpoint closed
2026-09-15T20:42:32.202 WARN kycontroller::kymux_controller::server - Kynet accept failed: connection error: Endpoint closed
2026-09-15T20:42:32.202 WARN kycontroller::kymux_controller::server - Kynet accept failed: connection error: Endpoint closed
2026-09-15T20:42:32.202 WARN kycontroller::kymux_controller::server - Kynet accept failed: connection error: Endpoint closed
2026-09-15T20:42:32.202 WARN kycontroller::kymux_controller::server - Kynet accept failed: connection error: Endpoint closed
2026-09-15T20:42:32.202 WARN kycontroller::kymux_controller::server - Kynet accept failed: connection error: Endpoint closed
2026-09-15T20:42:32.202 WARN kycontroller::kymux_controller::server - Kynet accept failed: connection error: Endpoint closed
2026-09-15T20:42:32.202 WARN kycontroller::kymux_controller::server - Kynet accept failed: connection error: Endpoint closed
2026-09-15T20:42:32.202 WARN kycontroller::kymux_controller::server - Kynet accept failed: connection error: Endpoint closed
2026-09-15T20:42:32.202 WARN kycontroller::kymux_controller::server - Kynet accept failed: connection error: Endpoint closed
2026-09-15T20:42:32.202 WARN kycontroller::kymux_controller::server - Kynet accept failed: connection error: Endpoint closed
2026-09-15T20:42:32.202 WARN kycontroller::kymux_controller::server - Kynet accept failed: connection error: Endpoint closed
2026-09-15T20:42:32.202 WARN kycontroller::kymux_controller::server - Kynet accept failed: connection error: Endpoint closed
2026-09-15T20:42:32.202 WARN kycontroller::kymux_controller::server - Kynet accept failed: connection error: Endpoint closed
2026-09-15T20:42:32.202 WARN kycontroller::kymux_controller::server - Kynet accept failed: connection error: Endpoint closed
2026-09-15T20:42:32.202 WARN kycontroller::kymux_controller::server - Kynet accept failed: connection error: Endpoint closed
2026-09-15T20:42:32.202 WARN kycontroller::kymux_controller::server - Kynet accept failed: connection error: Endpoint closed
2026-09-15T20:42:32.202 WARN kycontroller::kymux_controller::server - Kynet accept failed: connection error: Endpoint closed
2026-09-15T20:42:32.202 WARN kycontroller::kymux_controller::server - Kynet accept failed: connection error: Endpoint closed
2026-09-15T20:42:32.202 WARN kycontroller::kymux_controller::server - Kynet accept failed: connection error: Endpoint closed
2026-09-15T20:42:32.202 WARN kycontroller::kymux_controller::server - Kynet accept failed: connection error: Endpoint closed
2026-09-15T20:42:32.202 WARN kycontroller::kymux_controller::server - Kynet accept failed: connection error: Endpoint closed
2026-09-15T20:42:32.202 WARN kycontroller::kymux_controller::server - Kynet accept failed: connection error: Endpoint closed
2026-09-15T20:42:32.202 WARN kycontroller::kymux_controller::server - Kynet accept failed: connection error: Endpoint closed
2026-09-15T20:42:32.202 WARN kycontroller::kymux_controller::server - Kynet accept failed: connection error: Endpoint closed
2026-09-15T20:42:32.202 WARN kycontroller::kymux_controller::server - Kynet accept failed: connection error: Endpoint closed
2026-09-15T20:42:32.202 WARN kycontroller::kymux_controller::server - Kynet accept failed: connection error: Endpoint closed
2026-09-15T20:42:32.202 WARN kycontroller::kymux_controller::server - Kynet accept failed: connection error: Endpoint closed
2026-09-15T20:42:32.202 WARN kycontroller::kymux_controller::server - Kynet accept failed: connection error: Endpoint closed
2026-09-15T20:42:32.202 WARN kycontroller::kymux_controller::server - Kynet accept failed: connection error: Endpoint closed
2026-09-15T20:42:32.202 WARN kycontroller::kymux_controller::server - Kynet accept failed: connection error: Endpoint closed
2026-09-15T20:42:32.202 WARN kycontroller::kymux_controller::server - Kynet accept failed: connection error: Endpoint closed
2026-09-15T20:42:32.202 WARN kycontroller::kymux_controller::server - Kynet accept failed: connection error: Endpoint closed
2026-09-15T20:42:32.202 WARN kycontroller::kymux_controller::server - Kynet accept failed: connection error: Endpoint closed
2026-09-15T20:42:32.202 WARN kycontroller::kymux_controller::server - Kynet accept failed: connection error: Endpoint closed
2026-09-15T20:42:32.202 WARN kycontroller::kymux_controller::server - Kynet accept failed: connection error: Endpoint closed
2026-09-15T20:42:32.202 WARN kycontroller::kymux_controller::server - Kynet accept failed: connection error: Endpoint closed
2026-09-15T20:42:32.202 WARN kycontroller::kymux_controller::server - Kynet accept failed: connection error: Endpoint closed
2026-09-15T20:42:32.202 WARN kycontroller::kymux_controller::server - Kynet accept failed: connection error: Endpoint closed
2026-09-15T20:42:32.202 WARN kycontroller::kymux_controller::server - Kynet accept failed: connection error: Endpoint closed
2026-09-15T20:42:32.202 WARN kycontroller::kymux_controller::server - Kynet accept failed: connection error: Endpoint closed
2026-09-15T20:42:32.202 WARN kycontroller::kymux_controller::server - Kynet accept failed: connection error: Endpoint closed
2026-09-15T20:42:32.202 WARN kycontroller::kymux_controller::server - Kynet accept failed: connection error: Endpoint closed
2026-09-15T20:42:32.202 WARN kycontroller::kymux_controller::server - Kynet accept failed: connection error: Endpoint closed
2026-09-15T20:42:32.202 WARN kycontroller::kymux_controller::server - Kynet accept failed: connection error: Endpoint closed
2026-09-15T20:42:32.202 WARN kycontroller::kymux_controller::server - Kynet accept failed: connection error: Endpoint closed
2026-09-15T20:42:32.202 WARN kycontroller::kymux_controller::server - Kynet accept failed: connection error: Endpoint closed
2026-09-15T20:42:32.202 WARN kycontroller::kymux_controller::server - Kynet accept failed: connection error: Endpoint closed
2026-09-15T20:42:32.202 WARN kycontroller::kymux_controller::server - Kynet accept failed: connection error: Endpoint closed
2026-09-15T20:42:32.202 WARN kycontroller::kymux_controller::server - Kynet accept failed: connection error: Endpoint closed
2026-09-15T20:42:32.202 WARN kycontroller::kymux_controller::server - Kynet accept failed: connection error: Endpoint closed
2026-09-15T20:42:32.202 WARN kycontroller::kymux_controller::server - Kynet accept failed: connection error: Endpoint closed
2026-09-15T20:42:32.202 WARN kycontroller::kymux_controller::server - Kynet accept failed: connection error: Endpoint closed
2026-09-15T20:42:32.202 WARN kycontroller::kymux_controller::server - Kynet accept failed: connection error: Endpoint closed
2026-09-15T20:42:32.202 WARN kycontroller::kymux_controller::server - Kynet accept failed: connection error: Endpoint closed
2026-09-15T20:42:32.202 WARN kycontroller::kymux_controller::server - Kynet accept failed: connection error: Endpoint closed
2026-09-15T20:42:32.202 WARN kycontroller::kymux_controller::server - Kynet accept failed: connection error: Endpoint closed
2026-09-15T20:42:32.202 WARN kycontroller::kymux_controller::server - Kynet accept failed: connection error: Endpoint closed
2026-09-15T20:42:32.202 WARN kycontroller::kymux_controller::server - Kynet accept failed: connection error: Endpoint closed
2026-09-15T20:42:32.202 WARN kycontroller::kymux_controller::server - Kynet accept failed: connection error: Endpoint closed
2026-09-15T20:42:32.202 WARN kycontroller::kymux_controller::server - Kynet accept failed: connection error: Endpoint closed
2026-09-15T20:42:32.202 WARN kycontroller::kymux_controller::server - Kynet accept failed: connection error: Endpoint closed
2026-09-15T20:42:32.202 WARN kycontroller::kymux_controller::server - Kynet accept failed: connection error: Endpoint closed
2026-09-15T20:42:32.202 WARN kycontroller::kymux_controller::server - Kynet accept failed: connection error: Endpoint closed
2026-09-15T20:42:32.202 WARN kycontroller::kymux_controller::server - Kynet accept failed: connection error: Endpoint closed
2026-09-15T20:42:32.202 WARN kycontroller::kymux_controller::server - Kynet accept failed: connection error: Endpoint closed
2026-09-15T20:42:32.202 WARN kycontroller::kymux_controller::server - Kynet accept failed: connection error: Endpoint closed
2026-09-15T20:42:32.203 WARN kycontroller::kymux_controller::server - Kynet accept failed: connection error: Endpoint closed
2026-09-15T20:42:32.203 WARN kycontroller::kymux_controller::server - Kynet accept failed: connection error: Endpoint closed
2026-09-15T20:42:32.203 WARN kycontroller::kymux_controller::server - Kynet accept failed: connection error: Endpoint closed
2026-09-15T20:42:32.203 WARN kycontroller::kymux_controller::server - Kynet accept failed: connection error: Endpoint closed
2026-09-15T20:42:32.203 WARN kycontroller::kymux_controller::server - Kynet accept failed: connection error: Endpoint closed
2026-09-15T20:42:32.203 WARN kycontroller::kymux_controller::server - Kynet accept failed: connection error: Endpoint closed
2026-09-15T20:42:32.203 WARN kycontroller::kymux_controller::server - Kynet accept failed: connection error: Endpoint closed
2026-09-15T20:42:32.203 WARN kycontroller::kymux_controller::server - Kynet accept failed: connection error: Endpoint closed
2026-09-15T20:42:32.203 WARN kycontroller::kymux_controller::server - Kynet accept failed: connection error: Endpoint closed
2026-09-15T20:42:32.203 WARN kycontroller::kymux_controller::server - Kynet accept failed: connection error: Endpoint closed
2026-09-15T20:42:32.203 WARN kycontroller::kymux_controller::server - Kynet accept failed: connection error: Endpoint closed
2026-09-15T20:42:32.203 WARN kycontroller::kymux_controller::server - Kynet accept failed: connection error: Endpoint closed
2026-09-15T20:42:32.203 WARN kycontroller::kymux_controller::server - Kynet accept failed: connection error: Endpoint closed
2026-09-15T20:42:32.203 WARN kycontroller::kymux_controller::server - Kynet accept failed: connection error: Endpoint closed
2026-09-15T20:42:32.203 WARN kycontroller::kymux_controller::server - Kynet accept failed: connection error: Endpoint closed
2026-09-15T20:42:32.203 WARN kycontroller::kymux_controller::server - Kynet accept failed: connection error: Endpoint closed
2026-09-15T20:42:32.203 WARN kycontroller::kymux_controller::server - Kynet accept failed: connection error: Endpoint closed
2026-09-15T20:42:32.203 WARN kycontroller::kymux_controller::server - Kynet accept failed: connection error: Endpoint closed
2026-09-15T20:42:32.203 WARN kycontroller::kymux_controller::server - Kynet accept failed: connection error: Endpoint closed
2026-09-15T20:42:32.203 WARN kycontroller::kymux_controller::server - Kynet accept failed: connection error: Endpoint closed
2026-09-15T20:42:32.203 WARN kycontroller::kymux_controller::server - Kynet accept failed: connection error: Endpoint closed
2026-09-15T20:42:32.203 WARN kycontroller::kymux_controller::server - Kynet accept failed: connection error: Endpoint closed
2026-09-15T20:42:32.203 WARN kycontroller::kymux_controller::server - Kynet accept failed: connection error: Endpoint closed
2026-09-15T20:42:32.203 WARN kycontroller::kymux_controller::server - Kynet accept failed: connection error: Endpoint closed
2026-09-15T20:42:32.203 WARN kycontroller::kymux_controller::server - Kynet accept failed: connection error: Endpoint closed
2026-09-15T20:42:32.203 WARN kycontroller::kymux_controller::server - Kynet accept failed: connection error: Endpoint closed
2026-09-15T20:42:32.203 WARN kycontroller::kymux_controller::server - Kynet accept failed: connection error: Endpoint closed
2026-09-15T20:42:32.203 WARN kycontroller::kymux_controller::server - Kynet accept failed: connection error: Endpoint closed
2026-09-15T20:42:32.203 WARN kycontroller::kymux_controller::server - Kynet accept failed: connection error: Endpoint closed
2026-09-15T20:42:32.203 WARN kycontroller::kymux_controller::server - Kynet accept failed: connection error: Endpoint closed
2026-09-15T20:42:32.203 WARN kycontroller::kymux_controller::server - Kynet accept failed: connection error: Endpoint closed
2026-09-15T20:42:32.203 WARN kycontroller::kymux_controller::server - Kynet accept failed: connection error: Endpoint closed
2026-09-15T20:42:32.203 WARN kycontroller::kymux_controller::server - Kynet accept failed: connection error: Endpoint closed
2026-09-15T20:42:32.203 WARN kycontroller::kymux_controller::server - Kynet accept failed: connection error: Endpoint closed
2026-09-15T20:42:32.203 WARN kycontroller::kymux_controller::server - Kynet accept failed: connection error: Endpoint closed
2026-09-15T20:42:32.203 WARN kycontroller::kymux_controller::server - Kynet accept failed: connection error: Endpoint closed
2026-09-15T20:42:32.203 WARN kycontroller::kymux_controller::server - Kynet accept failed: connection error: Endpoint closed
2026-09-15T20:42:32.203 WARN kycontroller::kymux_controller::server - Kynet accept failed: connection error: Endpoint closed
2026-09-15T20:42:32.203 WARN kycontroller::kymux_controller::server - Kynet accept failed: connection error: Endpoint closed
2026-09-15T20:42:32.203 WARN kycontroller::kymux_controller::server - Kynet accept failed: connection error: Endpoint closed
2026-09-15T20:42:32.203 WARN kycontroller::kymux_controller::server - Kynet accept failed: connection error: Endpoint closed
2026-09-15T20:42:32.203 WARN kycontroller::kymux_controller::server - Kynet accept failed: connection error: Endpoint closed
2026-09-15T20:42:32.203 WARN kycontroller::kymux_controller::server - Kynet accept failed: connection error: Endpoint closed
2026-09-15T20:42:32.203 WARN kycontroller::kymux_controller::server - Kynet accept failed: connection error: Endpoint closed
2026-09-15T20:42:32.203 WARN kycontroller::kymux_controller::server - Kynet accept failed: connection error: Endpoint closed
2026-09-15T20:42:32.203 WARN kycontroller::kymux_controller::server - Kynet accept failed: connection error: Endpoint closed
2026-09-15T20:42:32.203 WARN kycontroller::kymux_controller::server - Kynet accept failed: connection error: Endpoint closed
2026-09-15T20:42:32.203 WARN kycontroller::kymux_controller::server - Kynet accept failed: connection error: Endpoint closed
2026-09-15T20:42:32.203 WARN kycontroller::kymux_controller::server - Kynet accept failed: connection error: Endpoint closed
2026-09-15T20:42:32.203 WARN kycontroller::kymux_controller::server - Kynet accept failed: connection error: Endpoint closed
2026-09-15T20:42:32.203 WARN kycontroller::kymux_controller::server - Kynet accept failed: connection error: Endpoint closed
2026-09-15T20:42:32.203 WARN kycontroller::kymux_controller::server - Kynet accept failed: connection error: Endpoint closed
2026-09-15T20:42:32.203 WARN kycontroller::kymux_controller::server - Kynet accept failed: connection error: Endpoint closed
2026-09-15T20:42:32.203 WARN kycontroller::kymux_controller::server - Kynet accept failed: connection error: Endpoint closed
2026-09-15T20:42:32.203 WARN kycontroller::kymux_controller::server - Kynet accept failed: connection error: Endpoint closed
2026-09-15T20:42:32.203 WARN kycontroller::kymux_controller::server - Kynet accept failed: connection error: Endpoint closed
2026-09-15T20:42:32.203 WARN kycontroller::kymux_controller::server - Kynet accept failed: connection error: Endpoint closed
2026-09-15T20:42:32.203 WARN kycontroller::kymux_controller::server - Kynet accept failed: connection error: Endpoint closed
2026-09-15T20:42:32.203 WARN kycontroller::kymux_controller::server - Kynet accept failed: connection error: Endpoint closed
2026-09-15T20:42:32.203 WARN kycontroller::kymux_controller::server - Kynet accept failed: connection error: Endpoint closed
2026-09-15T20:42:32.203 WARN kycontroller::kymux_controller::server - Kynet accept failed: connection error: Endpoint closed
2026-09-15T20:42:32.203 WARN kycontroller::kymux_controller::server - Kynet accept failed: connection error: Endpoint closed
2026-09-15T20:42:32.203 WARN kycontroller::kymux_controller::server - Kynet accept failed: connection error: Endpoint closed
2026-09-15T20:42:32.203 WARN kycontroller::kymux_controller::server - Kynet accept failed: connection error: Endpoint closed
2026-09-15T20:42:32.203 WARN kycontroller::kymux_controller::server - Kynet accept failed: connection error: Endpoint closed
2026-09-15T20:42:32.203 WARN kycontroller::kymux_controller::server - Kynet accept failed: connection error: Endpoint closed
2026-09-15T20:42:32.203 WARN kycontroller::kymux_controller::server - Kynet accept failed: connection error: Endpoint closed
2026-09-15T20:42:32.203 WARN kycontroller::kymux_controller::server - Kynet accept failed: connection error: Endpoint closed
2026-09-15T20:42:32.203 WARN kycontroller::kymux_controller::server - Kynet accept failed: connection error: Endpoint closed
2026-09-15T20:42:32.203 WARN kycontroller::kymux_controller::server - Kynet accept failed: connection error: Endpoint closed
2026-09-15T20:42:32.203 WARN kycontroller::kymux_controller::server - Kynet accept failed: connection error: Endpoint closed
2026-09-15T20:42:32.203 WARN kycontroller::kymux_controller::server - Kynet accept failed: connection error: Endpoint closed
2026-09-15T20:42:32.203 WARN kycontroller::kymux_controller::server - Kynet accept failed: connection error: Endpoint closed
2026-09-15T20:42:32.203 WARN kycontroller::kymux_controller::server - Kynet accept failed: connection error: Endpoint closed
2026-09-15T20:42:32.203 WARN kycontroller::kymux_controller::server - Kynet accept failed: connection error: Endpoint closed
2026-09-15T20:42:32.203 WARN kycontroller::kymux_controller::server - Kynet accept failed: connection error: Endpoint closed
2026-09-15T20:42:32.203 WARN kycontroller::kymux_controller::server - Kynet accept failed: connection error: Endpoint closed
2026-09-15T20:42:32.203 WARN kycontroller::kymux_controller::server - Kynet accept failed: connection error: Endpoint closed
2026-09-15T20:42:32.203 WARN kycontroller::kymux_controller::server - Kynet accept failed: connection error: Endpoint closed
2026-09-15T20:42:32.203 WARN kycontroller::kymux_controller::server - Kynet accept failed: connection error: Endpoint closed
2026-09-15T20:42:32.203 WARN kycontroller::kymux_controller::server - Kynet accept failed: connection error: Endpoint closed
2026-09-15T20:42:32.203 WARN kycontroller::kymux_controller::server - Kynet accept failed: connection error: Endpoint closed
2026-09-15T20:42:32.203 WARN kycontroller::kymux_controller::server - Kynet accept failed: connection error: Endpoint closed
2026-09-15T20:42:32.203 WARN kycontroller::kymux_controller::server - Kynet accept failed: connection error: Endpoint closed
2026-09-15T20:42:32.203 WARN kycontroller::kymux_controller::server - Kynet accept failed: connection error: Endpoint closed
2026-09-15T20:42:32.203 WARN kycontroller::kymux_controller::server - Kynet accept failed: connection error: Endpoint closed
2026-09-15T20:42:32.203 WARN kycontroller::kymux_controller::server - Kynet accept failed: connection error: Endpoint closed
2026-09-15T20:42:32.203 WARN kycontroller::kymux_controller::server - Kynet accept failed: connection error: Endpoint closed
2026-09-15T20:42:32.203 WARN kycontroller::kymux_controller::server - Kynet accept failed: connection error: Endpoint closed
2026-09-15T20:42:32.203 WARN kycontroller::kymux_controller::server - Kynet accept failed: connection error: Endpoint closed
2026-09-15T20:42:32.203 WARN kycontroller::kymux_controller::server - Kynet accept failed: connection error: Endpoint closed
2026-09-15T20:42:32.203 WARN kycontroller::kymux_controller::server - Kynet accept failed: connection error: Endpoint closed
2026-09-15T20:42:32.203 WARN kycontroller::kymux_controller::server - Kynet accept failed: connection error: Endpoint closed
2026-09-15T20:42:32.203 WARN kycontroller::kymux_controller::server - Kynet accept failed: connection error: Endpoint closed
2026-09-15T20:42:32.203 WARN kycontroller::kymux_controller::server - Kynet accept failed: connection error: Endpoint closed
2026-09-15T20:42:32.203 WARN kycontroller::kymux_controller::server - Kynet accept failed: connection error: Endpoint closed
2026-09-15T20:42:32.203 WARN kycontroller::kymux_controller::server - Kynet accept failed: connection error: Endpoint closed
2026-09-15T20:42:32.203 WARN kycontroller::kymux_controller::server - Kynet accept failed: connection error: Endpoint closed
2026-09-15T20:42:32.203 WARN kycontroller::kymux_controller::server - Kynet accept failed: connection error: Endpoint closed
2026-09-15T20:42:32.203 WARN kycontroller::kymux_controller::server - Kynet accept failed: connection error: Endpoint closed
2026-09-15T20:42:32.203 WARN kycontroller::kymux_controller::server - Kynet accept failed: connection error: Endpoint closed
2026-09-15T20:42:32.203 WARN kycontroller::kymux_controller::server - Kynet accept failed: connection error: Endpoint closed
2026-09-15T20:42:32.203 WARN kycontroller::kymux_controller::server - Kynet accept failed: connection error: Endpoint closed
2026-09-15T20:42:32.203 WARN kycontroller::kymux_controller::server - Kynet accept failed: connection error: Endpoint closed
2026-09-15T20:42:32.203 WARN kycontroller::kymux_controller::server - Kynet accept failed: connection error: Endpoint closed
2026-09-15T20:42:32.203 WARN kycontroller::kymux_controller::server - Kynet accept failed: connection error: Endpoint closed
2026-09-15T20:42:32.203 WARN kycontroller::kymux_controller::server - Kynet accept failed: connection error: Endpoint closed
2026-09-15T20:42:32.203 WARN kycontroller::kymux_controller::server - Kynet accept failed: connection error: Endpoint closed
2026-09-15T20:42:32.204 WARN kycontroller::kymux_controller::server - Kynet accept failed: connection error: Endpoint closed
2026-09-15T20:42:32.204 WARN kycontroller::kymux_controller::server - Kynet accept failed: connection error: Endpoint closed
2026-09-15T20:42:32.204 WARN kycontroller::kymux_controller::server - Kynet accept failed: connection error: Endpoint closed
2026-09-15T20:42:32.204 WARN kycontroller::kymux_controller::server - Kynet accept failed: connection error: Endpoint closed
2026-09-15T20:42:32.204 WARN kycontroller::kymux_controller::server - Kynet accept failed: connection error: Endpoint closed
2026-09-15T20:42:32.204 WARN kycontroller::kymux_controller::server - Kynet accept failed: connection error: Endpoint closed
2026-09-15T20:42:32.204 WARN kycontroller::kymux_controller::server - Kynet accept failed: connection error: Endpoint closed
2026-09-15T20:42:32.204 WARN kycontroller::kymux_controller::server - Kynet accept failed: connection error: Endpoint closed
2026-09-15T20:42:32.204 WARN kycontroller::kymux_controller::server - Kynet accept failed: connection error: Endpoint closed
2026-09-15T20:42:32.204 WARN kycontroller::kymux_controller::server - Kynet accept failed: connection error: Endpoint closed
2026-09-15T20:42:32.204 WARN kycontroller::kymux_controller::server - Kynet accept failed: connection error: Endpoint closed
2026-09-15T20:42:32.204 WARN kycontroller::kymux_controller::server - Kynet accept failed: connection error: Endpoint closed
2026-09-15T20:42:32.204 WARN kycontroller::kymux_controller::server - Kynet accept failed: connection error: Endpoint closed
2026-09-15T20:42:32.204 WARN kycontroller::kymux_controller::server - Kynet accept failed: connection error: Endpoint closed
2026-09-15T20:42:32.204 WARN kycontroller::kymux_controller::server - Kynet accept failed: connection error: Endpoint closed
2026-09-15T20:42:32.204 WARN kycontroller::kymux_controller::server - Kynet accept failed: connection error: Endpoint closed
2026-09-15T20:42:32.204 WARN kycontroller::kymux_controller::server - Kynet accept failed: connection error: Endpoint closed
2026-09-15T20:42:32.204 WARN kycontroller::kymux_controller::server - Kynet accept failed: connection error: Endpoint closed
2026-09-15T20:42:32.204 WARN kycontroller::kymux_controller::server - Kynet accept failed: connection error: Endpoint closed
2026-09-15T20:42:32.204 WARN kycontroller::kymux_controller::server - Kynet accept failed: connection error: Endpoint closed
2026-09-15T20:42:32.204 WARN kycontroller::kymux_controller::server - Kynet accept failed: connection error: Endpoint closed
2026-09-15T20:42:32.204 WARN kycontroller::kymux_controller::server - Kynet accept failed: connection error: Endpoint closed
2026-09-15T20:42:32.204 WARN kycontroller::kymux_controller::server - Kynet accept failed: connection error: Endpoint closed
2026-09-15T20:42:32.204 WARN kycontroller::kymux_controller::server - Kynet accept failed: connection error: Endpoint closed
2026-09-15T20:42:32.204 WARN kycontroller::kymux_controller::server - Kynet accept failed: connection error: Endpoint closed
2026-09-15T20:42:32.204 WARN kycontroller::kymux_controller::server - Kynet accept failed: connection error: Endpoint closed
2026-09-15T20:42:32.204 WARN kycontroller::kymux_controller::server - Kynet accept failed: connection error: Endpoint closed
2026-09-15T20:42:32.204 WARN kycontroller::kymux_controller::server - Kynet accept failed: connection error: Endpoint closed
2026-09-15T20:42:32.204 WARN kycontroller::kymux_controller::server - Kynet accept failed: connection error: Endpoint closed
2026-09-15T20:42:32.204 WARN kycontroller::kymux_controller::server - Kynet accept failed: connection error: Endpoint closed
2026-09-15T20:42:32.204 WARN kycontroller::kymux_controller::server - Kynet accept failed: connection error: Endpoint closed
2026-09-15T20:42:32.204 WARN kycontroller::kymux_controller::server - Kynet accept failed: connection error: Endpoint closed
2026-09-15T20:42:32.204 WARN kycontroller::kymux_controller::server - Kynet accept failed: connection error: Endpoint closed
2026-09-15T20:42:32.204 WARN kycontroller::kymux_controller::server - Kynet accept failed: connection error: Endpoint closed
2026-09-15T20:42:32.204 WARN kycontroller::kymux_controller::server - Kynet accept failed: connection error: Endpoint closed
2026-09-15T20:42:32.204 WARN kycontroller::kymux_controller::server - Kynet accept failed: connection error: Endpoint closed
2026-09-15T20:42:32.204 WARN kycontroller::kymux_controller::server - Kynet accept failed: connection error: Endpoint closed
2026-09-15T20:42:32.204 WARN kycontroller::kymux_controller::server - Kynet accept failed: connection error: Endpoint closed
2026-09-15T20:42:32.204 WARN kycontroller::kymux_controller::server - Kynet accept failed: connection error: Endpoint closed
2026-09-15T20:42:32.204 WARN kycontroller::kymux_controller::server - Kynet accept failed: connection error: Endpoint closed
2026-09-15T20:42:32.204 WARN kycontroller::kymux_controller::server - Kynet accept failed: connection error: Endpoint closed
2026-09-15T20:42:32.204 WARN kycontroller::kymux_controller::server - Kynet accept failed: connection error: Endpoint closed
2026-09-15T20:42:32.204 WARN kycontroller::kymux_controller::server - Kynet accept failed: connection error: Endpoint closed
2026-09-15T20:42:32.204 WARN kycontroller::kymux_controller::server - Kynet accept failed: connection error: Endpoint closed
2026-09-15T20:42:32.204 WARN kycontroller::kymux_controller::server - Kynet accept failed: connection error: Endpoint closed
2026-09-15T20:42:32.204 WARN kycontroller::kymux_controller::server - Kynet accept failed: connection error: Endpoint closed
2026-09-15T20:42:32.204 WARN kycontroller::kymux_controller::server - Kynet accept failed: connection error: Endpoint closed
2026-09-15T20:42:32.204 WARN kycontroller::kymux_controller::server - Kynet accept failed: connection error: Endpoint closed
2026-09-15T20:42:32.204 WARN kycontroller::kymux_controller::server - Kynet accept failed: connection error: Endpoint closed
2026-09-15T20:42:32.204 WARN kycontroller::kymux_controller::server - Kynet accept failed: connection error: Endpoint closed
2026-09-15T20:42:32.204 WARN kycontroller::kymux_controller::server - Kynet accept failed: connection error: Endpoint closed
2026-09-15T20:42:32.204 WARN kycontroller::kymux_controller::server - Kynet accept failed: connection error: Endpoint closed
2026-09-15T20:42:32.204 WARN kycontroller::kymux_controller::server - Kynet accept failed: connection error: Endpoint closed
2026-09-15T20:42:32.204 WARN kycontroller::kymux_controller::server - Kynet accept failed: connection error: Endpoint closed
2026-09-15T20:42:32.204 WARN kycontroller::kymux_controller::server - Kynet accept failed: connection error: Endpoint closed
2026-09-15T20:42:32.204 WARN kycontroller::kymux_controller::server - Kynet accept failed: connection error: Endpoint closed
2026-09-15T20:42:32.204 WARN kycontroller::kymux_controller::server - Kynet accept failed: connection error: Endpoint closed
2026-09-15T20:42:32.204 WARN kycontroller::kymux_controller::server - Kynet accept failed: connection error: Endpoint closed
2026-09-15T20:42:32.204 WARN kycontroller::kymux_controller::server - Kynet accept failed: connection error: Endpoint closed
2026-09-15T20:42:32.204 WARN kycontroller::kymux_controller::server - Kynet accept failed: connection error: Endpoint closed
2026-09-15T20:42:32.204 WARN kycontroller::kymux_controller::server - Kynet accept failed: connection error: Endpoint closed
2026-09-15T20:42:32.204 WARN kycontroller::kymux_controller::server - Kynet accept failed: connection error: Endpoint closed
2026-09-15T20:42:32.204 WARN kycontroller::kymux_controller::server - Kynet accept failed: connection error: Endpoint closed
2026-09-15T20:42:32.204 WARN kycontroller::kymux_controller::server - Kynet accept failed: connection error: Endpoint closed
2026-09-15T20:42:32.204 WARN kycontroller::kymux_controller::server - Kynet accept failed: connection error: Endpoint closed
2026-09-15T20:42:32.204 WARN kycontroller::kymux_controller::server - Kynet accept failed: connection error: Endpoint closed
2026-09-15T20:42:32.204 WARN kycontroller::kymux_controller::server - Kynet accept failed: connection error: Endpoint closed
2026-09-15T20:42:32.204 WARN kycontroller::kymux_controller::server - Kynet accept failed: connection error: Endpoint closed
2026-09-15T20:42:32.204 WARN kycontroller::kymux_controller::server - Kynet accept failed: connection error: Endpoint closed
2026-09-15T20:42:32.204 WARN kycontroller::kymux_controller::server - Kynet accept failed: connection error: Endpoint closed
2026-09-15T20:42:32.204 WARN kycontroller::kymux_controller::server - Kynet accept failed: connection error: Endpoint closed
2026-09-15T20:42:32.204 WARN kycontroller::kymux_controller::server - Kynet accept failed: connection error: Endpoint closed
2026-09-15T20:42:32.204 WARN kycontroller::kymux_controller::server - Kynet accept failed: connection error: Endpoint closed
2026-09-15T20:42:32.204 WARN kycontroller::kymux_controller::server - Kynet accept failed: connection error: Endpoint closed
2026-09-15T20:42:32.204 WARN kycontroller::kymux_controller::server - Kynet accept failed: connection error: Endpoint closed
2026-09-15T20:42:32.204 WARN kycontroller::kymux_controller::server - Kynet accept failed: connection error: Endpoint closed
2026-09-15T20:42:32.204 WARN kycontroller::kymux_controller::server - Kynet accept failed: connection error: Endpoint closed
2026-09-15T20:42:32.204 WARN kycontroller::kymux_controller::server - Kynet accept failed: connection error: Endpoint closed
2026-09-15T20:42:32.204 WARN kycontroller::kymux_controller::server - Kynet accept failed: connection error: Endpoint closed
2026-09-15T20:42:32.204 WARN kycontroller::kymux_controller::server - Kynet accept failed: connection error: Endpoint closed
2026-09-15T20:42:32.204 WARN kycontroller::kymux_controller::server - Kynet accept failed: connection error: Endpoint closed
2026-09-15T20:42:32.204 WARN kycontroller::kymux_controller::server - Kynet accept failed: connection error: Endpoint closed
2026-09-15T20:42:32.204 WARN kycontroller::kymux_controller::server - Kynet accept failed: connection error: Endpoint closed
2026-09-15T20:42:32.204 WARN kycontroller::kymux_controller::server - Kynet accept failed: connection error: Endpoint closed
2026-09-15T20:42:32.204 WARN kycontroller::kymux_controller::server - Kynet accept failed: connection error: Endpoint closed
2026-09-15T20:42:32.204 WARN kycontroller::kymux_controller::server - Kynet accept failed: connection error: Endpoint closed
2026-09-15T20:42:32.204 WARN kycontroller::kymux_controller::server - Kynet accept failed: connection error: Endpoint closed
2026-09-15T20:42:32.204 WARN kycontroller::kymux_controller::server - Kynet accept failed: connection error: Endpoint closed
2026-09-15T20:42:32.204 WARN kycontroller::kymux_controller::server - Kynet accept failed: connection error: Endpoint closed
2026-09-15T20:42:32.204 WARN kycontroller::kymux_controller::server - Kynet accept failed: connection error: Endpoint closed
2026-09-15T20:42:32.204 WARN kycontroller::kymux_controller::server - Kynet accept failed: connection error: Endpoint closed
2026-09-15T20:42:32.204 WARN kycontroller::kymux_controller::server - Kynet accept failed: connection error: Endpoint closed
2026-09-15T20:42:32.204 WARN kycontroller::kymux_controller::server - Kynet accept failed: connection error: Endpoint closed
2026-09-15T20:42:32.204 WARN kycontroller::kymux_controller::server - Kynet accept failed: connection error: Endpoint closed
2026-09-15T20:42:32.204 WARN kycontroller::kymux_controller::server - Kynet accept failed: connection error: Endpoint closed
2026-09-15T20:42:32.204 WARN kycontroller::kymux_controller::server - Kynet accept failed: connection error: Endpoint closed
2026-09-15T20:42:32.204 WARN kycontroller::kymux_controller::server - Kynet accept failed: connection error: Endpoint closed
2026-09-15T20:42:32.204 WARN kycontroller::kymux_controller::server - Kynet accept failed: connection error: Endpoint closed
2026-09-15T20:42:32.204 WARN kycontroller::kymux_controller::server - Kynet accept failed: connection error: Endpoint closed
2026-09-15T20:42:32.204 WARN kycontroller::kymux_controller::server - Kynet accept failed: connection error: Endpoint closed
2026-09-15T20:42:32.204 WARN kycontroller::kymux_controller::server - Kynet accept failed: connection error: Endpoint closed
2026-09-15T20:42:32.204 WARN kycontroller::kymux_controller::server - Kynet accept failed: connection error: Endpoint closed
2026-09-15T20:42:32.204 WARN kycontroller::kymux_controller::server - Kynet accept failed: connection error: Endpoint closed
2026-09-15T20:42:32.204 WARN kycontroller::kymux_controller::server - Kynet accept failed: connection error: Endpoint closed
2026-09-15T20:42:32.204 WARN kycontroller::kymux_controller::server - Kynet accept failed: connection error: Endpoint closed
2026-09-15T20:42:32.204 WARN kycontroller::kymux_controller::server - Kynet accept failed: connection error: Endpoint closed
2026-09-15T20:42:32.204 WARN kycontroller::kymux_controller::server - Kynet accept failed: connection error: Endpoint closed
2026-09-15T20:42:32.204 WARN kycontroller::kymux_controller::server - Kynet accept failed: connection error: Endpoint closed
2026-09-15T20:42:32.204 WARN kycontroller::kymux_controller::server - Kynet accept failed: connection error: Endpoint closed
2026-09-15T20:42:32.204 WARN kycontroller::kymux_controller::server - Kynet accept failed: connection error: Endpoint closed
2026-09-15T20:42:32.204 WARN kycontroller::kymux_controller::server - Kynet accept failed: connection error: Endpoint closed
2026-09-15T20:42:32.204 WARN kycontroller::kymux_controller::server - Kynet accept failed: connection error: Endpoint closed
2026-09-15T20:42:32.204 WARN kycontroller::kymux_controller::server - Kynet accept failed: connection error: Endpoint closed
2026-09-15T20:42:32.204 WARN kycontroller::kymux_controller::server - Kynet accept failed: connection error: Endpoint closed
2026-09-15T20:42:32.204 WARN kycontroller::kymux_controller::server - Kynet accept failed: connection error: Endpoint closed
2026-09-15T20:42:32.204 WARN kycontroller::kymux_controller::server - Kynet accept failed: connection error: Endpoint closed
2026-09-15T20:42:32.205 WARN kycontroller::kymux_controller::server - Kynet accept failed: connection error: Endpoint closed
2026-09-15T20:42:32.205 WARN kycontroller::kymux_controller::server - Kynet accept failed: connection error: Endpoint closed
2026-09-15T20:42:32.205 WARN kycontroller::kymux_controller::server - Kynet accept failed: connection error: Endpoint closed
2026-09-15T20:42:32.205 WARN kycontroller::kymux_controller::server - Kynet accept failed: connection error: Endpoint closed
2026-09-15T20:42:32.205 WARN kycontroller::kymux_controller::server - Kynet accept failed: connection error: Endpoint closed
2026-09-15T20:42:32.205 WARN kycontroller::kymux_controller::server - Kynet accept failed: connection error: Endpoint closed
2026-09-15T20:42:32.205 WARN kycontroller::kymux_controller::server - Kynet accept failed: connection error: Endpoint closed
2026-09-15T20:42:32.205 WARN kycontroller::kymux_controller::server - Kynet accept failed: connection error: Endpoint closed
2026-09-15T20:42:32.205 WARN kycontroller::kymux_controller::server - Kynet accept failed: connection error: Endpoint closed
2026-09-15T20:42:32.205 WARN kycontroller::kymux_controller::server - Kynet accept failed: connection error: Endpoint closed
2026-09-15T20:42:32.205 WARN kycontroller::kymux_controller::server - Kynet accept failed: connection error: Endpoint closed
2026-09-15T20:42:32.205 WARN kycontroller::kymux_controller::server - Kynet accept failed: connection error: Endpoint closed
2026-09-15T20:42:32.205 WARN kycontroller::kymux_controller::server - Kynet accept failed: connection error: Endpoint closed
2026-09-15T20:42:32.205 WARN kycontroller::kymux_controller::server - Kynet accept failed: connection error: Endpoint closed
2026-09-15T20:42:32.205 WARN kycontroller::kymux_controller::server - Kynet accept failed: connection error: Endpoint closed
2026-09-15T20:42:32.205 WARN kycontroller::kymux_controller::server - Kynet accept failed: connection error: Endpoint closed
2026-09-15T20:42:32.205 WARN kycontroller::kymux_controller::server - Kynet accept failed: connection error: Endpoint closed
2026-09-15T20:42:32.205 WARN kycontroller::kymux_controller::server - Kynet accept failed: connection error: Endpoint closed
2026-09-15T20:42:32.205 WARN kycontroller::kymux_controller::server - Kynet accept failed: connection error: Endpoint closed
2026-09-15T20:42:32.205 WARN kycontroller::kymux_controller::server - Kynet accept failed: connection error: Endpoint closed
2026-09-15T20:42:32.205 WARN kycontroller::kymux_controller::server - Kynet accept failed: connection error: Endpoint closed
2026-09-15T20:42:32.205 WARN kycontroller::kymux_controller::server - Kynet accept failed: connection error: Endpoint closed
2026-09-15T20:42:32.205 WARN kycontroller::kymux_controller::server - Kynet accept failed: connection error: Endpoint closed
2026-09-15T20:42:32.205 WARN kycontroller::kymux_controller::server - Kynet accept failed: connection error: Endpoint closed
2026-09-15T20:42:32.205 WARN kycontroller::kymux_controller::server - Kynet accept failed: connection error: Endpoint closed
2026-09-15T20:42:32.205 WARN kycontroller::kymux_controller::server - Kynet accept failed: connection error: Endpoint closed
2026-09-15T20:42:32.205 WARN kycontroller::kymux_controller::server - Kynet accept failed: connection error: Endpoint closed
2026-09-15T20:42:32.205 WARN kycontroller::kymux_controller::server - Kynet accept failed: connection error: Endpoint closed
2026-09-15T20:42:32.205 WARN kycontroller::kymux_controller::server - Kynet accept failed: connection error: Endpoint closed
2026-09-15T20:42:32.205 WARN kycontroller::kymux_controller::server - Kynet accept failed: connection error: Endpoint closed
2026-09-15T20:42:32.205 WARN kycontroller::kymux_controller::server - Kynet accept failed: connection error: Endpoint closed
2026-09-15T20:42:32.205 WARN kycontroller::kymux_controller::server - Kynet accept failed: connection error: Endpoint closed
2026-09-15T20:42:32.205 WARN kycontroller::kymux_controller::server - Kynet accept failed: connection error: Endpoint closed
2026-09-15T20:42:32.205 WARN kycontroller::kymux_controller::server - Kynet accept failed: connection error: Endpoint closed
2026-09-15T20:42:32.205 WARN kycontroller::kymux_controller::server - Kynet accept failed: connection error: Endpoint closed
2026-09-15T20:42:32.205 WARN kycontroller::kymux_controller::server - Kynet accept failed: connection error: Endpoint closed
2026-09-15T20:42:32.205 WARN kycontroller::kymux_controller::server - Kynet accept failed: connection error: Endpoint closed
2026-09-15T20:42:32.205 WARN kycontroller::kymux_controller::server - Kynet accept failed: connection error: Endpoint closed
2026-09-15T20:42:32.205 WARN kycontroller::kymux_controller::server - Kynet accept failed: connection error: Endpoint closed
2026-09-15T20:42:32.205 WARN kycontroller::kymux_controller::server - Kynet accept failed: connection error: Endpoint closed
2026-09-15T20:42:32.205 WARN kycontroller::kymux_controller::server - Kynet accept failed: connection error: Endpoint closed
2026-09-15T20:42:32.205 WARN kycontroller::kymux_controller::server - Kynet accept failed: connection error: Endpoint closed
2026-09-15T20:42:32.205 WARN kycontroller::kymux_controller::server - Kynet accept failed: connection error: Endpoint closed
2026-09-15T20:42:32.205 WARN kycontroller::kymux_controller::server - Kynet accept failed: connection error: Endpoint closed
2026-09-15T20:42:32.205 WARN kycontroller::kymux_controller::server - Kynet accept failed: connection error: Endpoint closed
2026-09-15T20:42:32.205 WARN kycontroller::kymux_controller::server - Kynet accept failed: connection error: Endpoint closed
2026-09-15T20:42:32.205 WARN kycontroller::kymux_controller::server - Kynet accept failed: connection error: Endpoint closed
2026-09-15T20:42:32.205 WARN kycontroller::kymux_controller::server - Kynet accept failed: connection error: Endpoint closed
2026-09-15T20:42:32.205 WARN kycontroller::kymux_controller::server - Kynet accept failed: connection error: Endpoint closed
2026-09-15T20:42:32.205 WARN kycontroller::kymux_controller::server - Kynet accept failed: connection error: Endpoint closed
2026-09-15T20:42:32.205 WARN kycontroller::kymux_controller::server - Kynet accept failed: connection error: Endpoint closed
2026-09-15T20:42:32.205 WARN kycontroller::kymux_controller::server - Kynet accept failed: connection error: Endpoint closed
2026-09-15T20:42:32.205 WARN kycontroller::kymux_controller::server - Kynet accept failed: connection error: Endpoint closed
2026-09-15T20:42:32.205 WARN kycontroller::kymux_controller::server - Kynet accept failed: connection error: Endpoint closed
2026-09-15T20:42:32.205 WARN kycontroller::kymux_controller::server - Kynet accept failed: connection error: Endpoint closed
2026-09-15T20:42:32.205 WARN kycontroller::kymux_controller::server - Kynet accept failed: connection error: Endpoint closed
2026-09-15T20:42:32.205 WARN kycontroller::kymux_controller::server - Kynet accept failed: connection error: Endpoint closed
2026-09-15T20:42:32.205 WARN kycontroller::kymux_controller::server - Kynet accept failed: connection error: Endpoint closed
2026-09-15T20:42:32.205 WARN kycontroller::kymux_controller::server - Kynet accept failed: connection error: Endpoint closed
2026-09-15T20:42:32.205 WARN kycontroller::kymux_controller::server - Kynet accept failed: connection error: Endpoint closed
2026-09-15T20:42:32.205 WARN kycontroller::kymux_controller::server - Kynet accept failed: connection error: Endpoint closed
2026-09-15T20:42:32.205 WARN kycontroller::kymux_controller::server - Kynet accept failed: connection error: Endpoint closed
2026-09-15T20:42:32.205 WARN kycontroller::kymux_controller::server - Kynet accept failed: connection error: Endpoint closed
2026-09-15T20:42:32.205 WARN kycontroller::kymux_controller::server - Kynet accept failed: connection error: Endpoint closed
2026-09-15T20:42:32.205 WARN kycontroller::kymux_controller::server - Kynet accept failed: connection error: Endpoint closed
2026-09-15T20:42:32.205 WARN kycontroller::kymux_controller::server - Kynet accept failed: connection error: Endpoint closed
2026-09-15T20:42:32.205 WARN kycontroller::kymux_controller::server - Kynet accept failed: connection error: Endpoint closed
2026-09-15T20:42:32.205 WARN kycontroller::kymux_controller::server - Kynet accept failed: connection error: Endpoint closed
2026-09-15T20:42:32.205 WARN kycontroller::kymux_controller::server - Kynet accept failed: connection error: Endpoint closed
2026-09-15T20:42:32.205 WARN kycontroller::kymux_controller::server - Kynet accept failed: connection error: Endpoint closed
2026-09-15T20:42:32.205 WARN kycontroller::kymux_controller::server - Kynet accept failed: connection error: Endpoint closed
2026-09-15T20:42:32.205 WARN kycontroller::kymux_controller::server - Kynet accept failed: connection error: Endpoint closed
2026-09-15T20:42:32.205 WARN kycontroller::kymux_controller::server - Kynet accept failed: connection error: Endpoint closed
2026-09-15T20:42:32.205 WARN kycontroller::kymux_controller::server - Kynet accept failed: connection error: Endpoint closed
2026-09-15T20:42:32.205 WARN kycontroller::kymux_controller::server - Kynet accept failed: connection error: Endpoint closed
2026-09-15T20:42:32.205 WARN kycontroller::kymux_controller::server - Kynet accept failed: connection error: Endpoint closed
2026-09-15T20:42:32.205 WARN kycontroller::kymux_controller::server - Kynet accept failed: connection error: Endpoint closed
2026-09-15T20:42:32.205 WARN kycontroller::kymux_controller::server - Kynet accept failed: connection error: Endpoint closed
2026-09-15T20:42:32.205 WARN kycontroller::kymux_controller::server - Kynet accept failed: connection error: Endpoint closed
2026-09-15T20:42:32.205 WARN kycontroller::kymux_controller::server - Kynet accept failed: connection error: Endpoint closed
2026-09-15T20:42:32.205 WARN kycontroller::kymux_controller::server - Kynet accept failed: connection error: Endpoint closed
2026-09-15T20:42:32.205 WARN kycontroller::kymux_controller::server - Kynet accept failed: connection error: Endpoint closed
2026-09-15T20:42:32.205 WARN kycontroller::kymux_controller::server - Kynet accept failed: connection error: Endpoint closed
2026-09-15T20:42:32.205 WARN kycontroller::kymux_controller::server - Kynet accept failed: connection error: Endpoint closed
2026-09-15T20:42:32.205 WARN kycontroller::kymux_controller::server - Kynet accept failed: connection error: Endpoint closed
2026-09-15T20:42:32.205 WARN kycontroller::kymux_controller::server - Kynet accept failed: connection error: Endpoint closed
2026-09-15T20:42:32.205 WARN kycontroller::kymux_controller::server - Kynet accept failed: connection error: Endpoint closed
2026-09-15T20:42:32.205 WARN kycontroller::kymux_controller::server - Kynet accept failed: connection error: Endpoint closed
2026-09-15T20:42:32.205 WARN kycontroller::kymux_controller::server - Kynet accept failed: connection error: Endpoint closed
2026-09-15T20:42:32.205 WARN kycontroller::kymux_controller::server - Kynet accept failed: connection error: Endpoint closed
2026-09-15T20:42:32.205 WARN kycontroller::kymux_controller::server - Kynet accept failed: connection error: Endpoint closed
2026-09-15T20:42:32.205 WARN kycontroller::kymux_controller::server - Kynet accept failed: connection error: Endpoint closed
2026-09-15T20:42:32.205 WARN kycontroller::kymux_controller::server - Kynet accept failed: connection error: Endpoint closed
2026-09-15T20:42:32.205 WARN kycontroller::kymux_controller::server - Kynet accept failed: connection error: Endpoint closed
2026-09-15T20:42:32.205 WARN kycontroller::kymux_controller::server - Kynet accept failed: connection error: Endpoint closed
2026-09-15T20:42:32.205 WARN kycontroller::kymux_controller::server - Kynet accept failed: connection error: Endpoint closed
2026-09-15T20:42:32.205 WARN kycontroller::kymux_controller::server - Kynet accept failed: connection error: Endpoint closed
2026-09-15T20:42:32.205 WARN kycontroller::kymux_controller::server - Kynet accept failed: connection error: Endpoint closed
2026-09-15T20:42:32.205 WARN kycontroller::kymux_controller::server - Kynet accept failed: connection error: Endpoint closed
2026-09-15T20:42:32.205 WARN kycontroller::kymux_controller::server - Kynet accept failed: connection error: Endpoint closed
2026-09-15T20:42:32.205 WARN kycontroller::kymux_controller::server - Kynet accept failed: connection error: Endpoint closed
2026-09-15T20:42:32.205 WARN kycontroller::kymux_controller::server - Kynet accept failed: connection error: Endpoint closed
2026-09-15T20:42:32.205 WARN kycontroller::kymux_controller::server - Kynet accept failed: connection error: Endpoint closed
2026-09-15T20:42:32.205 WARN kycontroller::kymux_controller::server - Kynet accept failed: connection error: Endpoint closed
2026-09-15T20:42:32.205 WARN kycontroller::kymux_controller::server - Kynet accept failed: connection error: Endpoint closed
2026-09-15T20:42:32.205 WARN kycontroller::kymux_controller::server - Kynet accept failed: connection error: Endpoint closed
2026-09-15T20:42:32.205 WARN kycontroller::kymux_controller::server - Kynet accept failed: connection error: Endpoint closed
2026-09-15T20:42:32.205 WARN kycontroller::kymux_controller::server - Kynet accept failed: connection error: Endpoint closed
2026-09-15T20:42:32.205 WARN kycontroller::kymux_controller::server - Kynet accept failed: connection error: Endpoint closed
2026-09-15T20:42:32.205 WARN kycontroller::kymux_controller::server - Kynet accept failed: connection error: Endpoint closed
2026-09-15T20:42:32.205 WARN kycontroller::kymux_controller::server - Kynet accept failed: connection error: Endpoint closed
2026-09-15T20:42:32.205 WARN kycontroller::kymux_controller::server - Kynet accept failed: connection error: Endpoint closed
2026-09-15T20:42:32.205 WARN kycontroller::kymux_controller::server - Kynet accept failed: connection error: Endpoint closed
2026-09-15T20:42:32.205 WARN kycontroller::kymux_controller::server - Kynet accept failed: connection error: Endpoint closed
2026-09-15T20:42:32.205 WARN kycontroller::kymux_controller::server - Kynet accept failed: connection error: Endpoint closed
2026-09-15T20:42:32.205 WARN kycontroller::kymux_controller::server - Kynet accept failed: connection error: Endpoint closed
2026-09-15T20:42:32.205 WARN kycontroller::kymux_controller::server - Kynet accept failed: connection error: Endpoint closed
2026-09-15T20:42:32.206 WARN kycontroller::kymux_controller::server - Kynet accept failed: connection error: Endpoint closed
2026-09-15T20:42:32.206 WARN kycontroller::kymux_controller::server - Kynet accept failed: connection error: Endpoint closed
2026-09-15T20:42:32.206 WARN kycontroller::kymux_controller::server - Kynet accept failed: connection error: Endpoint closed
2026-09-15T20:42:32.206 WARN kycontroller::kymux_controller::server - Kynet accept failed: connection error: Endpoint closed
2026-09-15T20:42:32.206 WARN kycontroller::kymux_controller::server - Kynet accept failed: connection error: Endpoint closed
2026-09-15T20:42:32.206 WARN kycontroller::kymux_controller::server - Kynet accept failed: connection error: Endpoint closed
2026-09-15T20:42:32.206 WARN kycontroller::kymux_controller::server - Kynet accept failed: connection error: Endpoint closed
2026-09-15T20:42:32.206 WARN kycontroller::kymux_controller::server - Kynet accept failed: connection error: Endpoint closed
2026-09-15T20:42:32.206 WARN kycontroller::kymux_controller::server - Kynet accept failed: connection error: Endpoint closed
2026-09-15T20:42:32.206 WARN kycontroller::kymux_controller::server - Kynet accept failed: connection error: Endpoint closed
2026-09-15T20:42:32.206 WARN kycontroller::kymux_controller::server - Kynet accept failed: connection error: Endpoint closed
2026-09-15T20:42:32.206 WARN kycontroller::kymux_controller::server - Kynet accept failed: connection error: Endpoint closed
2026-09-15T20:42:32.206 WARN kycontroller::kymux_controller::server - Kynet accept failed: connection error: Endpoint closed
2026-09-15T20:42:32.206 WARN kycontroller::kymux_controller::server - Kynet accept failed: connection error: Endpoint closed
2026-09-15T20:42:32.206 WARN kycontroller::kymux_controller::server - Kynet accept failed: connection error: Endpoint closed
2026-09-15T20:42:32.206 WARN kycontroller::kymux_controller::server - Kynet accept failed: connection error: Endpoint closed
2026-09-15T20:42:32.206 WARN kycontroller::kymux_controller::server - Kynet accept failed: connection error: Endpoint closed
2026-09-15T20:42:32.206 WARN kycontroller::kymux_controller::server - Kynet accept failed: connection error: Endpoint closed
2026-09-15T20:42:32.206 WARN kycontroller::kymux_controller::server - Kynet accept failed: connection error: Endpoint closed
2026-09-15T20:42:32.206 WARN kycontroller::kymux_controller::server - Kynet accept failed: connection error: Endpoint closed
2026-09-15T20:42:32.206 WARN kycontroller::kymux_controller::server - Kynet accept failed: connection error: Endpoint closed
2026-09-15T20:42:32.206 WARN kycontroller::kymux_controller::server - Kynet accept failed: connection error: Endpoint closed
2026-09-15T20:42:32.206 WARN kycontroller::kymux_controller::server - Kynet accept failed: connection error: Endpoint closed
2026-09-15T20:42:32.206 WARN kycontroller::kymux_controller::server - Kynet accept failed: connection error: Endpoint closed
2026-09-15T20:42:32.206 WARN kycontroller::kymux_controller::server - Kynet accept failed: connection error: Endpoint closed
2026-09-15T20:42:32.206 WARN kycontroller::kymux_controller::server - Kynet accept failed: connection error: Endpoint closed
2026-09-15T20:42:32.206 WARN kycontroller::kymux_controller::server - Kynet accept failed: connection error: Endpoint closed
2026-09-15T20:42:32.206 WARN kycontroller::kymux_controller::server - Kynet accept failed: connection error: Endpoint closed
2026-09-15T20:42:32.206 WARN kycontroller::kymux_controller::server - Kynet accept failed: connection error: Endpoint closed
2026-09-15T20:42:32.206 WARN kycontroller::kymux_controller::server - Kynet accept failed: connection error: Endpoint closed
2026-09-15T20:42:32.206 WARN kycontroller::kymux_controller::server - Kynet accept failed: connection error: Endpoint closed
2026-09-15T20:42:32.206 WARN kycontroller::kymux_controller::server - Kynet accept failed: connection error: Endpoint closed
2026-09-15T20:42:32.206 WARN kycontroller::kymux_controller::server - Kynet accept failed: connection error: Endpoint closed
2026-09-15T20:42:32.206 WARN kycontroller::kymux_controller::server - Kynet accept failed: connection error: Endpoint closed
2026-09-15T20:42:32.206 WARN kycontroller::kymux_controller::server - Kynet accept failed: connection error: Endpoint closed
2026-09-15T20:42:32.206 WARN kycontroller::kymux_controller::server - Kynet accept failed: connection error: Endpoint closed
2026-09-15T20:42:32.206 WARN kycontroller::kymux_controller::server - Kynet accept failed: connection error: Endpoint closed
2026-09-15T20:42:32.206 WARN kycontroller::kymux_controller::server - Kynet accept failed: connection error: Endpoint closed
2026-09-15T20:42:32.206 WARN kycontroller::kymux_controller::server - Kynet accept failed: connection error: Endpoint closed
2026-09-15T20:42:32.206 WARN kycontroller::kymux_controller::server - Kynet accept failed: connection error: Endpoint closed
2026-09-15T20:42:32.206 WARN kycontroller::kymux_controller::server - Kynet accept failed: connection error: Endpoint closed
2026-09-15T20:42:32.206 WARN kycontroller::kymux_controller::server - Kynet accept failed: connection error: Endpoint closed
2026-09-15T20:42:32.206 WARN kycontroller::kymux_controller::server - Kynet accept failed: connection error: Endpoint closed
2026-09-15T20:42:32.206 WARN kycontroller::kymux_controller::server - Kynet accept failed: connection error: Endpoint closed
2026-09-15T20:42:32.206 WARN kycontroller::kymux_controller::server - Kynet accept failed: connection error: Endpoint closed
2026-09-15T20:42:32.206 WARN kycontroller::kymux_controller::server - Kynet accept failed: connection error: Endpoint closed
2026-09-15T20:42:32.206 WARN kycontroller::kymux_controller::server - Kynet accept failed: connection error: Endpoint closed
2026-09-15T20:42:32.206 WARN kycontroller::kymux_controller::server - Kynet accept failed: connection error: Endpoint closed
2026-09-15T20:42:32.206 WARN kycontroller::kymux_controller::server - Kynet accept failed: connection error: Endpoint closed
2026-09-15T20:42:32.206 WARN kycontroller::kymux_controller::server - Kynet accept failed: connection error: Endpoint closed
2026-09-15T20:42:32.206 WARN kycontroller::kymux_controller::server - Kynet accept failed: connection error: Endpoint closed
2026-09-15T20:42:32.206 WARN kycontroller::kymux_controller::server - Kynet accept failed: connection error: Endpoint closed
2026-09-15T20:42:32.206 WARN kycontroller::kymux_controller::server - Kynet accept failed: connection error: Endpoint closed
2026-09-15T20:42:32.206 WARN kycontroller::kymux_controller::server - Kynet accept failed: connection error: Endpoint closed
2026-09-15T20:42:32.206 WARN kycontroller::kymux_controller::server - Kynet accept failed: connection error: Endpoint closed
2026-09-15T20:42:32.206 WARN kycontroller::kymux_controller::server - Kynet accept failed: connection error: Endpoint closed
2026-09-15T20:42:32.206 WARN kycontroller::kymux_controller::server - Kynet accept failed: connection error: Endpoint closed
2026-09-15T20:42:32.206 WARN kycontroller::kymux_controller::server - Kynet accept failed: connection error: Endpoint closed
2026-09-15T20:42:32.206 WARN kycontroller::kymux_controller::server - Kynet accept failed: connection error: Endpoint closed
2026-09-15T20:42:32.206 WARN kycontroller::kymux_controller::server - Kynet accept failed: connection error: Endpoint closed
2026-09-15T20:42:32.206 WARN kycontroller::kymux_controller::server - Kynet accept failed: connection error: Endpoint closed
2026-09-15T20:42:32.206 WARN kycontroller::kymux_controller::server - Kynet accept failed: connection error: Endpoint closed
2026-09-15T20:42:32.206 WARN kycontroller::kymux_controller::server - Kynet accept failed: connection error: Endpoint closed
2026-09-15T20:42:32.206 WARN kycontroller::kymux_controller::server - Kynet accept failed: connection error: Endpoint closed
2026-09-15T20:42:32.206 WARN kycontroller::kymux_controller::server - Kynet accept failed: connection error: Endpoint closed
2026-09-15T20:42:32.206 WARN kycontroller::kymux_controller::server - Kynet accept failed: connection error: Endpoint closed
2026-09-15T20:42:32.206 WARN kycontroller::kymux_controller::server - Kynet accept failed: connection error: Endpoint closed
2026-09-15T20:42:32.206 WARN kycontroller::kymux_controller::server - Kynet accept failed: connection error: Endpoint closed
2026-09-15T20:42:32.206 WARN kycontroller::kymux_controller::server - Kynet accept failed: connection error: Endpoint closed
2026-09-15T20:42:32.206 WARN kycontroller::kymux_controller::server - Kynet accept failed: connection error: Endpoint closed
2026-09-15T20:42:32.206 WARN kycontroller::kymux_controller::server - Kynet accept failed: connection error: Endpoint closed
2026-09-15T20:42:32.206 WARN kycontroller::kymux_controller::server - Kynet accept failed: connection error: Endpoint closed
2026-09-15T20:42:32.206 WARN kycontroller::kymux_controller::server - Kynet accept failed: connection error: Endpoint closed
2026-09-15T20:42:32.206 WARN kycontroller::kymux_controller::server - Kynet accept failed: connection error: Endpoint closed
2026-09-15T20:42:32.206 WARN kycontroller::kymux_controller::server - Kynet accept failed: connection error: Endpoint closed
2026-09-15T20:42:32.206 WARN kycontroller::kymux_controller::server - Kynet accept failed: connection error: Endpoint closed
2026-09-15T20:42:32.206 WARN kycontroller::kymux_controller::server - Kynet accept failed: connection error: Endpoint closed
2026-09-15T20:42:32.206 WARN kycontroller::kymux_controller::server - Kynet accept failed: connection error: Endpoint closed
2026-09-15T20:42:32.206 WARN kycontroller::kymux_controller::server - Kynet accept failed: connection error: Endpoint closed
2026-09-15T20:42:32.206 WARN kycontroller::kymux_controller::server - Kynet accept failed: connection error: Endpoint closed
2026-09-15T20:42:32.206 WARN kycontroller::kymux_controller::server - Kynet accept failed: connection error: Endpoint closed
2026-09-15T20:42:32.206 WARN kycontroller::kymux_controller::server - Kynet accept failed: connection error: Endpoint closed
2026-09-15T20:42:32.206 WARN kycontroller::kymux_controller::server - Kynet accept failed: connection error: Endpoint closed
2026-09-15T20:42:32.206 WARN kycontroller::kymux_controller::server - Kynet accept failed: connection error: Endpoint closed
2026-09-15T20:42:32.206 WARN kycontroller::kymux_controller::server - Kynet accept failed: connection error: Endpoint closed
2026-09-15T20:42:32.206 WARN kycontroller::kymux_controller::server - Kynet accept failed: connection error: Endpoint closed
2026-09-15T20:42:32.206 WARN kycontroller::kymux_controller::server - Kynet accept failed: connection error: Endpoint closed
2026-09-15T20:42:32.206 WARN kycontroller::kymux_controller::server - Kynet accept failed: connection error: Endpoint closed
2026-09-15T20:42:32.206 WARN kycontroller::kymux_controller::server - Kynet accept failed: connection error: Endpoint closed
2026-09-15T20:42:32.206 WARN kycontroller::kymux_controller::server - Kynet accept failed: connection error: Endpoint closed
2026-09-15T20:42:32.206 WARN kycontroller::kymux_controller::server - Kynet accept failed: connection error: Endpoint closed
2026-09-15T20:42:32.206 WARN kycontroller::kymux_controller::server - Kynet accept failed: connection error: Endpoint closed
2026-09-15T20:42:32.206 WARN kycontroller::kymux_controller::server - Kynet accept failed: connection error: Endpoint closed
2026-09-15T20:42:32.206 WARN kycontroller::kymux_controller::server - Kynet accept failed: connection error: Endpoint closed
2026-09-15T20:42:32.206 WARN kycontroller::kymux_controller::server - Kynet accept failed: connection error: Endpoint closed
2026-09-15T20:42:32.206 WARN kycontroller::kymux_controller::server - Kynet accept failed: connection error: Endpoint closed
2026-09-15T20:42:32.206 WARN kycontroller::kymux_controller::server - Kynet accept failed: connection error: Endpoint closed
2026-09-15T20:42:32.206 WARN kycontroller::kymux_controller::server - Kynet accept failed: connection error: Endpoint closed
2026-09-15T20:42:32.206 WARN kycontroller::kymux_controller::server - Kynet accept failed: connection error: Endpoint closed
2026-09-15T20:42:32.206 WARN kycontroller::kymux_controller::server - Kynet accept failed: connection error: Endpoint closed
2026-09-15T20:42:32.206 WARN kycontroller::kymux_controller::server - Kynet accept failed: connection error: Endpoint closed
2026-09-15T20:42:32.206 WARN kycontroller::kymux_controller::server - Kynet accept failed: connection error: Endpoint closed
2026-09-15T20:42:32.206 WARN kycontroller::kymux_controller::server - Kynet accept failed: connection error: Endpoint closed
2026-09-15T20:42:32.206 WARN kycontroller::kymux_controller::server - Kynet accept failed: connection error: Endpoint closed
2026-09-15T20:42:32.206 WARN kycontroller::kymux_controller::server - Kynet accept failed: connection error: Endpoint closed
2026-09-15T20:42:32.206 WARN kycontroller::kymux_controller::server - Kynet accept failed: connection error: Endpoint closed
2026-09-15T20:42:32.206 WARN kycontroller::kymux_controller::server - Kynet accept failed: connection error: Endpoint closed
2026-09-15T20:42:32.206 WARN kycontroller::kymux_controller::server - Kynet accept failed: connection error: Endpoint closed
2026-09-15T20:42:32.206 WARN kycontroller::kymux_controller::server - Kynet accept failed: connection error: Endpoint closed
2026-09-15T20:42:32.206 WARN kycontroller::kymux_controller::server - Kynet accept failed: connection error: Endpoint closed
2026-09-15T20:42:32.206 WARN kycontroller::kymux_controller::server - Kynet accept failed: connection error: Endpoint closed
2026-09-15T20:42:32.206 WARN kycontroller::kymux_controller::server - Kynet accept failed: connection error: Endpoint closed
2026-09-15T20:42:32.206 WARN kycontroller::kymux_controller::server - Kynet accept failed: connection error: Endpoint closed
2026-09-15T20:42:32.206 WARN kycontroller::kymux_controller::server - Kynet accept failed: connection error: Endpoint closed
2026-09-15T20:42:32.206 WARN kycontroller::kymux_controller::server - Kynet accept failed: connection error: Endpoint closed
2026-09-15T20:42:32.206 WARN kycontroller::kymux_controller::server - Kynet accept failed: connection error: Endpoint closed
2026-09-15T20:42:32.207 WARN kycontroller::kymux_controller::server - Kynet accept failed: connection error: Endpoint closed
2026-09-15T20:42:32.207 WARN kycontroller::kymux_controller::server - Kynet accept failed: connection error: Endpoint closed
2026-09-15T20:42:32.207 WARN kycontroller::kymux_controller::server - Kynet accept failed: connection error: Endpoint closed
2026-09-15T20:42:32.207 WARN kycontroller::kymux_controller::server - Kynet accept failed: connection error: Endpoint closed
2026-09-15T20:42:32.207 WARN kycontroller::kymux_controller::server - Kynet accept failed: connection error: Endpoint closed
2026-09-15T20:42:32.207 WARN kycontroller::kymux_controller::server - Kynet accept failed: connection error: Endpoint closed
2026-09-15T20:42:32.207 WARN kycontroller::kymux_controller::server - Kynet accept failed: connection error: Endpoint closed
2026-09-15T20:42:32.207 WARN kycontroller::kymux_controller::server - Kynet accept failed: connection error: Endpoint closed
2026-09-15T20:42:32.207 WARN kycontroller::kymux_controller::server - Kynet accept failed: connection error: Endpoint closed
2026-09-15T20:42:32.207 WARN kycontroller::kymux_controller::server - Kynet accept failed: connection error: Endpoint closed
2026-09-15T20:42:32.207 WARN kycontroller::kymux_controller::server - Kynet accept failed: connection error: Endpoint closed
2026-09-15T20:42:32.207 WARN kycontroller::kymux_controller::server - Kynet accept failed: connection error: Endpoint closed
2026-09-15T20:42:32.207 WARN kycontroller::kymux_controller::server - Kynet accept failed: connection error: Endpoint closed
2026-09-15T20:42:32.207 WARN kycontroller::kymux_controller::server - Kynet accept failed: connection error: Endpoint closed
2026-09-15T20:42:32.207 WARN kycontroller::kymux_controller::server - Kynet accept failed: connection error: Endpoint closed
2026-09-15T20:42:32.207 WARN kycontroller::kymux_controller::server - Kynet accept failed: connection error: Endpoint closed
2026-09-15T20:42:32.207 WARN kycontroller::kymux_controller::server - Kynet accept failed: connection error: Endpoint closed
2026-09-15T20:42:32.207 WARN kycontroller::kymux_controller::server - Kynet accept failed: connection error: Endpoint closed
2026-09-15T20:42:32.207 WARN kycontroller::kymux_controller::server - Kynet accept failed: connection error: Endpoint closed
2026-09-15T20:42:32.207 WARN kycontroller::kymux_controller::server - Kynet accept failed: connection error: Endpoint closed
2026-09-15T20:42:32.207 WARN kycontroller::kymux_controller::server - Kynet accept failed: connection error: Endpoint closed
2026-09-15T20:42:32.207 WARN kycontroller::kymux_controller::server - Kynet accept failed: connection error: Endpoint closed
2026-09-15T20:42:32.207 WARN kycontroller::kymux_controller::server - Kynet accept failed: connection error: Endpoint closed
2026-09-15T20:42:32.207 WARN kycontroller::kymux_controller::server - Kynet accept failed: connection error: Endpoint closed
2026-09-15T20:42:32.207 WARN kycontroller::kymux_controller::server - Kynet accept failed: connection error: Endpoint closed
2026-09-15T20:42:32.207 WARN kycontroller::kymux_controller::server - Kynet accept failed: connection error: Endpoint closed
2026-09-15T20:42:32.207 WARN kycontroller::kymux_controller::server - Kynet accept failed: connection error: Endpoint closed
2026-09-15T20:42:32.207 WARN kycontroller::kymux_controller::server - Kynet accept failed: connection error: Endpoint closed
2026-09-15T20:42:32.207 WARN kycontroller::kymux_controller::server - Kynet accept failed: connection error: Endpoint closed
2026-09-15T20:42:32.207 WARN kycontroller::kymux_controller::server - Kynet accept failed: connection error: Endpoint closed
2026-09-15T20:42:32.207 WARN kycontroller::kymux_controller::server - Kynet accept failed: connection error: Endpoint closed
2026-09-15T20:42:32.207 WARN kycontroller::kymux_controller::server - Kynet accept failed: connection error: Endpoint closed
2026-09-15T20:42:32.207 WARN kycontroller::kymux_controller::server - Kynet accept failed: connection error: Endpoint closed
2026-09-15T20:42:32.207 WARN kycontroller::kymux_controller::server - Kynet accept failed: connection error: Endpoint closed
2026-09-15T20:42:32.207 WARN kycontroller::kymux_controller::server - Kynet accept failed: connection error: Endpoint closed
2026-09-15T20:42:32.207 WARN kycontroller::kymux_controller::server - Kynet accept failed: connection error: Endpoint closed
2026-09-15T20:42:32.207 WARN kycontroller::kymux_controller::server - Kynet accept failed: connection error: Endpoint closed
2026-09-15T20:42:32.207 WARN kycontroller::kymux_controller::server - Kynet accept failed: connection error: Endpoint closed
2026-09-15T20:42:32.207 WARN kycontroller::kymux_controller::server - Kynet accept failed: connection error: Endpoint closed
2026-09-15T20:42:32.207 WARN kycontroller::kymux_controller::server - Kynet accept failed: connection error: Endpoint closed
2026-09-15T20:42:32.207 WARN kycontroller::kymux_controller::server - Kynet accept failed: connection error: Endpoint closed
2026-09-15T20:42:32.207 WARN kycontroller::kymux_controller::server - Kynet accept failed: connection error: Endpoint closed
2026-09-15T20:42:32.207 WARN kycontroller::kymux_controller::server - Kynet accept failed: connection error: Endpoint closed
2026-09-15T20:42:32.207 WARN kycontroller::kymux_controller::server - Kynet accept failed: connection error: Endpoint closed
2026-09-15T20:42:32.207 WARN kycontroller::kymux_controller::server - Kynet accept failed: connection error: Endpoint closed
2026-09-15T20:42:32.207 WARN kycontroller::kymux_controller::server - Kynet accept failed: connection error: Endpoint closed
2026-09-15T20:42:32.207 WARN kycontroller::kymux_controller::server - Kynet accept failed: connection error: Endpoint closed
2026-09-15T20:42:32.207 WARN kycontroller::kymux_controller::server - Kynet accept failed: connection error: Endpoint closed
2026-09-15T20:42:32.207 WARN kycontroller::kymux_controller::server - Kynet accept failed: connection error: Endpoint closed
2026-09-15T20:42:32.207 WARN kycontroller::kymux_controller::server - Kynet accept failed: connection error: Endpoint closed
2026-09-15T20:42:32.207 WARN kycontroller::kymux_controller::server - Kynet accept failed: connection error: Endpoint closed
2026-09-15T20:42:32.207 WARN kycontroller::kymux_controller::server - Kynet accept failed: connection error: Endpoint closed
2026-09-15T20:42:32.207 WARN kycontroller::kymux_controller::server - Kynet accept failed: connection error: Endpoint closed
2026-09-15T20:42:32.207 WARN kycontroller::kymux_controller::server - Kynet accept failed: connection error: Endpoint closed
2026-09-15T20:42:32.207 WARN kycontroller::kymux_controller::server - Kynet accept failed: connection error: Endpoint closed
2026-09-15T20:42:32.207 WARN kycontroller::kymux_controller::server - Kynet accept failed: connection error: Endpoint closed
2026-09-15T20:42:32.207 WARN kycontroller::kymux_controller::server - Kynet accept failed: connection error: Endpoint closed
2026-09-15T20:42:32.207 WARN kycontroller::kymux_controller::server - Kynet accept failed: connection error: Endpoint closed
2026-09-15T20:42:32.207 WARN kycontroller::kymux_controller::server - Kynet accept failed: connection error: Endpoint closed
2026-09-15T20:42:32.207 WARN kycontroller::kymux_controller::server - Kynet accept failed: connection error: Endpoint closed
2026-09-15T20:42:32.207 WARN kycontroller::kymux_controller::server - Kynet accept failed: connection error: Endpoint closed
2026-09-15T20:42:32.207 WARN kycontroller::kymux_controller::server - Kynet accept failed: connection error: Endpoint closed
2026-09-15T20:42:32.207 WARN kycontroller::kymux_controller::server - Kynet accept failed: connection error: Endpoint closed
2026-09-15T20:42:32.207 WARN kycontroller::kymux_controller::server - Kynet accept failed: connection error: Endpoint closed
2026-09-15T20:42:32.207 WARN kycontroller::kymux_controller::server - Kynet accept failed: connection error: Endpoint closed
2026-09-15T20:42:32.207 WARN kycontroller::kymux_controller::server - Kynet accept failed: connection error: Endpoint closed
2026-09-15T20:42:32.207 WARN kycontroller::kymux_controller::server - Kynet accept failed: connection error: Endpoint closed
2026-09-15T20:42:32.207 WARN kycontroller::kymux_controller::server - Kynet accept failed: connection error: Endpoint closed
2026-09-15T20:42:32.207 WARN kycontroller::kymux_controller::server - Kynet accept failed: connection error: Endpoint closed
2026-09-15T20:42:32.207 WARN kycontroller::kymux_controller::server - Kynet accept failed: connection error: Endpoint closed
2026-09-15T20:42:32.207 WARN kycontroller::kymux_controller::server - Kynet accept failed: connection error: Endpoint closed
2026-09-15T20:42:32.207 WARN kycontroller::kymux_controller::server - Kynet accept failed: connection error: Endpoint closed
2026-09-15T20:42:32.207 WARN kycontroller::kymux_controller::server - Kynet accept failed: connection error: Endpoint closed
2026-09-15T20:42:32.207 WARN kycontroller::kymux_controller::server - Kynet accept failed: connection error: Endpoint closed
2026-09-15T20:42:32.207 WARN kycontroller::kymux_controller::server - Kynet accept failed: connection error: Endpoint closed
2026-09-15T20:42:32.207 WARN kycontroller::kymux_controller::server - Kynet accept failed: connection error: Endpoint closed
2026-09-15T20:42:32.207 WARN kycontroller::kymux_controller::server - Kynet accept failed: connection error: Endpoint closed
2026-09-15T20:42:32.207 WARN kycontroller::kymux_controller::server - Kynet accept failed: connection error: Endpoint closed
2026-09-15T20:42:32.207 WARN kycontroller::kymux_controller::server - Kynet accept failed: connection error: Endpoint closed
2026-09-15T20:42:32.207 WARN kycontroller::kymux_controller::server - Kynet accept failed: connection error: Endpoint closed
2026-09-15T20:42:32.207 WARN kycontroller::kymux_controller::server - Kynet accept failed: connection error: Endpoint closed
2026-09-15T20:42:32.207 WARN kycontroller::kymux_controller::server - Kynet accept failed: connection error: Endpoint closed
2026-09-15T20:42:32.207 WARN kycontroller::kymux_controller::server - Kynet accept failed: connection error: Endpoint closed
2026-09-15T20:42:32.207 WARN kycontroller::kymux_controller::server - Kynet accept failed: connection error: Endpoint closed
2026-09-15T20:42:32.207 WARN kycontroller::kymux_controller::server - Kynet accept failed: connection error: Endpoint closed
2026-09-15T20:42:32.207 WARN kycontroller::kymux_controller::server - Kynet accept failed: connection error: Endpoint closed
2026-09-15T20:42:32.207 WARN kycontroller::kymux_controller::server - Kynet accept failed: connection error: Endpoint closed
2026-09-15T20:42:32.207 WARN kycontroller::kymux_controller::server - Kynet accept failed: connection error: Endpoint closed
2026-09-15T20:42:32.207 WARN kycontroller::kymux_controller::server - Kynet accept failed: connection error: Endpoint closed
2026-09-15T20:42:32.207 WARN kycontroller::kymux_controller::server - Kynet accept failed: connection error: Endpoint closed
2026-09-15T20:42:32.207 WARN kycontroller::kymux_controller::server - Kynet accept failed: connection error: Endpoint closed
2026-09-15T20:42:32.207 WARN kycontroller::kymux_controller::server - Kynet accept failed: connection error: Endpoint closed
2026-09-15T20:42:32.207 WARN kycontroller::kymux_controller::server - Kynet accept failed: connection error: Endpoint closed
2026-09-15T20:42:32.207 WARN kycontroller::kymux_controller::server - Kynet accept failed: connection error: Endpoint closed
2026-09-15T20:42:32.207 WARN kycontroller::kymux_controller::server - Kynet accept failed: connection error: Endpoint closed
2026-09-15T20:42:32.207 WARN kycontroller::kymux_controller::server - Kynet accept failed: connection error: Endpoint closed
2026-09-15T20:42:32.207 WARN kycontroller::kymux_controller::server - Kynet accept failed: connection error: Endpoint closed
2026-09-15T20:42:32.207 WARN kycontroller::kymux_controller::server - Kynet accept failed: connection error: Endpoint closed
2026-09-15T20:42:32.207 WARN kycontroller::kymux_controller::server - Kynet accept failed: connection error: Endpoint closed
2026-09-15T20:42:32.207 WARN kycontroller::kymux_controller::server - Kynet accept failed: connection error: Endpoint closed
2026-09-15T20:42:32.207 WARN kycontroller::kymux_controller::server - Kynet accept failed: connection error: Endpoint closed
2026-09-15T20:42:32.207 WARN kycontroller::kymux_controller::server - Kynet accept failed: connection error: Endpoint closed
2026-09-15T20:42:32.207 WARN kycontroller::kymux_controller::server - Kynet accept failed: connection error: Endpoint closed
2026-09-15T20:42:32.207 WARN kycontroller::kymux_controller::server - Kynet accept failed: connection error: Endpoint closed
2026-09-15T20:42:32.207 WARN kycontroller::kymux_controller::server - Kynet accept failed: connection error: Endpoint closed
2026-09-15T20:42:32.207 WARN kycontroller::kymux_controller::server - Kynet accept failed: connection error: Endpoint closed
2026-09-15T20:42:32.207 WARN kycontroller::kymux_controller::server - Kynet accept failed: connection error: Endpoint closed
2026-09-15T20:42:32.207 WARN kycontroller::kymux_controller::server - Kynet accept failed: connection error: Endpoint closed
2026-09-15T20:42:32.207 WARN kycontroller::kymux_controller::server - Kynet accept failed: connection error: Endpoint closed
2026-09-15T20:42:32.207 WARN kycontroller::kymux_controller::server - Kynet accept failed: connection error: Endpoint closed
2026-09-15T20:42:32.207 WARN kycontroller::kymux_controller::server - Kynet accept failed: connection error: Endpoint closed
2026-09-15T20:42:32.207 WARN kycontroller::kymux_controller::server - Kynet accept failed: connection error: Endpoint closed
2026-09-15T20:42:32.207 WARN kycontroller::kymux_controller::server - Kynet accept failed: connection error: Endpoint closed
2026-09-15T20:42:32.208 WARN kycontroller::kymux_controller::server - Kynet accept failed: connection error: Endpoint closed
2026-09-15T20:42:32.208 WARN kycontroller::kymux_controller::server - Kynet accept failed: connection error: Endpoint closed
2026-09-15T20:42:32.208 WARN kycontroller::kymux_controller::server - Kynet accept failed: connection error: Endpoint closed
2026-09-15T20:42:32.208 WARN kycontroller::kymux_controller::server - Kynet accept failed: connection error: Endpoint closed
2026-09-15T20:42:32.208 WARN kycontroller::kymux_controller::server - Kynet accept failed: connection error: Endpoint closed
2026-09-15T20:42:32.208 WARN kycontroller::kymux_controller::server - Kynet accept failed: connection error: Endpoint closed
2026-09-15T20:42:32.208 WARN kycontroller::kymux_controller::server - Kynet accept failed: connection error: Endpoint closed
2026-09-15T20:42:32.208 WARN kycontroller::kymux_controller::server - Kynet accept failed: connection error: Endpoint closed
2026-09-15T20:42:32.208 WARN kycontroller::kymux_controller::server - Kynet accept failed: connection error: Endpoint closed
2026-09-15T20:42:32.208 WARN kycontroller::kymux_controller::server - Kynet accept failed: connection error: Endpoint closed
2026-09-15T20:42:32.208 WARN kycontroller::kymux_controller::server - Kynet accept failed: connection error: Endpoint closed
2026-09-15T20:42:32.208 WARN kycontroller::kymux_controller::server - Kynet accept failed: connection error: Endpoint closed
2026-09-15T20:42:32.208 WARN kycontroller::kymux_controller::server - Kynet accept failed: connection error: Endpoint closed
2026-09-15T20:42:32.208 WARN kycontroller::kymux_controller::server - Kynet accept failed: connection error: Endpoint closed
2026-09-15T20:42:32.208 WARN kycontroller::kymux_controller::server - Kynet accept failed: connection error: Endpoint closed
2026-09-15T20:42:32.208 WARN kycontroller::kymux_controller::server - Kynet accept failed: connection error: Endpoint closed
2026-09-15T20:42:32.208 WARN kycontroller::kymux_controller::server - Kynet accept failed: connection error: Endpoint closed
2026-09-15T20:42:32.208 WARN kycontroller::kymux_controller::server - Kynet accept failed: connection error: Endpoint closed
2026-09-15T20:42:32.208 WARN kycontroller::kymux_controller::server - Kynet accept failed: connection error: Endpoint closed
2026-09-15T20:42:32.208 WARN kycontroller::kymux_controller::server - Kynet accept failed: connection error: Endpoint closed
2026-09-15T20:42:32.208 WARN kycontroller::kymux_controller::server - Kynet accept failed: connection error: Endpoint closed
2026-09-15T20:42:32.208 WARN kycontroller::kymux_controller::server - Kynet accept failed: connection error: Endpoint closed
2026-09-15T20:42:32.208 WARN kycontroller::kymux_controller::server - Kynet accept failed: connection error: Endpoint closed
2026-09-15T20:42:32.208 WARN kycontroller::kymux_controller::server - Kynet accept failed: connection error: Endpoint closed
2026-09-15T20:42:32.208 WARN kycontroller::kymux_controller::server - Kynet accept failed: connection error: Endpoint closed
2026-09-15T20:42:32.208 WARN kycontroller::kymux_controller::server - Kynet accept failed: connection error: Endpoint closed
2026-09-15T20:42:32.208 WARN kycontroller::kymux_controller::server - Kynet accept failed: connection error: Endpoint closed
2026-09-15T20:42:32.208 WARN kycontroller::kymux_controller::server - Kynet accept failed: connection error: Endpoint closed
2026-09-15T20:42:32.208 WARN kycontroller::kymux_controller::server - Kynet accept failed: connection error: Endpoint closed
2026-09-15T20:42:32.208 WARN kycontroller::kymux_controller::server - Kynet accept failed: connection error: Endpoint closed
2026-09-15T20:42:32.208 WARN kycontroller::kymux_controller::server - Kynet accept failed: connection error: Endpoint closed
2026-09-15T20:42:32.208 WARN kycontroller::kymux_controller::server - Kynet accept failed: connection error: Endpoint closed
2026-09-15T20:42:32.208 WARN kycontroller::kymux_controller::server - Kynet accept failed: connection error: Endpoint closed
2026-09-15T20:42:32.208 WARN kycontroller::kymux_controller::server - Kynet accept failed: connection error: Endpoint closed
2026-09-15T20:42:32.208 WARN kycontroller::kymux_controller::server - Kynet accept failed: connection error: Endpoint closed
2026-09-15T20:42:32.208 WARN kycontroller::kymux_controller::server - Kynet accept failed: connection error: Endpoint closed
2026-09-15T20:42:32.208 WARN kycontroller::kymux_controller::server - Kynet accept failed: connection error: Endpoint closed
2026-09-15T20:42:32.208 WARN kycontroller::kymux_controller::server - Kynet accept failed: connection error: Endpoint closed
2026-09-15T20:42:32.208 WARN kycontroller::kymux_controller::server - Kynet accept failed: connection error: Endpoint closed
2026-09-15T20:42:32.208 WARN kycontroller::kymux_controller::server - Kynet accept failed: connection error: Endpoint closed
2026-09-15T20:42:32.208 WARN kycontroller::kymux_controller::server - Kynet accept failed: connection error: Endpoint closed
2026-09-15T20:42:32.208 WARN kycontroller::kymux_controller::server - Kynet accept failed: connection error: Endpoint closed
2026-09-15T20:42:32.208 WARN kycontroller::kymux_controller::server - Kynet accept failed: connection error: Endpoint closed
2026-09-15T20:42:32.208 WARN kycontroller::kymux_controller::server - Kynet accept failed: connection error: Endpoint closed
2026-09-15T20:42:32.208 WARN kycontroller::kymux_controller::server - Kynet accept failed: connection error: Endpoint closed
2026-09-15T20:42:32.208 WARN kycontroller::kymux_controller::server - Kynet accept failed: connection error: Endpoint closed
2026-09-15T20:42:32.208 WARN kycontroller::kymux_controller::server - Kynet accept failed: connection error: Endpoint closed
2026-09-15T20:42:32.208 WARN kycontroller::kymux_controller::server - Kynet accept failed: connection error: Endpoint closed
2026-09-15T20:42:32.208 WARN kycontroller::kymux_controller::server - Kynet accept failed: connection error: Endpoint closed
2026-09-15T20:42:32.208 WARN kycontroller::kymux_controller::server - Kynet accept failed: connection error: Endpoint closed
2026-09-15T20:42:32.208 WARN kycontroller::kymux_controller::server - Kynet accept failed: connection error: Endpoint closed
2026-09-15T20:42:32.208 WARN kycontroller::kymux_controller::server - Kynet accept failed: connection error: Endpoint closed
2026-09-15T20:42:32.208 WARN kycontroller::kymux_controller::server - Kynet accept failed: connection error: Endpoint closed
2026-09-15T20:42:32.208 WARN kycontroller::kymux_controller::server - Kynet accept failed: connection error: Endpoint closed
2026-09-15T20:42:32.208 WARN kycontroller::kymux_controller::server - Kynet accept failed: connection error: Endpoint closed
2026-09-15T20:42:32.208 WARN kycontroller::kymux_controller::server - Kynet accept failed: connection error: Endpoint closed
2026-09-15T20:42:32.208 WARN kycontroller::kymux_controller::server - Kynet accept failed: connection error: Endpoint closed
2026-09-15T20:42:32.208 WARN kycontroller::kymux_controller::server - Kynet accept failed: connection error: Endpoint closed
2026-09-15T20:42:32.208 WARN kycontroller::kymux_controller::server - Kynet accept failed: connection error: Endpoint closed
2026-09-15T20:42:32.208 WARN kycontroller::kymux_controller::server - Kynet accept failed: connection error: Endpoint closed
2026-09-15T20:42:32.208 WARN kycontroller::kymux_controller::server - Kynet accept failed: connection error: Endpoint closed
2026-09-15T20:42:32.208 WARN kycontroller::kymux_controller::server - Kynet accept failed: connection error: Endpoint closed
2026-09-15T20:42:32.208 WARN kycontroller::kymux_controller::server - Kynet accept failed: connection error: Endpoint closed
2026-09-15T20:42:32.208 WARN kycontroller::kymux_controller::server - Kynet accept failed: connection error: Endpoint closed
2026-09-15T20:42:32.208 WARN kycontroller::kymux_controller::server - Kynet accept failed: connection error: Endpoint closed
2026-09-15T20:42:32.208 WARN kycontroller::kymux_controller::server - Kynet accept failed: connection error: Endpoint closed
2026-09-15T20:42:32.208 WARN kycontroller::kymux_controller::server - Kynet accept failed: connection error: Endpoint closed
2026-09-15T20:42:32.208 WARN kycontroller::kymux_controller::server - Kynet accept failed: connection error: Endpoint closed
2026-09-15T20:42:32.208 WARN kycontroller::kymux_controller::server - Kynet accept failed: connection error: Endpoint closed
2026-09-15T20:42:32.208 WARN kycontroller::kymux_controller::server - Kynet accept failed: connection error: Endpoint closed
2026-09-15T20:42:32.208 WARN kycontroller::kymux_controller::server - Kynet accept failed: connection error: Endpoint closed
2026-09-15T20:42:32.208 WARN kycontroller::kymux_controller::server - Kynet accept failed: connection error: Endpoint closed
2026-09-15T20:42:32.208 WARN kycontroller::kymux_controller::server - Kynet accept failed: connection error: Endpoint closed
2026-09-15T20:42:32.208 WARN kycontroller::kymux_controller::server - Kynet accept failed: connection error: Endpoint closed
2026-09-15T20:42:32.208 WARN kycontroller::kymux_controller::server - Kynet accept failed: connection error: Endpoint closed
2026-09-15T20:42:32.208 WARN kycontroller::kymux_controller::server - Kynet accept failed: connection error: Endpoint closed
2026-09-15T20:42:32.208 WARN kycontroller::kymux_controller::server - Kynet accept failed: connection error: Endpoint closed
2026-09-15T20:42:32.208 WARN kycontroller::kymux_controller::server - Kynet accept failed: connection error: Endpoint closed
2026-09-15T20:42:32.208 WARN kycontroller::kymux_controller::server - Kynet accept failed: connection error: Endpoint closed
2026-09-15T20:42:32.208 WARN kycontroller::kymux_controller::server - Kynet accept failed: connection error: Endpoint closed
2026-09-15T20:42:32.208 WARN kycontroller::kymux_controller::server - Kynet accept failed: connection error: Endpoint closed
2026-09-15T20:42:32.208 WARN kycontroller::kymux_controller::server - Kynet accept failed: connection error: Endpoint closed
2026-09-15T20:42:32.208 WARN kycontroller::kymux_controller::server - Kynet accept failed: connection error: Endpoint closed
2026-09-15T20:42:32.208 WARN kycontroller::kymux_controller::server - Kynet accept failed: connection error: Endpoint closed
2026-09-15T20:42:32.208 WARN kycontroller::kymux_controller::server - Kynet accept failed: connection error: Endpoint closed
2026-09-15T20:42:32.208 WARN kycontroller::kymux_controller::server - Kynet accept failed: connection error: Endpoint closed
2026-09-15T20:42:32.208 WARN kycontroller::kymux_controller::server - Kynet accept failed: connection error: Endpoint closed
2026-09-15T20:42:32.208 WARN kycontroller::kymux_controller::server - Kynet accept failed: connection error: Endpoint closed
2026-09-15T20:42:32.208 WARN kycontroller::kymux_controller::server - Kynet accept failed: connection error: Endpoint closed
2026-09-15T20:42:32.208 WARN kycontroller::kymux_controller::server - Kynet accept failed: connection error: Endpoint closed
2026-09-15T20:42:32.208 WARN kycontroller::kymux_controller::server - Kynet accept failed: connection error: Endpoint closed
2026-09-15T20:42:32.208 WARN kycontroller::kymux_controller::server - Kynet accept failed: connection error: Endpoint closed
2026-09-15T20:42:32.208 WARN kycontroller::kymux_controller::server - Kynet accept failed: connection error: Endpoint closed
2026-09-15T20:42:32.208 WARN kycontroller::kymux_controller::server - Kynet accept failed: connection error: Endpoint closed
2026-09-15T20:42:32.208 WARN kycontroller::kymux_controller::server - Kynet accept failed: connection error: Endpoint closed
2026-09-15T20:42:32.208 WARN kycontroller::kymux_controller::server - Kynet accept failed: connection error: Endpoint closed
2026-09-15T20:42:32.208 WARN kycontroller::kymux_controller::server - Kynet accept failed: connection error: Endpoint closed
2026-09-15T20:42:32.208 WARN kycontroller::kymux_controller::server - Kynet accept failed: connection error: Endpoint closed
2026-09-15T20:42:32.208 WARN kycontroller::kymux_controller::server - Kynet accept failed: connection error: Endpoint closed
2026-09-15T20:42:32.208 WARN kycontroller::kymux_controller::server - Kynet accept failed: connection error: Endpoint closed
2026-09-15T20:42:32.208 WARN kycontroller::kymux_controller::server - Kynet accept failed: connection error: Endpoint closed
2026-09-15T20:42:32.208 WARN kycontroller::kymux_controller::server - Kynet accept failed: connection error: Endpoint closed
2026-09-15T20:42:32.208 WARN kycontroller::kymux_controller::server - Kynet accept failed: connection error: Endpoint closed
2026-09-15T20:42:32.208 WARN kycontroller::kymux_controller::server - Kynet accept failed: connection error: Endpoint closed
2026-09-15T20:42:32.208 WARN kycontroller::kymux_controller::server - Kynet accept failed: connection error: Endpoint closed
2026-09-15T20:42:32.208 WARN kycontroller::kymux_controller::server - Kynet accept failed: connection error: Endpoint closed
2026-09-15T20:42:32.208 WARN kycontroller::kymux_controller::server - Kynet accept failed: connection error: Endpoint closed
2026-09-15T20:42:32.208 WARN kycontroller::kymux_controller::server - Kynet accept failed: connection error: Endpoint closed
2026-09-15T20:42:32.208 WARN kycontroller::kymux_controller::server - Kynet accept failed: connection error: Endpoint closed
2026-09-15T20:42:32.208 WARN kycontroller::kymux_controller::server - Kynet accept failed: connection error: Endpoint closed
2026-09-15T20:42:32.208 WARN kycontroller::kymux_controller::server - Kynet accept failed: connection error: Endpoint closed
2026-09-15T20:42:32.209 WARN kycontroller::kymux_controller::server - Kynet accept failed: connection error: Endpoint closed
2026-09-15T20:42:32.209 WARN kycontroller::kymux_controller::server - Kynet accept failed: connection error: Endpoint closed
2026-09-15T20:42:32.209 WARN kycontroller::kymux_controller::server - Kynet accept failed: connection error: Endpoint closed
2026-09-15T20:42:32.209 WARN kycontroller::kymux_controller::server - Kynet accept failed: connection error: Endpoint closed
2026-09-15T20:42:32.209 WARN kycontroller::kymux_controller::server - Kynet accept failed: connection error: Endpoint closed
2026-09-15T20:42:32.209 WARN kycontroller::kymux_controller::server - Kynet accept failed: connection error: Endpoint closed
2026-09-15T20:42:32.209 WARN kycontroller::kymux_controller::server - Kynet accept failed: connection error: Endpoint closed
2026-09-15T20:42:32.209 WARN kycontroller::kymux_controller::server - Kynet accept failed: connection error: Endpoint closed
2026-09-15T20:42:32.209 WARN kycontroller::kymux_controller::server - Kynet accept failed: connection error: Endpoint closed
2026-09-15T20:42:32.209 WARN kycontroller::kymux_controller::server - Kynet accept failed: connection error: Endpoint closed
2026-09-15T20:42:32.209 WARN kycontroller::kymux_controller::server - Kynet accept failed: connection error: Endpoint closed
2026-09-15T20:42:32.209 WARN kycontroller::kymux_controller::server - Kynet accept failed: connection error: Endpoint closed
2026-09-15T20:42:32.209 WARN kycontroller::kymux_controller::server - Kynet accept failed: connection error: Endpoint closed
2026-09-15T20:42:32.209 WARN kycontroller::kymux_controller::server - Kynet accept failed: connection error: Endpoint closed
2026-09-15T20:42:32.209 WARN kycontroller::kymux_controller::server - Kynet accept failed: connection error: Endpoint closed
2026-09-15T20:42:32.209 WARN kycontroller::kymux_controller::server - Kynet accept failed: connection error: Endpoint closed
2026-09-15T20:42:32.209 WARN kycontroller::kymux_controller::server - Kynet accept failed: connection error: Endpoint closed
2026-09-15T20:42:32.209 WARN kycontroller::kymux_controller::server - Kynet accept failed: connection error: Endpoint closed
2026-09-15T20:42:32.209 WARN kycontroller::kymux_controller::server - Kynet accept failed: connection error: Endpoint closed
2026-09-15T20:42:32.209 WARN kycontroller::kymux_controller::server - Kynet accept failed: connection error: Endpoint closed
2026-09-15T20:42:32.209 WARN kycontroller::kymux_controller::server - Kynet accept failed: connection error: Endpoint closed
2026-09-15T20:42:32.209 WARN kycontroller::kymux_controller::server - Kynet accept failed: connection error: Endpoint closed
2026-09-15T20:42:32.209 WARN kycontroller::kymux_controller::server - Kynet accept failed: connection error: Endpoint closed
2026-09-15T20:42:32.209 WARN kycontroller::kymux_controller::server - Kynet accept failed: connection error: Endpoint closed
2026-09-15T20:42:32.209 WARN kycontroller::kymux_controller::server - Kynet accept failed: connection error: Endpoint closed
2026-09-15T20:42:32.209 WARN kycontroller::kymux_controller::server - Kynet accept failed: connection error: Endpoint closed
2026-09-15T20:42:32.209 WARN kycontroller::kymux_controller::server - Kynet accept failed: connection error: Endpoint closed
2026-09-15T20:42:32.209 WARN kycontroller::kymux_controller::server - Kynet accept failed: connection error: Endpoint closed
2026-09-15T20:42:32.209 WARN kycontroller::kymux_controller::server - Kynet accept failed: connection error: Endpoint closed
2026-09-15T20:42:32.209 WARN kycontroller::kymux_controller::server - Kynet accept failed: connection error: Endpoint closed
2026-09-15T20:42:32.209 WARN kycontroller::kymux_controller::server - Kynet accept failed: connection error: Endpoint closed
2026-09-15T20:42:32.209 WARN kycontroller::kymux_controller::server - Kynet accept failed: connection error: Endpoint closed
2026-09-15T20:42:32.209 WARN kycontroller::kymux_controller::server - Kynet accept failed: connection error: Endpoint closed
2026-09-15T20:42:32.209 WARN kycontroller::kymux_controller::server - Kynet accept failed: connection error: Endpoint closed
2026-09-15T20:42:32.209 WARN kycontroller::kymux_controller::server - Kynet accept failed: connection error: Endpoint closed
2026-09-15T20:42:32.209 WARN kycontroller::kymux_controller::server - Kynet accept failed: connection error: Endpoint closed
2026-09-15T20:42:32.209 WARN kycontroller::kymux_controller::server - Kynet accept failed: connection error: Endpoint closed
2026-09-15T20:42:32.209 WARN kycontroller::kymux_controller::server - Kynet accept failed: connection error: Endpoint closed
2026-09-15T20:42:32.209 WARN kycontroller::kymux_controller::server - Kynet accept failed: connection error: Endpoint closed
2026-09-15T20:42:32.209 WARN kycontroller::kymux_controller::server - Kynet accept failed: connection error: Endpoint closed
2026-09-15T20:42:32.209 WARN kycontroller::kymux_controller::server - Kynet accept failed: connection error: Endpoint closed
2026-09-15T20:42:32.209 WARN kycontroller::kymux_controller::server - Kynet accept failed: connection error: Endpoint closed
2026-09-15T20:42:32.209 WARN kycontroller::kymux_controller::server - Kynet accept failed: connection error: Endpoint closed
2026-09-15T20:42:32.209 WARN kycontroller::kymux_controller::server - Kynet accept failed: connection error: Endpoint closed
2026-09-15T20:42:32.209 WARN kycontroller::kymux_controller::server - Kynet accept failed: connection error: Endpoint closed
2026-09-15T20:42:32.209 WARN kycontroller::kymux_controller::server - Kynet accept failed: connection error: Endpoint closed
2026-09-15T20:42:32.209 WARN kycontroller::kymux_controller::server - Kynet accept failed: connection error: Endpoint closed
2026-09-15T20:42:32.209 WARN kycontroller::kymux_controller::server - Kynet accept failed: connection error: Endpoint closed
2026-09-15T20:42:32.209 WARN kycontroller::kymux_controller::server - Kynet accept failed: connection error: Endpoint closed
2026-09-15T20:42:32.209 WARN kycontroller::kymux_controller::server - Kynet accept failed: connection error: Endpoint closed
2026-09-15T20:42:32.209 WARN kycontroller::kymux_controller::server - Kynet accept failed: connection error: Endpoint closed
2026-09-15T20:42:32.209 WARN kycontroller::kymux_controller::server - Kynet accept failed: connection error: Endpoint closed
2026-09-15T20:42:32.209 WARN kycontroller::kymux_controller::server - Kynet accept failed: connection error: Endpoint closed
2026-09-15T20:42:32.209 WARN kycontroller::kymux_controller::server - Kynet accept failed: connection error: Endpoint closed
2026-09-15T20:42:32.209 WARN kycontroller::kymux_controller::server - Kynet accept failed: connection error: Endpoint closed
2026-09-15T20:42:32.209 WARN kycontroller::kymux_controller::server - Kynet accept failed: connection error: Endpoint closed
2026-09-15T20:42:32.209 WARN kycontroller::kymux_controller::server - Kynet accept failed: connection error: Endpoint closed
2026-09-15T20:42:32.209 WARN kycontroller::kymux_controller::server - Kynet accept failed: connection error: Endpoint closed
2026-09-15T20:42:32.209 WARN kycontroller::kymux_controller::server - Kynet accept failed: connection error: Endpoint closed
2026-09-15T20:42:32.209 WARN kycontroller::kymux_controller::server - Kynet accept failed: connection error: Endpoint closed
2026-09-15T20:42:32.209 WARN kycontroller::kymux_controller::server - Kynet accept failed: connection error: Endpoint closed
2026-09-15T20:42:32.209 WARN kycontroller::kymux_controller::server - Kynet accept failed: connection error: Endpoint closed
2026-09-15T20:42:32.209 WARN kycontroller::kymux_controller::server - Kynet accept failed: connection error: Endpoint closed
2026-09-15T20:42:32.209 WARN kycontroller::kymux_controller::server - Kynet accept failed: connection error: Endpoint closed
2026-09-15T20:42:32.209 WARN kycontroller::kymux_controller::server - Kynet accept failed: connection error: Endpoint closed
2026-09-15T20:42:32.209 WARN kycontroller::kymux_controller::server - Kynet accept failed: connection error: Endpoint closed
2026-09-15T20:42:32.209 WARN kycontroller::kymux_controller::server - Kynet accept failed: connection error: Endpoint closed
2026-09-15T20:42:32.209 WARN kycontroller::kymux_controller::server - Kynet accept failed: connection error: Endpoint closed
2026-09-15T20:42:32.209 WARN kycontroller::kymux_controller::server - Kynet accept failed: connection error: Endpoint closed
2026-09-15T20:42:32.209 WARN kycontroller::kymux_controller::server - Kynet accept failed: connection error: Endpoint closed
2026-09-15T20:42:32.209 WARN kycontroller::kymux_controller::server - Kynet accept failed: connection error: Endpoint closed
2026-09-15T20:42:32.209 WARN kycontroller::kymux_controller::server - Kynet accept failed: connection error: Endpoint closed
2026-09-15T20:42:32.209 WARN kycontroller::kymux_controller::server - Kynet accept failed: connection error: Endpoint closed
2026-09-15T20:42:32.209 WARN kycontroller::kymux_controller::server - Kynet accept failed: connection error: Endpoint closed
2026-09-15T20:42:32.209 WARN kycontroller::kymux_controller::server - Kynet accept failed: connection error: Endpoint closed
2026-09-15T20:42:32.209 WARN kycontroller::kymux_controller::server - Kynet accept failed: connection error: Endpoint closed
2026-09-15T20:42:32.209 WARN kycontroller::kymux_controller::server - Kynet accept failed: connection error: Endpoint closed
2026-09-15T20:42:32.209 WARN kycontroller::kymux_controller::server - Kynet accept failed: connection error: Endpoint closed
2026-09-15T20:42:32.209 WARN kycontroller::kymux_controller::server - Kynet accept failed: connection error: Endpoint closed
2026-09-15T20:42:32.209 WARN kycontroller::kymux_controller::server - Kynet accept failed: connection error: Endpoint closed
2026-09-15T20:42:32.209 WARN kycontroller::kymux_controller::server - Kynet accept failed: connection error: Endpoint closed
2026-09-15T20:42:32.209 WARN kycontroller::kymux_controller::server - Kynet accept failed: connection error: Endpoint closed
2026-09-15T20:42:32.209 WARN kycontroller::kymux_controller::server - Kynet accept failed: connection error: Endpoint closed
2026-09-15T20:42:32.209 WARN kycontroller::kymux_controller::server - Kynet accept failed: connection error: Endpoint closed
2026-09-15T20:42:32.209 WARN kycontroller::kymux_controller::server - Kynet accept failed: connection error: Endpoint closed
2026-09-15T20:42:32.209 WARN kycontroller::kymux_controller::server - Kynet accept failed: connection error: Endpoint closed
2026-09-15T20:42:32.209 WARN kycontroller::kymux_controller::server - Kynet accept failed: connection error: Endpoint closed
2026-09-15T20:42:32.209 WARN kycontroller::kymux_controller::server - Kynet accept failed: connection error: Endpoint closed
2026-09-15T20:42:32.209 WARN kycontroller::kymux_controller::server - Kynet accept failed: connection error: Endpoint closed
2026-09-15T20:42:32.209 WARN kycontroller::kymux_controller::server - Kynet accept failed: connection error: Endpoint closed
2026-09-15T20:42:32.209 WARN kycontroller::kymux_controller::server - Kynet accept failed: connection error: Endpoint closed
2026-09-15T20:42:32.209 WARN kycontroller::kymux_controller::server - Kynet accept failed: connection error: Endpoint closed
2026-09-15T20:42:32.209 WARN kycontroller::kymux_controller::server - Kynet accept failed: connection error: Endpoint closed
2026-09-15T20:42:32.209 WARN kycontroller::kymux_controller::server - Kynet accept failed: connection error: Endpoint closed
2026-09-15T20:42:32.209 WARN kycontroller::kymux_controller::server - Kynet accept failed: connection error: Endpoint closed
2026-09-15T20:42:32.209 WARN kycontroller::kymux_controller::server - Kynet accept failed: connection error: Endpoint closed
2026-09-15T20:42:32.209 WARN kycontroller::kymux_controller::server - Kynet accept failed: connection error: Endpoint closed
2026-09-15T20:42:32.209 WARN kycontroller::kymux_controller::server - Kynet accept failed: connection error: Endpoint closed
2026-09-15T20:42:32.209 WARN kycontroller::kymux_controller::server - Kynet accept failed: connection error: Endpoint closed
2026-09-15T20:42:32.209 WARN kycontroller::kymux_controller::server - Kynet accept failed: connection error: Endpoint closed
2026-09-15T20:42:32.209 WARN kycontroller::kymux_controller::server - Kynet accept failed: connection error: Endpoint closed
2026-09-15T20:42:32.209 WARN kycontroller::kymux_controller::server - Kynet accept failed: connection error: Endpoint closed
2026-09-15T20:42:32.209 WARN kycontroller::kymux_controller::server - Kynet accept failed: connection error: Endpoint closed
2026-09-15T20:42:32.209 WARN kycontroller::kymux_controller::server - Kynet accept failed: connection error: Endpoint closed
2026-09-15T20:42:32.209 WARN kycontroller::kymux_controller::server - Kynet accept failed: connection error: Endpoint closed
2026-09-15T20:42:32.209 WARN kycontroller::kymux_controller::server - Kynet accept failed: connection error: Endpoint closed
2026-09-15T20:42:32.209 WARN kycontroller::kymux_controller::server - Kynet accept failed: connection error: Endpoint closed
2026-09-15T20:42:32.209 WARN kycontroller::kymux_controller::server - Kynet accept failed: connection error: Endpoint closed
2026-09-15T20:42:32.209 WARN kycontroller::kymux_controller::server - Kynet accept failed: connection error: Endpoint closed
2026-09-15T20:42:32.209 WARN kycontroller::kymux_controller::server - Kynet accept failed: connection error: Endpoint closed
2026-09-15T20:42:32.209 WARN kycontroller::kymux_controller::server - Kynet accept failed: connection error: Endpoint closed
2026-09-15T20:42:32.209 WARN kycontroller::kymux_controller::server - Kynet accept failed: connection error: Endpoint closed
2026-09-15T20:42:32.209 WARN kycontroller::kymux_controller::server - Kynet accept failed: connection error: Endpoint closed
2026-09-15T20:42:32.209 WARN kycontroller::kymux_controller::server - Kynet accept failed: connection error: Endpoint closed
2026-09-15T20:42:32.209 WARN kycontroller::kymux_controller::server - Kynet accept failed: connection error: Endpoint closed
2026-09-15T20:42:32.209 WARN kycontroller::kymux_controller::server - Kynet accept failed: connection error: Endpoint closed
2026-09-15T20:42:32.209 WARN kycontroller::kymux_controller::server - Kynet accept failed: connection error: Endpoint closed
2026-09-15T20:42:32.209 WARN kycontroller::kymux_controller::server - Kynet accept failed: connection error: Endpoint closed
2026-09-15T20:42:32.209 WARN kycontroller::kymux_controller::server - Kynet accept failed: connection error: Endpoint closed
2026-09-15T20:42:32.210 WARN kycontroller::kymux_controller::server - Kynet accept failed: connection error: Endpoint closed
2026-09-15T20:42:32.210 WARN kycontroller::kymux_controller::server - Kynet accept failed: connection error: Endpoint closed
2026-09-15T20:42:32.210 WARN kycontroller::kymux_controller::server - Kynet accept failed: connection error: Endpoint closed
2026-09-15T20:42:32.210 WARN kycontroller::kymux_controller::server - Kynet accept failed: connection error: Endpoint closed
2026-09-15T20:42:32.210 WARN kycontroller::kymux_controller::server - Kynet accept failed: connection error: Endpoint closed
2026-09-15T20:42:32.210 WARN kycontroller::kymux_controller::server - Kynet accept failed: connection error: Endpoint closed
2026-09-15T20:42:32.210 WARN kycontroller::kymux_controller::server - Kynet accept failed: connection error: Endpoint closed
2026-09-15T20:42:32.210 WARN kycontroller::kymux_controller::server - Kynet accept failed: connection error: Endpoint closed
2026-09-15T20:42:32.210 WARN kycontroller::kymux_controller::server - Kynet accept failed: connection error: Endpoint closed
2026-09-15T20:42:32.210 WARN kycontroller::kymux_controller::server - Kynet accept failed: connection error: Endpoint closed
2026-09-15T20:42:32.210 WARN kycontroller::kymux_controller::server - Kynet accept failed: connection error: Endpoint closed
2026-09-15T20:42:32.210 WARN kycontroller::kymux_controller::server - Kynet accept failed: connection error: Endpoint closed
2026-09-15T20:42:32.210 WARN kycontroller::kymux_controller::server - Kynet accept failed: connection error: Endpoint closed
2026-09-15T20:42:32.210 WARN kycontroller::kymux_controller::server - Kynet accept failed: connection error: Endpoint closed
2026-09-15T20:42:32.210 WARN kycontroller::kymux_controller::server - Kynet accept failed: connection error: Endpoint closed
2026-09-15T20:42:32.210 WARN kycontroller::kymux_controller::server - Kynet accept failed: connection error: Endpoint closed
2026-09-15T20:42:32.210 WARN kycontroller::kymux_controller::server - Kynet accept failed: connection error: Endpoint closed
2026-09-15T20:42:32.210 WARN kycontroller::kymux_controller::server - Kynet accept failed: connection error: Endpoint closed
2026-09-15T20:42:32.210 WARN kycontroller::kymux_controller::server - Kynet accept failed: connection error: Endpoint closed
2026-09-15T20:42:32.210 WARN kycontroller::kymux_controller::server - Kynet accept failed: connection error: Endpoint closed
2026-09-15T20:42:32.210 WARN kycontroller::kymux_controller::server - Kynet accept failed: connection error: Endpoint closed
2026-09-15T20:42:32.210 WARN kycontroller::kymux_controller::server - Kynet accept failed: connection error: Endpoint closed
2026-09-15T20:42:32.210 WARN kycontroller::kymux_controller::server - Kynet accept failed: connection error: Endpoint closed
2026-09-15T20:42:32.210 WARN kycontroller::kymux_controller::server - Kynet accept failed: connection error: Endpoint closed
2026-09-15T20:42:32.210 WARN kycontroller::kymux_controller::server - Kynet accept failed: connection error: Endpoint closed
2026-09-15T20:42:32.210 WARN kycontroller::kymux_controller::server - Kynet accept failed: connection error: Endpoint closed
2026-09-15T20:42:32.210 WARN kycontroller::kymux_controller::server - Kynet accept failed: connection error: Endpoint closed
2026-09-15T20:42:32.210 WARN kycontroller::kymux_controller::server - Kynet accept failed: connection error: Endpoint closed
2026-09-15T20:42:32.210 WARN kycontroller::kymux_controller::server - Kynet accept failed: connection error: Endpoint closed
2026-09-15T20:42:32.210 WARN kycontroller::kymux_controller::server - Kynet accept failed: connection error: Endpoint closed
2026-09-15T20:42:32.210 WARN kycontroller::kymux_controller::server - Kynet accept failed: connection error: Endpoint closed
2026-09-15T20:42:32.210 WARN kycontroller::kymux_controller::server - Kynet accept failed: connection error: Endpoint closed
2026-09-15T20:42:32.210 WARN kycontroller::kymux_controller::server - Kynet accept failed: connection error: Endpoint closed
2026-09-15T20:42:32.210 WARN kycontroller::kymux_controller::server - Kynet accept failed: connection error: Endpoint closed
2026-09-15T20:42:32.210 WARN kycontroller::kymux_controller::server - Kynet accept failed: connection error: Endpoint closed
2026-09-15T20:42:32.210 WARN kycontroller::kymux_controller::server - Kynet accept failed: connection error: Endpoint closed
2026-09-15T20:42:32.210 WARN kycontroller::kymux_controller::server - Kynet accept failed: connection error: Endpoint closed
2026-09-15T20:42:32.210 WARN kycontroller::kymux_controller::server - Kynet accept failed: connection error: Endpoint closed
2026-09-15T20:42:32.210 WARN kycontroller::kymux_controller::server - Kynet accept failed: connection error: Endpoint closed
2026-09-15T20:42:32.210 WARN kycontroller::kymux_controller::server - Kynet accept failed: connection error: Endpoint closed
2026-09-15T20:42:32.210 WARN kycontroller::kymux_controller::server - Kynet accept failed: connection error: Endpoint closed
2026-09-15T20:42:32.210 WARN kycontroller::kymux_controller::server - Kynet accept failed: connection error: Endpoint closed
2026-09-15T20:42:32.210 WARN kycontroller::kymux_controller::server - Kynet accept failed: connection error: Endpoint closed
2026-09-15T20:42:32.210 WARN kycontroller::kymux_controller::server - Kynet accept failed: connection error: Endpoint closed
2026-09-15T20:42:32.210 WARN kycontroller::kymux_controller::server - Kynet accept failed: connection error: Endpoint closed
2026-09-15T20:42:32.210 WARN kycontroller::kymux_controller::server - Kynet accept failed: connection error: Endpoint closed
2026-09-15T20:42:32.210 WARN kycontroller::kymux_controller::server - Kynet accept failed: connection error: Endpoint closed
2026-09-15T20:42:32.210 WARN kycontroller::kymux_controller::server - Kynet accept failed: connection error: Endpoint closed
2026-09-15T20:42:32.210 WARN kycontroller::kymux_controller::server - Kynet accept failed: connection error: Endpoint closed
2026-09-15T20:42:32.210 WARN kycontroller::kymux_controller::server - Kynet accept failed: connection error: Endpoint closed
2026-09-15T20:42:32.210 WARN kycontroller::kymux_controller::server - Kynet accept failed: connection error: Endpoint closed
2026-09-15T20:42:32.210 WARN kycontroller::kymux_controller::server - Kynet accept failed: connection error: Endpoint closed
2026-09-15T20:42:32.210 WARN kycontroller::kymux_controller::server - Kynet accept failed: connection error: Endpoint closed
2026-09-15T20:42:32.210 WARN kycontroller::kymux_controller::server - Kynet accept failed: connection error: Endpoint closed
2026-09-15T20:42:32.210 WARN kycontroller::kymux_controller::server - Kynet accept failed: connection error: Endpoint closed
2026-09-15T20:42:32.210 WARN kycontroller::kymux_controller::server - Kynet accept failed: connection error: Endpoint closed
2026-09-15T20:42:32.210 WARN kycontroller::kymux_controller::server - Kynet accept failed: connection error: Endpoint closed
2026-09-15T20:42:32.210 WARN kycontroller::kymux_controller::server - Kynet accept failed: connection error: Endpoint closed
2026-09-15T20:42:32.210 WARN kycontroller::kymux_controller::server - Kynet accept failed: connection error: Endpoint closed
2026-09-15T20:42:32.210 WARN kycontroller::kymux_controller::server - Kynet accept failed: connection error: Endpoint closed
2026-09-15T20:42:32.210 WARN kycontroller::kymux_controller::server - Kynet accept failed: connection error: Endpoint closed
2026-09-15T20:42:32.210 WARN kycontroller::kymux_controller::server - Kynet accept failed: connection error: Endpoint closed
2026-09-15T20:42:32.210 WARN kycontroller::kymux_controller::server - Kynet accept failed: connection error: Endpoint closed
2026-09-15T20:42:32.210 WARN kycontroller::kymux_controller::server - Kynet accept failed: connection error: Endpoint closed
2026-09-15T20:42:32.210 WARN kycontroller::kymux_controller::server - Kynet accept failed: connection error: Endpoint closed
2026-09-15T20:42:32.210 WARN kycontroller::kymux_controller::server - Kynet accept failed: connection error: Endpoint closed
2026-09-15T20:42:32.210 WARN kycontroller::kymux_controller::server - Kynet accept failed: connection error: Endpoint closed
2026-09-15T20:42:32.210 WARN kycontroller::kymux_controller::server - Kynet accept failed: connection error: Endpoint closed
2026-09-15T20:42:32.210 WARN kycontroller::kymux_controller::server - Kynet accept failed: connection error: Endpoint closed
2026-09-15T20:42:32.210 WARN kycontroller::kymux_controller::server - Kynet accept failed: connection error: Endpoint closed
2026-09-15T20:42:32.210 WARN kycontroller::kymux_controller::server - Kynet accept failed: connection error: Endpoint closed
2026-09-15T20:42:32.210 WARN kycontroller::kymux_controller::server - Kynet accept failed: connection error: Endpoint closed
2026-09-15T20:42:32.210 WARN kycontroller::kymux_controller::server - Kynet accept failed: connection error: Endpoint closed
2026-09-15T20:42:32.210 WARN kycontroller::kymux_controller::server - Kynet accept failed: connection error: Endpoint closed
2026-09-15T20:42:32.210 WARN kycontroller::kymux_controller::server - Kynet accept failed: connection error: Endpoint closed
2026-09-15T20:42:32.210 WARN kycontroller::kymux_controller::server - Kynet accept failed: connection error: Endpoint closed
2026-09-15T20:42:32.210 WARN kycontroller::kymux_controller::server - Kynet accept failed: connection error: Endpoint closed
2026-09-15T20:42:32.210 WARN kycontroller::kymux_controller::server - Kynet accept failed: connection error: Endpoint closed
2026-09-15T20:42:32.210 WARN kycontroller::kymux_controller::server - Kynet accept failed: connection error: Endpoint closed
2026-09-15T20:42:32.210 WARN kycontroller::kymux_controller::server - Kynet accept failed: connection error: Endpoint closed
2026-09-15T20:42:32.210 WARN kycontroller::kymux_controller::server - Kynet accept failed: connection error: Endpoint closed
2026-09-15T20:42:32.210 WARN kycontroller::kymux_controller::server - Kynet accept failed: connection error: Endpoint closed
2026-09-15T20:42:32.210 WARN kycontroller::kymux_controller::server - Kynet accept failed: connection error: Endpoint closed
2026-09-15T20:42:32.210 WARN kycontroller::kymux_controller::server - Kynet accept failed: connection error: Endpoint closed
2026-09-15T20:42:32.210 WARN kycontroller::kymux_controller::server - Kynet accept failed: connection error: Endpoint closed
2026-09-15T20:42:32.210 WARN kycontroller::kymux_controller::server - Kynet accept failed: connection error: Endpoint closed
2026-09-15T20:42:32.210 WARN kycontroller::kymux_controller::server - Kynet accept failed: connection error: Endpoint closed
2026-09-15T20:42:32.210 WARN kycontroller::kymux_controller::server - Kynet accept failed: connection error: Endpoint closed
2026-09-15T20:42:32.210 WARN kycontroller::kymux_controller::server - Kynet accept failed: connection error: Endpoint closed
2026-09-15T20:42:32.210 WARN kycontroller::kymux_controller::server - Kynet accept failed: connection error: Endpoint closed
2026-09-15T20:42:32.210 WARN kycontroller::kymux_controller::server - Kynet accept failed: connection error: Endpoint closed
2026-09-15T20:42:32.210 WARN kycontroller::kymux_controller::server - Kynet accept failed: connection error: Endpoint closed
2026-09-15T20:42:32.210 WARN kycontroller::kymux_controller::server - Kynet accept failed: connection error: Endpoint closed
2026-09-15T20:42:32.210 WARN kycontroller::kymux_controller::server - Kynet accept failed: connection error: Endpoint closed
2026-09-15T20:42:32.210 WARN kycontroller::kymux_controller::server - Kynet accept failed: connection error: Endpoint closed
2026-09-15T20:42:32.210 WARN kycontroller::kymux_controller::server - Kynet accept failed: connection error: Endpoint closed
2026-09-15T20:42:32.210 WARN kycontroller::kymux_controller::server - Kynet accept failed: connection error: Endpoint closed
2026-09-15T20:42:32.210 WARN kycontroller::kymux_controller::server - Kynet accept failed: connection error: Endpoint closed
2026-09-15T20:42:32.210 WARN kycontroller::kymux_controller::server - Kynet accept failed: connection error: Endpoint closed
2026-09-15T20:42:32.210 WARN kycontroller::kymux_controller::server - Kynet accept failed: connection error: Endpoint closed
2026-09-15T20:42:32.210 WARN kycontroller::kymux_controller::server - Kynet accept failed: connection error: Endpoint closed
2026-09-15T20:42:32.210 WARN kycontroller::kymux_controller::server - Kynet accept failed: connection error: Endpoint closed
2026-09-15T20:42:32.210 WARN kycontroller::kymux_controller::server - Kynet accept failed: connection error: Endpoint closed
2026-09-15T20:42:32.210 WARN kycontroller::kymux_controller::server - Kynet accept failed: connection error: Endpoint closed
2026-09-15T20:42:32.210 WARN kycontroller::kymux_controller::server - Kynet accept failed: connection error: Endpoint closed
2026-09-15T20:42:32.210 WARN kycontroller::kymux_controller::server - Kynet accept failed: connection error: Endpoint closed
2026-09-15T20:42:32.210 WARN kycontroller::kymux_controller::server - Kynet accept failed: connection error: Endpoint closed
2026-09-15T20:42:32.210 WARN kycontroller::kymux_controller::server - Kynet accept failed: connection error: Endpoint closed
2026-09-15T20:42:32.210 WARN kycontroller::kymux_controller::server - Kynet accept failed: connection error: Endpoint closed
2026-09-15T20:42:32.210 WARN kycontroller::kymux_controller::server - Kynet accept failed: connection error: Endpoint closed
2026-09-15T20:42:32.210 WARN kycontroller::kymux_controller::server - Kynet accept failed: connection error: Endpoint closed
2026-09-15T20:42:32.210 WARN kycontroller::kymux_controller::server - Kynet accept failed: connection error: Endpoint closed
2026-09-15T20:42:32.210 WARN kycontroller::kymux_controller::server - Kynet accept failed: connection error: Endpoint closed
2026-09-15T20:42:32.210 WARN kycontroller::kymux_controller::server - Kynet accept failed: connection error: Endpoint closed
2026-09-15T20:42:32.210 WARN kycontroller::kymux_controller::server - Kynet accept failed: connection error: Endpoint closed
2026-09-15T20:42:32.211 WARN kycontroller::kymux_controller::server - Kynet accept failed: connection error: Endpoint closed
2026-09-15T20:42:32.211 WARN kycontroller::kymux_controller::server - Kynet accept failed: connection error: Endpoint closed
2026-09-15T20:42:32.211 WARN kycontroller::kymux_controller::server - Kynet accept failed: connection error: Endpoint closed
2026-09-15T20:42:32.211 WARN kycontroller::kymux_controller::server - Kynet accept failed: connection error: Endpoint closed
2026-09-15T20:42:32.211 WARN kycontroller::kymux_controller::server - Kynet accept failed: connection error: Endpoint closed
2026-09-15T20:42:32.211 WARN kycontroller::kymux_controller::server - Kynet accept failed: connection error: Endpoint closed
2026-09-15T20:42:32.211 WARN kycontroller::kymux_controller::server - Kynet accept failed: connection error: Endpoint closed
2026-09-15T20:42:32.211 WARN kycontroller::kymux_controller::server - Kynet accept failed: connection error: Endpoint closed
2026-09-15T20:42:32.211 WARN kycontroller::kymux_controller::server - Kynet accept failed: connection error: Endpoint closed
2026-09-15T20:42:32.211 WARN kycontroller::kymux_controller::server - Kynet accept failed: connection error: Endpoint closed
2026-09-15T20:42:32.211 WARN kycontroller::kymux_controller::server - Kynet accept failed: connection error: Endpoint closed
2026-09-15T20:42:32.211 WARN kycontroller::kymux_controller::server - Kynet accept failed: connection error: Endpoint closed
2026-09-15T20:42:32.211 WARN kycontroller::kymux_controller::server - Kynet accept failed: connection error: Endpoint closed
2026-09-15T20:42:32.211 WARN kycontroller::kymux_controller::server - Kynet accept failed: connection error: Endpoint closed
2026-09-15T20:42:32.211 WARN kycontroller::kymux_controller::server - Kynet accept failed: connection error: Endpoint closed
2026-09-15T20:42:32.211 WARN kycontroller::kymux_controller::server - Kynet accept failed: connection error: Endpoint closed
2026-09-15T20:42:32.211 WARN kycontroller::kymux_controller::server - Kynet accept failed: connection error: Endpoint closed
2026-09-15T20:42:32.211 WARN kycontroller::kymux_controller::server - Kynet accept failed: connection error: Endpoint closed
2026-09-15T20:42:32.211 WARN kycontroller::kymux_controller::server - Kynet accept failed: connection error: Endpoint closed
2026-09-15T20:42:32.211 WARN kycontroller::kymux_controller::server - Kynet accept failed: connection error: Endpoint closed
2026-09-15T20:42:32.211 WARN kycontroller::kymux_controller::server - Kynet accept failed: connection error: Endpoint closed
2026-09-15T20:42:32.211 WARN kycontroller::kymux_controller::server - Kynet accept failed: connection error: Endpoint closed
2026-09-15T20:42:32.211 WARN kycontroller::kymux_controller::server - Kynet accept failed: connection error: Endpoint closed
2026-09-15T20:42:32.211 WARN kycontroller::kymux_controller::server - Kynet accept failed: connection error: Endpoint closed
2026-09-15T20:42:32.211 WARN kycontroller::kymux_controller::server - Kynet accept failed: connection error: Endpoint closed
2026-09-15T20:42:32.211 WARN kycontroller::kymux_controller::server - Kynet accept failed: connection error: Endpoint closed
2026-09-15T20:42:32.211 WARN kycontroller::kymux_controller::server - Kynet accept failed: connection error: Endpoint closed
2026-09-15T20:42:32.211 WARN kycontroller::kymux_controller::server - Kynet accept failed: connection error: Endpoint closed
2026-09-15T20:42:32.211 WARN kycontroller::kymux_controller::server - Kynet accept failed: connection error: Endpoint closed
2026-09-15T20:42:32.211 WARN kycontroller::kymux_controller::server - Kynet accept failed: connection error: Endpoint closed
2026-09-15T20:42:32.211 WARN kycontroller::kymux_controller::server - Kynet accept failed: connection error: Endpoint closed
2026-09-15T20:42:32.211 WARN kycontroller::kymux_controller::server - Kynet accept failed: connection error: Endpoint closed
2026-09-15T20:42:32.211 WARN kycontroller::kymux_controller::server - Kynet accept failed: connection error: Endpoint closed
2026-09-15T20:42:32.211 WARN kycontroller::kymux_controller::server - Kynet accept failed: connection error: Endpoint closed
2026-09-15T20:42:32.211 WARN kycontroller::kymux_controller::server - Kynet accept failed: connection error: Endpoint closed
2026-09-15T20:42:32.211 WARN kycontroller::kymux_controller::server - Kynet accept failed: connection error: Endpoint closed
2026-09-15T20:42:32.211 WARN kycontroller::kymux_controller::server - Kynet accept failed: connection error: Endpoint closed
2026-09-15T20:42:32.211 WARN kycontroller::kymux_controller::server - Kynet accept failed: connection error: Endpoint closed
2026-09-15T20:42:32.211 WARN kycontroller::kymux_controller::server - Kynet accept failed: connection error: Endpoint closed
2026-09-15T20:42:32.211 WARN kycontroller::kymux_controller::server - Kynet accept failed: connection error: Endpoint closed
2026-09-15T20:42:32.211 WARN kycontroller::kymux_controller::server - Kynet accept failed: connection error: Endpoint closed
2026-09-15T20:42:32.211 WARN kycontroller::kymux_controller::server - Kynet accept failed: connection error: Endpoint closed
2026-09-15T20:42:32.211 WARN kycontroller::kymux_controller::server - Kynet accept failed: connection error: Endpoint closed
2026-09-15T20:42:32.211 WARN kycontroller::kymux_controller::server - Kynet accept failed: connection error: Endpoint closed
2026-09-15T20:42:32.211 WARN kycontroller::kymux_controller::server - Kynet accept failed: connection error: Endpoint closed
2026-09-15T20:42:32.211 WARN kycontroller::kymux_controller::server - Kynet accept failed: connection error: Endpoint closed
2026-09-15T20:42:32.211 WARN kycontroller::kymux_controller::server - Kynet accept failed: connection error: Endpoint closed
2026-09-15T20:42:32.211 WARN kycontroller::kymux_controller::server - Kynet accept failed: connection error: Endpoint closed
2026-09-15T20:42:32.211 WARN kycontroller::kymux_controller::server - Kynet accept failed: connection error: Endpoint closed
2026-09-15T20:42:32.211 WARN kycontroller::kymux_controller::server - Kynet accept failed: connection error: Endpoint closed
2026-09-15T20:42:32.211 WARN kycontroller::kymux_controller::server - Kynet accept failed: connection error: Endpoint closed
2026-09-15T20:42:32.211 WARN kycontroller::kymux_controller::server - Kynet accept failed: connection error: Endpoint closed
2026-09-15T20:42:32.211 WARN kycontroller::kymux_controller::server - Kynet accept failed: connection error: Endpoint closed
2026-09-15T20:42:32.211 WARN kycontroller::kymux_controller::server - Kynet accept failed: connection error: Endpoint closed
2026-09-15T20:42:32.211 WARN kycontroller::kymux_controller::server - Kynet accept failed: connection error: Endpoint closed
2026-09-15T20:42:32.211 WARN kycontroller::kymux_controller::server - Kynet accept failed: connection error: Endpoint closed
2026-09-15T20:42:32.211 WARN kycontroller::kymux_controller::server - Kynet accept failed: connection error: Endpoint closed
2026-09-15T20:42:32.211 WARN kycontroller::kymux_controller::server - Kynet accept failed: connection error: Endpoint closed
2026-09-15T20:42:32.211 WARN kycontroller::kymux_controller::server - Kynet accept failed: connection error: Endpoint closed
2026-09-15T20:42:32.211 WARN kycontroller::kymux_controller::server - Kynet accept failed: connection error: Endpoint closed
2026-09-15T20:42:32.211 WARN kycontroller::kymux_controller::server - Kynet accept failed: connection error: Endpoint closed
2026-09-15T20:42:32.211 WARN kycontroller::kymux_controller::server - Kynet accept failed: connection error: Endpoint closed
2026-09-15T20:42:32.211 WARN kycontroller::kymux_controller::server - Kynet accept failed: connection error: Endpoint closed
2026-09-15T20:42:32.211 WARN kycontroller::kymux_controller::server - Kynet accept failed: connection error: Endpoint closed
2026-09-15T20:42:32.211 WARN kycontroller::kymux_controller::server - Kynet accept failed: connection error: Endpoint closed
2026-09-15T20:42:32.211 WARN kycontroller::kymux_controller::server - Kynet accept failed: connection error: Endpoint closed
2026-09-15T20:42:32.211 WARN kycontroller::kymux_controller::server - Kynet accept failed: connection error: Endpoint closed
2026-09-15T20:42:32.211 WARN kycontroller::kymux_controller::server - Kynet accept failed: connection error: Endpoint closed
2026-09-15T20:42:32.211 WARN kycontroller::kymux_controller::server - Kynet accept failed: connection error: Endpoint closed
2026-09-15T20:42:32.211 WARN kycontroller::kymux_controller::server - Kynet accept failed: connection error: Endpoint closed
2026-09-15T20:42:32.211 WARN kycontroller::kymux_controller::server - Kynet accept failed: connection error: Endpoint closed
2026-09-15T20:42:32.211 WARN kycontroller::kymux_controller::server - Kynet accept failed: connection error: Endpoint closed
2026-09-15T20:42:32.211 WARN kycontroller::kymux_controller::server - Kynet accept failed: connection error: Endpoint closed
2026-09-15T20:42:32.211 WARN kycontroller::kymux_controller::server - Kynet accept failed: connection error: Endpoint closed
2026-09-15T20:42:32.211 WARN kycontroller::kymux_controller::server - Kynet accept failed: connection error: Endpoint closed
2026-09-15T20:42:32.211 WARN kycontroller::kymux_controller::server - Kynet accept failed: connection error: Endpoint closed
2026-09-15T20:42:32.211 WARN kycontroller::kymux_controller::server - Kynet accept failed: connection error: Endpoint closed
2026-09-15T20:42:32.211 WARN kycontroller::kymux_controller::server - Kynet accept failed: connection error: Endpoint closed
2026-09-15T20:42:32.211 WARN kycontroller::kymux_controller::server - Kynet accept failed: connection error: Endpoint closed
2026-09-15T20:42:32.211 WARN kycontroller::kymux_controller::server - Kynet accept failed: connection error: Endpoint closed
2026-09-15T20:42:32.211 WARN kycontroller::kymux_controller::server - Kynet accept failed: connection error: Endpoint closed
2026-09-15T20:42:32.211 WARN kycontroller::kymux_controller::server - Kynet accept failed: connection error: Endpoint closed
2026-09-15T20:42:32.211 WARN kycontroller::kymux_controller::server - Kynet accept failed: connection error: Endpoint closed
2026-09-15T20:42:32.211 WARN kycontroller::kymux_controller::server - Kynet accept failed: connection error: Endpoint closed
2026-09-15T20:42:32.211 WARN kycontroller::kymux_controller::server - Kynet accept failed: connection error: Endpoint closed
2026-09-15T20:42:32.211 WARN kycontroller::kymux_controller::server - Kynet accept failed: connection error: Endpoint closed
2026-09-15T20:42:32.211 WARN kycontroller::kymux_controller::server - Kynet accept failed: connection error: Endpoint closed
2026-09-15T20:42:32.211 WARN kycontroller::kymux_controller::server - Kynet accept failed: connection error: Endpoint closed
2026-09-15T20:42:32.211 WARN kycontroller::kymux_controller::server - Kynet accept failed: connection error: Endpoint closed
2026-09-15T20:42:32.211 WARN kycontroller::kymux_controller::server - Kynet accept failed: connection error: Endpoint closed
2026-09-15T20:42:32.211 WARN kycontroller::kymux_controller::server - Kynet accept failed: connection error: Endpoint closed
2026-09-15T20:42:32.211 WARN kycontroller::kymux_controller::server - Kynet accept failed: connection error: Endpoint closed
2026-09-15T20:42:32.211 WARN kycontroller::kymux_controller::server - Kynet accept failed: connection error: Endpoint closed
2026-09-15T20:42:32.211 WARN kycontroller::kymux_controller::server - Kynet accept failed: connection error: Endpoint closed
2026-09-15T20:42:32.211 WARN kycontroller::kymux_controller::server - Kynet accept failed: connection error: Endpoint closed
2026-09-15T20:42:32.211 WARN kycontroller::kymux_controller::server - Kynet accept failed: connection error: Endpoint closed
2026-09-15T20:42:32.211 WARN kycontroller::kymux_controller::server - Kynet accept failed: connection error: Endpoint closed
2026-09-15T20:42:32.211 WARN kycontroller::kymux_controller::server - Kynet accept failed: connection error: Endpoint closed
2026-09-15T20:42:32.211 WARN kycontroller::kymux_controller::server - Kynet accept failed: connection error: Endpoint closed
2026-09-15T20:42:32.211 WARN kycontroller::kymux_controller::server - Kynet accept failed: connection error: Endpoint closed
2026-09-15T20:42:32.211 WARN kycontroller::kymux_controller::server - Kynet accept failed: connection error: Endpoint closed
2026-09-15T20:42:32.211 WARN kycontroller::kymux_controller::server - Kynet accept failed: connection error: Endpoint closed
2026-09-15T20:42:32.211 WARN kycontroller::kymux_controller::server - Kynet accept failed: connection error: Endpoint closed
2026-09-15T20:42:32.211 WARN kycontroller::kymux_controller::server - Kynet accept failed: connection error: Endpoint closed
2026-09-15T20:42:32.211 WARN kycontroller::kymux_controller::server - Kynet accept failed: connection error: Endpoint closed
2026-09-15T20:42:32.211 WARN kycontroller::kymux_controller::server - Kynet accept failed: connection error: Endpoint closed
2026-09-15T20:42:32.211 WARN kycontroller::kymux_controller::server - Kynet accept failed: connection error: Endpoint closed
2026-09-15T20:42:32.211 WARN kycontroller::kymux_controller::server - Kynet accept failed: connection error: Endpoint closed
2026-09-15T20:42:32.211 WARN kycontroller::kymux_controller::server - Kynet accept failed: connection error: Endpoint closed
2026-09-15T20:42:32.211 WARN kycontroller::kymux_controller::server - Kynet accept failed: connection error: Endpoint closed
2026-09-15T20:42:32.211 WARN kycontroller::kymux_controller::server - Kynet accept failed: connection error: Endpoint closed
2026-09-15T20:42:32.211 WARN kycontroller::kymux_controller::server - Kynet accept failed: connection error: Endpoint closed
2026-09-15T20:42:32.211 WARN kycontroller::kymux_controller::server - Kynet accept failed: connection error: Endpoint closed
2026-09-15T20:42:32.211 WARN kycontroller::kymux_controller::server - Kynet accept failed: connection error: Endpoint closed
2026-09-15T20:42:32.211 WARN kycontroller::kymux_controller::server - Kynet accept failed: connection error: Endpoint closed
2026-09-15T20:42:32.211 WARN kycontroller::kymux_controller::server - Kynet accept failed: connection error: Endpoint closed
2026-09-15T20:42:32.211 WARN kycontroller::kymux_controller::server - Kynet accept failed: connection error: Endpoint closed
2026-09-15T20:42:32.212 WARN kycontroller::kymux_controller::server - Kynet accept failed: connection error: Endpoint closed
2026-09-15T20:42:32.212 WARN kycontroller::kymux_controller::server - Kynet accept failed: connection error: Endpoint closed
2026-09-15T20:42:32.212 WARN kycontroller::kymux_controller::server - Kynet accept failed: connection error: Endpoint closed
2026-09-15T20:42:32.212 WARN kycontroller::kymux_controller::server - Kynet accept failed: connection error: Endpoint closed
2026-09-15T20:42:32.212 WARN kycontroller::kymux_controller::server - Kynet accept failed: connection error: Endpoint closed
2026-09-15T20:42:32.212 WARN kycontroller::kymux_controller::server - Kynet accept failed: connection error: Endpoint closed
2026-09-15T20:42:32.212 WARN kycontroller::kymux_controller::server - Kynet accept failed: connection error: Endpoint closed
2026-09-15T20:42:32.212 WARN kycontroller::kymux_controller::server - Kynet accept failed: connection error: Endpoint closed
2026-09-15T20:42:32.212 WARN kycontroller::kymux_controller::server - Kynet accept failed: connection error: Endpoint closed
2026-09-15T20:42:32.212 WARN kycontroller::kymux_controller::server - Kynet accept failed: connection error: Endpoint closed
2026-09-15T20:42:32.212 WARN kycontroller::kymux_controller::server - Kynet accept failed: connection error: Endpoint closed
2026-09-15T20:42:32.212 WARN kycontroller::kymux_controller::server - Kynet accept failed: connection error: Endpoint closed
2026-09-15T20:42:32.212 WARN kycontroller::kymux_controller::server - Kynet accept failed: connection error: Endpoint closed
2026-09-15T20:42:32.212 WARN kycontroller::kymux_controller::server - Kynet accept failed: connection error: Endpoint closed
2026-09-15T20:42:32.212 WARN kycontroller::kymux_controller::server - Kynet accept failed: connection error: Endpoint closed
2026-09-15T20:42:32.212 WARN kycontroller::kymux_controller::server - Kynet accept failed: connection error: Endpoint closed
2026-09-15T20:42:32.212 WARN kycontroller::kymux_controller::server - Kynet accept failed: connection error: Endpoint closed
2026-09-15T20:42:32.212 WARN kycontroller::kymux_controller::server - Kynet accept failed: connection error: Endpoint closed
2026-09-15T20:42:32.212 WARN kycontroller::kymux_controller::server - Kynet accept failed: connection error: Endpoint closed
2026-09-15T20:42:32.212 WARN kycontroller::kymux_controller::server - Kynet accept failed: connection error: Endpoint closed
2026-09-15T20:42:32.212 WARN kycontroller::kymux_controller::server - Kynet accept failed: connection error: Endpoint closed
2026-09-15T20:42:32.212 WARN kycontroller::kymux_controller::server - Kynet accept failed: connection error: Endpoint closed
2026-09-15T20:42:32.212 WARN kycontroller::kymux_controller::server - Kynet accept failed: connection error: Endpoint closed
2026-09-15T20:42:32.212 WARN kycontroller::kymux_controller::server - Kynet accept failed: connection error: Endpoint closed
2026-09-15T20:42:32.212 WARN kycontroller::kymux_controller::server - Kynet accept failed: connection error: Endpoint closed
2026-09-15T20:42:32.212 WARN kycontroller::kymux_controller::server - Kynet accept failed: connection error: Endpoint closed
2026-09-15T20:42:32.212 WARN kycontroller::kymux_controller::server - Kynet accept failed: connection error: Endpoint closed
2026-09-15T20:42:32.212 WARN kycontroller::kymux_controller::server - Kynet accept failed: connection error: Endpoint closed
2026-09-15T20:42:32.212 WARN kycontroller::kymux_controller::server - Kynet accept failed: connection error: Endpoint closed
2026-09-15T20:42:32.212 WARN kycontroller::kymux_controller::server - Kynet accept failed: connection error: Endpoint closed
2026-09-15T20:42:32.212 WARN kycontroller::kymux_controller::server - Kynet accept failed: connection error: Endpoint closed
2026-09-15T20:42:32.212 WARN kycontroller::kymux_controller::server - Kynet accept failed: connection error: Endpoint closed
2026-09-15T20:42:32.212 WARN kycontroller::kymux_controller::server - Kynet accept failed: connection error: Endpoint closed
2026-09-15T20:42:32.212 WARN kycontroller::kymux_controller::server - Kynet accept failed: connection error: Endpoint closed
2026-09-15T20:42:32.212 WARN kycontroller::kymux_controller::server - Kynet accept failed: connection error: Endpoint closed
2026-09-15T20:42:32.212 WARN kycontroller::kymux_controller::server - Kynet accept failed: connection error: Endpoint closed
2026-09-15T20:42:32.212 WARN kycontroller::kymux_controller::server - Kynet accept failed: connection error: Endpoint closed
2026-09-15T20:42:32.212 WARN kycontroller::kymux_controller::server - Kynet accept failed: connection error: Endpoint closed
2026-09-15T20:42:32.212 WARN kycontroller::kymux_controller::server - Kynet accept failed: connection error: Endpoint closed
2026-09-15T20:42:32.212 WARN kycontroller::kymux_controller::server - Kynet accept failed: connection error: Endpoint closed
2026-09-15T20:42:32.212 WARN kycontroller::kymux_controller::server - Kynet accept failed: connection error: Endpoint closed
2026-09-15T20:42:32.212 WARN kycontroller::kymux_controller::server - Kynet accept failed: connection error: Endpoint closed
2026-09-15T20:42:32.212 WARN kycontroller::kymux_controller::server - Kynet accept failed: connection error: Endpoint closed
2026-09-15T20:42:32.212 WARN kycontroller::kymux_controller::server - Kynet accept failed: connection error: Endpoint closed
2026-09-15T20:42:32.212 WARN kycontroller::kymux_controller::server - Kynet accept failed: connection error: Endpoint closed
2026-09-15T20:42:32.212 WARN kycontroller::kymux_controller::server - Kynet accept failed: connection error: Endpoint closed
2026-09-15T20:42:32.212 WARN kycontroller::kymux_controller::server - Kynet accept failed: connection error: Endpoint closed
2026-09-15T20:42:32.212 WARN kycontroller::kymux_controller::server - Kynet accept failed: connection error: Endpoint closed
2026-09-15T20:42:32.212 WARN kycontroller::kymux_controller::server - Kynet accept failed: connection error: Endpoint closed
2026-09-15T20:42:32.212 WARN kycontroller::kymux_controller::server - Kynet accept failed: connection error: Endpoint closed
2026-09-15T20:42:32.212 WARN kycontroller::kymux_controller::server - Kynet accept failed: connection error: Endpoint closed
2026-09-15T20:42:32.212 WARN kycontroller::kymux_controller::server - Kynet accept failed: connection error: Endpoint closed
2026-09-15T20:42:32.212 WARN kycontroller::kymux_controller::server - Kynet accept failed: connection error: Endpoint closed
2026-09-15T20:42:32.212 WARN kycontroller::kymux_controller::server - Kynet accept failed: connection error: Endpoint closed
2026-09-15T20:42:32.212 WARN kycontroller::kymux_controller::server - Kynet accept failed: connection error: Endpoint closed
2026-09-15T20:42:32.212 WARN kycontroller::kymux_controller::server - Kynet accept failed: connection error: Endpoint closed
2026-09-15T20:42:32.212 WARN kycontroller::kymux_controller::server - Kynet accept failed: connection error: Endpoint closed
2026-09-15T20:42:32.212 WARN kycontroller::kymux_controller::server - Kynet accept failed: connection error: Endpoint closed
2026-09-15T20:42:32.212 WARN kycontroller::kymux_controller::server - Kynet accept failed: connection error: Endpoint closed
2026-09-15T20:42:32.212 WARN kycontroller::kymux_controller::server - Kynet accept failed: connection error: Endpoint closed
2026-09-15T20:42:32.212 WARN kycontroller::kymux_controller::server - Kynet accept failed: connection error: Endpoint closed
2026-09-15T20:42:32.212 WARN kycontroller::kymux_controller::server - Kynet accept failed: connection error: Endpoint closed
2026-09-15T20:42:32.212 WARN kycontroller::kymux_controller::server - Kynet accept failed: connection error: Endpoint closed
2026-09-15T20:42:32.212 WARN kycontroller::kymux_controller::server - Kynet accept failed: connection error: Endpoint closed
2026-09-15T20:42:32.212 WARN kycontroller::kymux_controller::server - Kynet accept failed: connection error: Endpoint closed
2026-09-15T20:42:32.212 WARN kycontroller::kymux_controller::server - Kynet accept failed: connection error: Endpoint closed
2026-09-15T20:42:32.212 WARN kycontroller::kymux_controller::server - Kynet accept failed: connection error: Endpoint closed
2026-09-15T20:42:32.212 WARN kycontroller::kymux_controller::server - Kynet accept failed: connection error: Endpoint closed
2026-09-15T20:42:32.212 WARN kycontroller::kymux_controller::server - Kynet accept failed: connection error: Endpoint closed
2026-09-15T20:42:32.212 WARN kycontroller::kymux_controller::server - Kynet accept failed: connection error: Endpoint closed
2026-09-15T20:42:32.212 WARN kycontroller::kymux_controller::server - Kynet accept failed: connection error: Endpoint closed
2026-09-15T20:42:32.212 WARN kycontroller::kymux_controller::server - Kynet accept failed: connection error: Endpoint closed
2026-09-15T20:42:32.212 WARN kycontroller::kymux_controller::server - Kynet accept failed: connection error: Endpoint closed
2026-09-15T20:42:32.212 WARN kycontroller::kymux_controller::server - Kynet accept failed: connection error: Endpoint closed
2026-09-15T20:42:32.212 WARN kycontroller::kymux_controller::server - Kynet accept failed: connection error: Endpoint closed
2026-09-15T20:42:32.212 WARN kycontroller::kymux_controller::server - Kynet accept failed: connection error: Endpoint closed
2026-09-15T20:42:32.212 WARN kycontroller::kymux_controller::server - Kynet accept failed: connection error: Endpoint closed
2026-09-15T20:42:32.212 WARN kycontroller::kymux_controller::server - Kynet accept failed: connection error: Endpoint closed
2026-09-15T20:42:32.212 WARN kycontroller::kymux_controller::server - Kynet accept failed: connection error: Endpoint closed
2026-09-15T20:42:32.212 WARN kycontroller::kymux_controller::server - Kynet accept failed: connection error: Endpoint closed
2026-09-15T20:42:32.212 WARN kycontroller::kymux_controller::server - Kynet accept failed: connection error: Endpoint closed
2026-09-15T20:42:32.212 WARN kycontroller::kymux_controller::server - Kynet accept failed: connection error: Endpoint closed
2026-09-15T20:42:32.212 WARN kycontroller::kymux_controller::server - Kynet accept failed: connection error: Endpoint closed
2026-09-15T20:42:32.212 WARN kycontroller::kymux_controller::server - Kynet accept failed: connection error: Endpoint closed
2026-09-15T20:42:32.212 WARN kycontroller::kymux_controller::server - Kynet accept failed: connection error: Endpoint closed
2026-09-15T20:42:32.212 WARN kycontroller::kymux_controller::server - Kynet accept failed: connection error: Endpoint closed
2026-09-15T20:42:32.212 WARN kycontroller::kymux_controller::server - Kynet accept failed: connection error: Endpoint closed
2026-09-15T20:42:32.212 WARN kycontroller::kymux_controller::server - Kynet accept failed: connection error: Endpoint closed
2026-09-15T20:42:32.212 WARN kycontroller::kymux_controller::server - Kynet accept failed: connection error: Endpoint closed
2026-09-15T20:42:32.212 WARN kycontroller::kymux_controller::server - Kynet accept failed: connection error: Endpoint closed
2026-09-15T20:42:32.212 WARN kycontroller::kymux_controller::server - Kynet accept failed: connection error: Endpoint closed
2026-09-15T20:42:32.212 WARN kycontroller::kymux_controller::server - Kynet accept failed: connection error: Endpoint closed
2026-09-15T20:42:32.212 WARN kycontroller::kymux_controller::server - Kynet accept failed: connection error: Endpoint closed
2026-09-15T20:42:32.212 WARN kycontroller::kymux_controller::server - Kynet accept failed: connection error: Endpoint closed
2026-09-15T20:42:32.212 WARN kycontroller::kymux_controller::server - Kynet accept failed: connection error: Endpoint closed
2026-09-15T20:42:32.212 WARN kycontroller::kymux_controller::server - Kynet accept failed: connection error: Endpoint closed
2026-09-15T20:42:32.212 WARN kycontroller::kymux_controller::server - Kynet accept failed: connection error: Endpoint closed
2026-09-15T20:42:32.212 WARN kycontroller::kymux_controller::server - Kynet accept failed: connection error: Endpoint closed
2026-09-15T20:42:32.212 WARN kycontroller::kymux_controller::server - Kynet accept failed: connection error: Endpoint closed
2026-09-15T20:42:32.212 WARN kycontroller::kymux_controller::server - Kynet accept failed: connection error: Endpoint closed
2026-09-15T20:42:32.213 WARN kycontroller::kymux_controller::server - Kynet accept failed: connection error: Endpoint closed
2026-09-15T20:42:32.213 WARN kycontroller::kymux_controller::server - Kynet accept failed: connection error: Endpoint closed
2026-09-15T20:42:32.213 WARN kycontroller::kymux_controller::server - Kynet accept failed: connection error: Endpoint closed
2026-09-15T20:42:32.213 WARN kycontroller::kymux_controller::server - Kynet accept failed: connection error: Endpoint closed
2026-09-15T20:42:32.213 WARN kycontroller::kymux_controller::server - Kynet accept failed: connection error: Endpoint closed
2026-09-15T20:42:32.213 WARN kycontroller::kymux_controller::server - Kynet accept failed: connection error: Endpoint closed
2026-09-15T20:42:32.213 WARN kycontroller::kymux_controller::server - Kynet accept failed: connection error: Endpoint closed
2026-09-15T20:42:32.213 WARN kycontroller::kymux_controller::server - Kynet accept failed: connection error: Endpoint closed
2026-09-15T20:42:32.213 WARN kycontroller::kymux_controller::server - Kynet accept failed: connection error: Endpoint closed
2026-09-15T20:42:32.213 WARN kycontroller::kymux_controller::server - Kynet accept failed: connection error: Endpoint closed
2026-09-15T20:42:32.213 WARN kycontroller::kymux_controller::server - Kynet accept failed: connection error: Endpoint closed
2026-09-15T20:42:32.213 WARN kycontroller::kymux_controller::server - Kynet accept failed: connection error: Endpoint closed
2026-09-15T20:42:32.213 WARN kycontroller::kymux_controller::server - Kynet accept failed: connection error: Endpoint closed
2026-09-15T20:42:32.213 WARN kycontroller::kymux_controller::server - Kynet accept failed: connection error: Endpoint closed
2026-09-15T20:42:32.213 WARN kycontroller::kymux_controller::server - Kynet accept failed: connection error: Endpoint closed
2026-09-15T20:42:32.213 WARN kycontroller::kymux_controller::server - Kynet accept failed: connection error: Endpoint closed
2026-09-15T20:42:32.213 WARN kycontroller::kymux_controller::server - Kynet accept failed: connection error: Endpoint closed
2026-09-15T20:42:32.213 WARN kycontroller::kymux_controller::server - Kynet accept failed: connection error: Endpoint closed
2026-09-15T20:42:32.213 WARN kycontroller::kymux_controller::server - Kynet accept failed: connection error: Endpoint closed
2026-09-15T20:42:32.213 WARN kycontroller::kymux_controller::server - Kynet accept failed: connection error: Endpoint closed
2026-09-15T20:42:32.213 WARN kycontroller::kymux_controller::server - Kynet accept failed: connection error: Endpoint closed
2026-09-15T20:42:32.213 WARN kycontroller::kymux_controller::server - Kynet accept failed: connection error: Endpoint closed
2026-09-15T20:42:32.213 WARN kycontroller::kymux_controller::server - Kynet accept failed: connection error: Endpoint closed
2026-09-15T20:42:32.213 WARN kycontroller::kymux_controller::server - Kynet accept failed: connection error: Endpoint closed
2026-09-15T20:42:32.213 WARN kycontroller::kymux_controller::server - Kynet accept failed: connection error: Endpoint closed
2026-09-15T20:42:32.213 WARN kycontroller::kymux_controller::server - Kynet accept failed: connection error: Endpoint closed
2026-09-15T20:42:32.213 WARN kycontroller::kymux_controller::server - Kynet accept failed: connection error: Endpoint closed
2026-09-15T20:42:32.213 WARN kycontroller::kymux_controller::server - Kynet accept failed: connection error: Endpoint closed
2026-09-15T20:42:32.213 WARN kycontroller::kymux_controller::server - Kynet accept failed: connection error: Endpoint closed
2026-09-15T20:42:32.213 WARN kycontroller::kymux_controller::server - Kynet accept failed: connection error: Endpoint closed
2026-09-15T20:42:32.213 WARN kycontroller::kymux_controller::server - Kynet accept failed: connection error: Endpoint closed
2026-09-15T20:42:32.213 WARN kycontroller::kymux_controller::server - Kynet accept failed: connection error: Endpoint closed
2026-09-15T20:42:32.213 WARN kycontroller::kymux_controller::server - Kynet accept failed: connection error: Endpoint closed
2026-09-15T20:42:32.213 WARN kycontroller::kymux_controller::server - Kynet accept failed: connection error: Endpoint closed
2026-09-15T20:42:32.213 WARN kycontroller::kymux_controller::server - Kynet accept failed: connection error: Endpoint closed
2026-09-15T20:42:32.213 WARN kycontroller::kymux_controller::server - Kynet accept failed: connection error: Endpoint closed
2026-09-15T20:42:32.213 WARN kycontroller::kymux_controller::server - Kynet accept failed: connection error: Endpoint closed
2026-09-15T20:42:32.213 WARN kycontroller::kymux_controller::server - Kynet accept failed: connection error: Endpoint closed
2026-09-15T20:42:32.213 WARN kycontroller::kymux_controller::server - Kynet accept failed: connection error: Endpoint closed
2026-09-15T20:42:32.213 WARN kycontroller::kymux_controller::server - Kynet accept failed: connection error: Endpoint closed
2026-09-15T20:42:32.213 WARN kycontroller::kymux_controller::server - Kynet accept failed: connection error: Endpoint closed
2026-09-15T20:42:32.213 WARN kycontroller::kymux_controller::server - Kynet accept failed: connection error: Endpoint closed
2026-09-15T20:42:32.213 WARN kycontroller::kymux_controller::server - Kynet accept failed: connection error: Endpoint closed
2026-09-15T20:42:32.213 WARN kycontroller::kymux_controller::server - Kynet accept failed: connection error: Endpoint closed
2026-09-15T20:42:32.213 WARN kycontroller::kymux_controller::server - Kynet accept failed: connection error: Endpoint closed
2026-09-15T20:42:32.213 WARN kycontroller::kymux_controller::server - Kynet accept failed: connection error: Endpoint closed
2026-09-15T20:42:32.213 WARN kycontroller::kymux_controller::server - Kynet accept failed: connection error: Endpoint closed
2026-09-15T20:42:32.213 WARN kycontroller::kymux_controller::server - Kynet accept failed: connection error: Endpoint closed
2026-09-15T20:42:32.213 WARN kycontroller::kymux_controller::server - Kynet accept failed: connection error: Endpoint closed
2026-09-15T20:42:32.213 WARN kycontroller::kymux_controller::server - Kynet accept failed: connection error: Endpoint closed
2026-09-15T20:42:32.213 WARN kycontroller::kymux_controller::server - Kynet accept failed: connection error: Endpoint closed
2026-09-15T20:42:32.213 WARN kycontroller::kymux_controller::server - Kynet accept failed: connection error: Endpoint closed
2026-09-15T20:42:32.213 WARN kycontroller::kymux_controller::server - Kynet accept failed: connection error: Endpoint closed
2026-09-15T20:42:32.213 WARN kycontroller::kymux_controller::server - Kynet accept failed: connection error: Endpoint closed
2026-09-15T20:42:32.213 WARN kycontroller::kymux_controller::server - Kynet accept failed: connection error: Endpoint closed
2026-09-15T20:42:32.213 WARN kycontroller::kymux_controller::server - Kynet accept failed: connection error: Endpoint closed
2026-09-15T20:42:32.213 WARN kycontroller::kymux_controller::server - Kynet accept failed: connection error: Endpoint closed
2026-09-15T20:42:32.213 WARN kycontroller::kymux_controller::server - Kynet accept failed: connection error: Endpoint closed
2026-09-15T20:42:32.213 WARN kycontroller::kymux_controller::server - Kynet accept failed: connection error: Endpoint closed
2026-09-15T20:42:32.213 WARN kycontroller::kymux_controller::server - Kynet accept failed: connection error: Endpoint closed
2026-09-15T20:42:32.213 WARN kycontroller::kymux_controller::server - Kynet accept failed: connection error: Endpoint closed
2026-09-15T20:42:32.213 WARN kycontroller::kymux_controller::server - Kynet accept failed: connection error: Endpoint closed
2026-09-15T20:42:32.213 WARN kycontroller::kymux_controller::server - Kynet accept failed: connection error: Endpoint closed
2026-09-15T20:42:32.213 WARN kycontroller::kymux_controller::server - Kynet accept failed: connection error: Endpoint closed
2026-09-15T20:42:32.213 WARN kycontroller::kymux_controller::server - Kynet accept failed: connection error: Endpoint closed
2026-09-15T20:42:32.213 WARN kycontroller::kymux_controller::server - Kynet accept failed: connection error: Endpoint closed
2026-09-15T20:42:32.213 WARN kycontroller::kymux_controller::server - Kynet accept failed: connection error: Endpoint closed
2026-09-15T20:42:32.213 WARN kycontroller::kymux_controller::server - Kynet accept failed: connection error: Endpoint closed
2026-09-15T20:42:32.213 WARN kycontroller::kymux_controller::server - Kynet accept failed: connection error: Endpoint closed
2026-09-15T20:42:32.213 WARN kycontroller::kymux_controller::server - Kynet accept failed: connection error: Endpoint closed
2026-09-15T20:42:32.213 WARN kycontroller::kymux_controller::server - Kynet accept failed: connection error: Endpoint closed
2026-09-15T20:42:32.213 WARN kycontroller::kymux_controller::server - Kynet accept failed: connection error: Endpoint closed
2026-09-15T20:42:32.213 WARN kycontroller::kymux_controller::server - Kynet accept failed: connection error: Endpoint closed
2026-09-15T20:42:32.213 WARN kycontroller::kymux_controller::server - Kynet accept failed: connection error: Endpoint closed
2026-09-15T20:42:32.213 WARN kycontroller::kymux_controller::server - Kynet accept failed: connection error: Endpoint closed
2026-09-15T20:42:32.213 WARN kycontroller::kymux_controller::server - Kynet accept failed: connection error: Endpoint closed
2026-09-15T20:42:32.213 WARN kycontroller::kymux_controller::server - Kynet accept failed: connection error: Endpoint closed
2026-09-15T20:42:32.213 WARN kycontroller::kymux_controller::server - Kynet accept failed: connection error: Endpoint closed
2026-09-15T20:42:32.213 WARN kycontroller::kymux_controller::server - Kynet accept failed: connection error: Endpoint closed
2026-09-15T20:42:32.213 WARN kycontroller::kymux_controller::server - Kynet accept failed: connection error: Endpoint closed
2026-09-15T20:42:32.213 WARN kycontroller::kymux_controller::server - Kynet accept failed: connection error: Endpoint closed
2026-09-15T20:42:32.213 WARN kycontroller::kymux_controller::server - Kynet accept failed: connection error: Endpoint closed
2026-09-15T20:42:32.213 WARN kycontroller::kymux_controller::server - Kynet accept failed: connection error: Endpoint closed
2026-09-15T20:42:32.213 WARN kycontroller::kymux_controller::server - Kynet accept failed: connection error: Endpoint closed
2026-09-15T20:42:32.213 WARN kycontroller::kymux_controller::server - Kynet accept failed: connection error: Endpoint closed
2026-09-15T20:42:32.213 WARN kycontroller::kymux_controller::server - Kynet accept failed: connection error: Endpoint closed
2026-09-15T20:42:32.213 WARN kycontroller::kymux_controller::server - Kynet accept failed: connection error: Endpoint closed
2026-09-15T20:42:32.213 WARN kycontroller::kymux_controller::server - Kynet accept failed: connection error: Endpoint closed
2026-09-15T20:42:32.213 WARN kycontroller::kymux_controller::server - Kynet accept failed: connection error: Endpoint closed
2026-09-15T20:42:32.214 WARN kycontroller::kymux_controller::server - Kynet accept failed: connection error: Endpoint closed
2026-09-15T20:42:32.214 WARN kycontroller::kymux_controller::server - Kynet accept failed: connection error: Endpoint closed
2026-09-15T20:42:32.214 WARN kycontroller::kymux_controller::server - Kynet accept failed: connection error: Endpoint closed
2026-09-15T20:42:32.214 WARN kycontroller::kymux_controller::server - Kynet accept failed: connection error: Endpoint closed
2026-09-15T20:42:32.214 WARN kycontroller::kymux_controller::server - Kynet accept failed: connection error: Endpoint closed
2026-09-15T20:42:32.214 WARN kycontroller::kymux_controller::server - Kynet accept failed: connection error: Endpoint closed
2026-09-15T20:42:32.214 WARN kycontroller::kymux_controller::server - Kynet accept failed: connection error: Endpoint closed
2026-09-15T20:42:32.214 WARN kycontroller::kymux_controller::server - Kynet accept failed: connection error: Endpoint closed
2026-09-15T20:42:32.214 WARN kycontroller::kymux_controller::server - Kynet accept failed: connection error: Endpoint closed
2026-09-15T20:42:32.214 WARN kycontroller::kymux_controller::server - Kynet accept failed: connection error: Endpoint closed
2026-09-15T20:42:32.214 WARN kycontroller::kymux_controller::server - Kynet accept failed: connection error: Endpoint closed
2026-09-15T20:42:32.214 WARN kycontroller::kymux_controller::server - Kynet accept failed: connection error: Endpoint closed
2026-09-15T20:42:32.214 WARN kycontroller::kymux_controller::server - Kynet accept failed: connection error: Endpoint closed
2026-09-15T20:42:32.214 WARN kycontroller::kymux_controller::server - Kynet accept failed: connection error: Endpoint closed
2026-09-15T20:42:32.214 WARN kycontroller::kymux_controller::server - Kynet accept failed: connection error: Endpoint closed
2026-09-15T20:42:32.214 WARN kycontroller::kymux_controller::server - Kynet accept failed: connection error: Endpoint closed
2026-09-15T20:42:32.214 WARN kycontroller::kymux_controller::server - Kynet accept failed: connection error: Endpoint closed
2026-09-15T20:42:32.214 WARN kycontroller::kymux_controller::server - Kynet accept failed: connection error: Endpoint closed
2026-09-15T20:42:32.214 WARN kycontroller::kymux_controller::server - Kynet accept failed: connection error: Endpoint closed
2026-09-15T20:42:32.214 WARN kycontroller::kymux_controller::server - Kynet accept failed: connection error: Endpoint closed
2026-09-15T20:42:32.214 WARN kycontroller::kymux_controller::server - Kynet accept failed: connection error: Endpoint closed
2026-09-15T20:42:32.214 WARN kycontroller::kymux_controller::server - Kynet accept failed: connection error: Endpoint closed
2026-09-15T20:42:32.214 WARN kycontroller::kymux_controller::server - Kynet accept failed: connection error: Endpoint closed
2026-09-15T20:42:32.214 WARN kycontroller::kymux_controller::server - Kynet accept failed: connection error: Endpoint closed
2026-09-15T20:42:32.214 WARN kycontroller::kymux_controller::server - Kynet accept failed: connection error: Endpoint closed
2026-09-15T20:42:32.214 WARN kycontroller::kymux_controller::server - Kynet accept failed: connection error: Endpoint closed
2026-09-15T20:42:32.214 WARN kycontroller::kymux_controller::server - Kynet accept failed: connection error: Endpoint closed
2026-09-15T20:42:32.214 WARN kycontroller::kymux_controller::server - Kynet accept failed: connection error: Endpoint closed
2026-09-15T20:42:32.214 WARN kycontroller::kymux_controller::server - Kynet accept failed: connection error: Endpoint closed
2026-09-15T20:42:32.214 WARN kycontroller::kymux_controller::server - Kynet accept failed: connection error: Endpoint closed
2026-09-15T20:42:32.214 WARN kycontroller::kymux_controller::server - Kynet accept failed: connection error: Endpoint closed
2026-09-15T20:42:32.214 WARN kycontroller::kymux_controller::server - Kynet accept failed: connection error: Endpoint closed
2026-09-15T20:42:32.214 WARN kycontroller::kymux_controller::server - Kynet accept failed: connection error: Endpoint closed
2026-09-15T20:42:32.214 WARN kycontroller::kymux_controller::server - Kynet accept failed: connection error: Endpoint closed
2026-09-15T20:42:32.214 WARN kycontroller::kymux_controller::server - Kynet accept failed: connection error: Endpoint closed
2026-09-15T20:42:32.214 WARN kycontroller::kymux_controller::server - Kynet accept failed: connection error: Endpoint closed
2026-09-15T20:42:32.214 WARN kycontroller::kymux_controller::server - Kynet accept failed: connection error: Endpoint closed
2026-09-15T20:42:32.214 WARN kycontroller::kymux_controller::server - Kynet accept failed: connection error: Endpoint closed
2026-09-15T20:42:32.214 WARN kycontroller::kymux_controller::server - Kynet accept failed: connection error: Endpoint closed
2026-09-15T20:42:32.214 WARN kycontroller::kymux_controller::server - Kynet accept failed: connection error: Endpoint closed
2026-09-15T20:42:32.214 WARN kycontroller::kymux_controller::server - Kynet accept failed: connection error: Endpoint closed
2026-09-15T20:42:32.214 WARN kycontroller::kymux_controller::server - Kynet accept failed: connection error: Endpoint closed
2026-09-15T20:42:32.214 WARN kycontroller::kymux_controller::server - Kynet accept failed: connection error: Endpoint closed
2026-09-15T20:42:32.214 WARN kycontroller::kymux_controller::server - Kynet accept failed: connection error: Endpoint closed
2026-09-15T20:42:32.214 WARN kycontroller::kymux_controller::server - Kynet accept failed: connection error: Endpoint closed
2026-09-15T20:42:32.214 WARN kycontroller::kymux_controller::server - Kynet accept failed: connection error: Endpoint closed
2026-09-15T20:42:32.214 WARN kycontroller::kymux_controller::server - Kynet accept failed: connection error: Endpoint closed
2026-09-15T20:42:32.214 WARN kycontroller::kymux_controller::server - Kynet accept failed: connection error: Endpoint closed
2026-09-15T20:42:32.214 WARN kycontroller::kymux_controller::server - Kynet accept failed: connection error: Endpoint closed
2026-09-15T20:42:32.214 WARN kycontroller::kymux_controller::server - Kynet accept failed: connection error: Endpoint closed
2026-09-15T20:42:32.214 WARN kycontroller::kymux_controller::server - Kynet accept failed: connection error: Endpoint closed
2026-09-15T20:42:32.214 WARN kycontroller::kymux_controller::server - Kynet accept failed: connection error: Endpoint closed
2026-09-15T20:42:32.214 WARN kycontroller::kymux_controller::server - Kynet accept failed: connection error: Endpoint closed
2026-09-15T20:42:32.214 WARN kycontroller::kymux_controller::server - Kynet accept failed: connection error: Endpoint closed
2026-09-15T20:42:32.214 WARN kycontroller::kymux_controller::server - Kynet accept failed: connection error: Endpoint closed
2026-09-15T20:42:32.214 WARN kycontroller::kymux_controller::server - Kynet accept failed: connection error: Endpoint closed
2026-09-15T20:42:32.214 WARN kycontroller::kymux_controller::server - Kynet accept failed: connection error: Endpoint closed
2026-09-15T20:42:32.214 WARN kycontroller::kymux_controller::server - Kynet accept failed: connection error: Endpoint closed
2026-09-15T20:42:32.214 WARN kycontroller::kymux_controller::server - Kynet accept failed: connection error: Endpoint closed
2026-09-15T20:42:32.214 WARN kycontroller::kymux_controller::server - Kynet accept failed: connection error: Endpoint closed
2026-09-15T20:42:32.214 WARN kycontroller::kymux_controller::server - Kynet accept failed: connection error: Endpoint closed
2026-09-15T20:42:32.214 WARN kycontroller::kymux_controller::server - Kynet accept failed: connection error: Endpoint closed
2026-09-15T20:42:32.214 WARN kycontroller::kymux_controller::server - Kynet accept failed: connection error: Endpoint closed
2026-09-15T20:42:32.214 WARN kycontroller::kymux_controller::server - Kynet accept failed: connection error: Endpoint closed
2026-09-15T20:42:32.214 WARN kycontroller::kymux_controller::server - Kynet accept failed: connection error: Endpoint closed
2026-09-15T20:42:32.214 WARN kycontroller::kymux_controller::server - Kynet accept failed: connection error: Endpoint closed
2026-09-15T20:42:32.214 WARN kycontroller::kymux_controller::server - Kynet accept failed: connection error: Endpoint closed
2026-09-15T20:42:32.214 WARN kycontroller::kymux_controller::server - Kynet accept failed: connection error: Endpoint closed
2026-09-15T20:42:32.214 WARN kycontroller::kymux_controller::server - Kynet accept failed: connection error: Endpoint closed
2026-09-15T20:42:32.214 WARN kycontroller::kymux_controller::server - Kynet accept failed: connection error: Endpoint closed
2026-09-15T20:42:32.214 WARN kycontroller::kymux_controller::server - Kynet accept failed: connection error: Endpoint closed
2026-09-15T20:42:32.214 WARN kycontroller::kymux_controller::server - Kynet accept failed: connection error: Endpoint closed
2026-09-15T20:42:32.214 WARN kycontroller::kymux_controller::server - Kynet accept failed: connection error: Endpoint closed
2026-09-15T20:42:32.214 WARN kycontroller::kymux_controller::server - Kynet accept failed: connection error: Endpoint closed
2026-09-15T20:42:32.214 WARN kycontroller::kymux_controller::server - Kynet accept failed: connection error: Endpoint closed
2026-09-15T20:42:32.214 WARN kycontroller::kymux_controller::server - Kynet accept failed: connection error: Endpoint closed
2026-09-15T20:42:32.214 WARN kycontroller::kymux_controller::server - Kynet accept failed: connection error: Endpoint closed
2026-09-15T20:42:32.214 WARN kycontroller::kymux_controller::server - Kynet accept failed: connection error: Endpoint closed
2026-09-15T20:42:32.214 WARN kycontroller::kymux_controller::server - Kynet accept failed: connection error: Endpoint closed
2026-09-15T20:42:32.214 WARN kycontroller::kymux_controller::server - Kynet accept failed: connection error: Endpoint closed
2026-09-15T20:42:32.214 WARN kycontroller::kymux_controller::server - Kynet accept failed: connection error: Endpoint closed
2026-09-15T20:42:32.214 WARN kycontroller::kymux_controller::server - Kynet accept failed: connection error: Endpoint closed
2026-09-15T20:42:32.214 WARN kycontroller::kymux_controller::server - Kynet accept failed: connection error: Endpoint closed
2026-09-15T20:42:32.214 WARN kycontroller::kymux_controller::server - Kynet accept failed: connection error: Endpoint closed
2026-09-15T20:42:32.214 WARN kycontroller::kymux_controller::server - Kynet accept failed: connection error: Endpoint closed
2026-09-15T20:42:32.214 WARN kycontroller::kymux_controller::server - Kynet accept failed: connection error: Endpoint closed
2026-09-15T20:42:32.214 WARN kycontroller::kymux_controller::server - Kynet accept failed: connection error: Endpoint closed
2026-09-15T20:42:32.214 WARN kycontroller::kymux_controller::server - Kynet accept failed: connection error: Endpoint closed
2026-09-15T20:42:32.214 WARN kycontroller::kymux_controller::server - Kynet accept failed: connection error: Endpoint closed
2026-09-15T20:42:32.214 WARN kycontroller::kymux_controller::server - Kynet accept failed: connection error: Endpoint closed
2026-09-15T20:42:32.214 WARN kycontroller::kymux_controller::server - Kynet accept failed: connection error: Endpoint closed
2026-09-15T20:42:32.214 WARN kycontroller::kymux_controller::server - Kynet accept failed: connection error: Endpoint closed
2026-09-15T20:42:32.214 WARN kycontroller::kymux_controller::server - Kynet accept failed: connection error: Endpoint closed
2026-09-15T20:42:32.214 WARN kycontroller::kymux_controller::server - Kynet accept failed: connection error: Endpoint closed
2026-09-15T20:42:32.214 WARN kycontroller::kymux_controller::server - Kynet accept failed: connection error: Endpoint closed
2026-09-15T20:42:32.214 WARN kycontroller::kymux_controller::server - Kynet accept failed: connection error: Endpoint closed
2026-09-15T20:42:32.214 WARN kycontroller::kymux_controller::server - Kynet accept failed: connection error: Endpoint closed
2026-09-15T20:42:32.214 WARN kycontroller::kymux_controller::server - Kynet accept failed: connection error: Endpoint closed
2026-09-15T20:42:32.214 WARN kycontroller::kymux_controller::server - Kynet accept failed: connection error: Endpoint closed
2026-09-15T20:42:32.214 WARN kycontroller::kymux_controller::server - Kynet accept failed: connection error: Endpoint closed
2026-09-15T20:42:32.214 WARN kycontroller::kymux_controller::server - Kynet accept failed: connection error: Endpoint closed
2026-09-15T20:42:32.214 WARN kycontroller::kymux_controller::server - Kynet accept failed: connection error: Endpoint closed
2026-09-15T20:42:32.214 WARN kycontroller::kymux_controller::server - Kynet accept failed: connection error: Endpoint closed
2026-09-15T20:42:32.214 WARN kycontroller::kymux_controller::server - Kynet accept failed: connection error: Endpoint closed
2026-09-15T20:42:32.214 WARN kycontroller::kymux_controller::server - Kynet accept failed: connection error: Endpoint closed
2026-09-15T20:42:32.215 WARN kycontroller::kymux_controller::server - Kynet accept failed: connection error: Endpoint closed
2026-09-15T20:42:32.215 WARN kycontroller::kymux_controller::server - Kynet accept failed: connection error: Endpoint closed
2026-09-15T20:42:32.215 WARN kycontroller::kymux_controller::server - Kynet accept failed: connection error: Endpoint closed
2026-09-15T20:42:32.215 WARN kycontroller::kymux_controller::server - Kynet accept failed: connection error: Endpoint closed
2026-09-15T20:42:32.215 WARN kycontroller::kymux_controller::server - Kynet accept failed: connection error: Endpoint closed
2026-09-15T20:42:32.215 WARN kycontroller::kymux_controller::server - Kynet accept failed: connection error: Endpoint closed
2026-09-15T20:42:32.215 WARN kycontroller::kymux_controller::server - Kynet accept failed: connection error: Endpoint closed
2026-09-15T20:42:32.215 WARN kycontroller::kymux_controller::server - Kynet accept failed: connection error: Endpoint closed
2026-09-15T20:42:32.215 WARN kycontroller::kymux_controller::server - Kynet accept failed: connection error: Endpoint closed
2026-09-15T20:42:32.215 WARN kycontroller::kymux_controller::server - Kynet accept failed: connection error: Endpoint closed
2026-09-15T20:42:32.215 WARN kycontroller::kymux_controller::server - Kynet accept failed: connection error: Endpoint closed
2026-09-15T20:42:32.215 WARN kycontroller::kymux_controller::server - Kynet accept failed: connection error: Endpoint closed
2026-09-15T20:42:32.215 WARN kycontroller::kymux_controller::server - Kynet accept failed: connection error: Endpoint closed
2026-09-15T20:42:32.215 WARN kycontroller::kymux_controller::server - Kynet accept failed: connection error: Endpoint closed
2026-09-15T20:42:32.215 WARN kycontroller::kymux_controller::server - Kynet accept failed: connection error: Endpoint closed
2026-09-15T20:42:32.215 WARN kycontroller::kymux_controller::server - Kynet accept failed: connection error: Endpoint closed
2026-09-15T20:42:32.215 WARN kycontroller::kymux_controller::server - Kynet accept failed: connection error: Endpoint closed
2026-09-15T20:42:32.215 WARN kycontroller::kymux_controller::server - Kynet accept failed: connection error: Endpoint closed
2026-09-15T20:42:32.215 WARN kycontroller::kymux_controller::server - Kynet accept failed: connection error: Endpoint closed
2026-09-15T20:42:32.215 WARN kycontroller::kymux_controller::server - Kynet accept failed: connection error: Endpoint closed
2026-09-15T20:42:32.215 WARN kycontroller::kymux_controller::server - Kynet accept failed: connection error: Endpoint closed
2026-09-15T20:42:32.215 WARN kycontroller::kymux_controller::server - Kynet accept failed: connection error: Endpoint closed
2026-09-15T20:42:32.215 WARN kycontroller::kymux_controller::server - Kynet accept failed: connection error: Endpoint closed
2026-09-15T20:42:32.215 WARN kycontroller::kymux_controller::server - Kynet accept failed: connection error: Endpoint closed
2026-09-15T20:42:32.215 WARN kycontroller::kymux_controller::server - Kynet accept failed: connection error: Endpoint closed
2026-09-15T20:42:32.215 WARN kycontroller::kymux_controller::server - Kynet accept failed: connection error: Endpoint closed
2026-09-15T20:42:32.215 WARN kycontroller::kymux_controller::server - Kynet accept failed: connection error: Endpoint closed
2026-09-15T20:42:32.215 WARN kycontroller::kymux_controller::server - Kynet accept failed: connection error: Endpoint closed
2026-09-15T20:42:32.215 WARN kycontroller::kymux_controller::server - Kynet accept failed: connection error: Endpoint closed
2026-09-15T20:42:32.215 WARN kycontroller::kymux_controller::server - Kynet accept failed: connection error: Endpoint closed
2026-09-15T20:42:32.215 WARN kycontroller::kymux_controller::server - Kynet accept failed: connection error: Endpoint closed
2026-09-15T20:42:32.215 WARN kycontroller::kymux_controller::server - Kynet accept failed: connection error: Endpoint closed
2026-09-15T20:42:32.215 WARN kycontroller::kymux_controller::server - Kynet accept failed: connection error: Endpoint closed
2026-09-15T20:42:32.215 WARN kycontroller::kymux_controller::server - Kynet accept failed: connection error: Endpoint closed
2026-09-15T20:42:32.215 WARN kycontroller::kymux_controller::server - Kynet accept failed: connection error: Endpoint closed
2026-09-15T20:42:32.215 WARN kycontroller::kymux_controller::server - Kynet accept failed: connection error: Endpoint closed
2026-09-15T20:42:32.215 WARN kycontroller::kymux_controller::server - Kynet accept failed: connection error: Endpoint closed
2026-09-15T20:42:32.215 WARN kycontroller::kymux_controller::server - Kynet accept failed: connection error: Endpoint closed
2026-09-15T20:42:32.215 WARN kycontroller::kymux_controller::server - Kynet accept failed: connection error: Endpoint closed
2026-09-15T20:42:32.215 WARN kycontroller::kymux_controller::server - Kynet accept failed: connection error: Endpoint closed
2026-09-15T20:42:32.215 WARN kycontroller::kymux_controller::server - Kynet accept failed: connection error: Endpoint closed
2026-09-15T20:42:32.215 WARN kycontroller::kymux_controller::server - Kynet accept failed: connection error: Endpoint closed
2026-09-15T20:42:32.215 WARN kycontroller::kymux_controller::server - Kynet accept failed: connection error: Endpoint closed
2026-09-15T20:42:32.215 WARN kycontroller::kymux_controller::server - Kynet accept failed: connection error: Endpoint closed
2026-09-15T20:42:32.215 WARN kycontroller::kymux_controller::server - Kynet accept failed: connection error: Endpoint closed
2026-09-15T20:42:32.215 WARN kycontroller::kymux_controller::server - Kynet accept failed: connection error: Endpoint closed
2026-09-15T20:42:32.215 WARN kycontroller::kymux_controller::server - Kynet accept failed: connection error: Endpoint closed
2026-09-15T20:42:32.215 WARN kycontroller::kymux_controller::server - Kynet accept failed: connection error: Endpoint closed
2026-09-15T20:42:32.215 WARN kycontroller::kymux_controller::server - Kynet accept failed: connection error: Endpoint closed
2026-09-15T20:42:32.215 WARN kycontroller::kymux_controller::server - Kynet accept failed: connection error: Endpoint closed
2026-09-15T20:42:32.215 WARN kycontroller::kymux_controller::server - Kynet accept failed: connection error: Endpoint closed
2026-09-15T20:42:32.215 WARN kycontroller::kymux_controller::server - Kynet accept failed: connection error: Endpoint closed
2026-09-15T20:42:32.215 WARN kycontroller::kymux_controller::server - Kynet accept failed: connection error: Endpoint closed
2026-09-15T20:42:32.215 WARN kycontroller::kymux_controller::server - Kynet accept failed: connection error: Endpoint closed
2026-09-15T20:42:32.215 WARN kycontroller::kymux_controller::server - Kynet accept failed: connection error: Endpoint closed
2026-09-15T20:42:32.215 WARN kycontroller::kymux_controller::server - Kynet accept failed: connection error: Endpoint closed
2026-09-15T20:42:32.215 WARN kycontroller::kymux_controller::server - Kynet accept failed: connection error: Endpoint closed
2026-09-15T20:42:32.215 WARN kycontroller::kymux_controller::server - Kynet accept failed: connection error: Endpoint closed
2026-09-15T20:42:32.215 WARN kycontroller::kymux_controller::server - Kynet accept failed: connection error: Endpoint closed
2026-09-15T20:42:32.215 WARN kycontroller::kymux_controller::server - Kynet accept failed: connection error: Endpoint closed
2026-09-15T20:42:32.215 WARN kycontroller::kymux_controller::server - Kynet accept failed: connection error: Endpoint closed
2026-09-15T20:42:32.215 WARN kycontroller::kymux_controller::server - Kynet accept failed: connection error: Endpoint closed
2026-09-15T20:42:32.215 WARN kycontroller::kymux_controller::server - Kynet accept failed: connection error: Endpoint closed
2026-09-15T20:42:32.215 WARN kycontroller::kymux_controller::server - Kynet accept failed: connection error: Endpoint closed
2026-09-15T20:42:32.215 WARN kycontroller::kymux_controller::server - Kynet accept failed: connection error: Endpoint closed
2026-09-15T20:42:32.215 WARN kycontroller::kymux_controller::server - Kynet accept failed: connection error: Endpoint closed
2026-09-15T20:42:32.215 WARN kycontroller::kymux_controller::server - Kynet accept failed: connection error: Endpoint closed
2026-09-15T20:42:32.215 WARN kycontroller::kymux_controller::server - Kynet accept failed: connection error: Endpoint closed
2026-09-15T20:42:32.215 WARN kycontroller::kymux_controller::server - Kynet accept failed: connection error: Endpoint closed
2026-09-15T20:42:32.215 WARN kycontroller::kymux_controller::server - Kynet accept failed: connection error: Endpoint closed
2026-09-15T20:42:32.215 WARN kycontroller::kymux_controller::server - Kynet accept failed: connection error: Endpoint closed
2026-09-15T20:42:32.215 WARN kycontroller::kymux_controller::server - Kynet accept failed: connection error: Endpoint closed
2026-09-15T20:42:32.215 WARN kycontroller::kymux_controller::server - Kynet accept failed: connection error: Endpoint closed
2026-09-15T20:42:32.215 WARN kycontroller::kymux_controller::server - Kynet accept failed: connection error: Endpoint closed
2026-09-15T20:42:32.215 WARN kycontroller::kymux_controller::server - Kynet accept failed: connection error: Endpoint closed
2026-09-15T20:42:32.215 WARN kycontroller::kymux_controller::server - Kynet accept failed: connection error: Endpoint closed
2026-09-15T20:42:32.215 WARN kycontroller::kymux_controller::server - Kynet accept failed: connection error: Endpoint closed
2026-09-15T20:42:32.215 WARN kycontroller::kymux_controller::server - Kynet accept failed: connection error: Endpoint closed
2026-09-15T20:42:32.215 WARN kycontroller::kymux_controller::server - Kynet accept failed: connection error: Endpoint closed
2026-09-15T20:42:32.215 WARN kycontroller::kymux_controller::server - Kynet accept failed: connection error: Endpoint closed
2026-09-15T20:42:32.215 WARN kycontroller::kymux_controller::server - Kynet accept failed: connection error: Endpoint closed
2026-09-15T20:42:32.215 WARN kycontroller::kymux_controller::server - Kynet accept failed: connection error: Endpoint closed
2026-09-15T20:42:32.215 WARN kycontroller::kymux_controller::server - Kynet accept failed: connection error: Endpoint closed
2026-09-15T20:42:32.215 WARN kycontroller::kymux_controller::server - Kynet accept failed: connection error: Endpoint closed
2026-09-15T20:42:32.215 WARN kycontroller::kymux_controller::server - Kynet accept failed: connection error: Endpoint closed
2026-09-15T20:42:32.215 WARN kycontroller::kymux_controller::server - Kynet accept failed: connection error: Endpoint closed
2026-09-15T20:42:32.215 WARN kycontroller::kymux_controller::server - Kynet accept failed: connection error: Endpoint closed
2026-09-15T20:42:32.215 WARN kycontroller::kymux_controller::server - Kynet accept failed: connection error: Endpoint closed
2026-09-15T20:42:32.215 WARN kycontroller::kymux_controller::server - Kynet accept failed: connection error: Endpoint closed
2026-09-15T20:42:32.215 WARN kycontroller::kymux_controller::server - Kynet accept failed: connection error: Endpoint closed
2026-09-15T20:42:32.215 WARN kycontroller::kymux_controller::server - Kynet accept failed: connection error: Endpoint closed
2026-09-15T20:42:32.215 WARN kycontroller::kymux_controller::server - Kynet accept failed: connection error: Endpoint closed
2026-09-15T20:42:32.215 WARN kycontroller::kymux_controller::server - Kynet accept failed: connection error: Endpoint closed
2026-09-15T20:42:32.215 WARN kycontroller::kymux_controller::server - Kynet accept failed: connection error: Endpoint closed
2026-09-15T20:42:32.215 WARN kycontroller::kymux_controller::server - Kynet accept failed: connection error: Endpoint closed
2026-09-15T20:42:32.215 WARN kycontroller::kymux_controller::server - Kynet accept failed: connection error: Endpoint closed
2026-09-15T20:42:32.215 WARN kycontroller::kymux_controller::server - Kynet accept failed: connection error: Endpoint closed
2026-09-15T20:42:32.215 WARN kycontroller::kymux_controller::server - Kynet accept failed: connection error: Endpoint closed
2026-09-15T20:42:32.215 WARN kycontroller::kymux_controller::server - Kynet accept failed: connection error: Endpoint closed
2026-09-15T20:42:32.215 WARN kycontroller::kymux_controller::server - Kynet accept failed: connection error: Endpoint closed
2026-09-15T20:42:32.215 WARN kycontroller::kymux_controller::server - Kynet accept failed: connection error: Endpoint closed
2026-09-15T20:42:32.215 WARN kycontroller::kymux_controller::server - Kynet accept failed: connection error: Endpoint closed
2026-09-15T20:42:32.215 WARN kycontroller::kymux_controller::server - Kynet accept failed: connection error: Endpoint closed
2026-09-15T20:42:32.215 WARN kycontroller::kymux_controller::server - Kynet accept failed: connection error: Endpoint closed
2026-09-15T20:42:32.215 WARN kycontroller::kymux_controller::server - Kynet accept failed: connection error: Endpoint closed
2026-09-15T20:42:32.215 WARN kycontroller::kymux_controller::server - Kynet accept failed: connection error: Endpoint closed
2026-09-15T20:42:32.215 WARN kycontroller::kymux_controller::server - Kynet accept failed: connection error: Endpoint closed
2026-09-15T20:42:32.215 WARN kycontroller::kymux_controller::server - Kynet accept failed: connection error: Endpoint closed
2026-09-15T20:42:32.216 WARN kycontroller::kymux_controller::server - Kynet accept failed: connection error: Endpoint closed
2026-09-15T20:42:32.216 WARN kycontroller::kymux_controller::server - Kynet accept failed: connection error: Endpoint closed
2026-09-15T20:42:32.216 WARN kycontroller::kymux_controller::server - Kynet accept failed: connection error: Endpoint closed
2026-09-15T20:42:32.216 WARN kycontroller::kymux_controller::server - Kynet accept failed: connection error: Endpoint closed
2026-09-15T20:42:32.216 WARN kycontroller::kymux_controller::server - Kynet accept failed: connection error: Endpoint closed
2026-09-15T20:42:32.216 WARN kycontroller::kymux_controller::server - Kynet accept failed: connection error: Endpoint closed
2026-09-15T20:42:32.216 WARN kycontroller::kymux_controller::server - Kynet accept failed: connection error: Endpoint closed
2026-09-15T20:42:32.216 WARN kycontroller::kymux_controller::server - Kynet accept failed: connection error: Endpoint closed
2026-09-15T20:42:32.216 WARN kycontroller::kymux_controller::server - Kynet accept failed: connection error: Endpoint closed
2026-09-15T20:42:32.216 WARN kycontroller::kymux_controller::server - Kynet accept failed: connection error: Endpoint closed
2026-09-15T20:42:32.216 WARN kycontroller::kymux_controller::server - Kynet accept failed: connection error: Endpoint closed
2026-09-15T20:42:32.216 WARN kycontroller::kymux_controller::server - Kynet accept failed: connection error: Endpoint closed
2026-09-15T20:42:32.216 WARN kycontroller::kymux_controller::server - Kynet accept failed: connection error: Endpoint closed
2026-09-15T20:42:32.216 WARN kycontroller::kymux_controller::server - Kynet accept failed: connection error: Endpoint closed
2026-09-15T20:42:32.216 WARN kycontroller::kymux_controller::server - Kynet accept failed: connection error: Endpoint closed
2026-09-15T20:42:32.216 WARN kycontroller::kymux_controller::server - Kynet accept failed: connection error: Endpoint closed
2026-09-15T20:42:32.216 WARN kycontroller::kymux_controller::server - Kynet accept failed: connection error: Endpoint closed
2026-09-15T20:42:32.216 WARN kycontroller::kymux_controller::server - Kynet accept failed: connection error: Endpoint closed
2026-09-15T20:42:32.216 WARN kycontroller::kymux_controller::server - Kynet accept failed: connection error: Endpoint closed
2026-09-15T20:42:32.216 WARN kycontroller::kymux_controller::server - Kynet accept failed: connection error: Endpoint closed
2026-09-15T20:42:32.216 WARN kycontroller::kymux_controller::server - Kynet accept failed: connection error: Endpoint closed
2026-09-15T20:42:32.216 WARN kycontroller::kymux_controller::server - Kynet accept failed: connection error: Endpoint closed
2026-09-15T20:42:32.216 WARN kycontroller::kymux_controller::server - Kynet accept failed: connection error: Endpoint closed
2026-09-15T20:42:32.216 WARN kycontroller::kymux_controller::server - Kynet accept failed: connection error: Endpoint closed
2026-09-15T20:42:32.216 WARN kycontroller::kymux_controller::server - Kynet accept failed: connection error: Endpoint closed
2026-09-15T20:42:32.216 WARN kycontroller::kymux_controller::server - Kynet accept failed: connection error: Endpoint closed
2026-09-15T20:42:32.216 WARN kycontroller::kymux_controller::server - Kynet accept failed: connection error: Endpoint closed
2026-09-15T20:42:32.216 WARN kycontroller::kymux_controller::server - Kynet accept failed: connection error: Endpoint closed
2026-09-15T20:42:32.216 WARN kycontroller::kymux_controller::server - Kynet accept failed: connection error: Endpoint closed
2026-09-15T20:42:32.216 WARN kycontroller::kymux_controller::server - Kynet accept failed: connection error: Endpoint closed
2026-09-15T20:42:32.216 WARN kycontroller::kymux_controller::server - Kynet accept failed: connection error: Endpoint closed
2026-09-15T20:42:32.216 WARN kycontroller::kymux_controller::server - Kynet accept failed: connection error: Endpoint closed
2026-09-15T20:42:32.216 WARN kycontroller::kymux_controller::server - Kynet accept failed: connection error: Endpoint closed
2026-09-15T20:42:32.216 WARN kycontroller::kymux_controller::server - Kynet accept failed: connection error: Endpoint closed
2026-09-15T20:42:32.216 WARN kycontroller::kymux_controller::server - Kynet accept failed: connection error: Endpoint closed
2026-09-15T20:42:32.216 WARN kycontroller::kymux_controller::server - Kynet accept failed: connection error: Endpoint closed
2026-09-15T20:42:32.216 WARN kycontroller::kymux_controller::server - Kynet accept failed: connection error: Endpoint closed
2026-09-15T20:42:32.216 WARN kycontroller::kymux_controller::server - Kynet accept failed: connection error: Endpoint closed
2026-09-15T20:42:32.216 WARN kycontroller::kymux_controller::server - Kynet accept failed: connection error: Endpoint closed
2026-09-15T20:42:32.216 WARN kycontroller::kymux_controller::server - Kynet accept failed: connection error: Endpoint closed
2026-09-15T20:42:32.216 WARN kycontroller::kymux_controller::server - Kynet accept failed: connection error: Endpoint closed
2026-09-15T20:42:32.216 WARN kycontroller::kymux_controller::server - Kynet accept failed: connection error: Endpoint closed
2026-09-15T20:42:32.216 WARN kycontroller::kymux_controller::server - Kynet accept failed: connection error: Endpoint closed
2026-09-15T20:42:32.216 WARN kycontroller::kymux_controller::server - Kynet accept failed: connection error: Endpoint closed
2026-09-15T20:42:32.216 WARN kycontroller::kymux_controller::server - Kynet accept failed: connection error: Endpoint closed
2026-09-15T20:42:32.216 WARN kycontroller::kymux_controller::server - Kynet accept failed: connection error: Endpoint closed
2026-09-15T20:42:32.216 WARN kycontroller::kymux_controller::server - Kynet accept failed: connection error: Endpoint closed
2026-09-15T20:42:32.216 WARN kycontroller::kymux_controller::server - Kynet accept failed: connection error: Endpoint closed
2026-09-15T20:42:32.216 WARN kycontroller::kymux_controller::server - Kynet accept failed: connection error: Endpoint closed
2026-09-15T20:42:32.216 WARN kycontroller::kymux_controller::server - Kynet accept failed: connection error: Endpoint closed
2026-09-15T20:42:32.216 WARN kycontroller::kymux_controller::server - Kynet accept failed: connection error: Endpoint closed
2026-09-15T20:42:32.216 WARN kycontroller::kymux_controller::server - Kynet accept failed: connection error: Endpoint closed
2026-09-15T20:42:32.216 WARN kycontroller::kymux_controller::server - Kynet accept failed: connection error: Endpoint closed
2026-09-15T20:42:32.216 WARN kycontroller::kymux_controller::server - Kynet accept failed: connection error: Endpoint closed
2026-09-15T20:42:32.216 WARN kycontroller::kymux_controller::server - Kynet accept failed: connection error: Endpoint closed
2026-09-15T20:42:32.216 WARN kycontroller::kymux_controller::server - Kynet accept failed: connection error: Endpoint closed
2026-09-15T20:42:32.216 WARN kycontroller::kymux_controller::server - Kynet accept failed: connection error: Endpoint closed
2026-09-15T20:42:32.216 WARN kycontroller::kymux_controller::server - Kynet accept failed: connection error: Endpoint closed
2026-09-15T20:42:32.216 WARN kycontroller::kymux_controller::server - Kynet accept failed: connection error: Endpoint closed
2026-09-15T20:42:32.216 WARN kycontroller::kymux_controller::server - Kynet accept failed: connection error: Endpoint closed
2026-09-15T20:42:32.216 WARN kycontroller::kymux_controller::server - Kynet accept failed: connection error: Endpoint closed
2026-09-15T20:42:32.216 WARN kycontroller::kymux_controller::server - Kynet accept failed: connection error: Endpoint closed
2026-09-15T20:42:32.216 WARN kycontroller::kymux_controller::server - Kynet accept failed: connection error: Endpoint closed
2026-09-15T20:42:32.216 WARN kycontroller::kymux_controller::server - Kynet accept failed: connection error: Endpoint closed
2026-09-15T20:42:32.216 WARN kycontroller::kymux_controller::server - Kynet accept failed: connection error: Endpoint closed
2026-09-15T20:42:32.216 WARN kycontroller::kymux_controller::server - Kynet accept failed: connection error: Endpoint closed
2026-09-15T20:42:32.216 WARN kycontroller::kymux_controller::server - Kynet accept failed: connection error: Endpoint closed
2026-09-15T20:42:32.216 WARN kycontroller::kymux_controller::server - Kynet accept failed: connection error: Endpoint closed
2026-09-15T20:42:32.216 WARN kycontroller::kymux_controller::server - Kynet accept failed: connection error: Endpoint closed
2026-09-15T20:42:32.216 WARN kycontroller::kymux_controller::server - Kynet accept failed: connection error: Endpoint closed
2026-09-15T20:42:32.216 WARN kycontroller::kymux_controller::server - Kynet accept failed: connection error: Endpoint closed
2026-09-15T20:42:32.216 WARN kycontroller::kymux_controller::server - Kynet accept failed: connection error: Endpoint closed
2026-09-15T20:42:32.216 WARN kycontroller::kymux_controller::server - Kynet accept failed: connection error: Endpoint closed
2026-09-15T20:42:32.216 WARN kycontroller::kymux_controller::server - Kynet accept failed: connection error: Endpoint closed
2026-09-15T20:42:32.216 WARN kycontroller::kymux_controller::server - Kynet accept failed: connection error: Endpoint closed
2026-09-15T20:42:32.216 WARN kycontroller::kymux_controller::server - Kynet accept failed: connection error: Endpoint closed
2026-09-15T20:42:32.216 WARN kycontroller::kymux_controller::server - Kynet accept failed: connection error: Endpoint closed
2026-09-15T20:42:32.216 WARN kycontroller::kymux_controller::server - Kynet accept failed: connection error: Endpoint closed
2026-09-15T20:42:32.216 WARN kycontroller::kymux_controller::server - Kynet accept failed: connection error: Endpoint closed
2026-09-15T20:42:32.216 WARN kycontroller::kymux_controller::server - Kynet accept failed: connection error: Endpoint closed
2026-09-15T20:42:32.216 WARN kycontroller::kymux_controller::server - Kynet accept failed: connection error: Endpoint closed
2026-09-15T20:42:32.216 WARN kycontroller::kymux_controller::server - Kynet accept failed: connection error: Endpoint closed
2026-09-15T20:42:32.216 WARN kycontroller::kymux_controller::server - Kynet accept failed: connection error: Endpoint closed
2026-09-15T20:42:32.216 WARN kycontroller::kymux_controller::server - Kynet accept failed: connection error: Endpoint closed
2026-09-15T20:42:32.216 WARN kycontroller::kymux_controller::server - Kynet accept failed: connection error: Endpoint closed
2026-09-15T20:42:32.216 WARN kycontroller::kymux_controller::server - Kynet accept failed: connection error: Endpoint closed
2026-09-15T20:42:32.216 WARN kycontroller::kymux_controller::server - Kynet accept failed: connection error: Endpoint closed
2026-09-15T20:42:32.216 WARN kycontroller::kymux_controller::server - Kynet accept failed: connection error: Endpoint closed
2026-09-15T20:42:32.216 WARN kycontroller::kymux_controller::server - Kynet accept failed: connection error: Endpoint closed
2026-09-15T20:42:32.216 WARN kycontroller::kymux_controller::server - Kynet accept failed: connection error: Endpoint closed
2026-09-15T20:42:32.216 WARN kycontroller::kymux_controller::server - Kynet accept failed: connection error: Endpoint closed
2026-09-15T20:42:32.216 WARN kycontroller::kymux_controller::server - Kynet accept failed: connection error: Endpoint closed
2026-09-15T20:42:32.216 WARN kycontroller::kymux_controller::server - Kynet accept failed: connection error: Endpoint closed
2026-09-15T20:42:32.216 WARN kycontroller::kymux_controller::server - Kynet accept failed: connection error: Endpoint closed
2026-09-15T20:42:32.216 WARN kycontroller::kymux_controller::server - Kynet accept failed: connection error: Endpoint closed
2026-09-15T20:42:32.216 WARN kycontroller::kymux_controller::server - Kynet accept failed: connection error: Endpoint closed
2026-09-15T20:42:32.216 WARN kycontroller::kymux_controller::server - Kynet accept failed: connection error: Endpoint closed
2026-09-15T20:42:32.216 WARN kycontroller::kymux_controller::server - Kynet accept failed: connection error: Endpoint closed
2026-09-15T20:42:32.216 WARN kycontroller::kymux_controller::server - Kynet accept failed: connection error: Endpoint closed
2026-09-15T20:42:32.216 WARN kycontroller::kymux_controller::server - Kynet accept failed: connection error: Endpoint closed
2026-09-15T20:42:32.216 WARN kycontroller::kymux_controller::server - Kynet accept failed: connection error: Endpoint closed
2026-09-15T20:42:32.216 WARN kycontroller::kymux_controller::server - Kynet accept failed: connection error: Endpoint closed
2026-09-15T20:42:32.216 WARN kycontroller::kymux_controller::server - Kynet accept failed: connection error: Endpoint closed
2026-09-15T20:42:32.216 WARN kycontroller::kymux_controller::server - Kynet accept failed: connection error: Endpoint closed
2026-09-15T20:42:32.216 WARN kycontroller::kymux_controller::server - Kynet accept failed: connection error: Endpoint closed
2026-09-15T20:42:32.216 WARN kycontroller::kymux_controller::server - Kynet accept failed: connection error: Endpoint closed
2026-09-15T20:42:32.216 WARN kycontroller::kymux_controller::server - Kynet accept failed: connection error: Endpoint closed
2026-09-15T20:42:32.216 WARN kycontroller::kymux_controller::server - Kynet accept failed: connection error: Endpoint closed
2026-09-15T20:42:32.216 WARN kycontroller::kymux_controller::server - Kynet accept failed: connection error: Endpoint closed
2026-09-15T20:42:32.216 WARN kycontroller::kymux_controller::server - Kynet accept failed: connection error: Endpoint closed
2026-09-15T20:42:32.216 WARN kycontroller::kymux_controller::server - Kynet accept failed: connection error: Endpoint closed
2026-09-15T20:42:32.216 WARN kycontroller::kymux_controller::server - Kynet accept failed: connection error: Endpoint closed
2026-09-15T20:42:32.216 WARN kycontroller::kymux_controller::server - Kynet accept failed: connection error: Endpoint closed
2026-09-15T20:42:32.216 WARN kycontroller::kymux_controller::server - Kynet accept failed: connection error: Endpoint closed
2026-09-15T20:42:32.217 WARN kycontroller::kymux_controller::server - Kynet accept failed: connection error: Endpoint closed
2026-09-15T20:42:32.217 WARN kycontroller::kymux_controller::server - Kynet accept failed: connection error: Endpoint closed
2026-09-15T20:42:32.217 WARN kycontroller::kymux_controller::server - Kynet accept failed: connection error: Endpoint closed
2026-09-15T20:42:32.217 WARN kycontroller::kymux_controller::server - Kynet accept failed: connection error: Endpoint closed
2026-09-15T20:42:32.217 WARN kycontroller::kymux_controller::server - Kynet accept failed: connection error: Endpoint closed
2026-09-15T20:42:32.217 WARN kycontroller::kymux_controller::server - Kynet accept failed: connection error: Endpoint closed
2026-09-15T20:42:32.217 WARN kycontroller::kymux_controller::server - Kynet accept failed: connection error: Endpoint closed
2026-09-15T20:42:32.217 WARN kycontroller::kymux_controller::server - Kynet accept failed: connection error: Endpoint closed
2026-09-15T20:42:32.217 WARN kycontroller::kymux_controller::server - Kynet accept failed: connection error: Endpoint closed
2026-09-15T20:42:32.217 WARN kycontroller::kymux_controller::server - Kynet accept failed: connection error: Endpoint closed
2026-09-15T20:42:32.217 WARN kycontroller::kymux_controller::server - Kynet accept failed: connection error: Endpoint closed
2026-09-15T20:42:32.217 WARN kycontroller::kymux_controller::server - Kynet accept failed: connection error: Endpoint closed
2026-09-15T20:42:32.217 WARN kycontroller::kymux_controller::server - Kynet accept failed: connection error: Endpoint closed
2026-09-15T20:42:32.217 WARN kycontroller::kymux_controller::server - Kynet accept failed: connection error: Endpoint closed
2026-09-15T20:42:32.217 WARN kycontroller::kymux_controller::server - Kynet accept failed: connection error: Endpoint closed
2026-09-15T20:42:32.217 WARN kycontroller::kymux_controller::server - Kynet accept failed: connection error: Endpoint closed
2026-09-15T20:42:32.217 WARN kycontroller::kymux_controller::server - Kynet accept failed: connection error: Endpoint closed
2026-09-15T20:42:32.217 WARN kycontroller::kymux_controller::server - Kynet accept failed: connection error: Endpoint closed
2026-09-15T20:42:32.217 WARN kycontroller::kymux_controller::server - Kynet accept failed: connection error: Endpoint closed
2026-09-15T20:42:32.217 WARN kycontroller::kymux_controller::server - Kynet accept failed: connection error: Endpoint closed
2026-09-15T20:42:32.217 WARN kycontroller::kymux_controller::server - Kynet accept failed: connection error: Endpoint closed
2026-09-15T20:42:32.217 WARN kycontroller::kymux_controller::server - Kynet accept failed: connection error: Endpoint closed
2026-09-15T20:42:32.217 WARN kycontroller::kymux_controller::server - Kynet accept failed: connection error: Endpoint closed
2026-09-15T20:42:32.217 WARN kycontroller::kymux_controller::server - Kynet accept failed: connection error: Endpoint closed
2026-09-15T20:42:32.217 WARN kycontroller::kymux_controller::server - Kynet accept failed: connection error: Endpoint closed
2026-09-15T20:42:32.217 WARN kycontroller::kymux_controller::server - Kynet accept failed: connection error: Endpoint closed
2026-09-15T20:42:32.217 WARN kycontroller::kymux_controller::server - Kynet accept failed: connection error: Endpoint closed
2026-09-15T20:42:32.217 WARN kycontroller::kymux_controller::server - Kynet accept failed: connection error: Endpoint closed
2026-09-15T20:42:32.217 WARN kycontroller::kymux_controller::server - Kynet accept failed: connection error: Endpoint closed
2026-09-15T20:42:32.217 WARN kycontroller::kymux_controller::server - Kynet accept failed: connection error: Endpoint closed
2026-09-15T20:42:32.217 WARN kycontroller::kymux_controller::server - Kynet accept failed: connection error: Endpoint closed
2026-09-15T20:42:32.217 WARN kycontroller::kymux_controller::server - Kynet accept failed: connection error: Endpoint closed
2026-09-15T20:42:32.217 WARN kycontroller::kymux_controller::server - Kynet accept failed: connection error: Endpoint closed
2026-09-15T20:42:32.217 WARN kycontroller::kymux_controller::server - Kynet accept failed: connection error: Endpoint closed
2026-09-15T20:42:32.217 WARN kycontroller::kymux_controller::server - Kynet accept failed: connection error: Endpoint closed
2026-09-15T20:42:32.217 WARN kycontroller::kymux_controller::server - Kynet accept failed: connection error: Endpoint closed
2026-09-15T20:42:32.217 WARN kycontroller::kymux_controller::server - Kynet accept failed: connection error: Endpoint closed
2026-09-15T20:42:32.217 WARN kycontroller::kymux_controller::server - Kynet accept failed: connection error: Endpoint closed
2026-09-15T20:42:32.217 WARN kycontroller::kymux_controller::server - Kynet accept failed: connection error: Endpoint closed
2026-09-15T20:42:32.217 WARN kycontroller::kymux_controller::server - Kynet accept failed: connection error: Endpoint closed
2026-09-15T20:42:32.217 WARN kycontroller::kymux_controller::server - Kynet accept failed: connection error: Endpoint closed
2026-09-15T20:42:32.217 WARN kycontroller::kymux_controller::server - Kynet accept failed: connection error: Endpoint closed
2026-09-15T20:42:32.217 WARN kycontroller::kymux_controller::server - Kynet accept failed: connection error: Endpoint closed
2026-09-15T20:42:32.217 WARN kycontroller::kymux_controller::server - Kynet accept failed: connection error: Endpoint closed
2026-09-15T20:42:32.217 WARN kycontroller::kymux_controller::server - Kynet accept failed: connection error: Endpoint closed
2026-09-15T20:42:32.217 WARN kycontroller::kymux_controller::server - Kynet accept failed: connection error: Endpoint closed
2026-09-15T20:42:32.217 WARN kycontroller::kymux_controller::server - Kynet accept failed: connection error: Endpoint closed
2026-09-15T20:42:32.217 WARN kycontroller::kymux_controller::server - Kynet accept failed: connection error: Endpoint closed
2026-09-15T20:42:32.217 WARN kycontroller::kymux_controller::server - Kynet accept failed: connection error: Endpoint closed
2026-09-15T20:42:32.217 WARN kycontroller::kymux_controller::server - Kynet accept failed: connection error: Endpoint closed
2026-09-15T20:42:32.217 WARN kycontroller::kymux_controller::server - Kynet accept failed: connection error: Endpoint closed
2026-09-15T20:42:32.217 WARN kycontroller::kymux_controller::server - Kynet accept failed: connection error: Endpoint closed
2026-09-15T20:42:32.217 WARN kycontroller::kymux_controller::server - Kynet accept failed: connection error: Endpoint closed
2026-09-15T20:42:32.217 WARN kycontroller::kymux_controller::server - Kynet accept failed: connection error: Endpoint closed
2026-09-15T20:42:32.217 WARN kycontroller::kymux_controller::server - Kynet accept failed: connection error: Endpoint closed
2026-09-15T20:42:32.217 WARN kycontroller::kymux_controller::server - Kynet accept failed: connection error: Endpoint closed
2026-09-15T20:42:32.217 WARN kycontroller::kymux_controller::server - Kynet accept failed: connection error: Endpoint closed
2026-09-15T20:42:32.217 WARN kycontroller::kymux_controller::server - Kynet accept failed: connection error: Endpoint closed
2026-09-15T20:42:32.217 WARN kycontroller::kymux_controller::server - Kynet accept failed: connection error: Endpoint closed
2026-09-15T20:42:32.217 WARN kycontroller::kymux_controller::server - Kynet accept failed: connection error: Endpoint closed
2026-09-15T20:42:32.217 WARN kycontroller::kymux_controller::server - Kynet accept failed: connection error: Endpoint closed
2026-09-15T20:42:32.217 WARN kycontroller::kymux_controller::server - Kynet accept failed: connection error: Endpoint closed
2026-09-15T20:42:32.217 WARN kycontroller::kymux_controller::server - Kynet accept failed: connection error: Endpoint closed
2026-09-15T20:42:32.217 WARN kycontroller::kymux_controller::server - Kynet accept failed: connection error: Endpoint closed
2026-09-15T20:42:32.217 WARN kycontroller::kymux_controller::server - Kynet accept failed: connection error: Endpoint closed
2026-09-15T20:42:32.217 WARN kycontroller::kymux_controller::server - Kynet accept failed: connection error: Endpoint closed
2026-09-15T20:42:32.217 WARN kycontroller::kymux_controller::server - Kynet accept failed: connection error: Endpoint closed
2026-09-15T20:42:32.217 WARN kycontroller::kymux_controller::server - Kynet accept failed: connection error: Endpoint closed
2026-09-15T20:42:32.217 WARN kycontroller::kymux_controller::server - Kynet accept failed: connection error: Endpoint closed
2026-09-15T20:42:32.217 WARN kycontroller::kymux_controller::server - Kynet accept failed: connection error: Endpoint closed
2026-09-15T20:42:32.217 WARN kycontroller::kymux_controller::server - Kynet accept failed: connection error: Endpoint closed
2026-09-15T20:42:32.217 WARN kycontroller::kymux_controller::server - Kynet accept failed: connection error: Endpoint closed
2026-09-15T20:42:32.217 WARN kycontroller::kymux_controller::server - Kynet accept failed: connection error: Endpoint closed
2026-09-15T20:42:32.217 WARN kycontroller::kymux_controller::server - Kynet accept failed: connection error: Endpoint closed
2026-09-15T20:42:32.217 WARN kycontroller::kymux_controller::server - Kynet accept failed: connection error: Endpoint closed
2026-09-15T20:42:32.217 WARN kycontroller::kymux_controller::server - Kynet accept failed: connection error: Endpoint closed
2026-09-15T20:42:32.217 WARN kycontroller::kymux_controller::server - Kynet accept failed: connection error: Endpoint closed
2026-09-15T20:42:32.217 WARN kycontroller::kymux_controller::server - Kynet accept failed: connection error: Endpoint closed
2026-09-15T20:42:32.217 WARN kycontroller::kymux_controller::server - Kynet accept failed: connection error: Endpoint closed
2026-09-15T20:42:32.217 WARN kycontroller::kymux_controller::server - Kynet accept failed: connection error: Endpoint closed
2026-09-15T20:42:32.217 WARN kycontroller::kymux_controller::server - Kynet accept failed: connection error: Endpoint closed
2026-09-15T20:42:32.217 WARN kycontroller::kymux_controller::server - Kynet accept failed: connection error: Endpoint closed
2026-09-15T20:42:32.217 WARN kycontroller::kymux_controller::server - Kynet accept failed: connection error: Endpoint closed
2026-09-15T20:42:32.217 WARN kycontroller::kymux_controller::server - Kynet accept failed: connection error: Endpoint closed
2026-09-15T20:42:32.217 WARN kycontroller::kymux_controller::server - Kynet accept failed: connection error: Endpoint closed
2026-09-15T20:42:32.217 WARN kycontroller::kymux_controller::server - Kynet accept failed: connection error: Endpoint closed
2026-09-15T20:42:32.217 WARN kycontroller::kymux_controller::server - Kynet accept failed: connection error: Endpoint closed
2026-09-15T20:42:32.217 WARN kycontroller::kymux_controller::server - Kynet accept failed: connection error: Endpoint closed
2026-09-15T20:42:32.217 WARN kycontroller::kymux_controller::server - Kynet accept failed: connection error: Endpoint closed
2026-09-15T20:42:32.217 WARN kycontroller::kymux_controller::server - Kynet accept failed: connection error: Endpoint closed
2026-09-15T20:42:32.217 WARN kycontroller::kymux_controller::server - Kynet accept failed: connection error: Endpoint closed
2026-09-15T20:42:32.217 WARN kycontroller::kymux_controller::server - Kynet accept failed: connection error: Endpoint closed
2026-09-15T20:42:32.217 WARN kycontroller::kymux_controller::server - Kynet accept failed: connection error: Endpoint closed
2026-09-15T20:42:32.217 WARN kycontroller::kymux_controller::server - Kynet accept failed: connection error: Endpoint closed
2026-09-15T20:42:32.217 WARN kycontroller::kymux_controller::server - Kynet accept failed: connection error: Endpoint closed
2026-09-15T20:42:32.217 WARN kycontroller::kymux_controller::server - Kynet accept failed: connection error: Endpoint closed
2026-09-15T20:42:32.217 WARN kycontroller::kymux_controller::server - Kynet accept failed: connection error: Endpoint closed
2026-09-15T20:42:32.217 WARN kycontroller::kymux_controller::server - Kynet accept failed: connection error: Endpoint closed
2026-09-15T20:42:32.217 WARN kycontroller::kymux_controller::server - Kynet accept failed: connection error: Endpoint closed
2026-09-15T20:42:32.217 WARN kycontroller::kymux_controller::server - Kynet accept failed: connection error: Endpoint closed
2026-09-15T20:42:32.217 WARN kycontroller::kymux_controller::server - Kynet accept failed: connection error: Endpoint closed
2026-09-15T20:42:32.217 WARN kycontroller::kymux_controller::server - Kynet accept failed: connection error: Endpoint closed
2026-09-15T20:42:32.217 WARN kycontroller::kymux_controller::server - Kynet accept failed: connection error: Endpoint closed
2026-09-15T20:42:32.217 WARN kycontroller::kymux_controller::server - Kynet accept failed: connection error: Endpoint closed
2026-09-15T20:42:32.217 WARN kycontroller::kymux_controller::server - Kynet accept failed: connection error: Endpoint closed
2026-09-15T20:42:32.217 WARN kycontroller::kymux_controller::server - Kynet accept failed: connection error: Endpoint closed
2026-09-15T20:42:32.217 WARN kycontroller::kymux_controller::server - Kynet accept failed: connection error: Endpoint closed
2026-09-15T20:42:32.217 WARN kycontroller::kymux_controller::server - Kynet accept failed: connection error: Endpoint closed
2026-09-15T20:42:32.217 WARN kycontroller::kymux_controller::server - Kynet accept failed: connection error: Endpoint closed
2026-09-15T20:42:32.217 WARN kycontroller::kymux_controller::server - Kynet accept failed: connection error: Endpoint closed
2026-09-15T20:42:32.217 WARN kycontroller::kymux_controller::server - Kynet accept failed: connection error: Endpoint closed
2026-09-15T20:42:32.217 WARN kycontroller::kymux_controller::server - Kynet accept failed: connection error: Endpoint closed
2026-09-15T20:42:32.218 WARN kycontroller::kymux_controller::server - Kynet accept failed: connection error: Endpoint closed
2026-09-15T20:42:32.218 WARN kycontroller::kymux_controller::server - Kynet accept failed: connection error: Endpoint closed
2026-09-15T20:42:32.218 WARN kycontroller::kymux_controller::server - Kynet accept failed: connection error: Endpoint closed
2026-09-15T20:42:32.218 WARN kycontroller::kymux_controller::server - Kynet accept failed: connection error: Endpoint closed
2026-09-15T20:42:32.218 WARN kycontroller::kymux_controller::server - Kynet accept failed: connection error: Endpoint closed
2026-09-15T20:42:32.218 WARN kycontroller::kymux_controller::server - Kynet accept failed: connection error: Endpoint closed
2026-09-15T20:42:32.218 WARN kycontroller::kymux_controller::server - Kynet accept failed: connection error: Endpoint closed
2026-09-15T20:42:32.218 WARN kycontroller::kymux_controller::server - Kynet accept failed: connection error: Endpoint closed
2026-09-15T20:42:32.218 WARN kycontroller::kymux_controller::server - Kynet accept failed: connection error: Endpoint closed
2026-09-15T20:42:32.218 WARN kycontroller::kymux_controller::server - Kynet accept failed: connection error: Endpoint closed
2026-09-15T20:42:32.218 WARN kycontroller::kymux_controller::server - Kynet accept failed: connection error: Endpoint closed
2026-09-15T20:42:32.218 WARN kycontroller::kymux_controller::server - Kynet accept failed: connection error: Endpoint closed
2026-09-15T20:42:32.218 WARN kycontroller::kymux_controller::server - Kynet accept failed: connection error: Endpoint closed
2026-09-15T20:42:32.218 WARN kycontroller::kymux_controller::server - Kynet accept failed: connection error: Endpoint closed
2026-09-15T20:42:32.218 WARN kycontroller::kymux_controller::server - Kynet accept failed: connection error: Endpoint closed
2026-09-15T20:42:32.218 WARN kycontroller::kymux_controller::server - Kynet accept failed: connection error: Endpoint closed
2026-09-15T20:42:32.218 WARN kycontroller::kymux_controller::server - Kynet accept failed: connection error: Endpoint closed
2026-09-15T20:42:32.218 WARN kycontroller::kymux_controller::server - Kynet accept failed: connection error: Endpoint closed
2026-09-15T20:42:32.218 WARN kycontroller::kymux_controller::server - Kynet accept failed: connection error: Endpoint closed
2026-09-15T20:42:32.218 WARN kycontroller::kymux_controller::server - Kynet accept failed: connection error: Endpoint closed
2026-09-15T20:42:32.218 WARN kycontroller::kymux_controller::server - Kynet accept failed: connection error: Endpoint closed
2026-09-15T20:42:32.218 WARN kycontroller::kymux_controller::server - Kynet accept failed: connection error: Endpoint closed
2026-09-15T20:42:32.218 WARN kycontroller::kymux_controller::server - Kynet accept failed: connection error: Endpoint closed
2026-09-15T20:42:32.218 WARN kycontroller::kymux_controller::server - Kynet accept failed: connection error: Endpoint closed
2026-09-15T20:42:32.218 WARN kycontroller::kymux_controller::server - Kynet accept failed: connection error: Endpoint closed
2026-09-15T20:42:32.218 WARN kycontroller::kymux_controller::server - Kynet accept failed: connection error: Endpoint closed
2026-09-15T20:42:32.218 WARN kycontroller::kymux_controller::server - Kynet accept failed: connection error: Endpoint closed
2026-09-15T20:42:32.218 WARN kycontroller::kymux_controller::server - Kynet accept failed: connection error: Endpoint closed
2026-09-15T20:42:32.218 WARN kycontroller::kymux_controller::server - Kynet accept failed: connection error: Endpoint closed
2026-09-15T20:42:32.218 WARN kycontroller::kymux_controller::server - Kynet accept failed: connection error: Endpoint closed
2026-09-15T20:42:32.218 WARN kycontroller::kymux_controller::server - Kynet accept failed: connection error: Endpoint closed
2026-09-15T20:42:32.218 WARN kycontroller::kymux_controller::server - Kynet accept failed: connection error: Endpoint closed
2026-09-15T20:42:32.218 WARN kycontroller::kymux_controller::server - Kynet accept failed: connection error: Endpoint closed
2026-09-15T20:42:32.218 WARN kycontroller::kymux_controller::server - Kynet accept failed: connection error: Endpoint closed
2026-09-15T20:42:32.218 WARN kycontroller::kymux_controller::server - Kynet accept failed: connection error: Endpoint closed
2026-09-15T20:42:32.218 WARN kycontroller::kymux_controller::server - Kynet accept failed: connection error: Endpoint closed
2026-09-15T20:42:32.218 WARN kycontroller::kymux_controller::server - Kynet accept failed: connection error: Endpoint closed
2026-09-15T20:42:32.218 WARN kycontroller::kymux_controller::server - Kynet accept failed: connection error: Endpoint closed
2026-09-15T20:42:32.218 WARN kycontroller::kymux_controller::server - Kynet accept failed: connection error: Endpoint closed
2026-09-15T20:42:32.218 WARN kycontroller::kymux_controller::server - Kynet accept failed: connection error: Endpoint closed
2026-09-15T20:42:32.218 WARN kycontroller::kymux_controller::server - Kynet accept failed: connection error: Endpoint closed
2026-09-15T20:42:32.218 WARN kycontroller::kymux_controller::server - Kynet accept failed: connection error: Endpoint closed
2026-09-15T20:42:32.218 WARN kycontroller::kymux_controller::server - Kynet accept failed: connection error: Endpoint closed
2026-09-15T20:42:32.218 WARN kycontroller::kymux_controller::server - Kynet accept failed: connection error: Endpoint closed
2026-09-15T20:42:32.218 WARN kycontroller::kymux_controller::server - Kynet accept failed: connection error: Endpoint closed
2026-09-15T20:42:32.218 WARN kycontroller::kymux_controller::server - Kynet accept failed: connection error: Endpoint closed
2026-09-15T20:42:32.218 WARN kycontroller::kymux_controller::server - Kynet accept failed: connection error: Endpoint closed
2026-09-15T20:42:32.218 WARN kycontroller::kymux_controller::server - Kynet accept failed: connection error: Endpoint closed
2026-09-15T20:42:32.218 WARN kycontroller::kymux_controller::server - Kynet accept failed: connection error: Endpoint closed
2026-09-15T20:42:32.218 WARN kycontroller::kymux_controller::server - Kynet accept failed: connection error: Endpoint closed
2026-09-15T20:42:32.218 WARN kycontroller::kymux_controller::server - Kynet accept failed: connection error: Endpoint closed
2026-09-15T20:42:32.218 WARN kycontroller::kymux_controller::server - Kynet accept failed: connection error: Endpoint closed
2026-09-15T20:42:32.218 WARN kycontroller::kymux_controller::server - Kynet accept failed: connection error: Endpoint closed
2026-09-15T20:42:32.218 WARN kycontroller::kymux_controller::server - Kynet accept failed: connection error: Endpoint closed
2026-09-15T20:42:32.218 WARN kycontroller::kymux_controller::server - Kynet accept failed: connection error: Endpoint closed
2026-09-15T20:42:32.218 WARN kycontroller::kymux_controller::server - Kynet accept failed: connection error: Endpoint closed
2026-09-15T20:42:32.218 WARN kycontroller::kymux_controller::server - Kynet accept failed: connection error: Endpoint closed
2026-09-15T20:42:32.218 WARN kycontroller::kymux_controller::server - Kynet accept failed: connection error: Endpoint closed
2026-09-15T20:42:32.218 WARN kycontroller::kymux_controller::server - Kynet accept failed: connection error: Endpoint closed
2026-09-15T20:42:32.218 WARN kycontroller::kymux_controller::server - Kynet accept failed: connection error: Endpoint closed
2026-09-15T20:42:32.218 WARN kycontroller::kymux_controller::server - Kynet accept failed: connection error: Endpoint closed
2026-09-15T20:42:32.218 WARN kycontroller::kymux_controller::server - Kynet accept failed: connection error: Endpoint closed
2026-09-15T20:42:32.218 WARN kycontroller::kymux_controller::server - Kynet accept failed: connection error: Endpoint closed
2026-09-15T20:42:32.218 WARN kycontroller::kymux_controller::server - Kynet accept failed: connection error: Endpoint closed
2026-09-15T20:42:32.218 WARN kycontroller::kymux_controller::server - Kynet accept failed: connection error: Endpoint closed
2026-09-15T20:42:32.218 WARN kycontroller::kymux_controller::server - Kynet accept failed: connection error: Endpoint closed
2026-09-15T20:42:32.218 WARN kycontroller::kymux_controller::server - Kynet accept failed: connection error: Endpoint closed
2026-09-15T20:42:32.218 WARN kycontroller::kymux_controller::server - Kynet accept failed: connection error: Endpoint closed
2026-09-15T20:42:32.218 WARN kycontroller::kymux_controller::server - Kynet accept failed: connection error: Endpoint closed
2026-09-15T20:42:32.218 WARN kycontroller::kymux_controller::server - Kynet accept failed: connection error: Endpoint closed
2026-09-15T20:42:32.218 WARN kycontroller::kymux_controller::server - Kynet accept failed: connection error: Endpoint closed
2026-09-15T20:42:32.218 WARN kycontroller::kymux_controller::server - Kynet accept failed: connection error: Endpoint closed
2026-09-15T20:42:32.218 WARN kycontroller::kymux_controller::server - Kynet accept failed: connection error: Endpoint closed
2026-09-15T20:42:32.218 WARN kycontroller::kymux_controller::server - Kynet accept failed: connection error: Endpoint closed
2026-09-15T20:42:32.218 WARN kycontroller::kymux_controller::server - Kynet accept failed: connection error: Endpoint closed
2026-09-15T20:42:32.218 WARN kycontroller::kymux_controller::server - Kynet accept failed: connection error: Endpoint closed
2026-09-15T20:42:32.218 WARN kycontroller::kymux_controller::server - Kynet accept failed: connection error: Endpoint closed
2026-09-15T20:42:32.218 WARN kycontroller::kymux_controller::server - Kynet accept failed: connection error: Endpoint closed
2026-09-15T20:42:32.218 WARN kycontroller::kymux_controller::server - Kynet accept failed: connection error: Endpoint closed
2026-09-15T20:42:32.218 WARN kycontroller::kymux_controller::server - Kynet accept failed: connection error: Endpoint closed
2026-09-15T20:42:32.218 WARN kycontroller::kymux_controller::server - Kynet accept failed: connection error: Endpoint closed
2026-09-15T20:42:32.218 WARN kycontroller::kymux_controller::server - Kynet accept failed: connection error: Endpoint closed
2026-09-15T20:42:32.218 WARN kycontroller::kymux_controller::server - Kynet accept failed: connection error: Endpoint closed
2026-09-15T20:42:32.218 WARN kycontroller::kymux_controller::server - Kynet accept failed: connection error: Endpoint closed
2026-09-15T20:42:32.218 WARN kycontroller::kymux_controller::server - Kynet accept failed: connection error: Endpoint closed
2026-09-15T20:42:32.218 WARN kycontroller::kymux_controller::server - Kynet accept failed: connection error: Endpoint closed
2026-09-15T20:42:32.218 WARN kycontroller::kymux_controller::server - Kynet accept failed: connection error: Endpoint closed
2026-09-15T20:42:32.218 WARN kycontroller::kymux_controller::server - Kynet accept failed: connection error: Endpoint closed
2026-09-15T20:42:32.218 WARN kycontroller::kymux_controller::server - Kynet accept failed: connection error: Endpoint closed
2026-09-15T20:42:32.218 WARN kycontroller::kymux_controller::server - Kynet accept failed: connection error: Endpoint closed
2026-09-15T20:42:32.218 WARN kycontroller::kymux_controller::server - Kynet accept failed: connection error: Endpoint closed
2026-09-15T20:42:32.218 WARN kycontroller::kymux_controller::server - Kynet accept failed: connection error: Endpoint closed
2026-09-15T20:42:32.218 WARN kycontroller::kymux_controller::server - Kynet accept failed: connection error: Endpoint closed
2026-09-15T20:42:32.218 WARN kycontroller::kymux_controller::server - Kynet accept failed: connection error: Endpoint closed
2026-09-15T20:42:32.218 WARN kycontroller::kymux_controller::server - Kynet accept failed: connection error: Endpoint closed
2026-09-15T20:42:32.218 WARN kycontroller::kymux_controller::server - Kynet accept failed: connection error: Endpoint closed
2026-09-15T20:42:32.218 WARN kycontroller::kymux_controller::server - Kynet accept failed: connection error: Endpoint closed
2026-09-15T20:42:32.218 WARN kycontroller::kymux_controller::server - Kynet accept failed: connection error: Endpoint closed
2026-09-15T20:42:32.218 WARN kycontroller::kymux_controller::server - Kynet accept failed: connection error: Endpoint closed
2026-09-15T20:42:32.218 WARN kycontroller::kymux_controller::server - Kynet accept failed: connection error: Endpoint closed
2026-09-15T20:42:32.218 WARN kycontroller::kymux_controller::server - Kynet accept failed: connection error: Endpoint closed
2026-09-15T20:42:32.218 WARN kycontroller::kymux_controller::server - Kynet accept failed: connection error: Endpoint closed
2026-09-15T20:42:32.218 WARN kycontroller::kymux_controller::server - Kynet accept failed: connection error: Endpoint closed
2026-09-15T20:42:32.218 WARN kycontroller::kymux_controller::server - Kynet accept failed: connection error: Endpoint closed
2026-09-15T20:42:32.218 WARN kycontroller::kymux_controller::server - Kynet accept failed: connection error: Endpoint closed
2026-09-15T20:42:32.218 WARN kycontroller::kymux_controller::server - Kynet accept failed: connection error: Endpoint closed
2026-09-15T20:42:32.218 WARN kycontroller::kymux_controller::server - Kynet accept failed: connection error: Endpoint closed
2026-09-15T20:42:32.218 WARN kycontroller::kymux_controller::server - Kynet accept failed: connection error: Endpoint closed
2026-09-15T20:42:32.218 WARN kycontroller::kymux_controller::server - Kynet accept failed: connection error: Endpoint closed
2026-09-15T20:42:32.218 WARN kycontroller::kymux_controller::server - Kynet accept failed: connection error: Endpoint closed
2026-09-15T20:42:32.218 WARN kycontroller::kymux_controller::server - Kynet accept failed: connection error: Endpoint closed
2026-09-15T20:42:32.218 WARN kycontroller::kymux_controller::server - Kynet accept failed: connection error: Endpoint closed
2026-09-15T20:42:32.218 WARN kycontroller::kymux_controller::server - Kynet accept failed: connection error: Endpoint closed
2026-09-15T20:42:32.218 WARN kycontroller::kymux_controller::server - Kynet accept failed: connection error: Endpoint closed
2026-09-15T20:42:32.218 WARN kycontroller::kymux_controller::server - Kynet accept failed: connection error: Endpoint closed
2026-09-15T20:42:32.218 WARN kycontroller::kymux_controller::server - Kynet accept failed: connection error: Endpoint closed
2026-09-15T20:42:32.218 WARN kycontroller::kymux_controller::server - Kynet accept failed: connection error: Endpoint closed
2026-09-15T20:42:32.218 WARN kycontroller::kymux_controller::server - Kynet accept failed: connection error: Endpoint closed
2026-09-15T20:42:32.218 WARN kycontroller::kymux_controller::server - Kynet accept failed: connection error: Endpoint closed
2026-09-15T20:42:32.219 WARN kycontroller::kymux_controller::server - Kynet accept failed: connection error: Endpoint closed
2026-09-15T20:42:32.219 WARN kycontroller::kymux_controller::server - Kynet accept failed: connection error: Endpoint closed
2026-09-15T20:42:32.219 WARN kycontroller::kymux_controller::server - Kynet accept failed: connection error: Endpoint closed
2026-09-15T20:42:32.219 WARN kycontroller::kymux_controller::server - Kynet accept failed: connection error: Endpoint closed
2026-09-15T20:42:32.219 WARN kycontroller::kymux_controller::server - Kynet accept failed: connection error: Endpoint closed
2026-09-15T20:42:32.219 WARN kycontroller::kymux_controller::server - Kynet accept failed: connection error: Endpoint closed
2026-09-15T20:42:32.219 WARN kycontroller::kymux_controller::server - Kynet accept failed: connection error: Endpoint closed
2026-09-15T20:42:32.219 WARN kycontroller::kymux_controller::server - Kynet accept failed: connection error: Endpoint closed
2026-09-15T20:42:32.219 WARN kycontroller::kymux_controller::server - Kynet accept failed: connection error: Endpoint closed
2026-09-15T20:42:32.219 WARN kycontroller::kymux_controller::server - Kynet accept failed: connection error: Endpoint closed
2026-09-15T20:42:32.219 WARN kycontroller::kymux_controller::server - Kynet accept failed: connection error: Endpoint closed
2026-09-15T20:42:32.219 WARN kycontroller::kymux_controller::server - Kynet accept failed: connection error: Endpoint closed
2026-09-15T20:42:32.219 WARN kycontroller::kymux_controller::server - Kynet accept failed: connection error: Endpoint closed
2026-09-15T20:42:32.219 WARN kycontroller::kymux_controller::server - Kynet accept failed: connection error: Endpoint closed
2026-09-15T20:42:32.219 WARN kycontroller::kymux_controller::server - Kynet accept failed: connection error: Endpoint closed
2026-09-15T20:42:32.219 WARN kycontroller::kymux_controller::server - Kynet accept failed: connection error: Endpoint closed
2026-09-15T20:42:32.219 WARN kycontroller::kymux_controller::server - Kynet accept failed: connection error: Endpoint closed
2026-09-15T20:42:32.219 WARN kycontroller::kymux_controller::server - Kynet accept failed: connection error: Endpoint closed
2026-09-15T20:42:32.219 WARN kycontroller::kymux_controller::server - Kynet accept failed: connection error: Endpoint closed
2026-09-15T20:42:32.219 WARN kycontroller::kymux_controller::server - Kynet accept failed: connection error: Endpoint closed
2026-09-15T20:42:32.219 WARN kycontroller::kymux_controller::server - Kynet accept failed: connection error: Endpoint closed
2026-09-15T20:42:32.219 WARN kycontroller::kymux_controller::server - Kynet accept failed: connection error: Endpoint closed
2026-09-15T20:42:32.219 WARN kycontroller::kymux_controller::server - Kynet accept failed: connection error: Endpoint closed
2026-09-15T20:42:32.219 WARN kycontroller::kymux_controller::server - Kynet accept failed: connection error: Endpoint closed
2026-09-15T20:42:32.219 WARN kycontroller::kymux_controller::server - Kynet accept failed: connection error: Endpoint closed
2026-09-15T20:42:32.219 WARN kycontroller::kymux_controller::server - Kynet accept failed: connection error: Endpoint closed
2026-09-15T20:42:32.219 WARN kycontroller::kymux_controller::server - Kynet accept failed: connection error: Endpoint closed
2026-09-15T20:42:32.219 WARN kycontroller::kymux_controller::server - Kynet accept failed: connection error: Endpoint closed
2026-09-15T20:42:32.219 WARN kycontroller::kymux_controller::server - Kynet accept failed: connection error: Endpoint closed
2026-09-15T20:42:32.219 WARN kycontroller::kymux_controller::server - Kynet accept failed: connection error: Endpoint closed
2026-09-15T20:42:32.219 WARN kycontroller::kymux_controller::server - Kynet accept failed: connection error: Endpoint closed
2026-09-15T20:42:32.219 WARN kycontroller::kymux_controller::server - Kynet accept failed: connection error: Endpoint closed
2026-09-15T20:42:32.219 WARN kycontroller::kymux_controller::server - Kynet accept failed: connection error: Endpoint closed
2026-09-15T20:42:32.219 WARN kycontroller::kymux_controller::server - Kynet accept failed: connection error: Endpoint closed
2026-09-15T20:42:32.219 WARN kycontroller::kymux_controller::server - Kynet accept failed: connection error: Endpoint closed
2026-09-15T20:42:32.219 WARN kycontroller::kymux_controller::server - Kynet accept failed: connection error: Endpoint closed
2026-09-15T20:42:32.219 WARN kycontroller::kymux_controller::server - Kynet accept failed: connection error: Endpoint closed
2026-09-15T20:42:32.219 WARN kycontroller::kymux_controller::server - Kynet accept failed: connection error: Endpoint closed
2026-09-15T20:42:32.219 WARN kycontroller::kymux_controller::server - Kynet accept failed: connection error: Endpoint closed
2026-09-15T20:42:32.219 WARN kycontroller::kymux_controller::server - Kynet accept failed: connection error: Endpoint closed
2026-09-15T20:42:32.219 WARN kycontroller::kymux_controller::server - Kynet accept failed: connection error: Endpoint closed
2026-09-15T20:42:32.219 WARN kycontroller::kymux_controller::server - Kynet accept failed: connection error: Endpoint closed
2026-09-15T20:42:32.219 WARN kycontroller::kymux_controller::server - Kynet accept failed: connection error: Endpoint closed
2026-09-15T20:42:32.219 WARN kycontroller::kymux_controller::server - Kynet accept failed: connection error: Endpoint closed
2026-09-15T20:42:32.219 WARN kycontroller::kymux_controller::server - Kynet accept failed: connection error: Endpoint closed
2026-09-15T20:42:32.219 WARN kycontroller::kymux_controller::server - Kynet accept failed: connection error: Endpoint closed
2026-09-15T20:42:32.219 WARN kycontroller::kymux_controller::server - Kynet accept failed: connection error: Endpoint closed
2026-09-15T20:42:32.219 WARN kycontroller::kymux_controller::server - Kynet accept failed: connection error: Endpoint closed
2026-09-15T20:42:32.219 WARN kycontroller::kymux_controller::server - Kynet accept failed: connection error: Endpoint closed
2026-09-15T20:42:32.219 WARN kycontroller::kymux_controller::server - Kynet accept failed: connection error: Endpoint closed
2026-09-15T20:42:32.219 WARN kycontroller::kymux_controller::server - Kynet accept failed: connection error: Endpoint closed
2026-09-15T20:42:32.219 WARN kycontroller::kymux_controller::server - Kynet accept failed: connection error: Endpoint closed
2026-09-15T20:42:32.219 WARN kycontroller::kymux_controller::server - Kynet accept failed: connection error: Endpoint closed
2026-09-15T20:42:32.219 WARN kycontroller::kymux_controller::server - Kynet accept failed: connection error: Endpoint closed
2026-09-15T20:42:32.219 WARN kycontroller::kymux_controller::server - Kynet accept failed: connection error: Endpoint closed
2026-09-15T20:42:32.219 WARN kycontroller::kymux_controller::server - Kynet accept failed: connection error: Endpoint closed
2026-09-15T20:42:32.219 WARN kycontroller::kymux_controller::server - Kynet accept failed: connection error: Endpoint closed
2026-09-15T20:42:32.219 WARN kycontroller::kymux_controller::server - Kynet accept failed: connection error: Endpoint closed
2026-09-15T20:42:32.219 WARN kycontroller::kymux_controller::server - Kynet accept failed: connection error: Endpoint closed
2026-09-15T20:42:32.219 WARN kycontroller::kymux_controller::server - Kynet accept failed: connection error: Endpoint closed
2026-09-15T20:42:32.219 WARN kycontroller::kymux_controller::server - Kynet accept failed: connection error: Endpoint closed
2026-09-15T20:42:32.219 WARN kycontroller::kymux_controller::server - Kynet accept failed: connection error: Endpoint closed
2026-09-15T20:42:32.219 WARN kycontroller::kymux_controller::server - Kynet accept failed: connection error: Endpoint closed
2026-09-15T20:42:32.219 WARN kycontroller::kymux_controller::server - Kynet accept failed: connection error: Endpoint closed
2026-09-15T20:42:32.219 WARN kycontroller::kymux_controller::server - Kynet accept failed: connection error: Endpoint closed
2026-09-15T20:42:32.219 WARN kycontroller::kymux_controller::server - Kynet accept failed: connection error: Endpoint closed
2026-09-15T20:42:32.219 WARN kycontroller::kymux_controller::server - Kynet accept failed: connection error: Endpoint closed
2026-09-15T20:42:32.219 WARN kycontroller::kymux_controller::server - Kynet accept failed: connection error: Endpoint closed
2026-09-15T20:42:32.219 WARN kycontroller::kymux_controller::server - Kynet accept failed: connection error: Endpoint closed
2026-09-15T20:42:32.219 WARN kycontroller::kymux_controller::server - Kynet accept failed: connection error: Endpoint closed
2026-09-15T20:42:32.219 WARN kycontroller::kymux_controller::server - Kynet accept failed: connection error: Endpoint closed
2026-09-15T20:42:32.219 WARN kycontroller::kymux_controller::server - Kynet accept failed: connection error: Endpoint closed
2026-09-15T20:42:32.219 WARN kycontroller::kymux_controller::server - Kynet accept failed: connection error: Endpoint closed
2026-09-15T20:42:32.219 WARN kycontroller::kymux_controller::server - Kynet accept failed: connection error: Endpoint closed
2026-09-15T20:42:32.219 WARN kycontroller::kymux_controller::server - Kynet accept failed: connection error: Endpoint closed
2026-09-15T20:42:32.219 WARN kycontroller::kymux_controller::server - Kynet accept failed: connection error: Endpoint closed
2026-09-15T20:42:32.219 WARN kycontroller::kymux_controller::server - Kynet accept failed: connection error: Endpoint closed
2026-09-15T20:42:32.219 WARN kycontroller::kymux_controller::server - Kynet accept failed: connection error: Endpoint closed
2026-09-15T20:42:32.219 WARN kycontroller::kymux_controller::server - Kynet accept failed: connection error: Endpoint closed
2026-09-15T20:42:32.219 WARN kycontroller::kymux_controller::server - Kynet accept failed: connection error: Endpoint closed
2026-09-15T20:42:32.219 WARN kycontroller::kymux_controller::server - Kynet accept failed: connection error: Endpoint closed
2026-09-15T20:42:32.219 WARN kycontroller::kymux_controller::server - Kynet accept failed: connection error: Endpoint closed
2026-09-15T20:42:32.219 WARN kycontroller::kymux_controller::server - Kynet accept failed: connection error: Endpoint closed
2026-09-15T20:42:32.219 WARN kycontroller::kymux_controller::server - Kynet accept failed: connection error: Endpoint closed
2026-09-15T20:42:32.219 WARN kycontroller::kymux_controller::server - Kynet accept failed: connection error: Endpoint closed
2026-09-15T20:42:32.219 WARN kycontroller::kymux_controller::server - Kynet accept failed: connection error: Endpoint closed
2026-09-15T20:42:32.219 WARN kycontroller::kymux_controller::server - Kynet accept failed: connection error: Endpoint closed
2026-09-15T20:42:32.219 WARN kycontroller::kymux_controller::server - Kynet accept failed: connection error: Endpoint closed
2026-09-15T20:42:32.219 WARN kycontroller::kymux_controller::server - Kynet accept failed: connection error: Endpoint closed
2026-09-15T20:42:32.219 WARN kycontroller::kymux_controller::server - Kynet accept failed: connection error: Endpoint closed
2026-09-15T20:42:32.219 WARN kycontroller::kymux_controller::server - Kynet accept failed: connection error: Endpoint closed
2026-09-15T20:42:32.219 WARN kycontroller::kymux_controller::server - Kynet accept failed: connection error: Endpoint closed
2026-09-15T20:42:32.219 WARN kycontroller::kymux_controller::server - Kynet accept failed: connection error: Endpoint closed
2026-09-15T20:42:32.219 WARN kycontroller::kymux_controller::server - Kynet accept failed: connection error: Endpoint closed
2026-09-15T20:42:32.219 WARN kycontroller::kymux_controller::server - Kynet accept failed: connection error: Endpoint closed
2026-09-15T20:42:32.219 WARN kycontroller::kymux_controller::server - Kynet accept failed: connection error: Endpoint closed
2026-09-15T20:42:32.219 WARN kycontroller::kymux_controller::server - Kynet accept failed: connection error: Endpoint closed
2026-09-15T20:42:32.219 WARN kycontroller::kymux_controller::server - Kynet accept failed: connection error: Endpoint closed
2026-09-15T20:42:32.219 WARN kycontroller::kymux_controller::server - Kynet accept failed: connection error: Endpoint closed
2026-09-15T20:42:32.219 WARN kycontroller::kymux_controller::server - Kynet accept failed: connection error: Endpoint closed
2026-09-15T20:42:32.219 WARN kycontroller::kymux_controller::server - Kynet accept failed: connection error: Endpoint closed
2026-09-15T20:42:32.219 WARN kycontroller::kymux_controller::server - Kynet accept failed: connection error: Endpoint closed
2026-09-15T20:42:32.219 WARN kycontroller::kymux_controller::server - Kynet accept failed: connection error: Endpoint closed
2026-09-15T20:42:32.219 WARN kycontroller::kymux_controller::server - Kynet accept failed: connection error: Endpoint closed
2026-09-15T20:42:32.219 WARN kycontroller::kymux_controller::server - Kynet accept failed: connection error: Endpoint closed
2026-09-15T20:42:32.219 WARN kycontroller::kymux_controller::server - Kynet accept failed: connection error: Endpoint closed
2026-09-15T20:42:32.219 WARN kycontroller::kymux_controller::server - Kynet accept failed: connection error: Endpoint closed
2026-09-15T20:42:32.219 WARN kycontroller::kymux_controller::server - Kynet accept failed: connection error: Endpoint closed
2026-09-15T20:42:32.219 WARN kycontroller::kymux_controller::server - Kynet accept failed: connection error: Endpoint closed
2026-09-15T20:42:32.219 WARN kycontroller::kymux_controller::server - Kynet accept failed: connection error: Endpoint closed
2026-09-15T20:42:32.219 WARN kycontroller::kymux_controller::server - Kynet accept failed: connection error: Endpoint closed
2026-09-15T20:42:32.219 WARN kycontroller::kymux_controller::server - Kynet accept failed: connection error: Endpoint closed
2026-09-15T20:42:32.219 WARN kycontroller::kymux_controller::server - Kynet accept failed: connection error: Endpoint closed
2026-09-15T20:42:32.219 WARN kycontroller::kymux_controller::server - Kynet accept failed: connection error: Endpoint closed
2026-09-15T20:42:32.219 WARN kycontroller::kymux_controller::server - Kynet accept failed: connection error: Endpoint closed
2026-09-15T20:42:32.219 WARN kycontroller::kymux_controller::server - Kynet accept failed: connection error: Endpoint closed
2026-09-15T20:42:32.219 WARN kycontroller::kymux_controller::server - Kynet accept failed: connection error: Endpoint closed
2026-09-15T20:42:32.219 WARN kycontroller::kymux_controller::server - Kynet accept failed: connection error: Endpoint closed
2026-09-15T20:42:32.220 WARN kycontroller::kymux_controller::server - Kynet accept failed: connection error: Endpoint closed
2026-09-15T20:42:32.220 WARN kycontroller::kymux_controller::server - Kynet accept failed: connection error: Endpoint closed
2026-09-15T20:42:32.220 WARN kycontroller::kymux_controller::server - Kynet accept failed: connection error: Endpoint closed
2026-09-15T20:42:32.220 WARN kycontroller::kymux_controller::server - Kynet accept failed: connection error: Endpoint closed
2026-09-15T20:42:32.220 WARN kycontroller::kymux_controller::server - Kynet accept failed: connection error: Endpoint closed
2026-09-15T20:42:32.220 WARN kycontroller::kymux_controller::server - Kynet accept failed: connection error: Endpoint closed
2026-09-15T20:42:32.220 WARN kycontroller::kymux_controller::server - Kynet accept failed: connection error: Endpoint closed
2026-09-15T20:42:32.220 WARN kycontroller::kymux_controller::server - Kynet accept failed: connection error: Endpoint closed
2026-09-15T20:42:32.220 WARN kycontroller::kymux_controller::server - Kynet accept failed: connection error: Endpoint closed
2026-09-15T20:42:32.220 WARN kycontroller::kymux_controller::server - Kynet accept failed: connection error: Endpoint closed
2026-09-15T20:42:32.220 WARN kycontroller::kymux_controller::server - Kynet accept failed: connection error: Endpoint closed
2026-09-15T20:42:32.220 WARN kycontroller::kymux_controller::server - Kynet accept failed: connection error: Endpoint closed
2026-09-15T20:42:32.220 WARN kycontroller::kymux_controller::server - Kynet accept failed: connection error: Endpoint closed
2026-09-15T20:42:32.220 WARN kycontroller::kymux_controller::server - Kynet accept failed: connection error: Endpoint closed
2026-09-15T20:42:32.220 WARN kycontroller::kymux_controller::server - Kynet accept failed: connection error: Endpoint closed
2026-09-15T20:42:32.220 WARN kycontroller::kymux_controller::server - Kynet accept failed: connection error: Endpoint closed
2026-09-15T20:42:32.220 WARN kycontroller::kymux_controller::server - Kynet accept failed: connection error: Endpoint closed
2026-09-15T20:42:32.220 WARN kycontroller::kymux_controller::server - Kynet accept failed: connection error: Endpoint closed
2026-09-15T20:42:32.220 WARN kycontroller::kymux_controller::server - Kynet accept failed: connection error: Endpoint closed
2026-09-15T20:42:32.220 WARN kycontroller::kymux_controller::server - Kynet accept failed: connection error: Endpoint closed
2026-09-15T20:42:32.220 WARN kycontroller::kymux_controller::server - Kynet accept failed: connection error: Endpoint closed
2026-09-15T20:42:32.220 WARN kycontroller::kymux_controller::server - Kynet accept failed: connection error: Endpoint closed
2026-09-15T20:42:32.220 WARN kycontroller::kymux_controller::server - Kynet accept failed: connection error: Endpoint closed
2026-09-15T20:42:32.220 WARN kycontroller::kymux_controller::server - Kynet accept failed: connection error: Endpoint closed
2026-09-15T20:42:32.220 WARN kycontroller::kymux_controller::server - Kynet accept failed: connection error: Endpoint closed
2026-09-15T20:42:32.220 WARN kycontroller::kymux_controller::server - Kynet accept failed: connection error: Endpoint closed
2026-09-15T20:42:32.220 WARN kycontroller::kymux_controller::server - Kynet accept failed: connection error: Endpoint closed
2026-09-15T20:42:32.220 WARN kycontroller::kymux_controller::server - Kynet accept failed: connection error: Endpoint closed
2026-09-15T20:42:32.220 WARN kycontroller::kymux_controller::server - Kynet accept failed: connection error: Endpoint closed
2026-09-15T20:42:32.220 WARN kycontroller::kymux_controller::server - Kynet accept failed: connection error: Endpoint closed
2026-09-15T20:42:32.220 WARN kycontroller::kymux_controller::server - Kynet accept failed: connection error: Endpoint closed
2026-09-15T20:42:32.220 WARN kycontroller::kymux_controller::server - Kynet accept failed: connection error: Endpoint closed
2026-09-15T20:42:32.220 WARN kycontroller::kymux_controller::server - Kynet accept failed: connection error: Endpoint closed
2026-09-15T20:42:32.220 WARN kycontroller::kymux_controller::server - Kynet accept failed: connection error: Endpoint closed
2026-09-15T20:42:32.220 WARN kycontroller::kymux_controller::server - Kynet accept failed: connection error: Endpoint closed
2026-09-15T20:42:32.220 WARN kycontroller::kymux_controller::server - Kynet accept failed: connection error: Endpoint closed
2026-09-15T20:42:32.220 WARN kycontroller::kymux_controller::server - Kynet accept failed: connection error: Endpoint closed
2026-09-15T20:42:32.220 WARN kycontroller::kymux_controller::server - Kynet accept failed: connection error: Endpoint closed
2026-09-15T20:42:32.220 WARN kycontroller::kymux_controller::server - Kynet accept failed: connection error: Endpoint closed
2026-09-15T20:42:32.220 WARN kycontroller::kymux_controller::server - Kynet accept failed: connection error: Endpoint closed
2026-09-15T20:42:32.220 WARN kycontroller::kymux_controller::server - Kynet accept failed: connection error: Endpoint closed
2026-09-15T20:42:32.220 WARN kycontroller::kymux_controller::server - Kynet accept failed: connection error: Endpoint closed
2026-09-15T20:42:32.220 WARN kycontroller::kymux_controller::server - Kynet accept failed: connection error: Endpoint closed
2026-09-15T20:42:32.220 WARN kycontroller::kymux_controller::server - Kynet accept failed: connection error: Endpoint closed
2026-09-15T20:42:32.220 WARN kycontroller::kymux_controller::server - Kynet accept failed: connection error: Endpoint closed
2026-09-15T20:42:32.220 WARN kycontroller::kymux_controller::server - Kynet accept failed: connection error: Endpoint closed
2026-09-15T20:42:32.220 WARN kycontroller::kymux_controller::server - Kynet accept failed: connection error: Endpoint closed
2026-09-15T20:42:32.220 WARN kycontroller::kymux_controller::server - Kynet accept failed: connection error: Endpoint closed
2026-09-15T20:42:32.220 WARN kycontroller::kymux_controller::server - Kynet accept failed: connection error: Endpoint closed
2026-09-15T20:42:32.220 WARN kycontroller::kymux_controller::server - Kynet accept failed: connection error: Endpoint closed
2026-09-15T20:42:32.220 WARN kycontroller::kymux_controller::server - Kynet accept failed: connection error: Endpoint closed
2026-09-15T20:42:32.220 WARN kycontroller::kymux_controller::server - Kynet accept failed: connection error: Endpoint closed
2026-09-15T20:42:32.220 WARN kycontroller::kymux_controller::server - Kynet accept failed: connection error: Endpoint closed
2026-09-15T20:42:32.220 WARN kycontroller::kymux_controller::server - Kynet accept failed: connection error: Endpoint closed
2026-09-15T20:42:32.220 WARN kycontroller::kymux_controller::server - Kynet accept failed: connection error: Endpoint closed
2026-09-15T20:42:32.220 WARN kycontroller::kymux_controller::server - Kynet accept failed: connection error: Endpoint closed
2026-09-15T20:42:32.220 WARN kycontroller::kymux_controller::server - Kynet accept failed: connection error: Endpoint closed
2026-09-15T20:42:32.220 WARN kycontroller::kymux_controller::server - Kynet accept failed: connection error: Endpoint closed
2026-09-15T20:42:32.220 WARN kycontroller::kymux_controller::server - Kynet accept failed: connection error: Endpoint closed
2026-09-15T20:42:32.220 WARN kycontroller::kymux_controller::server - Kynet accept failed: connection error: Endpoint closed
2026-09-15T20:42:32.220 WARN kycontroller::kymux_controller::server - Kynet accept failed: connection error: Endpoint closed
2026-09-15T20:42:32.220 WARN kycontroller::kymux_controller::server - Kynet accept failed: connection error: Endpoint closed
2026-09-15T20:42:32.220 WARN kycontroller::kymux_controller::server - Kynet accept failed: connection error: Endpoint closed
2026-09-15T20:42:32.220 WARN kycontroller::kymux_controller::server - Kynet accept failed: connection error: Endpoint closed
2026-09-15T20:42:32.220 WARN kycontroller::kymux_controller::server - Kynet accept failed: connection error: Endpoint closed
2026-09-15T20:42:32.220 WARN kycontroller::kymux_controller::server - Kynet accept failed: connection error: Endpoint closed
2026-09-15T20:42:32.220 WARN kycontroller::kymux_controller::server - Kynet accept failed: connection error: Endpoint closed
2026-09-15T20:42:32.220 WARN kycontroller::kymux_controller::server - Kynet accept failed: connection error: Endpoint closed
2026-09-15T20:42:32.220 WARN kycontroller::kymux_controller::server - Kynet accept failed: connection error: Endpoint closed
2026-09-15T20:42:32.220 WARN kycontroller::kymux_controller::server - Kynet accept failed: connection error: Endpoint closed
2026-09-15T20:42:32.220 WARN kycontroller::kymux_controller::server - Kynet accept failed: connection error: Endpoint closed
2026-09-15T20:42:32.220 WARN kycontroller::kymux_controller::server - Kynet accept failed: connection error: Endpoint closed
2026-09-15T20:42:32.220 WARN kycontroller::kymux_controller::server - Kynet accept failed: connection error: Endpoint closed
2026-09-15T20:42:32.220 WARN kycontroller::kymux_controller::server - Kynet accept failed: connection error: Endpoint closed
2026-09-15T20:42:32.220 WARN kycontroller::kymux_controller::server - Kynet accept failed: connection error: Endpoint closed
2026-09-15T20:42:32.220 WARN kycontroller::kymux_controller::server - Kynet accept failed: connection error: Endpoint closed
2026-09-15T20:42:32.220 WARN kycontroller::kymux_controller::server - Kynet accept failed: connection error: Endpoint closed
2026-09-15T20:42:32.220 WARN kycontroller::kymux_controller::server - Kynet accept failed: connection error: Endpoint closed
2026-09-15T20:42:32.220 WARN kycontroller::kymux_controller::server - Kynet accept failed: connection error: Endpoint closed
2026-09-15T20:42:32.220 WARN kycontroller::kymux_controller::server - Kynet accept failed: connection error: Endpoint closed
2026-09-15T20:42:32.220 WARN kycontroller::kymux_controller::server - Kynet accept failed: connection error: Endpoint closed
2026-09-15T20:42:32.220 WARN kycontroller::kymux_controller::server - Kynet accept failed: connection error: Endpoint closed
2026-09-15T20:42:32.220 WARN kycontroller::kymux_controller::server - Kynet accept failed: connection error: Endpoint closed
2026-09-15T20:42:32.220 WARN kycontroller::kymux_controller::server - Kynet accept failed: connection error: Endpoint closed
2026-09-15T20:42:32.220 WARN kycontroller::kymux_controller::server - Kynet accept failed: connection error: Endpoint closed
2026-09-15T20:42:32.220 WARN kycontroller::kymux_controller::server - Kynet accept failed: connection error: Endpoint closed
2026-09-15T20:42:32.220 WARN kycontroller::kymux_controller::server - Kynet accept failed: connection error: Endpoint closed
2026-09-15T20:42:32.220 WARN kycontroller::kymux_controller::server - Kynet accept failed: connection error: Endpoint closed
2026-09-15T20:42:32.220 WARN kycontroller::kymux_controller::server - Kynet accept failed: connection error: Endpoint closed
2026-09-15T20:42:32.220 WARN kycontroller::kymux_controller::server - Kynet accept failed: connection error: Endpoint closed
2026-09-15T20:42:32.220 WARN kycontroller::kymux_controller::server - Kynet accept failed: connection error: Endpoint closed
2026-09-15T20:42:32.220 WARN kycontroller::kymux_controller::server - Kynet accept failed: connection error: Endpoint closed
2026-09-15T20:42:32.220 WARN kycontroller::kymux_controller::server - Kynet accept failed: connection error: Endpoint closed
2026-09-15T20:42:32.220 WARN kycontroller::kymux_controller::server - Kynet accept failed: connection error: Endpoint closed
2026-09-15T20:42:32.220 WARN kycontroller::kymux_controller::server - Kynet accept failed: connection error: Endpoint closed
2026-09-15T20:42:32.220 WARN kycontroller::kymux_controller::server - Kynet accept failed: connection error: Endpoint closed
2026-09-15T20:42:32.220 WARN kycontroller::kymux_controller::server - Kynet accept failed: connection error: Endpoint closed
2026-09-15T20:42:32.220 WARN kycontroller::kymux_controller::server - Kynet accept failed: connection error: Endpoint closed
2026-09-15T20:42:32.220 WARN kycontroller::kymux_controller::server - Kynet accept failed: connection error: Endpoint closed
2026-09-15T20:42:32.220 WARN kycontroller::kymux_controller::server - Kynet accept failed: connection error: Endpoint closed
2026-09-15T20:42:32.220 WARN kycontroller::kymux_controller::server - Kynet accept failed: connection error: Endpoint closed
2026-09-15T20:42:32.220 WARN kycontroller::kymux_controller::server - Kynet accept failed: connection error: Endpoint closed
2026-09-15T20:42:32.220 WARN kycontroller::kymux_controller::server - Kynet accept failed: connection error: Endpoint closed
2026-09-15T20:42:32.220 WARN kycontroller::kymux_controller::server - Kynet accept failed: connection error: Endpoint closed
2026-09-15T20:42:32.220 WARN kycontroller::kymux_controller::server - Kynet accept failed: connection error: Endpoint closed
2026-09-15T20:42:32.220 WARN kycontroller::kymux_controller::server - Kynet accept failed: connection error: Endpoint closed
2026-09-15T20:42:32.220 WARN kycontroller::kymux_controller::server - Kynet accept failed: connection error: Endpoint closed
2026-09-15T20:42:32.220 WARN kycontroller::kymux_controller::server - Kynet accept failed: connection error: Endpoint closed
2026-09-15T20:42:32.220 WARN kycontroller::kymux_controller::server - Kynet accept failed: connection error: Endpoint closed
2026-09-15T20:42:32.220 WARN kycontroller::kymux_controller::server - Kynet accept failed: connection error: Endpoint closed
2026-09-15T20:42:32.220 WARN kycontroller::kymux_controller::server - Kynet accept failed: connection error: Endpoint closed
2026-09-15T20:42:32.220 WARN kycontroller::kymux_controller::server - Kynet accept failed: connection error: Endpoint closed
2026-09-15T20:42:32.220 WARN kycontroller::kymux_controller::server - Kynet accept failed: connection error: Endpoint closed
2026-09-15T20:42:32.220 WARN kycontroller::kymux_controller::server - Kynet accept failed: connection error: Endpoint closed
2026-09-15T20:42:32.220 WARN kycontroller::kymux_controller::server - Kynet accept failed: connection error: Endpoint closed
2026-09-15T20:42:32.220 WARN kycontroller::kymux_controller::server - Kynet accept failed: connection error: Endpoint closed
2026-09-15T20:42:32.220 WARN kycontroller::kymux_controller::server - Kynet accept failed: connection error: Endpoint closed
2026-09-15T20:42:32.220 WARN kycontroller::kymux_controller::server - Kynet accept failed: connection error: Endpoint closed
2026-09-15T20:42:32.221 WARN kycontroller::kymux_controller::server - Kynet accept failed: connection error: Endpoint closed
2026-09-15T20:42:32.221 WARN kycontroller::kymux_controller::server - Kynet accept failed: connection error: Endpoint closed
2026-09-15T20:42:32.221 WARN kycontroller::kymux_controller::server - Kynet accept failed: connection error: Endpoint closed
2026-09-15T20:42:32.221 WARN kycontroller::kymux_controller::server - Kynet accept failed: connection error: Endpoint closed
2026-09-15T20:42:32.221 WARN kycontroller::kymux_controller::server - Kynet accept failed: connection error: Endpoint closed
2026-09-15T20:42:32.221 WARN kycontroller::kymux_controller::server - Kynet accept failed: connection error: Endpoint closed
2026-09-15T20:42:32.221 WARN kycontroller::kymux_controller::server - Kynet accept failed: connection error: Endpoint closed
2026-09-15T20:42:32.221 WARN kycontroller::kymux_controller::server - Kynet accept failed: connection error: Endpoint closed
2026-09-15T20:42:32.221 WARN kycontroller::kymux_controller::server - Kynet accept failed: connection error: Endpoint closed
2026-09-15T20:42:32.221 WARN kycontroller::kymux_controller::server - Kynet accept failed: connection error: Endpoint closed
2026-09-15T20:42:32.221 WARN kycontroller::kymux_controller::server - Kynet accept failed: connection error: Endpoint closed
2026-09-15T20:42:32.221 WARN kycontroller::kymux_controller::server - Kynet accept failed: connection error: Endpoint closed
2026-09-15T20:42:32.221 WARN kycontroller::kymux_controller::server - Kynet accept failed: connection error: Endpoint closed
2026-09-15T20:42:32.221 WARN kycontroller::kymux_controller::server - Kynet accept failed: connection error: Endpoint closed
2026-09-15T20:42:32.221 WARN kycontroller::kymux_controller::server - Kynet accept failed: connection error: Endpoint closed
2026-09-15T20:42:32.221 WARN kycontroller::kymux_controller::server - Kynet accept failed: connection error: Endpoint closed
2026-09-15T20:42:32.221 WARN kycontroller::kymux_controller::server - Kynet accept failed: connection error: Endpoint closed
2026-09-15T20:42:32.221 WARN kycontroller::kymux_controller::server - Kynet accept failed: connection error: Endpoint closed
2026-09-15T20:42:32.221 WARN kycontroller::kymux_controller::server - Kynet accept failed: connection error: Endpoint closed
2026-09-15T20:42:32.221 WARN kycontroller::kymux_controller::server - Kynet accept failed: connection error: Endpoint closed
2026-09-15T20:42:32.221 WARN kycontroller::kymux_controller::server - Kynet accept failed: connection error: Endpoint closed
2026-09-15T20:42:32.221 WARN kycontroller::kymux_controller::server - Kynet accept failed: connection error: Endpoint closed
2026-09-15T20:42:32.221 WARN kycontroller::kymux_controller::server - Kynet accept failed: connection error: Endpoint closed
2026-09-15T20:42:32.221 WARN kycontroller::kymux_controller::server - Kynet accept failed: connection error: Endpoint closed
2026-09-15T20:42:32.221 WARN kycontroller::kymux_controller::server - Kynet accept failed: connection error: Endpoint closed
2026-09-15T20:42:32.221 WARN kycontroller::kymux_controller::server - Kynet accept failed: connection error: Endpoint closed
2026-09-15T20:42:32.221 WARN kycontroller::kymux_controller::server - Kynet accept failed: connection error: Endpoint closed
2026-09-15T20:42:32.221 WARN kycontroller::kymux_controller::server - Kynet accept failed: connection error: Endpoint closed
2026-09-15T20:42:32.221 WARN kycontroller::kymux_controller::server - Kynet accept failed: connection error: Endpoint closed
2026-09-15T20:42:32.221 WARN kycontroller::kymux_controller::server - Kynet accept failed: connection error: Endpoint closed
2026-09-15T20:42:32.221 WARN kycontroller::kymux_controller::server - Kynet accept failed: connection error: Endpoint closed
2026-09-15T20:42:32.221 WARN kycontroller::kymux_controller::server - Kynet accept failed: connection error: Endpoint closed
2026-09-15T20:42:32.221 WARN kycontroller::kymux_controller::server - Kynet accept failed: connection error: Endpoint closed
2026-09-15T20:42:32.221 WARN kycontroller::kymux_controller::server - Kynet accept failed: connection error: Endpoint closed
2026-09-15T20:42:32.221 WARN kycontroller::kymux_controller::server - Kynet accept failed: connection error: Endpoint closed
2026-09-15T20:42:32.221 WARN kycontroller::kymux_controller::server - Kynet accept failed: connection error: Endpoint closed
2026-09-15T20:42:32.221 WARN kycontroller::kymux_controller::server - Kynet accept failed: connection error: Endpoint closed
2026-09-15T20:42:32.221 WARN kycontroller::kymux_controller::server - Kynet accept failed: connection error: Endpoint closed
2026-09-15T20:42:32.221 WARN kycontroller::kymux_controller::server - Kynet accept failed: connection error: Endpoint closed
2026-09-15T20:42:32.221 WARN kycontroller::kymux_controller::server - Kynet accept failed: connection error: Endpoint closed
2026-09-15T20:42:32.221 WARN kycontroller::kymux_controller::server - Kynet accept failed: connection error: Endpoint closed
2026-09-15T20:42:32.221 WARN kycontroller::kymux_controller::server - Kynet accept failed: connection error: Endpoint closed
2026-09-15T20:42:32.221 WARN kycontroller::kymux_controller::server - Kynet accept failed: connection error: Endpoint closed
2026-09-15T20:42:32.221 WARN kycontroller::kymux_controller::server - Kynet accept failed: connection error: Endpoint closed
2026-09-15T20:42:32.221 WARN kycontroller::kymux_controller::server - Kynet accept failed: connection error: Endpoint closed
2026-09-15T20:42:32.221 WARN kycontroller::kymux_controller::server - Kynet accept failed: connection error: Endpoint closed
2026-09-15T20:42:32.221 WARN kycontroller::kymux_controller::server - Kynet accept failed: connection error: Endpoint closed
2026-09-15T20:42:32.221 WARN kycontroller::kymux_controller::server - Kynet accept failed: connection error: Endpoint closed
2026-09-15T20:42:32.221 WARN kycontroller::kymux_controller::server - Kynet accept failed: connection error: Endpoint closed
2026-09-15T20:42:32.221 WARN kycontroller::kymux_controller::server - Kynet accept failed: connection error: Endpoint closed
2026-09-15T20:42:32.221 WARN kycontroller::kymux_controller::server - Kynet accept failed: connection error: Endpoint closed
2026-09-15T20:42:32.221 WARN kycontroller::kymux_controller::server - Kynet accept failed: connection error: Endpoint closed
2026-09-15T20:42:32.221 WARN kycontroller::kymux_controller::server - Kynet accept failed: connection error: Endpoint closed
2026-09-15T20:42:32.221 WARN kycontroller::kymux_controller::server - Kynet accept failed: connection error: Endpoint closed
2026-09-15T20:42:32.221 WARN kycontroller::kymux_controller::server - Kynet accept failed: connection error: Endpoint closed
2026-09-15T20:42:32.221 WARN kycontroller::kymux_controller::server - Kynet accept failed: connection error: Endpoint closed
2026-09-15T20:42:32.221 WARN kycontroller::kymux_controller::server - Kynet accept failed: connection error: Endpoint closed
2026-09-15T20:42:32.221 WARN kycontroller::kymux_controller::server - Kynet accept failed: connection error: Endpoint closed
2026-09-15T20:42:32.221 WARN kycontroller::kymux_controller::server - Kynet accept failed: connection error: Endpoint closed
2026-09-15T20:42:32.221 WARN kycontroller::kymux_controller::server - Kynet accept failed: connection error: Endpoint closed
2026-09-15T20:42:32.221 WARN kycontroller::kymux_controller::server - Kynet accept failed: connection error: Endpoint closed
2026-09-15T20:42:32.221 WARN kycontroller::kymux_controller::server - Kynet accept failed: connection error: Endpoint closed
2026-09-15T20:42:32.221 WARN kycontroller::kymux_controller::server - Kynet accept failed: connection error: Endpoint closed
2026-09-15T20:42:32.221 WARN kycontroller::kymux_controller::server - Kynet accept failed: connection error: Endpoint closed
2026-09-15T20:42:32.221 WARN kycontroller::kymux_controller::server - Kynet accept failed: connection error: Endpoint closed
2026-09-15T20:42:32.221 WARN kycontroller::kymux_controller::server - Kynet accept failed: connection error: Endpoint closed
2026-09-15T20:42:32.221 WARN kycontroller::kymux_controller::server - Kynet accept failed: connection error: Endpoint closed
2026-09-15T20:42:32.221 WARN kycontroller::kymux_controller::server - Kynet accept failed: connection error: Endpoint closed
2026-09-15T20:42:32.221 WARN kycontroller::kymux_controller::server - Kynet accept failed: connection error: Endpoint closed
2026-09-15T20:42:32.221 WARN kycontroller::kymux_controller::server - Kynet accept failed: connection error: Endpoint closed
2026-09-15T20:42:32.221 WARN kycontroller::kymux_controller::server - Kynet accept failed: connection error: Endpoint closed
2026-09-15T20:42:32.221 WARN kycontroller::kymux_controller::server - Kynet accept failed: connection error: Endpoint closed
2026-09-15T20:42:32.221 WARN kycontroller::kymux_controller::server - Kynet accept failed: connection error: Endpoint closed
2026-09-15T20:42:32.221 WARN kycontroller::kymux_controller::server - Kynet accept failed: connection error: Endpoint closed
2026-09-15T20:42:32.221 WARN kycontroller::kymux_controller::server - Kynet accept failed: connection error: Endpoint closed
2026-09-15T20:42:32.221 WARN kycontroller::kymux_controller::server - Kynet accept failed: connection error: Endpoint closed
2026-09-15T20:42:32.221 WARN kycontroller::kymux_controller::server - Kynet accept failed: connection error: Endpoint closed
2026-09-15T20:42:32.221 WARN kycontroller::kymux_controller::server - Kynet accept failed: connection error: Endpoint closed
2026-09-15T20:42:32.221 WARN kycontroller::kymux_controller::server - Kynet accept failed: connection error: Endpoint closed
2026-09-15T20:42:32.221 WARN kycontroller::kymux_controller::server - Kynet accept failed: connection error: Endpoint closed
2026-09-15T20:42:32.221 WARN kycontroller::kymux_controller::server - Kynet accept failed: connection error: Endpoint closed
2026-09-15T20:42:32.221 WARN kycontroller::kymux_controller::server - Kynet accept failed: connection error: Endpoint closed
2026-09-15T20:42:32.221 WARN kycontroller::kymux_controller::server - Kynet accept failed: connection error: Endpoint closed
2026-09-15T20:42:32.221 WARN kycontroller::kymux_controller::server - Kynet accept failed: connection error: Endpoint closed
2026-09-15T20:42:32.221 WARN kycontroller::kymux_controller::server - Kynet accept failed: connection error: Endpoint closed
2026-09-15T20:42:32.221 WARN kycontroller::kymux_controller::server - Kynet accept failed: connection error: Endpoint closed
2026-09-15T20:42:32.221 WARN kycontroller::kymux_controller::server - Kynet accept failed: connection error: Endpoint closed
2026-09-15T20:42:32.221 WARN kycontroller::kymux_controller::server - Kynet accept failed: connection error: Endpoint closed
2026-09-15T20:42:32.221 WARN kycontroller::kymux_controller::server - Kynet accept failed: connection error: Endpoint closed
2026-09-15T20:42:32.221 WARN kycontroller::kymux_controller::server - Kynet accept failed: connection error: Endpoint closed
2026-09-15T20:42:32.221 WARN kycontroller::kymux_controller::server - Kynet accept failed: connection error: Endpoint closed
2026-09-15T20:42:32.221 WARN kycontroller::kymux_controller::server - Kynet accept failed: connection error: Endpoint closed
2026-09-15T20:42:32.221 WARN kycontroller::kymux_controller::server - Kynet accept failed: connection error: Endpoint closed
2026-09-15T20:42:32.221 WARN kycontroller::kymux_controller::server - Kynet accept failed: connection error: Endpoint closed
2026-09-15T20:42:32.221 WARN kycontroller::kymux_controller::server - Kynet accept failed: connection error: Endpoint closed
2026-09-15T20:42:32.221 WARN kycontroller::kymux_controller::server - Kynet accept failed: connection error: Endpoint closed
2026-09-15T20:42:32.221 WARN kycontroller::kymux_controller::server - Kynet accept failed: connection error: Endpoint closed
2026-09-15T20:42:32.221 WARN kycontroller::kymux_controller::server - Kynet accept failed: connection error: Endpoint closed
2026-09-15T20:42:32.221 WARN kycontroller::kymux_controller::server - Kynet accept failed: connection error: Endpoint closed
2026-09-15T20:42:32.221 WARN kycontroller::kymux_controller::server - Kynet accept failed: connection error: Endpoint closed
2026-09-15T20:42:32.221 WARN kycontroller::kymux_controller::server - Kynet accept failed: connection error: Endpoint closed
2026-09-15T20:42:32.221 WARN kycontroller::kymux_controller::server - Kynet accept failed: connection error: Endpoint closed
2026-09-15T20:42:32.221 WARN kycontroller::kymux_controller::server - Kynet accept failed: connection error: Endpoint closed
2026-09-15T20:42:32.221 WARN kycontroller::kymux_controller::server - Kynet accept failed: connection error: Endpoint closed
2026-09-15T20:42:32.221 WARN kycontroller::kymux_controller::server - Kynet accept failed: connection error: Endpoint closed
2026-09-15T20:42:32.221 WARN kycontroller::kymux_controller::server - Kynet accept failed: connection error: Endpoint closed
2026-09-15T20:42:32.221 WARN kycontroller::kymux_controller::server - Kynet accept failed: connection error: Endpoint closed
2026-09-15T20:42:32.221 WARN kycontroller::kymux_controller::server - Kynet accept failed: connection error: Endpoint closed
2026-09-15T20:42:32.221 WARN kycontroller::kymux_controller::server - Kynet accept failed: connection error: Endpoint closed
2026-09-15T20:42:32.221 WARN kycontroller::kymux_controller::server - Kynet accept failed: connection error: Endpoint closed
2026-09-15T20:42:32.221 WARN kycontroller::kymux_controller::server - Kynet accept failed: connection error: Endpoint closed
2026-09-15T20:42:32.221 WARN kycontroller::kymux_controller::server - Kynet accept failed: connection error: Endpoint closed
2026-09-15T20:42:32.221 WARN kycontroller::kymux_controller::server - Kynet accept failed: connection error: Endpoint closed
2026-09-15T20:42:32.221 WARN kycontroller::kymux_controller::server - Kynet accept failed: connection error: Endpoint closed
2026-09-15T20:42:32.221 WARN kycontroller::kymux_controller::server - Kynet accept failed: connection error: Endpoint closed
2026-09-15T20:42:32.222 WARN kycontroller::kymux_controller::server - Kynet accept failed: connection error: Endpoint closed
2026-09-15T20:42:32.222 WARN kycontroller::kymux_controller::server - Kynet accept failed: connection error: Endpoint closed
2026-09-15T20:42:32.222 WARN kycontroller::kymux_controller::server - Kynet accept failed: connection error: Endpoint closed
2026-09-15T20:42:32.222 WARN kycontroller::kymux_controller::server - Kynet accept failed: connection error: Endpoint closed
2026-09-15T20:42:32.222 WARN kycontroller::kymux_controller::server - Kynet accept failed: connection error: Endpoint closed
2026-09-15T20:42:32.222 WARN kycontroller::kymux_controller::server - Kynet accept failed: connection error: Endpoint closed
2026-09-15T20:42:32.222 WARN kycontroller::kymux_controller::server - Kynet accept failed: connection error: Endpoint closed
2026-09-15T20:42:32.222 WARN kycontroller::kymux_controller::server - Kynet accept failed: connection error: Endpoint closed
2026-09-15T20:42:32.222 WARN kycontroller::kymux_controller::server - Kynet accept failed: connection error: Endpoint closed
2026-09-15T20:42:32.222 WARN kycontroller::kymux_controller::server - Kynet accept failed: connection error: Endpoint closed
2026-09-15T20:42:32.222 WARN kycontroller::kymux_controller::server - Kynet accept failed: connection error: Endpoint closed
2026-09-15T20:42:32.222 WARN kycontroller::kymux_controller::server - Kynet accept failed: connection error: Endpoint closed
2026-09-15T20:42:32.222 WARN kycontroller::kymux_controller::server - Kynet accept failed: connection error: Endpoint closed
2026-09-15T20:42:32.222 WARN kycontroller::kymux_controller::server - Kynet accept failed: connection error: Endpoint closed
2026-09-15T20:42:32.222 WARN kycontroller::kymux_controller::server - Kynet accept failed: connection error: Endpoint closed
2026-09-15T20:42:32.222 WARN kycontroller::kymux_controller::server - Kynet accept failed: connection error: Endpoint closed
2026-09-15T20:42:32.222 WARN kycontroller::kymux_controller::server - Kynet accept failed: connection error: Endpoint closed
2026-09-15T20:42:32.222 WARN kycontroller::kymux_controller::server - Kynet accept failed: connection error: Endpoint closed
2026-09-15T20:42:32.222 WARN kycontroller::kymux_controller::server - Kynet accept failed: connection error: Endpoint closed
2026-09-15T20:42:32.222 WARN kycontroller::kymux_controller::server - Kynet accept failed: connection error: Endpoint closed
2026-09-15T20:42:32.222 WARN kycontroller::kymux_controller::server - Kynet accept failed: connection error: Endpoint closed
2026-09-15T20:42:32.222 WARN kycontroller::kymux_controller::server - Kynet accept failed: connection error: Endpoint closed
2026-09-15T20:42:32.222 WARN kycontroller::kymux_controller::server - Kynet accept failed: connection error: Endpoint closed
2026-09-15T20:42:32.222 WARN kycontroller::kymux_controller::server - Kynet accept failed: connection error: Endpoint closed
2026-09-15T20:42:32.222 WARN kycontroller::kymux_controller::server - Kynet accept failed: connection error: Endpoint closed
2026-09-15T20:42:32.222 WARN kycontroller::kymux_controller::server - Kynet accept failed: connection error: Endpoint closed
2026-09-15T20:42:32.222 WARN kycontroller::kymux_controller::server - Kynet accept failed: connection error: Endpoint closed
2026-09-15T20:42:32.222 WARN kycontroller::kymux_controller::server - Kynet accept failed: connection error: Endpoint closed
2026-09-15T20:42:32.222 WARN kycontroller::kymux_controller::server - Kynet accept failed: connection error: Endpoint closed
2026-09-15T20:42:32.222 WARN kycontroller::kymux_controller::server - Kynet accept failed: connection error: Endpoint closed
2026-09-15T20:42:32.222 WARN kycontroller::kymux_controller::server - Kynet accept failed: connection error: Endpoint closed
2026-09-15T20:42:32.222 WARN kycontroller::kymux_controller::server - Kynet accept failed: connection error: Endpoint closed
2026-09-15T20:42:32.222 WARN kycontroller::kymux_controller::server - Kynet accept failed: connection error: Endpoint closed
2026-09-15T20:42:32.222 WARN kycontroller::kymux_controller::server - Kynet accept failed: connection error: Endpoint closed
2026-09-15T20:42:32.222 WARN kycontroller::kymux_controller::server - Kynet accept failed: connection error: Endpoint closed
2026-09-15T20:42:32.222 WARN kycontroller::kymux_controller::server - Kynet accept failed: connection error: Endpoint closed
2026-09-15T20:42:32.222 WARN kycontroller::kymux_controller::server - Kynet accept failed: connection error: Endpoint closed
2026-09-15T20:42:32.222 WARN kycontroller::kymux_controller::server - Kynet accept failed: connection error: Endpoint closed
2026-09-15T20:42:32.222 WARN kycontroller::kymux_controller::server - Kynet accept failed: connection error: Endpoint closed
2026-09-15T20:42:32.222 WARN kycontroller::kymux_controller::server - Kynet accept failed: connection error: Endpoint closed
2026-09-15T20:42:32.222 WARN kycontroller::kymux_controller::server - Kynet accept failed: connection error: Endpoint closed
2026-09-15T20:42:32.222 WARN kycontroller::kymux_controller::server - Kynet accept failed: connection error: Endpoint closed
2026-09-15T20:42:32.222 WARN kycontroller::kymux_controller::server - Kynet accept failed: connection error: Endpoint closed
2026-09-15T20:42:32.222 WARN kycontroller::kymux_controller::server - Kynet accept failed: connection error: Endpoint closed
2026-09-15T20:42:32.222 WARN kycontroller::kymux_controller::server - Kynet accept failed: connection error: Endpoint closed
2026-09-15T20:42:32.222 WARN kycontroller::kymux_controller::server - Kynet accept failed: connection error: Endpoint closed
2026-09-15T20:42:32.222 WARN kycontroller::kymux_controller::server - Kynet accept failed: connection error: Endpoint closed
2026-09-15T20:42:32.222 WARN kycontroller::kymux_controller::server - Kynet accept failed: connection error: Endpoint closed
2026-09-15T20:42:32.222 WARN kycontroller::kymux_controller::server - Kynet accept failed: connection error: Endpoint closed
2026-09-15T20:42:32.222 WARN kycontroller::kymux_controller::server - Kynet accept failed: connection error: Endpoint closed
2026-09-15T20:42:32.222 WARN kycontroller::kymux_controller::server - Kynet accept failed: connection error: Endpoint closed
2026-09-15T20:42:32.222 WARN kycontroller::kymux_controller::server - Kynet accept failed: connection error: Endpoint closed
2026-09-15T20:42:32.222 WARN kycontroller::kymux_controller::server - Kynet accept failed: connection error: Endpoint closed
2026-09-15T20:42:32.222 WARN kycontroller::kymux_controller::server - Kynet accept failed: connection error: Endpoint closed
2026-09-15T20:42:32.222 WARN kycontroller::kymux_controller::server - Kynet accept failed: connection error: Endpoint closed
2026-09-15T20:42:32.222 WARN kycontroller::kymux_controller::server - Kynet accept failed: connection error: Endpoint closed
2026-09-15T20:42:32.222 WARN kycontroller::kymux_controller::server - Kynet accept failed: connection error: Endpoint closed
2026-09-15T20:42:32.222 WARN kycontroller::kymux_controller::server - Kynet accept failed: connection error: Endpoint closed
2026-09-15T20:42:32.222 WARN kycontroller::kymux_controller::server - Kynet accept failed: connection error: Endpoint closed
2026-09-15T20:42:32.222 WARN kycontroller::kymux_controller::server - Kynet accept failed: connection error: Endpoint closed
2026-09-15T20:42:32.222 WARN kycontroller::kymux_controller::server - Kynet accept failed: connection error: Endpoint closed
2026-09-15T20:42:32.222 WARN kycontroller::kymux_controller::server - Kynet accept failed: connection error: Endpoint closed
2026-09-15T20:42:32.222 WARN kycontroller::kymux_controller::server - Kynet accept failed: connection error: Endpoint closed
2026-09-15T20:42:32.222 WARN kycontroller::kymux_controller::server - Kynet accept failed: connection error: Endpoint closed
2026-09-15T20:42:32.222 WARN kycontroller::kymux_controller::server - Kynet accept failed: connection error: Endpoint closed
2026-09-15T20:42:32.222 WARN kycontroller::kymux_controller::server - Kynet accept failed: connection error: Endpoint closed
2026-09-15T20:42:32.222 WARN kycontroller::kymux_controller::server - Kynet accept failed: connection error: Endpoint closed
2026-09-15T20:42:32.222 WARN kycontroller::kymux_controller::server - Kynet accept failed: connection error: Endpoint closed
2026-09-15T20:42:32.222 WARN kycontroller::kymux_controller::server - Kynet accept failed: connection error: Endpoint closed
2026-09-15T20:42:32.222 WARN kycontroller::kymux_controller::server - Kynet accept failed: connection error: Endpoint closed
2026-09-15T20:42:32.222 WARN kycontroller::kymux_controller::server - Kynet accept failed: connection error: Endpoint closed
2026-09-15T20:42:32.222 WARN kycontroller::kymux_controller::server - Kynet accept failed: connection error: Endpoint closed
2026-09-15T20:42:32.222 WARN kycontroller::kymux_controller::server - Kynet accept failed: connection error: Endpoint closed
2026-09-15T20:42:32.222 WARN kycontroller::kymux_controller::server - Kynet accept failed: connection error: Endpoint closed
2026-09-15T20:42:32.222 WARN kycontroller::kymux_controller::server - Kynet accept failed: connection error: Endpoint closed
2026-09-15T20:42:32.222 WARN kycontroller::kymux_controller::server - Kynet accept failed: connection error: Endpoint closed
2026-09-15T20:42:32.222 WARN kycontroller::kymux_controller::server - Kynet accept failed: connection error: Endpoint closed
2026-09-15T20:42:32.222 WARN kycontroller::kymux_controller::server - Kynet accept failed: connection error: Endpoint closed
2026-09-15T20:42:32.222 WARN kycontroller::kymux_controller::server - Kynet accept failed: connection error: Endpoint closed
2026-09-15T20:42:32.222 WARN kycontroller::kymux_controller::server - Kynet accept failed: connection error: Endpoint closed
2026-09-15T20:42:32.222 WARN kycontroller::kymux_controller::server - Kynet accept failed: connection error: Endpoint closed
2026-09-15T20:42:32.222 WARN kycontroller::kymux_controller::server - Kynet accept failed: connection error: Endpoint closed
2026-09-15T20:42:32.222 WARN kycontroller::kymux_controller::server - Kynet accept failed: connection error: Endpoint closed
2026-09-15T20:42:32.222 WARN kycontroller::kymux_controller::server - Kynet accept failed: connection error: Endpoint closed
2026-09-15T20:42:32.222 WARN kycontroller::kymux_controller::server - Kynet accept failed: connection error: Endpoint closed
2026-09-15T20:42:32.222 WARN kycontroller::kymux_controller::server - Kynet accept failed: connection error: Endpoint closed
2026-09-15T20:42:32.222 WARN kycontroller::kymux_controller::server - Kynet accept failed: connection error: Endpoint closed
2026-09-15T20:42:32.222 WARN kycontroller::kymux_controller::server - Kynet accept failed: connection error: Endpoint closed
2026-09-15T20:42:32.222 WARN kycontroller::kymux_controller::server - Kynet accept failed: connection error: Endpoint closed
2026-09-15T20:42:32.222 WARN kycontroller::kymux_controller::server - Kynet accept failed: connection error: Endpoint closed
2026-09-15T20:42:32.222 WARN kycontroller::kymux_controller::server - Kynet accept failed: connection error: Endpoint closed
2026-09-15T20:42:32.222 WARN kycontroller::kymux_controller::server - Kynet accept failed: connection error: Endpoint closed
2026-09-15T20:42:32.222 WARN kycontroller::kymux_controller::server - Kynet accept failed: connection error: Endpoint closed
2026-09-15T20:42:32.222 WARN kycontroller::kymux_controller::server - Kynet accept failed: connection error: Endpoint closed
2026-09-15T20:42:32.222 WARN kycontroller::kymux_controller::server - Kynet accept failed: connection error: Endpoint closed
2026-09-15T20:42:32.222 WARN kycontroller::kymux_controller::server - Kynet accept failed: connection error: Endpoint closed
2026-09-15T20:42:32.222 WARN kycontroller::kymux_controller::server - Kynet accept failed: connection error: Endpoint closed
2026-09-15T20:42:32.222 WARN kycontroller::kymux_controller::server - Kynet accept failed: connection error: Endpoint closed
2026-09-15T20:42:32.222 WARN kycontroller::kymux_controller::server - Kynet accept failed: connection error: Endpoint closed
2026-09-15T20:42:32.222 WARN kycontroller::kymux_controller::server - Kynet accept failed: connection error: Endpoint closed
2026-09-15T20:42:32.222 WARN kycontroller::kymux_controller::server - Kynet accept failed: connection error: Endpoint closed
2026-09-15T20:42:32.222 WARN kycontroller::kymux_controller::server - Kynet accept failed: connection error: Endpoint closed
2026-09-15T20:42:32.222 WARN kycontroller::kymux_controller::server - Kynet accept failed: connection error: Endpoint closed
2026-09-15T20:42:32.222 WARN kycontroller::kymux_controller::server - Kynet accept failed: connection error: Endpoint closed
2026-09-15T20:42:32.222 WARN kycontroller::kymux_controller::server - Kynet accept failed: connection error: Endpoint closed
2026-09-15T20:42:32.222 WARN kycontroller::kymux_controller::server - Kynet accept failed: connection error: Endpoint closed
2026-09-15T20:42:32.222 WARN kycontroller::kymux_controller::server - Kynet accept failed: connection error: Endpoint closed
2026-09-15T20:42:32.222 WARN kycontroller::kymux_controller::server - Kynet accept failed: connection error: Endpoint closed
2026-09-15T20:42:32.222 WARN kycontroller::kymux_controller::server - Kynet accept failed: connection error: Endpoint closed
2026-09-15T20:42:32.222 WARN kycontroller::kymux_controller::server - Kynet accept failed: connection error: Endpoint closed
2026-09-15T20:42:32.222 WARN kycontroller::kymux_controller::server - Kynet accept failed: connection error: Endpoint closed
2026-09-15T20:42:32.222 WARN kycontroller::kymux_controller::server - Kynet accept failed: connection error: Endpoint closed
2026-09-15T20:42:32.222 WARN kycontroller::kymux_controller::server - Kynet accept failed: connection error: Endpoint closed
2026-09-15T20:42:32.223 WARN kycontroller::kymux_controller::server - Kynet accept failed: connection error: Endpoint closed
2026-09-15T20:42:32.223 WARN kycontroller::kymux_controller::server - Kynet accept failed: connection error: Endpoint closed
2026-09-15T20:42:32.223 WARN kycontroller::kymux_controller::server - Kynet accept failed: connection error: Endpoint closed
2026-09-15T20:42:32.223 WARN kycontroller::kymux_controller::server - Kynet accept failed: connection error: Endpoint closed
2026-09-15T20:42:32.223 WARN kycontroller::kymux_controller::server - Kynet accept failed: connection error: Endpoint closed
2026-09-15T20:42:32.223 WARN kycontroller::kymux_controller::server - Kynet accept failed: connection error: Endpoint closed
2026-09-15T20:42:32.223 WARN kycontroller::kymux_controller::server - Kynet accept failed: connection error: Endpoint closed
2026-09-15T20:42:32.223 WARN kycontroller::kymux_controller::server - Kynet accept failed: connection error: Endpoint closed
2026-09-15T20:42:32.223 WARN kycontroller::kymux_controller::server - Kynet accept failed: connection error: Endpoint closed
2026-09-15T20:42:32.223 WARN kycontroller::kymux_controller::server - Kynet accept failed: connection error: Endpoint closed
2026-09-15T20:42:32.223 WARN kycontroller::kymux_controller::server - Kynet accept failed: connection error: Endpoint closed
2026-09-15T20:42:32.223 WARN kycontroller::kymux_controller::server - Kynet accept failed: connection error: Endpoint closed
2026-09-15T20:42:32.223 WARN kycontroller::kymux_controller::server - Kynet accept failed: connection error: Endpoint closed
2026-09-15T20:42:32.223 WARN kycontroller::kymux_controller::server - Kynet accept failed: connection error: Endpoint closed
2026-09-15T20:42:32.223 WARN kycontroller::kymux_controller::server - Kynet accept failed: connection error: Endpoint closed
2026-09-15T20:42:32.223 WARN kycontroller::kymux_controller::server - Kynet accept failed: connection error: Endpoint closed
2026-09-15T20:42:32.223 WARN kycontroller::kymux_controller::server - Kynet accept failed: connection error: Endpoint closed
2026-09-15T20:42:32.223 WARN kycontroller::kymux_controller::server - Kynet accept failed: connection error: Endpoint closed
2026-09-15T20:42:32.223 WARN kycontroller::kymux_controller::server - Kynet accept failed: connection error: Endpoint closed
2026-09-15T20:42:32.223 WARN kycontroller::kymux_controller::server - Kynet accept failed: connection error: Endpoint closed
2026-09-15T20:42:32.223 WARN kycontroller::kymux_controller::server - Kynet accept failed: connection error: Endpoint closed
2026-09-15T20:42:32.223 WARN kycontroller::kymux_controller::server - Kynet accept failed: connection error: Endpoint closed
2026-09-15T20:42:32.223 WARN kycontroller::kymux_controller::server - Kynet accept failed: connection error: Endpoint closed
2026-09-15T20:42:32.223 WARN kycontroller::kymux_controller::server - Kynet accept failed: connection error: Endpoint closed
2026-09-15T20:42:32.223 WARN kycontroller::kymux_controller::server - Kynet accept failed: connection error: Endpoint closed
2026-09-15T20:42:32.223 WARN kycontroller::kymux_controller::server - Kynet accept failed: connection error: Endpoint closed
2026-09-15T20:42:32.223 WARN kycontroller::kymux_controller::server - Kynet accept failed: connection error: Endpoint closed
2026-09-15T20:42:32.223 WARN kycontroller::kymux_controller::server - Kynet accept failed: connection error: Endpoint closed
2026-09-15T20:42:32.223 WARN kycontroller::kymux_controller::server - Kynet accept failed: connection error: Endpoint closed
2026-09-15T20:42:32.223 WARN kycontroller::kymux_controller::server - Kynet accept failed: connection error: Endpoint closed
2026-09-15T20:42:32.223 WARN kycontroller::kymux_controller::server - Kynet accept failed: connection error: Endpoint closed
2026-09-15T20:42:32.223 WARN kycontroller::kymux_controller::server - Kynet accept failed: connection error: Endpoint closed
2026-09-15T20:42:32.223 WARN kycontroller::kymux_controller::server - Kynet accept failed: connection error: Endpoint closed
2026-09-15T20:42:32.223 WARN kycontroller::kymux_controller::server - Kynet accept failed: connection error: Endpoint closed
2026-09-15T20:42:32.223 WARN kycontroller::kymux_controller::server - Kynet accept failed: connection error: Endpoint closed
2026-09-15T20:42:32.223 WARN kycontroller::kymux_controller::server - Kynet accept failed: connection error: Endpoint closed
2026-09-15T20:42:32.223 WARN kycontroller::kymux_controller::server - Kynet accept failed: connection error: Endpoint closed
2026-09-15T20:42:32.223 WARN kycontroller::kymux_controller::server - Kynet accept failed: connection error: Endpoint closed
2026-09-15T20:42:32.223 WARN kycontroller::kymux_controller::server - Kynet accept failed: connection error: Endpoint closed
2026-09-15T20:42:32.223 WARN kycontroller::kymux_controller::server - Kynet accept failed: connection error: Endpoint closed
2026-09-15T20:42:32.223 WARN kycontroller::kymux_controller::server - Kynet accept failed: connection error: Endpoint closed
2026-09-15T20:42:32.223 WARN kycontroller::kymux_controller::server - Kynet accept failed: connection error: Endpoint closed
2026-09-15T20:42:32.223 WARN kycontroller::kymux_controller::server - Kynet accept failed: connection error: Endpoint closed
2026-09-15T20:42:32.223 WARN kycontroller::kymux_controller::server - Kynet accept failed: connection error: Endpoint closed
2026-09-15T20:42:32.223 WARN kycontroller::kymux_controller::server - Kynet accept failed: connection error: Endpoint closed
2026-09-15T20:42:32.223 WARN kycontroller::kymux_controller::server - Kynet accept failed: connection error: Endpoint closed
2026-09-15T20:42:32.223 WARN kycontroller::kymux_controller::server - Kynet accept failed: connection error: Endpoint closed
2026-09-15T20:42:32.223 WARN kycontroller::kymux_controller::server - Kynet accept failed: connection error: Endpoint closed
2026-09-15T20:42:32.223 WARN kycontroller::kymux_controller::server - Kynet accept failed: connection error: Endpoint closed
2026-09-15T20:42:32.223 WARN kycontroller::kymux_controller::server - Kynet accept failed: connection error: Endpoint closed
2026-09-15T20:42:32.223 WARN kycontroller::kymux_controller::server - Kynet accept failed: connection error: Endpoint closed
2026-09-15T20:42:32.223 WARN kycontroller::kymux_controller::server - Kynet accept failed: connection error: Endpoint closed
2026-09-15T20:42:32.223 WARN kycontroller::kymux_controller::server - Kynet accept failed: connection error: Endpoint closed
2026-09-15T20:42:32.223 WARN kycontroller::kymux_controller::server - Kynet accept failed: connection error: Endpoint closed
2026-09-15T20:42:32.223 WARN kycontroller::kymux_controller::server - Kynet accept failed: connection error: Endpoint closed
2026-09-15T20:42:32.223 WARN kycontroller::kymux_controller::server - Kynet accept failed: connection error: Endpoint closed
2026-09-15T20:42:32.223 WARN kycontroller::kymux_controller::server - Kynet accept failed: connection error: Endpoint closed
2026-09-15T20:42:32.223 WARN kycontroller::kymux_controller::server - Kynet accept failed: connection error: Endpoint closed
2026-09-15T20:42:32.223 WARN kycontroller::kymux_controller::server - Kynet accept failed: connection error: Endpoint closed
2026-09-15T20:42:32.223 WARN kycontroller::kymux_controller::server - Kynet accept failed: connection error: Endpoint closed
2026-09-15T20:42:32.223 WARN kycontroller::kymux_controller::server - Kynet accept failed: connection error: Endpoint closed
2026-09-15T20:42:32.223 WARN kycontroller::kymux_controller::server - Kynet accept failed: connection error: Endpoint closed
2026-09-15T20:42:32.223 WARN kycontroller::kymux_controller::server - Kynet accept failed: connection error: Endpoint closed
2026-09-15T20:42:32.223 WARN kycontroller::kymux_controller::server - Kynet accept failed: connection error: Endpoint closed
2026-09-15T20:42:32.223 WARN kycontroller::kymux_controller::server - Kynet accept failed: connection error: Endpoint closed
2026-09-15T20:42:32.223 WARN kycontroller::kymux_controller::server - Kynet accept failed: connection error: Endpoint closed
2026-09-15T20:42:32.223 WARN kycontroller::kymux_controller::server - Kynet accept failed: connection error: Endpoint closed
2026-09-15T20:42:32.223 WARN kycontroller::kymux_controller::server - Kynet accept failed: connection error: Endpoint closed
2026-09-15T20:42:32.223 WARN kycontroller::kymux_controller::server - Kynet accept failed: connection error: Endpoint closed
2026-09-15T20:42:32.223 WARN kycontroller::kymux_controller::server - Kynet accept failed: connection error: Endpoint closed
2026-09-15T20:42:32.223 WARN kycontroller::kymux_controller::server - Kynet accept failed: connection error: Endpoint closed
2026-09-15T20:42:32.223 WARN kycontroller::kymux_controller::server - Kynet accept failed: connection error: Endpoint closed
2026-09-15T20:42:32.223 WARN kycontroller::kymux_controller::server - Kynet accept failed: connection error: Endpoint closed
2026-09-15T20:42:32.223 WARN kycontroller::kymux_controller::server - Kynet accept failed: connection error: Endpoint closed
2026-09-15T20:42:32.223 WARN kycontroller::kymux_controller::server - Kynet accept failed: connection error: Endpoint closed
2026-09-15T20:42:32.223 WARN kycontroller::kymux_controller::server - Kynet accept failed: connection error: Endpoint closed
2026-09-15T20:42:32.223 WARN kycontroller::kymux_controller::server - Kynet accept failed: connection error: Endpoint closed
2026-09-15T20:42:32.223 WARN kycontroller::kymux_controller::server - Kynet accept failed: connection error: Endpoint closed
2026-09-15T20:42:32.223 WARN kycontroller::kymux_controller::server - Kynet accept failed: connection error: Endpoint closed
2026-09-15T20:42:32.223 WARN kycontroller::kymux_controller::server - Kynet accept failed: connection error: Endpoint closed
2026-09-15T20:42:32.223 WARN kycontroller::kymux_controller::server - Kynet accept failed: connection error: Endpoint closed
2026-09-15T20:42:32.223 WARN kycontroller::kymux_controller::server - Kynet accept failed: connection error: Endpoint closed
2026-09-15T20:42:32.223 WARN kycontroller::kymux_controller::server - Kynet accept failed: connection error: Endpoint closed
2026-09-15T20:42:32.223 WARN kycontroller::kymux_controller::server - Kynet accept failed: connection error: Endpoint closed
2026-09-15T20:42:32.223 WARN kycontroller::kymux_controller::server - Kynet accept failed: connection error: Endpoint closed
2026-09-15T20:42:32.223 WARN kycontroller::kymux_controller::server - Kynet accept failed: connection error: Endpoint closed
2026-09-15T20:42:32.223 WARN kycontroller::kymux_controller::server - Kynet accept failed: connection error: Endpoint closed
2026-09-15T20:42:32.223 WARN kycontroller::kymux_controller::server - Kynet accept failed: connection error: Endpoint closed
2026-09-15T20:42:32.223 WARN kycontroller::kymux_controller::server - Kynet accept failed: connection error: Endpoint closed
2026-09-15T20:42:32.223 WARN kycontroller::kymux_controller::server - Kynet accept failed: connection error: Endpoint closed
2026-09-15T20:42:32.223 WARN kycontroller::kymux_controller::server - Kynet accept failed: connection error: Endpoint closed
2026-09-15T20:42:32.223 WARN kycontroller::kymux_controller::server - Kynet accept failed: connection error: Endpoint closed
2026-09-15T20:42:32.223 WARN kycontroller::kymux_controller::server - Kynet accept failed: connection error: Endpoint closed
2026-09-15T20:42:32.223 WARN kycontroller::kymux_controller::server - Kynet accept failed: connection error: Endpoint closed
2026-09-15T20:42:32.223 WARN kycontroller::kymux_controller::server - Kynet accept failed: connection error: Endpoint closed
2026-09-15T20:42:32.223 WARN kycontroller::kymux_controller::server - Kynet accept failed: connection error: Endpoint closed
2026-09-15T20:42:32.223 WARN kycontroller::kymux_controller::server - Kynet accept failed: connection error: Endpoint closed
2026-09-15T20:42:32.223 WARN kycontroller::kymux_controller::server - Kynet accept failed: connection error: Endpoint closed
2026-09-15T20:42:32.223 WARN kycontroller::kymux_controller::server - Kynet accept failed: connection error: Endpoint closed
2026-09-15T20:42:32.223 WARN kycontroller::kymux_controller::server - Kynet accept failed: connection error: Endpoint closed
2026-09-15T20:42:32.223 WARN kycontroller::kymux_controller::server - Kynet accept failed: connection error: Endpoint closed
2026-09-15T20:42:32.223 WARN kycontroller::kymux_controller::server - Kynet accept failed: connection error: Endpoint closed
2026-09-15T20:42:32.223 WARN kycontroller::kymux_controller::server - Kynet accept failed: connection error: Endpoint closed
2026-09-15T20:42:32.223 WARN kycontroller::kymux_controller::server - Kynet accept failed: connection error: Endpoint closed
2026-09-15T20:42:32.223 WARN kycontroller::kymux_controller::server - Kynet accept failed: connection error: Endpoint closed
2026-09-15T20:42:32.223 WARN kycontroller::kymux_controller::server - Kynet accept failed: connection error: Endpoint closed
2026-09-15T20:42:32.223 WARN kycontroller::kymux_controller::server - Kynet accept failed: connection error: Endpoint closed
2026-09-15T20:42:32.223 WARN kycontroller::kymux_controller::server - Kynet accept failed: connection error: Endpoint closed
2026-09-15T20:42:32.223 WARN kycontroller::kymux_controller::server - Kynet accept failed: connection error: Endpoint closed
2026-09-15T20:42:32.223 WARN kycontroller::kymux_controller::server - Kynet accept failed: connection error: Endpoint closed
2026-09-15T20:42:32.223 WARN kycontroller::kymux_controller::server - Kynet accept failed: connection error: Endpoint closed
2026-09-15T20:42:32.223 WARN kycontroller::kymux_controller::server - Kynet accept failed: connection error: Endpoint closed
2026-09-15T20:42:32.223 WARN kycontroller::kymux_controller::server - Kynet accept failed: connection error: Endpoint closed
2026-09-15T20:42:32.223 WARN kycontroller::kymux_controller::server - Kynet accept failed: connection error: Endpoint closed
2026-09-15T20:42:32.223 WARN kycontroller::kymux_controller::server - Kynet accept failed: connection error: Endpoint closed
2026-09-15T20:42:32.223 WARN kycontroller::kymux_controller::server - Kynet accept failed: connection error: Endpoint closed
2026-09-15T20:42:32.224 WARN kycontroller::kymux_controller::server - Kynet accept failed: connection error: Endpoint closed
2026-09-15T20:42:32.224 WARN kycontroller::kymux_controller::server - Kynet accept failed: connection error: Endpoint closed
2026-09-15T20:42:32.224 WARN kycontroller::kymux_controller::server - Kynet accept failed: connection error: Endpoint closed
2026-09-15T20:42:32.224 WARN kycontroller::kymux_controller::server - Kynet accept failed: connection error: Endpoint closed
2026-09-15T20:42:32.224 WARN kycontroller::kymux_controller::server - Kynet accept failed: connection error: Endpoint closed
2026-09-15T20:42:32.224 WARN kycontroller::kymux_controller::server - Kynet accept failed: connection error: Endpoint closed
2026-09-15T20:42:32.224 WARN kycontroller::kymux_controller::server - Kynet accept failed: connection error: Endpoint closed
2026-09-15T20:42:32.224 WARN kycontroller::kymux_controller::server - Kynet accept failed: connection error: Endpoint closed
2026-09-15T20:42:32.224 WARN kycontroller::kymux_controller::server - Kynet accept failed: connection error: Endpoint closed
2026-09-15T20:42:32.224 WARN kycontroller::kymux_controller::server - Kynet accept failed: connection error: Endpoint closed
2026-09-15T20:42:32.224 WARN kycontroller::kymux_controller::server - Kynet accept failed: connection error: Endpoint closed
2026-09-15T20:42:32.224 WARN kycontroller::kymux_controller::server - Kynet accept failed: connection error: Endpoint closed
2026-09-15T20:42:32.224 WARN kycontroller::kymux_controller::server - Kynet accept failed: connection error: Endpoint closed
2026-09-15T20:42:32.224 WARN kycontroller::kymux_controller::server - Kynet accept failed: connection error: Endpoint closed
2026-09-15T20:42:32.224 WARN kycontroller::kymux_controller::server - Kynet accept failed: connection error: Endpoint closed
2026-09-15T20:42:32.224 WARN kycontroller::kymux_controller::server - Kynet accept failed: connection error: Endpoint closed
2026-09-15T20:42:32.224 WARN kycontroller::kymux_controller::server - Kynet accept failed: connection error: Endpoint closed
2026-09-15T20:42:32.224 WARN kycontroller::kymux_controller::server - Kynet accept failed: connection error: Endpoint closed
2026-09-15T20:42:32.224 WARN kycontroller::kymux_controller::server - Kynet accept failed: connection error: Endpoint closed
2026-09-15T20:42:32.224 WARN kycontroller::kymux_controller::server - Kynet accept failed: connection error: Endpoint closed
2026-09-15T20:42:32.224 WARN kycontroller::kymux_controller::server - Kynet accept failed: connection error: Endpoint closed
2026-09-15T20:42:32.224 WARN kycontroller::kymux_controller::server - Kynet accept failed: connection error: Endpoint closed
2026-09-15T20:42:32.224 WARN kycontroller::kymux_controller::server - Kynet accept failed: connection error: Endpoint closed
2026-09-15T20:42:32.224 WARN kycontroller::kymux_controller::server - Kynet accept failed: connection error: Endpoint closed
2026-09-15T20:42:32.224 WARN kycontroller::kymux_controller::server - Kynet accept failed: connection error: Endpoint closed
2026-09-15T20:42:32.224 WARN kycontroller::kymux_controller::server - Kynet accept failed: connection error: Endpoint closed
2026-09-15T20:42:32.224 WARN kycontroller::kymux_controller::server - Kynet accept failed: connection error: Endpoint closed
2026-09-15T20:42:32.224 WARN kycontroller::kymux_controller::server - Kynet accept failed: connection error: Endpoint closed
2026-09-15T20:42:32.224 WARN kycontroller::kymux_controller::server - Kynet accept failed: connection error: Endpoint closed
2026-09-15T20:42:32.224 WARN kycontroller::kymux_controller::server - Kynet accept failed: connection error: Endpoint closed
2026-09-15T20:42:32.224 WARN kycontroller::kymux_controller::server - Kynet accept failed: connection error: Endpoint closed
2026-09-15T20:42:32.224 WARN kycontroller::kymux_controller::server - Kynet accept failed: connection error: Endpoint closed
2026-09-15T20:42:32.224 WARN kycontroller::kymux_controller::server - Kynet accept failed: connection error: Endpoint closed
2026-09-15T20:42:32.224 WARN kycontroller::kymux_controller::server - Kynet accept failed: connection error: Endpoint closed
2026-09-15T20:42:32.224 WARN kycontroller::kymux_controller::server - Kynet accept failed: connection error: Endpoint closed
2026-09-15T20:42:32.224 WARN kycontroller::kymux_controller::server - Kynet accept failed: connection error: Endpoint closed
2026-09-15T20:42:32.224 WARN kycontroller::kymux_controller::server - Kynet accept failed: connection error: Endpoint closed
2026-09-15T20:42:32.224 WARN kycontroller::kymux_controller::server - Kynet accept failed: connection error: Endpoint closed
2026-09-15T20:42:32.224 WARN kycontroller::kymux_controller::server - Kynet accept failed: connection error: Endpoint closed
2026-09-15T20:42:32.224 WARN kycontroller::kymux_controller::server - Kynet accept failed: connection error: Endpoint closed
2026-09-15T20:42:32.224 WARN kycontroller::kymux_controller::server - Kynet accept failed: connection error: Endpoint closed
2026-09-15T20:42:32.224 WARN kycontroller::kymux_controller::server - Kynet accept failed: connection error: Endpoint closed
2026-09-15T20:42:32.224 WARN kycontroller::kymux_controller::server - Kynet accept failed: connection error: Endpoint closed
2026-09-15T20:42:32.224 WARN kycontroller::kymux_controller::server - Kynet accept failed: connection error: Endpoint closed
2026-09-15T20:42:32.224 WARN kycontroller::kymux_controller::server - Kynet accept failed: connection error: Endpoint closed
2026-09-15T20:42:32.224 WARN kycontroller::kymux_controller::server - Kynet accept failed: connection error: Endpoint closed
2026-09-15T20:42:32.224 WARN kycontroller::kymux_controller::server - Kynet accept failed: connection error: Endpoint closed
2026-09-15T20:42:32.224 WARN kycontroller::kymux_controller::server - Kynet accept failed: connection error: Endpoint closed
2026-09-15T20:42:32.224 WARN kycontroller::kymux_controller::server - Kynet accept failed: connection error: Endpoint closed
2026-09-15T20:42:32.224 WARN kycontroller::kymux_controller::server - Kynet accept failed: connection error: Endpoint closed
2026-09-15T20:42:32.224 WARN kycontroller::kymux_controller::server - Kynet accept failed: connection error: Endpoint closed
2026-09-15T20:42:32.224 WARN kycontroller::kymux_controller::server - Kynet accept failed: connection error: Endpoint closed
2026-09-15T20:42:32.224 WARN kycontroller::kymux_controller::server - Kynet accept failed: connection error: Endpoint closed
2026-09-15T20:42:32.224 WARN kycontroller::kymux_controller::server - Kynet accept failed: connection error: Endpoint closed
2026-09-15T20:42:32.224 WARN kycontroller::kymux_controller::server - Kynet accept failed: connection error: Endpoint closed
2026-09-15T20:42:32.224 WARN kycontroller::kymux_controller::server - Kynet accept failed: connection error: Endpoint closed
2026-09-15T20:42:32.224 WARN kycontroller::kymux_controller::server - Kynet accept failed: connection error: Endpoint closed
2026-09-15T20:42:32.224 WARN kycontroller::kymux_controller::server - Kynet accept failed: connection error: Endpoint closed
2026-09-15T20:42:32.224 WARN kycontroller::kymux_controller::server - Kynet accept failed: connection error: Endpoint closed
2026-09-15T20:42:32.224 WARN kycontroller::kymux_controller::server - Kynet accept failed: connection error: Endpoint closed
2026-09-15T20:42:32.224 WARN kycontroller::kymux_controller::server - Kynet accept failed: connection error: Endpoint closed
2026-09-15T20:42:32.224 WARN kycontroller::kymux_controller::server - Kynet accept failed: connection error: Endpoint closed
2026-09-15T20:42:32.224 WARN kycontroller::kymux_controller::server - Kynet accept failed: connection error: Endpoint closed
2026-09-15T20:42:32.224 WARN kycontroller::kymux_controller::server - Kynet accept failed: connection error: Endpoint closed
2026-09-15T20:42:32.224 WARN kycontroller::kymux_controller::server - Kynet accept failed: connection error: Endpoint closed
2026-09-15T20:42:32.224 WARN kycontroller::kymux_controller::server - Kynet accept failed: connection error: Endpoint closed
2026-09-15T20:42:32.224 WARN kycontroller::kymux_controller::server - Kynet accept failed: connection error: Endpoint closed
2026-09-15T20:42:32.224 WARN kycontroller::kymux_controller::server - Kynet accept failed: connection error: Endpoint closed
2026-09-15T20:42:32.224 WARN kycontroller::kymux_controller::server - Kynet accept failed: connection error: Endpoint closed
2026-09-15T20:42:32.224 WARN kycontroller::kymux_controller::server - Kynet accept failed: connection error: Endpoint closed
2026-09-15T20:42:32.224 WARN kycontroller::kymux_controller::server - Kynet accept failed: connection error: Endpoint closed
2026-09-15T20:42:32.224 WARN kycontroller::kymux_controller::server - Kynet accept failed: connection error: Endpoint closed
2026-09-15T20:42:32.224 WARN kycontroller::kymux_controller::server - Kynet accept failed: connection error: Endpoint closed
2026-09-15T20:42:32.224 WARN kycontroller::kymux_controller::server - Kynet accept failed: connection error: Endpoint closed
2026-09-15T20:42:32.224 WARN kycontroller::kymux_controller::server - Kynet accept failed: connection error: Endpoint closed
2026-09-15T20:42:32.224 WARN kycontroller::kymux_controller::server - Kynet accept failed: connection error: Endpoint closed
2026-09-15T20:42:32.224 WARN kycontroller::kymux_controller::server - Kynet accept failed: connection error: Endpoint closed
2026-09-15T20:42:32.224 WARN kycontroller::kymux_controller::server - Kynet accept failed: connection error: Endpoint closed
2026-09-15T20:42:32.224 WARN kycontroller::kymux_controller::server - Kynet accept failed: connection error: Endpoint closed
2026-09-15T20:42:32.224 WARN kycontroller::kymux_controller::server - Kynet accept failed: connection error: Endpoint closed
2026-09-15T20:42:32.224 WARN kycontroller::kymux_controller::server - Kynet accept failed: connection error: Endpoint closed
2026-09-15T20:42:32.224 WARN kycontroller::kymux_controller::server - Kynet accept failed: connection error: Endpoint closed
2026-09-15T20:42:32.224 WARN kycontroller::kymux_controller::server - Kynet accept failed: connection error: Endpoint closed
2026-09-15T20:42:32.224 WARN kycontroller::kymux_controller::server - Kynet accept failed: connection error: Endpoint closed
2026-09-15T20:42:32.224 WARN kycontroller::kymux_controller::server - Kynet accept failed: connection error: Endpoint closed
2026-09-15T20:42:32.224 WARN kycontroller::kymux_controller::server - Kynet accept failed: connection error: Endpoint closed
2026-09-15T20:42:32.224 WARN kycontroller::kymux_controller::server - Kynet accept failed: connection error: Endpoint closed
2026-09-15T20:42:32.224 WARN kycontroller::kymux_controller::server - Kynet accept failed: connection error: Endpoint closed
2026-09-15T20:42:32.224 WARN kycontroller::kymux_controller::server - Kynet accept failed: connection error: Endpoint closed
2026-09-15T20:42:32.224 WARN kycontroller::kymux_controller::server - Kynet accept failed: connection error: Endpoint closed
2026-09-15T20:42:32.224 WARN kycontroller::kymux_controller::server - Kynet accept failed: connection error: Endpoint closed
2026-09-15T20:42:32.224 WARN kycontroller::kymux_controller::server - Kynet accept failed: connection error: Endpoint closed
2026-09-15T20:42:32.224 WARN kycontroller::kymux_controller::server - Kynet accept failed: connection error: Endpoint closed
2026-09-15T20:42:32.224 WARN kycontroller::kymux_controller::server - Kynet accept failed: connection error: Endpoint closed
2026-09-15T20:42:32.224 WARN kycontroller::kymux_controller::server - Kynet accept failed: connection error: Endpoint closed
2026-09-15T20:42:32.224 WARN kycontroller::kymux_controller::server - Kynet accept failed: connection error: Endpoint closed
2026-09-15T20:42:32.224 WARN kycontroller::kymux_controller::server - Kynet accept failed: connection error: Endpoint closed
2026-09-15T20:42:32.224 WARN kycontroller::kymux_controller::server - Kynet accept failed: connection error: Endpoint closed
2026-09-15T20:42:32.224 WARN kycontroller::kymux_controller::server - Kynet accept failed: connection error: Endpoint closed
2026-09-15T20:42:32.224 WARN kycontroller::kymux_controller::server - Kynet accept failed: connection error: Endpoint closed
2026-09-15T20:42:32.224 WARN kycontroller::kymux_controller::server - Kynet accept failed: connection error: Endpoint closed
2026-09-15T20:42:32.224 WARN kycontroller::kymux_controller::server - Kynet accept failed: connection error: Endpoint closed
2026-09-15T20:42:32.224 WARN kycontroller::kymux_controller::server - Kynet accept failed: connection error: Endpoint closed
2026-09-15T20:42:32.224 WARN kycontroller::kymux_controller::server - Kynet accept failed: connection error: Endpoint closed
2026-09-15T20:42:32.224 WARN kycontroller::kymux_controller::server - Kynet accept failed: connection error: Endpoint closed
2026-09-15T20:42:32.224 WARN kycontroller::kymux_controller::server - Kynet accept failed: connection error: Endpoint closed
2026-09-15T20:42:32.224 WARN kycontroller::kymux_controller::server - Kynet accept failed: connection error: Endpoint closed
2026-09-15T20:42:32.224 WARN kycontroller::kymux_controller::server - Kynet accept failed: connection error: Endpoint closed
2026-09-15T20:42:32.224 WARN kycontroller::kymux_controller::server - Kynet accept failed: connection error: Endpoint closed
2026-09-15T20:42:32.224 WARN kycontroller::kymux_controller::server - Kynet accept failed: connection error: Endpoint closed
2026-09-15T20:42:32.224 WARN kycontroller::kymux_controller::server - Kynet accept failed: connection error: Endpoint closed
2026-09-15T20:42:32.224 WARN kycontroller::kymux_controller::server - Kynet accept failed: connection error: Endpoint closed
2026-09-15T20:42:32.224 WARN kycontroller::kymux_controller::server - Kynet accept failed: connection error: Endpoint closed
2026-09-15T20:42:32.224 WARN kycontroller::kymux_controller::server - Kynet accept failed: connection error: Endpoint closed
2026-09-15T20:42:32.224 WARN kycontroller::kymux_controller::server - Kynet accept failed: connection error: Endpoint closed
2026-09-15T20:42:32.224 WARN kycontroller::kymux_controller::server - Kynet accept failed: connection error: Endpoint closed
2026-09-15T20:42:32.224 WARN kycontroller::kymux_controller::server - Kynet accept failed: connection error: Endpoint closed
2026-09-15T20:42:32.224 WARN kycontroller::kymux_controller::server - Kynet accept failed: connection error: Endpoint closed
2026-09-15T20:42:32.224 WARN kycontroller::kymux_controller::server - Kynet accept failed: connection error: Endpoint closed
2026-09-15T20:42:32.225 WARN kycontroller::kymux_controller::server - Kynet accept failed: connection error: Endpoint closed
2026-09-15T20:42:32.225 WARN kycontroller::kymux_controller::server - Kynet accept failed: connection error: Endpoint closed
2026-09-15T20:42:32.225 WARN kycontroller::kymux_controller::server - Kynet accept failed: connection error: Endpoint closed
2026-09-15T20:42:32.225 WARN kycontroller::kymux_controller::server - Kynet accept failed: connection error: Endpoint closed
2026-09-15T20:42:32.225 WARN kycontroller::kymux_controller::server - Kynet accept failed: connection error: Endpoint closed
2026-09-15T20:42:32.225 WARN kycontroller::kymux_controller::server - Kynet accept failed: connection error: Endpoint closed
2026-09-15T20:42:32.225 WARN kycontroller::kymux_controller::server - Kynet accept failed: connection error: Endpoint closed
2026-09-15T20:42:32.225 WARN kycontroller::kymux_controller::server - Kynet accept failed: connection error: Endpoint closed
2026-09-15T20:42:32.225 WARN kycontroller::kymux_controller::server - Kynet accept failed: connection error: Endpoint closed
2026-09-15T20:42:32.225 WARN kycontroller::kymux_controller::server - Kynet accept failed: connection error: Endpoint closed
2026-09-15T20:42:32.225 WARN kycontroller::kymux_controller::server - Kynet accept failed: connection error: Endpoint closed
2026-09-15T20:42:32.225 WARN kycontroller::kymux_controller::server - Kynet accept failed: connection error: Endpoint closed
2026-09-15T20:42:32.225 WARN kycontroller::kymux_controller::server - Kynet accept failed: connection error: Endpoint closed
2026-09-15T20:42:32.225 WARN kycontroller::kymux_controller::server - Kynet accept failed: connection error: Endpoint closed
2026-09-15T20:42:32.225 WARN kycontroller::kymux_controller::server - Kynet accept failed: connection error: Endpoint closed
2026-09-15T20:42:32.225 WARN kycontroller::kymux_controller::server - Kynet accept failed: connection error: Endpoint closed
2026-09-15T20:42:32.225 WARN kycontroller::kymux_controller::server - Kynet accept failed: connection error: Endpoint closed
2026-09-15T20:42:32.225 WARN kycontroller::kymux_controller::server - Kynet accept failed: connection error: Endpoint closed
2026-09-15T20:42:32.225 WARN kycontroller::kymux_controller::server - Kynet accept failed: connection error: Endpoint closed
2026-09-15T20:42:32.225 WARN kycontroller::kymux_controller::server - Kynet accept failed: connection error: Endpoint closed
2026-09-15T20:42:32.225 WARN kycontroller::kymux_controller::server - Kynet accept failed: connection error: Endpoint closed
2026-09-15T20:42:32.225 WARN kycontroller::kymux_controller::server - Kynet accept failed: connection error: Endpoint closed
2026-09-15T20:42:32.225 WARN kycontroller::kymux_controller::server - Kynet accept failed: connection error: Endpoint closed
2026-09-15T20:42:32.225 WARN kycontroller::kymux_controller::server - Kynet accept failed: connection error: Endpoint closed
2026-09-15T20:42:32.225 WARN kycontroller::kymux_controller::server - Kynet accept failed: connection error: Endpoint closed
2026-09-15T20:42:32.225 WARN kycontroller::kymux_controller::server - Kynet accept failed: connection error: Endpoint closed
2026-09-15T20:42:32.225 WARN kycontroller::kymux_controller::server - Kynet accept failed: connection error: Endpoint closed
2026-09-15T20:42:32.225 WARN kycontroller::kymux_controller::server - Kynet accept failed: connection error: Endpoint closed
2026-09-15T20:42:32.225 WARN kycontroller::kymux_controller::server - Kynet accept failed: connection error: Endpoint closed
2026-09-15T20:42:32.225 WARN kycontroller::kymux_controller::server - Kynet accept failed: connection error: Endpoint closed
2026-09-15T20:42:32.225 WARN kycontroller::kymux_controller::server - Kynet accept failed: connection error: Endpoint closed
2026-09-15T20:42:32.225 WARN kycontroller::kymux_controller::server - Kynet accept failed: connection error: Endpoint closed
2026-09-15T20:42:32.225 WARN kycontroller::kymux_controller::server - Kynet accept failed: connection error: Endpoint closed
2026-09-15T20:42:32.225 WARN kycontroller::kymux_controller::server - Kynet accept failed: connection error: Endpoint closed
2026-09-15T20:42:32.225 WARN kycontroller::kymux_controller::server - Kynet accept failed: connection error: Endpoint closed
2026-09-15T20:42:32.225 WARN kycontroller::kymux_controller::server - Kynet accept failed: connection error: Endpoint closed
2026-09-15T20:42:32.225 WARN kycontroller::kymux_controller::server - Kynet accept failed: connection error: Endpoint closed
2026-09-15T20:42:32.225 WARN kycontroller::kymux_controller::server - Kynet accept failed: connection error: Endpoint closed
2026-09-15T20:42:32.225 WARN kycontroller::kymux_controller::server - Kynet accept failed: connection error: Endpoint closed
2026-09-15T20:42:32.225 WARN kycontroller::kymux_controller::server - Kynet accept failed: connection error: Endpoint closed
2026-09-15T20:42:32.225 WARN kycontroller::kymux_controller::server - Kynet accept failed: connection error: Endpoint closed
2026-09-15T20:42:32.225 WARN kycontroller::kymux_controller::server - Kynet accept failed: connection error: Endpoint closed
2026-09-15T20:42:32.225 WARN kycontroller::kymux_controller::server - Kynet accept failed: connection error: Endpoint closed
2026-09-15T20:42:32.225 WARN kycontroller::kymux_controller::server - Kynet accept failed: connection error: Endpoint closed
2026-09-15T20:42:32.225 WARN kycontroller::kymux_controller::server - Kynet accept failed: connection error: Endpoint closed
2026-09-15T20:42:32.225 WARN kycontroller::kymux_controller::server - Kynet accept failed: connection error: Endpoint closed
2026-09-15T20:42:32.225 WARN kycontroller::kymux_controller::server - Kynet accept failed: connection error: Endpoint closed
2026-09-15T20:42:32.225 WARN kycontroller::kymux_controller::server - Kynet accept failed: connection error: Endpoint closed
2026-09-15T20:42:32.225 WARN kycontroller::kymux_controller::server - Kynet accept failed: connection error: Endpoint closed
2026-09-15T20:42:32.225 WARN kycontroller::kymux_controller::server - Kynet accept failed: connection error: Endpoint closed
2026-09-15T20:42:32.225 WARN kycontroller::kymux_controller::server - Kynet accept failed: connection error: Endpoint closed
2026-09-15T20:42:32.225 WARN kycontroller::kymux_controller::server - Kynet accept failed: connection error: Endpoint closed
2026-09-15T20:42:32.225 WARN kycontroller::kymux_controller::server - Kynet accept failed: connection error: Endpoint closed
2026-09-15T20:42:32.225 WARN kycontroller::kymux_controller::server - Kynet accept failed: connection error: Endpoint closed
2026-09-15T20:42:32.225 WARN kycontroller::kymux_controller::server - Kynet accept failed: connection error: Endpoint closed
2026-09-15T20:42:32.225 WARN kycontroller::kymux_controller::server - Kynet accept failed: connection error: Endpoint closed
2026-09-15T20:42:32.225 WARN kycontroller::kymux_controller::server - Kynet accept failed: connection error: Endpoint closed
2026-09-15T20:42:32.225 WARN kycontroller::kymux_controller::server - Kynet accept failed: connection error: Endpoint closed
2026-09-15T20:42:32.225 WARN kycontroller::kymux_controller::server - Kynet accept failed: connection error: Endpoint closed
2026-09-15T20:42:32.225 WARN kycontroller::kymux_controller::server - Kynet accept failed: connection error: Endpoint closed
2026-09-15T20:42:32.225 WARN kycontroller::kymux_controller::server - Kynet accept failed: connection error: Endpoint closed
2026-09-15T20:42:32.225 WARN kycontroller::kymux_controller::server - Kynet accept failed: connection error: Endpoint closed
2026-09-15T20:42:32.225 WARN kycontroller::kymux_controller::server - Kynet accept failed: connection error: Endpoint closed
2026-09-15T20:42:32.225 WARN kycontroller::kymux_controller::server - Kynet accept failed: connection error: Endpoint closed
2026-09-15T20:42:32.225 WARN kycontroller::kymux_controller::server - Kynet accept failed: connection error: Endpoint closed
2026-09-15T20:42:32.225 WARN kycontroller::kymux_controller::server - Kynet accept failed: connection error: Endpoint closed
2026-09-15T20:42:32.225 WARN kycontroller::kymux_controller::server - Kynet accept failed: connection error: Endpoint closed
2026-09-15T20:42:32.225 WARN kycontroller::kymux_controller::server - Kynet accept failed: connection error: Endpoint closed
2026-09-15T20:42:32.225 WARN kycontroller::kymux_controller::server - Kynet accept failed: connection error: Endpoint closed
2026-09-15T20:42:32.225 WARN kycontroller::kymux_controller::server - Kynet accept failed: connection error: Endpoint closed
2026-09-15T20:42:32.225 WARN kycontroller::kymux_controller::server - Kynet accept failed: connection error: Endpoint closed
2026-09-15T20:42:32.225 WARN kycontroller::kymux_controller::server - Kynet accept failed: connection error: Endpoint closed
2026-09-15T20:42:32.225 WARN kycontroller::kymux_controller::server - Kynet accept failed: connection error: Endpoint closed
2026-09-15T20:42:32.225 WARN kycontroller::kymux_controller::server - Kynet accept failed: connection error: Endpoint closed
2026-09-15T20:42:32.225 WARN kycontroller::kymux_controller::server - Kynet accept failed: connection error: Endpoint closed
2026-09-15T20:42:32.225 WARN kycontroller::kymux_controller::server - Kynet accept failed: connection error: Endpoint closed
2026-09-15T20:42:32.225 WARN kycontroller::kymux_controller::server - Kynet accept failed: connection error: Endpoint closed
2026-09-15T20:42:32.225 WARN kycontroller::kymux_controller::server - Kynet accept failed: connection error: Endpoint closed
2026-09-15T20:42:32.225 WARN kycontroller::kymux_controller::server - Kynet accept failed: connection error: Endpoint closed
2026-09-15T20:42:32.225 WARN kycontroller::kymux_controller::server - Kynet accept failed: connection error: Endpoint closed
2026-09-15T20:42:32.225 WARN kycontroller::kymux_controller::server - Kynet accept failed: connection error: Endpoint closed
2026-09-15T20:42:32.225 WARN kycontroller::kymux_controller::server - Kynet accept failed: connection error: Endpoint closed
2026-09-15T20:42:32.225 WARN kycontroller::kymux_controller::server - Kynet accept failed: connection error: Endpoint closed
2026-09-15T20:42:32.225 WARN kycontroller::kymux_controller::server - Kynet accept failed: connection error: Endpoint closed
2026-09-15T20:42:32.225 WARN kycontroller::kymux_controller::server - Kynet accept failed: connection error: Endpoint closed
2026-09-15T20:42:32.225 WARN kycontroller::kymux_controller::server - Kynet accept failed: connection error: Endpoint closed
2026-09-15T20:42:32.225 WARN kycontroller::kymux_controller::server - Kynet accept failed: connection error: Endpoint closed
2026-09-15T20:42:32.225 WARN kycontroller::kymux_controller::server - Kynet accept failed: connection error: Endpoint closed
2026-09-15T20:42:32.225 WARN kycontroller::kymux_controller::server - Kynet accept failed: connection error: Endpoint closed
2026-09-15T20:42:32.225 WARN kycontroller::kymux_controller::server - Kynet accept failed: connection error: Endpoint closed
2026-09-15T20:42:32.225 WARN kycontroller::kymux_controller::server - Kynet accept failed: connection error: Endpoint closed
2026-09-15T20:42:32.225 WARN kycontroller::kymux_controller::server - Kynet accept failed: connection error: Endpoint closed
2026-09-15T20:42:32.225 WARN kycontroller::kymux_controller::server - Kynet accept failed: connection error: Endpoint closed
2026-09-15T20:42:32.225 WARN kycontroller::kymux_controller::server - Kynet accept failed: connection error: Endpoint closed
2026-09-15T20:42:32.225 WARN kycontroller::kymux_controller::server - Kynet accept failed: connection error: Endpoint closed
2026-09-15T20:42:32.225 WARN kycontroller::kymux_controller::server - Kynet accept failed: connection error: Endpoint closed
2026-09-15T20:42:32.225 WARN kycontroller::kymux_controller::server - Kynet accept failed: connection error: Endpoint closed
2026-09-15T20:42:32.225 WARN kycontroller::kymux_controller::server - Kynet accept failed: connection error: Endpoint closed
2026-09-15T20:42:32.225 WARN kycontroller::kymux_controller::server - Kynet accept failed: connection error: Endpoint closed
2026-09-15T20:42:32.225 WARN kycontroller::kymux_controller::server - Kynet accept failed: connection error: Endpoint closed
2026-09-15T20:42:32.225 WARN kycontroller::kymux_controller::server - Kynet accept failed: connection error: Endpoint closed
2026-09-15T20:42:32.225 WARN kycontroller::kymux_controller::server - Kynet accept failed: connection error: Endpoint closed
2026-09-15T20:42:32.225 WARN kycontroller::kymux_controller::server - Kynet accept failed: connection error: Endpoint closed
2026-09-15T20:42:32.225 WARN kycontroller::kymux_controller::server - Kynet accept failed: connection error: Endpoint closed
2026-09-15T20:42:32.225 WARN kycontroller::kymux_controller::server - Kynet accept failed: connection error: Endpoint closed
2026-09-15T20:42:32.225 WARN kycontroller::kymux_controller::server - Kynet accept failed: connection error: Endpoint closed
2026-09-15T20:42:32.225 WARN kycontroller::kymux_controller::server - Kynet accept failed: connection error: Endpoint closed
2026-09-15T20:42:32.225 WARN kycontroller::kymux_controller::server - Kynet accept failed: connection error: Endpoint closed
2026-09-15T20:42:32.225 WARN kycontroller::kymux_controller::server - Kynet accept failed: connection error: Endpoint closed
2026-09-15T20:42:32.225 WARN kycontroller::kymux_controller::server - Kynet accept failed: connection error: Endpoint closed
2026-09-15T20:42:32.225 WARN kycontroller::kymux_controller::server - Kynet accept failed: connection error: Endpoint closed
2026-09-15T20:42:32.225 WARN kycontroller::kymux_controller::server - Kynet accept failed: connection error: Endpoint closed
2026-09-15T20:42:32.226 WARN kycontroller::kymux_controller::server - Kynet accept failed: connection error: Endpoint closed
2026-09-15T20:42:32.226 WARN kycontroller::kymux_controller::server - Kynet accept failed: connection error: Endpoint closed
2026-09-15T20:42:32.226 INFO kycontroller - Session stopped
2026-09-15T20:42:32.226 WARN kycontroller::kymux_controller::server - Kynet accept failed: connection error: Endpoint closed
2026-09-15T20:42:32.226 WARN kycontroller::kymux_controller::server - Kynet accept failed: connection error: Endpoint closed
2026-09-15T20:42:32.226 INFO actix_web::middleware::logger - ::ffff:127.0.0.1 "POST /session/logout HTTP/1.1" 200 0 "-" "-" 0.061637
