2026-09-15T23:41:56.506 INFO kycontroller - Kyber controller. Revision 0.20.0-66-gb29f8f4
2026-09-15T23:41:56.507 INFO kycontroller::config - Using configuration file "\\\\?\\C:\\Users\\trist\\Workspace\\KyberFrog_WS2\\kyberfrog\\bench\\runs\\2026-09-15-explore-latency\\amf-soak\\kyber_config.toml"
2026-09-15T23:41:56.508 INFO kycontroller::auth::basic - Basic backend initialized with 1 expected user identities
2026-09-15T23:41:56.508 INFO kycontroller::auth::jwt - JWT backend initialized with algorithm HS256
2026-09-15T23:41:56.508 INFO libkypc::transport::ipc::windows - Creating NamedPipe listener factory, using instance ID 18496-0
2026-09-15T23:41:56.509 INFO kycontroller - Starting watchdog
2026-09-15T23:41:56.514 INFO libkypc::process::windows - Windows Job Object created for child process
2026-09-15T23:41:56.527[15940] INFO kyavserver - Process is now DPI aware
2026-09-15T23:41:56.527[15940] INFO kyavservice - AV service started
2026-09-15T23:41:56.527[15940] INFO kyavservice::config - Using configuration file "\\\\?\\C:\\Users\\trist\\Workspace\\KyberFrog_WS2\\kyberfrog\\bench\\runs\\2026-09-15-explore-latency\\amf-soak\\kyber_config.toml"
2026-09-15T23:41:56.527[15940] INFO kyavservice - Start display enumeration
2026-09-15T23:41:56.578[15940] INFO txproto::spout - Spout: New sender registered: "kybench-src" (1920x1080)
2026-09-15T23:41:56.578[15940] INFO txproto::spout - Spout: New sender registered: "kybench-src" (1920x1080)
2026-09-15T23:41:56.578 INFO kycontroller - Got initial displays: [Display { id: 4227119652, name: "kybench-src", height: 1080, width: 1920, x: 0, y: 0 }]
2026-09-15T23:41:56.578 INFO kycontroller - HTTP listening on port 9150
2026-09-15T23:41:56.578 INFO kycontroller - Webclient root not found
2026-09-15T23:41:56.579 INFO actix_server::builder - starting 12 workers
2026-09-15T23:41:56.579 INFO actix_server::server - Actix runtime found; starting in Actix runtime
2026-09-15T23:41:56.579 INFO actix_server::server - starting service: "actix-web-service-[::]:9150", workers: 12, listening on: [::]:9150
2026-09-15T23:41:56.583 INFO kycontroller::statemachine - Got display update (session: None): [Display { id: 4227119652, name: "kybench-src", height: 1080, width: 1920, x: 0, y: 0 }]
2026-09-15T23:41:59.522 INFO actix_web::middleware::logger - ::ffff:127.0.0.1 "GET /capabilities HTTP/1.1" 200 46 "-" "-" 0.000191
2026-09-15T23:41:59.522 INFO kycontroller - Logging in "vj"...
2026-09-15T23:41:59.522 INFO actix_web::middleware::logger - ::ffff:127.0.0.1 "POST /session/login HTTP/1.1" 200 189 "-" "-" 0.000146
2026-09-15T23:41:59.527 INFO kycontroller - Websocket token validated and consumed for session c6082bd3-b5c2-4c50-a19c-a7815218928a
2026-09-15T23:41:59.527 INFO kycontroller - Session "c6082bd3-b5c2-4c50-a19c-a7815218928a" controlplane connected
2026-09-15T23:41:59.527 INFO actix_web::middleware::logger - ::ffff:127.0.0.1 "GET /enumerate_displays HTTP/1.1" 200 79 "-" "-" 0.000054
2026-09-15T23:41:59.528 INFO kycontroller::kymux_controller - Starting common Kymux server on address [::]:9150 (supports QUIC + WebTransport)
2026-09-15T23:41:59.528 INFO kycontroller::kymux_controller - Generating short-lived certificate for WebTransport compatibility
2026-09-15T23:41:59.528 INFO kycontroller::kymux_controller - Generated certificate with hash: 92c37d17fe5ef33fea004b95dfdfe380953d215811b6f662c48330a20015ee76
2026-09-15T23:41:59.528 INFO kycontroller::kymux_controller::requests - Kymux started. Public port: 9150
2026-09-15T23:41:59.528 INFO actix_web::middleware::logger - ::ffff:127.0.0.1 "POST /kymux/start_mux HTTP/1.1" 200 269 "-" "-" 0.000657
2026-09-15T23:41:59.528 INFO kycontroller::kymux_controller::server - Waiting for Kymux connections
2026-09-15T23:41:59.531 INFO kycontroller::kymux_controller::server - Kymux connection accepted
2026-09-15T23:41:59.531 INFO kycontroller::kymux_controller::server - Connection routed to session c6082bd3-b5c2-4c50-a19c-a7815218928a
2026-09-15T23:41:59.531 INFO kycontroller::kymux_controller - Connection received for session c6082bd3-b5c2-4c50-a19c-a7815218928a
2026-09-15T23:41:59.531 INFO kycontroller::avservices_manager - Start Video avservice for display 4227119652 (Shared { display_id: 4227119652 })
2026-09-15T23:41:59.533 INFO libkypc::process::windows - Windows Job Object created for child process
2026-09-15T23:41:59.543[15264] INFO kyavserver - Process is now DPI aware
2026-09-15T23:41:59.543[15264] INFO kyavservice - AV service started
2026-09-15T23:41:59.543[15264] INFO kyavservice::config - Using configuration file "\\\\?\\C:\\Users\\trist\\Workspace\\KyberFrog_WS2\\kyberfrog\\bench\\runs\\2026-09-15-explore-latency\\amf-soak\\kyber_config.toml"
2026-09-15T23:41:59.543[15264] INFO kyavservice - Start Kymux Video: URI "kymux://127.0.0.1:9091/0", bitrate: 20000000, codec: H264, yuv444: false, intra_refresh: None
2026-09-15T23:41:59.544 WARN kycontroller::kymux_controller - Audio disabled
2026-09-15T23:41:59.544 WARN kycontroller::kymux_controller - Input server disabled
2026-09-15T23:41:59.544 INFO kycontroller::kymux_controller - Start clock sync. Endpoint: 4
2026-09-15T23:41:59.544 INFO kycontroller::kymux_controller - Start metrics server. Endpoint: 6
2026-09-15T23:41:59.544 INFO kycontroller::kymux_controller::requests - Session started. SessionId: 2177469075
2026-09-15T23:41:59.544[15264] INFO kyavservice::kymux - Start video, using clock ZeroedOrigin
2026-09-15T23:41:59.544 INFO actix_web::middleware::logger - ::ffff:127.0.0.1 "POST /kymux/start_session HTTP/1.1" 200 174 "-" "-" 0.013371
2026-09-15T23:41:59.544[15264] INFO txproto::packet sink - connecting to URI: kymux://127.0.0.1:9091/0
2026-09-15T23:41:59.545 INFO kycom::connection - TCP connection for endpoint 0
2026-09-15T23:41:59.545[15264] INFO txproto::packet sink - connected to kymux://127.0.0.1:9091/0
2026-09-15T23:41:59.545[15264] INFO kyavservice::video - register_io_cb with api_list: ["spout", "wasapi"]
2026-09-15T23:41:59.545 INFO kycom::connection - TCP connection for endpoint 1
2026-09-15T23:41:59.605[15264] INFO txproto::spout - Spout: New sender registered: "kybench-src" (1920x1080)
2026-09-15T23:41:59.605[15264] INFO txproto::spout - Spout: New sender registered: "kybench-src" (1920x1080)
2026-09-15T23:41:59.605[15264] INFO kyavservice::video - Start screen grab on display 4227119652
2026-09-15T23:41:59.605[15264] INFO kyavservice::video - Forcing Spout sender "kybench-src" (id 0xFBF4BA24), ignoring requested display 4227119652
2026-09-15T23:41:59.605[15264] INFO txproto::tx - Using 'spout' backend for video capture
2026-09-15T23:41:59.605[15264] INFO kyavservice::video - amf encoder configuration dump:
[kyavserver.video_encoder_config]
bf = 0
b = 20000000
flags = "+global_header+low_delay"
usage = "ultralowlatency"
async_depth = 1
profile = "high"

2026-09-15T23:41:59.605[15264] INFO kyavservice::video - Creating encoder h264_amf
2026-09-15T23:41:59.606[15264] INFO txproto::spout - Sender sync: access mutex present, frame counting present
2026-09-15T23:41:59.607[15264] INFO txproto::spout - Bound sender texture 1920x1080 (bgra)
2026-09-15T23:41:59.607[15264] INFO txproto::kybench-src - First frame acquired
2026-09-15T23:41:59.617[15264] INFO txproto::D3D11VA - AMF via D3D11.
2026-09-15T23:41:59.624[15264] INFO txproto::packet sink - Send config packet
2026-09-15T23:41:59.624[15264] INFO kyavservice - Video force IDR
2026-09-15T23:41:59.624[15264] INFO txproto::lavc:h264_amf - Force IDR
2026-09-15T23:42:00.580[15940] INFO txproto::spout - Spout: New sender registered: "bench-out" (1920x1080)
2026-09-15T23:42:00.606[15264] INFO txproto::spout - Spout: New sender registered: "bench-out" (1920x1080)
2026-09-15T23:52:27.584 ERROR kyproto::control - ControlError("read error")
2026-09-15T23:52:27.584 ERROR kyproto::router - RouterError("accept_uni() failed: ConnectionError(\"closed by peer: Closed by Kyproto user (code 0)\")")
2026-09-15T23:52:27.584 ERROR kyproto::router - RouterError("accept_bi() failed: ConnectionError(\"closed by peer: Closed by Kyproto user (code 0)\")")
2026-09-15T23:52:27.584 ERROR kyproto::router - RouterError("read_datagram() failed: ConnectionError(\"closed by peer: Closed by Kyproto user (code 0)\")")
2026-09-15T23:52:27.584 INFO kycontroller::kymux_controller - Kymux connection closed for session c6082bd3-b5c2-4c50-a19c-a7815218928a: Ok(())
2026-09-15T23:52:27.584 WARN kyproto::router - Task accept_uni seems to be already stopped
2026-09-15T23:52:27.584 WARN kycontroller::statemachine - Kymux connection timeout for session c6082bd3-b5c2-4c50-a19c-a7815218928a
2026-09-15T23:52:27.584 WARN kyproto::router - Task accept_bi seems to be already stopped
2026-09-15T23:52:27.584 WARN kyproto::router - Task recv_datagrams seems to be already stopped
2026-09-15T23:52:27.584 WARN kyproto::control - Task control recv_msgs seems to be already stopped
2026-09-15T23:52:27.599 INFO kycontroller::controller - Preparing stop session c6082bd3-b5c2-4c50-a19c-a7815218928a
2026-09-15T23:52:27.599 INFO kycontroller::controller - Stop session c6082bd3-b5c2-4c50-a19c-a7815218928a
2026-09-15T23:52:27.599 INFO kycontroller::controller - Stop dataplane
2026-09-15T23:52:27.599 INFO kycontroller::kymux_controller - Stopping shared Kymux infrastructure
2026-09-15T23:52:27.599 INFO actix_web::middleware::logger - ::ffff:127.0.0.1 "GET /ws HTTP/1.1" 101 773 "-" "-" 628.072604
2026-09-15T23:52:27.599 INFO kycontroller::avservices_manager - Last client left video Shared { display_id: 4227119652 }, stopping avservice
2026-09-15T23:52:27.599 INFO kycontroller::kymux_controller - Stopping Kymux server
2026-09-15T23:52:27.599 INFO libkypc::process - Kill Child(C:\Users\trist\KyberFrog-bench\bundle-643ee0e\kyavserver)
2026-09-15T23:52:27.599 WARN kycontroller::kymux_controller::server - Kynet accept failed: connection error: Endpoint closed
2026-09-15T23:52:27.599 WARN kycontroller::kymux_controller::server - Kynet accept failed: connection error: Endpoint closed
2026-09-15T23:52:27.599 WARN kycontroller::kymux_controller::server - Kynet accept failed: connection error: Endpoint closed
2026-09-15T23:52:27.599 WARN kycontroller::kymux_controller::server - Kynet accept failed: connection error: Endpoint closed
2026-09-15T23:52:27.599 WARN kycontroller::kymux_controller::server - Kynet accept failed: connection error: Endpoint closed
2026-09-15T23:52:27.599 WARN kycontroller::kymux_controller::server - Kynet accept failed: connection error: Endpoint closed
2026-09-15T23:52:27.599 WARN kycontroller::kymux_controller::server - Kynet accept failed: connection error: Endpoint closed
2026-09-15T23:52:27.599 WARN kycontroller::kymux_controller::server - Kynet accept failed: connection error: Endpoint closed
2026-09-15T23:52:27.599 WARN kycontroller::kymux_controller::server - Kynet accept failed: connection error: Endpoint closed
2026-09-15T23:52:27.600 WARN kycontroller::kymux_controller::server - Kynet accept failed: connection error: Endpoint closed
2026-09-15T23:52:27.600 WARN kycontroller::kymux_controller::server - Kynet accept failed: connection error: Endpoint closed
2026-09-15T23:52:27.600 WARN kycontroller::kymux_controller::server - Kynet accept failed: connection error: Endpoint closed
2026-09-15T23:52:27.600 WARN kycontroller::kymux_controller::server - Kynet accept failed: connection error: Endpoint closed
2026-09-15T23:52:27.600 WARN kycontroller::kymux_controller::server - Kynet accept failed: connection error: Endpoint closed
2026-09-15T23:52:27.600 WARN kycontroller::kymux_controller::server - Kynet accept failed: connection error: Endpoint closed
2026-09-15T23:52:27.600 WARN kycontroller::kymux_controller::server - Kynet accept failed: connection error: Endpoint closed
2026-09-15T23:52:27.600 WARN kycontroller::kymux_controller::server - Kynet accept failed: connection error: Endpoint closed
2026-09-15T23:52:27.600 WARN kycontroller::kymux_controller::server - Kynet accept failed: connection error: Endpoint closed
2026-09-15T23:52:27.600 WARN kycontroller::kymux_controller::server - Kynet accept failed: connection error: Endpoint closed
2026-09-15T23:52:27.600 WARN kycontroller::kymux_controller::server - Kynet accept failed: connection error: Endpoint closed
2026-09-15T23:52:27.600 WARN kycontroller::kymux_controller::server - Kynet accept failed: connection error: Endpoint closed
2026-09-15T23:52:27.600 WARN kycontroller::kymux_controller::server - Kynet accept failed: connection error: Endpoint closed
2026-09-15T23:52:27.600 WARN kycontroller::kymux_controller::server - Kynet accept failed: connection error: Endpoint closed
2026-09-15T23:52:27.600 WARN kycontroller::kymux_controller::server - Kynet accept failed: connection error: Endpoint closed
2026-09-15T23:52:27.600 WARN kycontroller::kymux_controller::server - Kynet accept failed: connection error: Endpoint closed
2026-09-15T23:52:27.600 WARN kycontroller::kymux_controller::server - Kynet accept failed: connection error: Endpoint closed
2026-09-15T23:52:27.600 WARN kycontroller::kymux_controller::server - Kynet accept failed: connection error: Endpoint closed
2026-09-15T23:52:27.600 WARN kycontroller::kymux_controller::server - Kynet accept failed: connection error: Endpoint closed
2026-09-15T23:52:27.600 WARN kycontroller::kymux_controller::server - Kynet accept failed: connection error: Endpoint closed
2026-09-15T23:52:27.600 WARN kycontroller::kymux_controller::server - Kynet accept failed: connection error: Endpoint closed
2026-09-15T23:52:27.600 WARN kycontroller::kymux_controller::server - Kynet accept failed: connection error: Endpoint closed
2026-09-15T23:52:27.600 WARN kycontroller::kymux_controller::server - Kynet accept failed: connection error: Endpoint closed
2026-09-15T23:52:27.600 WARN kycontroller::kymux_controller::server - Kynet accept failed: connection error: Endpoint closed
2026-09-15T23:52:27.600 WARN kycontroller::kymux_controller::server - Kynet accept failed: connection error: Endpoint closed
2026-09-15T23:52:27.600 WARN kycontroller::kymux_controller::server - Kynet accept failed: connection error: Endpoint closed
2026-09-15T23:52:27.600 WARN kycontroller::kymux_controller::server - Kynet accept failed: connection error: Endpoint closed
2026-09-15T23:52:27.600 WARN kycontroller::kymux_controller::server - Kynet accept failed: connection error: Endpoint closed
2026-09-15T23:52:27.600 WARN kycontroller::kymux_controller::server - Kynet accept failed: connection error: Endpoint closed
2026-09-15T23:52:27.600 WARN kycontroller::kymux_controller::server - Kynet accept failed: connection error: Endpoint closed
2026-09-15T23:52:27.600 WARN kycontroller::kymux_controller::server - Kynet accept failed: connection error: Endpoint closed
2026-09-15T23:52:27.600 WARN kycontroller::kymux_controller::server - Kynet accept failed: connection error: Endpoint closed
2026-09-15T23:52:27.600 WARN kycontroller::kymux_controller::server - Kynet accept failed: connection error: Endpoint closed
2026-09-15T23:52:27.600 WARN kycontroller::kymux_controller::server - Kynet accept failed: connection error: Endpoint closed
2026-09-15T23:52:27.600 WARN kycontroller::kymux_controller::server - Kynet accept failed: connection error: Endpoint closed
2026-09-15T23:52:27.600 WARN kycontroller::kymux_controller::server - Kynet accept failed: connection error: Endpoint closed
2026-09-15T23:52:27.600 WARN kycontroller::kymux_controller::server - Kynet accept failed: connection error: Endpoint closed
2026-09-15T23:52:27.600 WARN kycontroller::kymux_controller::server - Kynet accept failed: connection error: Endpoint closed
2026-09-15T23:52:27.600 WARN kycontroller::kymux_controller::server - Kynet accept failed: connection error: Endpoint closed
2026-09-15T23:52:27.600 WARN kycontroller::kymux_controller::server - Kynet accept failed: connection error: Endpoint closed
2026-09-15T23:52:27.600 WARN kycontroller::kymux_controller::server - Kynet accept failed: connection error: Endpoint closed
2026-09-15T23:52:27.600 WARN kycontroller::kymux_controller::server - Kynet accept failed: connection error: Endpoint closed
2026-09-15T23:52:27.600 WARN kycontroller::kymux_controller::server - Kynet accept failed: connection error: Endpoint closed
2026-09-15T23:52:27.600 WARN kycontroller::kymux_controller::server - Kynet accept failed: connection error: Endpoint closed
2026-09-15T23:52:27.600 WARN kycontroller::kymux_controller::server - Kynet accept failed: connection error: Endpoint closed
2026-09-15T23:52:27.600 WARN kycontroller::kymux_controller::server - Kynet accept failed: connection error: Endpoint closed
2026-09-15T23:52:27.600 WARN kycontroller::kymux_controller::server - Kynet accept failed: connection error: Endpoint closed
2026-09-15T23:52:27.600 WARN kycontroller::kymux_controller::server - Kynet accept failed: connection error: Endpoint closed
2026-09-15T23:52:27.600 WARN kycontroller::kymux_controller::server - Kynet accept failed: connection error: Endpoint closed
2026-09-15T23:52:27.600 WARN kycontroller::kymux_controller::server - Kynet accept failed: connection error: Endpoint closed
2026-09-15T23:52:27.600 WARN kycontroller::kymux_controller::server - Kynet accept failed: connection error: Endpoint closed
2026-09-15T23:52:27.600 WARN kycontroller::kymux_controller::server - Kynet accept failed: connection error: Endpoint closed
2026-09-15T23:52:27.600 WARN kycontroller::kymux_controller::server - Kynet accept failed: connection error: Endpoint closed
2026-09-15T23:52:27.600 WARN kycontroller::kymux_controller::server - Kynet accept failed: connection error: Endpoint closed
2026-09-15T23:52:27.600 WARN kycontroller::kymux_controller::server - Kynet accept failed: connection error: Endpoint closed
2026-09-15T23:52:27.600 WARN kycontroller::kymux_controller::server - Kynet accept failed: connection error: Endpoint closed
2026-09-15T23:52:27.600 WARN kycontroller::kymux_controller::server - Kynet accept failed: connection error: Endpoint closed
2026-09-15T23:52:27.600 WARN kycontroller::kymux_controller::server - Kynet accept failed: connection error: Endpoint closed
2026-09-15T23:52:27.600 WARN kycontroller::kymux_controller::server - Kynet accept failed: connection error: Endpoint closed
2026-09-15T23:52:27.600 WARN kycontroller::kymux_controller::server - Kynet accept failed: connection error: Endpoint closed
2026-09-15T23:52:27.600 WARN kycontroller::kymux_controller::server - Kynet accept failed: connection error: Endpoint closed
2026-09-15T23:52:27.600 WARN kycontroller::kymux_controller::server - Kynet accept failed: connection error: Endpoint closed
2026-09-15T23:52:27.600 WARN kycontroller::kymux_controller::server - Kynet accept failed: connection error: Endpoint closed
2026-09-15T23:52:27.600 WARN kycontroller::kymux_controller::server - Kynet accept failed: connection error: Endpoint closed
2026-09-15T23:52:27.600 WARN kycontroller::kymux_controller::server - Kynet accept failed: connection error: Endpoint closed
2026-09-15T23:52:27.600 WARN kycontroller::kymux_controller::server - Kynet accept failed: connection error: Endpoint closed
2026-09-15T23:52:27.600 WARN kycontroller::kymux_controller::server - Kynet accept failed: connection error: Endpoint closed
2026-09-15T23:52:27.600 WARN kycontroller::kymux_controller::server - Kynet accept failed: connection error: Endpoint closed
2026-09-15T23:52:27.600 WARN kycontroller::kymux_controller::server - Kynet accept failed: connection error: Endpoint closed
2026-09-15T23:52:27.600 WARN kycontroller::kymux_controller::server - Kynet accept failed: connection error: Endpoint closed
2026-09-15T23:52:27.601 WARN kycontroller::kymux_controller::server - Kynet accept failed: connection error: Endpoint closed
2026-09-15T23:52:27.601 WARN kycontroller::kymux_controller::server - Kynet accept failed: connection error: Endpoint closed
2026-09-15T23:52:27.601 WARN kycontroller::kymux_controller::server - Kynet accept failed: connection error: Endpoint closed
2026-09-15T23:52:27.601 WARN kycontroller::kymux_controller::server - Kynet accept failed: connection error: Endpoint closed
2026-09-15T23:52:27.601 WARN kycontroller::kymux_controller::server - Kynet accept failed: connection error: Endpoint closed
2026-09-15T23:52:27.601 WARN kycontroller::kymux_controller::server - Kynet accept failed: connection error: Endpoint closed
2026-09-15T23:52:27.601 WARN kycontroller::kymux_controller::server - Kynet accept failed: connection error: Endpoint closed
2026-09-15T23:52:27.601 WARN kycontroller::kymux_controller::server - Kynet accept failed: connection error: Endpoint closed
2026-09-15T23:52:27.601 WARN kycontroller::kymux_controller::server - Kynet accept failed: connection error: Endpoint closed
2026-09-15T23:52:27.601 WARN kycontroller::kymux_controller::server - Kynet accept failed: connection error: Endpoint closed
2026-09-15T23:52:27.601 WARN kycontroller::kymux_controller::server - Kynet accept failed: connection error: Endpoint closed
2026-09-15T23:52:27.601 WARN kycontroller::kymux_controller::server - Kynet accept failed: connection error: Endpoint closed
2026-09-15T23:52:27.601 WARN kycontroller::kymux_controller::server - Kynet accept failed: connection error: Endpoint closed
2026-09-15T23:52:27.601 WARN kycontroller::kymux_controller::server - Kynet accept failed: connection error: Endpoint closed
2026-09-15T23:52:27.601 WARN kycontroller::kymux_controller::server - Kynet accept failed: connection error: Endpoint closed
2026-09-15T23:52:27.601 WARN kycontroller::kymux_controller::server - Kynet accept failed: connection error: Endpoint closed
2026-09-15T23:52:27.601 WARN kycontroller::kymux_controller::server - Kynet accept failed: connection error: Endpoint closed
2026-09-15T23:52:27.601 WARN kycontroller::kymux_controller::server - Kynet accept failed: connection error: Endpoint closed
2026-09-15T23:52:27.601 WARN kycontroller::kymux_controller::server - Kynet accept failed: connection error: Endpoint closed
2026-09-15T23:52:27.601 WARN kycontroller::kymux_controller::server - Kynet accept failed: connection error: Endpoint closed
2026-09-15T23:52:27.601 WARN kycontroller::kymux_controller::server - Kynet accept failed: connection error: Endpoint closed
2026-09-15T23:52:27.601 WARN kycontroller::kymux_controller::server - Kynet accept failed: connection error: Endpoint closed
2026-09-15T23:52:27.601 WARN kycontroller::kymux_controller::server - Kynet accept failed: connection error: Endpoint closed
2026-09-15T23:52:27.601 WARN kycontroller::kymux_controller::server - Kynet accept failed: connection error: Endpoint closed
2026-09-15T23:52:27.601 WARN kycontroller::kymux_controller::server - Kynet accept failed: connection error: Endpoint closed
2026-09-15T23:52:27.601 WARN kycontroller::kymux_controller::server - Kynet accept failed: connection error: Endpoint closed
2026-09-15T23:52:27.601 WARN kycontroller::kymux_controller::server - Kynet accept failed: connection error: Endpoint closed
2026-09-15T23:52:27.601 WARN kycontroller::kymux_controller::server - Kynet accept failed: connection error: Endpoint closed
2026-09-15T23:52:27.601 WARN kycontroller::kymux_controller::server - Kynet accept failed: connection error: Endpoint closed
2026-09-15T23:52:27.601 WARN kycontroller::kymux_controller::server - Kynet accept failed: connection error: Endpoint closed
2026-09-15T23:52:27.601 WARN kycontroller::kymux_controller::server - Kynet accept failed: connection error: Endpoint closed
2026-09-15T23:52:27.601 WARN kycontroller::kymux_controller::server - Kynet accept failed: connection error: Endpoint closed
2026-09-15T23:52:27.601 WARN kycontroller::kymux_controller::server - Kynet accept failed: connection error: Endpoint closed
2026-09-15T23:52:27.601 WARN kycontroller::kymux_controller::server - Kynet accept failed: connection error: Endpoint closed
2026-09-15T23:52:27.601 WARN kycontroller::kymux_controller::server - Kynet accept failed: connection error: Endpoint closed
2026-09-15T23:52:27.601 WARN kycontroller::kymux_controller::server - Kynet accept failed: connection error: Endpoint closed
2026-09-15T23:52:27.601 WARN kycontroller::kymux_controller::server - Kynet accept failed: connection error: Endpoint closed
2026-09-15T23:52:27.601 WARN kycontroller::kymux_controller::server - Kynet accept failed: connection error: Endpoint closed
2026-09-15T23:52:27.601 WARN kycontroller::kymux_controller::server - Kynet accept failed: connection error: Endpoint closed
2026-09-15T23:52:27.601 WARN kycontroller::kymux_controller::server - Kynet accept failed: connection error: Endpoint closed
2026-09-15T23:52:27.601 WARN kycontroller::kymux_controller::server - Kynet accept failed: connection error: Endpoint closed
2026-09-15T23:52:27.601 WARN kycontroller::kymux_controller::server - Kynet accept failed: connection error: Endpoint closed
2026-09-15T23:52:27.601 WARN kycontroller::kymux_controller::server - Kynet accept failed: connection error: Endpoint closed
2026-09-15T23:52:27.601 WARN kycontroller::kymux_controller::server - Kynet accept failed: connection error: Endpoint closed
2026-09-15T23:52:27.601 WARN kycontroller::kymux_controller::server - Kynet accept failed: connection error: Endpoint closed
2026-09-15T23:52:27.601 WARN kycontroller::kymux_controller::server - Kynet accept failed: connection error: Endpoint closed
2026-09-15T23:52:27.601 WARN kycontroller::kymux_controller::server - Kynet accept failed: connection error: Endpoint closed
2026-09-15T23:52:27.601 WARN kycontroller::kymux_controller::server - Kynet accept failed: connection error: Endpoint closed
2026-09-15T23:52:27.601 WARN kycontroller::kymux_controller::server - Kynet accept failed: connection error: Endpoint closed
2026-09-15T23:52:27.601 WARN kycontroller::kymux_controller::server - Kynet accept failed: connection error: Endpoint closed
2026-09-15T23:52:27.601 WARN kycontroller::kymux_controller::server - Kynet accept failed: connection error: Endpoint closed
2026-09-15T23:52:27.601 WARN kycontroller::kymux_controller::server - Kynet accept failed: connection error: Endpoint closed
2026-09-15T23:52:27.601 WARN kycontroller::kymux_controller::server - Kynet accept failed: connection error: Endpoint closed
2026-09-15T23:52:27.601 WARN kycontroller::kymux_controller::server - Kynet accept failed: connection error: Endpoint closed
2026-09-15T23:52:27.601 WARN kycontroller::kymux_controller::server - Kynet accept failed: connection error: Endpoint closed
2026-09-15T23:52:27.601 WARN kycontroller::kymux_controller::server - Kynet accept failed: connection error: Endpoint closed
2026-09-15T23:52:27.601 WARN kycontroller::kymux_controller::server - Kynet accept failed: connection error: Endpoint closed
2026-09-15T23:52:27.601 WARN kycontroller::kymux_controller::server - Kynet accept failed: connection error: Endpoint closed
2026-09-15T23:52:27.601 WARN kycontroller::kymux_controller::server - Kynet accept failed: connection error: Endpoint closed
2026-09-15T23:52:27.601 WARN kycontroller::kymux_controller::server - Kynet accept failed: connection error: Endpoint closed
2026-09-15T23:52:27.601 WARN kycontroller::kymux_controller::server - Kynet accept failed: connection error: Endpoint closed
2026-09-15T23:52:27.601 WARN kycontroller::kymux_controller::server - Kynet accept failed: connection error: Endpoint closed
2026-09-15T23:52:27.601 WARN kycontroller::kymux_controller::server - Kynet accept failed: connection error: Endpoint closed
2026-09-15T23:52:27.601 WARN kycontroller::kymux_controller::server - Kynet accept failed: connection error: Endpoint closed
2026-09-15T23:52:27.601 WARN kycontroller::kymux_controller::server - Kynet accept failed: connection error: Endpoint closed
2026-09-15T23:52:27.601 WARN kycontroller::kymux_controller::server - Kynet accept failed: connection error: Endpoint closed
2026-09-15T23:52:27.601 WARN kycontroller::kymux_controller::server - Kynet accept failed: connection error: Endpoint closed
2026-09-15T23:52:27.602 WARN kycontroller::kymux_controller::server - Kynet accept failed: connection error: Endpoint closed
2026-09-15T23:52:27.602 WARN kycontroller::kymux_controller::server - Kynet accept failed: connection error: Endpoint closed
2026-09-15T23:52:27.602 WARN kycontroller::kymux_controller::server - Kynet accept failed: connection error: Endpoint closed
2026-09-15T23:52:27.602 WARN kycontroller::kymux_controller::server - Kynet accept failed: connection error: Endpoint closed
2026-09-15T23:52:27.602 WARN kycontroller::kymux_controller::server - Kynet accept failed: connection error: Endpoint closed
2026-09-15T23:52:27.602 WARN kycontroller::kymux_controller::server - Kynet accept failed: connection error: Endpoint closed
2026-09-15T23:52:27.602 WARN kycontroller::kymux_controller::server - Kynet accept failed: connection error: Endpoint closed
2026-09-15T23:52:27.602 WARN kycontroller::kymux_controller::server - Kynet accept failed: connection error: Endpoint closed
2026-09-15T23:52:27.602 WARN kycontroller::kymux_controller::server - Kynet accept failed: connection error: Endpoint closed
2026-09-15T23:52:27.602 WARN kycontroller::kymux_controller::server - Kynet accept failed: connection error: Endpoint closed
2026-09-15T23:52:27.602 WARN kycontroller::kymux_controller::server - Kynet accept failed: connection error: Endpoint closed
2026-09-15T23:52:27.602 WARN kycontroller::kymux_controller::server - Kynet accept failed: connection error: Endpoint closed
2026-09-15T23:52:27.602 WARN kycontroller::kymux_controller::server - Kynet accept failed: connection error: Endpoint closed
2026-09-15T23:52:27.602 WARN kycontroller::kymux_controller::server - Kynet accept failed: connection error: Endpoint closed
2026-09-15T23:52:27.602 WARN kycontroller::kymux_controller::server - Kynet accept failed: connection error: Endpoint closed
2026-09-15T23:52:27.602 WARN kycontroller::kymux_controller::server - Kynet accept failed: connection error: Endpoint closed
2026-09-15T23:52:27.602 WARN kycontroller::kymux_controller::server - Kynet accept failed: connection error: Endpoint closed
2026-09-15T23:52:27.602 WARN kycontroller::kymux_controller::server - Kynet accept failed: connection error: Endpoint closed
2026-09-15T23:52:27.602 WARN kycontroller::kymux_controller::server - Kynet accept failed: connection error: Endpoint closed
2026-09-15T23:52:27.602 WARN kycontroller::kymux_controller::server - Kynet accept failed: connection error: Endpoint closed
2026-09-15T23:52:27.602 WARN kycontroller::kymux_controller::server - Kynet accept failed: connection error: Endpoint closed
2026-09-15T23:52:27.602 WARN kycontroller::kymux_controller::server - Kynet accept failed: connection error: Endpoint closed
2026-09-15T23:52:27.602 WARN kycontroller::kymux_controller::server - Kynet accept failed: connection error: Endpoint closed
2026-09-15T23:52:27.602 WARN kycontroller::kymux_controller::server - Kynet accept failed: connection error: Endpoint closed
2026-09-15T23:52:27.602 WARN kycontroller::kymux_controller::server - Kynet accept failed: connection error: Endpoint closed
2026-09-15T23:52:27.602 WARN kycontroller::kymux_controller::server - Kynet accept failed: connection error: Endpoint closed
2026-09-15T23:52:27.602 WARN kycontroller::kymux_controller::server - Kynet accept failed: connection error: Endpoint closed
2026-09-15T23:52:27.602 WARN kycontroller::kymux_controller::server - Kynet accept failed: connection error: Endpoint closed
2026-09-15T23:52:27.602 WARN kycontroller::kymux_controller::server - Kynet accept failed: connection error: Endpoint closed
2026-09-15T23:52:27.602 WARN kycontroller::kymux_controller::server - Kynet accept failed: connection error: Endpoint closed
2026-09-15T23:52:27.602 WARN kycontroller::kymux_controller::server - Kynet accept failed: connection error: Endpoint closed
2026-09-15T23:52:27.602 WARN kycontroller::kymux_controller::server - Kynet accept failed: connection error: Endpoint closed
2026-09-15T23:52:27.602 WARN kycontroller::kymux_controller::server - Kynet accept failed: connection error: Endpoint closed
2026-09-15T23:52:27.602 WARN kycontroller::kymux_controller::server - Kynet accept failed: connection error: Endpoint closed
2026-09-15T23:52:27.602 WARN kycontroller::kymux_controller::server - Kynet accept failed: connection error: Endpoint closed
2026-09-15T23:52:27.602 WARN kycontroller::kymux_controller::server - Kynet accept failed: connection error: Endpoint closed
2026-09-15T23:52:27.602 WARN kycontroller::kymux_controller::server - Kynet accept failed: connection error: Endpoint closed
2026-09-15T23:52:27.602 WARN kycontroller::kymux_controller::server - Kynet accept failed: connection error: Endpoint closed
2026-09-15T23:52:27.602 WARN kycontroller::kymux_controller::server - Kynet accept failed: connection error: Endpoint closed
2026-09-15T23:52:27.602 WARN kycontroller::kymux_controller::server - Kynet accept failed: connection error: Endpoint closed
2026-09-15T23:52:27.602 WARN kycontroller::kymux_controller::server - Kynet accept failed: connection error: Endpoint closed
2026-09-15T23:52:27.602 WARN kycontroller::kymux_controller::server - Kynet accept failed: connection error: Endpoint closed
2026-09-15T23:52:27.602 WARN kycontroller::kymux_controller::server - Kynet accept failed: connection error: Endpoint closed
2026-09-15T23:52:27.602 WARN kycontroller::kymux_controller::server - Kynet accept failed: connection error: Endpoint closed
2026-09-15T23:52:27.602 WARN kycontroller::kymux_controller::server - Kynet accept failed: connection error: Endpoint closed
2026-09-15T23:52:27.602 WARN kycontroller::kymux_controller::server - Kynet accept failed: connection error: Endpoint closed
2026-09-15T23:52:27.602 WARN kycontroller::kymux_controller::server - Kynet accept failed: connection error: Endpoint closed
2026-09-15T23:52:27.602 WARN kycontroller::kymux_controller::server - Kynet accept failed: connection error: Endpoint closed
2026-09-15T23:52:27.602 WARN kycontroller::kymux_controller::server - Kynet accept failed: connection error: Endpoint closed
2026-09-15T23:52:27.602 WARN kycontroller::kymux_controller::server - Kynet accept failed: connection error: Endpoint closed
2026-09-15T23:52:27.602 WARN kycontroller::kymux_controller::server - Kynet accept failed: connection error: Endpoint closed
2026-09-15T23:52:27.602 WARN kycontroller::kymux_controller::server - Kynet accept failed: connection error: Endpoint closed
2026-09-15T23:52:27.602 WARN kycontroller::kymux_controller::server - Kynet accept failed: connection error: Endpoint closed
2026-09-15T23:52:27.602 WARN kycontroller::kymux_controller::server - Kynet accept failed: connection error: Endpoint closed
2026-09-15T23:52:27.602 WARN kycontroller::kymux_controller::server - Kynet accept failed: connection error: Endpoint closed
2026-09-15T23:52:27.602 WARN kycontroller::kymux_controller::server - Kynet accept failed: connection error: Endpoint closed
2026-09-15T23:52:27.602 WARN kycontroller::kymux_controller::server - Kynet accept failed: connection error: Endpoint closed
2026-09-15T23:52:27.603 WARN kycontroller::kymux_controller::server - Kynet accept failed: connection error: Endpoint closed
2026-09-15T23:52:27.603 WARN kycontroller::kymux_controller::server - Kynet accept failed: connection error: Endpoint closed
2026-09-15T23:52:27.603 WARN kycontroller::kymux_controller::server - Kynet accept failed: connection error: Endpoint closed
2026-09-15T23:52:27.603 WARN kycontroller::kymux_controller::server - Kynet accept failed: connection error: Endpoint closed
2026-09-15T23:52:27.603 WARN kycontroller::kymux_controller::server - Kynet accept failed: connection error: Endpoint closed
2026-09-15T23:52:27.603 WARN kycontroller::kymux_controller::server - Kynet accept failed: connection error: Endpoint closed
2026-09-15T23:52:27.603 WARN kycontroller::kymux_controller::server - Kynet accept failed: connection error: Endpoint closed
2026-09-15T23:52:27.603 WARN kycontroller::kymux_controller::server - Kynet accept failed: connection error: Endpoint closed
2026-09-15T23:52:27.603 WARN kycontroller::kymux_controller::server - Kynet accept failed: connection error: Endpoint closed
2026-09-15T23:52:27.603 WARN kycontroller::kymux_controller::server - Kynet accept failed: connection error: Endpoint closed
2026-09-15T23:52:27.603 WARN kycontroller::kymux_controller::server - Kynet accept failed: connection error: Endpoint closed
2026-09-15T23:52:27.603 WARN kycontroller::kymux_controller::server - Kynet accept failed: connection error: Endpoint closed
2026-09-15T23:52:27.603 WARN kycontroller::kymux_controller::server - Kynet accept failed: connection error: Endpoint closed
2026-09-15T23:52:27.603 WARN kycontroller::kymux_controller::server - Kynet accept failed: connection error: Endpoint closed
2026-09-15T23:52:27.603 WARN kycontroller::kymux_controller::server - Kynet accept failed: connection error: Endpoint closed
2026-09-15T23:52:27.603 WARN kycontroller::kymux_controller::server - Kynet accept failed: connection error: Endpoint closed
2026-09-15T23:52:27.603 WARN kycontroller::kymux_controller::server - Kynet accept failed: connection error: Endpoint closed
2026-09-15T23:52:27.603 WARN kycontroller::kymux_controller::server - Kynet accept failed: connection error: Endpoint closed
2026-09-15T23:52:27.603 WARN kycontroller::kymux_controller::server - Kynet accept failed: connection error: Endpoint closed
2026-09-15T23:52:27.603 WARN kycontroller::kymux_controller::server - Kynet accept failed: connection error: Endpoint closed
2026-09-15T23:52:27.603 WARN kycontroller::kymux_controller::server - Kynet accept failed: connection error: Endpoint closed
2026-09-15T23:52:27.603 WARN kycontroller::kymux_controller::server - Kynet accept failed: connection error: Endpoint closed
2026-09-15T23:52:27.603 WARN kycontroller::kymux_controller::server - Kynet accept failed: connection error: Endpoint closed
2026-09-15T23:52:27.603 WARN kycontroller::kymux_controller::server - Kynet accept failed: connection error: Endpoint closed
2026-09-15T23:52:27.603 WARN kycontroller::kymux_controller::server - Kynet accept failed: connection error: Endpoint closed
2026-09-15T23:52:27.603 WARN kycontroller::kymux_controller::server - Kynet accept failed: connection error: Endpoint closed
2026-09-15T23:52:27.603 WARN kycontroller::kymux_controller::server - Kynet accept failed: connection error: Endpoint closed
2026-09-15T23:52:27.603 WARN kycontroller::kymux_controller::server - Kynet accept failed: connection error: Endpoint closed
2026-09-15T23:52:27.603 WARN kycontroller::kymux_controller::server - Kynet accept failed: connection error: Endpoint closed
2026-09-15T23:52:27.603 WARN kycontroller::kymux_controller::server - Kynet accept failed: connection error: Endpoint closed
2026-09-15T23:52:27.603 WARN kycontroller::kymux_controller::server - Kynet accept failed: connection error: Endpoint closed
2026-09-15T23:52:27.603 WARN kycontroller::kymux_controller::server - Kynet accept failed: connection error: Endpoint closed
2026-09-15T23:52:27.603 WARN kycontroller::kymux_controller::server - Kynet accept failed: connection error: Endpoint closed
2026-09-15T23:52:27.603 WARN kycontroller::kymux_controller::server - Kynet accept failed: connection error: Endpoint closed
2026-09-15T23:52:27.603 WARN kycontroller::kymux_controller::server - Kynet accept failed: connection error: Endpoint closed
2026-09-15T23:52:27.603 WARN kycontroller::kymux_controller::server - Kynet accept failed: connection error: Endpoint closed
2026-09-15T23:52:27.603 WARN kycontroller::kymux_controller::server - Kynet accept failed: connection error: Endpoint closed
2026-09-15T23:52:27.603 WARN kycontroller::kymux_controller::server - Kynet accept failed: connection error: Endpoint closed
2026-09-15T23:52:27.603 WARN kycontroller::kymux_controller::server - Kynet accept failed: connection error: Endpoint closed
2026-09-15T23:52:27.603 WARN kycontroller::kymux_controller::server - Kynet accept failed: connection error: Endpoint closed
2026-09-15T23:52:27.603 WARN kycontroller::kymux_controller::server - Kynet accept failed: connection error: Endpoint closed
2026-09-15T23:52:27.603 WARN kycontroller::kymux_controller::server - Kynet accept failed: connection error: Endpoint closed
2026-09-15T23:52:27.603 WARN kycontroller::kymux_controller::server - Kynet accept failed: connection error: Endpoint closed
2026-09-15T23:52:27.603 WARN kycontroller::kymux_controller::server - Kynet accept failed: connection error: Endpoint closed
2026-09-15T23:52:27.603 WARN kycontroller::kymux_controller::server - Kynet accept failed: connection error: Endpoint closed
2026-09-15T23:52:27.603 WARN kycontroller::kymux_controller::server - Kynet accept failed: connection error: Endpoint closed
2026-09-15T23:52:27.603 WARN kycontroller::kymux_controller::server - Kynet accept failed: connection error: Endpoint closed
2026-09-15T23:52:27.603 WARN kycontroller::kymux_controller::server - Kynet accept failed: connection error: Endpoint closed
2026-09-15T23:52:27.603 WARN kycontroller::kymux_controller::server - Kynet accept failed: connection error: Endpoint closed
2026-09-15T23:52:27.603 WARN kycontroller::kymux_controller::server - Kynet accept failed: connection error: Endpoint closed
2026-09-15T23:52:27.603 WARN kycontroller::kymux_controller::server - Kynet accept failed: connection error: Endpoint closed
2026-09-15T23:52:27.603 WARN kycontroller::kymux_controller::server - Kynet accept failed: connection error: Endpoint closed
2026-09-15T23:52:27.603 WARN kycontroller::kymux_controller::server - Kynet accept failed: connection error: Endpoint closed
2026-09-15T23:52:27.603 WARN kycontroller::kymux_controller::server - Kynet accept failed: connection error: Endpoint closed
2026-09-15T23:52:27.603 WARN kycontroller::kymux_controller::server - Kynet accept failed: connection error: Endpoint closed
2026-09-15T23:52:27.603 WARN kycontroller::kymux_controller::server - Kynet accept failed: connection error: Endpoint closed
2026-09-15T23:52:27.603 WARN kycontroller::kymux_controller::server - Kynet accept failed: connection error: Endpoint closed
2026-09-15T23:52:27.603 WARN kycontroller::kymux_controller::server - Kynet accept failed: connection error: Endpoint closed
2026-09-15T23:52:27.603 WARN kycontroller::kymux_controller::server - Kynet accept failed: connection error: Endpoint closed
2026-09-15T23:52:27.603 WARN kycontroller::kymux_controller::server - Kynet accept failed: connection error: Endpoint closed
2026-09-15T23:52:27.603 WARN kycontroller::kymux_controller::server - Kynet accept failed: connection error: Endpoint closed
2026-09-15T23:52:27.603 WARN kycontroller::kymux_controller::server - Kynet accept failed: connection error: Endpoint closed
2026-09-15T23:52:27.603 WARN kycontroller::kymux_controller::server - Kynet accept failed: connection error: Endpoint closed
2026-09-15T23:52:27.603 WARN kycontroller::kymux_controller::server - Kynet accept failed: connection error: Endpoint closed
2026-09-15T23:52:27.603 WARN kycontroller::kymux_controller::server - Kynet accept failed: connection error: Endpoint closed
2026-09-15T23:52:27.604 WARN kycontroller::kymux_controller::server - Kynet accept failed: connection error: Endpoint closed
2026-09-15T23:52:27.604 WARN kycontroller::kymux_controller::server - Kynet accept failed: connection error: Endpoint closed
2026-09-15T23:52:27.604 WARN kycontroller::kymux_controller::server - Kynet accept failed: connection error: Endpoint closed
2026-09-15T23:52:27.604 WARN kycontroller::kymux_controller::server - Kynet accept failed: connection error: Endpoint closed
2026-09-15T23:52:27.604 WARN kycontroller::kymux_controller::server - Kynet accept failed: connection error: Endpoint closed
2026-09-15T23:52:27.604 WARN kycontroller::kymux_controller::server - Kynet accept failed: connection error: Endpoint closed
2026-09-15T23:52:27.604 WARN kycontroller::kymux_controller::server - Kynet accept failed: connection error: Endpoint closed
2026-09-15T23:52:27.604 WARN kycontroller::kymux_controller::server - Kynet accept failed: connection error: Endpoint closed
2026-09-15T23:52:27.604 WARN kycontroller::kymux_controller::server - Kynet accept failed: connection error: Endpoint closed
2026-09-15T23:52:27.604 WARN kycontroller::kymux_controller::server - Kynet accept failed: connection error: Endpoint closed
2026-09-15T23:52:27.604 WARN kycontroller::kymux_controller::server - Kynet accept failed: connection error: Endpoint closed
2026-09-15T23:52:27.604 WARN kycontroller::kymux_controller::server - Kynet accept failed: connection error: Endpoint closed
2026-09-15T23:52:27.604 WARN kycontroller::kymux_controller::server - Kynet accept failed: connection error: Endpoint closed
2026-09-15T23:52:27.604 WARN kycontroller::kymux_controller::server - Kynet accept failed: connection error: Endpoint closed
2026-09-15T23:52:27.604 WARN kycontroller::kymux_controller::server - Kynet accept failed: connection error: Endpoint closed
2026-09-15T23:52:27.604 WARN kycontroller::kymux_controller::server - Kynet accept failed: connection error: Endpoint closed
2026-09-15T23:52:27.604 WARN kycontroller::kymux_controller::server - Kynet accept failed: connection error: Endpoint closed
2026-09-15T23:52:27.604 WARN kycontroller::kymux_controller::server - Kynet accept failed: connection error: Endpoint closed
2026-09-15T23:52:27.604 WARN kycontroller::kymux_controller::server - Kynet accept failed: connection error: Endpoint closed
2026-09-15T23:52:27.604 WARN kycontroller::kymux_controller::server - Kynet accept failed: connection error: Endpoint closed
2026-09-15T23:52:27.604 WARN kycontroller::kymux_controller::server - Kynet accept failed: connection error: Endpoint closed
2026-09-15T23:52:27.604 WARN kycontroller::kymux_controller::server - Kynet accept failed: connection error: Endpoint closed
2026-09-15T23:52:27.604 WARN kycontroller::kymux_controller::server - Kynet accept failed: connection error: Endpoint closed
2026-09-15T23:52:27.604 WARN kycontroller::kymux_controller::server - Kynet accept failed: connection error: Endpoint closed
2026-09-15T23:52:27.604 WARN kycontroller::kymux_controller::server - Kynet accept failed: connection error: Endpoint closed
2026-09-15T23:52:27.604 WARN kycontroller::kymux_controller::server - Kynet accept failed: connection error: Endpoint closed
2026-09-15T23:52:27.604 WARN kycontroller::kymux_controller::server - Kynet accept failed: connection error: Endpoint closed
2026-09-15T23:52:27.604 WARN kycontroller::kymux_controller::server - Kynet accept failed: connection error: Endpoint closed
2026-09-15T23:52:27.604 WARN kycontroller::kymux_controller::server - Kynet accept failed: connection error: Endpoint closed
2026-09-15T23:52:27.604 WARN kycontroller::kymux_controller::server - Kynet accept failed: connection error: Endpoint closed
2026-09-15T23:52:27.604 WARN kycontroller::kymux_controller::server - Kynet accept failed: connection error: Endpoint closed
2026-09-15T23:52:27.604 WARN kycontroller::kymux_controller::server - Kynet accept failed: connection error: Endpoint closed
2026-09-15T23:52:27.604 WARN kycontroller::kymux_controller::server - Kynet accept failed: connection error: Endpoint closed
2026-09-15T23:52:27.604 WARN kycontroller::kymux_controller::server - Kynet accept failed: connection error: Endpoint closed
2026-09-15T23:52:27.604 WARN kycontroller::kymux_controller::server - Kynet accept failed: connection error: Endpoint closed
2026-09-15T23:52:27.604 WARN kycontroller::kymux_controller::server - Kynet accept failed: connection error: Endpoint closed
2026-09-15T23:52:27.604 WARN kycontroller::kymux_controller::server - Kynet accept failed: connection error: Endpoint closed
2026-09-15T23:52:27.604 WARN kycontroller::kymux_controller::server - Kynet accept failed: connection error: Endpoint closed
2026-09-15T23:52:27.604 WARN kycontroller::kymux_controller::server - Kynet accept failed: connection error: Endpoint closed
2026-09-15T23:52:27.604 WARN kycontroller::kymux_controller::server - Kynet accept failed: connection error: Endpoint closed
2026-09-15T23:52:27.604 WARN kycontroller::kymux_controller::server - Kynet accept failed: connection error: Endpoint closed
2026-09-15T23:52:27.604 WARN kycontroller::kymux_controller::server - Kynet accept failed: connection error: Endpoint closed
2026-09-15T23:52:27.604 WARN kycontroller::kymux_controller::server - Kynet accept failed: connection error: Endpoint closed
2026-09-15T23:52:27.604 WARN kycontroller::kymux_controller::server - Kynet accept failed: connection error: Endpoint closed
2026-09-15T23:52:27.604 WARN kycontroller::kymux_controller::server - Kynet accept failed: connection error: Endpoint closed
2026-09-15T23:52:27.604 WARN kycontroller::kymux_controller::server - Kynet accept failed: connection error: Endpoint closed
2026-09-15T23:52:27.604 WARN kycontroller::kymux_controller::server - Kynet accept failed: connection error: Endpoint closed
2026-09-15T23:52:27.604 WARN kycontroller::kymux_controller::server - Kynet accept failed: connection error: Endpoint closed
2026-09-15T23:52:27.604 WARN kycontroller::kymux_controller::server - Kynet accept failed: connection error: Endpoint closed
2026-09-15T23:52:27.604 WARN kycontroller::kymux_controller::server - Kynet accept failed: connection error: Endpoint closed
2026-09-15T23:52:27.604 WARN kycontroller::kymux_controller::server - Kynet accept failed: connection error: Endpoint closed
2026-09-15T23:52:27.604 WARN kycontroller::kymux_controller::server - Kynet accept failed: connection error: Endpoint closed
2026-09-15T23:52:27.604 WARN kycontroller::kymux_controller::server - Kynet accept failed: connection error: Endpoint closed
2026-09-15T23:52:27.604 WARN kycontroller::kymux_controller::server - Kynet accept failed: connection error: Endpoint closed
2026-09-15T23:52:27.604 WARN kycontroller::kymux_controller::server - Kynet accept failed: connection error: Endpoint closed
2026-09-15T23:52:27.604 WARN kycontroller::kymux_controller::server - Kynet accept failed: connection error: Endpoint closed
2026-09-15T23:52:27.604 WARN kycontroller::kymux_controller::server - Kynet accept failed: connection error: Endpoint closed
2026-09-15T23:52:27.604 WARN kycontroller::kymux_controller::server - Kynet accept failed: connection error: Endpoint closed
2026-09-15T23:52:27.604 WARN kycontroller::kymux_controller::server - Kynet accept failed: connection error: Endpoint closed
2026-09-15T23:52:27.604 WARN kycontroller::kymux_controller::server - Kynet accept failed: connection error: Endpoint closed
2026-09-15T23:52:27.604 WARN kycontroller::kymux_controller::server - Kynet accept failed: connection error: Endpoint closed
2026-09-15T23:52:27.604 WARN kycontroller::kymux_controller::server - Kynet accept failed: connection error: Endpoint closed
2026-09-15T23:52:27.604 WARN kycontroller::kymux_controller::server - Kynet accept failed: connection error: Endpoint closed
2026-09-15T23:52:27.605 WARN kycontroller::kymux_controller::server - Kynet accept failed: connection error: Endpoint closed
2026-09-15T23:52:27.605 WARN kycontroller::kymux_controller::server - Kynet accept failed: connection error: Endpoint closed
2026-09-15T23:52:27.605 WARN kycontroller::kymux_controller::server - Kynet accept failed: connection error: Endpoint closed
2026-09-15T23:52:27.605 WARN kycontroller::kymux_controller::server - Kynet accept failed: connection error: Endpoint closed
2026-09-15T23:52:27.605 WARN kycontroller::kymux_controller::server - Kynet accept failed: connection error: Endpoint closed
2026-09-15T23:52:27.605 WARN kycontroller::kymux_controller::server - Kynet accept failed: connection error: Endpoint closed
2026-09-15T23:52:27.605 WARN kycontroller::kymux_controller::server - Kynet accept failed: connection error: Endpoint closed
2026-09-15T23:52:27.605 WARN kycontroller::kymux_controller::server - Kynet accept failed: connection error: Endpoint closed
2026-09-15T23:52:27.605 WARN kycontroller::kymux_controller::server - Kynet accept failed: connection error: Endpoint closed
2026-09-15T23:52:27.605 WARN kycontroller::kymux_controller::server - Kynet accept failed: connection error: Endpoint closed
2026-09-15T23:52:27.605 WARN kycontroller::kymux_controller::server - Kynet accept failed: connection error: Endpoint closed
2026-09-15T23:52:27.605 WARN kycontroller::kymux_controller::server - Kynet accept failed: connection error: Endpoint closed
2026-09-15T23:52:27.605 WARN kycontroller::kymux_controller::server - Kynet accept failed: connection error: Endpoint closed
2026-09-15T23:52:27.605 WARN kycontroller::kymux_controller::server - Kynet accept failed: connection error: Endpoint closed
2026-09-15T23:52:27.605 WARN kycontroller::kymux_controller::server - Kynet accept failed: connection error: Endpoint closed
2026-09-15T23:52:27.605 WARN kycontroller::kymux_controller::server - Kynet accept failed: connection error: Endpoint closed
2026-09-15T23:52:27.605 WARN kycontroller::kymux_controller::server - Kynet accept failed: connection error: Endpoint closed
2026-09-15T23:52:27.605 WARN kycontroller::kymux_controller::server - Kynet accept failed: connection error: Endpoint closed
2026-09-15T23:52:27.605 WARN kycontroller::kymux_controller::server - Kynet accept failed: connection error: Endpoint closed
2026-09-15T23:52:27.605 WARN kycontroller::kymux_controller::server - Kynet accept failed: connection error: Endpoint closed
2026-09-15T23:52:27.605 WARN kycontroller::kymux_controller::server - Kynet accept failed: connection error: Endpoint closed
2026-09-15T23:52:27.605 WARN kycontroller::kymux_controller::server - Kynet accept failed: connection error: Endpoint closed
2026-09-15T23:52:27.605 WARN kycontroller::kymux_controller::server - Kynet accept failed: connection error: Endpoint closed
2026-09-15T23:52:27.605 WARN kycontroller::kymux_controller::server - Kynet accept failed: connection error: Endpoint closed
2026-09-15T23:52:27.605 WARN kycontroller::kymux_controller::server - Kynet accept failed: connection error: Endpoint closed
2026-09-15T23:52:27.605 WARN kycontroller::kymux_controller::server - Kynet accept failed: connection error: Endpoint closed
2026-09-15T23:52:27.605 WARN kycontroller::kymux_controller::server - Kynet accept failed: connection error: Endpoint closed
2026-09-15T23:52:27.605 WARN kycontroller::kymux_controller::server - Kynet accept failed: connection error: Endpoint closed
2026-09-15T23:52:27.605 WARN kycontroller::kymux_controller::server - Kynet accept failed: connection error: Endpoint closed
2026-09-15T23:52:27.605 WARN kycontroller::kymux_controller::server - Kynet accept failed: connection error: Endpoint closed
2026-09-15T23:52:27.605 WARN kycontroller::kymux_controller::server - Kynet accept failed: connection error: Endpoint closed
2026-09-15T23:52:27.605 WARN kycontroller::kymux_controller::server - Kynet accept failed: connection error: Endpoint closed
2026-09-15T23:52:27.605 WARN kycontroller::kymux_controller::server - Kynet accept failed: connection error: Endpoint closed
2026-09-15T23:52:27.605 WARN kycontroller::kymux_controller::server - Kynet accept failed: connection error: Endpoint closed
2026-09-15T23:52:27.605 WARN kycontroller::kymux_controller::server - Kynet accept failed: connection error: Endpoint closed
2026-09-15T23:52:27.605 WARN kycontroller::kymux_controller::server - Kynet accept failed: connection error: Endpoint closed
2026-09-15T23:52:27.605 WARN kycontroller::kymux_controller::server - Kynet accept failed: connection error: Endpoint closed
2026-09-15T23:52:27.605 WARN kycontroller::kymux_controller::server - Kynet accept failed: connection error: Endpoint closed
2026-09-15T23:52:27.605 WARN kycontroller::kymux_controller::server - Kynet accept failed: connection error: Endpoint closed
2026-09-15T23:52:27.605 WARN kycontroller::kymux_controller::server - Kynet accept failed: connection error: Endpoint closed
2026-09-15T23:52:27.605 WARN kycontroller::kymux_controller::server - Kynet accept failed: connection error: Endpoint closed
2026-09-15T23:52:27.605 WARN kycontroller::kymux_controller::server - Kynet accept failed: connection error: Endpoint closed
2026-09-15T23:52:27.605 WARN kycontroller::kymux_controller::server - Kynet accept failed: connection error: Endpoint closed
2026-09-15T23:52:27.605 WARN kycontroller::kymux_controller::server - Kynet accept failed: connection error: Endpoint closed
2026-09-15T23:52:27.605 WARN kycontroller::kymux_controller::server - Kynet accept failed: connection error: Endpoint closed
2026-09-15T23:52:27.605 WARN kycontroller::kymux_controller::server - Kynet accept failed: connection error: Endpoint closed
2026-09-15T23:52:27.605 WARN kycontroller::kymux_controller::server - Kynet accept failed: connection error: Endpoint closed
2026-09-15T23:52:27.605 WARN kycontroller::kymux_controller::server - Kynet accept failed: connection error: Endpoint closed
2026-09-15T23:52:27.605 WARN kycontroller::kymux_controller::server - Kynet accept failed: connection error: Endpoint closed
2026-09-15T23:52:27.605 WARN kycontroller::kymux_controller::server - Kynet accept failed: connection error: Endpoint closed
2026-09-15T23:52:27.605 WARN kycontroller::kymux_controller::server - Kynet accept failed: connection error: Endpoint closed
2026-09-15T23:52:27.605 WARN kycontroller::kymux_controller::server - Kynet accept failed: connection error: Endpoint closed
2026-09-15T23:52:27.605 WARN kycontroller::kymux_controller::server - Kynet accept failed: connection error: Endpoint closed
2026-09-15T23:52:27.605 WARN kycontroller::kymux_controller::server - Kynet accept failed: connection error: Endpoint closed
2026-09-15T23:52:27.605 WARN kycontroller::kymux_controller::server - Kynet accept failed: connection error: Endpoint closed
2026-09-15T23:52:27.605 WARN kycontroller::kymux_controller::server - Kynet accept failed: connection error: Endpoint closed
2026-09-15T23:52:27.605 WARN kycontroller::kymux_controller::server - Kynet accept failed: connection error: Endpoint closed
2026-09-15T23:52:27.605 WARN kycontroller::kymux_controller::server - Kynet accept failed: connection error: Endpoint closed
2026-09-15T23:52:27.605 WARN kycontroller::kymux_controller::server - Kynet accept failed: connection error: Endpoint closed
2026-09-15T23:52:27.605 WARN kycontroller::kymux_controller::server - Kynet accept failed: connection error: Endpoint closed
2026-09-15T23:52:27.605 WARN kycontroller::kymux_controller::server - Kynet accept failed: connection error: Endpoint closed
2026-09-15T23:52:27.605 WARN kycontroller::kymux_controller::server - Kynet accept failed: connection error: Endpoint closed
2026-09-15T23:52:27.605 WARN kycontroller::kymux_controller::server - Kynet accept failed: connection error: Endpoint closed
2026-09-15T23:52:27.605 WARN kycontroller::kymux_controller::server - Kynet accept failed: connection error: Endpoint closed
2026-09-15T23:52:27.605 WARN kycontroller::kymux_controller::server - Kynet accept failed: connection error: Endpoint closed
2026-09-15T23:52:27.606 WARN kycontroller::kymux_controller::server - Kynet accept failed: connection error: Endpoint closed
2026-09-15T23:52:27.606 WARN kycontroller::kymux_controller::server - Kynet accept failed: connection error: Endpoint closed
2026-09-15T23:52:27.606 WARN kycontroller::kymux_controller::server - Kynet accept failed: connection error: Endpoint closed
2026-09-15T23:52:27.606 WARN kycontroller::kymux_controller::server - Kynet accept failed: connection error: Endpoint closed
2026-09-15T23:52:27.606 WARN kycontroller::kymux_controller::server - Kynet accept failed: connection error: Endpoint closed
2026-09-15T23:52:27.606 WARN kycontroller::kymux_controller::server - Kynet accept failed: connection error: Endpoint closed
2026-09-15T23:52:27.606 WARN kycontroller::kymux_controller::server - Kynet accept failed: connection error: Endpoint closed
2026-09-15T23:52:27.606 WARN kycontroller::kymux_controller::server - Kynet accept failed: connection error: Endpoint closed
2026-09-15T23:52:27.606 WARN kycontroller::kymux_controller::server - Kynet accept failed: connection error: Endpoint closed
2026-09-15T23:52:27.606 WARN kycontroller::kymux_controller::server - Kynet accept failed: connection error: Endpoint closed
2026-09-15T23:52:27.606 WARN kycontroller::kymux_controller::server - Kynet accept failed: connection error: Endpoint closed
2026-09-15T23:52:27.606 WARN kycontroller::kymux_controller::server - Kynet accept failed: connection error: Endpoint closed
2026-09-15T23:52:27.606 WARN kycontroller::kymux_controller::server - Kynet accept failed: connection error: Endpoint closed
2026-09-15T23:52:27.606 WARN kycontroller::kymux_controller::server - Kynet accept failed: connection error: Endpoint closed
2026-09-15T23:52:27.606 WARN kycontroller::kymux_controller::server - Kynet accept failed: connection error: Endpoint closed
2026-09-15T23:52:27.606 WARN kycontroller::kymux_controller::server - Kynet accept failed: connection error: Endpoint closed
2026-09-15T23:52:27.606 WARN kycontroller::kymux_controller::server - Kynet accept failed: connection error: Endpoint closed
2026-09-15T23:52:27.606 WARN kycontroller::kymux_controller::server - Kynet accept failed: connection error: Endpoint closed
2026-09-15T23:52:27.606 WARN kycontroller::kymux_controller::server - Kynet accept failed: connection error: Endpoint closed
2026-09-15T23:52:27.606 WARN kycontroller::kymux_controller::server - Kynet accept failed: connection error: Endpoint closed
2026-09-15T23:52:27.606 WARN kycontroller::kymux_controller::server - Kynet accept failed: connection error: Endpoint closed
2026-09-15T23:52:27.606 WARN kycontroller::kymux_controller::server - Kynet accept failed: connection error: Endpoint closed
2026-09-15T23:52:27.606 WARN kycontroller::kymux_controller::server - Kynet accept failed: connection error: Endpoint closed
2026-09-15T23:52:27.606 WARN kycontroller::kymux_controller::server - Kynet accept failed: connection error: Endpoint closed
2026-09-15T23:52:27.606 WARN kycontroller::kymux_controller::server - Kynet accept failed: connection error: Endpoint closed
2026-09-15T23:52:27.606 WARN kycontroller::kymux_controller::server - Kynet accept failed: connection error: Endpoint closed
2026-09-15T23:52:27.606 WARN kycontroller::kymux_controller::server - Kynet accept failed: connection error: Endpoint closed
2026-09-15T23:52:27.606 WARN kycontroller::kymux_controller::server - Kynet accept failed: connection error: Endpoint closed
2026-09-15T23:52:27.606 WARN kycontroller::kymux_controller::server - Kynet accept failed: connection error: Endpoint closed
2026-09-15T23:52:27.606 WARN kycontroller::kymux_controller::server - Kynet accept failed: connection error: Endpoint closed
2026-09-15T23:52:27.606 WARN kycontroller::kymux_controller::server - Kynet accept failed: connection error: Endpoint closed
2026-09-15T23:52:27.606 WARN kycontroller::kymux_controller::server - Kynet accept failed: connection error: Endpoint closed
2026-09-15T23:52:27.606 WARN kycontroller::kymux_controller::server - Kynet accept failed: connection error: Endpoint closed
2026-09-15T23:52:27.606 WARN kycontroller::kymux_controller::server - Kynet accept failed: connection error: Endpoint closed
2026-09-15T23:52:27.606 WARN kycontroller::kymux_controller::server - Kynet accept failed: connection error: Endpoint closed
2026-09-15T23:52:27.606 WARN kycontroller::kymux_controller::server - Kynet accept failed: connection error: Endpoint closed
2026-09-15T23:52:27.606 WARN kycontroller::kymux_controller::server - Kynet accept failed: connection error: Endpoint closed
2026-09-15T23:52:27.606 WARN kycontroller::kymux_controller::server - Kynet accept failed: connection error: Endpoint closed
2026-09-15T23:52:27.606 WARN kycontroller::kymux_controller::server - Kynet accept failed: connection error: Endpoint closed
2026-09-15T23:52:27.606 WARN kycontroller::kymux_controller::server - Kynet accept failed: connection error: Endpoint closed
2026-09-15T23:52:27.606 WARN kycontroller::kymux_controller::server - Kynet accept failed: connection error: Endpoint closed
2026-09-15T23:52:27.606 WARN kycontroller::kymux_controller::server - Kynet accept failed: connection error: Endpoint closed
2026-09-15T23:52:27.606 WARN kycontroller::kymux_controller::server - Kynet accept failed: connection error: Endpoint closed
2026-09-15T23:52:27.606 WARN kycontroller::kymux_controller::server - Kynet accept failed: connection error: Endpoint closed
2026-09-15T23:52:27.606 WARN kycontroller::kymux_controller::server - Kynet accept failed: connection error: Endpoint closed
2026-09-15T23:52:27.606 WARN kycontroller::kymux_controller::server - Kynet accept failed: connection error: Endpoint closed
2026-09-15T23:52:27.606 WARN kycontroller::kymux_controller::server - Kynet accept failed: connection error: Endpoint closed
2026-09-15T23:52:27.606 WARN kycontroller::kymux_controller::server - Kynet accept failed: connection error: Endpoint closed
2026-09-15T23:52:27.606 WARN kycontroller::kymux_controller::server - Kynet accept failed: connection error: Endpoint closed
2026-09-15T23:52:27.606 WARN kycontroller::kymux_controller::server - Kynet accept failed: connection error: Endpoint closed
2026-09-15T23:52:27.606 WARN kycontroller::kymux_controller::server - Kynet accept failed: connection error: Endpoint closed
2026-09-15T23:52:27.607 WARN kycontroller::kymux_controller::server - Kynet accept failed: connection error: Endpoint closed
2026-09-15T23:52:27.607 WARN kycontroller::kymux_controller::server - Kynet accept failed: connection error: Endpoint closed
2026-09-15T23:52:27.607 WARN kycontroller::kymux_controller::server - Kynet accept failed: connection error: Endpoint closed
2026-09-15T23:52:27.607 WARN kycontroller::kymux_controller::server - Kynet accept failed: connection error: Endpoint closed
2026-09-15T23:52:27.607 WARN kycontroller::kymux_controller::server - Kynet accept failed: connection error: Endpoint closed
2026-09-15T23:52:27.607 WARN kycontroller::kymux_controller::server - Kynet accept failed: connection error: Endpoint closed
2026-09-15T23:52:27.607 WARN kycontroller::kymux_controller::server - Kynet accept failed: connection error: Endpoint closed
2026-09-15T23:52:27.607 WARN kycontroller::kymux_controller::server - Kynet accept failed: connection error: Endpoint closed
2026-09-15T23:52:27.607 WARN kycontroller::kymux_controller::server - Kynet accept failed: connection error: Endpoint closed
2026-09-15T23:52:27.607 WARN kycontroller::kymux_controller::server - Kynet accept failed: connection error: Endpoint closed
2026-09-15T23:52:27.607 WARN kycontroller::kymux_controller::server - Kynet accept failed: connection error: Endpoint closed
2026-09-15T23:52:27.607 WARN kycontroller::kymux_controller::server - Kynet accept failed: connection error: Endpoint closed
2026-09-15T23:52:27.607 WARN kycontroller::kymux_controller::server - Kynet accept failed: connection error: Endpoint closed
2026-09-15T23:52:27.607 WARN kycontroller::kymux_controller::server - Kynet accept failed: connection error: Endpoint closed
2026-09-15T23:52:27.607 WARN kycontroller::kymux_controller::server - Kynet accept failed: connection error: Endpoint closed
2026-09-15T23:52:27.607 WARN kycontroller::kymux_controller::server - Kynet accept failed: connection error: Endpoint closed
2026-09-15T23:52:27.607 WARN kycontroller::kymux_controller::server - Kynet accept failed: connection error: Endpoint closed
2026-09-15T23:52:27.607 WARN kycontroller::kymux_controller::server - Kynet accept failed: connection error: Endpoint closed
2026-09-15T23:52:27.607 WARN kycontroller::kymux_controller::server - Kynet accept failed: connection error: Endpoint closed
2026-09-15T23:52:27.607 WARN kycontroller::kymux_controller::server - Kynet accept failed: connection error: Endpoint closed
2026-09-15T23:52:27.607 WARN kycontroller::kymux_controller::server - Kynet accept failed: connection error: Endpoint closed
2026-09-15T23:52:27.607 WARN kycontroller::kymux_controller::server - Kynet accept failed: connection error: Endpoint closed
2026-09-15T23:52:27.607 WARN kycontroller::kymux_controller::server - Kynet accept failed: connection error: Endpoint closed
2026-09-15T23:52:27.607 WARN kycontroller::kymux_controller::server - Kynet accept failed: connection error: Endpoint closed
2026-09-15T23:52:27.607 WARN kycontroller::kymux_controller::server - Kynet accept failed: connection error: Endpoint closed
2026-09-15T23:52:27.607 WARN kycontroller::kymux_controller::server - Kynet accept failed: connection error: Endpoint closed
2026-09-15T23:52:27.607 WARN kycontroller::kymux_controller::server - Kynet accept failed: connection error: Endpoint closed
2026-09-15T23:52:27.607 WARN kycontroller::kymux_controller::server - Kynet accept failed: connection error: Endpoint closed
2026-09-15T23:52:27.607 WARN kycontroller::kymux_controller::server - Kynet accept failed: connection error: Endpoint closed
2026-09-15T23:52:27.607 WARN kycontroller::kymux_controller::server - Kynet accept failed: connection error: Endpoint closed
2026-09-15T23:52:27.607 WARN kycontroller::kymux_controller::server - Kynet accept failed: connection error: Endpoint closed
2026-09-15T23:52:27.607 WARN kycontroller::kymux_controller::server - Kynet accept failed: connection error: Endpoint closed
2026-09-15T23:52:27.607 WARN kycontroller::kymux_controller::server - Kynet accept failed: connection error: Endpoint closed
2026-09-15T23:52:27.607 WARN kycontroller::kymux_controller::server - Kynet accept failed: connection error: Endpoint closed
2026-09-15T23:52:27.607 WARN kycontroller::kymux_controller::server - Kynet accept failed: connection error: Endpoint closed
2026-09-15T23:52:27.607 WARN kycontroller::kymux_controller::server - Kynet accept failed: connection error: Endpoint closed
2026-09-15T23:52:27.607 WARN kycontroller::kymux_controller::server - Kynet accept failed: connection error: Endpoint closed
2026-09-15T23:52:27.607 WARN kycontroller::kymux_controller::server - Kynet accept failed: connection error: Endpoint closed
2026-09-15T23:52:27.607 WARN kycontroller::kymux_controller::server - Kynet accept failed: connection error: Endpoint closed
2026-09-15T23:52:27.607 WARN kycontroller::kymux_controller::server - Kynet accept failed: connection error: Endpoint closed
2026-09-15T23:52:27.607 WARN kycontroller::kymux_controller::server - Kynet accept failed: connection error: Endpoint closed
2026-09-15T23:52:27.607 WARN kycontroller::kymux_controller::server - Kynet accept failed: connection error: Endpoint closed
2026-09-15T23:52:27.607 WARN kycontroller::kymux_controller::server - Kynet accept failed: connection error: Endpoint closed
2026-09-15T23:52:27.607 WARN kycontroller::kymux_controller::server - Kynet accept failed: connection error: Endpoint closed
2026-09-15T23:52:27.607 WARN kycontroller::kymux_controller::server - Kynet accept failed: connection error: Endpoint closed
2026-09-15T23:52:27.607 WARN kycontroller::kymux_controller::server - Kynet accept failed: connection error: Endpoint closed
2026-09-15T23:52:27.607 WARN kycontroller::kymux_controller::server - Kynet accept failed: connection error: Endpoint closed
2026-09-15T23:52:27.607 WARN kycontroller::kymux_controller::server - Kynet accept failed: connection error: Endpoint closed
2026-09-15T23:52:27.607 WARN kycontroller::kymux_controller::server - Kynet accept failed: connection error: Endpoint closed
2026-09-15T23:52:27.607 WARN kycontroller::kymux_controller::server - Kynet accept failed: connection error: Endpoint closed
2026-09-15T23:52:27.607 WARN kycontroller::kymux_controller::server - Kynet accept failed: connection error: Endpoint closed
2026-09-15T23:52:27.607 WARN kycontroller::kymux_controller::server - Kynet accept failed: connection error: Endpoint closed
2026-09-15T23:52:27.607 WARN kycontroller::kymux_controller::server - Kynet accept failed: connection error: Endpoint closed
2026-09-15T23:52:27.607 WARN kycontroller::kymux_controller::server - Kynet accept failed: connection error: Endpoint closed
2026-09-15T23:52:27.608 WARN kycontroller::kymux_controller::server - Kynet accept failed: connection error: Endpoint closed
2026-09-15T23:52:27.608 WARN kycontroller::kymux_controller::server - Kynet accept failed: connection error: Endpoint closed
2026-09-15T23:52:27.608 WARN kycontroller::kymux_controller::server - Kynet accept failed: connection error: Endpoint closed
2026-09-15T23:52:27.608 WARN kycontroller::kymux_controller::server - Kynet accept failed: connection error: Endpoint closed
2026-09-15T23:52:27.608 WARN kycontroller::kymux_controller::server - Kynet accept failed: connection error: Endpoint closed
2026-09-15T23:52:27.608 WARN kycontroller::kymux_controller::server - Kynet accept failed: connection error: Endpoint closed
2026-09-15T23:52:27.608 WARN kycontroller::kymux_controller::server - Kynet accept failed: connection error: Endpoint closed
2026-09-15T23:52:27.608 WARN kycontroller::kymux_controller::server - Kynet accept failed: connection error: Endpoint closed
2026-09-15T23:52:27.608 WARN kycontroller::kymux_controller::server - Kynet accept failed: connection error: Endpoint closed
2026-09-15T23:52:27.608 WARN kycontroller::kymux_controller::server - Kynet accept failed: connection error: Endpoint closed
2026-09-15T23:52:27.608 WARN kycontroller::kymux_controller::server - Kynet accept failed: connection error: Endpoint closed
2026-09-15T23:52:27.608 WARN kycontroller::kymux_controller::server - Kynet accept failed: connection error: Endpoint closed
2026-09-15T23:52:27.608 WARN kycontroller::kymux_controller::server - Kynet accept failed: connection error: Endpoint closed
2026-09-15T23:52:27.608 WARN kycontroller::kymux_controller::server - Kynet accept failed: connection error: Endpoint closed
2026-09-15T23:52:27.608 WARN kycontroller::kymux_controller::server - Kynet accept failed: connection error: Endpoint closed
2026-09-15T23:52:27.608 WARN kycontroller::kymux_controller::server - Kynet accept failed: connection error: Endpoint closed
2026-09-15T23:52:27.608 WARN kycontroller::kymux_controller::server - Kynet accept failed: connection error: Endpoint closed
2026-09-15T23:52:27.608 WARN kycontroller::kymux_controller::server - Kynet accept failed: connection error: Endpoint closed
2026-09-15T23:52:27.608 WARN kycontroller::kymux_controller::server - Kynet accept failed: connection error: Endpoint closed
2026-09-15T23:52:27.608 WARN kycontroller::kymux_controller::server - Kynet accept failed: connection error: Endpoint closed
2026-09-15T23:52:27.608 WARN kycontroller::kymux_controller::server - Kynet accept failed: connection error: Endpoint closed
2026-09-15T23:52:27.608 WARN kycontroller::kymux_controller::server - Kynet accept failed: connection error: Endpoint closed
2026-09-15T23:52:27.608 WARN kycontroller::kymux_controller::server - Kynet accept failed: connection error: Endpoint closed
2026-09-15T23:52:27.608 WARN kycontroller::kymux_controller::server - Kynet accept failed: connection error: Endpoint closed
2026-09-15T23:52:27.608 WARN kycontroller::kymux_controller::server - Kynet accept failed: connection error: Endpoint closed
2026-09-15T23:52:27.608 WARN kycontroller::kymux_controller::server - Kynet accept failed: connection error: Endpoint closed
2026-09-15T23:52:27.608 WARN kycontroller::kymux_controller::server - Kynet accept failed: connection error: Endpoint closed
2026-09-15T23:52:27.608 WARN kycontroller::kymux_controller::server - Kynet accept failed: connection error: Endpoint closed
2026-09-15T23:52:27.608 WARN kycontroller::kymux_controller::server - Kynet accept failed: connection error: Endpoint closed
2026-09-15T23:52:27.608 WARN kycontroller::kymux_controller::server - Kynet accept failed: connection error: Endpoint closed
2026-09-15T23:52:27.608 WARN kycontroller::kymux_controller::server - Kynet accept failed: connection error: Endpoint closed
2026-09-15T23:52:27.608 WARN kycontroller::kymux_controller::server - Kynet accept failed: connection error: Endpoint closed
2026-09-15T23:52:27.608 WARN kycontroller::kymux_controller::server - Kynet accept failed: connection error: Endpoint closed
2026-09-15T23:52:27.608 WARN kycontroller::kymux_controller::server - Kynet accept failed: connection error: Endpoint closed
2026-09-15T23:52:27.608 WARN kycontroller::kymux_controller::server - Kynet accept failed: connection error: Endpoint closed
2026-09-15T23:52:27.608 WARN kycontroller::kymux_controller::server - Kynet accept failed: connection error: Endpoint closed
2026-09-15T23:52:27.608 WARN kycontroller::kymux_controller::server - Kynet accept failed: connection error: Endpoint closed
2026-09-15T23:52:27.608 WARN kycontroller::kymux_controller::server - Kynet accept failed: connection error: Endpoint closed
2026-09-15T23:52:27.608 WARN kycontroller::kymux_controller::server - Kynet accept failed: connection error: Endpoint closed
2026-09-15T23:52:27.608 WARN kycontroller::kymux_controller::server - Kynet accept failed: connection error: Endpoint closed
2026-09-15T23:52:27.608 WARN kycontroller::kymux_controller::server - Kynet accept failed: connection error: Endpoint closed
2026-09-15T23:52:27.608 WARN kycontroller::kymux_controller::server - Kynet accept failed: connection error: Endpoint closed
2026-09-15T23:52:27.608 WARN kycontroller::kymux_controller::server - Kynet accept failed: connection error: Endpoint closed
2026-09-15T23:52:27.608 WARN kycontroller::kymux_controller::server - Kynet accept failed: connection error: Endpoint closed
2026-09-15T23:52:27.608 WARN kycontroller::kymux_controller::server - Kynet accept failed: connection error: Endpoint closed
2026-09-15T23:52:27.608 WARN kycontroller::kymux_controller::server - Kynet accept failed: connection error: Endpoint closed
2026-09-15T23:52:27.608 WARN kycontroller::kymux_controller::server - Kynet accept failed: connection error: Endpoint closed
2026-09-15T23:52:27.608 WARN kycontroller::kymux_controller::server - Kynet accept failed: connection error: Endpoint closed
2026-09-15T23:52:27.608 WARN kycontroller::kymux_controller::server - Kynet accept failed: connection error: Endpoint closed
2026-09-15T23:52:27.608 WARN kycontroller::kymux_controller::server - Kynet accept failed: connection error: Endpoint closed
2026-09-15T23:52:27.608 WARN kycontroller::kymux_controller::server - Kynet accept failed: connection error: Endpoint closed
2026-09-15T23:52:27.608 WARN kycontroller::kymux_controller::server - Kynet accept failed: connection error: Endpoint closed
2026-09-15T23:52:27.609 WARN kycontroller::kymux_controller::server - Kynet accept failed: connection error: Endpoint closed
2026-09-15T23:52:27.609 WARN kycontroller::kymux_controller::server - Kynet accept failed: connection error: Endpoint closed
2026-09-15T23:52:27.609 WARN kycontroller::kymux_controller::server - Kynet accept failed: connection error: Endpoint closed
2026-09-15T23:52:27.609 WARN kycontroller::kymux_controller::server - Kynet accept failed: connection error: Endpoint closed
2026-09-15T23:52:27.609 WARN kycontroller::kymux_controller::server - Kynet accept failed: connection error: Endpoint closed
2026-09-15T23:52:27.609 WARN kycontroller::kymux_controller::server - Kynet accept failed: connection error: Endpoint closed
2026-09-15T23:52:27.609 WARN kycontroller::kymux_controller::server - Kynet accept failed: connection error: Endpoint closed
2026-09-15T23:52:27.609 WARN kycontroller::kymux_controller::server - Kynet accept failed: connection error: Endpoint closed
2026-09-15T23:52:27.609 WARN kycontroller::kymux_controller::server - Kynet accept failed: connection error: Endpoint closed
2026-09-15T23:52:27.609 WARN kycontroller::kymux_controller::server - Kynet accept failed: connection error: Endpoint closed
2026-09-15T23:52:27.609 WARN kycontroller::kymux_controller::server - Kynet accept failed: connection error: Endpoint closed
2026-09-15T23:52:27.609 WARN kycontroller::kymux_controller::server - Kynet accept failed: connection error: Endpoint closed
2026-09-15T23:52:27.609 WARN kycontroller::kymux_controller::server - Kynet accept failed: connection error: Endpoint closed
2026-09-15T23:52:27.609 WARN kycontroller::kymux_controller::server - Kynet accept failed: connection error: Endpoint closed
2026-09-15T23:52:27.609 WARN kycontroller::kymux_controller::server - Kynet accept failed: connection error: Endpoint closed
2026-09-15T23:52:27.609 WARN kycontroller::kymux_controller::server - Kynet accept failed: connection error: Endpoint closed
2026-09-15T23:52:27.609 WARN kycontroller::kymux_controller::server - Kynet accept failed: connection error: Endpoint closed
2026-09-15T23:52:27.609 WARN kycontroller::kymux_controller::server - Kynet accept failed: connection error: Endpoint closed
2026-09-15T23:52:27.609 WARN kycontroller::kymux_controller::server - Kynet accept failed: connection error: Endpoint closed
2026-09-15T23:52:27.609 WARN kycontroller::kymux_controller::server - Kynet accept failed: connection error: Endpoint closed
2026-09-15T23:52:27.609 WARN kycontroller::kymux_controller::server - Kynet accept failed: connection error: Endpoint closed
2026-09-15T23:52:27.609 WARN kycontroller::kymux_controller::server - Kynet accept failed: connection error: Endpoint closed
2026-09-15T23:52:27.609 WARN kycontroller::kymux_controller::server - Kynet accept failed: connection error: Endpoint closed
2026-09-15T23:52:27.609 WARN kycontroller::kymux_controller::server - Kynet accept failed: connection error: Endpoint closed
2026-09-15T23:52:27.609 WARN kycontroller::kymux_controller::server - Kynet accept failed: connection error: Endpoint closed
2026-09-15T23:52:27.609 WARN kycontroller::kymux_controller::server - Kynet accept failed: connection error: Endpoint closed
2026-09-15T23:52:27.609 WARN kycontroller::kymux_controller::server - Kynet accept failed: connection error: Endpoint closed
2026-09-15T23:52:27.609 WARN kycontroller::kymux_controller::server - Kynet accept failed: connection error: Endpoint closed
2026-09-15T23:52:27.609 WARN kycontroller::kymux_controller::server - Kynet accept failed: connection error: Endpoint closed
2026-09-15T23:52:27.609 WARN kycontroller::kymux_controller::server - Kynet accept failed: connection error: Endpoint closed
2026-09-15T23:52:27.609 WARN kycontroller::kymux_controller::server - Kynet accept failed: connection error: Endpoint closed
2026-09-15T23:52:27.609 WARN kycontroller::kymux_controller::server - Kynet accept failed: connection error: Endpoint closed
2026-09-15T23:52:27.609 WARN kycontroller::kymux_controller::server - Kynet accept failed: connection error: Endpoint closed
2026-09-15T23:52:27.609 WARN kycontroller::kymux_controller::server - Kynet accept failed: connection error: Endpoint closed
2026-09-15T23:52:27.609 WARN kycontroller::kymux_controller::server - Kynet accept failed: connection error: Endpoint closed
2026-09-15T23:52:27.609 WARN kycontroller::kymux_controller::server - Kynet accept failed: connection error: Endpoint closed
2026-09-15T23:52:27.609 WARN kycontroller::kymux_controller::server - Kynet accept failed: connection error: Endpoint closed
2026-09-15T23:52:27.609 WARN kycontroller::kymux_controller::server - Kynet accept failed: connection error: Endpoint closed
2026-09-15T23:52:27.609 WARN kycontroller::kymux_controller::server - Kynet accept failed: connection error: Endpoint closed
2026-09-15T23:52:27.609 WARN kycontroller::kymux_controller::server - Kynet accept failed: connection error: Endpoint closed
2026-09-15T23:52:27.609 WARN kycontroller::kymux_controller::server - Kynet accept failed: connection error: Endpoint closed
2026-09-15T23:52:27.609 WARN kycontroller::kymux_controller::server - Kynet accept failed: connection error: Endpoint closed
2026-09-15T23:52:27.609 WARN kycontroller::kymux_controller::server - Kynet accept failed: connection error: Endpoint closed
2026-09-15T23:52:27.609 WARN kycontroller::kymux_controller::server - Kynet accept failed: connection error: Endpoint closed
2026-09-15T23:52:27.609 WARN kycontroller::kymux_controller::server - Kynet accept failed: connection error: Endpoint closed
2026-09-15T23:52:27.609 WARN kycontroller::kymux_controller::server - Kynet accept failed: connection error: Endpoint closed
2026-09-15T23:52:27.609 WARN kycontroller::kymux_controller::server - Kynet accept failed: connection error: Endpoint closed
2026-09-15T23:52:27.609 WARN kycontroller::kymux_controller::server - Kynet accept failed: connection error: Endpoint closed
2026-09-15T23:52:27.609 WARN kycontroller::kymux_controller::server - Kynet accept failed: connection error: Endpoint closed
2026-09-15T23:52:27.609 WARN kycontroller::kymux_controller::server - Kynet accept failed: connection error: Endpoint closed
2026-09-15T23:52:27.609 WARN kycontroller::kymux_controller::server - Kynet accept failed: connection error: Endpoint closed
2026-09-15T23:52:27.609 WARN kycontroller::kymux_controller::server - Kynet accept failed: connection error: Endpoint closed
2026-09-15T23:52:27.609 WARN kycontroller::kymux_controller::server - Kynet accept failed: connection error: Endpoint closed
2026-09-15T23:52:27.609 WARN kycontroller::kymux_controller::server - Kynet accept failed: connection error: Endpoint closed
2026-09-15T23:52:27.609 WARN kycontroller::kymux_controller::server - Kynet accept failed: connection error: Endpoint closed
2026-09-15T23:52:27.609 WARN kycontroller::kymux_controller::server - Kynet accept failed: connection error: Endpoint closed
2026-09-15T23:52:27.609 WARN kycontroller::kymux_controller::server - Kynet accept failed: connection error: Endpoint closed
2026-09-15T23:52:27.609 WARN kycontroller::kymux_controller::server - Kynet accept failed: connection error: Endpoint closed
2026-09-15T23:52:27.609 WARN kycontroller::kymux_controller::server - Kynet accept failed: connection error: Endpoint closed
2026-09-15T23:52:27.609 WARN kycontroller::kymux_controller::server - Kynet accept failed: connection error: Endpoint closed
2026-09-15T23:52:27.609 WARN kycontroller::kymux_controller::server - Kynet accept failed: connection error: Endpoint closed
2026-09-15T23:52:27.609 WARN kycontroller::kymux_controller::server - Kynet accept failed: connection error: Endpoint closed
2026-09-15T23:52:27.609 WARN kycontroller::kymux_controller::server - Kynet accept failed: connection error: Endpoint closed
2026-09-15T23:52:27.609 WARN kycontroller::kymux_controller::server - Kynet accept failed: connection error: Endpoint closed
2026-09-15T23:52:27.609 WARN kycontroller::kymux_controller::server - Kynet accept failed: connection error: Endpoint closed
2026-09-15T23:52:27.609 WARN kycontroller::kymux_controller::server - Kynet accept failed: connection error: Endpoint closed
2026-09-15T23:52:27.609 WARN kycontroller::kymux_controller::server - Kynet accept failed: connection error: Endpoint closed
2026-09-15T23:52:27.609 WARN kycontroller::kymux_controller::server - Kynet accept failed: connection error: Endpoint closed
2026-09-15T23:52:27.609 WARN kycontroller::kymux_controller::server - Kynet accept failed: connection error: Endpoint closed
2026-09-15T23:52:27.609 WARN kycontroller::kymux_controller::server - Kynet accept failed: connection error: Endpoint closed
2026-09-15T23:52:27.609 WARN kycontroller::kymux_controller::server - Kynet accept failed: connection error: Endpoint closed
2026-09-15T23:52:27.609 WARN kycontroller::kymux_controller::server - Kynet accept failed: connection error: Endpoint closed
2026-09-15T23:52:27.609 WARN kycontroller::kymux_controller::server - Kynet accept failed: connection error: Endpoint closed
2026-09-15T23:52:27.609 WARN kycontroller::kymux_controller::server - Kynet accept failed: connection error: Endpoint closed
2026-09-15T23:52:27.609 WARN kycontroller::kymux_controller::server - Kynet accept failed: connection error: Endpoint closed
2026-09-15T23:52:27.609 WARN kycontroller::kymux_controller::server - Kynet accept failed: connection error: Endpoint closed
2026-09-15T23:52:27.609 WARN kycontroller::kymux_controller::server - Kynet accept failed: connection error: Endpoint closed
2026-09-15T23:52:27.610 WARN kycontroller::kymux_controller::server - Kynet accept failed: connection error: Endpoint closed
2026-09-15T23:52:27.610 WARN kycontroller::kymux_controller::server - Kynet accept failed: connection error: Endpoint closed
2026-09-15T23:52:27.610 WARN kycontroller::kymux_controller::server - Kynet accept failed: connection error: Endpoint closed
2026-09-15T23:52:27.610 WARN kycontroller::kymux_controller::server - Kynet accept failed: connection error: Endpoint closed
2026-09-15T23:52:27.610 WARN kycontroller::kymux_controller::server - Kynet accept failed: connection error: Endpoint closed
2026-09-15T23:52:27.610 WARN kycontroller::kymux_controller::server - Kynet accept failed: connection error: Endpoint closed
2026-09-15T23:52:27.610 WARN kycontroller::kymux_controller::server - Kynet accept failed: connection error: Endpoint closed
2026-09-15T23:52:27.610 WARN kycontroller::kymux_controller::server - Kynet accept failed: connection error: Endpoint closed
2026-09-15T23:52:27.610 WARN kycontroller::kymux_controller::server - Kynet accept failed: connection error: Endpoint closed
2026-09-15T23:52:27.610 WARN kycontroller::kymux_controller::server - Kynet accept failed: connection error: Endpoint closed
2026-09-15T23:52:27.610 WARN kycontroller::kymux_controller::server - Kynet accept failed: connection error: Endpoint closed
2026-09-15T23:52:27.610 WARN kycontroller::kymux_controller::server - Kynet accept failed: connection error: Endpoint closed
2026-09-15T23:52:27.610 WARN kycontroller::kymux_controller::server - Kynet accept failed: connection error: Endpoint closed
2026-09-15T23:52:27.610 WARN kycontroller::kymux_controller::server - Kynet accept failed: connection error: Endpoint closed
2026-09-15T23:52:27.610 WARN kycontroller::kymux_controller::server - Kynet accept failed: connection error: Endpoint closed
2026-09-15T23:52:27.610 WARN kycontroller::kymux_controller::server - Kynet accept failed: connection error: Endpoint closed
2026-09-15T23:52:27.610 WARN kycontroller::kymux_controller::server - Kynet accept failed: connection error: Endpoint closed
2026-09-15T23:52:27.610 WARN kycontroller::kymux_controller::server - Kynet accept failed: connection error: Endpoint closed
2026-09-15T23:52:27.610 WARN kycontroller::kymux_controller::server - Kynet accept failed: connection error: Endpoint closed
2026-09-15T23:52:27.610 WARN kycontroller::kymux_controller::server - Kynet accept failed: connection error: Endpoint closed
2026-09-15T23:52:27.610 WARN kycontroller::kymux_controller::server - Kynet accept failed: connection error: Endpoint closed
2026-09-15T23:52:27.610 WARN kycontroller::kymux_controller::server - Kynet accept failed: connection error: Endpoint closed
2026-09-15T23:52:27.610 WARN kycontroller::kymux_controller::server - Kynet accept failed: connection error: Endpoint closed
2026-09-15T23:52:27.610 WARN kycontroller::kymux_controller::server - Kynet accept failed: connection error: Endpoint closed
2026-09-15T23:52:27.610 WARN kycontroller::kymux_controller::server - Kynet accept failed: connection error: Endpoint closed
2026-09-15T23:52:27.610 WARN kycontroller::kymux_controller::server - Kynet accept failed: connection error: Endpoint closed
2026-09-15T23:52:27.610 WARN kycontroller::kymux_controller::server - Kynet accept failed: connection error: Endpoint closed
2026-09-15T23:52:27.610 WARN kycontroller::kymux_controller::server - Kynet accept failed: connection error: Endpoint closed
2026-09-15T23:52:27.610 WARN kycontroller::kymux_controller::server - Kynet accept failed: connection error: Endpoint closed
2026-09-15T23:52:27.610 WARN kycontroller::kymux_controller::server - Kynet accept failed: connection error: Endpoint closed
2026-09-15T23:52:27.610 WARN kycontroller::kymux_controller::server - Kynet accept failed: connection error: Endpoint closed
2026-09-15T23:52:27.610 WARN kycontroller::kymux_controller::server - Kynet accept failed: connection error: Endpoint closed
2026-09-15T23:52:27.610 WARN kycontroller::kymux_controller::server - Kynet accept failed: connection error: Endpoint closed
2026-09-15T23:52:27.610 WARN kycontroller::kymux_controller::server - Kynet accept failed: connection error: Endpoint closed
2026-09-15T23:52:27.610 WARN kycontroller::kymux_controller::server - Kynet accept failed: connection error: Endpoint closed
2026-09-15T23:52:27.610 WARN kycontroller::kymux_controller::server - Kynet accept failed: connection error: Endpoint closed
2026-09-15T23:52:27.610 WARN kycontroller::kymux_controller::server - Kynet accept failed: connection error: Endpoint closed
2026-09-15T23:52:27.610 WARN kycontroller::kymux_controller::server - Kynet accept failed: connection error: Endpoint closed
2026-09-15T23:52:27.610 WARN kycontroller::kymux_controller::server - Kynet accept failed: connection error: Endpoint closed
2026-09-15T23:52:27.610 WARN kycontroller::kymux_controller::server - Kynet accept failed: connection error: Endpoint closed
2026-09-15T23:52:27.610 WARN kycontroller::kymux_controller::server - Kynet accept failed: connection error: Endpoint closed
2026-09-15T23:52:27.610 WARN kycontroller::kymux_controller::server - Kynet accept failed: connection error: Endpoint closed
2026-09-15T23:52:27.610 WARN kycontroller::kymux_controller::server - Kynet accept failed: connection error: Endpoint closed
2026-09-15T23:52:27.610 WARN kycontroller::kymux_controller::server - Kynet accept failed: connection error: Endpoint closed
2026-09-15T23:52:27.610 WARN kycontroller::kymux_controller::server - Kynet accept failed: connection error: Endpoint closed
2026-09-15T23:52:27.610 WARN kycontroller::kymux_controller::server - Kynet accept failed: connection error: Endpoint closed
2026-09-15T23:52:27.610 WARN kycontroller::kymux_controller::server - Kynet accept failed: connection error: Endpoint closed
2026-09-15T23:52:27.610 WARN kycontroller::kymux_controller::server - Kynet accept failed: connection error: Endpoint closed
2026-09-15T23:52:27.610 WARN kycontroller::kymux_controller::server - Kynet accept failed: connection error: Endpoint closed
2026-09-15T23:52:27.610 WARN kycontroller::kymux_controller::server - Kynet accept failed: connection error: Endpoint closed
2026-09-15T23:52:27.610 WARN kycontroller::kymux_controller::server - Kynet accept failed: connection error: Endpoint closed
2026-09-15T23:52:27.610 WARN kycontroller::kymux_controller::server - Kynet accept failed: connection error: Endpoint closed
2026-09-15T23:52:27.610 WARN kycontroller::kymux_controller::server - Kynet accept failed: connection error: Endpoint closed
2026-09-15T23:52:27.610 WARN kycontroller::kymux_controller::server - Kynet accept failed: connection error: Endpoint closed
2026-09-15T23:52:27.610 WARN kycontroller::kymux_controller::server - Kynet accept failed: connection error: Endpoint closed
2026-09-15T23:52:27.610 WARN kycontroller::kymux_controller::server - Kynet accept failed: connection error: Endpoint closed
2026-09-15T23:52:27.610 WARN kycontroller::kymux_controller::server - Kynet accept failed: connection error: Endpoint closed
2026-09-15T23:52:27.610 WARN kycontroller::kymux_controller::server - Kynet accept failed: connection error: Endpoint closed
2026-09-15T23:52:27.610 WARN kycontroller::kymux_controller::server - Kynet accept failed: connection error: Endpoint closed
2026-09-15T23:52:27.610 WARN kycontroller::kymux_controller::server - Kynet accept failed: connection error: Endpoint closed
2026-09-15T23:52:27.610 WARN kycontroller::kymux_controller::server - Kynet accept failed: connection error: Endpoint closed
2026-09-15T23:52:27.610 WARN kycontroller::kymux_controller::server - Kynet accept failed: connection error: Endpoint closed
2026-09-15T23:52:27.610 WARN kycontroller::kymux_controller::server - Kynet accept failed: connection error: Endpoint closed
2026-09-15T23:52:27.610 WARN kycontroller::kymux_controller::server - Kynet accept failed: connection error: Endpoint closed
2026-09-15T23:52:27.610 WARN kycontroller::kymux_controller::server - Kynet accept failed: connection error: Endpoint closed
2026-09-15T23:52:27.610 WARN kycontroller::kymux_controller::server - Kynet accept failed: connection error: Endpoint closed
2026-09-15T23:52:27.610 WARN kycontroller::kymux_controller::server - Kynet accept failed: connection error: Endpoint closed
2026-09-15T23:52:27.610 WARN kycontroller::kymux_controller::server - Kynet accept failed: connection error: Endpoint closed
2026-09-15T23:52:27.610 WARN kycontroller::kymux_controller::server - Kynet accept failed: connection error: Endpoint closed
2026-09-15T23:52:27.610 WARN kycontroller::kymux_controller::server - Kynet accept failed: connection error: Endpoint closed
2026-09-15T23:52:27.610 WARN kycontroller::kymux_controller::server - Kynet accept failed: connection error: Endpoint closed
2026-09-15T23:52:27.610 WARN kycontroller::kymux_controller::server - Kynet accept failed: connection error: Endpoint closed
2026-09-15T23:52:27.610 WARN kycontroller::kymux_controller::server - Kynet accept failed: connection error: Endpoint closed
2026-09-15T23:52:27.610 WARN kycontroller::kymux_controller::server - Kynet accept failed: connection error: Endpoint closed
2026-09-15T23:52:27.610 WARN kycontroller::kymux_controller::server - Kynet accept failed: connection error: Endpoint closed
2026-09-15T23:52:27.610 WARN kycontroller::kymux_controller::server - Kynet accept failed: connection error: Endpoint closed
2026-09-15T23:52:27.610 WARN kycontroller::kymux_controller::server - Kynet accept failed: connection error: Endpoint closed
2026-09-15T23:52:27.610 WARN kycontroller::kymux_controller::server - Kynet accept failed: connection error: Endpoint closed
2026-09-15T23:52:27.611 WARN kycontroller::kymux_controller::server - Kynet accept failed: connection error: Endpoint closed
2026-09-15T23:52:27.611 WARN kycontroller::kymux_controller::server - Kynet accept failed: connection error: Endpoint closed
2026-09-15T23:52:27.611 WARN kycontroller::kymux_controller::server - Kynet accept failed: connection error: Endpoint closed
2026-09-15T23:52:27.611 WARN kycontroller::kymux_controller::server - Kynet accept failed: connection error: Endpoint closed
2026-09-15T23:52:27.611 WARN kycontroller::kymux_controller::server - Kynet accept failed: connection error: Endpoint closed
2026-09-15T23:52:27.611 WARN kycontroller::kymux_controller::server - Kynet accept failed: connection error: Endpoint closed
2026-09-15T23:52:27.611 WARN kycontroller::kymux_controller::server - Kynet accept failed: connection error: Endpoint closed
2026-09-15T23:52:27.611 WARN kycontroller::kymux_controller::server - Kynet accept failed: connection error: Endpoint closed
2026-09-15T23:52:27.611 WARN kycontroller::kymux_controller::server - Kynet accept failed: connection error: Endpoint closed
2026-09-15T23:52:27.611 WARN kycontroller::kymux_controller::server - Kynet accept failed: connection error: Endpoint closed
2026-09-15T23:52:27.611 WARN kycontroller::kymux_controller::server - Kynet accept failed: connection error: Endpoint closed
2026-09-15T23:52:27.611 WARN kycontroller::kymux_controller::server - Kynet accept failed: connection error: Endpoint closed
2026-09-15T23:52:27.611 WARN kycontroller::kymux_controller::server - Kynet accept failed: connection error: Endpoint closed
2026-09-15T23:52:27.611 WARN kycontroller::kymux_controller::server - Kynet accept failed: connection error: Endpoint closed
2026-09-15T23:52:27.611 WARN kycontroller::kymux_controller::server - Kynet accept failed: connection error: Endpoint closed
2026-09-15T23:52:27.611 WARN kycontroller::kymux_controller::server - Kynet accept failed: connection error: Endpoint closed
2026-09-15T23:52:27.611 WARN kycontroller::kymux_controller::server - Kynet accept failed: connection error: Endpoint closed
2026-09-15T23:52:27.611 WARN kycontroller::kymux_controller::server - Kynet accept failed: connection error: Endpoint closed
2026-09-15T23:52:27.611 WARN kycontroller::kymux_controller::server - Kynet accept failed: connection error: Endpoint closed
2026-09-15T23:52:27.611 WARN kycontroller::kymux_controller::server - Kynet accept failed: connection error: Endpoint closed
2026-09-15T23:52:27.611 WARN kycontroller::kymux_controller::server - Kynet accept failed: connection error: Endpoint closed
2026-09-15T23:52:27.611 WARN kycontroller::kymux_controller::server - Kynet accept failed: connection error: Endpoint closed
2026-09-15T23:52:27.611 WARN kycontroller::kymux_controller::server - Kynet accept failed: connection error: Endpoint closed
2026-09-15T23:52:27.611 WARN kycontroller::kymux_controller::server - Kynet accept failed: connection error: Endpoint closed
2026-09-15T23:52:27.611 WARN kycontroller::kymux_controller::server - Kynet accept failed: connection error: Endpoint closed
2026-09-15T23:52:27.611 WARN kycontroller::kymux_controller::server - Kynet accept failed: connection error: Endpoint closed
2026-09-15T23:52:27.611 WARN kycontroller::kymux_controller::server - Kynet accept failed: connection error: Endpoint closed
2026-09-15T23:52:27.611 WARN kycontroller::kymux_controller::server - Kynet accept failed: connection error: Endpoint closed
2026-09-15T23:52:27.611 WARN kycontroller::kymux_controller::server - Kynet accept failed: connection error: Endpoint closed
2026-09-15T23:52:27.611 WARN kycontroller::kymux_controller::server - Kynet accept failed: connection error: Endpoint closed
2026-09-15T23:52:27.611 WARN kycontroller::kymux_controller::server - Kynet accept failed: connection error: Endpoint closed
2026-09-15T23:52:27.611 WARN kycontroller::kymux_controller::server - Kynet accept failed: connection error: Endpoint closed
2026-09-15T23:52:27.611 WARN kycontroller::kymux_controller::server - Kynet accept failed: connection error: Endpoint closed
2026-09-15T23:52:27.611 WARN kycontroller::kymux_controller::server - Kynet accept failed: connection error: Endpoint closed
2026-09-15T23:52:27.611 WARN kycontroller::kymux_controller::server - Kynet accept failed: connection error: Endpoint closed
2026-09-15T23:52:27.611 WARN kycontroller::kymux_controller::server - Kynet accept failed: connection error: Endpoint closed
2026-09-15T23:52:27.611 WARN kycontroller::kymux_controller::server - Kynet accept failed: connection error: Endpoint closed
2026-09-15T23:52:27.611 WARN kycontroller::kymux_controller::server - Kynet accept failed: connection error: Endpoint closed
2026-09-15T23:52:27.611 WARN kycontroller::kymux_controller::server - Kynet accept failed: connection error: Endpoint closed
2026-09-15T23:52:27.611 WARN kycontroller::kymux_controller::server - Kynet accept failed: connection error: Endpoint closed
2026-09-15T23:52:27.611 WARN kycontroller::kymux_controller::server - Kynet accept failed: connection error: Endpoint closed
2026-09-15T23:52:27.611 WARN kycontroller::kymux_controller::server - Kynet accept failed: connection error: Endpoint closed
2026-09-15T23:52:27.611 WARN kycontroller::kymux_controller::server - Kynet accept failed: connection error: Endpoint closed
2026-09-15T23:52:27.611 WARN kycontroller::kymux_controller::server - Kynet accept failed: connection error: Endpoint closed
2026-09-15T23:52:27.611 WARN kycontroller::kymux_controller::server - Kynet accept failed: connection error: Endpoint closed
2026-09-15T23:52:27.611 WARN kycontroller::kymux_controller::server - Kynet accept failed: connection error: Endpoint closed
2026-09-15T23:52:27.611 WARN kycontroller::kymux_controller::server - Kynet accept failed: connection error: Endpoint closed
2026-09-15T23:52:27.611 WARN kycontroller::kymux_controller::server - Kynet accept failed: connection error: Endpoint closed
2026-09-15T23:52:27.611 WARN kycontroller::kymux_controller::server - Kynet accept failed: connection error: Endpoint closed
2026-09-15T23:52:27.611 WARN kycontroller::kymux_controller::server - Kynet accept failed: connection error: Endpoint closed
2026-09-15T23:52:27.611 WARN kycontroller::kymux_controller::server - Kynet accept failed: connection error: Endpoint closed
2026-09-15T23:52:27.611 WARN kycontroller::kymux_controller::server - Kynet accept failed: connection error: Endpoint closed
2026-09-15T23:52:27.611 WARN kycontroller::kymux_controller::server - Kynet accept failed: connection error: Endpoint closed
2026-09-15T23:52:27.611 WARN kycontroller::kymux_controller::server - Kynet accept failed: connection error: Endpoint closed
2026-09-15T23:52:27.611 WARN kycontroller::kymux_controller::server - Kynet accept failed: connection error: Endpoint closed
2026-09-15T23:52:27.611 WARN kycontroller::kymux_controller::server - Kynet accept failed: connection error: Endpoint closed
2026-09-15T23:52:27.611 WARN kycontroller::kymux_controller::server - Kynet accept failed: connection error: Endpoint closed
2026-09-15T23:52:27.611 WARN kycontroller::kymux_controller::server - Kynet accept failed: connection error: Endpoint closed
2026-09-15T23:52:27.611 WARN kycontroller::kymux_controller::server - Kynet accept failed: connection error: Endpoint closed
2026-09-15T23:52:27.611 WARN kycontroller::kymux_controller::server - Kynet accept failed: connection error: Endpoint closed
2026-09-15T23:52:27.611 WARN kycontroller::kymux_controller::server - Kynet accept failed: connection error: Endpoint closed
2026-09-15T23:52:27.612 WARN kycontroller::kymux_controller::server - Kynet accept failed: connection error: Endpoint closed
2026-09-15T23:52:27.612 WARN kycontroller::kymux_controller::server - Kynet accept failed: connection error: Endpoint closed
2026-09-15T23:52:27.612 WARN kycontroller::kymux_controller::server - Kynet accept failed: connection error: Endpoint closed
2026-09-15T23:52:27.612 WARN kycontroller::kymux_controller::server - Kynet accept failed: connection error: Endpoint closed
2026-09-15T23:52:27.612 WARN kycontroller::kymux_controller::server - Kynet accept failed: connection error: Endpoint closed
2026-09-15T23:52:27.612 WARN kycontroller::kymux_controller::server - Kynet accept failed: connection error: Endpoint closed
2026-09-15T23:52:27.612 WARN kycontroller::kymux_controller::server - Kynet accept failed: connection error: Endpoint closed
2026-09-15T23:52:27.612 WARN kycontroller::kymux_controller::server - Kynet accept failed: connection error: Endpoint closed
2026-09-15T23:52:27.612 WARN kycontroller::kymux_controller::server - Kynet accept failed: connection error: Endpoint closed
2026-09-15T23:52:27.612 WARN kycontroller::kymux_controller::server - Kynet accept failed: connection error: Endpoint closed
2026-09-15T23:52:27.612 WARN kycontroller::kymux_controller::server - Kynet accept failed: connection error: Endpoint closed
2026-09-15T23:52:27.612 WARN kycontroller::kymux_controller::server - Kynet accept failed: connection error: Endpoint closed
2026-09-15T23:52:27.612 WARN kycontroller::kymux_controller::server - Kynet accept failed: connection error: Endpoint closed
2026-09-15T23:52:27.612 WARN kycontroller::kymux_controller::server - Kynet accept failed: connection error: Endpoint closed
2026-09-15T23:52:27.612 WARN kycontroller::kymux_controller::server - Kynet accept failed: connection error: Endpoint closed
2026-09-15T23:52:27.612 WARN kycontroller::kymux_controller::server - Kynet accept failed: connection error: Endpoint closed
2026-09-15T23:52:27.612 WARN kycontroller::kymux_controller::server - Kynet accept failed: connection error: Endpoint closed
2026-09-15T23:52:27.612 WARN kycontroller::kymux_controller::server - Kynet accept failed: connection error: Endpoint closed
2026-09-15T23:52:27.612 WARN kycontroller::kymux_controller::server - Kynet accept failed: connection error: Endpoint closed
2026-09-15T23:52:27.612 WARN kycontroller::kymux_controller::server - Kynet accept failed: connection error: Endpoint closed
2026-09-15T23:52:27.612 WARN kycontroller::kymux_controller::server - Kynet accept failed: connection error: Endpoint closed
2026-09-15T23:52:27.612 WARN kycontroller::kymux_controller::server - Kynet accept failed: connection error: Endpoint closed
2026-09-15T23:52:27.612 WARN kycontroller::kymux_controller::server - Kynet accept failed: connection error: Endpoint closed
2026-09-15T23:52:27.612 WARN kycontroller::kymux_controller::server - Kynet accept failed: connection error: Endpoint closed
2026-09-15T23:52:27.612 WARN kycontroller::kymux_controller::server - Kynet accept failed: connection error: Endpoint closed
2026-09-15T23:52:27.612 WARN kycontroller::kymux_controller::server - Kynet accept failed: connection error: Endpoint closed
2026-09-15T23:52:27.612 WARN kycontroller::kymux_controller::server - Kynet accept failed: connection error: Endpoint closed
2026-09-15T23:52:27.612 WARN kycontroller::kymux_controller::server - Kynet accept failed: connection error: Endpoint closed
2026-09-15T23:52:27.612 WARN kycontroller::kymux_controller::server - Kynet accept failed: connection error: Endpoint closed
2026-09-15T23:52:27.612 WARN kycontroller::kymux_controller::server - Kynet accept failed: connection error: Endpoint closed
2026-09-15T23:52:27.612 WARN kycontroller::kymux_controller::server - Kynet accept failed: connection error: Endpoint closed
2026-09-15T23:52:27.612 WARN kycontroller::kymux_controller::server - Kynet accept failed: connection error: Endpoint closed
2026-09-15T23:52:27.612 WARN kycontroller::kymux_controller::server - Kynet accept failed: connection error: Endpoint closed
2026-09-15T23:52:27.612 WARN kycontroller::kymux_controller::server - Kynet accept failed: connection error: Endpoint closed
2026-09-15T23:52:27.612 WARN kycontroller::kymux_controller::server - Kynet accept failed: connection error: Endpoint closed
2026-09-15T23:52:27.612 WARN kycontroller::kymux_controller::server - Kynet accept failed: connection error: Endpoint closed
2026-09-15T23:52:27.612 WARN kycontroller::kymux_controller::server - Kynet accept failed: connection error: Endpoint closed
2026-09-15T23:52:27.612 WARN kycontroller::kymux_controller::server - Kynet accept failed: connection error: Endpoint closed
2026-09-15T23:52:27.612 WARN kycontroller::kymux_controller::server - Kynet accept failed: connection error: Endpoint closed
2026-09-15T23:52:27.612 WARN kycontroller::kymux_controller::server - Kynet accept failed: connection error: Endpoint closed
2026-09-15T23:52:27.612 WARN kycontroller::kymux_controller::server - Kynet accept failed: connection error: Endpoint closed
2026-09-15T23:52:27.612 WARN kycontroller::kymux_controller::server - Kynet accept failed: connection error: Endpoint closed
2026-09-15T23:52:27.612 WARN kycontroller::kymux_controller::server - Kynet accept failed: connection error: Endpoint closed
2026-09-15T23:52:27.612 WARN kycontroller::kymux_controller::server - Kynet accept failed: connection error: Endpoint closed
2026-09-15T23:52:27.612 WARN kycontroller::kymux_controller::server - Kynet accept failed: connection error: Endpoint closed
2026-09-15T23:52:27.612 WARN kycontroller::kymux_controller::server - Kynet accept failed: connection error: Endpoint closed
2026-09-15T23:52:27.612 WARN kycontroller::kymux_controller::server - Kynet accept failed: connection error: Endpoint closed
2026-09-15T23:52:27.612 WARN kycontroller::kymux_controller::server - Kynet accept failed: connection error: Endpoint closed
2026-09-15T23:52:27.612 WARN kycontroller::kymux_controller::server - Kynet accept failed: connection error: Endpoint closed
2026-09-15T23:52:27.612 WARN kycontroller::kymux_controller::server - Kynet accept failed: connection error: Endpoint closed
2026-09-15T23:52:27.612 WARN kycontroller::kymux_controller::server - Kynet accept failed: connection error: Endpoint closed
2026-09-15T23:52:27.612 WARN kycontroller::kymux_controller::server - Kynet accept failed: connection error: Endpoint closed
2026-09-15T23:52:27.612 WARN kycontroller::kymux_controller::server - Kynet accept failed: connection error: Endpoint closed
2026-09-15T23:52:27.612 WARN kycontroller::kymux_controller::server - Kynet accept failed: connection error: Endpoint closed
2026-09-15T23:52:27.612 WARN kycontroller::kymux_controller::server - Kynet accept failed: connection error: Endpoint closed
2026-09-15T23:52:27.612 WARN kycontroller::kymux_controller::server - Kynet accept failed: connection error: Endpoint closed
2026-09-15T23:52:27.612 WARN kycontroller::kymux_controller::server - Kynet accept failed: connection error: Endpoint closed
2026-09-15T23:52:27.612 WARN kycontroller::kymux_controller::server - Kynet accept failed: connection error: Endpoint closed
2026-09-15T23:52:27.612 WARN kycontroller::kymux_controller::server - Kynet accept failed: connection error: Endpoint closed
2026-09-15T23:52:27.612 WARN kycontroller::kymux_controller::server - Kynet accept failed: connection error: Endpoint closed
2026-09-15T23:52:27.612 WARN kycontroller::kymux_controller::server - Kynet accept failed: connection error: Endpoint closed
2026-09-15T23:52:27.612 WARN kycontroller::kymux_controller::server - Kynet accept failed: connection error: Endpoint closed
2026-09-15T23:52:27.612 WARN kycontroller::kymux_controller::server - Kynet accept failed: connection error: Endpoint closed
2026-09-15T23:52:27.612 WARN kycontroller::kymux_controller::server - Kynet accept failed: connection error: Endpoint closed
2026-09-15T23:52:27.612 WARN kycontroller::kymux_controller::server - Kynet accept failed: connection error: Endpoint closed
2026-09-15T23:52:27.612 WARN kycontroller::kymux_controller::server - Kynet accept failed: connection error: Endpoint closed
2026-09-15T23:52:27.612 WARN kycontroller::kymux_controller::server - Kynet accept failed: connection error: Endpoint closed
2026-09-15T23:52:27.612 WARN kycontroller::kymux_controller::server - Kynet accept failed: connection error: Endpoint closed
2026-09-15T23:52:27.612 WARN kycontroller::kymux_controller::server - Kynet accept failed: connection error: Endpoint closed
2026-09-15T23:52:27.612 WARN kycontroller::kymux_controller::server - Kynet accept failed: connection error: Endpoint closed
2026-09-15T23:52:27.612 WARN kycontroller::kymux_controller::server - Kynet accept failed: connection error: Endpoint closed
2026-09-15T23:52:27.612 WARN kycontroller::kymux_controller::server - Kynet accept failed: connection error: Endpoint closed
2026-09-15T23:52:27.612 WARN kycontroller::kymux_controller::server - Kynet accept failed: connection error: Endpoint closed
2026-09-15T23:52:27.612 WARN kycontroller::kymux_controller::server - Kynet accept failed: connection error: Endpoint closed
2026-09-15T23:52:27.612 WARN kycontroller::kymux_controller::server - Kynet accept failed: connection error: Endpoint closed
2026-09-15T23:52:27.612 WARN kycontroller::kymux_controller::server - Kynet accept failed: connection error: Endpoint closed
2026-09-15T23:52:27.612 WARN kycontroller::kymux_controller::server - Kynet accept failed: connection error: Endpoint closed
2026-09-15T23:52:27.612 WARN kycontroller::kymux_controller::server - Kynet accept failed: connection error: Endpoint closed
2026-09-15T23:52:27.612 WARN kycontroller::kymux_controller::server - Kynet accept failed: connection error: Endpoint closed
2026-09-15T23:52:27.612 WARN kycontroller::kymux_controller::server - Kynet accept failed: connection error: Endpoint closed
2026-09-15T23:52:27.612 WARN kycontroller::kymux_controller::server - Kynet accept failed: connection error: Endpoint closed
2026-09-15T23:52:27.612 WARN kycontroller::kymux_controller::server - Kynet accept failed: connection error: Endpoint closed
2026-09-15T23:52:27.612 WARN kycontroller::kymux_controller::server - Kynet accept failed: connection error: Endpoint closed
2026-09-15T23:52:27.612 WARN kycontroller::kymux_controller::server - Kynet accept failed: connection error: Endpoint closed
2026-09-15T23:52:27.612 WARN kycontroller::kymux_controller::server - Kynet accept failed: connection error: Endpoint closed
2026-09-15T23:52:27.612 WARN kycontroller::kymux_controller::server - Kynet accept failed: connection error: Endpoint closed
2026-09-15T23:52:27.613 WARN kycontroller::kymux_controller::server - Kynet accept failed: connection error: Endpoint closed
2026-09-15T23:52:27.613 WARN kycontroller::kymux_controller::server - Kynet accept failed: connection error: Endpoint closed
2026-09-15T23:52:27.613 WARN kycontroller::kymux_controller::server - Kynet accept failed: connection error: Endpoint closed
2026-09-15T23:52:27.613 WARN kycontroller::kymux_controller::server - Kynet accept failed: connection error: Endpoint closed
2026-09-15T23:52:27.613 WARN kycontroller::kymux_controller::server - Kynet accept failed: connection error: Endpoint closed
2026-09-15T23:52:27.613 WARN kycontroller::kymux_controller::server - Kynet accept failed: connection error: Endpoint closed
2026-09-15T23:52:27.613 WARN kycontroller::kymux_controller::server - Kynet accept failed: connection error: Endpoint closed
2026-09-15T23:52:27.613 WARN kycontroller::kymux_controller::server - Kynet accept failed: connection error: Endpoint closed
2026-09-15T23:52:27.613 WARN kycontroller::kymux_controller::server - Kynet accept failed: connection error: Endpoint closed
2026-09-15T23:52:27.613 WARN kycontroller::kymux_controller::server - Kynet accept failed: connection error: Endpoint closed
2026-09-15T23:52:27.613 WARN kycontroller::kymux_controller::server - Kynet accept failed: connection error: Endpoint closed
2026-09-15T23:52:27.613 WARN kycontroller::kymux_controller::server - Kynet accept failed: connection error: Endpoint closed
2026-09-15T23:52:27.613 WARN kycontroller::kymux_controller::server - Kynet accept failed: connection error: Endpoint closed
2026-09-15T23:52:27.613 WARN kycontroller::kymux_controller::server - Kynet accept failed: connection error: Endpoint closed
2026-09-15T23:52:27.613 WARN kycontroller::kymux_controller::server - Kynet accept failed: connection error: Endpoint closed
2026-09-15T23:52:27.613 WARN kycontroller::kymux_controller::server - Kynet accept failed: connection error: Endpoint closed
2026-09-15T23:52:27.613 WARN kycontroller::kymux_controller::server - Kynet accept failed: connection error: Endpoint closed
2026-09-15T23:52:27.613 WARN kycontroller::kymux_controller::server - Kynet accept failed: connection error: Endpoint closed
2026-09-15T23:52:27.613 WARN kycontroller::kymux_controller::server - Kynet accept failed: connection error: Endpoint closed
2026-09-15T23:52:27.613 WARN kycontroller::kymux_controller::server - Kynet accept failed: connection error: Endpoint closed
2026-09-15T23:52:27.613 WARN kycontroller::kymux_controller::server - Kynet accept failed: connection error: Endpoint closed
2026-09-15T23:52:27.613 WARN kycontroller::kymux_controller::server - Kynet accept failed: connection error: Endpoint closed
2026-09-15T23:52:27.613 WARN kycontroller::kymux_controller::server - Kynet accept failed: connection error: Endpoint closed
2026-09-15T23:52:27.613 WARN kycontroller::kymux_controller::server - Kynet accept failed: connection error: Endpoint closed
2026-09-15T23:52:27.613 WARN kycontroller::kymux_controller::server - Kynet accept failed: connection error: Endpoint closed
2026-09-15T23:52:27.613 WARN kycontroller::kymux_controller::server - Kynet accept failed: connection error: Endpoint closed
2026-09-15T23:52:27.613 WARN kycontroller::kymux_controller::server - Kynet accept failed: connection error: Endpoint closed
2026-09-15T23:52:27.613 WARN kycontroller::kymux_controller::server - Kynet accept failed: connection error: Endpoint closed
2026-09-15T23:52:27.613 WARN kycontroller::kymux_controller::server - Kynet accept failed: connection error: Endpoint closed
2026-09-15T23:52:27.613 WARN kycontroller::kymux_controller::server - Kynet accept failed: connection error: Endpoint closed
2026-09-15T23:52:27.613 WARN kycontroller::kymux_controller::server - Kynet accept failed: connection error: Endpoint closed
2026-09-15T23:52:27.613 WARN kycontroller::kymux_controller::server - Kynet accept failed: connection error: Endpoint closed
2026-09-15T23:52:27.613 WARN kycontroller::kymux_controller::server - Kynet accept failed: connection error: Endpoint closed
2026-09-15T23:52:27.613 WARN kycontroller::kymux_controller::server - Kynet accept failed: connection error: Endpoint closed
2026-09-15T23:52:27.613 WARN kycontroller::kymux_controller::server - Kynet accept failed: connection error: Endpoint closed
2026-09-15T23:52:27.613 WARN kycontroller::kymux_controller::server - Kynet accept failed: connection error: Endpoint closed
2026-09-15T23:52:27.613 WARN kycontroller::kymux_controller::server - Kynet accept failed: connection error: Endpoint closed
2026-09-15T23:52:27.613 WARN kycontroller::kymux_controller::server - Kynet accept failed: connection error: Endpoint closed
2026-09-15T23:52:27.613 WARN kycontroller::kymux_controller::server - Kynet accept failed: connection error: Endpoint closed
2026-09-15T23:52:27.613 WARN kycontroller::kymux_controller::server - Kynet accept failed: connection error: Endpoint closed
2026-09-15T23:52:27.613 WARN kycontroller::kymux_controller::server - Kynet accept failed: connection error: Endpoint closed
2026-09-15T23:52:27.613 WARN kycontroller::kymux_controller::server - Kynet accept failed: connection error: Endpoint closed
2026-09-15T23:52:27.613 WARN kycontroller::kymux_controller::server - Kynet accept failed: connection error: Endpoint closed
2026-09-15T23:52:27.613 WARN kycontroller::kymux_controller::server - Kynet accept failed: connection error: Endpoint closed
2026-09-15T23:52:27.613 WARN kycontroller::kymux_controller::server - Kynet accept failed: connection error: Endpoint closed
2026-09-15T23:52:27.613 WARN kycontroller::kymux_controller::server - Kynet accept failed: connection error: Endpoint closed
2026-09-15T23:52:27.613 WARN kycontroller::kymux_controller::server - Kynet accept failed: connection error: Endpoint closed
2026-09-15T23:52:27.613 WARN kycontroller::kymux_controller::server - Kynet accept failed: connection error: Endpoint closed
2026-09-15T23:52:27.613 WARN kycontroller::kymux_controller::server - Kynet accept failed: connection error: Endpoint closed
2026-09-15T23:52:27.613 WARN kycontroller::kymux_controller::server - Kynet accept failed: connection error: Endpoint closed
2026-09-15T23:52:27.613 WARN kycontroller::kymux_controller::server - Kynet accept failed: connection error: Endpoint closed
2026-09-15T23:52:27.613 WARN kycontroller::kymux_controller::server - Kynet accept failed: connection error: Endpoint closed
2026-09-15T23:52:27.613 WARN kycontroller::kymux_controller::server - Kynet accept failed: connection error: Endpoint closed
2026-09-15T23:52:27.613 WARN kycontroller::kymux_controller::server - Kynet accept failed: connection error: Endpoint closed
2026-09-15T23:52:27.613 WARN kycontroller::kymux_controller::server - Kynet accept failed: connection error: Endpoint closed
2026-09-15T23:52:27.613 WARN kycontroller::kymux_controller::server - Kynet accept failed: connection error: Endpoint closed
2026-09-15T23:52:27.613 WARN kycontroller::kymux_controller::server - Kynet accept failed: connection error: Endpoint closed
2026-09-15T23:52:27.613 WARN kycontroller::kymux_controller::server - Kynet accept failed: connection error: Endpoint closed
2026-09-15T23:52:27.613 WARN kycontroller::kymux_controller::server - Kynet accept failed: connection error: Endpoint closed
2026-09-15T23:52:27.613 WARN kycontroller::kymux_controller::server - Kynet accept failed: connection error: Endpoint closed
2026-09-15T23:52:27.613 WARN kycontroller::kymux_controller::server - Kynet accept failed: connection error: Endpoint closed
2026-09-15T23:52:27.613 WARN kycontroller::kymux_controller::server - Kynet accept failed: connection error: Endpoint closed
2026-09-15T23:52:27.613 WARN kycontroller::kymux_controller::server - Kynet accept failed: connection error: Endpoint closed
2026-09-15T23:52:27.613 WARN kycontroller::kymux_controller::server - Kynet accept failed: connection error: Endpoint closed
2026-09-15T23:52:27.613 WARN kycontroller::kymux_controller::server - Kynet accept failed: connection error: Endpoint closed
2026-09-15T23:52:27.613 WARN kycontroller::kymux_controller::server - Kynet accept failed: connection error: Endpoint closed
2026-09-15T23:52:27.613 WARN kycontroller::kymux_controller::server - Kynet accept failed: connection error: Endpoint closed
2026-09-15T23:52:27.613 WARN kycontroller::kymux_controller::server - Kynet accept failed: connection error: Endpoint closed
2026-09-15T23:52:27.613 WARN kycontroller::kymux_controller::server - Kynet accept failed: connection error: Endpoint closed
2026-09-15T23:52:27.613 WARN kycontroller::kymux_controller::server - Kynet accept failed: connection error: Endpoint closed
2026-09-15T23:52:27.613 WARN kycontroller::kymux_controller::server - Kynet accept failed: connection error: Endpoint closed
2026-09-15T23:52:27.613 WARN kycontroller::kymux_controller::server - Kynet accept failed: connection error: Endpoint closed
2026-09-15T23:52:27.613 WARN kycontroller::kymux_controller::server - Kynet accept failed: connection error: Endpoint closed
2026-09-15T23:52:27.613 WARN kycontroller::kymux_controller::server - Kynet accept failed: connection error: Endpoint closed
2026-09-15T23:52:27.613 WARN kycontroller::kymux_controller::server - Kynet accept failed: connection error: Endpoint closed
2026-09-15T23:52:27.613 WARN kycontroller::kymux_controller::server - Kynet accept failed: connection error: Endpoint closed
2026-09-15T23:52:27.613 WARN kycontroller::kymux_controller::server - Kynet accept failed: connection error: Endpoint closed
2026-09-15T23:52:27.613 WARN kycontroller::kymux_controller::server - Kynet accept failed: connection error: Endpoint closed
2026-09-15T23:52:27.613 WARN kycontroller::kymux_controller::server - Kynet accept failed: connection error: Endpoint closed
2026-09-15T23:52:27.613 WARN kycontroller::kymux_controller::server - Kynet accept failed: connection error: Endpoint closed
2026-09-15T23:52:27.613 WARN kycontroller::kymux_controller::server - Kynet accept failed: connection error: Endpoint closed
2026-09-15T23:52:27.613 WARN kycontroller::kymux_controller::server - Kynet accept failed: connection error: Endpoint closed
2026-09-15T23:52:27.613 WARN kycontroller::kymux_controller::server - Kynet accept failed: connection error: Endpoint closed
2026-09-15T23:52:27.613 WARN kycontroller::kymux_controller::server - Kynet accept failed: connection error: Endpoint closed
2026-09-15T23:52:27.613 WARN kycontroller::kymux_controller::server - Kynet accept failed: connection error: Endpoint closed
2026-09-15T23:52:27.613 WARN kycontroller::kymux_controller::server - Kynet accept failed: connection error: Endpoint closed
2026-09-15T23:52:27.613 WARN kycontroller::kymux_controller::server - Kynet accept failed: connection error: Endpoint closed
2026-09-15T23:52:27.613 WARN kycontroller::kymux_controller::server - Kynet accept failed: connection error: Endpoint closed
2026-09-15T23:52:27.613 WARN kycontroller::kymux_controller::server - Kynet accept failed: connection error: Endpoint closed
2026-09-15T23:52:27.614 WARN kycontroller::kymux_controller::server - Kynet accept failed: connection error: Endpoint closed
2026-09-15T23:52:27.614 WARN kycontroller::kymux_controller::server - Kynet accept failed: connection error: Endpoint closed
2026-09-15T23:52:27.614 WARN kycontroller::kymux_controller::server - Kynet accept failed: connection error: Endpoint closed
2026-09-15T23:52:27.614 WARN kycontroller::kymux_controller::server - Kynet accept failed: connection error: Endpoint closed
2026-09-15T23:52:27.614 WARN kycontroller::kymux_controller::server - Kynet accept failed: connection error: Endpoint closed
2026-09-15T23:52:27.614 WARN kycontroller::kymux_controller::server - Kynet accept failed: connection error: Endpoint closed
2026-09-15T23:52:27.614 WARN kycontroller::kymux_controller::server - Kynet accept failed: connection error: Endpoint closed
2026-09-15T23:52:27.614 WARN kycontroller::kymux_controller::server - Kynet accept failed: connection error: Endpoint closed
2026-09-15T23:52:27.614 WARN kycontroller::kymux_controller::server - Kynet accept failed: connection error: Endpoint closed
2026-09-15T23:52:27.614 WARN kycontroller::kymux_controller::server - Kynet accept failed: connection error: Endpoint closed
2026-09-15T23:52:27.614 WARN kycontroller::kymux_controller::server - Kynet accept failed: connection error: Endpoint closed
2026-09-15T23:52:27.614 WARN kycontroller::kymux_controller::server - Kynet accept failed: connection error: Endpoint closed
2026-09-15T23:52:27.614 WARN kycontroller::kymux_controller::server - Kynet accept failed: connection error: Endpoint closed
2026-09-15T23:52:27.614 WARN kycontroller::kymux_controller::server - Kynet accept failed: connection error: Endpoint closed
2026-09-15T23:52:27.614 WARN kycontroller::kymux_controller::server - Kynet accept failed: connection error: Endpoint closed
2026-09-15T23:52:27.614 WARN kycontroller::kymux_controller::server - Kynet accept failed: connection error: Endpoint closed
2026-09-15T23:52:27.614 WARN kycontroller::kymux_controller::server - Kynet accept failed: connection error: Endpoint closed
2026-09-15T23:52:27.614 WARN kycontroller::kymux_controller::server - Kynet accept failed: connection error: Endpoint closed
2026-09-15T23:52:27.614 WARN kycontroller::kymux_controller::server - Kynet accept failed: connection error: Endpoint closed
2026-09-15T23:52:27.614 WARN kycontroller::kymux_controller::server - Kynet accept failed: connection error: Endpoint closed
2026-09-15T23:52:27.614 WARN kycontroller::kymux_controller::server - Kynet accept failed: connection error: Endpoint closed
2026-09-15T23:52:27.614 WARN kycontroller::kymux_controller::server - Kynet accept failed: connection error: Endpoint closed
2026-09-15T23:52:27.614 WARN kycontroller::kymux_controller::server - Kynet accept failed: connection error: Endpoint closed
2026-09-15T23:52:27.614 WARN kycontroller::kymux_controller::server - Kynet accept failed: connection error: Endpoint closed
2026-09-15T23:52:27.614 WARN kycontroller::kymux_controller::server - Kynet accept failed: connection error: Endpoint closed
2026-09-15T23:52:27.614 WARN kycontroller::kymux_controller::server - Kynet accept failed: connection error: Endpoint closed
2026-09-15T23:52:27.614 WARN kycontroller::kymux_controller::server - Kynet accept failed: connection error: Endpoint closed
2026-09-15T23:52:27.614 WARN kycontroller::kymux_controller::server - Kynet accept failed: connection error: Endpoint closed
2026-09-15T23:52:27.614 WARN kycontroller::kymux_controller::server - Kynet accept failed: connection error: Endpoint closed
2026-09-15T23:52:27.614 WARN kycontroller::kymux_controller::server - Kynet accept failed: connection error: Endpoint closed
2026-09-15T23:52:27.614 WARN kycontroller::kymux_controller::server - Kynet accept failed: connection error: Endpoint closed
2026-09-15T23:52:27.614 WARN kycontroller::kymux_controller::server - Kynet accept failed: connection error: Endpoint closed
2026-09-15T23:52:27.614 WARN kycontroller::kymux_controller::server - Kynet accept failed: connection error: Endpoint closed
2026-09-15T23:52:27.614 WARN kycontroller::kymux_controller::server - Kynet accept failed: connection error: Endpoint closed
2026-09-15T23:52:27.614 WARN kycontroller::kymux_controller::server - Kynet accept failed: connection error: Endpoint closed
2026-09-15T23:52:27.614 WARN kycontroller::kymux_controller::server - Kynet accept failed: connection error: Endpoint closed
2026-09-15T23:52:27.614 WARN kycontroller::kymux_controller::server - Kynet accept failed: connection error: Endpoint closed
2026-09-15T23:52:27.614 WARN kycontroller::kymux_controller::server - Kynet accept failed: connection error: Endpoint closed
2026-09-15T23:52:27.614 WARN kycontroller::kymux_controller::server - Kynet accept failed: connection error: Endpoint closed
2026-09-15T23:52:27.614 WARN kycontroller::kymux_controller::server - Kynet accept failed: connection error: Endpoint closed
2026-09-15T23:52:27.614 WARN kycontroller::kymux_controller::server - Kynet accept failed: connection error: Endpoint closed
2026-09-15T23:52:27.614 WARN kycontroller::kymux_controller::server - Kynet accept failed: connection error: Endpoint closed
2026-09-15T23:52:27.614 WARN kycontroller::kymux_controller::server - Kynet accept failed: connection error: Endpoint closed
2026-09-15T23:52:27.614 WARN kycontroller::kymux_controller::server - Kynet accept failed: connection error: Endpoint closed
2026-09-15T23:52:27.614 WARN kycontroller::kymux_controller::server - Kynet accept failed: connection error: Endpoint closed
2026-09-15T23:52:27.614 WARN kycontroller::kymux_controller::server - Kynet accept failed: connection error: Endpoint closed
2026-09-15T23:52:27.614 WARN kycontroller::kymux_controller::server - Kynet accept failed: connection error: Endpoint closed
2026-09-15T23:52:27.614 WARN kycontroller::kymux_controller::server - Kynet accept failed: connection error: Endpoint closed
2026-09-15T23:52:27.614 WARN kycontroller::kymux_controller::server - Kynet accept failed: connection error: Endpoint closed
2026-09-15T23:52:27.614 WARN kycontroller::kymux_controller::server - Kynet accept failed: connection error: Endpoint closed
2026-09-15T23:52:27.614 WARN kycontroller::kymux_controller::server - Kynet accept failed: connection error: Endpoint closed
2026-09-15T23:52:27.614 WARN kycontroller::kymux_controller::server - Kynet accept failed: connection error: Endpoint closed
2026-09-15T23:52:27.614 WARN kycontroller::kymux_controller::server - Kynet accept failed: connection error: Endpoint closed
2026-09-15T23:52:27.614 WARN kycontroller::kymux_controller::server - Kynet accept failed: connection error: Endpoint closed
2026-09-15T23:52:27.614 WARN kycontroller::kymux_controller::server - Kynet accept failed: connection error: Endpoint closed
2026-09-15T23:52:27.614 WARN kycontroller::kymux_controller::server - Kynet accept failed: connection error: Endpoint closed
2026-09-15T23:52:27.614 WARN kycontroller::kymux_controller::server - Kynet accept failed: connection error: Endpoint closed
2026-09-15T23:52:27.614 WARN kycontroller::kymux_controller::server - Kynet accept failed: connection error: Endpoint closed
2026-09-15T23:52:27.614 WARN kycontroller::kymux_controller::server - Kynet accept failed: connection error: Endpoint closed
2026-09-15T23:52:27.614 WARN kycontroller::kymux_controller::server - Kynet accept failed: connection error: Endpoint closed
2026-09-15T23:52:27.614 WARN kycontroller::kymux_controller::server - Kynet accept failed: connection error: Endpoint closed
2026-09-15T23:52:27.614 WARN kycontroller::kymux_controller::server - Kynet accept failed: connection error: Endpoint closed
2026-09-15T23:52:27.614 WARN kycontroller::kymux_controller::server - Kynet accept failed: connection error: Endpoint closed
2026-09-15T23:52:27.614 WARN kycontroller::kymux_controller::server - Kynet accept failed: connection error: Endpoint closed
2026-09-15T23:52:27.614 WARN kycontroller::kymux_controller::server - Kynet accept failed: connection error: Endpoint closed
2026-09-15T23:52:27.614 WARN kycontroller::kymux_controller::server - Kynet accept failed: connection error: Endpoint closed
2026-09-15T23:52:27.614 WARN kycontroller::kymux_controller::server - Kynet accept failed: connection error: Endpoint closed
2026-09-15T23:52:27.614 WARN kycontroller::kymux_controller::server - Kynet accept failed: connection error: Endpoint closed
2026-09-15T23:52:27.614 WARN kycontroller::kymux_controller::server - Kynet accept failed: connection error: Endpoint closed
2026-09-15T23:52:27.614 WARN kycontroller::kymux_controller::server - Kynet accept failed: connection error: Endpoint closed
2026-09-15T23:52:27.614 WARN kycontroller::kymux_controller::server - Kynet accept failed: connection error: Endpoint closed
2026-09-15T23:52:27.614 WARN kycontroller::kymux_controller::server - Kynet accept failed: connection error: Endpoint closed
2026-09-15T23:52:27.614 WARN kycontroller::kymux_controller::server - Kynet accept failed: connection error: Endpoint closed
2026-09-15T23:52:27.614 WARN kycontroller::kymux_controller::server - Kynet accept failed: connection error: Endpoint closed
2026-09-15T23:52:27.614 WARN kycontroller::kymux_controller::server - Kynet accept failed: connection error: Endpoint closed
2026-09-15T23:52:27.614 WARN kycontroller::kymux_controller::server - Kynet accept failed: connection error: Endpoint closed
2026-09-15T23:52:27.614 WARN kycontroller::kymux_controller::server - Kynet accept failed: connection error: Endpoint closed
2026-09-15T23:52:27.614 WARN kycontroller::kymux_controller::server - Kynet accept failed: connection error: Endpoint closed
2026-09-15T23:52:27.615 WARN kycontroller::kymux_controller::server - Kynet accept failed: connection error: Endpoint closed
2026-09-15T23:52:27.615 WARN kycontroller::kymux_controller::server - Kynet accept failed: connection error: Endpoint closed
2026-09-15T23:52:27.615 WARN kycontroller::kymux_controller::server - Kynet accept failed: connection error: Endpoint closed
2026-09-15T23:52:27.615 WARN kycontroller::kymux_controller::server - Kynet accept failed: connection error: Endpoint closed
2026-09-15T23:52:27.615 WARN kycontroller::kymux_controller::server - Kynet accept failed: connection error: Endpoint closed
2026-09-15T23:52:27.615 WARN kycontroller::kymux_controller::server - Kynet accept failed: connection error: Endpoint closed
2026-09-15T23:52:27.615 WARN kycontroller::kymux_controller::server - Kynet accept failed: connection error: Endpoint closed
2026-09-15T23:52:27.615 WARN kycontroller::kymux_controller::server - Kynet accept failed: connection error: Endpoint closed
2026-09-15T23:52:27.615 WARN kycontroller::kymux_controller::server - Kynet accept failed: connection error: Endpoint closed
2026-09-15T23:52:27.615 WARN kycontroller::kymux_controller::server - Kynet accept failed: connection error: Endpoint closed
2026-09-15T23:52:27.615 WARN kycontroller::kymux_controller::server - Kynet accept failed: connection error: Endpoint closed
2026-09-15T23:52:27.615 WARN kycontroller::kymux_controller::server - Kynet accept failed: connection error: Endpoint closed
2026-09-15T23:52:27.615 WARN kycontroller::kymux_controller::server - Kynet accept failed: connection error: Endpoint closed
2026-09-15T23:52:27.615 WARN kycontroller::kymux_controller::server - Kynet accept failed: connection error: Endpoint closed
2026-09-15T23:52:27.615 WARN kycontroller::kymux_controller::server - Kynet accept failed: connection error: Endpoint closed
2026-09-15T23:52:27.615 WARN kycontroller::kymux_controller::server - Kynet accept failed: connection error: Endpoint closed
2026-09-15T23:52:27.615 WARN kycontroller::kymux_controller::server - Kynet accept failed: connection error: Endpoint closed
2026-09-15T23:52:27.615 WARN kycontroller::kymux_controller::server - Kynet accept failed: connection error: Endpoint closed
2026-09-15T23:52:27.615 WARN kycontroller::kymux_controller::server - Kynet accept failed: connection error: Endpoint closed
2026-09-15T23:52:27.615 WARN kycontroller::kymux_controller::server - Kynet accept failed: connection error: Endpoint closed
2026-09-15T23:52:27.615 WARN kycontroller::kymux_controller::server - Kynet accept failed: connection error: Endpoint closed
2026-09-15T23:52:27.615 WARN kycontroller::kymux_controller::server - Kynet accept failed: connection error: Endpoint closed
2026-09-15T23:52:27.615 WARN kycontroller::kymux_controller::server - Kynet accept failed: connection error: Endpoint closed
2026-09-15T23:52:27.615 WARN kycontroller::kymux_controller::server - Kynet accept failed: connection error: Endpoint closed
2026-09-15T23:52:27.615 WARN kycontroller::kymux_controller::server - Kynet accept failed: connection error: Endpoint closed
2026-09-15T23:52:27.615 WARN kycontroller::kymux_controller::server - Kynet accept failed: connection error: Endpoint closed
2026-09-15T23:52:27.615 WARN kycontroller::kymux_controller::server - Kynet accept failed: connection error: Endpoint closed
2026-09-15T23:52:27.615 WARN kycontroller::kymux_controller::server - Kynet accept failed: connection error: Endpoint closed
2026-09-15T23:52:27.615 WARN kycontroller::kymux_controller::server - Kynet accept failed: connection error: Endpoint closed
2026-09-15T23:52:27.615 WARN kycontroller::kymux_controller::server - Kynet accept failed: connection error: Endpoint closed
2026-09-15T23:52:27.615 WARN kycontroller::kymux_controller::server - Kynet accept failed: connection error: Endpoint closed
2026-09-15T23:52:27.615 WARN kycontroller::kymux_controller::server - Kynet accept failed: connection error: Endpoint closed
2026-09-15T23:52:27.615 WARN kycontroller::kymux_controller::server - Kynet accept failed: connection error: Endpoint closed
2026-09-15T23:52:27.615 WARN kycontroller::kymux_controller::server - Kynet accept failed: connection error: Endpoint closed
2026-09-15T23:52:27.615 WARN kycontroller::kymux_controller::server - Kynet accept failed: connection error: Endpoint closed
2026-09-15T23:52:27.615 WARN kycontroller::kymux_controller::server - Kynet accept failed: connection error: Endpoint closed
2026-09-15T23:52:27.615 WARN kycontroller::kymux_controller::server - Kynet accept failed: connection error: Endpoint closed
2026-09-15T23:52:27.615 WARN kycontroller::kymux_controller::server - Kynet accept failed: connection error: Endpoint closed
2026-09-15T23:52:27.615 WARN kycontroller::kymux_controller::server - Kynet accept failed: connection error: Endpoint closed
2026-09-15T23:52:27.615 WARN kycontroller::kymux_controller::server - Kynet accept failed: connection error: Endpoint closed
2026-09-15T23:52:27.615 WARN kycontroller::kymux_controller::server - Kynet accept failed: connection error: Endpoint closed
2026-09-15T23:52:27.615 WARN kycontroller::kymux_controller::server - Kynet accept failed: connection error: Endpoint closed
2026-09-15T23:52:27.615 WARN kycontroller::kymux_controller::server - Kynet accept failed: connection error: Endpoint closed
2026-09-15T23:52:27.615 WARN kycontroller::kymux_controller::server - Kynet accept failed: connection error: Endpoint closed
2026-09-15T23:52:27.615 WARN kycontroller::kymux_controller::server - Kynet accept failed: connection error: Endpoint closed
2026-09-15T23:52:27.615 WARN kycontroller::kymux_controller::server - Kynet accept failed: connection error: Endpoint closed
2026-09-15T23:52:27.615 WARN kycontroller::kymux_controller::server - Kynet accept failed: connection error: Endpoint closed
2026-09-15T23:52:27.615 WARN kycontroller::kymux_controller::server - Kynet accept failed: connection error: Endpoint closed
2026-09-15T23:52:27.615 WARN kycontroller::kymux_controller::server - Kynet accept failed: connection error: Endpoint closed
2026-09-15T23:52:27.615 WARN kycontroller::kymux_controller::server - Kynet accept failed: connection error: Endpoint closed
2026-09-15T23:52:27.615 WARN kycontroller::kymux_controller::server - Kynet accept failed: connection error: Endpoint closed
2026-09-15T23:52:27.615 WARN kycontroller::kymux_controller::server - Kynet accept failed: connection error: Endpoint closed
2026-09-15T23:52:27.615 WARN kycontroller::kymux_controller::server - Kynet accept failed: connection error: Endpoint closed
2026-09-15T23:52:27.615 WARN kycontroller::kymux_controller::server - Kynet accept failed: connection error: Endpoint closed
2026-09-15T23:52:27.615 WARN kycontroller::kymux_controller::server - Kynet accept failed: connection error: Endpoint closed
2026-09-15T23:52:27.615 WARN kycontroller::kymux_controller::server - Kynet accept failed: connection error: Endpoint closed
2026-09-15T23:52:27.615 WARN kycontroller::kymux_controller::server - Kynet accept failed: connection error: Endpoint closed
2026-09-15T23:52:27.615 WARN kycontroller::kymux_controller::server - Kynet accept failed: connection error: Endpoint closed
2026-09-15T23:52:27.615 WARN kycontroller::kymux_controller::server - Kynet accept failed: connection error: Endpoint closed
2026-09-15T23:52:27.615 WARN kycontroller::kymux_controller::server - Kynet accept failed: connection error: Endpoint closed
2026-09-15T23:52:27.615 WARN kycontroller::kymux_controller::server - Kynet accept failed: connection error: Endpoint closed
2026-09-15T23:52:27.615 WARN kycontroller::kymux_controller::server - Kynet accept failed: connection error: Endpoint closed
2026-09-15T23:52:27.615 WARN kycontroller::kymux_controller::server - Kynet accept failed: connection error: Endpoint closed
2026-09-15T23:52:27.615 WARN kycontroller::kymux_controller::server - Kynet accept failed: connection error: Endpoint closed
2026-09-15T23:52:27.615 WARN kycontroller::kymux_controller::server - Kynet accept failed: connection error: Endpoint closed
2026-09-15T23:52:27.615 WARN kycontroller::kymux_controller::server - Kynet accept failed: connection error: Endpoint closed
2026-09-15T23:52:27.615 WARN kycontroller::kymux_controller::server - Kynet accept failed: connection error: Endpoint closed
2026-09-15T23:52:27.615 WARN kycontroller::kymux_controller::server - Kynet accept failed: connection error: Endpoint closed
2026-09-15T23:52:27.615 WARN kycontroller::kymux_controller::server - Kynet accept failed: connection error: Endpoint closed
2026-09-15T23:52:27.615 WARN kycontroller::kymux_controller::server - Kynet accept failed: connection error: Endpoint closed
2026-09-15T23:52:27.615 WARN kycontroller::kymux_controller::server - Kynet accept failed: connection error: Endpoint closed
2026-09-15T23:52:27.615 WARN kycontroller::kymux_controller::server - Kynet accept failed: connection error: Endpoint closed
2026-09-15T23:52:27.615 WARN kycontroller::kymux_controller::server - Kynet accept failed: connection error: Endpoint closed
2026-09-15T23:52:27.615 WARN kycontroller::kymux_controller::server - Kynet accept failed: connection error: Endpoint closed
2026-09-15T23:52:27.615 WARN kycontroller::kymux_controller::server - Kynet accept failed: connection error: Endpoint closed
2026-09-15T23:52:27.615 WARN kycontroller::kymux_controller::server - Kynet accept failed: connection error: Endpoint closed
2026-09-15T23:52:27.615 WARN kycontroller::kymux_controller::server - Kynet accept failed: connection error: Endpoint closed
2026-09-15T23:52:27.615 WARN kycontroller::kymux_controller::server - Kynet accept failed: connection error: Endpoint closed
2026-09-15T23:52:27.615 WARN kycontroller::kymux_controller::server - Kynet accept failed: connection error: Endpoint closed
2026-09-15T23:52:27.615 WARN kycontroller::kymux_controller::server - Kynet accept failed: connection error: Endpoint closed
2026-09-15T23:52:27.615 WARN kycontroller::kymux_controller::server - Kynet accept failed: connection error: Endpoint closed
2026-09-15T23:52:27.615 WARN kycontroller::kymux_controller::server - Kynet accept failed: connection error: Endpoint closed
2026-09-15T23:52:27.615 WARN kycontroller::kymux_controller::server - Kynet accept failed: connection error: Endpoint closed
2026-09-15T23:52:27.615 WARN kycontroller::kymux_controller::server - Kynet accept failed: connection error: Endpoint closed
2026-09-15T23:52:27.615 WARN kycontroller::kymux_controller::server - Kynet accept failed: connection error: Endpoint closed
2026-09-15T23:52:27.615 WARN kycontroller::kymux_controller::server - Kynet accept failed: connection error: Endpoint closed
2026-09-15T23:52:27.615 WARN kycontroller::kymux_controller::server - Kynet accept failed: connection error: Endpoint closed
2026-09-15T23:52:27.615 WARN kycontroller::kymux_controller::server - Kynet accept failed: connection error: Endpoint closed
2026-09-15T23:52:27.616 WARN kycontroller::kymux_controller::server - Kynet accept failed: connection error: Endpoint closed
2026-09-15T23:52:27.616 WARN kycontroller::kymux_controller::server - Kynet accept failed: connection error: Endpoint closed
2026-09-15T23:52:27.616 WARN kycontroller::kymux_controller::server - Kynet accept failed: connection error: Endpoint closed
2026-09-15T23:52:27.616 WARN kycontroller::kymux_controller::server - Kynet accept failed: connection error: Endpoint closed
2026-09-15T23:52:27.616 WARN kycontroller::kymux_controller::server - Kynet accept failed: connection error: Endpoint closed
2026-09-15T23:52:27.616 WARN kycontroller::kymux_controller::server - Kynet accept failed: connection error: Endpoint closed
2026-09-15T23:52:27.616 WARN kycontroller::kymux_controller::server - Kynet accept failed: connection error: Endpoint closed
2026-09-15T23:52:27.616 WARN kycontroller::kymux_controller::server - Kynet accept failed: connection error: Endpoint closed
2026-09-15T23:52:27.616 WARN kycontroller::kymux_controller::server - Kynet accept failed: connection error: Endpoint closed
2026-09-15T23:52:27.616 WARN kycontroller::kymux_controller::server - Kynet accept failed: connection error: Endpoint closed
2026-09-15T23:52:27.616 WARN kycontroller::kymux_controller::server - Kynet accept failed: connection error: Endpoint closed
2026-09-15T23:52:27.616 WARN kycontroller::kymux_controller::server - Kynet accept failed: connection error: Endpoint closed
2026-09-15T23:52:27.616 WARN kycontroller::kymux_controller::server - Kynet accept failed: connection error: Endpoint closed
2026-09-15T23:52:27.616 WARN kycontroller::kymux_controller::server - Kynet accept failed: connection error: Endpoint closed
2026-09-15T23:52:27.616 WARN kycontroller::kymux_controller::server - Kynet accept failed: connection error: Endpoint closed
2026-09-15T23:52:27.616 WARN kycontroller::kymux_controller::server - Kynet accept failed: connection error: Endpoint closed
2026-09-15T23:52:27.616 WARN kycontroller::kymux_controller::server - Kynet accept failed: connection error: Endpoint closed
2026-09-15T23:52:27.616 WARN kycontroller::kymux_controller::server - Kynet accept failed: connection error: Endpoint closed
2026-09-15T23:52:27.616 WARN kycontroller::kymux_controller::server - Kynet accept failed: connection error: Endpoint closed
2026-09-15T23:52:27.616 WARN kycontroller::kymux_controller::server - Kynet accept failed: connection error: Endpoint closed
2026-09-15T23:52:27.616 WARN kycontroller::kymux_controller::server - Kynet accept failed: connection error: Endpoint closed
2026-09-15T23:52:27.616 WARN kycontroller::kymux_controller::server - Kynet accept failed: connection error: Endpoint closed
2026-09-15T23:52:27.616 WARN kycontroller::kymux_controller::server - Kynet accept failed: connection error: Endpoint closed
2026-09-15T23:52:27.616 WARN kycontroller::kymux_controller::server - Kynet accept failed: connection error: Endpoint closed
2026-09-15T23:52:27.616 WARN kycontroller::kymux_controller::server - Kynet accept failed: connection error: Endpoint closed
2026-09-15T23:52:27.616 WARN kycontroller::kymux_controller::server - Kynet accept failed: connection error: Endpoint closed
2026-09-15T23:52:27.616 WARN kycontroller::kymux_controller::server - Kynet accept failed: connection error: Endpoint closed
2026-09-15T23:52:27.616 WARN kycontroller::kymux_controller::server - Kynet accept failed: connection error: Endpoint closed
2026-09-15T23:52:27.616 WARN kycontroller::kymux_controller::server - Kynet accept failed: connection error: Endpoint closed
2026-09-15T23:52:27.616 WARN kycontroller::kymux_controller::server - Kynet accept failed: connection error: Endpoint closed
2026-09-15T23:52:27.616 WARN kycontroller::kymux_controller::server - Kynet accept failed: connection error: Endpoint closed
2026-09-15T23:52:27.616 WARN kycontroller::kymux_controller::server - Kynet accept failed: connection error: Endpoint closed
2026-09-15T23:52:27.616 WARN kycontroller::kymux_controller::server - Kynet accept failed: connection error: Endpoint closed
2026-09-15T23:52:27.616 WARN kycontroller::kymux_controller::server - Kynet accept failed: connection error: Endpoint closed
2026-09-15T23:52:27.616 WARN kycontroller::kymux_controller::server - Kynet accept failed: connection error: Endpoint closed
2026-09-15T23:52:27.616 WARN kycontroller::kymux_controller::server - Kynet accept failed: connection error: Endpoint closed
2026-09-15T23:52:27.616 WARN kycontroller::kymux_controller::server - Kynet accept failed: connection error: Endpoint closed
2026-09-15T23:52:27.616 WARN kycontroller::kymux_controller::server - Kynet accept failed: connection error: Endpoint closed
2026-09-15T23:52:27.616 WARN kycontroller::kymux_controller::server - Kynet accept failed: connection error: Endpoint closed
2026-09-15T23:52:27.616 WARN kycontroller::kymux_controller::server - Kynet accept failed: connection error: Endpoint closed
2026-09-15T23:52:27.616 WARN kycontroller::kymux_controller::server - Kynet accept failed: connection error: Endpoint closed
2026-09-15T23:52:27.616 WARN kycontroller::kymux_controller::server - Kynet accept failed: connection error: Endpoint closed
2026-09-15T23:52:27.616 WARN kycontroller::kymux_controller::server - Kynet accept failed: connection error: Endpoint closed
2026-09-15T23:52:27.616 WARN kycontroller::kymux_controller::server - Kynet accept failed: connection error: Endpoint closed
2026-09-15T23:52:27.616 WARN kycontroller::kymux_controller::server - Kynet accept failed: connection error: Endpoint closed
2026-09-15T23:52:27.616 WARN kycontroller::kymux_controller::server - Kynet accept failed: connection error: Endpoint closed
2026-09-15T23:52:27.616 WARN kycontroller::kymux_controller::server - Kynet accept failed: connection error: Endpoint closed
2026-09-15T23:52:27.616 WARN kycontroller::kymux_controller::server - Kynet accept failed: connection error: Endpoint closed
2026-09-15T23:52:27.616 WARN kycontroller::kymux_controller::server - Kynet accept failed: connection error: Endpoint closed
2026-09-15T23:52:27.616 WARN kycontroller::kymux_controller::server - Kynet accept failed: connection error: Endpoint closed
2026-09-15T23:52:27.616 WARN kycontroller::kymux_controller::server - Kynet accept failed: connection error: Endpoint closed
2026-09-15T23:52:27.616 WARN kycontroller::kymux_controller::server - Kynet accept failed: connection error: Endpoint closed
2026-09-15T23:52:27.616 WARN kycontroller::kymux_controller::server - Kynet accept failed: connection error: Endpoint closed
2026-09-15T23:52:27.616 WARN kycontroller::kymux_controller::server - Kynet accept failed: connection error: Endpoint closed
2026-09-15T23:52:27.616 WARN kycontroller::kymux_controller::server - Kynet accept failed: connection error: Endpoint closed
2026-09-15T23:52:27.616 WARN kycontroller::kymux_controller::server - Kynet accept failed: connection error: Endpoint closed
2026-09-15T23:52:27.616 WARN kycontroller::kymux_controller::server - Kynet accept failed: connection error: Endpoint closed
2026-09-15T23:52:27.616 WARN kycontroller::kymux_controller::server - Kynet accept failed: connection error: Endpoint closed
2026-09-15T23:52:27.616 WARN kycontroller::kymux_controller::server - Kynet accept failed: connection error: Endpoint closed
2026-09-15T23:52:27.616 WARN kycontroller::kymux_controller::server - Kynet accept failed: connection error: Endpoint closed
2026-09-15T23:52:27.616 WARN kycontroller::kymux_controller::server - Kynet accept failed: connection error: Endpoint closed
2026-09-15T23:52:27.616 WARN kycontroller::kymux_controller::server - Kynet accept failed: connection error: Endpoint closed
2026-09-15T23:52:27.616 WARN kycontroller::kymux_controller::server - Kynet accept failed: connection error: Endpoint closed
2026-09-15T23:52:27.616 WARN kycontroller::kymux_controller::server - Kynet accept failed: connection error: Endpoint closed
2026-09-15T23:52:27.616 WARN kycontroller::kymux_controller::server - Kynet accept failed: connection error: Endpoint closed
2026-09-15T23:52:27.616 WARN kycontroller::kymux_controller::server - Kynet accept failed: connection error: Endpoint closed
2026-09-15T23:52:27.616 WARN kycontroller::kymux_controller::server - Kynet accept failed: connection error: Endpoint closed
2026-09-15T23:52:27.616 WARN kycontroller::kymux_controller::server - Kynet accept failed: connection error: Endpoint closed
2026-09-15T23:52:27.616 WARN kycontroller::kymux_controller::server - Kynet accept failed: connection error: Endpoint closed
2026-09-15T23:52:27.616 WARN kycontroller::kymux_controller::server - Kynet accept failed: connection error: Endpoint closed
2026-09-15T23:52:27.616 WARN kycontroller::kymux_controller::server - Kynet accept failed: connection error: Endpoint closed
2026-09-15T23:52:27.616 WARN kycontroller::kymux_controller::server - Kynet accept failed: connection error: Endpoint closed
2026-09-15T23:52:27.616 WARN kycontroller::kymux_controller::server - Kynet accept failed: connection error: Endpoint closed
2026-09-15T23:52:27.616 WARN kycontroller::kymux_controller::server - Kynet accept failed: connection error: Endpoint closed
2026-09-15T23:52:27.616 WARN kycontroller::kymux_controller::server - Kynet accept failed: connection error: Endpoint closed
2026-09-15T23:52:27.616 WARN kycontroller::kymux_controller::server - Kynet accept failed: connection error: Endpoint closed
2026-09-15T23:52:27.616 WARN kycontroller::kymux_controller::server - Kynet accept failed: connection error: Endpoint closed
2026-09-15T23:52:27.616 WARN kycontroller::kymux_controller::server - Kynet accept failed: connection error: Endpoint closed
2026-09-15T23:52:27.616 WARN kycontroller::kymux_controller::server - Kynet accept failed: connection error: Endpoint closed
2026-09-15T23:52:27.616 WARN kycontroller::kymux_controller::server - Kynet accept failed: connection error: Endpoint closed
2026-09-15T23:52:27.616 WARN kycontroller::kymux_controller::server - Kynet accept failed: connection error: Endpoint closed
2026-09-15T23:52:27.616 WARN kycontroller::kymux_controller::server - Kynet accept failed: connection error: Endpoint closed
2026-09-15T23:52:27.616 WARN kycontroller::kymux_controller::server - Kynet accept failed: connection error: Endpoint closed
2026-09-15T23:52:27.616 WARN kycontroller::kymux_controller::server - Kynet accept failed: connection error: Endpoint closed
2026-09-15T23:52:27.616 WARN kycontroller::kymux_controller::server - Kynet accept failed: connection error: Endpoint closed
2026-09-15T23:52:27.616 WARN kycontroller::kymux_controller::server - Kynet accept failed: connection error: Endpoint closed
2026-09-15T23:52:27.616 WARN kycontroller::kymux_controller::server - Kynet accept failed: connection error: Endpoint closed
2026-09-15T23:52:27.616 WARN kycontroller::kymux_controller::server - Kynet accept failed: connection error: Endpoint closed
2026-09-15T23:52:27.616 WARN kycontroller::kymux_controller::server - Kynet accept failed: connection error: Endpoint closed
2026-09-15T23:52:27.616 WARN kycontroller::kymux_controller::server - Kynet accept failed: connection error: Endpoint closed
2026-09-15T23:52:27.616 WARN kycontroller::kymux_controller::server - Kynet accept failed: connection error: Endpoint closed
2026-09-15T23:52:27.617 WARN kycontroller::kymux_controller::server - Kynet accept failed: connection error: Endpoint closed
2026-09-15T23:52:27.617 WARN kycontroller::kymux_controller::server - Kynet accept failed: connection error: Endpoint closed
2026-09-15T23:52:27.617 WARN kycontroller::kymux_controller::server - Kynet accept failed: connection error: Endpoint closed
2026-09-15T23:52:27.617 WARN kycontroller::kymux_controller::server - Kynet accept failed: connection error: Endpoint closed
2026-09-15T23:52:27.617 WARN kycontroller::kymux_controller::server - Kynet accept failed: connection error: Endpoint closed
2026-09-15T23:52:27.617 WARN kycontroller::kymux_controller::server - Kynet accept failed: connection error: Endpoint closed
2026-09-15T23:52:27.617 WARN kycontroller::kymux_controller::server - Kynet accept failed: connection error: Endpoint closed
2026-09-15T23:52:27.617 WARN kycontroller::kymux_controller::server - Kynet accept failed: connection error: Endpoint closed
2026-09-15T23:52:27.617 WARN kycontroller::kymux_controller::server - Kynet accept failed: connection error: Endpoint closed
2026-09-15T23:52:27.617 WARN kycontroller::kymux_controller::server - Kynet accept failed: connection error: Endpoint closed
2026-09-15T23:52:27.617 WARN kycontroller::kymux_controller::server - Kynet accept failed: connection error: Endpoint closed
2026-09-15T23:52:27.617 WARN kycontroller::kymux_controller::server - Kynet accept failed: connection error: Endpoint closed
2026-09-15T23:52:27.617 WARN kycontroller::kymux_controller::server - Kynet accept failed: connection error: Endpoint closed
2026-09-15T23:52:27.617 WARN kycontroller::kymux_controller::server - Kynet accept failed: connection error: Endpoint closed
2026-09-15T23:52:27.617 WARN kycontroller::kymux_controller::server - Kynet accept failed: connection error: Endpoint closed
2026-09-15T23:52:27.617 WARN kycontroller::kymux_controller::server - Kynet accept failed: connection error: Endpoint closed
2026-09-15T23:52:27.617 WARN kycontroller::kymux_controller::server - Kynet accept failed: connection error: Endpoint closed
2026-09-15T23:52:27.617 WARN kycontroller::kymux_controller::server - Kynet accept failed: connection error: Endpoint closed
2026-09-15T23:52:27.617 WARN kycontroller::kymux_controller::server - Kynet accept failed: connection error: Endpoint closed
2026-09-15T23:52:27.617 WARN kycontroller::kymux_controller::server - Kynet accept failed: connection error: Endpoint closed
2026-09-15T23:52:27.617 WARN kycontroller::kymux_controller::server - Kynet accept failed: connection error: Endpoint closed
2026-09-15T23:52:27.617 WARN kycontroller::kymux_controller::server - Kynet accept failed: connection error: Endpoint closed
2026-09-15T23:52:27.617 WARN kycontroller::kymux_controller::server - Kynet accept failed: connection error: Endpoint closed
2026-09-15T23:52:27.617 WARN kycontroller::kymux_controller::server - Kynet accept failed: connection error: Endpoint closed
2026-09-15T23:52:27.617 WARN kycontroller::kymux_controller::server - Kynet accept failed: connection error: Endpoint closed
2026-09-15T23:52:27.617 WARN kycontroller::kymux_controller::server - Kynet accept failed: connection error: Endpoint closed
2026-09-15T23:52:27.617 WARN kycontroller::kymux_controller::server - Kynet accept failed: connection error: Endpoint closed
2026-09-15T23:52:27.617 WARN kycontroller::kymux_controller::server - Kynet accept failed: connection error: Endpoint closed
2026-09-15T23:52:27.617 WARN kycontroller::kymux_controller::server - Kynet accept failed: connection error: Endpoint closed
2026-09-15T23:52:27.617 WARN kycontroller::kymux_controller::server - Kynet accept failed: connection error: Endpoint closed
2026-09-15T23:52:27.617 WARN kycontroller::kymux_controller::server - Kynet accept failed: connection error: Endpoint closed
2026-09-15T23:52:27.617 WARN kycontroller::kymux_controller::server - Kynet accept failed: connection error: Endpoint closed
2026-09-15T23:52:27.617 WARN kycontroller::kymux_controller::server - Kynet accept failed: connection error: Endpoint closed
2026-09-15T23:52:27.617 WARN kycontroller::kymux_controller::server - Kynet accept failed: connection error: Endpoint closed
2026-09-15T23:52:27.617 WARN kycontroller::kymux_controller::server - Kynet accept failed: connection error: Endpoint closed
2026-09-15T23:52:27.617 WARN kycontroller::kymux_controller::server - Kynet accept failed: connection error: Endpoint closed
2026-09-15T23:52:27.617 WARN kycontroller::kymux_controller::server - Kynet accept failed: connection error: Endpoint closed
2026-09-15T23:52:27.617 WARN kycontroller::kymux_controller::server - Kynet accept failed: connection error: Endpoint closed
2026-09-15T23:52:27.617 WARN kycontroller::kymux_controller::server - Kynet accept failed: connection error: Endpoint closed
2026-09-15T23:52:27.617 WARN kycontroller::kymux_controller::server - Kynet accept failed: connection error: Endpoint closed
2026-09-15T23:52:27.617 WARN kycontroller::kymux_controller::server - Kynet accept failed: connection error: Endpoint closed
2026-09-15T23:52:27.617 WARN kycontroller::kymux_controller::server - Kynet accept failed: connection error: Endpoint closed
2026-09-15T23:52:27.617 WARN kycontroller::kymux_controller::server - Kynet accept failed: connection error: Endpoint closed
2026-09-15T23:52:27.617 WARN kycontroller::kymux_controller::server - Kynet accept failed: connection error: Endpoint closed
2026-09-15T23:52:27.617 WARN kycontroller::kymux_controller::server - Kynet accept failed: connection error: Endpoint closed
2026-09-15T23:52:27.617 WARN kycontroller::kymux_controller::server - Kynet accept failed: connection error: Endpoint closed
2026-09-15T23:52:27.617 WARN kycontroller::kymux_controller::server - Kynet accept failed: connection error: Endpoint closed
2026-09-15T23:52:27.617 WARN kycontroller::kymux_controller::server - Kynet accept failed: connection error: Endpoint closed
2026-09-15T23:52:27.617 WARN kycontroller::kymux_controller::server - Kynet accept failed: connection error: Endpoint closed
2026-09-15T23:52:27.617 WARN kycontroller::kymux_controller::server - Kynet accept failed: connection error: Endpoint closed
2026-09-15T23:52:27.617 WARN kycontroller::kymux_controller::server - Kynet accept failed: connection error: Endpoint closed
2026-09-15T23:52:27.617 WARN kycontroller::kymux_controller::server - Kynet accept failed: connection error: Endpoint closed
2026-09-15T23:52:27.617 WARN kycontroller::kymux_controller::server - Kynet accept failed: connection error: Endpoint closed
2026-09-15T23:52:27.617 WARN kycontroller::kymux_controller::server - Kynet accept failed: connection error: Endpoint closed
2026-09-15T23:52:27.617 WARN kycontroller::kymux_controller::server - Kynet accept failed: connection error: Endpoint closed
2026-09-15T23:52:27.617 WARN kycontroller::kymux_controller::server - Kynet accept failed: connection error: Endpoint closed
2026-09-15T23:52:27.617 WARN kycontroller::kymux_controller::server - Kynet accept failed: connection error: Endpoint closed
2026-09-15T23:52:27.617 WARN kycontroller::kymux_controller::server - Kynet accept failed: connection error: Endpoint closed
2026-09-15T23:52:27.617 WARN kycontroller::kymux_controller::server - Kynet accept failed: connection error: Endpoint closed
2026-09-15T23:52:27.617 WARN kycontroller::kymux_controller::server - Kynet accept failed: connection error: Endpoint closed
2026-09-15T23:52:27.617 WARN kycontroller::kymux_controller::server - Kynet accept failed: connection error: Endpoint closed
2026-09-15T23:52:27.617 WARN kycontroller::kymux_controller::server - Kynet accept failed: connection error: Endpoint closed
2026-09-15T23:52:27.617 WARN kycontroller::kymux_controller::server - Kynet accept failed: connection error: Endpoint closed
2026-09-15T23:52:27.617 WARN kycontroller::kymux_controller::server - Kynet accept failed: connection error: Endpoint closed
2026-09-15T23:52:27.617 WARN kycontroller::kymux_controller::server - Kynet accept failed: connection error: Endpoint closed
2026-09-15T23:52:27.617 WARN kycontroller::kymux_controller::server - Kynet accept failed: connection error: Endpoint closed
2026-09-15T23:52:27.617 WARN kycontroller::kymux_controller::server - Kynet accept failed: connection error: Endpoint closed
2026-09-15T23:52:27.617 WARN kycontroller::kymux_controller::server - Kynet accept failed: connection error: Endpoint closed
2026-09-15T23:52:27.617 WARN kycontroller::kymux_controller::server - Kynet accept failed: connection error: Endpoint closed
2026-09-15T23:52:27.617 WARN kycontroller::kymux_controller::server - Kynet accept failed: connection error: Endpoint closed
2026-09-15T23:52:27.617 WARN kycontroller::kymux_controller::server - Kynet accept failed: connection error: Endpoint closed
2026-09-15T23:52:27.617 WARN kycontroller::kymux_controller::server - Kynet accept failed: connection error: Endpoint closed
2026-09-15T23:52:27.617 WARN kycontroller::kymux_controller::server - Kynet accept failed: connection error: Endpoint closed
2026-09-15T23:52:27.617 WARN kycontroller::kymux_controller::server - Kynet accept failed: connection error: Endpoint closed
2026-09-15T23:52:27.617 WARN kycontroller::kymux_controller::server - Kynet accept failed: connection error: Endpoint closed
2026-09-15T23:52:27.617 WARN kycontroller::kymux_controller::server - Kynet accept failed: connection error: Endpoint closed
2026-09-15T23:52:27.617 WARN kycontroller::kymux_controller::server - Kynet accept failed: connection error: Endpoint closed
2026-09-15T23:52:27.617 WARN kycontroller::kymux_controller::server - Kynet accept failed: connection error: Endpoint closed
2026-09-15T23:52:27.617 WARN kycontroller::kymux_controller::server - Kynet accept failed: connection error: Endpoint closed
2026-09-15T23:52:27.617 WARN kycontroller::kymux_controller::server - Kynet accept failed: connection error: Endpoint closed
2026-09-15T23:52:27.617 WARN kycontroller::kymux_controller::server - Kynet accept failed: connection error: Endpoint closed
2026-09-15T23:52:27.617 WARN kycontroller::kymux_controller::server - Kynet accept failed: connection error: Endpoint closed
2026-09-15T23:52:27.617 WARN kycontroller::kymux_controller::server - Kynet accept failed: connection error: Endpoint closed
2026-09-15T23:52:27.617 WARN kycontroller::kymux_controller::server - Kynet accept failed: connection error: Endpoint closed
2026-09-15T23:52:27.617 WARN kycontroller::kymux_controller::server - Kynet accept failed: connection error: Endpoint closed
2026-09-15T23:52:27.617 WARN kycontroller::kymux_controller::server - Kynet accept failed: connection error: Endpoint closed
2026-09-15T23:52:27.617 WARN kycontroller::kymux_controller::server - Kynet accept failed: connection error: Endpoint closed
2026-09-15T23:52:27.617 WARN kycontroller::kymux_controller::server - Kynet accept failed: connection error: Endpoint closed
2026-09-15T23:52:27.618 WARN kycontroller::kymux_controller::server - Kynet accept failed: connection error: Endpoint closed
2026-09-15T23:52:27.618 WARN kycontroller::kymux_controller::server - Kynet accept failed: connection error: Endpoint closed
2026-09-15T23:52:27.618 WARN kycontroller::kymux_controller::server - Kynet accept failed: connection error: Endpoint closed
2026-09-15T23:52:27.618 WARN kycontroller::kymux_controller::server - Kynet accept failed: connection error: Endpoint closed
2026-09-15T23:52:27.618 WARN kycontroller::kymux_controller::server - Kynet accept failed: connection error: Endpoint closed
2026-09-15T23:52:27.618 WARN kycontroller::kymux_controller::server - Kynet accept failed: connection error: Endpoint closed
2026-09-15T23:52:27.618 WARN kycontroller::kymux_controller::server - Kynet accept failed: connection error: Endpoint closed
2026-09-15T23:52:27.618 WARN kycontroller::kymux_controller::server - Kynet accept failed: connection error: Endpoint closed
2026-09-15T23:52:27.618 WARN kycontroller::kymux_controller::server - Kynet accept failed: connection error: Endpoint closed
2026-09-15T23:52:27.618 WARN kycontroller::kymux_controller::server - Kynet accept failed: connection error: Endpoint closed
2026-09-15T23:52:27.618 WARN kycontroller::kymux_controller::server - Kynet accept failed: connection error: Endpoint closed
2026-09-15T23:52:27.618 WARN kycontroller::kymux_controller::server - Kynet accept failed: connection error: Endpoint closed
2026-09-15T23:52:27.618 WARN kycontroller::kymux_controller::server - Kynet accept failed: connection error: Endpoint closed
2026-09-15T23:52:27.618 WARN kycontroller::kymux_controller::server - Kynet accept failed: connection error: Endpoint closed
2026-09-15T23:52:27.618 WARN kycontroller::kymux_controller::server - Kynet accept failed: connection error: Endpoint closed
2026-09-15T23:52:27.618 WARN kycontroller::kymux_controller::server - Kynet accept failed: connection error: Endpoint closed
2026-09-15T23:52:27.618 WARN kycontroller::kymux_controller::server - Kynet accept failed: connection error: Endpoint closed
2026-09-15T23:52:27.618 WARN kycontroller::kymux_controller::server - Kynet accept failed: connection error: Endpoint closed
2026-09-15T23:52:27.618 WARN kycontroller::kymux_controller::server - Kynet accept failed: connection error: Endpoint closed
2026-09-15T23:52:27.618 WARN kycontroller::kymux_controller::server - Kynet accept failed: connection error: Endpoint closed
2026-09-15T23:52:27.618 WARN kycontroller::kymux_controller::server - Kynet accept failed: connection error: Endpoint closed
2026-09-15T23:52:27.618 WARN kycontroller::kymux_controller::server - Kynet accept failed: connection error: Endpoint closed
2026-09-15T23:52:27.618 WARN kycontroller::kymux_controller::server - Kynet accept failed: connection error: Endpoint closed
2026-09-15T23:52:27.618 WARN kycontroller::kymux_controller::server - Kynet accept failed: connection error: Endpoint closed
2026-09-15T23:52:27.618 WARN kycontroller::kymux_controller::server - Kynet accept failed: connection error: Endpoint closed
2026-09-15T23:52:27.618 WARN kycontroller::kymux_controller::server - Kynet accept failed: connection error: Endpoint closed
2026-09-15T23:52:27.618 WARN kycontroller::kymux_controller::server - Kynet accept failed: connection error: Endpoint closed
2026-09-15T23:52:27.618 WARN kycontroller::kymux_controller::server - Kynet accept failed: connection error: Endpoint closed
2026-09-15T23:52:27.618 WARN kycontroller::kymux_controller::server - Kynet accept failed: connection error: Endpoint closed
2026-09-15T23:52:27.618 WARN kycontroller::kymux_controller::server - Kynet accept failed: connection error: Endpoint closed
2026-09-15T23:52:27.618 WARN kycontroller::kymux_controller::server - Kynet accept failed: connection error: Endpoint closed
2026-09-15T23:52:27.618 WARN kycontroller::kymux_controller::server - Kynet accept failed: connection error: Endpoint closed
2026-09-15T23:52:27.618 WARN kycontroller::kymux_controller::server - Kynet accept failed: connection error: Endpoint closed
2026-09-15T23:52:27.618 WARN kycontroller::kymux_controller::server - Kynet accept failed: connection error: Endpoint closed
2026-09-15T23:52:27.618 WARN kycontroller::kymux_controller::server - Kynet accept failed: connection error: Endpoint closed
2026-09-15T23:52:27.618 WARN kycontroller::kymux_controller::server - Kynet accept failed: connection error: Endpoint closed
2026-09-15T23:52:27.618 WARN kycontroller::kymux_controller::server - Kynet accept failed: connection error: Endpoint closed
2026-09-15T23:52:27.618 WARN kycontroller::kymux_controller::server - Kynet accept failed: connection error: Endpoint closed
2026-09-15T23:52:27.618 WARN kycontroller::kymux_controller::server - Kynet accept failed: connection error: Endpoint closed
2026-09-15T23:52:27.618 WARN kycontroller::kymux_controller::server - Kynet accept failed: connection error: Endpoint closed
2026-09-15T23:52:27.618 WARN kycontroller::kymux_controller::server - Kynet accept failed: connection error: Endpoint closed
2026-09-15T23:52:27.618 WARN kycontroller::kymux_controller::server - Kynet accept failed: connection error: Endpoint closed
2026-09-15T23:52:27.618 WARN kycontroller::kymux_controller::server - Kynet accept failed: connection error: Endpoint closed
2026-09-15T23:52:27.618 WARN kycontroller::kymux_controller::server - Kynet accept failed: connection error: Endpoint closed
2026-09-15T23:52:27.618 WARN kycontroller::kymux_controller::server - Kynet accept failed: connection error: Endpoint closed
2026-09-15T23:52:27.618 WARN kycontroller::kymux_controller::server - Kynet accept failed: connection error: Endpoint closed
2026-09-15T23:52:27.618 WARN kycontroller::kymux_controller::server - Kynet accept failed: connection error: Endpoint closed
2026-09-15T23:52:27.618 WARN kycontroller::kymux_controller::server - Kynet accept failed: connection error: Endpoint closed
2026-09-15T23:52:27.618 WARN kycontroller::kymux_controller::server - Kynet accept failed: connection error: Endpoint closed
2026-09-15T23:52:27.618 WARN kycontroller::kymux_controller::server - Kynet accept failed: connection error: Endpoint closed
2026-09-15T23:52:27.618 WARN kycontroller::kymux_controller::server - Kynet accept failed: connection error: Endpoint closed
2026-09-15T23:52:27.618 WARN kycontroller::kymux_controller::server - Kynet accept failed: connection error: Endpoint closed
2026-09-15T23:52:27.618 WARN kycontroller::kymux_controller::server - Kynet accept failed: connection error: Endpoint closed
2026-09-15T23:52:27.618 WARN kycontroller::kymux_controller::server - Kynet accept failed: connection error: Endpoint closed
2026-09-15T23:52:27.618 WARN kycontroller::kymux_controller::server - Kynet accept failed: connection error: Endpoint closed
2026-09-15T23:52:27.618 WARN kycontroller::kymux_controller::server - Kynet accept failed: connection error: Endpoint closed
2026-09-15T23:52:27.618 WARN kycontroller::kymux_controller::server - Kynet accept failed: connection error: Endpoint closed
2026-09-15T23:52:27.618 WARN kycontroller::kymux_controller::server - Kynet accept failed: connection error: Endpoint closed
2026-09-15T23:52:27.618 WARN kycontroller::kymux_controller::server - Kynet accept failed: connection error: Endpoint closed
2026-09-15T23:52:27.618 WARN kycontroller::kymux_controller::server - Kynet accept failed: connection error: Endpoint closed
2026-09-15T23:52:27.618 WARN kycontroller::kymux_controller::server - Kynet accept failed: connection error: Endpoint closed
2026-09-15T23:52:27.618 WARN kycontroller::kymux_controller::server - Kynet accept failed: connection error: Endpoint closed
2026-09-15T23:52:27.618 WARN kycontroller::kymux_controller::server - Kynet accept failed: connection error: Endpoint closed
2026-09-15T23:52:27.618 WARN kycontroller::kymux_controller::server - Kynet accept failed: connection error: Endpoint closed
2026-09-15T23:52:27.618 WARN kycontroller::kymux_controller::server - Kynet accept failed: connection error: Endpoint closed
2026-09-15T23:52:27.618 WARN kycontroller::kymux_controller::server - Kynet accept failed: connection error: Endpoint closed
2026-09-15T23:52:27.618 WARN kycontroller::kymux_controller::server - Kynet accept failed: connection error: Endpoint closed
2026-09-15T23:52:27.618 WARN kycontroller::kymux_controller::server - Kynet accept failed: connection error: Endpoint closed
2026-09-15T23:52:27.618 WARN kycontroller::kymux_controller::server - Kynet accept failed: connection error: Endpoint closed
2026-09-15T23:52:27.618 WARN kycontroller::kymux_controller::server - Kynet accept failed: connection error: Endpoint closed
2026-09-15T23:52:27.618 WARN kycontroller::kymux_controller::server - Kynet accept failed: connection error: Endpoint closed
2026-09-15T23:52:27.618 WARN kycontroller::kymux_controller::server - Kynet accept failed: connection error: Endpoint closed
2026-09-15T23:52:27.618 WARN kycontroller::kymux_controller::server - Kynet accept failed: connection error: Endpoint closed
2026-09-15T23:52:27.618 WARN kycontroller::kymux_controller::server - Kynet accept failed: connection error: Endpoint closed
2026-09-15T23:52:27.618 WARN kycontroller::kymux_controller::server - Kynet accept failed: connection error: Endpoint closed
2026-09-15T23:52:27.618 WARN kycontroller::kymux_controller::server - Kynet accept failed: connection error: Endpoint closed
2026-09-15T23:52:27.618 WARN kycontroller::kymux_controller::server - Kynet accept failed: connection error: Endpoint closed
2026-09-15T23:52:27.618 WARN kycontroller::kymux_controller::server - Kynet accept failed: connection error: Endpoint closed
2026-09-15T23:52:27.618 WARN kycontroller::kymux_controller::server - Kynet accept failed: connection error: Endpoint closed
2026-09-15T23:52:27.618 WARN kycontroller::kymux_controller::server - Kynet accept failed: connection error: Endpoint closed
2026-09-15T23:52:27.618 WARN kycontroller::kymux_controller::server - Kynet accept failed: connection error: Endpoint closed
2026-09-15T23:52:27.618 WARN kycontroller::kymux_controller::server - Kynet accept failed: connection error: Endpoint closed
2026-09-15T23:52:27.618 WARN kycontroller::kymux_controller::server - Kynet accept failed: connection error: Endpoint closed
2026-09-15T23:52:27.618 WARN kycontroller::kymux_controller::server - Kynet accept failed: connection error: Endpoint closed
2026-09-15T23:52:27.618 WARN kycontroller::kymux_controller::server - Kynet accept failed: connection error: Endpoint closed
2026-09-15T23:52:27.618 WARN kycontroller::kymux_controller::server - Kynet accept failed: connection error: Endpoint closed
2026-09-15T23:52:27.618 WARN kycontroller::kymux_controller::server - Kynet accept failed: connection error: Endpoint closed
2026-09-15T23:52:27.618 WARN kycontroller::kymux_controller::server - Kynet accept failed: connection error: Endpoint closed
2026-09-15T23:52:27.619 WARN kycontroller::kymux_controller::server - Kynet accept failed: connection error: Endpoint closed
2026-09-15T23:52:27.619 WARN kycontroller::kymux_controller::server - Kynet accept failed: connection error: Endpoint closed
2026-09-15T23:52:27.619 WARN kycontroller::kymux_controller::server - Kynet accept failed: connection error: Endpoint closed
2026-09-15T23:52:27.619 WARN kycontroller::kymux_controller::server - Kynet accept failed: connection error: Endpoint closed
2026-09-15T23:52:27.619 WARN kycontroller::kymux_controller::server - Kynet accept failed: connection error: Endpoint closed
2026-09-15T23:52:27.619 WARN kycontroller::kymux_controller::server - Kynet accept failed: connection error: Endpoint closed
2026-09-15T23:52:27.619 WARN kycontroller::kymux_controller::server - Kynet accept failed: connection error: Endpoint closed
2026-09-15T23:52:27.619 WARN kycontroller::kymux_controller::server - Kynet accept failed: connection error: Endpoint closed
2026-09-15T23:52:27.619 WARN kycontroller::kymux_controller::server - Kynet accept failed: connection error: Endpoint closed
2026-09-15T23:52:27.619 WARN kycontroller::kymux_controller::server - Kynet accept failed: connection error: Endpoint closed
2026-09-15T23:52:27.619 WARN kycontroller::kymux_controller::server - Kynet accept failed: connection error: Endpoint closed
2026-09-15T23:52:27.619 WARN kycontroller::kymux_controller::server - Kynet accept failed: connection error: Endpoint closed
2026-09-15T23:52:27.619 WARN kycontroller::kymux_controller::server - Kynet accept failed: connection error: Endpoint closed
2026-09-15T23:52:27.619 WARN kycontroller::kymux_controller::server - Kynet accept failed: connection error: Endpoint closed
2026-09-15T23:52:27.619 WARN kycontroller::kymux_controller::server - Kynet accept failed: connection error: Endpoint closed
2026-09-15T23:52:27.619 WARN kycontroller::kymux_controller::server - Kynet accept failed: connection error: Endpoint closed
2026-09-15T23:52:27.619 WARN kycontroller::kymux_controller::server - Kynet accept failed: connection error: Endpoint closed
2026-09-15T23:52:27.619 WARN kycontroller::kymux_controller::server - Kynet accept failed: connection error: Endpoint closed
2026-09-15T23:52:27.619 WARN kycontroller::kymux_controller::server - Kynet accept failed: connection error: Endpoint closed
2026-09-15T23:52:27.619 WARN kycontroller::kymux_controller::server - Kynet accept failed: connection error: Endpoint closed
2026-09-15T23:52:27.619 WARN kycontroller::kymux_controller::server - Kynet accept failed: connection error: Endpoint closed
2026-09-15T23:52:27.619 WARN kycontroller::kymux_controller::server - Kynet accept failed: connection error: Endpoint closed
2026-09-15T23:52:27.619 WARN kycontroller::kymux_controller::server - Kynet accept failed: connection error: Endpoint closed
2026-09-15T23:52:27.619 WARN kycontroller::kymux_controller::server - Kynet accept failed: connection error: Endpoint closed
2026-09-15T23:52:27.619 WARN kycontroller::kymux_controller::server - Kynet accept failed: connection error: Endpoint closed
2026-09-15T23:52:27.619 WARN kycontroller::kymux_controller::server - Kynet accept failed: connection error: Endpoint closed
2026-09-15T23:52:27.619 WARN kycontroller::kymux_controller::server - Kynet accept failed: connection error: Endpoint closed
2026-09-15T23:52:27.619 WARN kycontroller::kymux_controller::server - Kynet accept failed: connection error: Endpoint closed
2026-09-15T23:52:27.619 WARN kycontroller::kymux_controller::server - Kynet accept failed: connection error: Endpoint closed
2026-09-15T23:52:27.619 WARN kycontroller::kymux_controller::server - Kynet accept failed: connection error: Endpoint closed
2026-09-15T23:52:27.619 WARN kycontroller::kymux_controller::server - Kynet accept failed: connection error: Endpoint closed
2026-09-15T23:52:27.619 WARN kycontroller::kymux_controller::server - Kynet accept failed: connection error: Endpoint closed
2026-09-15T23:52:27.619 WARN kycontroller::kymux_controller::server - Kynet accept failed: connection error: Endpoint closed
2026-09-15T23:52:27.619 WARN kycontroller::kymux_controller::server - Kynet accept failed: connection error: Endpoint closed
2026-09-15T23:52:27.619 WARN kycontroller::kymux_controller::server - Kynet accept failed: connection error: Endpoint closed
2026-09-15T23:52:27.619 WARN kycontroller::kymux_controller::server - Kynet accept failed: connection error: Endpoint closed
2026-09-15T23:52:27.619 WARN kycontroller::kymux_controller::server - Kynet accept failed: connection error: Endpoint closed
2026-09-15T23:52:27.619 WARN kycontroller::kymux_controller::server - Kynet accept failed: connection error: Endpoint closed
2026-09-15T23:52:27.619 WARN kycontroller::kymux_controller::server - Kynet accept failed: connection error: Endpoint closed
2026-09-15T23:52:27.619 WARN kycontroller::kymux_controller::server - Kynet accept failed: connection error: Endpoint closed
2026-09-15T23:52:27.619 WARN kycontroller::kymux_controller::server - Kynet accept failed: connection error: Endpoint closed
2026-09-15T23:52:27.619 WARN kycontroller::kymux_controller::server - Kynet accept failed: connection error: Endpoint closed
2026-09-15T23:52:27.619 WARN kycontroller::kymux_controller::server - Kynet accept failed: connection error: Endpoint closed
2026-09-15T23:52:27.619 WARN kycontroller::kymux_controller::server - Kynet accept failed: connection error: Endpoint closed
2026-09-15T23:52:27.619 WARN kycontroller::kymux_controller::server - Kynet accept failed: connection error: Endpoint closed
2026-09-15T23:52:27.619 WARN kycontroller::kymux_controller::server - Kynet accept failed: connection error: Endpoint closed
2026-09-15T23:52:27.619 WARN kycontroller::kymux_controller::server - Kynet accept failed: connection error: Endpoint closed
2026-09-15T23:52:27.619 WARN kycontroller::kymux_controller::server - Kynet accept failed: connection error: Endpoint closed
2026-09-15T23:52:27.619 WARN kycontroller::kymux_controller::server - Kynet accept failed: connection error: Endpoint closed
2026-09-15T23:52:27.619 WARN kycontroller::kymux_controller::server - Kynet accept failed: connection error: Endpoint closed
2026-09-15T23:52:27.619 WARN kycontroller::kymux_controller::server - Kynet accept failed: connection error: Endpoint closed
2026-09-15T23:52:27.619 WARN kycontroller::kymux_controller::server - Kynet accept failed: connection error: Endpoint closed
2026-09-15T23:52:27.619 WARN kycontroller::kymux_controller::server - Kynet accept failed: connection error: Endpoint closed
2026-09-15T23:52:27.619 WARN kycontroller::kymux_controller::server - Kynet accept failed: connection error: Endpoint closed
2026-09-15T23:52:27.619 WARN kycontroller::kymux_controller::server - Kynet accept failed: connection error: Endpoint closed
2026-09-15T23:52:27.619 WARN kycontroller::kymux_controller::server - Kynet accept failed: connection error: Endpoint closed
2026-09-15T23:52:27.619 WARN kycontroller::kymux_controller::server - Kynet accept failed: connection error: Endpoint closed
2026-09-15T23:52:27.619 WARN kycontroller::kymux_controller::server - Kynet accept failed: connection error: Endpoint closed
2026-09-15T23:52:27.619 WARN kycontroller::kymux_controller::server - Kynet accept failed: connection error: Endpoint closed
2026-09-15T23:52:27.619 WARN kycontroller::kymux_controller::server - Kynet accept failed: connection error: Endpoint closed
2026-09-15T23:52:27.619 WARN kycontroller::kymux_controller::server - Kynet accept failed: connection error: Endpoint closed
2026-09-15T23:52:27.619 WARN kycontroller::kymux_controller::server - Kynet accept failed: connection error: Endpoint closed
2026-09-15T23:52:27.619 WARN kycontroller::kymux_controller::server - Kynet accept failed: connection error: Endpoint closed
2026-09-15T23:52:27.619 WARN kycontroller::kymux_controller::server - Kynet accept failed: connection error: Endpoint closed
2026-09-15T23:52:27.619 WARN kycontroller::kymux_controller::server - Kynet accept failed: connection error: Endpoint closed
2026-09-15T23:52:27.619 WARN kycontroller::kymux_controller::server - Kynet accept failed: connection error: Endpoint closed
2026-09-15T23:52:27.619 WARN kycontroller::kymux_controller::server - Kynet accept failed: connection error: Endpoint closed
2026-09-15T23:52:27.619 WARN kycontroller::kymux_controller::server - Kynet accept failed: connection error: Endpoint closed
2026-09-15T23:52:27.619 WARN kycontroller::kymux_controller::server - Kynet accept failed: connection error: Endpoint closed
2026-09-15T23:52:27.619 WARN kycontroller::kymux_controller::server - Kynet accept failed: connection error: Endpoint closed
2026-09-15T23:52:27.619 WARN kycontroller::kymux_controller::server - Kynet accept failed: connection error: Endpoint closed
2026-09-15T23:52:27.619 WARN kycontroller::kymux_controller::server - Kynet accept failed: connection error: Endpoint closed
2026-09-15T23:52:27.619 WARN kycontroller::kymux_controller::server - Kynet accept failed: connection error: Endpoint closed
2026-09-15T23:52:27.619 WARN kycontroller::kymux_controller::server - Kynet accept failed: connection error: Endpoint closed
2026-09-15T23:52:27.619 WARN libkypc::commander - Commander Rx task ended with error: IpcIOError { source: Kind(UnexpectedEof) }
2026-09-15T23:52:27.620 INFO kycom::server - VideoServerProtocol forwarder ended with result ProtocolError("Une connexion existante a dû être fermée par l’hôte distant. (os error 10054)")
2026-09-15T23:52:27.620 WARN kycontroller::kymux_controller::server - Kynet accept failed: connection error: Endpoint closed
2026-09-15T23:52:27.620 WARN kycontroller::kymux_controller::server - Kynet accept failed: connection error: Endpoint closed
2026-09-15T23:52:27.620 WARN kycontroller::kymux_controller::server - Kynet accept failed: connection error: Endpoint closed
2026-09-15T23:52:27.620 WARN kycontroller::kymux_controller::server - Kynet accept failed: connection error: Endpoint closed
2026-09-15T23:52:27.620 WARN kycontroller::kymux_controller::server - Kynet accept failed: connection error: Endpoint closed
2026-09-15T23:52:27.620 WARN kycontroller::kymux_controller::server - Kynet accept failed: connection error: Endpoint closed
2026-09-15T23:52:27.620 WARN kycontroller::kymux_controller::server - Kynet accept failed: connection error: Endpoint closed
2026-09-15T23:52:27.620 WARN kycontroller::kymux_controller::server - Kynet accept failed: connection error: Endpoint closed
2026-09-15T23:52:27.620 WARN kycontroller::kymux_controller::server - Kynet accept failed: connection error: Endpoint closed
2026-09-15T23:52:27.620 WARN kycontroller::kymux_controller::server - Kynet accept failed: connection error: Endpoint closed
2026-09-15T23:52:27.620 WARN kycontroller::kymux_controller::server - Kynet accept failed: connection error: Endpoint closed
2026-09-15T23:52:27.620 WARN kycontroller::kymux_controller::server - Kynet accept failed: connection error: Endpoint closed
2026-09-15T23:52:27.620 WARN kycontroller::kymux_controller::server - Kynet accept failed: connection error: Endpoint closed
2026-09-15T23:52:27.620 WARN kycontroller::kymux_controller::server - Kynet accept failed: connection error: Endpoint closed
2026-09-15T23:52:27.620 WARN kycontroller::kymux_controller::server - Kynet accept failed: connection error: Endpoint closed
2026-09-15T23:52:27.620 WARN kycontroller::kymux_controller::server - Kynet accept failed: connection error: Endpoint closed
2026-09-15T23:52:27.620 WARN kycontroller::kymux_controller::server - Kynet accept failed: connection error: Endpoint closed
2026-09-15T23:52:27.620 WARN kycontroller::kymux_controller::server - Kynet accept failed: connection error: Endpoint closed
2026-09-15T23:52:27.620 WARN kycontroller::kymux_controller::server - Kynet accept failed: connection error: Endpoint closed
2026-09-15T23:52:27.620 WARN kycontroller::kymux_controller::server - Kynet accept failed: connection error: Endpoint closed
2026-09-15T23:52:27.620 WARN kycontroller::kymux_controller::server - Kynet accept failed: connection error: Endpoint closed
2026-09-15T23:52:27.620 WARN kycontroller::kymux_controller::server - Kynet accept failed: connection error: Endpoint closed
2026-09-15T23:52:27.620 WARN kycontroller::kymux_controller::server - Kynet accept failed: connection error: Endpoint closed
2026-09-15T23:52:27.620 WARN kycontroller::kymux_controller::server - Kynet accept failed: connection error: Endpoint closed
2026-09-15T23:52:27.620 WARN kycontroller::kymux_controller::server - Kynet accept failed: connection error: Endpoint closed
2026-09-15T23:52:27.620 WARN kycontroller::kymux_controller::server - Kynet accept failed: connection error: Endpoint closed
2026-09-15T23:52:27.620 WARN kycontroller::kymux_controller::server - Kynet accept failed: connection error: Endpoint closed
2026-09-15T23:52:27.620 WARN kycontroller::kymux_controller::server - Kynet accept failed: connection error: Endpoint closed
2026-09-15T23:52:27.620 WARN kycontroller::kymux_controller::server - Kynet accept failed: connection error: Endpoint closed
2026-09-15T23:52:27.620 WARN kycontroller::kymux_controller::server - Kynet accept failed: connection error: Endpoint closed
2026-09-15T23:52:27.620 WARN kycontroller::kymux_controller::server - Kynet accept failed: connection error: Endpoint closed
2026-09-15T23:52:27.620 WARN kycontroller::kymux_controller::server - Kynet accept failed: connection error: Endpoint closed
2026-09-15T23:52:27.620 WARN kycontroller::kymux_controller::server - Kynet accept failed: connection error: Endpoint closed
2026-09-15T23:52:27.620 WARN kycontroller::kymux_controller::server - Kynet accept failed: connection error: Endpoint closed
2026-09-15T23:52:27.620 WARN kycontroller::kymux_controller::server - Kynet accept failed: connection error: Endpoint closed
2026-09-15T23:52:27.620 WARN kycontroller::kymux_controller::server - Kynet accept failed: connection error: Endpoint closed
2026-09-15T23:52:27.620 WARN kycontroller::kymux_controller::server - Kynet accept failed: connection error: Endpoint closed
2026-09-15T23:52:27.620 WARN kycontroller::kymux_controller::server - Kynet accept failed: connection error: Endpoint closed
2026-09-15T23:52:27.620 WARN kycontroller::kymux_controller::server - Kynet accept failed: connection error: Endpoint closed
2026-09-15T23:52:27.620 WARN kycontroller::kymux_controller::server - Kynet accept failed: connection error: Endpoint closed
2026-09-15T23:52:27.620 WARN kycontroller::kymux_controller::server - Kynet accept failed: connection error: Endpoint closed
2026-09-15T23:52:27.620 WARN kycontroller::kymux_controller::server - Kynet accept failed: connection error: Endpoint closed
2026-09-15T23:52:27.620 WARN kycontroller::kymux_controller::server - Kynet accept failed: connection error: Endpoint closed
2026-09-15T23:52:27.620 WARN kycontroller::kymux_controller::server - Kynet accept failed: connection error: Endpoint closed
2026-09-15T23:52:27.620 WARN kycontroller::kymux_controller::server - Kynet accept failed: connection error: Endpoint closed
2026-09-15T23:52:27.620 WARN kycontroller::kymux_controller::server - Kynet accept failed: connection error: Endpoint closed
2026-09-15T23:52:27.620 WARN kycontroller::kymux_controller::server - Kynet accept failed: connection error: Endpoint closed
2026-09-15T23:52:27.620 WARN kycontroller::kymux_controller::server - Kynet accept failed: connection error: Endpoint closed
2026-09-15T23:52:27.620 WARN kycontroller::kymux_controller::server - Kynet accept failed: connection error: Endpoint closed
2026-09-15T23:52:27.620 WARN kycontroller::kymux_controller::server - Kynet accept failed: connection error: Endpoint closed
2026-09-15T23:52:27.620 WARN kycontroller::kymux_controller::server - Kynet accept failed: connection error: Endpoint closed
2026-09-15T23:52:27.620 WARN kycontroller::kymux_controller::server - Kynet accept failed: connection error: Endpoint closed
2026-09-15T23:52:27.620 WARN kycontroller::kymux_controller::server - Kynet accept failed: connection error: Endpoint closed
2026-09-15T23:52:27.620 WARN kycontroller::kymux_controller::server - Kynet accept failed: connection error: Endpoint closed
2026-09-15T23:52:27.620 WARN kycontroller::kymux_controller::server - Kynet accept failed: connection error: Endpoint closed
2026-09-15T23:52:27.620 WARN kycontroller::kymux_controller::server - Kynet accept failed: connection error: Endpoint closed
2026-09-15T23:52:27.620 WARN kycontroller::kymux_controller::server - Kynet accept failed: connection error: Endpoint closed
2026-09-15T23:52:27.620 WARN kycontroller::kymux_controller::server - Kynet accept failed: connection error: Endpoint closed
2026-09-15T23:52:27.620 WARN kycontroller::kymux_controller::server - Kynet accept failed: connection error: Endpoint closed
2026-09-15T23:52:27.620 WARN kycontroller::kymux_controller::server - Kynet accept failed: connection error: Endpoint closed
2026-09-15T23:52:27.620 WARN kycontroller::kymux_controller::server - Kynet accept failed: connection error: Endpoint closed
2026-09-15T23:52:27.620 WARN kycontroller::kymux_controller::server - Kynet accept failed: connection error: Endpoint closed
2026-09-15T23:52:27.620 WARN kycontroller::kymux_controller::server - Kynet accept failed: connection error: Endpoint closed
2026-09-15T23:52:27.621 WARN kycontroller::kymux_controller::server - Kynet accept failed: connection error: Endpoint closed
2026-09-15T23:52:27.621 WARN kycontroller::kymux_controller::server - Kynet accept failed: connection error: Endpoint closed
2026-09-15T23:52:27.621 WARN kycontroller::kymux_controller::server - Kynet accept failed: connection error: Endpoint closed
2026-09-15T23:52:27.621 WARN kycontroller::kymux_controller::server - Kynet accept failed: connection error: Endpoint closed
2026-09-15T23:52:27.621 WARN kycontroller::kymux_controller::server - Kynet accept failed: connection error: Endpoint closed
2026-09-15T23:52:27.621 WARN kycontroller::kymux_controller::server - Kynet accept failed: connection error: Endpoint closed
2026-09-15T23:52:27.621 WARN kycontroller::kymux_controller::server - Kynet accept failed: connection error: Endpoint closed
2026-09-15T23:52:27.621 WARN kycontroller::kymux_controller::server - Kynet accept failed: connection error: Endpoint closed
2026-09-15T23:52:27.621 WARN kycontroller::kymux_controller::server - Kynet accept failed: connection error: Endpoint closed
2026-09-15T23:52:27.621 WARN kycontroller::kymux_controller::server - Kynet accept failed: connection error: Endpoint closed
2026-09-15T23:52:27.621 WARN kycontroller::kymux_controller::server - Kynet accept failed: connection error: Endpoint closed
2026-09-15T23:52:27.621 WARN kycontroller::kymux_controller::server - Kynet accept failed: connection error: Endpoint closed
2026-09-15T23:52:27.621 WARN kycontroller::kymux_controller::server - Kynet accept failed: connection error: Endpoint closed
2026-09-15T23:52:27.621 WARN kycontroller::kymux_controller::server - Kynet accept failed: connection error: Endpoint closed
2026-09-15T23:52:27.621 WARN kycontroller::kymux_controller::server - Kynet accept failed: connection error: Endpoint closed
2026-09-15T23:52:27.621 WARN kycontroller::kymux_controller::server - Kynet accept failed: connection error: Endpoint closed
2026-09-15T23:52:27.621 WARN kycontroller::kymux_controller::server - Kynet accept failed: connection error: Endpoint closed
2026-09-15T23:52:27.621 WARN kycontroller::kymux_controller::server - Kynet accept failed: connection error: Endpoint closed
2026-09-15T23:52:27.621 WARN kycontroller::kymux_controller::server - Kynet accept failed: connection error: Endpoint closed
2026-09-15T23:52:27.621 WARN kycontroller::kymux_controller::server - Kynet accept failed: connection error: Endpoint closed
2026-09-15T23:52:27.621 WARN kycontroller::kymux_controller::server - Kynet accept failed: connection error: Endpoint closed
2026-09-15T23:52:27.621 WARN kycontroller::kymux_controller::server - Kynet accept failed: connection error: Endpoint closed
2026-09-15T23:52:27.621 WARN kycontroller::kymux_controller::server - Kynet accept failed: connection error: Endpoint closed
2026-09-15T23:52:27.621 WARN kycontroller::kymux_controller::server - Kynet accept failed: connection error: Endpoint closed
2026-09-15T23:52:27.621 WARN kycontroller::kymux_controller::server - Kynet accept failed: connection error: Endpoint closed
2026-09-15T23:52:27.621 WARN kycontroller::kymux_controller::server - Kynet accept failed: connection error: Endpoint closed
2026-09-15T23:52:27.621 WARN kycontroller::kymux_controller::server - Kynet accept failed: connection error: Endpoint closed
2026-09-15T23:52:27.621 WARN kycontroller::kymux_controller::server - Kynet accept failed: connection error: Endpoint closed
2026-09-15T23:52:27.621 WARN kycontroller::kymux_controller::server - Kynet accept failed: connection error: Endpoint closed
2026-09-15T23:52:27.621 WARN kycontroller::kymux_controller::server - Kynet accept failed: connection error: Endpoint closed
2026-09-15T23:52:27.621 WARN kycontroller::kymux_controller::server - Kynet accept failed: connection error: Endpoint closed
2026-09-15T23:52:27.621 WARN kycontroller::kymux_controller::server - Kynet accept failed: connection error: Endpoint closed
2026-09-15T23:52:27.621 WARN kycontroller::kymux_controller::server - Kynet accept failed: connection error: Endpoint closed
2026-09-15T23:52:27.621 WARN kycontroller::kymux_controller::server - Kynet accept failed: connection error: Endpoint closed
2026-09-15T23:52:27.621 WARN kycontroller::kymux_controller::server - Kynet accept failed: connection error: Endpoint closed
2026-09-15T23:52:27.621 WARN kycontroller::kymux_controller::server - Kynet accept failed: connection error: Endpoint closed
2026-09-15T23:52:27.621 WARN kycontroller::kymux_controller::server - Kynet accept failed: connection error: Endpoint closed
2026-09-15T23:52:27.621 WARN kycontroller::kymux_controller::server - Kynet accept failed: connection error: Endpoint closed
2026-09-15T23:52:27.621 WARN kycontroller::kymux_controller::server - Kynet accept failed: connection error: Endpoint closed
2026-09-15T23:52:27.621 WARN kycontroller::kymux_controller::server - Kynet accept failed: connection error: Endpoint closed
2026-09-15T23:52:27.621 WARN kycontroller::kymux_controller::server - Kynet accept failed: connection error: Endpoint closed
2026-09-15T23:52:27.621 WARN kycontroller::kymux_controller::server - Kynet accept failed: connection error: Endpoint closed
2026-09-15T23:52:27.621 WARN kycontroller::kymux_controller::server - Kynet accept failed: connection error: Endpoint closed
2026-09-15T23:52:27.621 WARN kycontroller::kymux_controller::server - Kynet accept failed: connection error: Endpoint closed
2026-09-15T23:52:27.621 WARN kycontroller::kymux_controller::server - Kynet accept failed: connection error: Endpoint closed
2026-09-15T23:52:27.621 WARN kycontroller::kymux_controller::server - Kynet accept failed: connection error: Endpoint closed
2026-09-15T23:52:27.621 WARN kycontroller::kymux_controller::server - Kynet accept failed: connection error: Endpoint closed
2026-09-15T23:52:27.621 WARN kycontroller::kymux_controller::server - Kynet accept failed: connection error: Endpoint closed
2026-09-15T23:52:27.621 WARN kycontroller::kymux_controller::server - Kynet accept failed: connection error: Endpoint closed
2026-09-15T23:52:27.621 WARN kycontroller::kymux_controller::server - Kynet accept failed: connection error: Endpoint closed
2026-09-15T23:52:27.621 WARN kycontroller::kymux_controller::server - Kynet accept failed: connection error: Endpoint closed
2026-09-15T23:52:27.621 WARN kycontroller::kymux_controller::server - Kynet accept failed: connection error: Endpoint closed
2026-09-15T23:52:27.621 WARN kycontroller::kymux_controller::server - Kynet accept failed: connection error: Endpoint closed
2026-09-15T23:52:27.621 WARN kycontroller::kymux_controller::server - Kynet accept failed: connection error: Endpoint closed
2026-09-15T23:52:27.621 WARN kycontroller::kymux_controller::server - Kynet accept failed: connection error: Endpoint closed
2026-09-15T23:52:27.621 WARN kycontroller::kymux_controller::server - Kynet accept failed: connection error: Endpoint closed
2026-09-15T23:52:27.621 WARN kycontroller::kymux_controller::server - Kynet accept failed: connection error: Endpoint closed
2026-09-15T23:52:27.621 WARN kycontroller::kymux_controller::server - Kynet accept failed: connection error: Endpoint closed
2026-09-15T23:52:27.621 WARN kycontroller::kymux_controller::server - Kynet accept failed: connection error: Endpoint closed
2026-09-15T23:52:27.621 WARN kycontroller::kymux_controller::server - Kynet accept failed: connection error: Endpoint closed
2026-09-15T23:52:27.621 WARN kycontroller::kymux_controller::server - Kynet accept failed: connection error: Endpoint closed
2026-09-15T23:52:27.621 WARN kycontroller::kymux_controller::server - Kynet accept failed: connection error: Endpoint closed
2026-09-15T23:52:27.621 WARN kycontroller::kymux_controller::server - Kynet accept failed: connection error: Endpoint closed
2026-09-15T23:52:27.621 WARN kycontroller::kymux_controller::server - Kynet accept failed: connection error: Endpoint closed
2026-09-15T23:52:27.621 WARN kycontroller::kymux_controller::server - Kynet accept failed: connection error: Endpoint closed
2026-09-15T23:52:27.621 WARN kycontroller::kymux_controller::server - Kynet accept failed: connection error: Endpoint closed
2026-09-15T23:52:27.621 WARN kycontroller::kymux_controller::server - Kynet accept failed: connection error: Endpoint closed
2026-09-15T23:52:27.621 WARN kycontroller::kymux_controller::server - Kynet accept failed: connection error: Endpoint closed
2026-09-15T23:52:27.621 WARN kycontroller::kymux_controller::server - Kynet accept failed: connection error: Endpoint closed
2026-09-15T23:52:27.621 WARN kycontroller::kymux_controller::server - Kynet accept failed: connection error: Endpoint closed
2026-09-15T23:52:27.621 WARN kycontroller::kymux_controller::server - Kynet accept failed: connection error: Endpoint closed
2026-09-15T23:52:27.622 WARN kycontroller::kymux_controller::server - Kynet accept failed: connection error: Endpoint closed
2026-09-15T23:52:27.622 WARN kycontroller::kymux_controller::server - Kynet accept failed: connection error: Endpoint closed
2026-09-15T23:52:27.622 WARN kycontroller::kymux_controller::server - Kynet accept failed: connection error: Endpoint closed
2026-09-15T23:52:27.622 WARN kycontroller::kymux_controller::server - Kynet accept failed: connection error: Endpoint closed
2026-09-15T23:52:27.622 WARN kycontroller::kymux_controller::server - Kynet accept failed: connection error: Endpoint closed
2026-09-15T23:52:27.622 WARN kycontroller::kymux_controller::server - Kynet accept failed: connection error: Endpoint closed
2026-09-15T23:52:27.622 WARN kycontroller::kymux_controller::server - Kynet accept failed: connection error: Endpoint closed
2026-09-15T23:52:27.622 WARN kycontroller::kymux_controller::server - Kynet accept failed: connection error: Endpoint closed
2026-09-15T23:52:27.622 WARN kycontroller::kymux_controller::server - Kynet accept failed: connection error: Endpoint closed
2026-09-15T23:52:27.622 WARN kycontroller::kymux_controller::server - Kynet accept failed: connection error: Endpoint closed
2026-09-15T23:52:27.622 WARN kycontroller::kymux_controller::server - Kynet accept failed: connection error: Endpoint closed
2026-09-15T23:52:27.622 WARN kycontroller::kymux_controller::server - Kynet accept failed: connection error: Endpoint closed
2026-09-15T23:52:27.622 WARN kycontroller::kymux_controller::server - Kynet accept failed: connection error: Endpoint closed
2026-09-15T23:52:27.622 WARN kycontroller::kymux_controller::server - Kynet accept failed: connection error: Endpoint closed
2026-09-15T23:52:27.622 WARN kycontroller::kymux_controller::server - Kynet accept failed: connection error: Endpoint closed
2026-09-15T23:52:27.622 WARN kycontroller::kymux_controller::server - Kynet accept failed: connection error: Endpoint closed
2026-09-15T23:52:27.622 WARN kycontroller::kymux_controller::server - Kynet accept failed: connection error: Endpoint closed
2026-09-15T23:52:27.622 WARN kycontroller::kymux_controller::server - Kynet accept failed: connection error: Endpoint closed
2026-09-15T23:52:27.622 WARN kycontroller::kymux_controller::server - Kynet accept failed: connection error: Endpoint closed
2026-09-15T23:52:27.622 WARN kycontroller::kymux_controller::server - Kynet accept failed: connection error: Endpoint closed
2026-09-15T23:52:27.622 WARN kycontroller::kymux_controller::server - Kynet accept failed: connection error: Endpoint closed
2026-09-15T23:52:27.622 WARN kycontroller::kymux_controller::server - Kynet accept failed: connection error: Endpoint closed
2026-09-15T23:52:27.622 WARN kycontroller::kymux_controller::server - Kynet accept failed: connection error: Endpoint closed
2026-09-15T23:52:27.622 WARN kycontroller::kymux_controller::server - Kynet accept failed: connection error: Endpoint closed
2026-09-15T23:52:27.622 WARN kycontroller::kymux_controller::server - Kynet accept failed: connection error: Endpoint closed
2026-09-15T23:52:27.622 WARN kycontroller::kymux_controller::server - Kynet accept failed: connection error: Endpoint closed
2026-09-15T23:52:27.622 WARN kycontroller::kymux_controller::server - Kynet accept failed: connection error: Endpoint closed
2026-09-15T23:52:27.622 WARN kycontroller::kymux_controller::server - Kynet accept failed: connection error: Endpoint closed
2026-09-15T23:52:27.622 WARN kycontroller::kymux_controller::server - Kynet accept failed: connection error: Endpoint closed
2026-09-15T23:52:27.622 WARN kycontroller::kymux_controller::server - Kynet accept failed: connection error: Endpoint closed
2026-09-15T23:52:27.622 WARN kycontroller::kymux_controller::server - Kynet accept failed: connection error: Endpoint closed
2026-09-15T23:52:27.622 WARN kycontroller::kymux_controller::server - Kynet accept failed: connection error: Endpoint closed
2026-09-15T23:52:27.622 WARN kycontroller::kymux_controller::server - Kynet accept failed: connection error: Endpoint closed
2026-09-15T23:52:27.622 WARN kycontroller::kymux_controller::server - Kynet accept failed: connection error: Endpoint closed
2026-09-15T23:52:27.622 WARN kycontroller::kymux_controller::server - Kynet accept failed: connection error: Endpoint closed
2026-09-15T23:52:27.622 WARN kycontroller::kymux_controller::server - Kynet accept failed: connection error: Endpoint closed
2026-09-15T23:52:27.622 WARN kycontroller::kymux_controller::server - Kynet accept failed: connection error: Endpoint closed
2026-09-15T23:52:27.622 WARN kycontroller::kymux_controller::server - Kynet accept failed: connection error: Endpoint closed
2026-09-15T23:52:27.622 WARN kycontroller::kymux_controller::server - Kynet accept failed: connection error: Endpoint closed
2026-09-15T23:52:27.622 WARN kycontroller::kymux_controller::server - Kynet accept failed: connection error: Endpoint closed
2026-09-15T23:52:27.622 WARN kycontroller::kymux_controller::server - Kynet accept failed: connection error: Endpoint closed
2026-09-15T23:52:27.622 WARN kycontroller::kymux_controller::server - Kynet accept failed: connection error: Endpoint closed
2026-09-15T23:52:27.622 WARN kycontroller::kymux_controller::server - Kynet accept failed: connection error: Endpoint closed
2026-09-15T23:52:27.622 WARN kycontroller::kymux_controller::server - Kynet accept failed: connection error: Endpoint closed
2026-09-15T23:52:27.622 WARN kycontroller::kymux_controller::server - Kynet accept failed: connection error: Endpoint closed
2026-09-15T23:52:27.622 WARN kycontroller::kymux_controller::server - Kynet accept failed: connection error: Endpoint closed
2026-09-15T23:52:27.622 WARN kycontroller::kymux_controller::server - Kynet accept failed: connection error: Endpoint closed
2026-09-15T23:52:27.622 WARN kycontroller::kymux_controller::server - Kynet accept failed: connection error: Endpoint closed
2026-09-15T23:52:27.622 WARN kycontroller::kymux_controller::server - Kynet accept failed: connection error: Endpoint closed
2026-09-15T23:52:27.622 WARN kycontroller::kymux_controller::server - Kynet accept failed: connection error: Endpoint closed
2026-09-15T23:52:27.622 WARN kycontroller::kymux_controller::server - Kynet accept failed: connection error: Endpoint closed
2026-09-15T23:52:27.622 WARN kycontroller::kymux_controller::server - Kynet accept failed: connection error: Endpoint closed
2026-09-15T23:52:27.622 WARN kycontroller::kymux_controller::server - Kynet accept failed: connection error: Endpoint closed
2026-09-15T23:52:27.622 WARN kycontroller::kymux_controller::server - Kynet accept failed: connection error: Endpoint closed
2026-09-15T23:52:27.622 WARN kycontroller::kymux_controller::server - Kynet accept failed: connection error: Endpoint closed
2026-09-15T23:52:27.622 WARN kycontroller::kymux_controller::server - Kynet accept failed: connection error: Endpoint closed
2026-09-15T23:52:27.622 WARN kycontroller::kymux_controller::server - Kynet accept failed: connection error: Endpoint closed
2026-09-15T23:52:27.622 WARN kycontroller::kymux_controller::server - Kynet accept failed: connection error: Endpoint closed
2026-09-15T23:52:27.622 WARN kycontroller::kymux_controller::server - Kynet accept failed: connection error: Endpoint closed
2026-09-15T23:52:27.622 WARN kycontroller::kymux_controller::server - Kynet accept failed: connection error: Endpoint closed
2026-09-15T23:52:27.622 WARN kycontroller::kymux_controller::server - Kynet accept failed: connection error: Endpoint closed
2026-09-15T23:52:27.622 WARN kycontroller::kymux_controller::server - Kynet accept failed: connection error: Endpoint closed
2026-09-15T23:52:27.622 WARN kycontroller::kymux_controller::server - Kynet accept failed: connection error: Endpoint closed
2026-09-15T23:52:27.622 WARN kycontroller::kymux_controller::server - Kynet accept failed: connection error: Endpoint closed
2026-09-15T23:52:27.622 WARN kycontroller::kymux_controller::server - Kynet accept failed: connection error: Endpoint closed
2026-09-15T23:52:27.622 WARN kycontroller::kymux_controller::server - Kynet accept failed: connection error: Endpoint closed
2026-09-15T23:52:27.622 WARN kycontroller::kymux_controller::server - Kynet accept failed: connection error: Endpoint closed
2026-09-15T23:52:27.622 WARN kycontroller::kymux_controller::server - Kynet accept failed: connection error: Endpoint closed
2026-09-15T23:52:27.622 WARN kycontroller::kymux_controller::server - Kynet accept failed: connection error: Endpoint closed
2026-09-15T23:52:27.622 WARN kycontroller::kymux_controller::server - Kynet accept failed: connection error: Endpoint closed
2026-09-15T23:52:27.622 WARN kycontroller::kymux_controller::server - Kynet accept failed: connection error: Endpoint closed
2026-09-15T23:52:27.622 WARN kycontroller::kymux_controller::server - Kynet accept failed: connection error: Endpoint closed
2026-09-15T23:52:27.622 WARN kycontroller::kymux_controller::server - Kynet accept failed: connection error: Endpoint closed
2026-09-15T23:52:27.622 WARN kycontroller::kymux_controller::server - Kynet accept failed: connection error: Endpoint closed
2026-09-15T23:52:27.622 WARN kycontroller::kymux_controller::server - Kynet accept failed: connection error: Endpoint closed
2026-09-15T23:52:27.622 WARN kycontroller::kymux_controller::server - Kynet accept failed: connection error: Endpoint closed
2026-09-15T23:52:27.622 WARN kycontroller::kymux_controller::server - Kynet accept failed: connection error: Endpoint closed
2026-09-15T23:52:27.622 WARN kycontroller::kymux_controller::server - Kynet accept failed: connection error: Endpoint closed
2026-09-15T23:52:27.622 WARN kycontroller::kymux_controller::server - Kynet accept failed: connection error: Endpoint closed
2026-09-15T23:52:27.622 WARN kycontroller::kymux_controller::server - Kynet accept failed: connection error: Endpoint closed
2026-09-15T23:52:27.622 WARN kycontroller::kymux_controller::server - Kynet accept failed: connection error: Endpoint closed
2026-09-15T23:52:27.622 WARN kycontroller::kymux_controller::server - Kynet accept failed: connection error: Endpoint closed
2026-09-15T23:52:27.622 WARN kycontroller::kymux_controller::server - Kynet accept failed: connection error: Endpoint closed
2026-09-15T23:52:27.622 WARN kycontroller::kymux_controller::server - Kynet accept failed: connection error: Endpoint closed
2026-09-15T23:52:27.622 WARN kycontroller::kymux_controller::server - Kynet accept failed: connection error: Endpoint closed
2026-09-15T23:52:27.622 WARN kycontroller::kymux_controller::server - Kynet accept failed: connection error: Endpoint closed
2026-09-15T23:52:27.622 WARN kycontroller::kymux_controller::server - Kynet accept failed: connection error: Endpoint closed
2026-09-15T23:52:27.622 WARN kycontroller::kymux_controller::server - Kynet accept failed: connection error: Endpoint closed
2026-09-15T23:52:27.623 WARN kycontroller::kymux_controller::server - Kynet accept failed: connection error: Endpoint closed
2026-09-15T23:52:27.623 WARN kycontroller::kymux_controller::server - Kynet accept failed: connection error: Endpoint closed
2026-09-15T23:52:27.623 WARN kycontroller::kymux_controller::server - Kynet accept failed: connection error: Endpoint closed
2026-09-15T23:52:27.623 WARN kycontroller::kymux_controller::server - Kynet accept failed: connection error: Endpoint closed
2026-09-15T23:52:27.623 WARN kycontroller::kymux_controller::server - Kynet accept failed: connection error: Endpoint closed
2026-09-15T23:52:27.623 WARN kycontroller::kymux_controller::server - Kynet accept failed: connection error: Endpoint closed
2026-09-15T23:52:27.623 WARN kycontroller::kymux_controller::server - Kynet accept failed: connection error: Endpoint closed
2026-09-15T23:52:27.623 WARN kycontroller::kymux_controller::server - Kynet accept failed: connection error: Endpoint closed
2026-09-15T23:52:27.623 WARN kycontroller::kymux_controller::server - Kynet accept failed: connection error: Endpoint closed
2026-09-15T23:52:27.623 WARN kycontroller::kymux_controller::server - Kynet accept failed: connection error: Endpoint closed
2026-09-15T23:52:27.623 WARN kycontroller::kymux_controller::server - Kynet accept failed: connection error: Endpoint closed
2026-09-15T23:52:27.623 WARN kycontroller::kymux_controller::server - Kynet accept failed: connection error: Endpoint closed
2026-09-15T23:52:27.623 WARN kycontroller::kymux_controller::server - Kynet accept failed: connection error: Endpoint closed
2026-09-15T23:52:27.623 WARN kycontroller::kymux_controller::server - Kynet accept failed: connection error: Endpoint closed
2026-09-15T23:52:27.623 WARN kycontroller::kymux_controller::server - Kynet accept failed: connection error: Endpoint closed
2026-09-15T23:52:27.623 WARN kycontroller::kymux_controller::server - Kynet accept failed: connection error: Endpoint closed
2026-09-15T23:52:27.623 WARN kycontroller::kymux_controller::server - Kynet accept failed: connection error: Endpoint closed
2026-09-15T23:52:27.623 WARN kycontroller::kymux_controller::server - Kynet accept failed: connection error: Endpoint closed
2026-09-15T23:52:27.623 WARN kycontroller::kymux_controller::server - Kynet accept failed: connection error: Endpoint closed
2026-09-15T23:52:27.623 WARN kycontroller::kymux_controller::server - Kynet accept failed: connection error: Endpoint closed
2026-09-15T23:52:27.623 WARN kycontroller::kymux_controller::server - Kynet accept failed: connection error: Endpoint closed
2026-09-15T23:52:27.623 WARN kycontroller::kymux_controller::server - Kynet accept failed: connection error: Endpoint closed
2026-09-15T23:52:27.623 WARN kycontroller::kymux_controller::server - Kynet accept failed: connection error: Endpoint closed
2026-09-15T23:52:27.623 WARN kycontroller::kymux_controller::server - Kynet accept failed: connection error: Endpoint closed
2026-09-15T23:52:27.623 WARN kycontroller::kymux_controller::server - Kynet accept failed: connection error: Endpoint closed
2026-09-15T23:52:27.623 WARN kycontroller::kymux_controller::server - Kynet accept failed: connection error: Endpoint closed
2026-09-15T23:52:27.623 WARN kycontroller::kymux_controller::server - Kynet accept failed: connection error: Endpoint closed
2026-09-15T23:52:27.623 WARN kycontroller::kymux_controller::server - Kynet accept failed: connection error: Endpoint closed
2026-09-15T23:52:27.623 WARN kycontroller::kymux_controller::server - Kynet accept failed: connection error: Endpoint closed
2026-09-15T23:52:27.623 WARN kycontroller::kymux_controller::server - Kynet accept failed: connection error: Endpoint closed
2026-09-15T23:52:27.623 WARN kycontroller::kymux_controller::server - Kynet accept failed: connection error: Endpoint closed
2026-09-15T23:52:27.623 WARN kycontroller::kymux_controller::server - Kynet accept failed: connection error: Endpoint closed
2026-09-15T23:52:27.623 WARN kycontroller::kymux_controller::server - Kynet accept failed: connection error: Endpoint closed
2026-09-15T23:52:27.623 WARN kycontroller::kymux_controller::server - Kynet accept failed: connection error: Endpoint closed
2026-09-15T23:52:27.623 WARN kycontroller::kymux_controller::server - Kynet accept failed: connection error: Endpoint closed
2026-09-15T23:52:27.623 WARN kycontroller::kymux_controller::server - Kynet accept failed: connection error: Endpoint closed
2026-09-15T23:52:27.623 WARN kycontroller::kymux_controller::server - Kynet accept failed: connection error: Endpoint closed
2026-09-15T23:52:27.623 WARN kycontroller::kymux_controller::server - Kynet accept failed: connection error: Endpoint closed
2026-09-15T23:52:27.623 WARN kycontroller::kymux_controller::server - Kynet accept failed: connection error: Endpoint closed
2026-09-15T23:52:27.623 WARN kycontroller::kymux_controller::server - Kynet accept failed: connection error: Endpoint closed
2026-09-15T23:52:27.623 WARN kycontroller::kymux_controller::server - Kynet accept failed: connection error: Endpoint closed
2026-09-15T23:52:27.623 WARN kycontroller::kymux_controller::server - Kynet accept failed: connection error: Endpoint closed
2026-09-15T23:52:27.623 WARN kycontroller::kymux_controller::server - Kynet accept failed: connection error: Endpoint closed
2026-09-15T23:52:27.623 WARN kycontroller::kymux_controller::server - Kynet accept failed: connection error: Endpoint closed
2026-09-15T23:52:27.623 WARN kycontroller::kymux_controller::server - Kynet accept failed: connection error: Endpoint closed
2026-09-15T23:52:27.623 WARN kycontroller::kymux_controller::server - Kynet accept failed: connection error: Endpoint closed
2026-09-15T23:52:27.623 WARN kycontroller::kymux_controller::server - Kynet accept failed: connection error: Endpoint closed
2026-09-15T23:52:27.623 WARN kycontroller::kymux_controller::server - Kynet accept failed: connection error: Endpoint closed
2026-09-15T23:52:27.623 WARN kycontroller::kymux_controller::server - Kynet accept failed: connection error: Endpoint closed
2026-09-15T23:52:27.623 WARN kycontroller::kymux_controller::server - Kynet accept failed: connection error: Endpoint closed
2026-09-15T23:52:27.623 WARN kycontroller::kymux_controller::server - Kynet accept failed: connection error: Endpoint closed
2026-09-15T23:52:27.623 WARN kycontroller::kymux_controller::server - Kynet accept failed: connection error: Endpoint closed
2026-09-15T23:52:27.623 WARN kycontroller::kymux_controller::server - Kynet accept failed: connection error: Endpoint closed
2026-09-15T23:52:27.623 WARN kycontroller::kymux_controller::server - Kynet accept failed: connection error: Endpoint closed
2026-09-15T23:52:27.623 WARN kycontroller::kymux_controller::server - Kynet accept failed: connection error: Endpoint closed
2026-09-15T23:52:27.623 WARN kycontroller::kymux_controller::server - Kynet accept failed: connection error: Endpoint closed
2026-09-15T23:52:27.623 WARN kycontroller::kymux_controller::server - Kynet accept failed: connection error: Endpoint closed
2026-09-15T23:52:27.623 WARN kycontroller::kymux_controller::server - Kynet accept failed: connection error: Endpoint closed
2026-09-15T23:52:27.623 WARN kycontroller::kymux_controller::server - Kynet accept failed: connection error: Endpoint closed
2026-09-15T23:52:27.623 WARN kycontroller::kymux_controller::server - Kynet accept failed: connection error: Endpoint closed
2026-09-15T23:52:27.623 WARN kycontroller::kymux_controller::server - Kynet accept failed: connection error: Endpoint closed
2026-09-15T23:52:27.623 WARN kycontroller::kymux_controller::server - Kynet accept failed: connection error: Endpoint closed
2026-09-15T23:52:27.623 WARN kycontroller::kymux_controller::server - Kynet accept failed: connection error: Endpoint closed
2026-09-15T23:52:27.623 WARN kycontroller::kymux_controller::server - Kynet accept failed: connection error: Endpoint closed
2026-09-15T23:52:27.623 WARN kycontroller::kymux_controller::server - Kynet accept failed: connection error: Endpoint closed
2026-09-15T23:52:27.623 WARN kycontroller::kymux_controller::server - Kynet accept failed: connection error: Endpoint closed
2026-09-15T23:52:27.623 WARN kycontroller::kymux_controller::server - Kynet accept failed: connection error: Endpoint closed
2026-09-15T23:52:27.623 WARN kycontroller::kymux_controller::server - Kynet accept failed: connection error: Endpoint closed
2026-09-15T23:52:27.623 WARN kycontroller::kymux_controller::server - Kynet accept failed: connection error: Endpoint closed
2026-09-15T23:52:27.623 WARN kycontroller::kymux_controller::server - Kynet accept failed: connection error: Endpoint closed
2026-09-15T23:52:27.623 WARN kycontroller::kymux_controller::server - Kynet accept failed: connection error: Endpoint closed
2026-09-15T23:52:27.623 WARN kycontroller::kymux_controller::server - Kynet accept failed: connection error: Endpoint closed
2026-09-15T23:52:27.623 WARN kycontroller::kymux_controller::server - Kynet accept failed: connection error: Endpoint closed
2026-09-15T23:52:27.623 WARN kycontroller::kymux_controller::server - Kynet accept failed: connection error: Endpoint closed
2026-09-15T23:52:27.623 WARN kycontroller::kymux_controller::server - Kynet accept failed: connection error: Endpoint closed
2026-09-15T23:52:27.623 WARN kycontroller::kymux_controller::server - Kynet accept failed: connection error: Endpoint closed
2026-09-15T23:52:27.623 WARN kycontroller::kymux_controller::server - Kynet accept failed: connection error: Endpoint closed
2026-09-15T23:52:27.623 WARN kycontroller::kymux_controller::server - Kynet accept failed: connection error: Endpoint closed
2026-09-15T23:52:27.623 WARN kycontroller::kymux_controller::server - Kynet accept failed: connection error: Endpoint closed
2026-09-15T23:52:27.623 WARN kycontroller::kymux_controller::server - Kynet accept failed: connection error: Endpoint closed
2026-09-15T23:52:27.623 WARN kycontroller::kymux_controller::server - Kynet accept failed: connection error: Endpoint closed
2026-09-15T23:52:27.623 WARN kycontroller::kymux_controller::server - Kynet accept failed: connection error: Endpoint closed
2026-09-15T23:52:27.623 WARN kycontroller::kymux_controller::server - Kynet accept failed: connection error: Endpoint closed
2026-09-15T23:52:27.623 WARN kycontroller::kymux_controller::server - Kynet accept failed: connection error: Endpoint closed
2026-09-15T23:52:27.623 WARN kycontroller::kymux_controller::server - Kynet accept failed: connection error: Endpoint closed
2026-09-15T23:52:27.623 WARN kycontroller::kymux_controller::server - Kynet accept failed: connection error: Endpoint closed
2026-09-15T23:52:27.623 WARN kycontroller::kymux_controller::server - Kynet accept failed: connection error: Endpoint closed
2026-09-15T23:52:27.623 WARN kycontroller::kymux_controller::server - Kynet accept failed: connection error: Endpoint closed
2026-09-15T23:52:27.623 WARN kycontroller::kymux_controller::server - Kynet accept failed: connection error: Endpoint closed
2026-09-15T23:52:27.623 WARN kycontroller::kymux_controller::server - Kynet accept failed: connection error: Endpoint closed
2026-09-15T23:52:27.624 WARN kycontroller::kymux_controller::server - Kynet accept failed: connection error: Endpoint closed
2026-09-15T23:52:27.624 WARN kycontroller::kymux_controller::server - Kynet accept failed: connection error: Endpoint closed
2026-09-15T23:52:27.624 WARN kycontroller::kymux_controller::server - Kynet accept failed: connection error: Endpoint closed
2026-09-15T23:52:27.624 WARN kycontroller::kymux_controller::server - Kynet accept failed: connection error: Endpoint closed
2026-09-15T23:52:27.624 WARN kycontroller::kymux_controller::server - Kynet accept failed: connection error: Endpoint closed
2026-09-15T23:52:27.624 WARN kycontroller::kymux_controller::server - Kynet accept failed: connection error: Endpoint closed
2026-09-15T23:52:27.624 WARN kycontroller::kymux_controller::server - Kynet accept failed: connection error: Endpoint closed
2026-09-15T23:52:27.624 WARN kycontroller::kymux_controller::server - Kynet accept failed: connection error: Endpoint closed
2026-09-15T23:52:27.624 WARN kycontroller::kymux_controller::server - Kynet accept failed: connection error: Endpoint closed
2026-09-15T23:52:27.624 WARN kycontroller::kymux_controller::server - Kynet accept failed: connection error: Endpoint closed
2026-09-15T23:52:27.624 WARN kycontroller::kymux_controller::server - Kynet accept failed: connection error: Endpoint closed
2026-09-15T23:52:27.624 WARN kycontroller::kymux_controller::server - Kynet accept failed: connection error: Endpoint closed
2026-09-15T23:52:27.624 WARN kycontroller::kymux_controller::server - Kynet accept failed: connection error: Endpoint closed
2026-09-15T23:52:27.624 WARN kycontroller::kymux_controller::server - Kynet accept failed: connection error: Endpoint closed
2026-09-15T23:52:27.624 WARN kycontroller::kymux_controller::server - Kynet accept failed: connection error: Endpoint closed
2026-09-15T23:52:27.624 WARN kycontroller::kymux_controller::server - Kynet accept failed: connection error: Endpoint closed
2026-09-15T23:52:27.624 WARN kycontroller::kymux_controller::server - Kynet accept failed: connection error: Endpoint closed
2026-09-15T23:52:27.624 WARN kycontroller::kymux_controller::server - Kynet accept failed: connection error: Endpoint closed
2026-09-15T23:52:27.624 WARN kycontroller::kymux_controller::server - Kynet accept failed: connection error: Endpoint closed
2026-09-15T23:52:27.624 WARN kycontroller::kymux_controller::server - Kynet accept failed: connection error: Endpoint closed
2026-09-15T23:52:27.624 WARN kycontroller::kymux_controller::server - Kynet accept failed: connection error: Endpoint closed
2026-09-15T23:52:27.624 WARN kycontroller::kymux_controller::server - Kynet accept failed: connection error: Endpoint closed
2026-09-15T23:52:27.624 WARN kycontroller::kymux_controller::server - Kynet accept failed: connection error: Endpoint closed
2026-09-15T23:52:27.624 WARN kycontroller::kymux_controller::server - Kynet accept failed: connection error: Endpoint closed
2026-09-15T23:52:27.624 WARN kycontroller::kymux_controller::server - Kynet accept failed: connection error: Endpoint closed
2026-09-15T23:52:27.624 WARN kycontroller::kymux_controller::server - Kynet accept failed: connection error: Endpoint closed
2026-09-15T23:52:27.624 WARN kycontroller::kymux_controller::server - Kynet accept failed: connection error: Endpoint closed
2026-09-15T23:52:27.624 WARN kycontroller::kymux_controller::server - Kynet accept failed: connection error: Endpoint closed
2026-09-15T23:52:27.624 WARN kycontroller::kymux_controller::server - Kynet accept failed: connection error: Endpoint closed
2026-09-15T23:52:27.624 WARN kycontroller::kymux_controller::server - Kynet accept failed: connection error: Endpoint closed
2026-09-15T23:52:27.624 WARN kycontroller::kymux_controller::server - Kynet accept failed: connection error: Endpoint closed
2026-09-15T23:52:27.624 WARN kycontroller::kymux_controller::server - Kynet accept failed: connection error: Endpoint closed
2026-09-15T23:52:27.624 WARN kycontroller::kymux_controller::server - Kynet accept failed: connection error: Endpoint closed
2026-09-15T23:52:27.624 WARN kycontroller::kymux_controller::server - Kynet accept failed: connection error: Endpoint closed
2026-09-15T23:52:27.624 WARN kycontroller::kymux_controller::server - Kynet accept failed: connection error: Endpoint closed
2026-09-15T23:52:27.624 WARN kycontroller::kymux_controller::server - Kynet accept failed: connection error: Endpoint closed
2026-09-15T23:52:27.624 WARN kycontroller::kymux_controller::server - Kynet accept failed: connection error: Endpoint closed
2026-09-15T23:52:27.624 WARN kycontroller::kymux_controller::server - Kynet accept failed: connection error: Endpoint closed
2026-09-15T23:52:27.624 WARN kycontroller::kymux_controller::server - Kynet accept failed: connection error: Endpoint closed
2026-09-15T23:52:27.624 WARN kycontroller::kymux_controller::server - Kynet accept failed: connection error: Endpoint closed
2026-09-15T23:52:27.624 WARN kycontroller::kymux_controller::server - Kynet accept failed: connection error: Endpoint closed
2026-09-15T23:52:27.624 WARN kycontroller::kymux_controller::server - Kynet accept failed: connection error: Endpoint closed
2026-09-15T23:52:27.624 WARN kycontroller::kymux_controller::server - Kynet accept failed: connection error: Endpoint closed
2026-09-15T23:52:27.624 WARN kycontroller::kymux_controller::server - Kynet accept failed: connection error: Endpoint closed
2026-09-15T23:52:27.624 WARN kycontroller::kymux_controller::server - Kynet accept failed: connection error: Endpoint closed
2026-09-15T23:52:27.624 WARN kycontroller::kymux_controller::server - Kynet accept failed: connection error: Endpoint closed
2026-09-15T23:52:27.624 WARN kycontroller::kymux_controller::server - Kynet accept failed: connection error: Endpoint closed
2026-09-15T23:52:27.624 WARN kycontroller::kymux_controller::server - Kynet accept failed: connection error: Endpoint closed
2026-09-15T23:52:27.624 INFO libkypc::process - Child(C:\Users\trist\KyberFrog-bench\bundle-643ee0e\kyavserver) stopped: exit code: 1
2026-09-15T23:52:27.624 INFO kycontroller::avservice - AvServer Video exited
2026-09-15T23:52:27.624 WARN kycontroller::kymux_controller::server - Kynet accept failed: connection error: Endpoint closed
2026-09-15T23:52:27.624 WARN kycontroller::kymux_controller::server - Kynet accept failed: connection error: Endpoint closed
2026-09-15T23:52:27.624 INFO kycontroller::avservices_manager - Last AV stream torn down, stopping shared kycom
2026-09-15T23:52:27.624 WARN kycontroller::kymux_controller::server - Kynet accept failed: connection error: Endpoint closed
2026-09-15T23:52:27.624 WARN kycontroller::kymux_controller::server - Kynet accept failed: connection error: Endpoint closed
2026-09-15T23:52:27.624 WARN kycontroller::kymux_controller::server - Kynet accept failed: connection error: Endpoint closed
2026-09-15T23:52:27.624 WARN kycontroller::kymux_controller::server - Kynet accept failed: connection error: Endpoint closed
2026-09-15T23:52:27.624 WARN kycontroller::kymux_controller::server - Kynet accept failed: connection error: Endpoint closed
2026-09-15T23:52:27.624 WARN kycontroller::kymux_controller::server - Kynet accept failed: connection error: Endpoint closed
2026-09-15T23:52:27.624 WARN kycontroller::kymux_controller::server - Kynet accept failed: connection error: Endpoint closed
2026-09-15T23:52:27.624 WARN kycontroller::kymux_controller::server - Kynet accept failed: connection error: Endpoint closed
2026-09-15T23:52:27.624 WARN kycontroller::kymux_controller::server - Kynet accept failed: connection error: Endpoint closed
2026-09-15T23:52:27.624 WARN kycontroller::kymux_controller::server - Kynet accept failed: connection error: Endpoint closed
2026-09-15T23:52:27.624 WARN kycontroller::kymux_controller::server - Kynet accept failed: connection error: Endpoint closed
2026-09-15T23:52:27.624 WARN kycontroller::kymux_controller::server - Kynet accept failed: connection error: Endpoint closed
2026-09-15T23:52:27.624 WARN kycontroller::kymux_controller::server - Kynet accept failed: connection error: Endpoint closed
2026-09-15T23:52:27.624 WARN kycontroller::kymux_controller::server - Kynet accept failed: connection error: Endpoint closed
2026-09-15T23:52:27.624 WARN kycontroller::kymux_controller::server - Kynet accept failed: connection error: Endpoint closed
2026-09-15T23:52:27.624 WARN kycontroller::kymux_controller::server - Kynet accept failed: connection error: Endpoint closed
2026-09-15T23:52:27.624 WARN kycontroller::kymux_controller::server - Kynet accept failed: connection error: Endpoint closed
2026-09-15T23:52:27.624 WARN kycontroller::kymux_controller::server - Kynet accept failed: connection error: Endpoint closed
2026-09-15T23:52:27.624 WARN kycontroller::kymux_controller::server - Kynet accept failed: connection error: Endpoint closed
2026-09-15T23:52:27.624 WARN kycontroller::kymux_controller::server - Kynet accept failed: connection error: Endpoint closed
2026-09-15T23:52:27.624 WARN kycontroller::kymux_controller::server - Kynet accept failed: connection error: Endpoint closed
2026-09-15T23:52:27.624 WARN kycontroller::kymux_controller::server - Kynet accept failed: connection error: Endpoint closed
2026-09-15T23:52:27.624 WARN kycontroller::kymux_controller::server - Kynet accept failed: connection error: Endpoint closed
2026-09-15T23:52:27.624 WARN kycontroller::kymux_controller::server - Kynet accept failed: connection error: Endpoint closed
2026-09-15T23:52:27.624 WARN kycontroller::kymux_controller::server - Kynet accept failed: connection error: Endpoint closed
2026-09-15T23:52:27.625 WARN kycontroller::kymux_controller::server - Kynet accept failed: connection error: Endpoint closed
2026-09-15T23:52:27.625 WARN kycontroller::kymux_controller::server - Kynet accept failed: connection error: Endpoint closed
2026-09-15T23:52:27.625 WARN kycontroller::kymux_controller::server - Kynet accept failed: connection error: Endpoint closed
2026-09-15T23:52:27.625 WARN kycontroller::kymux_controller::server - Kynet accept failed: connection error: Endpoint closed
2026-09-15T23:52:27.625 WARN kycontroller::kymux_controller::server - Kynet accept failed: connection error: Endpoint closed
2026-09-15T23:52:27.625 WARN kycontroller::kymux_controller::server - Kynet accept failed: connection error: Endpoint closed
2026-09-15T23:52:27.625 WARN kycontroller::kymux_controller::server - Kynet accept failed: connection error: Endpoint closed
2026-09-15T23:52:27.625 WARN kycontroller::kymux_controller::server - Kynet accept failed: connection error: Endpoint closed
2026-09-15T23:52:27.625 WARN kycontroller::kymux_controller::server - Kynet accept failed: connection error: Endpoint closed
2026-09-15T23:52:27.625 WARN kycontroller::kymux_controller::server - Kynet accept failed: connection error: Endpoint closed
2026-09-15T23:52:27.625 WARN kycontroller::kymux_controller::server - Kynet accept failed: connection error: Endpoint closed
2026-09-15T23:52:27.625 WARN kycontroller::kymux_controller::server - Kynet accept failed: connection error: Endpoint closed
2026-09-15T23:52:27.625 WARN kycontroller::kymux_controller::server - Kynet accept failed: connection error: Endpoint closed
2026-09-15T23:52:27.625 WARN kycontroller::kymux_controller::server - Kynet accept failed: connection error: Endpoint closed
2026-09-15T23:52:27.625 WARN kycontroller::kymux_controller::server - Kynet accept failed: connection error: Endpoint closed
2026-09-15T23:52:27.625 WARN kycontroller::kymux_controller::server - Kynet accept failed: connection error: Endpoint closed
2026-09-15T23:52:27.625 WARN kycontroller::kymux_controller::server - Kynet accept failed: connection error: Endpoint closed
2026-09-15T23:52:27.625 WARN kycontroller::kymux_controller::server - Kynet accept failed: connection error: Endpoint closed
2026-09-15T23:52:27.625 WARN kycontroller::kymux_controller::server - Kynet accept failed: connection error: Endpoint closed
2026-09-15T23:52:27.625 WARN kycontroller::kymux_controller::server - Kynet accept failed: connection error: Endpoint closed
2026-09-15T23:52:27.625 WARN kycontroller::kymux_controller::server - Kynet accept failed: connection error: Endpoint closed
2026-09-15T23:52:27.625 WARN kycontroller::kymux_controller::server - Kynet accept failed: connection error: Endpoint closed
2026-09-15T23:52:27.625 WARN kycontroller::kymux_controller::server - Kynet accept failed: connection error: Endpoint closed
2026-09-15T23:52:27.625 WARN kycontroller::kymux_controller::server - Kynet accept failed: connection error: Endpoint closed
2026-09-15T23:52:27.625 WARN kycontroller::kymux_controller::server - Kynet accept failed: connection error: Endpoint closed
2026-09-15T23:52:27.625 WARN kycontroller::kymux_controller::server - Kynet accept failed: connection error: Endpoint closed
2026-09-15T23:52:27.625 WARN kycontroller::kymux_controller::server - Kynet accept failed: connection error: Endpoint closed
2026-09-15T23:52:27.625 WARN kycontroller::kymux_controller::server - Kynet accept failed: connection error: Endpoint closed
2026-09-15T23:52:27.625 WARN kycontroller::kymux_controller::server - Kynet accept failed: connection error: Endpoint closed
2026-09-15T23:52:27.625 WARN kycontroller::kymux_controller::server - Kynet accept failed: connection error: Endpoint closed
2026-09-15T23:52:27.625 WARN kycontroller::kymux_controller::server - Kynet accept failed: connection error: Endpoint closed
2026-09-15T23:52:27.625 WARN kycontroller::kymux_controller::server - Kynet accept failed: connection error: Endpoint closed
2026-09-15T23:52:27.625 WARN kycontroller::kymux_controller::server - Kynet accept failed: connection error: Endpoint closed
2026-09-15T23:52:27.625 WARN kycontroller::kymux_controller::server - Kynet accept failed: connection error: Endpoint closed
2026-09-15T23:52:27.625 WARN kycontroller::kymux_controller::server - Kynet accept failed: connection error: Endpoint closed
2026-09-15T23:52:27.625 WARN kycontroller::kymux_controller::server - Kynet accept failed: connection error: Endpoint closed
2026-09-15T23:52:27.625 WARN kycontroller::kymux_controller::server - Kynet accept failed: connection error: Endpoint closed
2026-09-15T23:52:27.625 WARN kycontroller::kymux_controller::server - Kynet accept failed: connection error: Endpoint closed
2026-09-15T23:52:27.625 WARN kycontroller::kymux_controller::server - Kynet accept failed: connection error: Endpoint closed
2026-09-15T23:52:27.625 WARN kycontroller::kymux_controller::server - Kynet accept failed: connection error: Endpoint closed
2026-09-15T23:52:27.625 WARN kycontroller::kymux_controller::server - Kynet accept failed: connection error: Endpoint closed
2026-09-15T23:52:27.625 WARN kycontroller::kymux_controller::server - Kynet accept failed: connection error: Endpoint closed
2026-09-15T23:52:27.625 WARN kycontroller::kymux_controller::server - Kynet accept failed: connection error: Endpoint closed
2026-09-15T23:52:27.625 WARN kycontroller::kymux_controller::server - Kynet accept failed: connection error: Endpoint closed
2026-09-15T23:52:27.625 WARN kycontroller::kymux_controller::server - Kynet accept failed: connection error: Endpoint closed
2026-09-15T23:52:27.625 WARN kycontroller::kymux_controller::server - Kynet accept failed: connection error: Endpoint closed
2026-09-15T23:52:27.625 WARN kycontroller::kymux_controller::server - Kynet accept failed: connection error: Endpoint closed
2026-09-15T23:52:27.625 WARN kycontroller::kymux_controller::server - Kynet accept failed: connection error: Endpoint closed
2026-09-15T23:52:27.625 WARN kycontroller::kymux_controller::server - Kynet accept failed: connection error: Endpoint closed
2026-09-15T23:52:27.625 WARN kycontroller::kymux_controller::server - Kynet accept failed: connection error: Endpoint closed
2026-09-15T23:52:27.625 WARN kycontroller::kymux_controller::server - Kynet accept failed: connection error: Endpoint closed
2026-09-15T23:52:27.625 WARN kycontroller::kymux_controller::server - Kynet accept failed: connection error: Endpoint closed
2026-09-15T23:52:27.625 WARN kycontroller::kymux_controller::server - Kynet accept failed: connection error: Endpoint closed
2026-09-15T23:52:27.625 WARN kycontroller::kymux_controller::server - Kynet accept failed: connection error: Endpoint closed
2026-09-15T23:52:27.625 WARN kycontroller::kymux_controller::server - Kynet accept failed: connection error: Endpoint closed
2026-09-15T23:52:27.625 WARN kycontroller::kymux_controller::server - Kynet accept failed: connection error: Endpoint closed
2026-09-15T23:52:27.625 WARN kycontroller::kymux_controller::server - Kynet accept failed: connection error: Endpoint closed
2026-09-15T23:52:27.625 WARN kycontroller::kymux_controller::server - Kynet accept failed: connection error: Endpoint closed
2026-09-15T23:52:27.625 WARN kycontroller::kymux_controller::server - Kynet accept failed: connection error: Endpoint closed
2026-09-15T23:52:27.625 WARN kycontroller::kymux_controller::server - Kynet accept failed: connection error: Endpoint closed
2026-09-15T23:52:27.625 WARN kycontroller::kymux_controller::server - Kynet accept failed: connection error: Endpoint closed
2026-09-15T23:52:27.625 WARN kycontroller::kymux_controller::server - Kynet accept failed: connection error: Endpoint closed
2026-09-15T23:52:27.625 WARN kycontroller::kymux_controller::server - Kynet accept failed: connection error: Endpoint closed
2026-09-15T23:52:27.625 WARN kycontroller::kymux_controller::server - Kynet accept failed: connection error: Endpoint closed
2026-09-15T23:52:27.625 WARN kycontroller::kymux_controller::server - Kynet accept failed: connection error: Endpoint closed
2026-09-15T23:52:27.625 WARN kycontroller::kymux_controller::server - Kynet accept failed: connection error: Endpoint closed
2026-09-15T23:52:27.625 WARN kycontroller::kymux_controller::server - Kynet accept failed: connection error: Endpoint closed
2026-09-15T23:52:27.625 WARN kycontroller::kymux_controller::server - Kynet accept failed: connection error: Endpoint closed
2026-09-15T23:52:27.625 WARN kycontroller::kymux_controller::server - Kynet accept failed: connection error: Endpoint closed
2026-09-15T23:52:27.625 WARN kycontroller::kymux_controller::server - Kynet accept failed: connection error: Endpoint closed
2026-09-15T23:52:27.625 WARN kycontroller::kymux_controller::server - Kynet accept failed: connection error: Endpoint closed
2026-09-15T23:52:27.625 WARN kycontroller::kymux_controller::server - Kynet accept failed: connection error: Endpoint closed
2026-09-15T23:52:27.625 WARN kycontroller::kymux_controller::server - Kynet accept failed: connection error: Endpoint closed
2026-09-15T23:52:27.625 WARN kycontroller::kymux_controller::server - Kynet accept failed: connection error: Endpoint closed
2026-09-15T23:52:27.625 WARN kycontroller::kymux_controller::server - Kynet accept failed: connection error: Endpoint closed
2026-09-15T23:52:27.625 WARN kycontroller::kymux_controller::server - Kynet accept failed: connection error: Endpoint closed
2026-09-15T23:52:27.625 WARN kycontroller::kymux_controller::server - Kynet accept failed: connection error: Endpoint closed
2026-09-15T23:52:27.625 WARN kycontroller::kymux_controller::server - Kynet accept failed: connection error: Endpoint closed
2026-09-15T23:52:27.625 WARN kycontroller::kymux_controller::server - Kynet accept failed: connection error: Endpoint closed
2026-09-15T23:52:27.625 WARN kycontroller::kymux_controller::server - Kynet accept failed: connection error: Endpoint closed
2026-09-15T23:52:27.625 WARN kycontroller::kymux_controller::server - Kynet accept failed: connection error: Endpoint closed
2026-09-15T23:52:27.625 WARN kycontroller::kymux_controller::server - Kynet accept failed: connection error: Endpoint closed
2026-09-15T23:52:27.625 WARN kycontroller::kymux_controller::server - Kynet accept failed: connection error: Endpoint closed
2026-09-15T23:52:27.625 WARN kycontroller::kymux_controller::server - Kynet accept failed: connection error: Endpoint closed
2026-09-15T23:52:27.625 WARN kycontroller::kymux_controller::server - Kynet accept failed: connection error: Endpoint closed
2026-09-15T23:52:27.625 WARN kycontroller::kymux_controller::server - Kynet accept failed: connection error: Endpoint closed
2026-09-15T23:52:27.625 WARN kycontroller::kymux_controller::server - Kynet accept failed: connection error: Endpoint closed
2026-09-15T23:52:27.625 WARN kycontroller::kymux_controller::server - Kynet accept failed: connection error: Endpoint closed
2026-09-15T23:52:27.625 WARN kycontroller::kymux_controller::server - Kynet accept failed: connection error: Endpoint closed
2026-09-15T23:52:27.625 WARN kycontroller::kymux_controller::server - Kynet accept failed: connection error: Endpoint closed
2026-09-15T23:52:27.625 WARN kycontroller::kymux_controller::server - Kynet accept failed: connection error: Endpoint closed
2026-09-15T23:52:27.626 WARN kycontroller::kymux_controller::server - Kynet accept failed: connection error: Endpoint closed
2026-09-15T23:52:27.626 WARN kycontroller::kymux_controller::server - Kynet accept failed: connection error: Endpoint closed
2026-09-15T23:52:27.626 WARN kycontroller::kymux_controller::server - Kynet accept failed: connection error: Endpoint closed
2026-09-15T23:52:27.626 WARN kycontroller::kymux_controller::server - Kynet accept failed: connection error: Endpoint closed
2026-09-15T23:52:27.626 WARN kycontroller::kymux_controller::server - Kynet accept failed: connection error: Endpoint closed
2026-09-15T23:52:27.626 WARN kycontroller::kymux_controller::server - Kynet accept failed: connection error: Endpoint closed
2026-09-15T23:52:27.626 WARN kycontroller::kymux_controller::server - Kynet accept failed: connection error: Endpoint closed
2026-09-15T23:52:27.626 WARN kycontroller::kymux_controller::server - Kynet accept failed: connection error: Endpoint closed
2026-09-15T23:52:27.626 WARN kycontroller::kymux_controller::server - Kynet accept failed: connection error: Endpoint closed
2026-09-15T23:52:27.626 WARN kycontroller::kymux_controller::server - Kynet accept failed: connection error: Endpoint closed
2026-09-15T23:52:27.626 WARN kycontroller::kymux_controller::server - Kynet accept failed: connection error: Endpoint closed
2026-09-15T23:52:27.626 WARN kycontroller::kymux_controller::server - Kynet accept failed: connection error: Endpoint closed
2026-09-15T23:52:27.626 WARN kycontroller::kymux_controller::server - Kynet accept failed: connection error: Endpoint closed
2026-09-15T23:52:27.626 WARN kycontroller::kymux_controller::server - Kynet accept failed: connection error: Endpoint closed
2026-09-15T23:52:27.626 WARN kycontroller::kymux_controller::server - Kynet accept failed: connection error: Endpoint closed
2026-09-15T23:52:27.626 WARN kycontroller::kymux_controller::server - Kynet accept failed: connection error: Endpoint closed
2026-09-15T23:52:27.626 WARN kycontroller::kymux_controller::server - Kynet accept failed: connection error: Endpoint closed
2026-09-15T23:52:27.626 WARN kycontroller::kymux_controller::server - Kynet accept failed: connection error: Endpoint closed
2026-09-15T23:52:27.626 WARN kycontroller::kymux_controller::server - Kynet accept failed: connection error: Endpoint closed
2026-09-15T23:52:27.626 WARN kycontroller::kymux_controller::server - Kynet accept failed: connection error: Endpoint closed
2026-09-15T23:52:27.626 WARN kycontroller::kymux_controller::server - Kynet accept failed: connection error: Endpoint closed
2026-09-15T23:52:27.626 WARN kycontroller::kymux_controller::server - Kynet accept failed: connection error: Endpoint closed
2026-09-15T23:52:27.626 WARN kycontroller::kymux_controller::server - Kynet accept failed: connection error: Endpoint closed
2026-09-15T23:52:27.626 WARN kycontroller::kymux_controller::server - Kynet accept failed: connection error: Endpoint closed
2026-09-15T23:52:27.626 WARN kycontroller::kymux_controller::server - Kynet accept failed: connection error: Endpoint closed
2026-09-15T23:52:27.626 WARN kycontroller::kymux_controller::server - Kynet accept failed: connection error: Endpoint closed
2026-09-15T23:52:27.626 WARN kycontroller::kymux_controller::server - Kynet accept failed: connection error: Endpoint closed
2026-09-15T23:52:27.626 WARN kycontroller::kymux_controller::server - Kynet accept failed: connection error: Endpoint closed
2026-09-15T23:52:27.626 WARN kycontroller::kymux_controller::server - Kynet accept failed: connection error: Endpoint closed
2026-09-15T23:52:27.626 WARN kycontroller::kymux_controller::server - Kynet accept failed: connection error: Endpoint closed
2026-09-15T23:52:27.626 WARN kycontroller::kymux_controller::server - Kynet accept failed: connection error: Endpoint closed
2026-09-15T23:52:27.626 WARN kycontroller::kymux_controller::server - Kynet accept failed: connection error: Endpoint closed
2026-09-15T23:52:27.626 WARN kycontroller::kymux_controller::server - Kynet accept failed: connection error: Endpoint closed
2026-09-15T23:52:27.626 WARN kycontroller::kymux_controller::server - Kynet accept failed: connection error: Endpoint closed
2026-09-15T23:52:27.626 WARN kycontroller::kymux_controller::server - Kynet accept failed: connection error: Endpoint closed
2026-09-15T23:52:27.626 WARN kycontroller::kymux_controller::server - Kynet accept failed: connection error: Endpoint closed
2026-09-15T23:52:27.626 WARN kycontroller::kymux_controller::server - Kynet accept failed: connection error: Endpoint closed
2026-09-15T23:52:27.626 WARN kycontroller::kymux_controller::server - Kynet accept failed: connection error: Endpoint closed
2026-09-15T23:52:27.626 WARN kycontroller::kymux_controller::server - Kynet accept failed: connection error: Endpoint closed
2026-09-15T23:52:27.626 WARN kycontroller::kymux_controller::server - Kynet accept failed: connection error: Endpoint closed
2026-09-15T23:52:27.626 WARN kycontroller::kymux_controller::server - Kynet accept failed: connection error: Endpoint closed
2026-09-15T23:52:27.626 WARN kycontroller::kymux_controller::server - Kynet accept failed: connection error: Endpoint closed
2026-09-15T23:52:27.626 WARN kycontroller::kymux_controller::server - Kynet accept failed: connection error: Endpoint closed
2026-09-15T23:52:27.626 WARN kycontroller::kymux_controller::server - Kynet accept failed: connection error: Endpoint closed
2026-09-15T23:52:27.626 WARN kycontroller::kymux_controller::server - Kynet accept failed: connection error: Endpoint closed
2026-09-15T23:52:27.626 WARN kycontroller::kymux_controller::server - Kynet accept failed: connection error: Endpoint closed
2026-09-15T23:52:27.626 WARN kycontroller::kymux_controller::server - Kynet accept failed: connection error: Endpoint closed
2026-09-15T23:52:27.626 WARN kycontroller::kymux_controller::server - Kynet accept failed: connection error: Endpoint closed
2026-09-15T23:52:27.626 WARN kycontroller::kymux_controller::server - Kynet accept failed: connection error: Endpoint closed
2026-09-15T23:52:27.626 WARN kycontroller::kymux_controller::server - Kynet accept failed: connection error: Endpoint closed
2026-09-15T23:52:27.626 WARN kycontroller::kymux_controller::server - Kynet accept failed: connection error: Endpoint closed
2026-09-15T23:52:27.626 WARN kycontroller::kymux_controller::server - Kynet accept failed: connection error: Endpoint closed
2026-09-15T23:52:27.626 WARN kycontroller::kymux_controller::server - Kynet accept failed: connection error: Endpoint closed
2026-09-15T23:52:27.626 WARN kycontroller::kymux_controller::server - Kynet accept failed: connection error: Endpoint closed
2026-09-15T23:52:27.626 WARN kycontroller::kymux_controller::server - Kynet accept failed: connection error: Endpoint closed
2026-09-15T23:52:27.626 WARN kycontroller::kymux_controller::server - Kynet accept failed: connection error: Endpoint closed
2026-09-15T23:52:27.626 WARN kycontroller::kymux_controller::server - Kynet accept failed: connection error: Endpoint closed
2026-09-15T23:52:27.626 WARN kycontroller::kymux_controller::server - Kynet accept failed: connection error: Endpoint closed
2026-09-15T23:52:27.626 WARN kycontroller::kymux_controller::server - Kynet accept failed: connection error: Endpoint closed
2026-09-15T23:52:27.626 WARN kycontroller::kymux_controller::server - Kynet accept failed: connection error: Endpoint closed
2026-09-15T23:52:27.626 WARN kycontroller::kymux_controller::server - Kynet accept failed: connection error: Endpoint closed
2026-09-15T23:52:27.626 WARN kycontroller::kymux_controller::server - Kynet accept failed: connection error: Endpoint closed
2026-09-15T23:52:27.626 WARN kycontroller::kymux_controller::server - Kynet accept failed: connection error: Endpoint closed
2026-09-15T23:52:27.626 WARN kycontroller::kymux_controller::server - Kynet accept failed: connection error: Endpoint closed
2026-09-15T23:52:27.626 WARN kycontroller::kymux_controller::server - Kynet accept failed: connection error: Endpoint closed
2026-09-15T23:52:27.626 WARN kycontroller::kymux_controller::server - Kynet accept failed: connection error: Endpoint closed
2026-09-15T23:52:27.626 WARN kycontroller::kymux_controller::server - Kynet accept failed: connection error: Endpoint closed
2026-09-15T23:52:27.626 WARN kycontroller::kymux_controller::server - Kynet accept failed: connection error: Endpoint closed
2026-09-15T23:52:27.626 WARN kycontroller::kymux_controller::server - Kynet accept failed: connection error: Endpoint closed
2026-09-15T23:52:27.626 WARN kycontroller::kymux_controller::server - Kynet accept failed: connection error: Endpoint closed
2026-09-15T23:52:27.626 WARN kycontroller::kymux_controller::server - Kynet accept failed: connection error: Endpoint closed
2026-09-15T23:52:27.626 WARN kycontroller::kymux_controller::server - Kynet accept failed: connection error: Endpoint closed
2026-09-15T23:52:27.626 WARN kycontroller::kymux_controller::server - Kynet accept failed: connection error: Endpoint closed
2026-09-15T23:52:27.626 WARN kycontroller::kymux_controller::server - Kynet accept failed: connection error: Endpoint closed
2026-09-15T23:52:27.626 WARN kycontroller::kymux_controller::server - Kynet accept failed: connection error: Endpoint closed
2026-09-15T23:52:27.626 WARN kycontroller::kymux_controller::server - Kynet accept failed: connection error: Endpoint closed
2026-09-15T23:52:27.626 WARN kycontroller::kymux_controller::server - Kynet accept failed: connection error: Endpoint closed
2026-09-15T23:52:27.626 WARN kycontroller::kymux_controller::server - Kynet accept failed: connection error: Endpoint closed
2026-09-15T23:52:27.627 WARN kycontroller::kymux_controller::server - Kynet accept failed: connection error: Endpoint closed
2026-09-15T23:52:27.627 WARN kycontroller::kymux_controller::server - Kynet accept failed: connection error: Endpoint closed
2026-09-15T23:52:27.627 WARN kycontroller::kymux_controller::server - Kynet accept failed: connection error: Endpoint closed
2026-09-15T23:52:27.627 WARN kycontroller::kymux_controller::server - Kynet accept failed: connection error: Endpoint closed
2026-09-15T23:52:27.627 WARN kycontroller::kymux_controller::server - Kynet accept failed: connection error: Endpoint closed
2026-09-15T23:52:27.627 WARN kycontroller::kymux_controller::server - Kynet accept failed: connection error: Endpoint closed
2026-09-15T23:52:27.627 WARN kycontroller::kymux_controller::server - Kynet accept failed: connection error: Endpoint closed
2026-09-15T23:52:27.627 WARN kycontroller::kymux_controller::server - Kynet accept failed: connection error: Endpoint closed
2026-09-15T23:52:27.627 WARN kycontroller::kymux_controller::server - Kynet accept failed: connection error: Endpoint closed
2026-09-15T23:52:27.627 WARN kycontroller::kymux_controller::server - Kynet accept failed: connection error: Endpoint closed
2026-09-15T23:52:27.627 WARN kycontroller::kymux_controller::server - Kynet accept failed: connection error: Endpoint closed
2026-09-15T23:52:27.627 WARN kycontroller::kymux_controller::server - Kynet accept failed: connection error: Endpoint closed
2026-09-15T23:52:27.627 WARN kycontroller::kymux_controller::server - Kynet accept failed: connection error: Endpoint closed
2026-09-15T23:52:27.627 WARN kycontroller::kymux_controller::server - Kynet accept failed: connection error: Endpoint closed
2026-09-15T23:52:27.627 WARN kycontroller::kymux_controller::server - Kynet accept failed: connection error: Endpoint closed
2026-09-15T23:52:27.627 WARN kycontroller::kymux_controller::server - Kynet accept failed: connection error: Endpoint closed
2026-09-15T23:52:27.627 WARN kycontroller::kymux_controller::server - Kynet accept failed: connection error: Endpoint closed
2026-09-15T23:52:27.627 WARN kycontroller::kymux_controller::server - Kynet accept failed: connection error: Endpoint closed
2026-09-15T23:52:27.627 WARN kycontroller::kymux_controller::server - Kynet accept failed: connection error: Endpoint closed
2026-09-15T23:52:27.627 WARN kycontroller::kymux_controller::server - Kynet accept failed: connection error: Endpoint closed
2026-09-15T23:52:27.627 WARN kycontroller::kymux_controller::server - Kynet accept failed: connection error: Endpoint closed
2026-09-15T23:52:27.627 WARN kycontroller::kymux_controller::server - Kynet accept failed: connection error: Endpoint closed
2026-09-15T23:52:27.627 WARN kycontroller::kymux_controller::server - Kynet accept failed: connection error: Endpoint closed
2026-09-15T23:52:27.627 WARN kycontroller::kymux_controller::server - Kynet accept failed: connection error: Endpoint closed
2026-09-15T23:52:27.627 WARN kycontroller::kymux_controller::server - Kynet accept failed: connection error: Endpoint closed
2026-09-15T23:52:27.627 WARN kycontroller::kymux_controller::server - Kynet accept failed: connection error: Endpoint closed
2026-09-15T23:52:27.627 WARN kycontroller::kymux_controller::server - Kynet accept failed: connection error: Endpoint closed
2026-09-15T23:52:27.627 WARN kycontroller::kymux_controller::server - Kynet accept failed: connection error: Endpoint closed
2026-09-15T23:52:27.627 WARN kycontroller::kymux_controller::server - Kynet accept failed: connection error: Endpoint closed
2026-09-15T23:52:27.627 WARN kycontroller::kymux_controller::server - Kynet accept failed: connection error: Endpoint closed
2026-09-15T23:52:27.627 WARN kycontroller::kymux_controller::server - Kynet accept failed: connection error: Endpoint closed
2026-09-15T23:52:27.627 WARN kycontroller::kymux_controller::server - Kynet accept failed: connection error: Endpoint closed
2026-09-15T23:52:27.627 WARN kycontroller::kymux_controller::server - Kynet accept failed: connection error: Endpoint closed
2026-09-15T23:52:27.627 WARN kycontroller::kymux_controller::server - Kynet accept failed: connection error: Endpoint closed
2026-09-15T23:52:27.627 WARN kycontroller::kymux_controller::server - Kynet accept failed: connection error: Endpoint closed
2026-09-15T23:52:27.627 WARN kycontroller::kymux_controller::server - Kynet accept failed: connection error: Endpoint closed
2026-09-15T23:52:27.627 WARN kycontroller::kymux_controller::server - Kynet accept failed: connection error: Endpoint closed
2026-09-15T23:52:27.627 WARN kycontroller::kymux_controller::server - Kynet accept failed: connection error: Endpoint closed
2026-09-15T23:52:27.627 WARN kycontroller::kymux_controller::server - Kynet accept failed: connection error: Endpoint closed
2026-09-15T23:52:27.627 WARN kycontroller::kymux_controller::server - Kynet accept failed: connection error: Endpoint closed
2026-09-15T23:52:27.627 WARN kycontroller::kymux_controller::server - Kynet accept failed: connection error: Endpoint closed
2026-09-15T23:52:27.627 WARN kycontroller::kymux_controller::server - Kynet accept failed: connection error: Endpoint closed
2026-09-15T23:52:27.627 WARN kycontroller::kymux_controller::server - Kynet accept failed: connection error: Endpoint closed
2026-09-15T23:52:27.627 WARN kycontroller::kymux_controller::server - Kynet accept failed: connection error: Endpoint closed
2026-09-15T23:52:27.627 WARN kycontroller::kymux_controller::server - Kynet accept failed: connection error: Endpoint closed
2026-09-15T23:52:27.627 WARN kycontroller::kymux_controller::server - Kynet accept failed: connection error: Endpoint closed
2026-09-15T23:52:27.627 WARN kycontroller::kymux_controller::server - Kynet accept failed: connection error: Endpoint closed
2026-09-15T23:52:27.627 WARN kycontroller::kymux_controller::server - Kynet accept failed: connection error: Endpoint closed
2026-09-15T23:52:27.627 WARN kycontroller::kymux_controller::server - Kynet accept failed: connection error: Endpoint closed
2026-09-15T23:52:27.627 WARN kycontroller::kymux_controller::server - Kynet accept failed: connection error: Endpoint closed
2026-09-15T23:52:27.627 WARN kycontroller::kymux_controller::server - Kynet accept failed: connection error: Endpoint closed
2026-09-15T23:52:27.627 WARN kycontroller::kymux_controller::server - Kynet accept failed: connection error: Endpoint closed
2026-09-15T23:52:27.628 WARN kycontroller::kymux_controller::server - Kynet accept failed: connection error: Endpoint closed
2026-09-15T23:52:27.628 WARN kycontroller::kymux_controller::server - Kynet accept failed: connection error: Endpoint closed
2026-09-15T23:52:27.628 WARN kycontroller::kymux_controller::server - Kynet accept failed: connection error: Endpoint closed
2026-09-15T23:52:27.628 WARN kycontroller::kymux_controller::server - Kynet accept failed: connection error: Endpoint closed
2026-09-15T23:52:27.628 WARN kycontroller::kymux_controller::server - Kynet accept failed: connection error: Endpoint closed
2026-09-15T23:52:27.628 WARN kycontroller::kymux_controller::server - Kynet accept failed: connection error: Endpoint closed
2026-09-15T23:52:27.628 WARN kycontroller::kymux_controller::server - Kynet accept failed: connection error: Endpoint closed
2026-09-15T23:52:27.628 WARN kycontroller::kymux_controller::server - Kynet accept failed: connection error: Endpoint closed
2026-09-15T23:52:27.628 WARN kycontroller::kymux_controller::server - Kynet accept failed: connection error: Endpoint closed
2026-09-15T23:52:27.628 WARN kycontroller::kymux_controller::server - Kynet accept failed: connection error: Endpoint closed
2026-09-15T23:52:27.628 WARN kycontroller::kymux_controller::server - Kynet accept failed: connection error: Endpoint closed
2026-09-15T23:52:27.628 WARN kycontroller::kymux_controller::server - Kynet accept failed: connection error: Endpoint closed
2026-09-15T23:52:27.628 WARN kycontroller::kymux_controller::server - Kynet accept failed: connection error: Endpoint closed
2026-09-15T23:52:27.628 WARN kycontroller::kymux_controller::server - Kynet accept failed: connection error: Endpoint closed
2026-09-15T23:52:27.628 WARN kycontroller::kymux_controller::server - Kynet accept failed: connection error: Endpoint closed
2026-09-15T23:52:27.628 WARN kycontroller::kymux_controller::server - Kynet accept failed: connection error: Endpoint closed
2026-09-15T23:52:27.628 WARN kycontroller::kymux_controller::server - Kynet accept failed: connection error: Endpoint closed
2026-09-15T23:52:27.628 WARN kycontroller::kymux_controller::server - Kynet accept failed: connection error: Endpoint closed
2026-09-15T23:52:27.628 WARN kycontroller::kymux_controller::server - Kynet accept failed: connection error: Endpoint closed
2026-09-15T23:52:27.628 WARN kycontroller::kymux_controller::server - Kynet accept failed: connection error: Endpoint closed
2026-09-15T23:52:27.628 WARN kycontroller::kymux_controller::server - Kynet accept failed: connection error: Endpoint closed
2026-09-15T23:52:27.628 WARN kycontroller::kymux_controller::server - Kynet accept failed: connection error: Endpoint closed
2026-09-15T23:52:27.628 WARN kycontroller::kymux_controller::server - Kynet accept failed: connection error: Endpoint closed
2026-09-15T23:52:27.628 WARN kycontroller::kymux_controller::server - Kynet accept failed: connection error: Endpoint closed
2026-09-15T23:52:27.628 WARN kycontroller::kymux_controller::server - Kynet accept failed: connection error: Endpoint closed
2026-09-15T23:52:27.628 WARN kycontroller::kymux_controller::server - Kynet accept failed: connection error: Endpoint closed
2026-09-15T23:52:27.628 WARN kycontroller::kymux_controller::server - Kynet accept failed: connection error: Endpoint closed
2026-09-15T23:52:27.628 WARN kycontroller::kymux_controller::server - Kynet accept failed: connection error: Endpoint closed
2026-09-15T23:52:27.628 WARN kycontroller::kymux_controller::server - Kynet accept failed: connection error: Endpoint closed
2026-09-15T23:52:27.628 WARN kycontroller::kymux_controller::server - Kynet accept failed: connection error: Endpoint closed
2026-09-15T23:52:27.628 WARN kycontroller::kymux_controller::server - Kynet accept failed: connection error: Endpoint closed
2026-09-15T23:52:27.628 WARN kycontroller::kymux_controller::server - Kynet accept failed: connection error: Endpoint closed
2026-09-15T23:52:27.628 WARN kycontroller::kymux_controller::server - Kynet accept failed: connection error: Endpoint closed
2026-09-15T23:52:27.628 WARN kycontroller::kymux_controller::server - Kynet accept failed: connection error: Endpoint closed
2026-09-15T23:52:27.628 WARN kycontroller::kymux_controller::server - Kynet accept failed: connection error: Endpoint closed
2026-09-15T23:52:27.628 WARN kycontroller::kymux_controller::server - Kynet accept failed: connection error: Endpoint closed
2026-09-15T23:52:27.628 WARN kycontroller::kymux_controller::server - Kynet accept failed: connection error: Endpoint closed
2026-09-15T23:52:27.628 WARN kycontroller::kymux_controller::server - Kynet accept failed: connection error: Endpoint closed
2026-09-15T23:52:27.628 WARN kycontroller::kymux_controller::server - Kynet accept failed: connection error: Endpoint closed
2026-09-15T23:52:27.628 WARN kycontroller::kymux_controller::server - Kynet accept failed: connection error: Endpoint closed
2026-09-15T23:52:27.628 WARN kycontroller::kymux_controller::server - Kynet accept failed: connection error: Endpoint closed
2026-09-15T23:52:27.628 WARN kycontroller::kymux_controller::server - Kynet accept failed: connection error: Endpoint closed
2026-09-15T23:52:27.628 WARN kycontroller::kymux_controller::server - Kynet accept failed: connection error: Endpoint closed
2026-09-15T23:52:27.628 WARN kycontroller::kymux_controller::server - Kynet accept failed: connection error: Endpoint closed
2026-09-15T23:52:27.628 WARN kycontroller::kymux_controller::server - Kynet accept failed: connection error: Endpoint closed
2026-09-15T23:52:27.628 WARN kycontroller::kymux_controller::server - Kynet accept failed: connection error: Endpoint closed
2026-09-15T23:52:27.628 WARN kycontroller::kymux_controller::server - Kynet accept failed: connection error: Endpoint closed
2026-09-15T23:52:27.628 WARN kycontroller::kymux_controller::server - Kynet accept failed: connection error: Endpoint closed
2026-09-15T23:52:27.628 WARN kycontroller::kymux_controller::server - Kynet accept failed: connection error: Endpoint closed
2026-09-15T23:52:27.628 WARN kycontroller::kymux_controller::server - Kynet accept failed: connection error: Endpoint closed
2026-09-15T23:52:27.628 WARN kycontroller::kymux_controller::server - Kynet accept failed: connection error: Endpoint closed
2026-09-15T23:52:27.628 WARN kycontroller::kymux_controller::server - Kynet accept failed: connection error: Endpoint closed
2026-09-15T23:52:27.628 WARN kycontroller::kymux_controller::server - Kynet accept failed: connection error: Endpoint closed
2026-09-15T23:52:27.628 WARN kycontroller::kymux_controller::server - Kynet accept failed: connection error: Endpoint closed
2026-09-15T23:52:27.628 WARN kycontroller::kymux_controller::server - Kynet accept failed: connection error: Endpoint closed
2026-09-15T23:52:27.628 WARN kycontroller::kymux_controller::server - Kynet accept failed: connection error: Endpoint closed
2026-09-15T23:52:27.628 WARN kycontroller::kymux_controller::server - Kynet accept failed: connection error: Endpoint closed
2026-09-15T23:52:27.628 WARN kycontroller::kymux_controller::server - Kynet accept failed: connection error: Endpoint closed
2026-09-15T23:52:27.628 WARN kycontroller::kymux_controller::server - Kynet accept failed: connection error: Endpoint closed
2026-09-15T23:52:27.628 WARN kycontroller::kymux_controller::server - Kynet accept failed: connection error: Endpoint closed
2026-09-15T23:52:27.628 WARN kycontroller::kymux_controller::server - Kynet accept failed: connection error: Endpoint closed
2026-09-15T23:52:27.628 WARN kycontroller::kymux_controller::server - Kynet accept failed: connection error: Endpoint closed
2026-09-15T23:52:27.628 WARN kycontroller::kymux_controller::server - Kynet accept failed: connection error: Endpoint closed
2026-09-15T23:52:27.628 WARN kycontroller::kymux_controller::server - Kynet accept failed: connection error: Endpoint closed
2026-09-15T23:52:27.628 WARN kycontroller::kymux_controller::server - Kynet accept failed: connection error: Endpoint closed
2026-09-15T23:52:27.628 WARN kycontroller::kymux_controller::server - Kynet accept failed: connection error: Endpoint closed
2026-09-15T23:52:27.628 WARN kycontroller::kymux_controller::server - Kynet accept failed: connection error: Endpoint closed
2026-09-15T23:52:27.628 WARN kycontroller::kymux_controller::server - Kynet accept failed: connection error: Endpoint closed
2026-09-15T23:52:27.629 WARN kycontroller::kymux_controller::server - Kynet accept failed: connection error: Endpoint closed
2026-09-15T23:52:27.629 WARN kycontroller::kymux_controller::server - Kynet accept failed: connection error: Endpoint closed
2026-09-15T23:52:27.629 WARN kycontroller::kymux_controller::server - Kynet accept failed: connection error: Endpoint closed
2026-09-15T23:52:27.629 WARN kycontroller::kymux_controller::server - Kynet accept failed: connection error: Endpoint closed
2026-09-15T23:52:27.629 WARN kycontroller::kymux_controller::server - Kynet accept failed: connection error: Endpoint closed
2026-09-15T23:52:27.629 WARN kycontroller::kymux_controller::server - Kynet accept failed: connection error: Endpoint closed
2026-09-15T23:52:27.629 WARN kycontroller::kymux_controller::server - Kynet accept failed: connection error: Endpoint closed
2026-09-15T23:52:27.629 WARN kycontroller::kymux_controller::server - Kynet accept failed: connection error: Endpoint closed
2026-09-15T23:52:27.629 WARN kycontroller::kymux_controller::server - Kynet accept failed: connection error: Endpoint closed
2026-09-15T23:52:27.629 WARN kycontroller::kymux_controller::server - Kynet accept failed: connection error: Endpoint closed
2026-09-15T23:52:27.629 WARN kycontroller::kymux_controller::server - Kynet accept failed: connection error: Endpoint closed
2026-09-15T23:52:27.629 WARN kycontroller::kymux_controller::server - Kynet accept failed: connection error: Endpoint closed
2026-09-15T23:52:27.629 WARN kycontroller::kymux_controller::server - Kynet accept failed: connection error: Endpoint closed
2026-09-15T23:52:27.629 WARN kycontroller::kymux_controller::server - Kynet accept failed: connection error: Endpoint closed
2026-09-15T23:52:27.629 WARN kycontroller::kymux_controller::server - Kynet accept failed: connection error: Endpoint closed
2026-09-15T23:52:27.629 WARN kycontroller::kymux_controller::server - Kynet accept failed: connection error: Endpoint closed
2026-09-15T23:52:27.629 WARN kycontroller::kymux_controller::server - Kynet accept failed: connection error: Endpoint closed
2026-09-15T23:52:27.629 WARN kycontroller::kymux_controller::server - Kynet accept failed: connection error: Endpoint closed
2026-09-15T23:52:27.629 WARN kycontroller::kymux_controller::server - Kynet accept failed: connection error: Endpoint closed
2026-09-15T23:52:27.629 WARN kycontroller::kymux_controller::server - Kynet accept failed: connection error: Endpoint closed
2026-09-15T23:52:27.629 WARN kycontroller::kymux_controller::server - Kynet accept failed: connection error: Endpoint closed
2026-09-15T23:52:27.629 WARN kycontroller::kymux_controller::server - Kynet accept failed: connection error: Endpoint closed
2026-09-15T23:52:27.629 WARN kycontroller::kymux_controller::server - Kynet accept failed: connection error: Endpoint closed
2026-09-15T23:52:27.629 WARN kycontroller::kymux_controller::server - Kynet accept failed: connection error: Endpoint closed
2026-09-15T23:52:27.629 WARN kycontroller::kymux_controller::server - Kynet accept failed: connection error: Endpoint closed
2026-09-15T23:52:27.629 WARN kycontroller::kymux_controller::server - Kynet accept failed: connection error: Endpoint closed
2026-09-15T23:52:27.629 WARN kycontroller::kymux_controller::server - Kynet accept failed: connection error: Endpoint closed
2026-09-15T23:52:27.629 WARN kycontroller::kymux_controller::server - Kynet accept failed: connection error: Endpoint closed
2026-09-15T23:52:27.629 WARN kycontroller::kymux_controller::server - Kynet accept failed: connection error: Endpoint closed
2026-09-15T23:52:27.629 WARN kycontroller::kymux_controller::server - Kynet accept failed: connection error: Endpoint closed
2026-09-15T23:52:27.629 WARN kycontroller::kymux_controller::server - Kynet accept failed: connection error: Endpoint closed
2026-09-15T23:52:27.629 WARN kycontroller::kymux_controller::server - Kynet accept failed: connection error: Endpoint closed
2026-09-15T23:52:27.629 WARN kycontroller::kymux_controller::server - Kynet accept failed: connection error: Endpoint closed
2026-09-15T23:52:27.629 WARN kycontroller::kymux_controller::server - Kynet accept failed: connection error: Endpoint closed
2026-09-15T23:52:27.629 WARN kycontroller::kymux_controller::server - Kynet accept failed: connection error: Endpoint closed
2026-09-15T23:52:27.629 WARN kycontroller::kymux_controller::server - Kynet accept failed: connection error: Endpoint closed
2026-09-15T23:52:27.629 WARN kycontroller::kymux_controller::server - Kynet accept failed: connection error: Endpoint closed
2026-09-15T23:52:27.629 WARN kycontroller::kymux_controller::server - Kynet accept failed: connection error: Endpoint closed
2026-09-15T23:52:27.629 WARN kycontroller::kymux_controller::server - Kynet accept failed: connection error: Endpoint closed
2026-09-15T23:52:27.629 WARN kycontroller::kymux_controller::server - Kynet accept failed: connection error: Endpoint closed
2026-09-15T23:52:27.629 WARN kycontroller::kymux_controller::server - Kynet accept failed: connection error: Endpoint closed
2026-09-15T23:52:27.629 WARN kycontroller::kymux_controller::server - Kynet accept failed: connection error: Endpoint closed
2026-09-15T23:52:27.629 WARN kycontroller::kymux_controller::server - Kynet accept failed: connection error: Endpoint closed
2026-09-15T23:52:27.629 WARN kycontroller::kymux_controller::server - Kynet accept failed: connection error: Endpoint closed
2026-09-15T23:52:27.629 WARN kycontroller::kymux_controller::server - Kynet accept failed: connection error: Endpoint closed
2026-09-15T23:52:27.629 WARN kycontroller::kymux_controller::server - Kynet accept failed: connection error: Endpoint closed
2026-09-15T23:52:27.629 WARN kycontroller::kymux_controller::server - Kynet accept failed: connection error: Endpoint closed
2026-09-15T23:52:27.629 WARN kycontroller::kymux_controller::server - Kynet accept failed: connection error: Endpoint closed
2026-09-15T23:52:27.629 WARN kycontroller::kymux_controller::server - Kynet accept failed: connection error: Endpoint closed
2026-09-15T23:52:27.629 WARN kycontroller::kymux_controller::server - Kynet accept failed: connection error: Endpoint closed
2026-09-15T23:52:27.629 WARN kycontroller::kymux_controller::server - Kynet accept failed: connection error: Endpoint closed
2026-09-15T23:52:27.629 WARN kycontroller::kymux_controller::server - Kynet accept failed: connection error: Endpoint closed
2026-09-15T23:52:27.629 WARN kycontroller::kymux_controller::server - Kynet accept failed: connection error: Endpoint closed
2026-09-15T23:52:27.629 WARN kycontroller::kymux_controller::server - Kynet accept failed: connection error: Endpoint closed
2026-09-15T23:52:27.629 WARN kycontroller::kymux_controller::server - Kynet accept failed: connection error: Endpoint closed
2026-09-15T23:52:27.629 WARN kycontroller::kymux_controller::server - Kynet accept failed: connection error: Endpoint closed
2026-09-15T23:52:27.629 WARN kycontroller::kymux_controller::server - Kynet accept failed: connection error: Endpoint closed
2026-09-15T23:52:27.629 WARN kycontroller::kymux_controller::server - Kynet accept failed: connection error: Endpoint closed
2026-09-15T23:52:27.629 WARN kycontroller::kymux_controller::server - Kynet accept failed: connection error: Endpoint closed
2026-09-15T23:52:27.629 WARN kycontroller::kymux_controller::server - Kynet accept failed: connection error: Endpoint closed
2026-09-15T23:52:27.629 WARN kycontroller::kymux_controller::server - Kynet accept failed: connection error: Endpoint closed
2026-09-15T23:52:27.629 WARN kycontroller::kymux_controller::server - Kynet accept failed: connection error: Endpoint closed
2026-09-15T23:52:27.629 WARN kycontroller::kymux_controller::server - Kynet accept failed: connection error: Endpoint closed
2026-09-15T23:52:27.629 WARN kycontroller::kymux_controller::server - Kynet accept failed: connection error: Endpoint closed
2026-09-15T23:52:27.629 WARN kycontroller::kymux_controller::server - Kynet accept failed: connection error: Endpoint closed
2026-09-15T23:52:27.629 WARN kycontroller::kymux_controller::server - Kynet accept failed: connection error: Endpoint closed
2026-09-15T23:52:27.629 WARN kycontroller::kymux_controller::server - Kynet accept failed: connection error: Endpoint closed
2026-09-15T23:52:27.629 WARN kycontroller::kymux_controller::server - Kynet accept failed: connection error: Endpoint closed
2026-09-15T23:52:27.630 WARN kycontroller::kymux_controller::server - Kynet accept failed: connection error: Endpoint closed
2026-09-15T23:52:27.630 WARN kycontroller::kymux_controller::server - Kynet accept failed: connection error: Endpoint closed
2026-09-15T23:52:27.630 WARN kycontroller::kymux_controller::server - Kynet accept failed: connection error: Endpoint closed
2026-09-15T23:52:27.630 WARN kycontroller::kymux_controller::server - Kynet accept failed: connection error: Endpoint closed
2026-09-15T23:52:27.630 WARN kycontroller::kymux_controller::server - Kynet accept failed: connection error: Endpoint closed
2026-09-15T23:52:27.630 WARN kycontroller::kymux_controller::server - Kynet accept failed: connection error: Endpoint closed
2026-09-15T23:52:27.630 WARN kycontroller::kymux_controller::server - Kynet accept failed: connection error: Endpoint closed
2026-09-15T23:52:27.630 WARN kycontroller::kymux_controller::server - Kynet accept failed: connection error: Endpoint closed
2026-09-15T23:52:27.630 WARN kycontroller::kymux_controller::server - Kynet accept failed: connection error: Endpoint closed
2026-09-15T23:52:27.630 WARN kycontroller::kymux_controller::server - Kynet accept failed: connection error: Endpoint closed
2026-09-15T23:52:27.630 WARN kycontroller::kymux_controller::server - Kynet accept failed: connection error: Endpoint closed
2026-09-15T23:52:27.630 WARN kycontroller::kymux_controller::server - Kynet accept failed: connection error: Endpoint closed
2026-09-15T23:52:27.630 WARN kycontroller::kymux_controller::server - Kynet accept failed: connection error: Endpoint closed
2026-09-15T23:52:27.630 WARN kycontroller::kymux_controller::server - Kynet accept failed: connection error: Endpoint closed
2026-09-15T23:52:27.630 WARN kycontroller::kymux_controller::server - Kynet accept failed: connection error: Endpoint closed
2026-09-15T23:52:27.630 WARN kycontroller::kymux_controller::server - Kynet accept failed: connection error: Endpoint closed
2026-09-15T23:52:27.630 WARN kycontroller::kymux_controller::server - Kynet accept failed: connection error: Endpoint closed
2026-09-15T23:52:27.630 WARN kycontroller::kymux_controller::server - Kynet accept failed: connection error: Endpoint closed
2026-09-15T23:52:27.630 WARN kycontroller::kymux_controller::server - Kynet accept failed: connection error: Endpoint closed
2026-09-15T23:52:27.630 WARN kycontroller::kymux_controller::server - Kynet accept failed: connection error: Endpoint closed
2026-09-15T23:52:27.630 WARN kycontroller::kymux_controller::server - Kynet accept failed: connection error: Endpoint closed
2026-09-15T23:52:27.630 WARN kycontroller::kymux_controller::server - Kynet accept failed: connection error: Endpoint closed
2026-09-15T23:52:27.630 WARN kycontroller::kymux_controller::server - Kynet accept failed: connection error: Endpoint closed
2026-09-15T23:52:27.630 WARN kycontroller::kymux_controller::server - Kynet accept failed: connection error: Endpoint closed
2026-09-15T23:52:27.630 WARN kycontroller::kymux_controller::server - Kynet accept failed: connection error: Endpoint closed
2026-09-15T23:52:27.630 WARN kycontroller::kymux_controller::server - Kynet accept failed: connection error: Endpoint closed
2026-09-15T23:52:27.630 WARN kycontroller::kymux_controller::server - Kynet accept failed: connection error: Endpoint closed
2026-09-15T23:52:27.630 WARN kycontroller::kymux_controller::server - Kynet accept failed: connection error: Endpoint closed
2026-09-15T23:52:27.630 WARN kycontroller::kymux_controller::server - Kynet accept failed: connection error: Endpoint closed
2026-09-15T23:52:27.630 WARN kycontroller::kymux_controller::server - Kynet accept failed: connection error: Endpoint closed
2026-09-15T23:52:27.630 WARN kycontroller::kymux_controller::server - Kynet accept failed: connection error: Endpoint closed
2026-09-15T23:52:27.630 WARN kycontroller::kymux_controller::server - Kynet accept failed: connection error: Endpoint closed
2026-09-15T23:52:27.630 WARN kycontroller::kymux_controller::server - Kynet accept failed: connection error: Endpoint closed
2026-09-15T23:52:27.630 WARN kycontroller::kymux_controller::server - Kynet accept failed: connection error: Endpoint closed
2026-09-15T23:52:27.630 WARN kycontroller::kymux_controller::server - Kynet accept failed: connection error: Endpoint closed
2026-09-15T23:52:27.630 WARN kycontroller::kymux_controller::server - Kynet accept failed: connection error: Endpoint closed
2026-09-15T23:52:27.630 WARN kycontroller::kymux_controller::server - Kynet accept failed: connection error: Endpoint closed
2026-09-15T23:52:27.630 WARN kycontroller::kymux_controller::server - Kynet accept failed: connection error: Endpoint closed
2026-09-15T23:52:27.630 WARN kycontroller::kymux_controller::server - Kynet accept failed: connection error: Endpoint closed
2026-09-15T23:52:27.630 WARN kycontroller::kymux_controller::server - Kynet accept failed: connection error: Endpoint closed
2026-09-15T23:52:27.630 WARN kycontroller::kymux_controller::server - Kynet accept failed: connection error: Endpoint closed
2026-09-15T23:52:27.630 WARN kycontroller::kymux_controller::server - Kynet accept failed: connection error: Endpoint closed
2026-09-15T23:52:27.630 WARN kycontroller::kymux_controller::server - Kynet accept failed: connection error: Endpoint closed
2026-09-15T23:52:27.630 WARN kycontroller::kymux_controller::server - Kynet accept failed: connection error: Endpoint closed
2026-09-15T23:52:27.630 WARN kycontroller::kymux_controller::server - Kynet accept failed: connection error: Endpoint closed
2026-09-15T23:52:27.630 WARN kycontroller::kymux_controller::server - Kynet accept failed: connection error: Endpoint closed
2026-09-15T23:52:27.630 WARN kycontroller::kymux_controller::server - Kynet accept failed: connection error: Endpoint closed
2026-09-15T23:52:27.630 WARN kycontroller::kymux_controller::server - Kynet accept failed: connection error: Endpoint closed
2026-09-15T23:52:27.630 WARN kycontroller::kymux_controller::server - Kynet accept failed: connection error: Endpoint closed
2026-09-15T23:52:27.630 WARN kycontroller::kymux_controller::server - Kynet accept failed: connection error: Endpoint closed
2026-09-15T23:52:27.630 WARN kycontroller::kymux_controller::server - Kynet accept failed: connection error: Endpoint closed
2026-09-15T23:52:27.630 WARN kycontroller::kymux_controller::server - Kynet accept failed: connection error: Endpoint closed
2026-09-15T23:52:27.630 WARN kycontroller::kymux_controller::server - Kynet accept failed: connection error: Endpoint closed
2026-09-15T23:52:27.630 WARN kycontroller::kymux_controller::server - Kynet accept failed: connection error: Endpoint closed
2026-09-15T23:52:27.630 WARN kycontroller::kymux_controller::server - Kynet accept failed: connection error: Endpoint closed
2026-09-15T23:52:27.630 WARN kycontroller::kymux_controller::server - Kynet accept failed: connection error: Endpoint closed
2026-09-15T23:52:27.630 WARN kycontroller::kymux_controller::server - Kynet accept failed: connection error: Endpoint closed
2026-09-15T23:52:27.630 WARN kycontroller::kymux_controller::server - Kynet accept failed: connection error: Endpoint closed
2026-09-15T23:52:27.630 WARN kycontroller::kymux_controller::server - Kynet accept failed: connection error: Endpoint closed
2026-09-15T23:52:27.630 WARN kycontroller::kymux_controller::server - Kynet accept failed: connection error: Endpoint closed
2026-09-15T23:52:27.630 WARN kycontroller::kymux_controller::server - Kynet accept failed: connection error: Endpoint closed
2026-09-15T23:52:27.630 WARN kycontroller::kymux_controller::server - Kynet accept failed: connection error: Endpoint closed
2026-09-15T23:52:27.630 WARN kycontroller::kymux_controller::server - Kynet accept failed: connection error: Endpoint closed
2026-09-15T23:52:27.630 WARN kycontroller::kymux_controller::server - Kynet accept failed: connection error: Endpoint closed
2026-09-15T23:52:27.630 WARN kycontroller::kymux_controller::server - Kynet accept failed: connection error: Endpoint closed
2026-09-15T23:52:27.630 WARN kycontroller::kymux_controller::server - Kynet accept failed: connection error: Endpoint closed
2026-09-15T23:52:27.630 WARN kycontroller::kymux_controller::server - Kynet accept failed: connection error: Endpoint closed
2026-09-15T23:52:27.630 WARN kycontroller::kymux_controller::server - Kynet accept failed: connection error: Endpoint closed
2026-09-15T23:52:27.630 WARN kycontroller::kymux_controller::server - Kynet accept failed: connection error: Endpoint closed
2026-09-15T23:52:27.630 WARN kycontroller::kymux_controller::server - Kynet accept failed: connection error: Endpoint closed
2026-09-15T23:52:27.630 WARN kycontroller::kymux_controller::server - Kynet accept failed: connection error: Endpoint closed
2026-09-15T23:52:27.630 WARN kycontroller::kymux_controller::server - Kynet accept failed: connection error: Endpoint closed
2026-09-15T23:52:27.630 WARN kycontroller::kymux_controller::server - Kynet accept failed: connection error: Endpoint closed
2026-09-15T23:52:27.630 WARN kycontroller::kymux_controller::server - Kynet accept failed: connection error: Endpoint closed
2026-09-15T23:52:27.630 WARN kycontroller::kymux_controller::server - Kynet accept failed: connection error: Endpoint closed
2026-09-15T23:52:27.630 WARN kycontroller::kymux_controller::server - Kynet accept failed: connection error: Endpoint closed
2026-09-15T23:52:27.630 WARN kycontroller::kymux_controller::server - Kynet accept failed: connection error: Endpoint closed
2026-09-15T23:52:27.630 WARN kycontroller::kymux_controller::server - Kynet accept failed: connection error: Endpoint closed
2026-09-15T23:52:27.630 WARN kycontroller::kymux_controller::server - Kynet accept failed: connection error: Endpoint closed
2026-09-15T23:52:27.630 WARN kycontroller::kymux_controller::server - Kynet accept failed: connection error: Endpoint closed
2026-09-15T23:52:27.630 WARN kycontroller::kymux_controller::server - Kynet accept failed: connection error: Endpoint closed
2026-09-15T23:52:27.631 WARN kycontroller::kymux_controller::server - Kynet accept failed: connection error: Endpoint closed
2026-09-15T23:52:27.631 WARN kycontroller::kymux_controller::server - Kynet accept failed: connection error: Endpoint closed
2026-09-15T23:52:27.631 WARN kycontroller::kymux_controller::server - Kynet accept failed: connection error: Endpoint closed
2026-09-15T23:52:27.631 WARN kycontroller::kymux_controller::server - Kynet accept failed: connection error: Endpoint closed
2026-09-15T23:52:27.631 WARN kycontroller::kymux_controller::server - Kynet accept failed: connection error: Endpoint closed
2026-09-15T23:52:27.631 WARN kycontroller::kymux_controller::server - Kynet accept failed: connection error: Endpoint closed
2026-09-15T23:52:27.631 WARN kycontroller::kymux_controller::server - Kynet accept failed: connection error: Endpoint closed
2026-09-15T23:52:27.631 WARN kycontroller::kymux_controller::server - Kynet accept failed: connection error: Endpoint closed
2026-09-15T23:52:27.631 WARN kycontroller::kymux_controller::server - Kynet accept failed: connection error: Endpoint closed
2026-09-15T23:52:27.631 WARN kycontroller::kymux_controller::server - Kynet accept failed: connection error: Endpoint closed
2026-09-15T23:52:27.631 WARN kycontroller::kymux_controller::server - Kynet accept failed: connection error: Endpoint closed
2026-09-15T23:52:27.631 WARN kycontroller::kymux_controller::server - Kynet accept failed: connection error: Endpoint closed
2026-09-15T23:52:27.631 WARN kycontroller::kymux_controller::server - Kynet accept failed: connection error: Endpoint closed
2026-09-15T23:52:27.631 WARN kycontroller::kymux_controller::server - Kynet accept failed: connection error: Endpoint closed
2026-09-15T23:52:27.631 WARN kycontroller::kymux_controller::server - Kynet accept failed: connection error: Endpoint closed
2026-09-15T23:52:27.631 WARN kycontroller::kymux_controller::server - Kynet accept failed: connection error: Endpoint closed
2026-09-15T23:52:27.631 WARN kycontroller::kymux_controller::server - Kynet accept failed: connection error: Endpoint closed
2026-09-15T23:52:27.631 WARN kycontroller::kymux_controller::server - Kynet accept failed: connection error: Endpoint closed
2026-09-15T23:52:27.631 WARN kycontroller::kymux_controller::server - Kynet accept failed: connection error: Endpoint closed
2026-09-15T23:52:27.631 WARN kycontroller::kymux_controller::server - Kynet accept failed: connection error: Endpoint closed
2026-09-15T23:52:27.631 WARN kycontroller::kymux_controller::server - Kynet accept failed: connection error: Endpoint closed
2026-09-15T23:52:27.631 WARN kycontroller::kymux_controller::server - Kynet accept failed: connection error: Endpoint closed
2026-09-15T23:52:27.631 WARN kycontroller::kymux_controller::server - Kynet accept failed: connection error: Endpoint closed
2026-09-15T23:52:27.631 WARN kycontroller::kymux_controller::server - Kynet accept failed: connection error: Endpoint closed
2026-09-15T23:52:27.631 WARN kycontroller::kymux_controller::server - Kynet accept failed: connection error: Endpoint closed
2026-09-15T23:52:27.631 WARN kycontroller::kymux_controller::server - Kynet accept failed: connection error: Endpoint closed
2026-09-15T23:52:27.631 WARN kycontroller::kymux_controller::server - Kynet accept failed: connection error: Endpoint closed
2026-09-15T23:52:27.631 WARN kycontroller::kymux_controller::server - Kynet accept failed: connection error: Endpoint closed
2026-09-15T23:52:27.631 WARN kycontroller::kymux_controller::server - Kynet accept failed: connection error: Endpoint closed
2026-09-15T23:52:27.631 WARN kycontroller::kymux_controller::server - Kynet accept failed: connection error: Endpoint closed
2026-09-15T23:52:27.631 WARN kycontroller::kymux_controller::server - Kynet accept failed: connection error: Endpoint closed
2026-09-15T23:52:27.631 WARN kycontroller::kymux_controller::server - Kynet accept failed: connection error: Endpoint closed
2026-09-15T23:52:27.631 WARN kycontroller::kymux_controller::server - Kynet accept failed: connection error: Endpoint closed
2026-09-15T23:52:27.631 WARN kycontroller::kymux_controller::server - Kynet accept failed: connection error: Endpoint closed
2026-09-15T23:52:27.631 WARN kycontroller::kymux_controller::server - Kynet accept failed: connection error: Endpoint closed
2026-09-15T23:52:27.631 WARN kycontroller::kymux_controller::server - Kynet accept failed: connection error: Endpoint closed
2026-09-15T23:52:27.631 WARN kycontroller::kymux_controller::server - Kynet accept failed: connection error: Endpoint closed
2026-09-15T23:52:27.631 WARN kycontroller::kymux_controller::server - Kynet accept failed: connection error: Endpoint closed
2026-09-15T23:52:27.631 WARN kycontroller::kymux_controller::server - Kynet accept failed: connection error: Endpoint closed
2026-09-15T23:52:27.631 WARN kycontroller::kymux_controller::server - Kynet accept failed: connection error: Endpoint closed
2026-09-15T23:52:27.631 WARN kycontroller::kymux_controller::server - Kynet accept failed: connection error: Endpoint closed
2026-09-15T23:52:27.631 WARN kycontroller::kymux_controller::server - Kynet accept failed: connection error: Endpoint closed
2026-09-15T23:52:27.631 WARN kycontroller::kymux_controller::server - Kynet accept failed: connection error: Endpoint closed
2026-09-15T23:52:27.631 WARN kycontroller::kymux_controller::server - Kynet accept failed: connection error: Endpoint closed
2026-09-15T23:52:27.631 WARN kycontroller::kymux_controller::server - Kynet accept failed: connection error: Endpoint closed
2026-09-15T23:52:27.631 WARN kycontroller::kymux_controller::server - Kynet accept failed: connection error: Endpoint closed
2026-09-15T23:52:27.631 WARN kycontroller::kymux_controller::server - Kynet accept failed: connection error: Endpoint closed
2026-09-15T23:52:27.631 WARN kycontroller::kymux_controller::server - Kynet accept failed: connection error: Endpoint closed
2026-09-15T23:52:27.631 WARN kycontroller::kymux_controller::server - Kynet accept failed: connection error: Endpoint closed
2026-09-15T23:52:27.631 WARN kycontroller::kymux_controller::server - Kynet accept failed: connection error: Endpoint closed
2026-09-15T23:52:27.631 WARN kycontroller::kymux_controller::server - Kynet accept failed: connection error: Endpoint closed
2026-09-15T23:52:27.631 WARN kycontroller::kymux_controller::server - Kynet accept failed: connection error: Endpoint closed
2026-09-15T23:52:27.631 WARN kycontroller::kymux_controller::server - Kynet accept failed: connection error: Endpoint closed
2026-09-15T23:52:27.631 WARN kycontroller::kymux_controller::server - Kynet accept failed: connection error: Endpoint closed
2026-09-15T23:52:27.631 WARN kycontroller::kymux_controller::server - Kynet accept failed: connection error: Endpoint closed
2026-09-15T23:52:27.631 WARN kycontroller::kymux_controller::server - Kynet accept failed: connection error: Endpoint closed
2026-09-15T23:52:27.631 WARN kycontroller::kymux_controller::server - Kynet accept failed: connection error: Endpoint closed
2026-09-15T23:52:27.631 WARN kycontroller::kymux_controller::server - Kynet accept failed: connection error: Endpoint closed
2026-09-15T23:52:27.631 WARN kycontroller::kymux_controller::server - Kynet accept failed: connection error: Endpoint closed
2026-09-15T23:52:27.631 WARN kycontroller::kymux_controller::server - Kynet accept failed: connection error: Endpoint closed
2026-09-15T23:52:27.631 WARN kycontroller::kymux_controller::server - Kynet accept failed: connection error: Endpoint closed
2026-09-15T23:52:27.631 WARN kycontroller::kymux_controller::server - Kynet accept failed: connection error: Endpoint closed
2026-09-15T23:52:27.631 WARN kycontroller::kymux_controller::server - Kynet accept failed: connection error: Endpoint closed
2026-09-15T23:52:27.631 WARN kycontroller::kymux_controller::server - Kynet accept failed: connection error: Endpoint closed
2026-09-15T23:52:27.631 WARN kycontroller::kymux_controller::server - Kynet accept failed: connection error: Endpoint closed
2026-09-15T23:52:27.631 WARN kycontroller::kymux_controller::server - Kynet accept failed: connection error: Endpoint closed
2026-09-15T23:52:27.631 WARN kycontroller::kymux_controller::server - Kynet accept failed: connection error: Endpoint closed
2026-09-15T23:52:27.631 WARN kycontroller::kymux_controller::server - Kynet accept failed: connection error: Endpoint closed
2026-09-15T23:52:27.631 WARN kycontroller::kymux_controller::server - Kynet accept failed: connection error: Endpoint closed
2026-09-15T23:52:27.632 WARN kycontroller::kymux_controller::server - Kynet accept failed: connection error: Endpoint closed
2026-09-15T23:52:27.632 WARN kycontroller::kymux_controller::server - Kynet accept failed: connection error: Endpoint closed
2026-09-15T23:52:27.632 WARN kycontroller::kymux_controller::server - Kynet accept failed: connection error: Endpoint closed
2026-09-15T23:52:27.632 WARN kycontroller::kymux_controller::server - Kynet accept failed: connection error: Endpoint closed
2026-09-15T23:52:27.632 WARN kycontroller::kymux_controller::server - Kynet accept failed: connection error: Endpoint closed
2026-09-15T23:52:27.632 WARN kycontroller::kymux_controller::server - Kynet accept failed: connection error: Endpoint closed
2026-09-15T23:52:27.632 WARN kycontroller::kymux_controller::server - Kynet accept failed: connection error: Endpoint closed
2026-09-15T23:52:27.632 WARN kycontroller::kymux_controller::server - Kynet accept failed: connection error: Endpoint closed
2026-09-15T23:52:27.632 WARN kycontroller::kymux_controller::server - Kynet accept failed: connection error: Endpoint closed
2026-09-15T23:52:27.632 WARN kycontroller::kymux_controller::server - Kynet accept failed: connection error: Endpoint closed
2026-09-15T23:52:27.632 WARN kycontroller::kymux_controller::server - Kynet accept failed: connection error: Endpoint closed
2026-09-15T23:52:27.632 WARN kycontroller::kymux_controller::server - Kynet accept failed: connection error: Endpoint closed
2026-09-15T23:52:27.632 WARN kycontroller::kymux_controller::server - Kynet accept failed: connection error: Endpoint closed
2026-09-15T23:52:27.632 WARN kycontroller::kymux_controller::server - Kynet accept failed: connection error: Endpoint closed
2026-09-15T23:52:27.632 WARN kycontroller::kymux_controller::server - Kynet accept failed: connection error: Endpoint closed
2026-09-15T23:52:27.632 WARN kycontroller::kymux_controller::server - Kynet accept failed: connection error: Endpoint closed
2026-09-15T23:52:27.632 WARN kycontroller::kymux_controller::server - Kynet accept failed: connection error: Endpoint closed
2026-09-15T23:52:27.632 WARN kycontroller::kymux_controller::server - Kynet accept failed: connection error: Endpoint closed
2026-09-15T23:52:27.632 WARN kycontroller::kymux_controller::server - Kynet accept failed: connection error: Endpoint closed
2026-09-15T23:52:27.632 WARN kycontroller::kymux_controller::server - Kynet accept failed: connection error: Endpoint closed
2026-09-15T23:52:27.632 WARN kycontroller::kymux_controller::server - Kynet accept failed: connection error: Endpoint closed
2026-09-15T23:52:27.632 WARN kycontroller::kymux_controller::server - Kynet accept failed: connection error: Endpoint closed
2026-09-15T23:52:27.632 WARN kycontroller::kymux_controller::server - Kynet accept failed: connection error: Endpoint closed
2026-09-15T23:52:27.632 WARN kycontroller::kymux_controller::server - Kynet accept failed: connection error: Endpoint closed
2026-09-15T23:52:27.632 WARN kycontroller::kymux_controller::server - Kynet accept failed: connection error: Endpoint closed
2026-09-15T23:52:27.632 WARN kycontroller::kymux_controller::server - Kynet accept failed: connection error: Endpoint closed
2026-09-15T23:52:27.632 WARN kycontroller::kymux_controller::server - Kynet accept failed: connection error: Endpoint closed
2026-09-15T23:52:27.632 WARN kycontroller::kymux_controller::server - Kynet accept failed: connection error: Endpoint closed
2026-09-15T23:52:27.632 WARN kycontroller::kymux_controller::server - Kynet accept failed: connection error: Endpoint closed
2026-09-15T23:52:27.632 WARN kycontroller::kymux_controller::server - Kynet accept failed: connection error: Endpoint closed
2026-09-15T23:52:27.632 WARN kycontroller::kymux_controller::server - Kynet accept failed: connection error: Endpoint closed
2026-09-15T23:52:27.632 WARN kycontroller::kymux_controller::server - Kynet accept failed: connection error: Endpoint closed
2026-09-15T23:52:27.632 WARN kycontroller::kymux_controller::server - Kynet accept failed: connection error: Endpoint closed
2026-09-15T23:52:27.632 WARN kycontroller::kymux_controller::server - Kynet accept failed: connection error: Endpoint closed
2026-09-15T23:52:27.632 WARN kycontroller::kymux_controller::server - Kynet accept failed: connection error: Endpoint closed
2026-09-15T23:52:27.632 WARN kycontroller::kymux_controller::server - Kynet accept failed: connection error: Endpoint closed
2026-09-15T23:52:27.632 WARN kycontroller::kymux_controller::server - Kynet accept failed: connection error: Endpoint closed
2026-09-15T23:52:27.632 WARN kycontroller::kymux_controller::server - Kynet accept failed: connection error: Endpoint closed
2026-09-15T23:52:27.632 WARN kycontroller::kymux_controller::server - Kynet accept failed: connection error: Endpoint closed
2026-09-15T23:52:27.632 WARN kycontroller::kymux_controller::server - Kynet accept failed: connection error: Endpoint closed
2026-09-15T23:52:27.632 WARN kycontroller::kymux_controller::server - Kynet accept failed: connection error: Endpoint closed
2026-09-15T23:52:27.632 WARN kycontroller::kymux_controller::server - Kynet accept failed: connection error: Endpoint closed
2026-09-15T23:52:27.632 WARN kycontroller::kymux_controller::server - Kynet accept failed: connection error: Endpoint closed
2026-09-15T23:52:27.632 WARN kycontroller::kymux_controller::server - Kynet accept failed: connection error: Endpoint closed
2026-09-15T23:52:27.632 WARN kycontroller::kymux_controller::server - Kynet accept failed: connection error: Endpoint closed
2026-09-15T23:52:27.632 WARN kycontroller::kymux_controller::server - Kynet accept failed: connection error: Endpoint closed
2026-09-15T23:52:27.632 WARN kycontroller::kymux_controller::server - Kynet accept failed: connection error: Endpoint closed
2026-09-15T23:52:27.632 WARN kycontroller::kymux_controller::server - Kynet accept failed: connection error: Endpoint closed
2026-09-15T23:52:27.632 WARN kycontroller::kymux_controller::server - Kynet accept failed: connection error: Endpoint closed
2026-09-15T23:52:27.632 WARN kycontroller::kymux_controller::server - Kynet accept failed: connection error: Endpoint closed
2026-09-15T23:52:27.632 WARN kycontroller::kymux_controller::server - Kynet accept failed: connection error: Endpoint closed
2026-09-15T23:52:27.632 WARN kycontroller::kymux_controller::server - Kynet accept failed: connection error: Endpoint closed
2026-09-15T23:52:27.632 WARN kycontroller::kymux_controller::server - Kynet accept failed: connection error: Endpoint closed
2026-09-15T23:52:27.632 WARN kycontroller::kymux_controller::server - Kynet accept failed: connection error: Endpoint closed
2026-09-15T23:52:27.632 WARN kycontroller::kymux_controller::server - Kynet accept failed: connection error: Endpoint closed
2026-09-15T23:52:27.632 WARN kycontroller::kymux_controller::server - Kynet accept failed: connection error: Endpoint closed
2026-09-15T23:52:27.632 WARN kycontroller::kymux_controller::server - Kynet accept failed: connection error: Endpoint closed
2026-09-15T23:52:27.632 WARN kycontroller::kymux_controller::server - Kynet accept failed: connection error: Endpoint closed
2026-09-15T23:52:27.632 WARN kycontroller::kymux_controller::server - Kynet accept failed: connection error: Endpoint closed
2026-09-15T23:52:27.632 WARN kycontroller::kymux_controller::server - Kynet accept failed: connection error: Endpoint closed
2026-09-15T23:52:27.632 WARN kycontroller::kymux_controller::server - Kynet accept failed: connection error: Endpoint closed
2026-09-15T23:52:27.632 WARN kycontroller::kymux_controller::server - Kynet accept failed: connection error: Endpoint closed
2026-09-15T23:52:27.632 WARN kycontroller::kymux_controller::server - Kynet accept failed: connection error: Endpoint closed
2026-09-15T23:52:27.632 WARN kycontroller::kymux_controller::server - Kynet accept failed: connection error: Endpoint closed
2026-09-15T23:52:27.632 WARN kycontroller::kymux_controller::server - Kynet accept failed: connection error: Endpoint closed
2026-09-15T23:52:27.632 WARN kycontroller::kymux_controller::server - Kynet accept failed: connection error: Endpoint closed
2026-09-15T23:52:27.632 WARN kycontroller::kymux_controller::server - Kynet accept failed: connection error: Endpoint closed
2026-09-15T23:52:27.632 WARN kycontroller::kymux_controller::server - Kynet accept failed: connection error: Endpoint closed
2026-09-15T23:52:27.632 WARN kycontroller::kymux_controller::server - Kynet accept failed: connection error: Endpoint closed
2026-09-15T23:52:27.632 WARN kycontroller::kymux_controller::server - Kynet accept failed: connection error: Endpoint closed
2026-09-15T23:52:27.632 WARN kycontroller::kymux_controller::server - Kynet accept failed: connection error: Endpoint closed
2026-09-15T23:52:27.632 WARN kycontroller::kymux_controller::server - Kynet accept failed: connection error: Endpoint closed
2026-09-15T23:52:27.632 WARN kycontroller::kymux_controller::server - Kynet accept failed: connection error: Endpoint closed
2026-09-15T23:52:27.632 WARN kycontroller::kymux_controller::server - Kynet accept failed: connection error: Endpoint closed
2026-09-15T23:52:27.632 WARN kycontroller::kymux_controller::server - Kynet accept failed: connection error: Endpoint closed
2026-09-15T23:52:27.632 WARN kycontroller::kymux_controller::server - Kynet accept failed: connection error: Endpoint closed
2026-09-15T23:52:27.632 WARN kycontroller::kymux_controller::server - Kynet accept failed: connection error: Endpoint closed
2026-09-15T23:52:27.632 WARN kycontroller::kymux_controller::server - Kynet accept failed: connection error: Endpoint closed
2026-09-15T23:52:27.632 WARN kycontroller::kymux_controller::server - Kynet accept failed: connection error: Endpoint closed
2026-09-15T23:52:27.632 WARN kycontroller::kymux_controller::server - Kynet accept failed: connection error: Endpoint closed
2026-09-15T23:52:27.632 WARN kycontroller::kymux_controller::server - Kynet accept failed: connection error: Endpoint closed
2026-09-15T23:52:27.632 WARN kycontroller::kymux_controller::server - Kynet accept failed: connection error: Endpoint closed
2026-09-15T23:52:27.632 WARN kycontroller::kymux_controller::server - Kynet accept failed: connection error: Endpoint closed
2026-09-15T23:52:27.632 WARN kycontroller::kymux_controller::server - Kynet accept failed: connection error: Endpoint closed
2026-09-15T23:52:27.632 WARN kycontroller::kymux_controller::server - Kynet accept failed: connection error: Endpoint closed
2026-09-15T23:52:27.632 WARN kycontroller::kymux_controller::server - Kynet accept failed: connection error: Endpoint closed
2026-09-15T23:52:27.632 WARN kycontroller::kymux_controller::server - Kynet accept failed: connection error: Endpoint closed
2026-09-15T23:52:27.632 WARN kycontroller::kymux_controller::server - Kynet accept failed: connection error: Endpoint closed
2026-09-15T23:52:27.633 WARN kycontroller::kymux_controller::server - Kynet accept failed: connection error: Endpoint closed
2026-09-15T23:52:27.633 WARN kycontroller::kymux_controller::server - Kynet accept failed: connection error: Endpoint closed
2026-09-15T23:52:27.633 WARN kycontroller::kymux_controller::server - Kynet accept failed: connection error: Endpoint closed
2026-09-15T23:52:27.633 WARN kycontroller::kymux_controller::server - Kynet accept failed: connection error: Endpoint closed
2026-09-15T23:52:27.633 WARN kycontroller::kymux_controller::server - Kynet accept failed: connection error: Endpoint closed
2026-09-15T23:52:27.633 WARN kycontroller::kymux_controller::server - Kynet accept failed: connection error: Endpoint closed
2026-09-15T23:52:27.633 WARN kycontroller::kymux_controller::server - Kynet accept failed: connection error: Endpoint closed
2026-09-15T23:52:27.633 WARN kycontroller::kymux_controller::server - Kynet accept failed: connection error: Endpoint closed
2026-09-15T23:52:27.633 WARN kycontroller::kymux_controller::server - Kynet accept failed: connection error: Endpoint closed
2026-09-15T23:52:27.633 WARN kycontroller::kymux_controller::server - Kynet accept failed: connection error: Endpoint closed
2026-09-15T23:52:27.633 WARN kycontroller::kymux_controller::server - Kynet accept failed: connection error: Endpoint closed
2026-09-15T23:52:27.633 WARN kycontroller::kymux_controller::server - Kynet accept failed: connection error: Endpoint closed
2026-09-15T23:52:27.633 WARN kycontroller::kymux_controller::server - Kynet accept failed: connection error: Endpoint closed
2026-09-15T23:52:27.633 WARN kycontroller::kymux_controller::server - Kynet accept failed: connection error: Endpoint closed
2026-09-15T23:52:27.633 WARN kycontroller::kymux_controller::server - Kynet accept failed: connection error: Endpoint closed
2026-09-15T23:52:27.633 WARN kycontroller::kymux_controller::server - Kynet accept failed: connection error: Endpoint closed
2026-09-15T23:52:27.633 WARN kycontroller::kymux_controller::server - Kynet accept failed: connection error: Endpoint closed
2026-09-15T23:52:27.633 WARN kycontroller::kymux_controller::server - Kynet accept failed: connection error: Endpoint closed
2026-09-15T23:52:27.633 WARN kycontroller::kymux_controller::server - Kynet accept failed: connection error: Endpoint closed
2026-09-15T23:52:27.633 WARN kycontroller::kymux_controller::server - Kynet accept failed: connection error: Endpoint closed
2026-09-15T23:52:27.633 WARN kycontroller::kymux_controller::server - Kynet accept failed: connection error: Endpoint closed
2026-09-15T23:52:27.633 WARN kycontroller::kymux_controller::server - Kynet accept failed: connection error: Endpoint closed
2026-09-15T23:52:27.633 WARN kycontroller::kymux_controller::server - Kynet accept failed: connection error: Endpoint closed
2026-09-15T23:52:27.633 WARN kycontroller::kymux_controller::server - Kynet accept failed: connection error: Endpoint closed
2026-09-15T23:52:27.633 WARN kycontroller::kymux_controller::server - Kynet accept failed: connection error: Endpoint closed
2026-09-15T23:52:27.633 WARN kycontroller::kymux_controller::server - Kynet accept failed: connection error: Endpoint closed
2026-09-15T23:52:27.633 WARN kycontroller::kymux_controller::server - Kynet accept failed: connection error: Endpoint closed
2026-09-15T23:52:27.633 WARN kycontroller::kymux_controller::server - Kynet accept failed: connection error: Endpoint closed
2026-09-15T23:52:27.633 WARN kycontroller::kymux_controller::server - Kynet accept failed: connection error: Endpoint closed
2026-09-15T23:52:27.633 WARN kycontroller::kymux_controller::server - Kynet accept failed: connection error: Endpoint closed
2026-09-15T23:52:27.633 WARN kycontroller::kymux_controller::server - Kynet accept failed: connection error: Endpoint closed
2026-09-15T23:52:27.633 WARN kycontroller::kymux_controller::server - Kynet accept failed: connection error: Endpoint closed
2026-09-15T23:52:27.633 WARN kycontroller::kymux_controller::server - Kynet accept failed: connection error: Endpoint closed
2026-09-15T23:52:27.633 WARN kycontroller::kymux_controller::server - Kynet accept failed: connection error: Endpoint closed
2026-09-15T23:52:27.633 WARN kycontroller::kymux_controller::server - Kynet accept failed: connection error: Endpoint closed
2026-09-15T23:52:27.633 WARN kycontroller::kymux_controller::server - Kynet accept failed: connection error: Endpoint closed
2026-09-15T23:52:27.633 WARN kycontroller::kymux_controller::server - Kynet accept failed: connection error: Endpoint closed
2026-09-15T23:52:27.633 WARN kycontroller::kymux_controller::server - Kynet accept failed: connection error: Endpoint closed
2026-09-15T23:52:27.633 WARN kycontroller::kymux_controller::server - Kynet accept failed: connection error: Endpoint closed
2026-09-15T23:52:27.633 WARN kycontroller::kymux_controller::server - Kynet accept failed: connection error: Endpoint closed
2026-09-15T23:52:27.633 WARN kycontroller::kymux_controller::server - Kynet accept failed: connection error: Endpoint closed
2026-09-15T23:52:27.633 WARN kycontroller::kymux_controller::server - Kynet accept failed: connection error: Endpoint closed
2026-09-15T23:52:27.633 WARN kycontroller::kymux_controller::server - Kynet accept failed: connection error: Endpoint closed
2026-09-15T23:52:27.633 WARN kycontroller::kymux_controller::server - Kynet accept failed: connection error: Endpoint closed
2026-09-15T23:52:27.633 WARN kycontroller::kymux_controller::server - Kynet accept failed: connection error: Endpoint closed
2026-09-15T23:52:27.633 WARN kycontroller::kymux_controller::server - Kynet accept failed: connection error: Endpoint closed
2026-09-15T23:52:27.633 WARN kycontroller::kymux_controller::server - Kynet accept failed: connection error: Endpoint closed
2026-09-15T23:52:27.633 WARN kycontroller::kymux_controller::server - Kynet accept failed: connection error: Endpoint closed
2026-09-15T23:52:27.633 WARN kycontroller::kymux_controller::server - Kynet accept failed: connection error: Endpoint closed
2026-09-15T23:52:27.633 WARN kycontroller::kymux_controller::server - Kynet accept failed: connection error: Endpoint closed
2026-09-15T23:52:27.633 WARN kycontroller::kymux_controller::server - Kynet accept failed: connection error: Endpoint closed
2026-09-15T23:52:27.633 WARN kycontroller::kymux_controller::server - Kynet accept failed: connection error: Endpoint closed
2026-09-15T23:52:27.633 WARN kycontroller::kymux_controller::server - Kynet accept failed: connection error: Endpoint closed
2026-09-15T23:52:27.633 WARN kycontroller::kymux_controller::server - Kynet accept failed: connection error: Endpoint closed
2026-09-15T23:52:27.633 WARN kycontroller::kymux_controller::server - Kynet accept failed: connection error: Endpoint closed
2026-09-15T23:52:27.633 WARN kycontroller::kymux_controller::server - Kynet accept failed: connection error: Endpoint closed
2026-09-15T23:52:27.633 WARN kycontroller::kymux_controller::server - Kynet accept failed: connection error: Endpoint closed
2026-09-15T23:52:27.633 WARN kycontroller::kymux_controller::server - Kynet accept failed: connection error: Endpoint closed
2026-09-15T23:52:27.633 WARN kycontroller::kymux_controller::server - Kynet accept failed: connection error: Endpoint closed
2026-09-15T23:52:27.633 WARN kycontroller::kymux_controller::server - Kynet accept failed: connection error: Endpoint closed
2026-09-15T23:52:27.633 WARN kycontroller::kymux_controller::server - Kynet accept failed: connection error: Endpoint closed
2026-09-15T23:52:27.633 WARN kycontroller::kymux_controller::server - Kynet accept failed: connection error: Endpoint closed
2026-09-15T23:52:27.633 WARN kycontroller::kymux_controller::server - Kynet accept failed: connection error: Endpoint closed
2026-09-15T23:52:27.633 WARN kycontroller::kymux_controller::server - Kynet accept failed: connection error: Endpoint closed
2026-09-15T23:52:27.633 WARN kycontroller::kymux_controller::server - Kynet accept failed: connection error: Endpoint closed
2026-09-15T23:52:27.633 WARN kycontroller::kymux_controller::server - Kynet accept failed: connection error: Endpoint closed
2026-09-15T23:52:27.633 WARN kycontroller::kymux_controller::server - Kynet accept failed: connection error: Endpoint closed
2026-09-15T23:52:27.633 WARN kycontroller::kymux_controller::server - Kynet accept failed: connection error: Endpoint closed
2026-09-15T23:52:27.633 WARN kycontroller::kymux_controller::server - Kynet accept failed: connection error: Endpoint closed
2026-09-15T23:52:27.633 WARN kycontroller::kymux_controller::server - Kynet accept failed: connection error: Endpoint closed
2026-09-15T23:52:27.633 WARN kycontroller::kymux_controller::server - Kynet accept failed: connection error: Endpoint closed
2026-09-15T23:52:27.633 WARN kycontroller::kymux_controller::server - Kynet accept failed: connection error: Endpoint closed
2026-09-15T23:52:27.633 WARN kycontroller::kymux_controller::server - Kynet accept failed: connection error: Endpoint closed
2026-09-15T23:52:27.633 WARN kycontroller::kymux_controller::server - Kynet accept failed: connection error: Endpoint closed
2026-09-15T23:52:27.633 WARN kycontroller::kymux_controller::server - Kynet accept failed: connection error: Endpoint closed
2026-09-15T23:52:27.633 WARN kycontroller::kymux_controller::server - Kynet accept failed: connection error: Endpoint closed
2026-09-15T23:52:27.633 WARN kycontroller::kymux_controller::server - Kynet accept failed: connection error: Endpoint closed
2026-09-15T23:52:27.633 WARN kycontroller::kymux_controller::server - Kynet accept failed: connection error: Endpoint closed
2026-09-15T23:52:27.633 WARN kycontroller::kymux_controller::server - Kynet accept failed: connection error: Endpoint closed
2026-09-15T23:52:27.633 WARN kycontroller::kymux_controller::server - Kynet accept failed: connection error: Endpoint closed
2026-09-15T23:52:27.633 WARN kycontroller::kymux_controller::server - Kynet accept failed: connection error: Endpoint closed
2026-09-15T23:52:27.633 WARN kycontroller::kymux_controller::server - Kynet accept failed: connection error: Endpoint closed
2026-09-15T23:52:27.633 WARN kycontroller::kymux_controller::server - Kynet accept failed: connection error: Endpoint closed
2026-09-15T23:52:27.633 WARN kycontroller::kymux_controller::server - Kynet accept failed: connection error: Endpoint closed
2026-09-15T23:52:27.633 WARN kycontroller::kymux_controller::server - Kynet accept failed: connection error: Endpoint closed
2026-09-15T23:52:27.633 WARN kycontroller::kymux_controller::server - Kynet accept failed: connection error: Endpoint closed
2026-09-15T23:52:27.633 WARN kycontroller::kymux_controller::server - Kynet accept failed: connection error: Endpoint closed
2026-09-15T23:52:27.634 WARN kycontroller::kymux_controller::server - Kynet accept failed: connection error: Endpoint closed
2026-09-15T23:52:27.634 WARN kycontroller::kymux_controller::server - Kynet accept failed: connection error: Endpoint closed
2026-09-15T23:52:27.634 WARN kycontroller::kymux_controller::server - Kynet accept failed: connection error: Endpoint closed
2026-09-15T23:52:27.634 WARN kycontroller::kymux_controller::server - Kynet accept failed: connection error: Endpoint closed
2026-09-15T23:52:27.634 WARN kycontroller::kymux_controller::server - Kynet accept failed: connection error: Endpoint closed
2026-09-15T23:52:27.634 WARN kycontroller::kymux_controller::server - Kynet accept failed: connection error: Endpoint closed
2026-09-15T23:52:27.634 WARN kycontroller::kymux_controller::server - Kynet accept failed: connection error: Endpoint closed
2026-09-15T23:52:27.634 WARN kycontroller::kymux_controller::server - Kynet accept failed: connection error: Endpoint closed
2026-09-15T23:52:27.634 WARN kycontroller::kymux_controller::server - Kynet accept failed: connection error: Endpoint closed
2026-09-15T23:52:27.634 WARN kycontroller::kymux_controller::server - Kynet accept failed: connection error: Endpoint closed
2026-09-15T23:52:27.634 WARN kycontroller::kymux_controller::server - Kynet accept failed: connection error: Endpoint closed
2026-09-15T23:52:27.634 WARN kycontroller::kymux_controller::server - Kynet accept failed: connection error: Endpoint closed
2026-09-15T23:52:27.634 WARN kycontroller::kymux_controller::server - Kynet accept failed: connection error: Endpoint closed
2026-09-15T23:52:27.634 WARN kycontroller::kymux_controller::server - Kynet accept failed: connection error: Endpoint closed
2026-09-15T23:52:27.634 WARN kycontroller::kymux_controller::server - Kynet accept failed: connection error: Endpoint closed
2026-09-15T23:52:27.634 WARN kycontroller::kymux_controller::server - Kynet accept failed: connection error: Endpoint closed
2026-09-15T23:52:27.634 WARN kycontroller::kymux_controller::server - Kynet accept failed: connection error: Endpoint closed
2026-09-15T23:52:27.634 WARN kycontroller::kymux_controller::server - Kynet accept failed: connection error: Endpoint closed
2026-09-15T23:52:27.634 WARN kycontroller::kymux_controller::server - Kynet accept failed: connection error: Endpoint closed
2026-09-15T23:52:27.634 WARN kycontroller::kymux_controller::server - Kynet accept failed: connection error: Endpoint closed
2026-09-15T23:52:27.634 WARN kycontroller::kymux_controller::server - Kynet accept failed: connection error: Endpoint closed
2026-09-15T23:52:27.634 WARN kycontroller::kymux_controller::server - Kynet accept failed: connection error: Endpoint closed
2026-09-15T23:52:27.634 WARN kycontroller::kymux_controller::server - Kynet accept failed: connection error: Endpoint closed
2026-09-15T23:52:27.634 WARN kycontroller::kymux_controller::server - Kynet accept failed: connection error: Endpoint closed
2026-09-15T23:52:27.634 WARN kycontroller::kymux_controller::server - Kynet accept failed: connection error: Endpoint closed
2026-09-15T23:52:27.634 WARN kycontroller::kymux_controller::server - Kynet accept failed: connection error: Endpoint closed
2026-09-15T23:52:27.634 WARN kycontroller::kymux_controller::server - Kynet accept failed: connection error: Endpoint closed
2026-09-15T23:52:27.634 WARN kycontroller::kymux_controller::server - Kynet accept failed: connection error: Endpoint closed
2026-09-15T23:52:27.634 WARN kycontroller::kymux_controller::server - Kynet accept failed: connection error: Endpoint closed
2026-09-15T23:52:27.634 WARN kycontroller::kymux_controller::server - Kynet accept failed: connection error: Endpoint closed
2026-09-15T23:52:27.634 WARN kycontroller::kymux_controller::server - Kynet accept failed: connection error: Endpoint closed
2026-09-15T23:52:27.634 WARN kycontroller::kymux_controller::server - Kynet accept failed: connection error: Endpoint closed
2026-09-15T23:52:27.634 WARN kycontroller::kymux_controller::server - Kynet accept failed: connection error: Endpoint closed
2026-09-15T23:52:27.634 WARN kycontroller::kymux_controller::server - Kynet accept failed: connection error: Endpoint closed
2026-09-15T23:52:27.634 WARN kycontroller::kymux_controller::server - Kynet accept failed: connection error: Endpoint closed
2026-09-15T23:52:27.634 WARN kycontroller::kymux_controller::server - Kynet accept failed: connection error: Endpoint closed
2026-09-15T23:52:27.634 WARN kycontroller::kymux_controller::server - Kynet accept failed: connection error: Endpoint closed
2026-09-15T23:52:27.634 WARN kycontroller::kymux_controller::server - Kynet accept failed: connection error: Endpoint closed
2026-09-15T23:52:27.634 WARN kycontroller::kymux_controller::server - Kynet accept failed: connection error: Endpoint closed
2026-09-15T23:52:27.634 WARN kycontroller::kymux_controller::server - Kynet accept failed: connection error: Endpoint closed
2026-09-15T23:52:27.634 WARN kycontroller::kymux_controller::server - Kynet accept failed: connection error: Endpoint closed
2026-09-15T23:52:27.634 WARN kycontroller::kymux_controller::server - Kynet accept failed: connection error: Endpoint closed
2026-09-15T23:52:27.634 WARN kycontroller::kymux_controller::server - Kynet accept failed: connection error: Endpoint closed
2026-09-15T23:52:27.634 WARN kycontroller::kymux_controller::server - Kynet accept failed: connection error: Endpoint closed
2026-09-15T23:52:27.634 WARN kycontroller::kymux_controller::server - Kynet accept failed: connection error: Endpoint closed
2026-09-15T23:52:27.634 WARN kycontroller::kymux_controller::server - Kynet accept failed: connection error: Endpoint closed
2026-09-15T23:52:27.634 WARN kycontroller::kymux_controller::server - Kynet accept failed: connection error: Endpoint closed
2026-09-15T23:52:27.634 WARN kycontroller::kymux_controller::server - Kynet accept failed: connection error: Endpoint closed
2026-09-15T23:52:27.634 WARN kycontroller::kymux_controller::server - Kynet accept failed: connection error: Endpoint closed
2026-09-15T23:52:27.634 WARN kycontroller::kymux_controller::server - Kynet accept failed: connection error: Endpoint closed
2026-09-15T23:52:27.634 WARN kycontroller::kymux_controller::server - Kynet accept failed: connection error: Endpoint closed
2026-09-15T23:52:27.634 WARN kycontroller::kymux_controller::server - Kynet accept failed: connection error: Endpoint closed
2026-09-15T23:52:27.634 WARN kycontroller::kymux_controller::server - Kynet accept failed: connection error: Endpoint closed
2026-09-15T23:52:27.634 WARN kycontroller::kymux_controller::server - Kynet accept failed: connection error: Endpoint closed
2026-09-15T23:52:27.634 WARN kycontroller::kymux_controller::server - Kynet accept failed: connection error: Endpoint closed
2026-09-15T23:52:27.634 WARN kycontroller::kymux_controller::server - Kynet accept failed: connection error: Endpoint closed
2026-09-15T23:52:27.634 WARN kycontroller::kymux_controller::server - Kynet accept failed: connection error: Endpoint closed
2026-09-15T23:52:27.634 WARN kycontroller::kymux_controller::server - Kynet accept failed: connection error: Endpoint closed
2026-09-15T23:52:27.634 WARN kycontroller::kymux_controller::server - Kynet accept failed: connection error: Endpoint closed
2026-09-15T23:52:27.634 WARN kycontroller::kymux_controller::server - Kynet accept failed: connection error: Endpoint closed
2026-09-15T23:52:27.634 WARN kycontroller::kymux_controller::server - Kynet accept failed: connection error: Endpoint closed
2026-09-15T23:52:27.634 WARN kycontroller::kymux_controller::server - Kynet accept failed: connection error: Endpoint closed
2026-09-15T23:52:27.634 WARN kycontroller::kymux_controller::server - Kynet accept failed: connection error: Endpoint closed
2026-09-15T23:52:27.634 WARN kycontroller::kymux_controller::server - Kynet accept failed: connection error: Endpoint closed
2026-09-15T23:52:27.634 WARN kycontroller::kymux_controller::server - Kynet accept failed: connection error: Endpoint closed
2026-09-15T23:52:27.634 WARN kycontroller::kymux_controller::server - Kynet accept failed: connection error: Endpoint closed
2026-09-15T23:52:27.634 WARN kycontroller::kymux_controller::server - Kynet accept failed: connection error: Endpoint closed
2026-09-15T23:52:27.634 WARN kycontroller::kymux_controller::server - Kynet accept failed: connection error: Endpoint closed
2026-09-15T23:52:27.634 WARN kycontroller::kymux_controller::server - Kynet accept failed: connection error: Endpoint closed
2026-09-15T23:52:27.634 WARN kycontroller::kymux_controller::server - Kynet accept failed: connection error: Endpoint closed
2026-09-15T23:52:27.634 WARN kycontroller::kymux_controller::server - Kynet accept failed: connection error: Endpoint closed
2026-09-15T23:52:27.634 WARN kycontroller::kymux_controller::server - Kynet accept failed: connection error: Endpoint closed
2026-09-15T23:52:27.634 WARN kycontroller::kymux_controller::server - Kynet accept failed: connection error: Endpoint closed
2026-09-15T23:52:27.634 WARN kycontroller::kymux_controller::server - Kynet accept failed: connection error: Endpoint closed
2026-09-15T23:52:27.634 WARN kycontroller::kymux_controller::server - Kynet accept failed: connection error: Endpoint closed
2026-09-15T23:52:27.634 WARN kycontroller::kymux_controller::server - Kynet accept failed: connection error: Endpoint closed
2026-09-15T23:52:27.634 WARN kycontroller::kymux_controller::server - Kynet accept failed: connection error: Endpoint closed
2026-09-15T23:52:27.634 WARN kycontroller::kymux_controller::server - Kynet accept failed: connection error: Endpoint closed
2026-09-15T23:52:27.634 WARN kycontroller::kymux_controller::server - Kynet accept failed: connection error: Endpoint closed
2026-09-15T23:52:27.634 WARN kycontroller::kymux_controller::server - Kynet accept failed: connection error: Endpoint closed
2026-09-15T23:52:27.634 WARN kycontroller::kymux_controller::server - Kynet accept failed: connection error: Endpoint closed
2026-09-15T23:52:27.634 WARN kycontroller::kymux_controller::server - Kynet accept failed: connection error: Endpoint closed
2026-09-15T23:52:27.634 WARN kycontroller::kymux_controller::server - Kynet accept failed: connection error: Endpoint closed
2026-09-15T23:52:27.634 WARN kycontroller::kymux_controller::server - Kynet accept failed: connection error: Endpoint closed
2026-09-15T23:52:27.634 WARN kycontroller::kymux_controller::server - Kynet accept failed: connection error: Endpoint closed
2026-09-15T23:52:27.634 WARN kycontroller::kymux_controller::server - Kynet accept failed: connection error: Endpoint closed
2026-09-15T23:52:27.634 WARN kycontroller::kymux_controller::server - Kynet accept failed: connection error: Endpoint closed
2026-09-15T23:52:27.634 WARN kycontroller::kymux_controller::server - Kynet accept failed: connection error: Endpoint closed
2026-09-15T23:52:27.634 WARN kycontroller::kymux_controller::server - Kynet accept failed: connection error: Endpoint closed
2026-09-15T23:52:27.634 WARN kycontroller::kymux_controller::server - Kynet accept failed: connection error: Endpoint closed
2026-09-15T23:52:27.634 WARN kycontroller::kymux_controller::server - Kynet accept failed: connection error: Endpoint closed
2026-09-15T23:52:27.634 WARN kycontroller::kymux_controller::server - Kynet accept failed: connection error: Endpoint closed
2026-09-15T23:52:27.634 WARN kycontroller::kymux_controller::server - Kynet accept failed: connection error: Endpoint closed
2026-09-15T23:52:27.634 WARN kycontroller::kymux_controller::server - Kynet accept failed: connection error: Endpoint closed
2026-09-15T23:52:27.634 WARN kycontroller::kymux_controller::server - Kynet accept failed: connection error: Endpoint closed
2026-09-15T23:52:27.634 WARN kycontroller::kymux_controller::server - Kynet accept failed: connection error: Endpoint closed
2026-09-15T23:52:27.634 WARN kycontroller::kymux_controller::server - Kynet accept failed: connection error: Endpoint closed
2026-09-15T23:52:27.635 WARN kycontroller::kymux_controller::server - Kynet accept failed: connection error: Endpoint closed
2026-09-15T23:52:27.635 WARN kycontroller::kymux_controller::server - Kynet accept failed: connection error: Endpoint closed
2026-09-15T23:52:27.635 WARN kycontroller::kymux_controller::server - Kynet accept failed: connection error: Endpoint closed
2026-09-15T23:52:27.635 WARN kycontroller::kymux_controller::server - Kynet accept failed: connection error: Endpoint closed
2026-09-15T23:52:27.635 WARN kycontroller::kymux_controller::server - Kynet accept failed: connection error: Endpoint closed
2026-09-15T23:52:27.635 WARN kycontroller::kymux_controller::server - Kynet accept failed: connection error: Endpoint closed
2026-09-15T23:52:27.635 WARN kycontroller::kymux_controller::server - Kynet accept failed: connection error: Endpoint closed
2026-09-15T23:52:27.635 WARN kycontroller::kymux_controller::server - Kynet accept failed: connection error: Endpoint closed
2026-09-15T23:52:27.635 WARN kycontroller::kymux_controller::server - Kynet accept failed: connection error: Endpoint closed
2026-09-15T23:52:27.635 WARN kycontroller::kymux_controller::server - Kynet accept failed: connection error: Endpoint closed
2026-09-15T23:52:27.635 WARN kycontroller::kymux_controller::server - Kynet accept failed: connection error: Endpoint closed
2026-09-15T23:52:27.635 WARN kycontroller::kymux_controller::server - Kynet accept failed: connection error: Endpoint closed
2026-09-15T23:52:27.635 WARN kycontroller::kymux_controller::server - Kynet accept failed: connection error: Endpoint closed
2026-09-15T23:52:27.635 WARN kycontroller::kymux_controller::server - Kynet accept failed: connection error: Endpoint closed
2026-09-15T23:52:27.635 WARN kycontroller::kymux_controller::server - Kynet accept failed: connection error: Endpoint closed
2026-09-15T23:52:27.635 WARN kycontroller::kymux_controller::server - Kynet accept failed: connection error: Endpoint closed
2026-09-15T23:52:27.635 WARN kycontroller::kymux_controller::server - Kynet accept failed: connection error: Endpoint closed
2026-09-15T23:52:27.635 WARN kycontroller::kymux_controller::server - Kynet accept failed: connection error: Endpoint closed
2026-09-15T23:52:27.635 WARN kycontroller::kymux_controller::server - Kynet accept failed: connection error: Endpoint closed
2026-09-15T23:52:27.635 WARN kycontroller::kymux_controller::server - Kynet accept failed: connection error: Endpoint closed
2026-09-15T23:52:27.635 WARN kycontroller::kymux_controller::server - Kynet accept failed: connection error: Endpoint closed
2026-09-15T23:52:27.635 WARN kycontroller::kymux_controller::server - Kynet accept failed: connection error: Endpoint closed
2026-09-15T23:52:27.635 WARN kycontroller::kymux_controller::server - Kynet accept failed: connection error: Endpoint closed
2026-09-15T23:52:27.635 WARN kycontroller::kymux_controller::server - Kynet accept failed: connection error: Endpoint closed
2026-09-15T23:52:27.635 WARN kycontroller::kymux_controller::server - Kynet accept failed: connection error: Endpoint closed
2026-09-15T23:52:27.635 WARN kycontroller::kymux_controller::server - Kynet accept failed: connection error: Endpoint closed
2026-09-15T23:52:27.635 WARN kycontroller::kymux_controller::server - Kynet accept failed: connection error: Endpoint closed
2026-09-15T23:52:27.635 WARN kycontroller::kymux_controller::server - Kynet accept failed: connection error: Endpoint closed
2026-09-15T23:52:27.635 WARN kycontroller::kymux_controller::server - Kynet accept failed: connection error: Endpoint closed
2026-09-15T23:52:27.635 WARN kycontroller::kymux_controller::server - Kynet accept failed: connection error: Endpoint closed
2026-09-15T23:52:27.635 WARN kycontroller::kymux_controller::server - Kynet accept failed: connection error: Endpoint closed
2026-09-15T23:52:27.635 WARN kycontroller::kymux_controller::server - Kynet accept failed: connection error: Endpoint closed
2026-09-15T23:52:27.635 WARN kycontroller::kymux_controller::server - Kynet accept failed: connection error: Endpoint closed
2026-09-15T23:52:27.635 WARN kycontroller::kymux_controller::server - Kynet accept failed: connection error: Endpoint closed
2026-09-15T23:52:27.635 WARN kycontroller::kymux_controller::server - Kynet accept failed: connection error: Endpoint closed
2026-09-15T23:52:27.635 WARN kycontroller::kymux_controller::server - Kynet accept failed: connection error: Endpoint closed
2026-09-15T23:52:27.635 WARN kycontroller::kymux_controller::server - Kynet accept failed: connection error: Endpoint closed
2026-09-15T23:52:27.635 WARN kycontroller::kymux_controller::server - Kynet accept failed: connection error: Endpoint closed
2026-09-15T23:52:27.635 WARN kycontroller::kymux_controller::server - Kynet accept failed: connection error: Endpoint closed
2026-09-15T23:52:27.635 WARN kycontroller::kymux_controller::server - Kynet accept failed: connection error: Endpoint closed
2026-09-15T23:52:27.635 WARN kycontroller::kymux_controller::server - Kynet accept failed: connection error: Endpoint closed
2026-09-15T23:52:27.635 WARN kycontroller::kymux_controller::server - Kynet accept failed: connection error: Endpoint closed
2026-09-15T23:52:27.635 WARN kycontroller::kymux_controller::server - Kynet accept failed: connection error: Endpoint closed
2026-09-15T23:52:27.635 WARN kycontroller::kymux_controller::server - Kynet accept failed: connection error: Endpoint closed
2026-09-15T23:52:27.635 WARN kycontroller::kymux_controller::server - Kynet accept failed: connection error: Endpoint closed
2026-09-15T23:52:27.635 WARN kycontroller::kymux_controller::server - Kynet accept failed: connection error: Endpoint closed
2026-09-15T23:52:27.635 WARN kycontroller::kymux_controller::server - Kynet accept failed: connection error: Endpoint closed
2026-09-15T23:52:27.635 WARN kycontroller::kymux_controller::server - Kynet accept failed: connection error: Endpoint closed
2026-09-15T23:52:27.635 WARN kycontroller::kymux_controller::server - Kynet accept failed: connection error: Endpoint closed
2026-09-15T23:52:27.635 WARN kycontroller::kymux_controller::server - Kynet accept failed: connection error: Endpoint closed
2026-09-15T23:52:27.635 WARN kycontroller::kymux_controller::server - Kynet accept failed: connection error: Endpoint closed
2026-09-15T23:52:27.635 WARN kycontroller::kymux_controller::server - Kynet accept failed: connection error: Endpoint closed
2026-09-15T23:52:27.635 WARN kycontroller::kymux_controller::server - Kynet accept failed: connection error: Endpoint closed
2026-09-15T23:52:27.635 WARN kycontroller::kymux_controller::server - Kynet accept failed: connection error: Endpoint closed
2026-09-15T23:52:27.635 WARN kycontroller::kymux_controller::server - Kynet accept failed: connection error: Endpoint closed
2026-09-15T23:52:27.635 WARN kycontroller::kymux_controller::server - Kynet accept failed: connection error: Endpoint closed
2026-09-15T23:52:27.635 WARN kycontroller::kymux_controller::server - Kynet accept failed: connection error: Endpoint closed
2026-09-15T23:52:27.635 WARN kycontroller::kymux_controller::server - Kynet accept failed: connection error: Endpoint closed
2026-09-15T23:52:27.635 WARN kycontroller::kymux_controller::server - Kynet accept failed: connection error: Endpoint closed
2026-09-15T23:52:27.635 WARN kycontroller::kymux_controller::server - Kynet accept failed: connection error: Endpoint closed
2026-09-15T23:52:27.635 WARN kycontroller::kymux_controller::server - Kynet accept failed: connection error: Endpoint closed
2026-09-15T23:52:27.635 WARN kycontroller::kymux_controller::server - Kynet accept failed: connection error: Endpoint closed
2026-09-15T23:52:27.635 WARN kycontroller::kymux_controller::server - Kynet accept failed: connection error: Endpoint closed
2026-09-15T23:52:27.635 WARN kycontroller::kymux_controller::server - Kynet accept failed: connection error: Endpoint closed
2026-09-15T23:52:27.635 WARN kycontroller::kymux_controller::server - Kynet accept failed: connection error: Endpoint closed
2026-09-15T23:52:27.635 WARN kycontroller::kymux_controller::server - Kynet accept failed: connection error: Endpoint closed
2026-09-15T23:52:27.635 WARN kycontroller::kymux_controller::server - Kynet accept failed: connection error: Endpoint closed
2026-09-15T23:52:27.635 WARN kycontroller::kymux_controller::server - Kynet accept failed: connection error: Endpoint closed
2026-09-15T23:52:27.635 WARN kycontroller::kymux_controller::server - Kynet accept failed: connection error: Endpoint closed
2026-09-15T23:52:27.635 WARN kycontroller::kymux_controller::server - Kynet accept failed: connection error: Endpoint closed
2026-09-15T23:52:27.635 WARN kycontroller::kymux_controller::server - Kynet accept failed: connection error: Endpoint closed
2026-09-15T23:52:27.635 WARN kycontroller::kymux_controller::server - Kynet accept failed: connection error: Endpoint closed
2026-09-15T23:52:27.635 WARN kycontroller::kymux_controller::server - Kynet accept failed: connection error: Endpoint closed
2026-09-15T23:52:27.635 WARN kycontroller::kymux_controller::server - Kynet accept failed: connection error: Endpoint closed
2026-09-15T23:52:27.635 WARN kycontroller::kymux_controller::server - Kynet accept failed: connection error: Endpoint closed
2026-09-15T23:52:27.635 WARN kycontroller::kymux_controller::server - Kynet accept failed: connection error: Endpoint closed
2026-09-15T23:52:27.635 WARN kycontroller::kymux_controller::server - Kynet accept failed: connection error: Endpoint closed
2026-09-15T23:52:27.635 WARN kycontroller::kymux_controller::server - Kynet accept failed: connection error: Endpoint closed
2026-09-15T23:52:27.635 WARN kycontroller::kymux_controller::server - Kynet accept failed: connection error: Endpoint closed
2026-09-15T23:52:27.635 WARN kycontroller::kymux_controller::server - Kynet accept failed: connection error: Endpoint closed
2026-09-15T23:52:27.635 WARN kycontroller::kymux_controller::server - Kynet accept failed: connection error: Endpoint closed
2026-09-15T23:52:27.635 WARN kycontroller::kymux_controller::server - Kynet accept failed: connection error: Endpoint closed
2026-09-15T23:52:27.635 WARN kycontroller::kymux_controller::server - Kynet accept failed: connection error: Endpoint closed
2026-09-15T23:52:27.635 WARN kycontroller::kymux_controller::server - Kynet accept failed: connection error: Endpoint closed
2026-09-15T23:52:27.635 WARN kycontroller::kymux_controller::server - Kynet accept failed: connection error: Endpoint closed
2026-09-15T23:52:27.635 WARN kycontroller::kymux_controller::server - Kynet accept failed: connection error: Endpoint closed
2026-09-15T23:52:27.635 WARN kycontroller::kymux_controller::server - Kynet accept failed: connection error: Endpoint closed
2026-09-15T23:52:27.635 WARN kycontroller::kymux_controller::server - Kynet accept failed: connection error: Endpoint closed
2026-09-15T23:52:27.635 WARN kycontroller::kymux_controller::server - Kynet accept failed: connection error: Endpoint closed
2026-09-15T23:52:27.635 WARN kycontroller::kymux_controller::server - Kynet accept failed: connection error: Endpoint closed
2026-09-15T23:52:27.635 WARN kycontroller::kymux_controller::server - Kynet accept failed: connection error: Endpoint closed
2026-09-15T23:52:27.635 WARN kycontroller::kymux_controller::server - Kynet accept failed: connection error: Endpoint closed
2026-09-15T23:52:27.635 WARN kycontroller::kymux_controller::server - Kynet accept failed: connection error: Endpoint closed
2026-09-15T23:52:27.635 WARN kycontroller::kymux_controller::server - Kynet accept failed: connection error: Endpoint closed
2026-09-15T23:52:27.635 WARN kycontroller::kymux_controller::server - Kynet accept failed: connection error: Endpoint closed
2026-09-15T23:52:27.635 WARN kycontroller::kymux_controller::server - Kynet accept failed: connection error: Endpoint closed
2026-09-15T23:52:27.635 WARN kycontroller::kymux_controller::server - Kynet accept failed: connection error: Endpoint closed
2026-09-15T23:52:27.635 WARN kycontroller::kymux_controller::server - Kynet accept failed: connection error: Endpoint closed
2026-09-15T23:52:27.635 WARN kycontroller::kymux_controller::server - Kynet accept failed: connection error: Endpoint closed
2026-09-15T23:52:27.635 WARN kycontroller::kymux_controller::server - Kynet accept failed: connection error: Endpoint closed
2026-09-15T23:52:27.635 WARN kycontroller::kymux_controller::server - Kynet accept failed: connection error: Endpoint closed
2026-09-15T23:52:27.635 WARN kycontroller::kymux_controller::server - Kynet accept failed: connection error: Endpoint closed
2026-09-15T23:52:27.635 WARN kycontroller::kymux_controller::server - Kynet accept failed: connection error: Endpoint closed
2026-09-15T23:52:27.635 WARN kycontroller::kymux_controller::server - Kynet accept failed: connection error: Endpoint closed
2026-09-15T23:52:27.636 WARN kycontroller::kymux_controller::server - Kynet accept failed: connection error: Endpoint closed
2026-09-15T23:52:27.636 WARN kycontroller::kymux_controller::server - Kynet accept failed: connection error: Endpoint closed
2026-09-15T23:52:27.636 WARN kycontroller::kymux_controller::server - Kynet accept failed: connection error: Endpoint closed
2026-09-15T23:52:27.636 WARN kycontroller::kymux_controller::server - Kynet accept failed: connection error: Endpoint closed
2026-09-15T23:52:27.636 WARN kycontroller::kymux_controller::server - Kynet accept failed: connection error: Endpoint closed
2026-09-15T23:52:27.636 WARN kycontroller::kymux_controller::server - Kynet accept failed: connection error: Endpoint closed
2026-09-15T23:52:27.636 WARN kycontroller::kymux_controller::server - Kynet accept failed: connection error: Endpoint closed
2026-09-15T23:52:27.636 WARN kycontroller::kymux_controller::server - Kynet accept failed: connection error: Endpoint closed
2026-09-15T23:52:27.636 WARN kycontroller::kymux_controller::server - Kynet accept failed: connection error: Endpoint closed
2026-09-15T23:52:27.636 WARN kycontroller::kymux_controller::server - Kynet accept failed: connection error: Endpoint closed
2026-09-15T23:52:27.636 WARN kycontroller::kymux_controller::server - Kynet accept failed: connection error: Endpoint closed
2026-09-15T23:52:27.636 WARN kycontroller::kymux_controller::server - Kynet accept failed: connection error: Endpoint closed
2026-09-15T23:52:27.636 WARN kycontroller::kymux_controller::server - Kynet accept failed: connection error: Endpoint closed
2026-09-15T23:52:27.636 WARN kycontroller::kymux_controller::server - Kynet accept failed: connection error: Endpoint closed
2026-09-15T23:52:27.636 WARN kycontroller::kymux_controller::server - Kynet accept failed: connection error: Endpoint closed
2026-09-15T23:52:27.636 WARN kycontroller::kymux_controller::server - Kynet accept failed: connection error: Endpoint closed
2026-09-15T23:52:27.636 WARN kycontroller::kymux_controller::server - Kynet accept failed: connection error: Endpoint closed
2026-09-15T23:52:27.636 WARN kycontroller::kymux_controller::server - Kynet accept failed: connection error: Endpoint closed
2026-09-15T23:52:27.636 WARN kycontroller::kymux_controller::server - Kynet accept failed: connection error: Endpoint closed
2026-09-15T23:52:27.636 WARN kycontroller::kymux_controller::server - Kynet accept failed: connection error: Endpoint closed
2026-09-15T23:52:27.636 WARN kycontroller::kymux_controller::server - Kynet accept failed: connection error: Endpoint closed
2026-09-15T23:52:27.636 WARN kycontroller::kymux_controller::server - Kynet accept failed: connection error: Endpoint closed
2026-09-15T23:52:27.636 WARN kycontroller::kymux_controller::server - Kynet accept failed: connection error: Endpoint closed
2026-09-15T23:52:27.636 WARN kycontroller::kymux_controller::server - Kynet accept failed: connection error: Endpoint closed
2026-09-15T23:52:27.636 WARN kycontroller::kymux_controller::server - Kynet accept failed: connection error: Endpoint closed
2026-09-15T23:52:27.636 WARN kycontroller::kymux_controller::server - Kynet accept failed: connection error: Endpoint closed
2026-09-15T23:52:27.636 WARN kycontroller::kymux_controller::server - Kynet accept failed: connection error: Endpoint closed
2026-09-15T23:52:27.636 WARN kycontroller::kymux_controller::server - Kynet accept failed: connection error: Endpoint closed
2026-09-15T23:52:27.636 WARN kycontroller::kymux_controller::server - Kynet accept failed: connection error: Endpoint closed
2026-09-15T23:52:27.636 WARN kycontroller::kymux_controller::server - Kynet accept failed: connection error: Endpoint closed
2026-09-15T23:52:27.636 WARN kycontroller::kymux_controller::server - Kynet accept failed: connection error: Endpoint closed
2026-09-15T23:52:27.636 WARN kycontroller::kymux_controller::server - Kynet accept failed: connection error: Endpoint closed
2026-09-15T23:52:27.636 WARN kycontroller::kymux_controller::server - Kynet accept failed: connection error: Endpoint closed
2026-09-15T23:52:27.636 WARN kycontroller::kymux_controller::server - Kynet accept failed: connection error: Endpoint closed
2026-09-15T23:52:27.636 WARN kycontroller::kymux_controller::server - Kynet accept failed: connection error: Endpoint closed
2026-09-15T23:52:27.636 WARN kycontroller::kymux_controller::server - Kynet accept failed: connection error: Endpoint closed
2026-09-15T23:52:27.636 WARN kycontroller::kymux_controller::server - Kynet accept failed: connection error: Endpoint closed
2026-09-15T23:52:27.636 WARN kycontroller::kymux_controller::server - Kynet accept failed: connection error: Endpoint closed
2026-09-15T23:52:27.636 WARN kycontroller::kymux_controller::server - Kynet accept failed: connection error: Endpoint closed
2026-09-15T23:52:27.636 WARN kycontroller::kymux_controller::server - Kynet accept failed: connection error: Endpoint closed
2026-09-15T23:52:27.636 WARN kycontroller::kymux_controller::server - Kynet accept failed: connection error: Endpoint closed
2026-09-15T23:52:27.636 WARN kycontroller::kymux_controller::server - Kynet accept failed: connection error: Endpoint closed
2026-09-15T23:52:27.636 WARN kycontroller::kymux_controller::server - Kynet accept failed: connection error: Endpoint closed
2026-09-15T23:52:27.636 WARN kycontroller::kymux_controller::server - Kynet accept failed: connection error: Endpoint closed
2026-09-15T23:52:27.636 WARN kycontroller::kymux_controller::server - Kynet accept failed: connection error: Endpoint closed
2026-09-15T23:52:27.636 WARN kycontroller::kymux_controller::server - Kynet accept failed: connection error: Endpoint closed
2026-09-15T23:52:27.636 WARN kycontroller::kymux_controller::server - Kynet accept failed: connection error: Endpoint closed
2026-09-15T23:52:27.636 WARN kycontroller::kymux_controller::server - Kynet accept failed: connection error: Endpoint closed
2026-09-15T23:52:27.636 WARN kycontroller::kymux_controller::server - Kynet accept failed: connection error: Endpoint closed
2026-09-15T23:52:27.636 WARN kycontroller::kymux_controller::server - Kynet accept failed: connection error: Endpoint closed
2026-09-15T23:52:27.636 WARN kycontroller::kymux_controller::server - Kynet accept failed: connection error: Endpoint closed
2026-09-15T23:52:27.636 WARN kycontroller::kymux_controller::server - Kynet accept failed: connection error: Endpoint closed
2026-09-15T23:52:27.636 WARN kycontroller::kymux_controller::server - Kynet accept failed: connection error: Endpoint closed
2026-09-15T23:52:27.636 WARN kycontroller::kymux_controller::server - Kynet accept failed: connection error: Endpoint closed
2026-09-15T23:52:27.636 WARN kycontroller::kymux_controller::server - Kynet accept failed: connection error: Endpoint closed
2026-09-15T23:52:27.636 WARN kycontroller::kymux_controller::server - Kynet accept failed: connection error: Endpoint closed
2026-09-15T23:52:27.636 WARN kycontroller::kymux_controller::server - Kynet accept failed: connection error: Endpoint closed
2026-09-15T23:52:27.636 WARN kycontroller::kymux_controller::server - Kynet accept failed: connection error: Endpoint closed
2026-09-15T23:52:27.636 WARN kycontroller::kymux_controller::server - Kynet accept failed: connection error: Endpoint closed
2026-09-15T23:52:27.636 WARN kycontroller::kymux_controller::server - Kynet accept failed: connection error: Endpoint closed
2026-09-15T23:52:27.636 WARN kycontroller::kymux_controller::server - Kynet accept failed: connection error: Endpoint closed
2026-09-15T23:52:27.636 WARN kycontroller::kymux_controller::server - Kynet accept failed: connection error: Endpoint closed
2026-09-15T23:52:27.636 WARN kycontroller::kymux_controller::server - Kynet accept failed: connection error: Endpoint closed
2026-09-15T23:52:27.636 WARN kycontroller::kymux_controller::server - Kynet accept failed: connection error: Endpoint closed
2026-09-15T23:52:27.636 WARN kycontroller::kymux_controller::server - Kynet accept failed: connection error: Endpoint closed
2026-09-15T23:52:27.636 WARN kycontroller::kymux_controller::server - Kynet accept failed: connection error: Endpoint closed
2026-09-15T23:52:27.636 WARN kycontroller::kymux_controller::server - Kynet accept failed: connection error: Endpoint closed
2026-09-15T23:52:27.636 WARN kycontroller::kymux_controller::server - Kynet accept failed: connection error: Endpoint closed
2026-09-15T23:52:27.636 WARN kycontroller::kymux_controller::server - Kynet accept failed: connection error: Endpoint closed
2026-09-15T23:52:27.636 WARN kycontroller::kymux_controller::server - Kynet accept failed: connection error: Endpoint closed
2026-09-15T23:52:27.636 WARN kycontroller::kymux_controller::server - Kynet accept failed: connection error: Endpoint closed
2026-09-15T23:52:27.636 WARN kycontroller::kymux_controller::server - Kynet accept failed: connection error: Endpoint closed
2026-09-15T23:52:27.636 WARN kycontroller::kymux_controller::server - Kynet accept failed: connection error: Endpoint closed
2026-09-15T23:52:27.636 WARN kycontroller::kymux_controller::server - Kynet accept failed: connection error: Endpoint closed
2026-09-15T23:52:27.636 WARN kycontroller::kymux_controller::server - Kynet accept failed: connection error: Endpoint closed
2026-09-15T23:52:27.636 WARN kycontroller::kymux_controller::server - Kynet accept failed: connection error: Endpoint closed
2026-09-15T23:52:27.636 WARN kycontroller::kymux_controller::server - Kynet accept failed: connection error: Endpoint closed
2026-09-15T23:52:27.636 WARN kycontroller::kymux_controller::server - Kynet accept failed: connection error: Endpoint closed
2026-09-15T23:52:27.636 WARN kycontroller::kymux_controller::server - Kynet accept failed: connection error: Endpoint closed
2026-09-15T23:52:27.636 WARN kycontroller::kymux_controller::server - Kynet accept failed: connection error: Endpoint closed
2026-09-15T23:52:27.636 WARN kycontroller::kymux_controller::server - Kynet accept failed: connection error: Endpoint closed
2026-09-15T23:52:27.636 WARN kycontroller::kymux_controller::server - Kynet accept failed: connection error: Endpoint closed
2026-09-15T23:52:27.636 WARN kycontroller::kymux_controller::server - Kynet accept failed: connection error: Endpoint closed
2026-09-15T23:52:27.636 WARN kycontroller::kymux_controller::server - Kynet accept failed: connection error: Endpoint closed
2026-09-15T23:52:27.636 WARN kycontroller::kymux_controller::server - Kynet accept failed: connection error: Endpoint closed
2026-09-15T23:52:27.636 WARN kycontroller::kymux_controller::server - Kynet accept failed: connection error: Endpoint closed
2026-09-15T23:52:27.636 WARN kycontroller::kymux_controller::server - Kynet accept failed: connection error: Endpoint closed
2026-09-15T23:52:27.636 WARN kycontroller::kymux_controller::server - Kynet accept failed: connection error: Endpoint closed
2026-09-15T23:52:27.636 WARN kycontroller::kymux_controller::server - Kynet accept failed: connection error: Endpoint closed
2026-09-15T23:52:27.636 WARN kycontroller::kymux_controller::server - Kynet accept failed: connection error: Endpoint closed
2026-09-15T23:52:27.636 WARN kycontroller::kymux_controller::server - Kynet accept failed: connection error: Endpoint closed
2026-09-15T23:52:27.636 WARN kycontroller::kymux_controller::server - Kynet accept failed: connection error: Endpoint closed
2026-09-15T23:52:27.636 WARN kycontroller::kymux_controller::server - Kynet accept failed: connection error: Endpoint closed
2026-09-15T23:52:27.636 WARN kycontroller::kymux_controller::server - Kynet accept failed: connection error: Endpoint closed
2026-09-15T23:52:27.636 WARN kycontroller::kymux_controller::server - Kynet accept failed: connection error: Endpoint closed
2026-09-15T23:52:27.636 WARN kycontroller::kymux_controller::server - Kynet accept failed: connection error: Endpoint closed
2026-09-15T23:52:27.636 WARN kycontroller::kymux_controller::server - Kynet accept failed: connection error: Endpoint closed
2026-09-15T23:52:27.636 WARN kycontroller::kymux_controller::server - Kynet accept failed: connection error: Endpoint closed
2026-09-15T23:52:27.636 WARN kycontroller::kymux_controller::server - Kynet accept failed: connection error: Endpoint closed
2026-09-15T23:52:27.636 WARN kycontroller::kymux_controller::server - Kynet accept failed: connection error: Endpoint closed
2026-09-15T23:52:27.636 WARN kycontroller::kymux_controller::server - Kynet accept failed: connection error: Endpoint closed
2026-09-15T23:52:27.636 WARN kycontroller::kymux_controller::server - Kynet accept failed: connection error: Endpoint closed
2026-09-15T23:52:27.636 WARN kycontroller::kymux_controller::server - Kynet accept failed: connection error: Endpoint closed
2026-09-15T23:52:27.636 WARN kycontroller::kymux_controller::server - Kynet accept failed: connection error: Endpoint closed
2026-09-15T23:52:27.636 WARN kycontroller::kymux_controller::server - Kynet accept failed: connection error: Endpoint closed
2026-09-15T23:52:27.636 WARN kycontroller::kymux_controller::server - Kynet accept failed: connection error: Endpoint closed
2026-09-15T23:52:27.636 WARN kycontroller::kymux_controller::server - Kynet accept failed: connection error: Endpoint closed
2026-09-15T23:52:27.636 WARN kycontroller::kymux_controller::server - Kynet accept failed: connection error: Endpoint closed
2026-09-15T23:52:27.636 WARN kycontroller::kymux_controller::server - Kynet accept failed: connection error: Endpoint closed
2026-09-15T23:52:27.637 WARN kycontroller::kymux_controller::server - Kynet accept failed: connection error: Endpoint closed
2026-09-15T23:52:27.637 WARN kycontroller::kymux_controller::server - Kynet accept failed: connection error: Endpoint closed
2026-09-15T23:52:27.637 WARN kycontroller::kymux_controller::server - Kynet accept failed: connection error: Endpoint closed
2026-09-15T23:52:27.637 WARN kycontroller::kymux_controller::server - Kynet accept failed: connection error: Endpoint closed
2026-09-15T23:52:27.637 WARN kycontroller::kymux_controller::server - Kynet accept failed: connection error: Endpoint closed
2026-09-15T23:52:27.637 WARN kycontroller::kymux_controller::server - Kynet accept failed: connection error: Endpoint closed
2026-09-15T23:52:27.637 WARN kycontroller::kymux_controller::server - Kynet accept failed: connection error: Endpoint closed
2026-09-15T23:52:27.637 WARN kycontroller::kymux_controller::server - Kynet accept failed: connection error: Endpoint closed
2026-09-15T23:52:27.637 WARN kycontroller::kymux_controller::server - Kynet accept failed: connection error: Endpoint closed
2026-09-15T23:52:27.637 WARN kycontroller::kymux_controller::server - Kynet accept failed: connection error: Endpoint closed
2026-09-15T23:52:27.637 WARN kycontroller::kymux_controller::server - Kynet accept failed: connection error: Endpoint closed
2026-09-15T23:52:27.637 WARN kycontroller::kymux_controller::server - Kynet accept failed: connection error: Endpoint closed
2026-09-15T23:52:27.637 WARN kycontroller::kymux_controller::server - Kynet accept failed: connection error: Endpoint closed
2026-09-15T23:52:27.637 WARN kycontroller::kymux_controller::server - Kynet accept failed: connection error: Endpoint closed
2026-09-15T23:52:27.637 WARN kycontroller::kymux_controller::server - Kynet accept failed: connection error: Endpoint closed
2026-09-15T23:52:27.637 WARN kycontroller::kymux_controller::server - Kynet accept failed: connection error: Endpoint closed
2026-09-15T23:52:27.637 WARN kycontroller::kymux_controller::server - Kynet accept failed: connection error: Endpoint closed
2026-09-15T23:52:27.637 WARN kycontroller::kymux_controller::server - Kynet accept failed: connection error: Endpoint closed
2026-09-15T23:52:27.637 WARN kycontroller::kymux_controller::server - Kynet accept failed: connection error: Endpoint closed
2026-09-15T23:52:27.637 WARN kycontroller::kymux_controller::server - Kynet accept failed: connection error: Endpoint closed
2026-09-15T23:52:27.637 WARN kycontroller::kymux_controller::server - Kynet accept failed: connection error: Endpoint closed
2026-09-15T23:52:27.637 WARN kycontroller::kymux_controller::server - Kynet accept failed: connection error: Endpoint closed
2026-09-15T23:52:27.637 WARN kycontroller::kymux_controller::server - Kynet accept failed: connection error: Endpoint closed
2026-09-15T23:52:27.637 WARN kycontroller::kymux_controller::server - Kynet accept failed: connection error: Endpoint closed
2026-09-15T23:52:27.637 WARN kycontroller::kymux_controller::server - Kynet accept failed: connection error: Endpoint closed
2026-09-15T23:52:27.637 WARN kycontroller::kymux_controller::server - Kynet accept failed: connection error: Endpoint closed
2026-09-15T23:52:27.637 WARN kycontroller::kymux_controller::server - Kynet accept failed: connection error: Endpoint closed
2026-09-15T23:52:27.637 WARN kycontroller::kymux_controller::server - Kynet accept failed: connection error: Endpoint closed
2026-09-15T23:52:27.637 WARN kycontroller::kymux_controller::server - Kynet accept failed: connection error: Endpoint closed
2026-09-15T23:52:27.637 WARN kycontroller::kymux_controller::server - Kynet accept failed: connection error: Endpoint closed
2026-09-15T23:52:27.637 WARN kycontroller::kymux_controller::server - Kynet accept failed: connection error: Endpoint closed
2026-09-15T23:52:27.637 WARN kycontroller::kymux_controller::server - Kynet accept failed: connection error: Endpoint closed
2026-09-15T23:52:27.637 WARN kycontroller::kymux_controller::server - Kynet accept failed: connection error: Endpoint closed
2026-09-15T23:52:27.637 WARN kycontroller::kymux_controller::server - Kynet accept failed: connection error: Endpoint closed
2026-09-15T23:52:27.637 WARN kycontroller::kymux_controller::server - Kynet accept failed: connection error: Endpoint closed
2026-09-15T23:52:27.637 WARN kycontroller::kymux_controller::server - Kynet accept failed: connection error: Endpoint closed
2026-09-15T23:52:27.637 WARN kycontroller::kymux_controller::server - Kynet accept failed: connection error: Endpoint closed
2026-09-15T23:52:27.637 WARN kycontroller::kymux_controller::server - Kynet accept failed: connection error: Endpoint closed
2026-09-15T23:52:27.637 WARN kycontroller::kymux_controller::server - Kynet accept failed: connection error: Endpoint closed
2026-09-15T23:52:27.637 WARN kycontroller::kymux_controller::server - Kynet accept failed: connection error: Endpoint closed
2026-09-15T23:52:27.637 WARN kycontroller::kymux_controller::server - Kynet accept failed: connection error: Endpoint closed
2026-09-15T23:52:27.637 WARN kycontroller::kymux_controller::server - Kynet accept failed: connection error: Endpoint closed
2026-09-15T23:52:27.637 WARN kycontroller::kymux_controller::server - Kynet accept failed: connection error: Endpoint closed
2026-09-15T23:52:27.637 WARN kycontroller::kymux_controller::server - Kynet accept failed: connection error: Endpoint closed
2026-09-15T23:52:27.637 WARN kycontroller::kymux_controller::server - Kynet accept failed: connection error: Endpoint closed
2026-09-15T23:52:27.637 WARN kycontroller::kymux_controller::server - Kynet accept failed: connection error: Endpoint closed
2026-09-15T23:52:27.637 WARN kycontroller::kymux_controller::server - Kynet accept failed: connection error: Endpoint closed
2026-09-15T23:52:27.637 WARN kycontroller::kymux_controller::server - Kynet accept failed: connection error: Endpoint closed
2026-09-15T23:52:27.637 WARN kycontroller::kymux_controller::server - Kynet accept failed: connection error: Endpoint closed
2026-09-15T23:52:27.637 WARN kycontroller::kymux_controller::server - Kynet accept failed: connection error: Endpoint closed
2026-09-15T23:52:27.637 WARN kycontroller::kymux_controller::server - Kynet accept failed: connection error: Endpoint closed
2026-09-15T23:52:27.637 WARN kycontroller::kymux_controller::server - Kynet accept failed: connection error: Endpoint closed
2026-09-15T23:52:27.637 WARN kycontroller::kymux_controller::server - Kynet accept failed: connection error: Endpoint closed
2026-09-15T23:52:27.637 WARN kycontroller::kymux_controller::server - Kynet accept failed: connection error: Endpoint closed
2026-09-15T23:52:27.637 WARN kycontroller::kymux_controller::server - Kynet accept failed: connection error: Endpoint closed
2026-09-15T23:52:27.637 WARN kycontroller::kymux_controller::server - Kynet accept failed: connection error: Endpoint closed
2026-09-15T23:52:27.637 WARN kycontroller::kymux_controller::server - Kynet accept failed: connection error: Endpoint closed
2026-09-15T23:52:27.637 WARN kycontroller::kymux_controller::server - Kynet accept failed: connection error: Endpoint closed
2026-09-15T23:52:27.637 WARN kycontroller::kymux_controller::server - Kynet accept failed: connection error: Endpoint closed
2026-09-15T23:52:27.637 WARN kycontroller::kymux_controller::server - Kynet accept failed: connection error: Endpoint closed
2026-09-15T23:52:27.637 WARN kycontroller::kymux_controller::server - Kynet accept failed: connection error: Endpoint closed
2026-09-15T23:52:27.637 WARN kycontroller::kymux_controller::server - Kynet accept failed: connection error: Endpoint closed
2026-09-15T23:52:27.637 WARN kycontroller::kymux_controller::server - Kynet accept failed: connection error: Endpoint closed
2026-09-15T23:52:27.637 WARN kycontroller::kymux_controller::server - Kynet accept failed: connection error: Endpoint closed
2026-09-15T23:52:27.637 WARN kycontroller::kymux_controller::server - Kynet accept failed: connection error: Endpoint closed
2026-09-15T23:52:27.637 WARN kycontroller::kymux_controller::server - Kynet accept failed: connection error: Endpoint closed
2026-09-15T23:52:27.637 WARN kycontroller::kymux_controller::server - Kynet accept failed: connection error: Endpoint closed
2026-09-15T23:52:27.637 WARN kycontroller::kymux_controller::server - Kynet accept failed: connection error: Endpoint closed
2026-09-15T23:52:27.637 WARN kycontroller::kymux_controller::server - Kynet accept failed: connection error: Endpoint closed
2026-09-15T23:52:27.637 WARN kycontroller::kymux_controller::server - Kynet accept failed: connection error: Endpoint closed
2026-09-15T23:52:27.637 WARN kycontroller::kymux_controller::server - Kynet accept failed: connection error: Endpoint closed
2026-09-15T23:52:27.637 WARN kycontroller::kymux_controller::server - Kynet accept failed: connection error: Endpoint closed
2026-09-15T23:52:27.637 WARN kycontroller::kymux_controller::server - Kynet accept failed: connection error: Endpoint closed
2026-09-15T23:52:27.637 WARN kycontroller::kymux_controller::server - Kynet accept failed: connection error: Endpoint closed
2026-09-15T23:52:27.637 WARN kycontroller::kymux_controller::server - Kynet accept failed: connection error: Endpoint closed
2026-09-15T23:52:27.637 WARN kycontroller::kymux_controller::server - Kynet accept failed: connection error: Endpoint closed
2026-09-15T23:52:27.637 WARN kycontroller::kymux_controller::server - Kynet accept failed: connection error: Endpoint closed
2026-09-15T23:52:27.637 WARN kycontroller::kymux_controller::server - Kynet accept failed: connection error: Endpoint closed
2026-09-15T23:52:27.637 WARN kycontroller::kymux_controller::server - Kynet accept failed: connection error: Endpoint closed
2026-09-15T23:52:27.637 WARN kycontroller::kymux_controller::server - Kynet accept failed: connection error: Endpoint closed
2026-09-15T23:52:27.637 WARN kycontroller::kymux_controller::server - Kynet accept failed: connection error: Endpoint closed
2026-09-15T23:52:27.637 WARN kycontroller::kymux_controller::server - Kynet accept failed: connection error: Endpoint closed
2026-09-15T23:52:27.637 WARN kycontroller::kymux_controller::server - Kynet accept failed: connection error: Endpoint closed
2026-09-15T23:52:27.637 WARN kycontroller::kymux_controller::server - Kynet accept failed: connection error: Endpoint closed
2026-09-15T23:52:27.637 WARN kycontroller::kymux_controller::server - Kynet accept failed: connection error: Endpoint closed
2026-09-15T23:52:27.637 WARN kycontroller::kymux_controller::server - Kynet accept failed: connection error: Endpoint closed
2026-09-15T23:52:27.637 WARN kycontroller::kymux_controller::server - Kynet accept failed: connection error: Endpoint closed
2026-09-15T23:52:27.637 WARN kycontroller::kymux_controller::server - Kynet accept failed: connection error: Endpoint closed
2026-09-15T23:52:27.637 WARN kycontroller::kymux_controller::server - Kynet accept failed: connection error: Endpoint closed
2026-09-15T23:52:27.637 WARN kycontroller::kymux_controller::server - Kynet accept failed: connection error: Endpoint closed
2026-09-15T23:52:27.637 WARN kycontroller::kymux_controller::server - Kynet accept failed: connection error: Endpoint closed
2026-09-15T23:52:27.637 WARN kycontroller::kymux_controller::server - Kynet accept failed: connection error: Endpoint closed
2026-09-15T23:52:27.637 WARN kycontroller::kymux_controller::server - Kynet accept failed: connection error: Endpoint closed
2026-09-15T23:52:27.637 WARN kycontroller::kymux_controller::server - Kynet accept failed: connection error: Endpoint closed
2026-09-15T23:52:27.637 WARN kycontroller::kymux_controller::server - Kynet accept failed: connection error: Endpoint closed
2026-09-15T23:52:27.637 WARN kycontroller::kymux_controller::server - Kynet accept failed: connection error: Endpoint closed
2026-09-15T23:52:27.637 WARN kycontroller::kymux_controller::server - Kynet accept failed: connection error: Endpoint closed
2026-09-15T23:52:27.637 WARN kycontroller::kymux_controller::server - Kynet accept failed: connection error: Endpoint closed
2026-09-15T23:52:27.637 WARN kycontroller::kymux_controller::server - Kynet accept failed: connection error: Endpoint closed
2026-09-15T23:52:27.637 WARN kycontroller::kymux_controller::server - Kynet accept failed: connection error: Endpoint closed
2026-09-15T23:52:27.637 WARN kycontroller::kymux_controller::server - Kynet accept failed: connection error: Endpoint closed
2026-09-15T23:52:27.637 WARN kycontroller::kymux_controller::server - Kynet accept failed: connection error: Endpoint closed
2026-09-15T23:52:27.637 WARN kycontroller::kymux_controller::server - Kynet accept failed: connection error: Endpoint closed
2026-09-15T23:52:27.637 WARN kycontroller::kymux_controller::server - Kynet accept failed: connection error: Endpoint closed
2026-09-15T23:52:27.637 WARN kycontroller::kymux_controller::server - Kynet accept failed: connection error: Endpoint closed
2026-09-15T23:52:27.637 WARN kycontroller::kymux_controller::server - Kynet accept failed: connection error: Endpoint closed
2026-09-15T23:52:27.637 WARN kycontroller::kymux_controller::server - Kynet accept failed: connection error: Endpoint closed
2026-09-15T23:52:27.637 WARN kycontroller::kymux_controller::server - Kynet accept failed: connection error: Endpoint closed
2026-09-15T23:52:27.638 WARN kycontroller::kymux_controller::server - Kynet accept failed: connection error: Endpoint closed
2026-09-15T23:52:27.638 WARN kycontroller::kymux_controller::server - Kynet accept failed: connection error: Endpoint closed
2026-09-15T23:52:27.638 WARN kycontroller::kymux_controller::server - Kynet accept failed: connection error: Endpoint closed
2026-09-15T23:52:27.638 WARN kycontroller::kymux_controller::server - Kynet accept failed: connection error: Endpoint closed
2026-09-15T23:52:27.638 WARN kycontroller::kymux_controller::server - Kynet accept failed: connection error: Endpoint closed
2026-09-15T23:52:27.638 WARN kycontroller::kymux_controller::server - Kynet accept failed: connection error: Endpoint closed
2026-09-15T23:52:27.638 WARN kycontroller::kymux_controller::server - Kynet accept failed: connection error: Endpoint closed
2026-09-15T23:52:27.638 WARN kycontroller::kymux_controller::server - Kynet accept failed: connection error: Endpoint closed
2026-09-15T23:52:27.638 WARN kycontroller::kymux_controller::server - Kynet accept failed: connection error: Endpoint closed
2026-09-15T23:52:27.638 WARN kycontroller::kymux_controller::server - Kynet accept failed: connection error: Endpoint closed
2026-09-15T23:52:27.638 WARN kycontroller::kymux_controller::server - Kynet accept failed: connection error: Endpoint closed
2026-09-15T23:52:27.638 WARN kycontroller::kymux_controller::server - Kynet accept failed: connection error: Endpoint closed
2026-09-15T23:52:27.638 WARN kycontroller::kymux_controller::server - Kynet accept failed: connection error: Endpoint closed
2026-09-15T23:52:27.638 WARN kycontroller::kymux_controller::server - Kynet accept failed: connection error: Endpoint closed
2026-09-15T23:52:27.638 WARN kycontroller::kymux_controller::server - Kynet accept failed: connection error: Endpoint closed
2026-09-15T23:52:27.638 WARN kycontroller::kymux_controller::server - Kynet accept failed: connection error: Endpoint closed
2026-09-15T23:52:27.638 WARN kycontroller::kymux_controller::server - Kynet accept failed: connection error: Endpoint closed
2026-09-15T23:52:27.638 WARN kycontroller::kymux_controller::server - Kynet accept failed: connection error: Endpoint closed
2026-09-15T23:52:27.638 WARN kycontroller::kymux_controller::server - Kynet accept failed: connection error: Endpoint closed
2026-09-15T23:52:27.638 WARN kycontroller::kymux_controller::server - Kynet accept failed: connection error: Endpoint closed
2026-09-15T23:52:27.638 WARN kycontroller::kymux_controller::server - Kynet accept failed: connection error: Endpoint closed
2026-09-15T23:52:27.638 WARN kycontroller::kymux_controller::server - Kynet accept failed: connection error: Endpoint closed
2026-09-15T23:52:27.638 WARN kycontroller::kymux_controller::server - Kynet accept failed: connection error: Endpoint closed
2026-09-15T23:52:27.638 WARN kycontroller::kymux_controller::server - Kynet accept failed: connection error: Endpoint closed
2026-09-15T23:52:27.638 WARN kycontroller::kymux_controller::server - Kynet accept failed: connection error: Endpoint closed
2026-09-15T23:52:27.638 WARN kycontroller::kymux_controller::server - Kynet accept failed: connection error: Endpoint closed
2026-09-15T23:52:27.638 WARN kycontroller::kymux_controller::server - Kynet accept failed: connection error: Endpoint closed
2026-09-15T23:52:27.638 WARN kycontroller::kymux_controller::server - Kynet accept failed: connection error: Endpoint closed
2026-09-15T23:52:27.638 WARN kycontroller::kymux_controller::server - Kynet accept failed: connection error: Endpoint closed
2026-09-15T23:52:27.638 WARN kycontroller::kymux_controller::server - Kynet accept failed: connection error: Endpoint closed
2026-09-15T23:52:27.638 WARN kycontroller::kymux_controller::server - Kynet accept failed: connection error: Endpoint closed
2026-09-15T23:52:27.638 WARN kycontroller::kymux_controller::server - Kynet accept failed: connection error: Endpoint closed
2026-09-15T23:52:27.638 WARN kycontroller::kymux_controller::server - Kynet accept failed: connection error: Endpoint closed
2026-09-15T23:52:27.638 WARN kycontroller::kymux_controller::server - Kynet accept failed: connection error: Endpoint closed
2026-09-15T23:52:27.638 WARN kycontroller::kymux_controller::server - Kynet accept failed: connection error: Endpoint closed
2026-09-15T23:52:27.638 WARN kycontroller::kymux_controller::server - Kynet accept failed: connection error: Endpoint closed
2026-09-15T23:52:27.638 WARN kycontroller::kymux_controller::server - Kynet accept failed: connection error: Endpoint closed
2026-09-15T23:52:27.638 WARN kycontroller::kymux_controller::server - Kynet accept failed: connection error: Endpoint closed
2026-09-15T23:52:27.638 WARN kycontroller::kymux_controller::server - Kynet accept failed: connection error: Endpoint closed
2026-09-15T23:52:27.638 WARN kycontroller::kymux_controller::server - Kynet accept failed: connection error: Endpoint closed
2026-09-15T23:52:27.638 WARN kycontroller::kymux_controller::server - Kynet accept failed: connection error: Endpoint closed
2026-09-15T23:52:27.638 WARN kycontroller::kymux_controller::server - Kynet accept failed: connection error: Endpoint closed
2026-09-15T23:52:27.638 WARN kycontroller::kymux_controller::server - Kynet accept failed: connection error: Endpoint closed
2026-09-15T23:52:27.638 WARN kycontroller::kymux_controller::server - Kynet accept failed: connection error: Endpoint closed
2026-09-15T23:52:27.638 WARN kycontroller::kymux_controller::server - Kynet accept failed: connection error: Endpoint closed
2026-09-15T23:52:27.638 WARN kycontroller::kymux_controller::server - Kynet accept failed: connection error: Endpoint closed
2026-09-15T23:52:27.638 WARN kycontroller::kymux_controller::server - Kynet accept failed: connection error: Endpoint closed
2026-09-15T23:52:27.638 WARN kycontroller::kymux_controller::server - Kynet accept failed: connection error: Endpoint closed
2026-09-15T23:52:27.638 WARN kycontroller::kymux_controller::server - Kynet accept failed: connection error: Endpoint closed
2026-09-15T23:52:27.638 WARN kycontroller::kymux_controller::server - Kynet accept failed: connection error: Endpoint closed
2026-09-15T23:52:27.638 WARN kycontroller::kymux_controller::server - Kynet accept failed: connection error: Endpoint closed
2026-09-15T23:52:27.638 WARN kycontroller::kymux_controller::server - Kynet accept failed: connection error: Endpoint closed
2026-09-15T23:52:27.638 WARN kycontroller::kymux_controller::server - Kynet accept failed: connection error: Endpoint closed
2026-09-15T23:52:27.638 WARN kycontroller::kymux_controller::server - Kynet accept failed: connection error: Endpoint closed
2026-09-15T23:52:27.638 WARN kycontroller::kymux_controller::server - Kynet accept failed: connection error: Endpoint closed
2026-09-15T23:52:27.638 WARN kycontroller::kymux_controller::server - Kynet accept failed: connection error: Endpoint closed
2026-09-15T23:52:27.638 WARN kycontroller::kymux_controller::server - Kynet accept failed: connection error: Endpoint closed
2026-09-15T23:52:27.638 WARN kycontroller::kymux_controller::server - Kynet accept failed: connection error: Endpoint closed
2026-09-15T23:52:27.638 WARN kycontroller::kymux_controller::server - Kynet accept failed: connection error: Endpoint closed
2026-09-15T23:52:27.638 WARN kycontroller::kymux_controller::server - Kynet accept failed: connection error: Endpoint closed
2026-09-15T23:52:27.638 WARN kycontroller::kymux_controller::server - Kynet accept failed: connection error: Endpoint closed
2026-09-15T23:52:27.638 WARN kycontroller::kymux_controller::server - Kynet accept failed: connection error: Endpoint closed
2026-09-15T23:52:27.638 WARN kycontroller::kymux_controller::server - Kynet accept failed: connection error: Endpoint closed
2026-09-15T23:52:27.638 WARN kycontroller::kymux_controller::server - Kynet accept failed: connection error: Endpoint closed
2026-09-15T23:52:27.638 WARN kycontroller::kymux_controller::server - Kynet accept failed: connection error: Endpoint closed
2026-09-15T23:52:27.638 WARN kycontroller::kymux_controller::server - Kynet accept failed: connection error: Endpoint closed
2026-09-15T23:52:27.638 WARN kycontroller::kymux_controller::server - Kynet accept failed: connection error: Endpoint closed
2026-09-15T23:52:27.638 WARN kycontroller::kymux_controller::server - Kynet accept failed: connection error: Endpoint closed
2026-09-15T23:52:27.638 WARN kycontroller::kymux_controller::server - Kynet accept failed: connection error: Endpoint closed
2026-09-15T23:52:27.638 WARN kycontroller::kymux_controller::server - Kynet accept failed: connection error: Endpoint closed
2026-09-15T23:52:27.638 WARN kycontroller::kymux_controller::server - Kynet accept failed: connection error: Endpoint closed
2026-09-15T23:52:27.638 WARN kycontroller::kymux_controller::server - Kynet accept failed: connection error: Endpoint closed
2026-09-15T23:52:27.638 WARN kycontroller::kymux_controller::server - Kynet accept failed: connection error: Endpoint closed
2026-09-15T23:52:27.638 WARN kycontroller::kymux_controller::server - Kynet accept failed: connection error: Endpoint closed
2026-09-15T23:52:27.638 WARN kycontroller::kymux_controller::server - Kynet accept failed: connection error: Endpoint closed
2026-09-15T23:52:27.638 WARN kycontroller::kymux_controller::server - Kynet accept failed: connection error: Endpoint closed
2026-09-15T23:52:27.638 WARN kycontroller::kymux_controller::server - Kynet accept failed: connection error: Endpoint closed
2026-09-15T23:52:27.638 WARN kycontroller::kymux_controller::server - Kynet accept failed: connection error: Endpoint closed
2026-09-15T23:52:27.638 WARN kycontroller::kymux_controller::server - Kynet accept failed: connection error: Endpoint closed
2026-09-15T23:52:27.638 WARN kycontroller::kymux_controller::server - Kynet accept failed: connection error: Endpoint closed
2026-09-15T23:52:27.638 WARN kycontroller::kymux_controller::server - Kynet accept failed: connection error: Endpoint closed
2026-09-15T23:52:27.638 WARN kycontroller::kymux_controller::server - Kynet accept failed: connection error: Endpoint closed
2026-09-15T23:52:27.638 WARN kycontroller::kymux_controller::server - Kynet accept failed: connection error: Endpoint closed
2026-09-15T23:52:27.638 WARN kycontroller::kymux_controller::server - Kynet accept failed: connection error: Endpoint closed
2026-09-15T23:52:27.638 WARN kycontroller::kymux_controller::server - Kynet accept failed: connection error: Endpoint closed
2026-09-15T23:52:27.638 WARN kycontroller::kymux_controller::server - Kynet accept failed: connection error: Endpoint closed
2026-09-15T23:52:27.638 WARN kycontroller::kymux_controller::server - Kynet accept failed: connection error: Endpoint closed
2026-09-15T23:52:27.638 WARN kycontroller::kymux_controller::server - Kynet accept failed: connection error: Endpoint closed
2026-09-15T23:52:27.638 WARN kycontroller::kymux_controller::server - Kynet accept failed: connection error: Endpoint closed
2026-09-15T23:52:27.638 WARN kycontroller::kymux_controller::server - Kynet accept failed: connection error: Endpoint closed
2026-09-15T23:52:27.638 WARN kycontroller::kymux_controller::server - Kynet accept failed: connection error: Endpoint closed
2026-09-15T23:52:27.638 WARN kycontroller::kymux_controller::server - Kynet accept failed: connection error: Endpoint closed
2026-09-15T23:52:27.638 WARN kycontroller::kymux_controller::server - Kynet accept failed: connection error: Endpoint closed
2026-09-15T23:52:27.638 WARN kycontroller::kymux_controller::server - Kynet accept failed: connection error: Endpoint closed
2026-09-15T23:52:27.638 WARN kycontroller::kymux_controller::server - Kynet accept failed: connection error: Endpoint closed
2026-09-15T23:52:27.638 WARN kycontroller::kymux_controller::server - Kynet accept failed: connection error: Endpoint closed
2026-09-15T23:52:27.638 WARN kycontroller::kymux_controller::server - Kynet accept failed: connection error: Endpoint closed
2026-09-15T23:52:27.638 WARN kycontroller::kymux_controller::server - Kynet accept failed: connection error: Endpoint closed
2026-09-15T23:52:27.638 WARN kycontroller::kymux_controller::server - Kynet accept failed: connection error: Endpoint closed
2026-09-15T23:52:27.638 WARN kycontroller::kymux_controller::server - Kynet accept failed: connection error: Endpoint closed
2026-09-15T23:52:27.638 WARN kycontroller::kymux_controller::server - Kynet accept failed: connection error: Endpoint closed
2026-09-15T23:52:27.638 WARN kycontroller::kymux_controller::server - Kynet accept failed: connection error: Endpoint closed
2026-09-15T23:52:27.638 WARN kycontroller::kymux_controller::server - Kynet accept failed: connection error: Endpoint closed
2026-09-15T23:52:27.638 WARN kycontroller::kymux_controller::server - Kynet accept failed: connection error: Endpoint closed
2026-09-15T23:52:27.638 WARN kycontroller::kymux_controller::server - Kynet accept failed: connection error: Endpoint closed
2026-09-15T23:52:27.638 WARN kycontroller::kymux_controller::server - Kynet accept failed: connection error: Endpoint closed
2026-09-15T23:52:27.638 WARN kycontroller::kymux_controller::server - Kynet accept failed: connection error: Endpoint closed
2026-09-15T23:52:27.638 WARN kycontroller::kymux_controller::server - Kynet accept failed: connection error: Endpoint closed
2026-09-15T23:52:27.638 WARN kycontroller::kymux_controller::server - Kynet accept failed: connection error: Endpoint closed
2026-09-15T23:52:27.638 WARN kycontroller::kymux_controller::server - Kynet accept failed: connection error: Endpoint closed
2026-09-15T23:52:27.638 WARN kycontroller::kymux_controller::server - Kynet accept failed: connection error: Endpoint closed
2026-09-15T23:52:27.639 WARN kycontroller::kymux_controller::server - Kynet accept failed: connection error: Endpoint closed
2026-09-15T23:52:27.639 WARN kycontroller::kymux_controller::server - Kynet accept failed: connection error: Endpoint closed
2026-09-15T23:52:27.639 WARN kycontroller::kymux_controller::server - Kynet accept failed: connection error: Endpoint closed
2026-09-15T23:52:27.639 WARN kycontroller::kymux_controller::server - Kynet accept failed: connection error: Endpoint closed
2026-09-15T23:52:27.639 WARN kycontroller::kymux_controller::server - Kynet accept failed: connection error: Endpoint closed
2026-09-15T23:52:27.639 WARN kycontroller::kymux_controller::server - Kynet accept failed: connection error: Endpoint closed
2026-09-15T23:52:27.639 WARN kycontroller::kymux_controller::server - Kynet accept failed: connection error: Endpoint closed
2026-09-15T23:52:27.639 WARN kycontroller::kymux_controller::server - Kynet accept failed: connection error: Endpoint closed
2026-09-15T23:52:27.639 WARN kycontroller::kymux_controller::server - Kynet accept failed: connection error: Endpoint closed
2026-09-15T23:52:27.639 WARN kycontroller::kymux_controller::server - Kynet accept failed: connection error: Endpoint closed
2026-09-15T23:52:27.639 WARN kycontroller::kymux_controller::server - Kynet accept failed: connection error: Endpoint closed
2026-09-15T23:52:27.639 WARN kycontroller::kymux_controller::server - Kynet accept failed: connection error: Endpoint closed
2026-09-15T23:52:27.639 WARN kycontroller::kymux_controller::server - Kynet accept failed: connection error: Endpoint closed
2026-09-15T23:52:27.639 WARN kycontroller::kymux_controller::server - Kynet accept failed: connection error: Endpoint closed
2026-09-15T23:52:27.639 WARN kycontroller::kymux_controller::server - Kynet accept failed: connection error: Endpoint closed
2026-09-15T23:52:27.639 WARN kycontroller::kymux_controller::server - Kynet accept failed: connection error: Endpoint closed
2026-09-15T23:52:27.639 WARN kycontroller::kymux_controller::server - Kynet accept failed: connection error: Endpoint closed
2026-09-15T23:52:27.639 WARN kycontroller::kymux_controller::server - Kynet accept failed: connection error: Endpoint closed
2026-09-15T23:52:27.639 WARN kycontroller::kymux_controller::server - Kynet accept failed: connection error: Endpoint closed
2026-09-15T23:52:27.639 WARN kycontroller::kymux_controller::server - Kynet accept failed: connection error: Endpoint closed
2026-09-15T23:52:27.639 WARN kycontroller::kymux_controller::server - Kynet accept failed: connection error: Endpoint closed
2026-09-15T23:52:27.639 WARN kycontroller::kymux_controller::server - Kynet accept failed: connection error: Endpoint closed
2026-09-15T23:52:27.639 WARN kycontroller::kymux_controller::server - Kynet accept failed: connection error: Endpoint closed
2026-09-15T23:52:27.639 WARN kycontroller::kymux_controller::server - Kynet accept failed: connection error: Endpoint closed
2026-09-15T23:52:27.639 WARN kycontroller::kymux_controller::server - Kynet accept failed: connection error: Endpoint closed
2026-09-15T23:52:27.639 WARN kycontroller::kymux_controller::server - Kynet accept failed: connection error: Endpoint closed
2026-09-15T23:52:27.639 WARN kycontroller::kymux_controller::server - Kynet accept failed: connection error: Endpoint closed
2026-09-15T23:52:27.639 WARN kycontroller::kymux_controller::server - Kynet accept failed: connection error: Endpoint closed
2026-09-15T23:52:27.639 WARN kycontroller::kymux_controller::server - Kynet accept failed: connection error: Endpoint closed
2026-09-15T23:52:27.639 WARN kycontroller::kymux_controller::server - Kynet accept failed: connection error: Endpoint closed
2026-09-15T23:52:27.639 WARN kycontroller::kymux_controller::server - Kynet accept failed: connection error: Endpoint closed
2026-09-15T23:52:27.639 WARN kycontroller::kymux_controller::server - Kynet accept failed: connection error: Endpoint closed
2026-09-15T23:52:27.639 WARN kycontroller::kymux_controller::server - Kynet accept failed: connection error: Endpoint closed
2026-09-15T23:52:27.639 WARN kycontroller::kymux_controller::server - Kynet accept failed: connection error: Endpoint closed
2026-09-15T23:52:27.639 WARN kycontroller::kymux_controller::server - Kynet accept failed: connection error: Endpoint closed
2026-09-15T23:52:27.639 WARN kycontroller::kymux_controller::server - Kynet accept failed: connection error: Endpoint closed
2026-09-15T23:52:27.639 WARN kycontroller::kymux_controller::server - Kynet accept failed: connection error: Endpoint closed
2026-09-15T23:52:27.639 WARN kycontroller::kymux_controller::server - Kynet accept failed: connection error: Endpoint closed
2026-09-15T23:52:27.639 WARN kycontroller::kymux_controller::server - Kynet accept failed: connection error: Endpoint closed
2026-09-15T23:52:27.639 WARN kycontroller::kymux_controller::server - Kynet accept failed: connection error: Endpoint closed
2026-09-15T23:52:27.639 WARN kycontroller::kymux_controller::server - Kynet accept failed: connection error: Endpoint closed
2026-09-15T23:52:27.639 WARN kycontroller::kymux_controller::server - Kynet accept failed: connection error: Endpoint closed
2026-09-15T23:52:27.639 WARN kycontroller::kymux_controller::server - Kynet accept failed: connection error: Endpoint closed
2026-09-15T23:52:27.639 WARN kycontroller::kymux_controller::server - Kynet accept failed: connection error: Endpoint closed
2026-09-15T23:52:27.639 WARN kycontroller::kymux_controller::server - Kynet accept failed: connection error: Endpoint closed
2026-09-15T23:52:27.639 WARN kycontroller::kymux_controller::server - Kynet accept failed: connection error: Endpoint closed
2026-09-15T23:52:27.639 WARN kycontroller::kymux_controller::server - Kynet accept failed: connection error: Endpoint closed
2026-09-15T23:52:27.639 WARN kycontroller::kymux_controller::server - Kynet accept failed: connection error: Endpoint closed
2026-09-15T23:52:27.639 WARN kycontroller::kymux_controller::server - Kynet accept failed: connection error: Endpoint closed
2026-09-15T23:52:27.639 WARN kycontroller::kymux_controller::server - Kynet accept failed: connection error: Endpoint closed
2026-09-15T23:52:27.639 WARN kycontroller::kymux_controller::server - Kynet accept failed: connection error: Endpoint closed
2026-09-15T23:52:27.639 WARN kycontroller::kymux_controller::server - Kynet accept failed: connection error: Endpoint closed
2026-09-15T23:52:27.639 WARN kycontroller::kymux_controller::server - Kynet accept failed: connection error: Endpoint closed
2026-09-15T23:52:27.639 WARN kycontroller::kymux_controller::server - Kynet accept failed: connection error: Endpoint closed
2026-09-15T23:52:27.639 WARN kycontroller::kymux_controller::server - Kynet accept failed: connection error: Endpoint closed
2026-09-15T23:52:27.639 WARN kycontroller::kymux_controller::server - Kynet accept failed: connection error: Endpoint closed
2026-09-15T23:52:27.639 WARN kycontroller::kymux_controller::server - Kynet accept failed: connection error: Endpoint closed
2026-09-15T23:52:27.639 WARN kycontroller::kymux_controller::server - Kynet accept failed: connection error: Endpoint closed
2026-09-15T23:52:27.639 WARN kycontroller::kymux_controller::server - Kynet accept failed: connection error: Endpoint closed
2026-09-15T23:52:27.639 WARN kycontroller::kymux_controller::server - Kynet accept failed: connection error: Endpoint closed
2026-09-15T23:52:27.639 WARN kycontroller::kymux_controller::server - Kynet accept failed: connection error: Endpoint closed
2026-09-15T23:52:27.639 WARN kycontroller::kymux_controller::server - Kynet accept failed: connection error: Endpoint closed
2026-09-15T23:52:27.639 WARN kycontroller::kymux_controller::server - Kynet accept failed: connection error: Endpoint closed
2026-09-15T23:52:27.639 WARN kycontroller::kymux_controller::server - Kynet accept failed: connection error: Endpoint closed
2026-09-15T23:52:27.639 WARN kycontroller::kymux_controller::server - Kynet accept failed: connection error: Endpoint closed
2026-09-15T23:52:27.639 WARN kycontroller::kymux_controller::server - Kynet accept failed: connection error: Endpoint closed
2026-09-15T23:52:27.639 WARN kycontroller::kymux_controller::server - Kynet accept failed: connection error: Endpoint closed
2026-09-15T23:52:27.639 WARN kycontroller::kymux_controller::server - Kynet accept failed: connection error: Endpoint closed
2026-09-15T23:52:27.639 WARN kycontroller::kymux_controller::server - Kynet accept failed: connection error: Endpoint closed
2026-09-15T23:52:27.639 WARN kycontroller::kymux_controller::server - Kynet accept failed: connection error: Endpoint closed
2026-09-15T23:52:27.639 WARN kycontroller::kymux_controller::server - Kynet accept failed: connection error: Endpoint closed
2026-09-15T23:52:27.639 WARN kycontroller::kymux_controller::server - Kynet accept failed: connection error: Endpoint closed
2026-09-15T23:52:27.639 WARN kycontroller::kymux_controller::server - Kynet accept failed: connection error: Endpoint closed
2026-09-15T23:52:27.639 WARN kycontroller::kymux_controller::server - Kynet accept failed: connection error: Endpoint closed
2026-09-15T23:52:27.639 WARN kycontroller::kymux_controller::server - Kynet accept failed: connection error: Endpoint closed
2026-09-15T23:52:27.639 WARN kycontroller::kymux_controller::server - Kynet accept failed: connection error: Endpoint closed
2026-09-15T23:52:27.639 WARN kycontroller::kymux_controller::server - Kynet accept failed: connection error: Endpoint closed
2026-09-15T23:52:27.639 WARN kycontroller::kymux_controller::server - Kynet accept failed: connection error: Endpoint closed
2026-09-15T23:52:27.639 WARN kycontroller::kymux_controller::server - Kynet accept failed: connection error: Endpoint closed
2026-09-15T23:52:27.639 WARN kycontroller::kymux_controller::server - Kynet accept failed: connection error: Endpoint closed
2026-09-15T23:52:27.639 WARN kycontroller::kymux_controller::server - Kynet accept failed: connection error: Endpoint closed
2026-09-15T23:52:27.639 WARN kycontroller::kymux_controller::server - Kynet accept failed: connection error: Endpoint closed
2026-09-15T23:52:27.639 WARN kycontroller::kymux_controller::server - Kynet accept failed: connection error: Endpoint closed
2026-09-15T23:52:27.639 WARN kycontroller::kymux_controller::server - Kynet accept failed: connection error: Endpoint closed
2026-09-15T23:52:27.639 WARN kycontroller::kymux_controller::server - Kynet accept failed: connection error: Endpoint closed
2026-09-15T23:52:27.639 WARN kycontroller::kymux_controller::server - Kynet accept failed: connection error: Endpoint closed
2026-09-15T23:52:27.639 WARN kycontroller::kymux_controller::server - Kynet accept failed: connection error: Endpoint closed
2026-09-15T23:52:27.639 WARN kycontroller::kymux_controller::server - Kynet accept failed: connection error: Endpoint closed
2026-09-15T23:52:27.639 WARN kycontroller::kymux_controller::server - Kynet accept failed: connection error: Endpoint closed
2026-09-15T23:52:27.639 WARN kycontroller::kymux_controller::server - Kynet accept failed: connection error: Endpoint closed
2026-09-15T23:52:27.639 WARN kycontroller::kymux_controller::server - Kynet accept failed: connection error: Endpoint closed
2026-09-15T23:52:27.639 WARN kycontroller::kymux_controller::server - Kynet accept failed: connection error: Endpoint closed
2026-09-15T23:52:27.639 WARN kycontroller::kymux_controller::server - Kynet accept failed: connection error: Endpoint closed
2026-09-15T23:52:27.639 WARN kycontroller::kymux_controller::server - Kynet accept failed: connection error: Endpoint closed
2026-09-15T23:52:27.639 WARN kycontroller::kymux_controller::server - Kynet accept failed: connection error: Endpoint closed
2026-09-15T23:52:27.639 WARN kycontroller::kymux_controller::server - Kynet accept failed: connection error: Endpoint closed
2026-09-15T23:52:27.639 WARN kycontroller::kymux_controller::server - Kynet accept failed: connection error: Endpoint closed
2026-09-15T23:52:27.639 WARN kycontroller::kymux_controller::server - Kynet accept failed: connection error: Endpoint closed
2026-09-15T23:52:27.639 WARN kycontroller::kymux_controller::server - Kynet accept failed: connection error: Endpoint closed
2026-09-15T23:52:27.639 WARN kycontroller::kymux_controller::server - Kynet accept failed: connection error: Endpoint closed
2026-09-15T23:52:27.639 WARN kycontroller::kymux_controller::server - Kynet accept failed: connection error: Endpoint closed
2026-09-15T23:52:27.639 WARN kycontroller::kymux_controller::server - Kynet accept failed: connection error: Endpoint closed
2026-09-15T23:52:27.639 WARN kycontroller::kymux_controller::server - Kynet accept failed: connection error: Endpoint closed
2026-09-15T23:52:27.639 WARN kycontroller::kymux_controller::server - Kynet accept failed: connection error: Endpoint closed
2026-09-15T23:52:27.639 WARN kycontroller::kymux_controller::server - Kynet accept failed: connection error: Endpoint closed
2026-09-15T23:52:27.640 WARN kycontroller::kymux_controller::server - Kynet accept failed: connection error: Endpoint closed
2026-09-15T23:52:27.640 WARN kycontroller::kymux_controller::server - Kynet accept failed: connection error: Endpoint closed
2026-09-15T23:52:27.640 WARN kycontroller::kymux_controller::server - Kynet accept failed: connection error: Endpoint closed
2026-09-15T23:52:27.640 WARN kycontroller::kymux_controller::server - Kynet accept failed: connection error: Endpoint closed
2026-09-15T23:52:27.640 WARN kycontroller::kymux_controller::server - Kynet accept failed: connection error: Endpoint closed
2026-09-15T23:52:27.640 WARN kycontroller::kymux_controller::server - Kynet accept failed: connection error: Endpoint closed
2026-09-15T23:52:27.640 WARN kycontroller::kymux_controller::server - Kynet accept failed: connection error: Endpoint closed
2026-09-15T23:52:27.640 WARN kycontroller::kymux_controller::server - Kynet accept failed: connection error: Endpoint closed
2026-09-15T23:52:27.640 WARN kycontroller::kymux_controller::server - Kynet accept failed: connection error: Endpoint closed
2026-09-15T23:52:27.640 WARN kycontroller::kymux_controller::server - Kynet accept failed: connection error: Endpoint closed
2026-09-15T23:52:27.640 WARN kycontroller::kymux_controller::server - Kynet accept failed: connection error: Endpoint closed
2026-09-15T23:52:27.640 WARN kycontroller::kymux_controller::server - Kynet accept failed: connection error: Endpoint closed
2026-09-15T23:52:27.640 WARN kycontroller::kymux_controller::server - Kynet accept failed: connection error: Endpoint closed
2026-09-15T23:52:27.640 WARN kycontroller::kymux_controller::server - Kynet accept failed: connection error: Endpoint closed
2026-09-15T23:52:27.640 WARN kycontroller::kymux_controller::server - Kynet accept failed: connection error: Endpoint closed
2026-09-15T23:52:27.640 WARN kycontroller::kymux_controller::server - Kynet accept failed: connection error: Endpoint closed
2026-09-15T23:52:27.640 WARN kycontroller::kymux_controller::server - Kynet accept failed: connection error: Endpoint closed
2026-09-15T23:52:27.640 WARN kycontroller::kymux_controller::server - Kynet accept failed: connection error: Endpoint closed
2026-09-15T23:52:27.640 WARN kycontroller::kymux_controller::server - Kynet accept failed: connection error: Endpoint closed
2026-09-15T23:52:27.640 WARN kycontroller::kymux_controller::server - Kynet accept failed: connection error: Endpoint closed
2026-09-15T23:52:27.640 WARN kycontroller::kymux_controller::server - Kynet accept failed: connection error: Endpoint closed
2026-09-15T23:52:27.640 WARN kycontroller::kymux_controller::server - Kynet accept failed: connection error: Endpoint closed
2026-09-15T23:52:27.640 WARN kycontroller::kymux_controller::server - Kynet accept failed: connection error: Endpoint closed
2026-09-15T23:52:27.640 WARN kycontroller::kymux_controller::server - Kynet accept failed: connection error: Endpoint closed
2026-09-15T23:52:27.640 WARN kycontroller::kymux_controller::server - Kynet accept failed: connection error: Endpoint closed
2026-09-15T23:52:27.640 WARN kycontroller::kymux_controller::server - Kynet accept failed: connection error: Endpoint closed
2026-09-15T23:52:27.640 WARN kycontroller::kymux_controller::server - Kynet accept failed: connection error: Endpoint closed
2026-09-15T23:52:27.640 WARN kycontroller::kymux_controller::server - Kynet accept failed: connection error: Endpoint closed
2026-09-15T23:52:27.640 WARN kycontroller::kymux_controller::server - Kynet accept failed: connection error: Endpoint closed
2026-09-15T23:52:27.640 WARN kycontroller::kymux_controller::server - Kynet accept failed: connection error: Endpoint closed
2026-09-15T23:52:27.640 WARN kycontroller::kymux_controller::server - Kynet accept failed: connection error: Endpoint closed
2026-09-15T23:52:27.640 WARN kycontroller::kymux_controller::server - Kynet accept failed: connection error: Endpoint closed
2026-09-15T23:52:27.640 WARN kycontroller::kymux_controller::server - Kynet accept failed: connection error: Endpoint closed
2026-09-15T23:52:27.640 WARN kycontroller::kymux_controller::server - Kynet accept failed: connection error: Endpoint closed
2026-09-15T23:52:27.640 WARN kycontroller::kymux_controller::server - Kynet accept failed: connection error: Endpoint closed
2026-09-15T23:52:27.640 WARN kycontroller::kymux_controller::server - Kynet accept failed: connection error: Endpoint closed
2026-09-15T23:52:27.640 WARN kycontroller::kymux_controller::server - Kynet accept failed: connection error: Endpoint closed
2026-09-15T23:52:27.640 WARN kycontroller::kymux_controller::server - Kynet accept failed: connection error: Endpoint closed
2026-09-15T23:52:27.640 WARN kycontroller::kymux_controller::server - Kynet accept failed: connection error: Endpoint closed
2026-09-15T23:52:27.640 WARN kycontroller::kymux_controller::server - Kynet accept failed: connection error: Endpoint closed
2026-09-15T23:52:27.640 WARN kycontroller::kymux_controller::server - Kynet accept failed: connection error: Endpoint closed
2026-09-15T23:52:27.640 WARN kycontroller::kymux_controller::server - Kynet accept failed: connection error: Endpoint closed
2026-09-15T23:52:27.640 WARN kycontroller::kymux_controller::server - Kynet accept failed: connection error: Endpoint closed
2026-09-15T23:52:27.640 WARN kycontroller::kymux_controller::server - Kynet accept failed: connection error: Endpoint closed
2026-09-15T23:52:27.640 WARN kycontroller::kymux_controller::server - Kynet accept failed: connection error: Endpoint closed
2026-09-15T23:52:27.640 WARN kycontroller::kymux_controller::server - Kynet accept failed: connection error: Endpoint closed
2026-09-15T23:52:27.640 WARN kycontroller::kymux_controller::server - Kynet accept failed: connection error: Endpoint closed
2026-09-15T23:52:27.640 WARN kycontroller::kymux_controller::server - Kynet accept failed: connection error: Endpoint closed
2026-09-15T23:52:27.640 WARN kycontroller::kymux_controller::server - Kynet accept failed: connection error: Endpoint closed
2026-09-15T23:52:27.640 WARN kycontroller::kymux_controller::server - Kynet accept failed: connection error: Endpoint closed
2026-09-15T23:52:27.640 WARN kycontroller::kymux_controller::server - Kynet accept failed: connection error: Endpoint closed
2026-09-15T23:52:27.640 WARN kycontroller::kymux_controller::server - Kynet accept failed: connection error: Endpoint closed
2026-09-15T23:52:27.640 WARN kycontroller::kymux_controller::server - Kynet accept failed: connection error: Endpoint closed
2026-09-15T23:52:27.640 WARN kycontroller::kymux_controller::server - Kynet accept failed: connection error: Endpoint closed
2026-09-15T23:52:27.640 WARN kycontroller::kymux_controller::server - Kynet accept failed: connection error: Endpoint closed
2026-09-15T23:52:27.640 WARN kycontroller::kymux_controller::server - Kynet accept failed: connection error: Endpoint closed
2026-09-15T23:52:27.640 WARN kycontroller::kymux_controller::server - Kynet accept failed: connection error: Endpoint closed
2026-09-15T23:52:27.640 WARN kycontroller::kymux_controller::server - Kynet accept failed: connection error: Endpoint closed
2026-09-15T23:52:27.640 WARN kycontroller::kymux_controller::server - Kynet accept failed: connection error: Endpoint closed
2026-09-15T23:52:27.640 WARN kycontroller::kymux_controller::server - Kynet accept failed: connection error: Endpoint closed
2026-09-15T23:52:27.640 WARN kycontroller::kymux_controller::server - Kynet accept failed: connection error: Endpoint closed
2026-09-15T23:52:27.640 WARN kycontroller::kymux_controller::server - Kynet accept failed: connection error: Endpoint closed
2026-09-15T23:52:27.640 WARN kycontroller::kymux_controller::server - Kynet accept failed: connection error: Endpoint closed
2026-09-15T23:52:27.640 WARN kycontroller::kymux_controller::server - Kynet accept failed: connection error: Endpoint closed
2026-09-15T23:52:27.640 WARN kycontroller::kymux_controller::server - Kynet accept failed: connection error: Endpoint closed
2026-09-15T23:52:27.640 WARN kycontroller::kymux_controller::server - Kynet accept failed: connection error: Endpoint closed
2026-09-15T23:52:27.640 WARN kycontroller::kymux_controller::server - Kynet accept failed: connection error: Endpoint closed
2026-09-15T23:52:27.640 WARN kycontroller::kymux_controller::server - Kynet accept failed: connection error: Endpoint closed
2026-09-15T23:52:27.640 WARN kycontroller::kymux_controller::server - Kynet accept failed: connection error: Endpoint closed
2026-09-15T23:52:27.640 WARN kycontroller::kymux_controller::server - Kynet accept failed: connection error: Endpoint closed
2026-09-15T23:52:27.640 WARN kycontroller::kymux_controller::server - Kynet accept failed: connection error: Endpoint closed
2026-09-15T23:52:27.640 WARN kycontroller::kymux_controller::server - Kynet accept failed: connection error: Endpoint closed
2026-09-15T23:52:27.640 WARN kycontroller::kymux_controller::server - Kynet accept failed: connection error: Endpoint closed
2026-09-15T23:52:27.640 WARN kycontroller::kymux_controller::server - Kynet accept failed: connection error: Endpoint closed
2026-09-15T23:52:27.640 WARN kycontroller::kymux_controller::server - Kynet accept failed: connection error: Endpoint closed
2026-09-15T23:52:27.640 WARN kycontroller::kymux_controller::server - Kynet accept failed: connection error: Endpoint closed
2026-09-15T23:52:27.640 WARN kycontroller::kymux_controller::server - Kynet accept failed: connection error: Endpoint closed
2026-09-15T23:52:27.640 WARN kycontroller::kymux_controller::server - Kynet accept failed: connection error: Endpoint closed
2026-09-15T23:52:27.640 WARN kycontroller::kymux_controller::server - Kynet accept failed: connection error: Endpoint closed
2026-09-15T23:52:27.640 WARN kycontroller::kymux_controller::server - Kynet accept failed: connection error: Endpoint closed
2026-09-15T23:52:27.640 WARN kycontroller::kymux_controller::server - Kynet accept failed: connection error: Endpoint closed
2026-09-15T23:52:27.640 WARN kycontroller::kymux_controller::server - Kynet accept failed: connection error: Endpoint closed
2026-09-15T23:52:27.640 WARN kycontroller::kymux_controller::server - Kynet accept failed: connection error: Endpoint closed
2026-09-15T23:52:27.640 WARN kycontroller::kymux_controller::server - Kynet accept failed: connection error: Endpoint closed
2026-09-15T23:52:27.640 WARN kycontroller::kymux_controller::server - Kynet accept failed: connection error: Endpoint closed
2026-09-15T23:52:27.640 WARN kycontroller::kymux_controller::server - Kynet accept failed: connection error: Endpoint closed
2026-09-15T23:52:27.640 WARN kycontroller::kymux_controller::server - Kynet accept failed: connection error: Endpoint closed
2026-09-15T23:52:27.640 WARN kycontroller::kymux_controller::server - Kynet accept failed: connection error: Endpoint closed
2026-09-15T23:52:27.640 WARN kycontroller::kymux_controller::server - Kynet accept failed: connection error: Endpoint closed
2026-09-15T23:52:27.640 WARN kycontroller::kymux_controller::server - Kynet accept failed: connection error: Endpoint closed
2026-09-15T23:52:27.640 WARN kycontroller::kymux_controller::server - Kynet accept failed: connection error: Endpoint closed
2026-09-15T23:52:27.640 WARN kycontroller::kymux_controller::server - Kynet accept failed: connection error: Endpoint closed
2026-09-15T23:52:27.640 WARN kycontroller::kymux_controller::server - Kynet accept failed: connection error: Endpoint closed
2026-09-15T23:52:27.640 WARN kycontroller::kymux_controller::server - Kynet accept failed: connection error: Endpoint closed
2026-09-15T23:52:27.640 WARN kycontroller::kymux_controller::server - Kynet accept failed: connection error: Endpoint closed
2026-09-15T23:52:27.640 WARN kycontroller::kymux_controller::server - Kynet accept failed: connection error: Endpoint closed
2026-09-15T23:52:27.640 WARN kycontroller::kymux_controller::server - Kynet accept failed: connection error: Endpoint closed
2026-09-15T23:52:27.640 WARN kycontroller::kymux_controller::server - Kynet accept failed: connection error: Endpoint closed
2026-09-15T23:52:27.640 WARN kycontroller::kymux_controller::server - Kynet accept failed: connection error: Endpoint closed
2026-09-15T23:52:27.640 WARN kycontroller::kymux_controller::server - Kynet accept failed: connection error: Endpoint closed
2026-09-15T23:52:27.640 WARN kycontroller::kymux_controller::server - Kynet accept failed: connection error: Endpoint closed
2026-09-15T23:52:27.640 WARN kycontroller::kymux_controller::server - Kynet accept failed: connection error: Endpoint closed
2026-09-15T23:52:27.640 WARN kycontroller::kymux_controller::server - Kynet accept failed: connection error: Endpoint closed
2026-09-15T23:52:27.640 WARN kycontroller::kymux_controller::server - Kynet accept failed: connection error: Endpoint closed
2026-09-15T23:52:27.640 WARN kycontroller::kymux_controller::server - Kynet accept failed: connection error: Endpoint closed
2026-09-15T23:52:27.640 WARN kycontroller::kymux_controller::server - Kynet accept failed: connection error: Endpoint closed
2026-09-15T23:52:27.640 WARN kycontroller::kymux_controller::server - Kynet accept failed: connection error: Endpoint closed
2026-09-15T23:52:27.640 WARN kycontroller::kymux_controller::server - Kynet accept failed: connection error: Endpoint closed
2026-09-15T23:52:27.640 WARN kycontroller::kymux_controller::server - Kynet accept failed: connection error: Endpoint closed
2026-09-15T23:52:27.640 WARN kycontroller::kymux_controller::server - Kynet accept failed: connection error: Endpoint closed
2026-09-15T23:52:27.640 WARN kycontroller::kymux_controller::server - Kynet accept failed: connection error: Endpoint closed
2026-09-15T23:52:27.640 WARN kycontroller::kymux_controller::server - Kynet accept failed: connection error: Endpoint closed
2026-09-15T23:52:27.640 WARN kycontroller::kymux_controller::server - Kynet accept failed: connection error: Endpoint closed
2026-09-15T23:52:27.641 WARN kycontroller::kymux_controller::server - Kynet accept failed: connection error: Endpoint closed
2026-09-15T23:52:27.641 WARN kycontroller::kymux_controller::server - Kynet accept failed: connection error: Endpoint closed
2026-09-15T23:52:27.641 WARN kycontroller::kymux_controller::server - Kynet accept failed: connection error: Endpoint closed
2026-09-15T23:52:27.641 WARN kycontroller::kymux_controller::server - Kynet accept failed: connection error: Endpoint closed
2026-09-15T23:52:27.641 WARN kycontroller::kymux_controller::server - Kynet accept failed: connection error: Endpoint closed
2026-09-15T23:52:27.641 WARN kycontroller::kymux_controller::server - Kynet accept failed: connection error: Endpoint closed
2026-09-15T23:52:27.641 WARN kycontroller::kymux_controller::server - Kynet accept failed: connection error: Endpoint closed
2026-09-15T23:52:27.641 WARN kycontroller::kymux_controller::server - Kynet accept failed: connection error: Endpoint closed
2026-09-15T23:52:27.641 WARN kycontroller::kymux_controller::server - Kynet accept failed: connection error: Endpoint closed
2026-09-15T23:52:27.641 WARN kycontroller::kymux_controller::server - Kynet accept failed: connection error: Endpoint closed
2026-09-15T23:52:27.641 WARN kycontroller::kymux_controller::server - Kynet accept failed: connection error: Endpoint closed
2026-09-15T23:52:27.641 WARN kycontroller::kymux_controller::server - Kynet accept failed: connection error: Endpoint closed
2026-09-15T23:52:27.641 WARN kycontroller::kymux_controller::server - Kynet accept failed: connection error: Endpoint closed
2026-09-15T23:52:27.641 WARN kycontroller::kymux_controller::server - Kynet accept failed: connection error: Endpoint closed
2026-09-15T23:52:27.641 WARN kycontroller::kymux_controller::server - Kynet accept failed: connection error: Endpoint closed
2026-09-15T23:52:27.641 WARN kycontroller::kymux_controller::server - Kynet accept failed: connection error: Endpoint closed
2026-09-15T23:52:27.641 WARN kycontroller::kymux_controller::server - Kynet accept failed: connection error: Endpoint closed
2026-09-15T23:52:27.641 WARN kycontroller::kymux_controller::server - Kynet accept failed: connection error: Endpoint closed
2026-09-15T23:52:27.641 WARN kycontroller::kymux_controller::server - Kynet accept failed: connection error: Endpoint closed
2026-09-15T23:52:27.641 WARN kycontroller::kymux_controller::server - Kynet accept failed: connection error: Endpoint closed
2026-09-15T23:52:27.641 WARN kycontroller::kymux_controller::server - Kynet accept failed: connection error: Endpoint closed
2026-09-15T23:52:27.641 WARN kycontroller::kymux_controller::server - Kynet accept failed: connection error: Endpoint closed
2026-09-15T23:52:27.641 WARN kycontroller::kymux_controller::server - Kynet accept failed: connection error: Endpoint closed
2026-09-15T23:52:27.641 WARN kycontroller::kymux_controller::server - Kynet accept failed: connection error: Endpoint closed
2026-09-15T23:52:27.641 WARN kycontroller::kymux_controller::server - Kynet accept failed: connection error: Endpoint closed
2026-09-15T23:52:27.641 WARN kycontroller::kymux_controller::server - Kynet accept failed: connection error: Endpoint closed
2026-09-15T23:52:27.641 WARN kycontroller::kymux_controller::server - Kynet accept failed: connection error: Endpoint closed
2026-09-15T23:52:27.641 WARN kycontroller::kymux_controller::server - Kynet accept failed: connection error: Endpoint closed
2026-09-15T23:52:27.641 WARN kycontroller::kymux_controller::server - Kynet accept failed: connection error: Endpoint closed
2026-09-15T23:52:27.641 WARN kycontroller::kymux_controller::server - Kynet accept failed: connection error: Endpoint closed
2026-09-15T23:52:27.641 WARN kycontroller::kymux_controller::server - Kynet accept failed: connection error: Endpoint closed
2026-09-15T23:52:27.641 WARN kycontroller::kymux_controller::server - Kynet accept failed: connection error: Endpoint closed
2026-09-15T23:52:27.641 WARN kycontroller::kymux_controller::server - Kynet accept failed: connection error: Endpoint closed
2026-09-15T23:52:27.641 WARN kycontroller::kymux_controller::server - Kynet accept failed: connection error: Endpoint closed
2026-09-15T23:52:27.641 WARN kycontroller::kymux_controller::server - Kynet accept failed: connection error: Endpoint closed
2026-09-15T23:52:27.641 WARN kycontroller::kymux_controller::server - Kynet accept failed: connection error: Endpoint closed
2026-09-15T23:52:27.641 WARN kycontroller::kymux_controller::server - Kynet accept failed: connection error: Endpoint closed
2026-09-15T23:52:27.641 WARN kycontroller::kymux_controller::server - Kynet accept failed: connection error: Endpoint closed
2026-09-15T23:52:27.641 WARN kycontroller::kymux_controller::server - Kynet accept failed: connection error: Endpoint closed
2026-09-15T23:52:27.641 WARN kycontroller::kymux_controller::server - Kynet accept failed: connection error: Endpoint closed
2026-09-15T23:52:27.641 WARN kycontroller::kymux_controller::server - Kynet accept failed: connection error: Endpoint closed
2026-09-15T23:52:27.641 WARN kycontroller::kymux_controller::server - Kynet accept failed: connection error: Endpoint closed
2026-09-15T23:52:27.641 WARN kycontroller::kymux_controller::server - Kynet accept failed: connection error: Endpoint closed
2026-09-15T23:52:27.641 WARN kycontroller::kymux_controller::server - Kynet accept failed: connection error: Endpoint closed
2026-09-15T23:52:27.641 WARN kycontroller::kymux_controller::server - Kynet accept failed: connection error: Endpoint closed
2026-09-15T23:52:27.641 WARN kycontroller::kymux_controller::server - Kynet accept failed: connection error: Endpoint closed
2026-09-15T23:52:27.641 WARN kycontroller::kymux_controller::server - Kynet accept failed: connection error: Endpoint closed
2026-09-15T23:52:27.641 WARN kycontroller::kymux_controller::server - Kynet accept failed: connection error: Endpoint closed
2026-09-15T23:52:27.641 WARN kycontroller::kymux_controller::server - Kynet accept failed: connection error: Endpoint closed
2026-09-15T23:52:27.641 WARN kycontroller::kymux_controller::server - Kynet accept failed: connection error: Endpoint closed
2026-09-15T23:52:27.641 WARN kycontroller::kymux_controller::server - Kynet accept failed: connection error: Endpoint closed
2026-09-15T23:52:27.641 WARN kycontroller::kymux_controller::server - Kynet accept failed: connection error: Endpoint closed
2026-09-15T23:52:27.641 WARN kycontroller::kymux_controller::server - Kynet accept failed: connection error: Endpoint closed
2026-09-15T23:52:27.641 WARN kycontroller::kymux_controller::server - Kynet accept failed: connection error: Endpoint closed
2026-09-15T23:52:27.641 WARN kycontroller::kymux_controller::server - Kynet accept failed: connection error: Endpoint closed
2026-09-15T23:52:27.641 WARN kycontroller::kymux_controller::server - Kynet accept failed: connection error: Endpoint closed
2026-09-15T23:52:27.641 WARN kycontroller::kymux_controller::server - Kynet accept failed: connection error: Endpoint closed
2026-09-15T23:52:27.641 WARN kycontroller::kymux_controller::server - Kynet accept failed: connection error: Endpoint closed
2026-09-15T23:52:27.641 WARN kycontroller::kymux_controller::server - Kynet accept failed: connection error: Endpoint closed
2026-09-15T23:52:27.641 WARN kycontroller::kymux_controller::server - Kynet accept failed: connection error: Endpoint closed
2026-09-15T23:52:27.641 WARN kycontroller::kymux_controller::server - Kynet accept failed: connection error: Endpoint closed
2026-09-15T23:52:27.641 WARN kycontroller::kymux_controller::server - Kynet accept failed: connection error: Endpoint closed
2026-09-15T23:52:27.641 WARN kycontroller::kymux_controller::server - Kynet accept failed: connection error: Endpoint closed
2026-09-15T23:52:27.641 WARN kycontroller::kymux_controller::server - Kynet accept failed: connection error: Endpoint closed
2026-09-15T23:52:27.641 WARN kycontroller::kymux_controller::server - Kynet accept failed: connection error: Endpoint closed
2026-09-15T23:52:27.641 WARN kycontroller::kymux_controller::server - Kynet accept failed: connection error: Endpoint closed
2026-09-15T23:52:27.641 WARN kycontroller::kymux_controller::server - Kynet accept failed: connection error: Endpoint closed
2026-09-15T23:52:27.641 WARN kycontroller::kymux_controller::server - Kynet accept failed: connection error: Endpoint closed
2026-09-15T23:52:27.641 WARN kycontroller::kymux_controller::server - Kynet accept failed: connection error: Endpoint closed
2026-09-15T23:52:27.641 WARN kycontroller::kymux_controller::server - Kynet accept failed: connection error: Endpoint closed
2026-09-15T23:52:27.641 WARN kycontroller::kymux_controller::server - Kynet accept failed: connection error: Endpoint closed
2026-09-15T23:52:27.641 WARN kycontroller::kymux_controller::server - Kynet accept failed: connection error: Endpoint closed
2026-09-15T23:52:27.641 WARN kycontroller::kymux_controller::server - Kynet accept failed: connection error: Endpoint closed
2026-09-15T23:52:27.641 WARN kycontroller::kymux_controller::server - Kynet accept failed: connection error: Endpoint closed
2026-09-15T23:52:27.641 WARN kycontroller::kymux_controller::server - Kynet accept failed: connection error: Endpoint closed
2026-09-15T23:52:27.641 WARN kycontroller::kymux_controller::server - Kynet accept failed: connection error: Endpoint closed
2026-09-15T23:52:27.641 WARN kycontroller::kymux_controller::server - Kynet accept failed: connection error: Endpoint closed
2026-09-15T23:52:27.641 WARN kycontroller::kymux_controller::server - Kynet accept failed: connection error: Endpoint closed
2026-09-15T23:52:27.641 WARN kycontroller::kymux_controller::server - Kynet accept failed: connection error: Endpoint closed
2026-09-15T23:52:27.641 WARN kycontroller::kymux_controller::server - Kynet accept failed: connection error: Endpoint closed
2026-09-15T23:52:27.641 WARN kycontroller::kymux_controller::server - Kynet accept failed: connection error: Endpoint closed
2026-09-15T23:52:27.641 WARN kycontroller::kymux_controller::server - Kynet accept failed: connection error: Endpoint closed
2026-09-15T23:52:27.641 WARN kycontroller::kymux_controller::server - Kynet accept failed: connection error: Endpoint closed
2026-09-15T23:52:27.641 WARN kycontroller::kymux_controller::server - Kynet accept failed: connection error: Endpoint closed
2026-09-15T23:52:27.641 WARN kycontroller::kymux_controller::server - Kynet accept failed: connection error: Endpoint closed
2026-09-15T23:52:27.641 WARN kycontroller::kymux_controller::server - Kynet accept failed: connection error: Endpoint closed
2026-09-15T23:52:27.641 WARN kycontroller::kymux_controller::server - Kynet accept failed: connection error: Endpoint closed
2026-09-15T23:52:27.641 WARN kycontroller::kymux_controller::server - Kynet accept failed: connection error: Endpoint closed
2026-09-15T23:52:27.641 WARN kycontroller::kymux_controller::server - Kynet accept failed: connection error: Endpoint closed
2026-09-15T23:52:27.641 WARN kycontroller::kymux_controller::server - Kynet accept failed: connection error: Endpoint closed
2026-09-15T23:52:27.641 WARN kycontroller::kymux_controller::server - Kynet accept failed: connection error: Endpoint closed
2026-09-15T23:52:27.641 WARN kycontroller::kymux_controller::server - Kynet accept failed: connection error: Endpoint closed
2026-09-15T23:52:27.641 WARN kycontroller::kymux_controller::server - Kynet accept failed: connection error: Endpoint closed
2026-09-15T23:52:27.641 WARN kycontroller::kymux_controller::server - Kynet accept failed: connection error: Endpoint closed
2026-09-15T23:52:27.641 WARN kycontroller::kymux_controller::server - Kynet accept failed: connection error: Endpoint closed
2026-09-15T23:52:27.641 WARN kycontroller::kymux_controller::server - Kynet accept failed: connection error: Endpoint closed
2026-09-15T23:52:27.641 WARN kycontroller::kymux_controller::server - Kynet accept failed: connection error: Endpoint closed
2026-09-15T23:52:27.641 WARN kycontroller::kymux_controller::server - Kynet accept failed: connection error: Endpoint closed
2026-09-15T23:52:27.641 WARN kycontroller::kymux_controller::server - Kynet accept failed: connection error: Endpoint closed
2026-09-15T23:52:27.641 WARN kycontroller::kymux_controller::server - Kynet accept failed: connection error: Endpoint closed
2026-09-15T23:52:27.641 WARN kycontroller::kymux_controller::server - Kynet accept failed: connection error: Endpoint closed
2026-09-15T23:52:27.641 WARN kycontroller::kymux_controller::server - Kynet accept failed: connection error: Endpoint closed
2026-09-15T23:52:27.641 WARN kycontroller::kymux_controller::server - Kynet accept failed: connection error: Endpoint closed
2026-09-15T23:52:27.641 WARN kycontroller::kymux_controller::server - Kynet accept failed: connection error: Endpoint closed
2026-09-15T23:52:27.641 WARN kycontroller::kymux_controller::server - Kynet accept failed: connection error: Endpoint closed
2026-09-15T23:52:27.641 WARN kycontroller::kymux_controller::server - Kynet accept failed: connection error: Endpoint closed
2026-09-15T23:52:27.641 WARN kycontroller::kymux_controller::server - Kynet accept failed: connection error: Endpoint closed
2026-09-15T23:52:27.641 WARN kycontroller::kymux_controller::server - Kynet accept failed: connection error: Endpoint closed
2026-09-15T23:52:27.641 WARN kycontroller::kymux_controller::server - Kynet accept failed: connection error: Endpoint closed
2026-09-15T23:52:27.641 WARN kycontroller::kymux_controller::server - Kynet accept failed: connection error: Endpoint closed
2026-09-15T23:52:27.642 WARN kycontroller::kymux_controller::server - Kynet accept failed: connection error: Endpoint closed
2026-09-15T23:52:27.642 WARN kycontroller::kymux_controller::server - Kynet accept failed: connection error: Endpoint closed
2026-09-15T23:52:27.642 WARN kycontroller::kymux_controller::server - Kynet accept failed: connection error: Endpoint closed
2026-09-15T23:52:27.642 WARN kycontroller::kymux_controller::server - Kynet accept failed: connection error: Endpoint closed
2026-09-15T23:52:27.642 WARN kycontroller::kymux_controller::server - Kynet accept failed: connection error: Endpoint closed
2026-09-15T23:52:27.642 WARN kycontroller::kymux_controller::server - Kynet accept failed: connection error: Endpoint closed
2026-09-15T23:52:27.642 WARN kycontroller::kymux_controller::server - Kynet accept failed: connection error: Endpoint closed
2026-09-15T23:52:27.642 WARN kycontroller::kymux_controller::server - Kynet accept failed: connection error: Endpoint closed
2026-09-15T23:52:27.642 WARN kycontroller::kymux_controller::server - Kynet accept failed: connection error: Endpoint closed
2026-09-15T23:52:27.642 WARN kycontroller::kymux_controller::server - Kynet accept failed: connection error: Endpoint closed
2026-09-15T23:52:27.642 WARN kycontroller::kymux_controller::server - Kynet accept failed: connection error: Endpoint closed
2026-09-15T23:52:27.642 WARN kycontroller::kymux_controller::server - Kynet accept failed: connection error: Endpoint closed
2026-09-15T23:52:27.642 WARN kycontroller::kymux_controller::server - Kynet accept failed: connection error: Endpoint closed
2026-09-15T23:52:27.642 WARN kycontroller::kymux_controller::server - Kynet accept failed: connection error: Endpoint closed
2026-09-15T23:52:27.642 WARN kycontroller::kymux_controller::server - Kynet accept failed: connection error: Endpoint closed
2026-09-15T23:52:27.642 WARN kycontroller::kymux_controller::server - Kynet accept failed: connection error: Endpoint closed
2026-09-15T23:52:27.642 WARN kycontroller::kymux_controller::server - Kynet accept failed: connection error: Endpoint closed
2026-09-15T23:52:27.642 WARN kycontroller::kymux_controller::server - Kynet accept failed: connection error: Endpoint closed
2026-09-15T23:52:27.642 WARN kycontroller::kymux_controller::server - Kynet accept failed: connection error: Endpoint closed
2026-09-15T23:52:27.642 WARN kycontroller::kymux_controller::server - Kynet accept failed: connection error: Endpoint closed
2026-09-15T23:52:27.642 WARN kycontroller::kymux_controller::server - Kynet accept failed: connection error: Endpoint closed
2026-09-15T23:52:27.642 WARN kycontroller::kymux_controller::server - Kynet accept failed: connection error: Endpoint closed
2026-09-15T23:52:27.642 WARN kycontroller::kymux_controller::server - Kynet accept failed: connection error: Endpoint closed
2026-09-15T23:52:27.642 WARN kycontroller::kymux_controller::server - Kynet accept failed: connection error: Endpoint closed
2026-09-15T23:52:27.642 WARN kycontroller::kymux_controller::server - Kynet accept failed: connection error: Endpoint closed
2026-09-15T23:52:27.642 WARN kycontroller::kymux_controller::server - Kynet accept failed: connection error: Endpoint closed
2026-09-15T23:52:27.642 WARN kycontroller::kymux_controller::server - Kynet accept failed: connection error: Endpoint closed
2026-09-15T23:52:27.642 WARN kycontroller::kymux_controller::server - Kynet accept failed: connection error: Endpoint closed
2026-09-15T23:52:27.642 WARN kycontroller::kymux_controller::server - Kynet accept failed: connection error: Endpoint closed
2026-09-15T23:52:27.642 WARN kycontroller::kymux_controller::server - Kynet accept failed: connection error: Endpoint closed
2026-09-15T23:52:27.642 WARN kycontroller::kymux_controller::server - Kynet accept failed: connection error: Endpoint closed
2026-09-15T23:52:27.642 WARN kycontroller::kymux_controller::server - Kynet accept failed: connection error: Endpoint closed
2026-09-15T23:52:27.642 WARN kycontroller::kymux_controller::server - Kynet accept failed: connection error: Endpoint closed
2026-09-15T23:52:27.642 WARN kycontroller::kymux_controller::server - Kynet accept failed: connection error: Endpoint closed
2026-09-15T23:52:27.642 WARN kycontroller::kymux_controller::server - Kynet accept failed: connection error: Endpoint closed
2026-09-15T23:52:27.642 WARN kycontroller::kymux_controller::server - Kynet accept failed: connection error: Endpoint closed
2026-09-15T23:52:27.642 WARN kycontroller::kymux_controller::server - Kynet accept failed: connection error: Endpoint closed
2026-09-15T23:52:27.642 WARN kycontroller::kymux_controller::server - Kynet accept failed: connection error: Endpoint closed
2026-09-15T23:52:27.642 WARN kycontroller::kymux_controller::server - Kynet accept failed: connection error: Endpoint closed
2026-09-15T23:52:27.642 WARN kycontroller::kymux_controller::server - Kynet accept failed: connection error: Endpoint closed
2026-09-15T23:52:27.642 WARN kycontroller::kymux_controller::server - Kynet accept failed: connection error: Endpoint closed
2026-09-15T23:52:27.642 WARN kycontroller::kymux_controller::server - Kynet accept failed: connection error: Endpoint closed
2026-09-15T23:52:27.642 WARN kycontroller::kymux_controller::server - Kynet accept failed: connection error: Endpoint closed
2026-09-15T23:52:27.642 WARN kycontroller::kymux_controller::server - Kynet accept failed: connection error: Endpoint closed
2026-09-15T23:52:27.642 WARN kycontroller::kymux_controller::server - Kynet accept failed: connection error: Endpoint closed
2026-09-15T23:52:27.642 WARN kycontroller::kymux_controller::server - Kynet accept failed: connection error: Endpoint closed
2026-09-15T23:52:27.642 WARN kycontroller::kymux_controller::server - Kynet accept failed: connection error: Endpoint closed
2026-09-15T23:52:27.642 WARN kycontroller::kymux_controller::server - Kynet accept failed: connection error: Endpoint closed
2026-09-15T23:52:27.642 WARN kycontroller::kymux_controller::server - Kynet accept failed: connection error: Endpoint closed
2026-09-15T23:52:27.642 WARN kycontroller::kymux_controller::server - Kynet accept failed: connection error: Endpoint closed
2026-09-15T23:52:27.642 WARN kycontroller::kymux_controller::server - Kynet accept failed: connection error: Endpoint closed
2026-09-15T23:52:27.642 WARN kycontroller::kymux_controller::server - Kynet accept failed: connection error: Endpoint closed
2026-09-15T23:52:27.642 WARN kycontroller::kymux_controller::server - Kynet accept failed: connection error: Endpoint closed
2026-09-15T23:52:27.642 WARN kycontroller::kymux_controller::server - Kynet accept failed: connection error: Endpoint closed
2026-09-15T23:52:27.642 WARN kycontroller::kymux_controller::server - Kynet accept failed: connection error: Endpoint closed
2026-09-15T23:52:27.642 WARN kycontroller::kymux_controller::server - Kynet accept failed: connection error: Endpoint closed
2026-09-15T23:52:27.642 WARN kycontroller::kymux_controller::server - Kynet accept failed: connection error: Endpoint closed
2026-09-15T23:52:27.642 WARN kycontroller::kymux_controller::server - Kynet accept failed: connection error: Endpoint closed
2026-09-15T23:52:27.642 WARN kycontroller::kymux_controller::server - Kynet accept failed: connection error: Endpoint closed
2026-09-15T23:52:27.642 WARN kycontroller::kymux_controller::server - Kynet accept failed: connection error: Endpoint closed
2026-09-15T23:52:27.642 WARN kycontroller::kymux_controller::server - Kynet accept failed: connection error: Endpoint closed
2026-09-15T23:52:27.642 WARN kycontroller::kymux_controller::server - Kynet accept failed: connection error: Endpoint closed
2026-09-15T23:52:27.642 WARN kycontroller::kymux_controller::server - Kynet accept failed: connection error: Endpoint closed
2026-09-15T23:52:27.642 WARN kycontroller::kymux_controller::server - Kynet accept failed: connection error: Endpoint closed
2026-09-15T23:52:27.642 WARN kycontroller::kymux_controller::server - Kynet accept failed: connection error: Endpoint closed
2026-09-15T23:52:27.642 WARN kycontroller::kymux_controller::server - Kynet accept failed: connection error: Endpoint closed
2026-09-15T23:52:27.642 WARN kycontroller::kymux_controller::server - Kynet accept failed: connection error: Endpoint closed
2026-09-15T23:52:27.642 WARN kycontroller::kymux_controller::server - Kynet accept failed: connection error: Endpoint closed
2026-09-15T23:52:27.642 WARN kycontroller::kymux_controller::server - Kynet accept failed: connection error: Endpoint closed
2026-09-15T23:52:27.642 WARN kycontroller::kymux_controller::server - Kynet accept failed: connection error: Endpoint closed
2026-09-15T23:52:27.642 WARN kycontroller::kymux_controller::server - Kynet accept failed: connection error: Endpoint closed
2026-09-15T23:52:27.642 WARN kycontroller::kymux_controller::server - Kynet accept failed: connection error: Endpoint closed
2026-09-15T23:52:27.642 WARN kycontroller::kymux_controller::server - Kynet accept failed: connection error: Endpoint closed
2026-09-15T23:52:27.642 WARN kycontroller::kymux_controller::server - Kynet accept failed: connection error: Endpoint closed
2026-09-15T23:52:27.642 WARN kycontroller::kymux_controller::server - Kynet accept failed: connection error: Endpoint closed
2026-09-15T23:52:27.642 WARN kycontroller::kymux_controller::server - Kynet accept failed: connection error: Endpoint closed
2026-09-15T23:52:27.642 WARN kycontroller::kymux_controller::server - Kynet accept failed: connection error: Endpoint closed
2026-09-15T23:52:27.642 WARN kycontroller::kymux_controller::server - Kynet accept failed: connection error: Endpoint closed
2026-09-15T23:52:27.642 WARN kycontroller::kymux_controller::server - Kynet accept failed: connection error: Endpoint closed
2026-09-15T23:52:27.642 WARN kycontroller::kymux_controller::server - Kynet accept failed: connection error: Endpoint closed
2026-09-15T23:52:27.642 WARN kycontroller::kymux_controller::server - Kynet accept failed: connection error: Endpoint closed
2026-09-15T23:52:27.642 WARN kycontroller::kymux_controller::server - Kynet accept failed: connection error: Endpoint closed
2026-09-15T23:52:27.642 WARN kycontroller::kymux_controller::server - Kynet accept failed: connection error: Endpoint closed
2026-09-15T23:52:27.642 WARN kycontroller::kymux_controller::server - Kynet accept failed: connection error: Endpoint closed
2026-09-15T23:52:27.642 WARN kycontroller::kymux_controller::server - Kynet accept failed: connection error: Endpoint closed
2026-09-15T23:52:27.642 WARN kycontroller::kymux_controller::server - Kynet accept failed: connection error: Endpoint closed
2026-09-15T23:52:27.642 WARN kycontroller::kymux_controller::server - Kynet accept failed: connection error: Endpoint closed
2026-09-15T23:52:27.642 WARN kycontroller::kymux_controller::server - Kynet accept failed: connection error: Endpoint closed
2026-09-15T23:52:27.642 WARN kycontroller::kymux_controller::server - Kynet accept failed: connection error: Endpoint closed
2026-09-15T23:52:27.642 WARN kycontroller::kymux_controller::server - Kynet accept failed: connection error: Endpoint closed
2026-09-15T23:52:27.642 WARN kycontroller::kymux_controller::server - Kynet accept failed: connection error: Endpoint closed
2026-09-15T23:52:27.642 WARN kycontroller::kymux_controller::server - Kynet accept failed: connection error: Endpoint closed
2026-09-15T23:52:27.642 WARN kycontroller::kymux_controller::server - Kynet accept failed: connection error: Endpoint closed
2026-09-15T23:52:27.642 WARN kycontroller::kymux_controller::server - Kynet accept failed: connection error: Endpoint closed
2026-09-15T23:52:27.642 WARN kycontroller::kymux_controller::server - Kynet accept failed: connection error: Endpoint closed
2026-09-15T23:52:27.642 WARN kycontroller::kymux_controller::server - Kynet accept failed: connection error: Endpoint closed
2026-09-15T23:52:27.642 WARN kycontroller::kymux_controller::server - Kynet accept failed: connection error: Endpoint closed
2026-09-15T23:52:27.642 WARN kycontroller::kymux_controller::server - Kynet accept failed: connection error: Endpoint closed
2026-09-15T23:52:27.642 WARN kycontroller::kymux_controller::server - Kynet accept failed: connection error: Endpoint closed
2026-09-15T23:52:27.642 WARN kycontroller::kymux_controller::server - Kynet accept failed: connection error: Endpoint closed
2026-09-15T23:52:27.642 WARN kycontroller::kymux_controller::server - Kynet accept failed: connection error: Endpoint closed
2026-09-15T23:52:27.642 WARN kycontroller::kymux_controller::server - Kynet accept failed: connection error: Endpoint closed
2026-09-15T23:52:27.642 WARN kycontroller::kymux_controller::server - Kynet accept failed: connection error: Endpoint closed
2026-09-15T23:52:27.642 WARN kycontroller::kymux_controller::server - Kynet accept failed: connection error: Endpoint closed
2026-09-15T23:52:27.642 WARN kycontroller::kymux_controller::server - Kynet accept failed: connection error: Endpoint closed
2026-09-15T23:52:27.642 WARN kycontroller::kymux_controller::server - Kynet accept failed: connection error: Endpoint closed
2026-09-15T23:52:27.642 WARN kycontroller::kymux_controller::server - Kynet accept failed: connection error: Endpoint closed
2026-09-15T23:52:27.642 WARN kycontroller::kymux_controller::server - Kynet accept failed: connection error: Endpoint closed
2026-09-15T23:52:27.643 WARN kycontroller::kymux_controller::server - Kynet accept failed: connection error: Endpoint closed
2026-09-15T23:52:27.643 WARN kycontroller::kymux_controller::server - Kynet accept failed: connection error: Endpoint closed
2026-09-15T23:52:27.643 WARN kycontroller::kymux_controller::server - Kynet accept failed: connection error: Endpoint closed
2026-09-15T23:52:27.643 WARN kycontroller::kymux_controller::server - Kynet accept failed: connection error: Endpoint closed
2026-09-15T23:52:27.643 WARN kycontroller::kymux_controller::server - Kynet accept failed: connection error: Endpoint closed
2026-09-15T23:52:27.643 WARN kycontroller::kymux_controller::server - Kynet accept failed: connection error: Endpoint closed
2026-09-15T23:52:27.643 WARN kycontroller::kymux_controller::server - Kynet accept failed: connection error: Endpoint closed
2026-09-15T23:52:27.643 WARN kycontroller::kymux_controller::server - Kynet accept failed: connection error: Endpoint closed
2026-09-15T23:52:27.643 WARN kycontroller::kymux_controller::server - Kynet accept failed: connection error: Endpoint closed
2026-09-15T23:52:27.643 WARN kycontroller::kymux_controller::server - Kynet accept failed: connection error: Endpoint closed
2026-09-15T23:52:27.643 WARN kycontroller::kymux_controller::server - Kynet accept failed: connection error: Endpoint closed
2026-09-15T23:52:27.643 WARN kycontroller::kymux_controller::server - Kynet accept failed: connection error: Endpoint closed
2026-09-15T23:52:27.643 WARN kycontroller::kymux_controller::server - Kynet accept failed: connection error: Endpoint closed
2026-09-15T23:52:27.643 WARN kycontroller::kymux_controller::server - Kynet accept failed: connection error: Endpoint closed
2026-09-15T23:52:27.643 WARN kycontroller::kymux_controller::server - Kynet accept failed: connection error: Endpoint closed
2026-09-15T23:52:27.643 WARN kycontroller::kymux_controller::server - Kynet accept failed: connection error: Endpoint closed
2026-09-15T23:52:27.643 WARN kycontroller::kymux_controller::server - Kynet accept failed: connection error: Endpoint closed
2026-09-15T23:52:27.643 WARN kycontroller::kymux_controller::server - Kynet accept failed: connection error: Endpoint closed
2026-09-15T23:52:27.643 WARN kycontroller::kymux_controller::server - Kynet accept failed: connection error: Endpoint closed
2026-09-15T23:52:27.643 WARN kycontroller::kymux_controller::server - Kynet accept failed: connection error: Endpoint closed
2026-09-15T23:52:27.643 WARN kycontroller::kymux_controller::server - Kynet accept failed: connection error: Endpoint closed
2026-09-15T23:52:27.643 WARN kycontroller::kymux_controller::server - Kynet accept failed: connection error: Endpoint closed
2026-09-15T23:52:27.643 WARN kycontroller::kymux_controller::server - Kynet accept failed: connection error: Endpoint closed
2026-09-15T23:52:27.643 WARN kycontroller::kymux_controller::server - Kynet accept failed: connection error: Endpoint closed
2026-09-15T23:52:27.643 WARN kycontroller::kymux_controller::server - Kynet accept failed: connection error: Endpoint closed
2026-09-15T23:52:27.643 WARN kycontroller::kymux_controller::server - Kynet accept failed: connection error: Endpoint closed
2026-09-15T23:52:27.643 WARN kycontroller::kymux_controller::server - Kynet accept failed: connection error: Endpoint closed
2026-09-15T23:52:27.643 WARN kycontroller::kymux_controller::server - Kynet accept failed: connection error: Endpoint closed
2026-09-15T23:52:27.643 WARN kycontroller::kymux_controller::server - Kynet accept failed: connection error: Endpoint closed
2026-09-15T23:52:27.643 WARN kycontroller::kymux_controller::server - Kynet accept failed: connection error: Endpoint closed
2026-09-15T23:52:27.643 WARN kycontroller::kymux_controller::server - Kynet accept failed: connection error: Endpoint closed
2026-09-15T23:52:27.643 WARN kycontroller::kymux_controller::server - Kynet accept failed: connection error: Endpoint closed
2026-09-15T23:52:27.643 WARN kycontroller::kymux_controller::server - Kynet accept failed: connection error: Endpoint closed
2026-09-15T23:52:27.643 WARN kycontroller::kymux_controller::server - Kynet accept failed: connection error: Endpoint closed
2026-09-15T23:52:27.643 WARN kycontroller::kymux_controller::server - Kynet accept failed: connection error: Endpoint closed
2026-09-15T23:52:27.643 WARN kycontroller::kymux_controller::server - Kynet accept failed: connection error: Endpoint closed
2026-09-15T23:52:27.643 WARN kycontroller::kymux_controller::server - Kynet accept failed: connection error: Endpoint closed
2026-09-15T23:52:27.643 WARN kycontroller::kymux_controller::server - Kynet accept failed: connection error: Endpoint closed
2026-09-15T23:52:27.643 WARN kycontroller::kymux_controller::server - Kynet accept failed: connection error: Endpoint closed
2026-09-15T23:52:27.643 WARN kycontroller::kymux_controller::server - Kynet accept failed: connection error: Endpoint closed
2026-09-15T23:52:27.643 WARN kycontroller::kymux_controller::server - Kynet accept failed: connection error: Endpoint closed
2026-09-15T23:52:27.643 WARN kycontroller::kymux_controller::server - Kynet accept failed: connection error: Endpoint closed
2026-09-15T23:52:27.643 WARN kycontroller::kymux_controller::server - Kynet accept failed: connection error: Endpoint closed
2026-09-15T23:52:27.643 WARN kycontroller::kymux_controller::server - Kynet accept failed: connection error: Endpoint closed
2026-09-15T23:52:27.643 WARN kycontroller::kymux_controller::server - Kynet accept failed: connection error: Endpoint closed
2026-09-15T23:52:27.643 WARN kycontroller::kymux_controller::server - Kynet accept failed: connection error: Endpoint closed
2026-09-15T23:52:27.643 WARN kycontroller::kymux_controller::server - Kynet accept failed: connection error: Endpoint closed
2026-09-15T23:52:27.643 WARN kycontroller::kymux_controller::server - Kynet accept failed: connection error: Endpoint closed
2026-09-15T23:52:27.643 WARN kycontroller::kymux_controller::server - Kynet accept failed: connection error: Endpoint closed
2026-09-15T23:52:27.643 WARN kycontroller::kymux_controller::server - Kynet accept failed: connection error: Endpoint closed
2026-09-15T23:52:27.643 WARN kycontroller::kymux_controller::server - Kynet accept failed: connection error: Endpoint closed
2026-09-15T23:52:27.643 WARN kycontroller::kymux_controller::server - Kynet accept failed: connection error: Endpoint closed
2026-09-15T23:52:27.643 WARN kycontroller::kymux_controller::server - Kynet accept failed: connection error: Endpoint closed
2026-09-15T23:52:27.643 WARN kycontroller::kymux_controller::server - Kynet accept failed: connection error: Endpoint closed
2026-09-15T23:52:27.643 WARN kycontroller::kymux_controller::server - Kynet accept failed: connection error: Endpoint closed
2026-09-15T23:52:27.643 WARN kycontroller::kymux_controller::server - Kynet accept failed: connection error: Endpoint closed
2026-09-15T23:52:27.643 WARN kycontroller::kymux_controller::server - Kynet accept failed: connection error: Endpoint closed
2026-09-15T23:52:27.643 WARN kycontroller::kymux_controller::server - Kynet accept failed: connection error: Endpoint closed
2026-09-15T23:52:27.643 WARN kycontroller::kymux_controller::server - Kynet accept failed: connection error: Endpoint closed
2026-09-15T23:52:27.643 WARN kycontroller::kymux_controller::server - Kynet accept failed: connection error: Endpoint closed
2026-09-15T23:52:27.643 WARN kycontroller::kymux_controller::server - Kynet accept failed: connection error: Endpoint closed
2026-09-15T23:52:27.643 WARN kycontroller::kymux_controller::server - Kynet accept failed: connection error: Endpoint closed
2026-09-15T23:52:27.643 WARN kycontroller::kymux_controller::server - Kynet accept failed: connection error: Endpoint closed
2026-09-15T23:52:27.643 WARN kycontroller::kymux_controller::server - Kynet accept failed: connection error: Endpoint closed
2026-09-15T23:52:27.643 WARN kycontroller::kymux_controller::server - Kynet accept failed: connection error: Endpoint closed
2026-09-15T23:52:27.643 WARN kycontroller::kymux_controller::server - Kynet accept failed: connection error: Endpoint closed
2026-09-15T23:52:27.643 WARN kycontroller::kymux_controller::server - Kynet accept failed: connection error: Endpoint closed
2026-09-15T23:52:27.643 WARN kycontroller::kymux_controller::server - Kynet accept failed: connection error: Endpoint closed
2026-09-15T23:52:27.643 WARN kycontroller::kymux_controller::server - Kynet accept failed: connection error: Endpoint closed
2026-09-15T23:52:27.643 WARN kycontroller::kymux_controller::server - Kynet accept failed: connection error: Endpoint closed
2026-09-15T23:52:27.643 WARN kycontroller::kymux_controller::server - Kynet accept failed: connection error: Endpoint closed
2026-09-15T23:52:27.643 WARN kycontroller::kymux_controller::server - Kynet accept failed: connection error: Endpoint closed
2026-09-15T23:52:27.643 WARN kycontroller::kymux_controller::server - Kynet accept failed: connection error: Endpoint closed
2026-09-15T23:52:27.643 WARN kycontroller::kymux_controller::server - Kynet accept failed: connection error: Endpoint closed
2026-09-15T23:52:27.643 WARN kycontroller::kymux_controller::server - Kynet accept failed: connection error: Endpoint closed
2026-09-15T23:52:27.643 WARN kycontroller::kymux_controller::server - Kynet accept failed: connection error: Endpoint closed
2026-09-15T23:52:27.643 WARN kycontroller::kymux_controller::server - Kynet accept failed: connection error: Endpoint closed
2026-09-15T23:52:27.643 WARN kycontroller::kymux_controller::server - Kynet accept failed: connection error: Endpoint closed
2026-09-15T23:52:27.643 WARN kycontroller::kymux_controller::server - Kynet accept failed: connection error: Endpoint closed
2026-09-15T23:52:27.643 WARN kycontroller::kymux_controller::server - Kynet accept failed: connection error: Endpoint closed
2026-09-15T23:52:27.643 WARN kycontroller::kymux_controller::server - Kynet accept failed: connection error: Endpoint closed
2026-09-15T23:52:27.643 WARN kycontroller::kymux_controller::server - Kynet accept failed: connection error: Endpoint closed
2026-09-15T23:52:27.643 WARN kycontroller::kymux_controller::server - Kynet accept failed: connection error: Endpoint closed
2026-09-15T23:52:27.643 WARN kycontroller::kymux_controller::server - Kynet accept failed: connection error: Endpoint closed
2026-09-15T23:52:27.643 WARN kycontroller::kymux_controller::server - Kynet accept failed: connection error: Endpoint closed
2026-09-15T23:52:27.643 WARN kycontroller::kymux_controller::server - Kynet accept failed: connection error: Endpoint closed
2026-09-15T23:52:27.643 WARN kycontroller::kymux_controller::server - Kynet accept failed: connection error: Endpoint closed
2026-09-15T23:52:27.643 WARN kycontroller::kymux_controller::server - Kynet accept failed: connection error: Endpoint closed
2026-09-15T23:52:27.643 WARN kycontroller::kymux_controller::server - Kynet accept failed: connection error: Endpoint closed
2026-09-15T23:52:27.643 WARN kycontroller::kymux_controller::server - Kynet accept failed: connection error: Endpoint closed
2026-09-15T23:52:27.643 WARN kycontroller::kymux_controller::server - Kynet accept failed: connection error: Endpoint closed
2026-09-15T23:52:27.643 WARN kycontroller::kymux_controller::server - Kynet accept failed: connection error: Endpoint closed
2026-09-15T23:52:27.643 WARN kycontroller::kymux_controller::server - Kynet accept failed: connection error: Endpoint closed
2026-09-15T23:52:27.643 WARN kycontroller::kymux_controller::server - Kynet accept failed: connection error: Endpoint closed
2026-09-15T23:52:27.643 WARN kycontroller::kymux_controller::server - Kynet accept failed: connection error: Endpoint closed
2026-09-15T23:52:27.643 WARN kycontroller::kymux_controller::server - Kynet accept failed: connection error: Endpoint closed
2026-09-15T23:52:27.643 WARN kycontroller::kymux_controller::server - Kynet accept failed: connection error: Endpoint closed
2026-09-15T23:52:27.643 WARN kycontroller::kymux_controller::server - Kynet accept failed: connection error: Endpoint closed
2026-09-15T23:52:27.643 WARN kycontroller::kymux_controller::server - Kynet accept failed: connection error: Endpoint closed
2026-09-15T23:52:27.643 WARN kycontroller::kymux_controller::server - Kynet accept failed: connection error: Endpoint closed
2026-09-15T23:52:27.643 WARN kycontroller::kymux_controller::server - Kynet accept failed: connection error: Endpoint closed
2026-09-15T23:52:27.643 WARN kycontroller::kymux_controller::server - Kynet accept failed: connection error: Endpoint closed
2026-09-15T23:52:27.643 WARN kycontroller::kymux_controller::server - Kynet accept failed: connection error: Endpoint closed
2026-09-15T23:52:27.644 WARN kycontroller::kymux_controller::server - Kynet accept failed: connection error: Endpoint closed
2026-09-15T23:52:27.644 WARN kycontroller::kymux_controller::server - Kynet accept failed: connection error: Endpoint closed
2026-09-15T23:52:27.644 WARN kycontroller::kymux_controller::server - Kynet accept failed: connection error: Endpoint closed
2026-09-15T23:52:27.644 WARN kycontroller::kymux_controller::server - Kynet accept failed: connection error: Endpoint closed
2026-09-15T23:52:27.644 WARN kycontroller::kymux_controller::server - Kynet accept failed: connection error: Endpoint closed
2026-09-15T23:52:27.644 WARN kycontroller::kymux_controller::server - Kynet accept failed: connection error: Endpoint closed
2026-09-15T23:52:27.644 WARN kycontroller::kymux_controller::server - Kynet accept failed: connection error: Endpoint closed
2026-09-15T23:52:27.644 WARN kycontroller::kymux_controller::server - Kynet accept failed: connection error: Endpoint closed
2026-09-15T23:52:27.644 WARN kycontroller::kymux_controller::server - Kynet accept failed: connection error: Endpoint closed
2026-09-15T23:52:27.644 WARN kycontroller::kymux_controller::server - Kynet accept failed: connection error: Endpoint closed
2026-09-15T23:52:27.644 WARN kycontroller::kymux_controller::server - Kynet accept failed: connection error: Endpoint closed
2026-09-15T23:52:27.644 WARN kycontroller::kymux_controller::server - Kynet accept failed: connection error: Endpoint closed
2026-09-15T23:52:27.644 WARN kycontroller::kymux_controller::server - Kynet accept failed: connection error: Endpoint closed
2026-09-15T23:52:27.644 WARN kycontroller::kymux_controller::server - Kynet accept failed: connection error: Endpoint closed
2026-09-15T23:52:27.644 WARN kycontroller::kymux_controller::server - Kynet accept failed: connection error: Endpoint closed
2026-09-15T23:52:27.644 WARN kycontroller::kymux_controller::server - Kynet accept failed: connection error: Endpoint closed
2026-09-15T23:52:27.644 WARN kycontroller::kymux_controller::server - Kynet accept failed: connection error: Endpoint closed
2026-09-15T23:52:27.644 WARN kycontroller::kymux_controller::server - Kynet accept failed: connection error: Endpoint closed
2026-09-15T23:52:27.644 WARN kycontroller::kymux_controller::server - Kynet accept failed: connection error: Endpoint closed
2026-09-15T23:52:27.644 WARN kycontroller::kymux_controller::server - Kynet accept failed: connection error: Endpoint closed
2026-09-15T23:52:27.644 WARN kycontroller::kymux_controller::server - Kynet accept failed: connection error: Endpoint closed
2026-09-15T23:52:27.644 WARN kycontroller::kymux_controller::server - Kynet accept failed: connection error: Endpoint closed
2026-09-15T23:52:27.644 WARN kycontroller::kymux_controller::server - Kynet accept failed: connection error: Endpoint closed
2026-09-15T23:52:27.644 WARN kycontroller::kymux_controller::server - Kynet accept failed: connection error: Endpoint closed
2026-09-15T23:52:27.644 WARN kycontroller::kymux_controller::server - Kynet accept failed: connection error: Endpoint closed
2026-09-15T23:52:27.644 WARN kycontroller::kymux_controller::server - Kynet accept failed: connection error: Endpoint closed
2026-09-15T23:52:27.644 WARN kycontroller::kymux_controller::server - Kynet accept failed: connection error: Endpoint closed
2026-09-15T23:52:27.644 WARN kycontroller::kymux_controller::server - Kynet accept failed: connection error: Endpoint closed
2026-09-15T23:52:27.644 WARN kycontroller::kymux_controller::server - Kynet accept failed: connection error: Endpoint closed
2026-09-15T23:52:27.644 WARN kycontroller::kymux_controller::server - Kynet accept failed: connection error: Endpoint closed
2026-09-15T23:52:27.644 WARN kycontroller::kymux_controller::server - Kynet accept failed: connection error: Endpoint closed
2026-09-15T23:52:27.644 WARN kycontroller::kymux_controller::server - Kynet accept failed: connection error: Endpoint closed
2026-09-15T23:52:27.644 WARN kycontroller::kymux_controller::server - Kynet accept failed: connection error: Endpoint closed
2026-09-15T23:52:27.644 WARN kycontroller::kymux_controller::server - Kynet accept failed: connection error: Endpoint closed
2026-09-15T23:52:27.644 WARN kycontroller::kymux_controller::server - Kynet accept failed: connection error: Endpoint closed
2026-09-15T23:52:27.644 WARN kycontroller::kymux_controller::server - Kynet accept failed: connection error: Endpoint closed
2026-09-15T23:52:27.644 WARN kycontroller::kymux_controller::server - Kynet accept failed: connection error: Endpoint closed
2026-09-15T23:52:27.644 WARN kycontroller::kymux_controller::server - Kynet accept failed: connection error: Endpoint closed
2026-09-15T23:52:27.644 WARN kycontroller::kymux_controller::server - Kynet accept failed: connection error: Endpoint closed
2026-09-15T23:52:27.644 WARN kycontroller::kymux_controller::server - Kynet accept failed: connection error: Endpoint closed
2026-09-15T23:52:27.644 WARN kycontroller::kymux_controller::server - Kynet accept failed: connection error: Endpoint closed
2026-09-15T23:52:27.644 WARN kycontroller::kymux_controller::server - Kynet accept failed: connection error: Endpoint closed
2026-09-15T23:52:27.644 WARN kycontroller::kymux_controller::server - Kynet accept failed: connection error: Endpoint closed
2026-09-15T23:52:27.644 WARN kycontroller::kymux_controller::server - Kynet accept failed: connection error: Endpoint closed
2026-09-15T23:52:27.644 WARN kycontroller::kymux_controller::server - Kynet accept failed: connection error: Endpoint closed
2026-09-15T23:52:27.644 WARN kycontroller::kymux_controller::server - Kynet accept failed: connection error: Endpoint closed
2026-09-15T23:52:27.644 WARN kycontroller::kymux_controller::server - Kynet accept failed: connection error: Endpoint closed
2026-09-15T23:52:27.644 WARN kycontroller::kymux_controller::server - Kynet accept failed: connection error: Endpoint closed
2026-09-15T23:52:27.644 WARN kycontroller::kymux_controller::server - Kynet accept failed: connection error: Endpoint closed
2026-09-15T23:52:27.644 WARN kycontroller::kymux_controller::server - Kynet accept failed: connection error: Endpoint closed
2026-09-15T23:52:27.644 WARN kycontroller::kymux_controller::server - Kynet accept failed: connection error: Endpoint closed
2026-09-15T23:52:27.644 WARN kycontroller::kymux_controller::server - Kynet accept failed: connection error: Endpoint closed
2026-09-15T23:52:27.644 WARN kycontroller::kymux_controller::server - Kynet accept failed: connection error: Endpoint closed
2026-09-15T23:52:27.644 WARN kycontroller::kymux_controller::server - Kynet accept failed: connection error: Endpoint closed
2026-09-15T23:52:27.644 WARN kycontroller::kymux_controller::server - Kynet accept failed: connection error: Endpoint closed
2026-09-15T23:52:27.644 WARN kycontroller::kymux_controller::server - Kynet accept failed: connection error: Endpoint closed
2026-09-15T23:52:27.644 WARN kycontroller::kymux_controller::server - Kynet accept failed: connection error: Endpoint closed
2026-09-15T23:52:27.644 WARN kycontroller::kymux_controller::server - Kynet accept failed: connection error: Endpoint closed
2026-09-15T23:52:27.644 WARN kycontroller::kymux_controller::server - Kynet accept failed: connection error: Endpoint closed
2026-09-15T23:52:27.644 WARN kycontroller::kymux_controller::server - Kynet accept failed: connection error: Endpoint closed
2026-09-15T23:52:27.644 WARN kycontroller::kymux_controller::server - Kynet accept failed: connection error: Endpoint closed
2026-09-15T23:52:27.644 WARN kycontroller::kymux_controller::server - Kynet accept failed: connection error: Endpoint closed
2026-09-15T23:52:27.644 WARN kycontroller::kymux_controller::server - Kynet accept failed: connection error: Endpoint closed
2026-09-15T23:52:27.644 WARN kycontroller::kymux_controller::server - Kynet accept failed: connection error: Endpoint closed
2026-09-15T23:52:27.644 WARN kycontroller::kymux_controller::server - Kynet accept failed: connection error: Endpoint closed
2026-09-15T23:52:27.644 WARN kycontroller::kymux_controller::server - Kynet accept failed: connection error: Endpoint closed
2026-09-15T23:52:27.644 WARN kycontroller::kymux_controller::server - Kynet accept failed: connection error: Endpoint closed
2026-09-15T23:52:27.644 WARN kycontroller::kymux_controller::server - Kynet accept failed: connection error: Endpoint closed
2026-09-15T23:52:27.644 WARN kycontroller::kymux_controller::server - Kynet accept failed: connection error: Endpoint closed
2026-09-15T23:52:27.644 WARN kycontroller::kymux_controller::server - Kynet accept failed: connection error: Endpoint closed
2026-09-15T23:52:27.644 WARN kycontroller::kymux_controller::server - Kynet accept failed: connection error: Endpoint closed
2026-09-15T23:52:27.644 WARN kycontroller::kymux_controller::server - Kynet accept failed: connection error: Endpoint closed
2026-09-15T23:52:27.644 WARN kycontroller::kymux_controller::server - Kynet accept failed: connection error: Endpoint closed
2026-09-15T23:52:27.644 WARN kycontroller::kymux_controller::server - Kynet accept failed: connection error: Endpoint closed
2026-09-15T23:52:27.644 WARN kycontroller::kymux_controller::server - Kynet accept failed: connection error: Endpoint closed
2026-09-15T23:52:27.644 WARN kycontroller::kymux_controller::server - Kynet accept failed: connection error: Endpoint closed
2026-09-15T23:52:27.644 WARN kycontroller::kymux_controller::server - Kynet accept failed: connection error: Endpoint closed
2026-09-15T23:52:27.644 WARN kycontroller::kymux_controller::server - Kynet accept failed: connection error: Endpoint closed
2026-09-15T23:52:27.644 WARN kycontroller::kymux_controller::server - Kynet accept failed: connection error: Endpoint closed
2026-09-15T23:52:27.644 WARN kycontroller::kymux_controller::server - Kynet accept failed: connection error: Endpoint closed
2026-09-15T23:52:27.644 WARN kycontroller::kymux_controller::server - Kynet accept failed: connection error: Endpoint closed
2026-09-15T23:52:27.644 WARN kycontroller::kymux_controller::server - Kynet accept failed: connection error: Endpoint closed
2026-09-15T23:52:27.644 WARN kycontroller::kymux_controller::server - Kynet accept failed: connection error: Endpoint closed
2026-09-15T23:52:27.644 WARN kycontroller::kymux_controller::server - Kynet accept failed: connection error: Endpoint closed
2026-09-15T23:52:27.644 WARN kycontroller::kymux_controller::server - Kynet accept failed: connection error: Endpoint closed
2026-09-15T23:52:27.644 WARN kycontroller::kymux_controller::server - Kynet accept failed: connection error: Endpoint closed
2026-09-15T23:52:27.644 WARN kycontroller::kymux_controller::server - Kynet accept failed: connection error: Endpoint closed
2026-09-15T23:52:27.644 WARN kycontroller::kymux_controller::server - Kynet accept failed: connection error: Endpoint closed
2026-09-15T23:52:27.644 WARN kycontroller::kymux_controller::server - Kynet accept failed: connection error: Endpoint closed
2026-09-15T23:52:27.644 WARN kycontroller::kymux_controller::server - Kynet accept failed: connection error: Endpoint closed
2026-09-15T23:52:27.645 WARN kycontroller::kymux_controller::server - Kynet accept failed: connection error: Endpoint closed
2026-09-15T23:52:27.645 WARN kycontroller::kymux_controller::server - Kynet accept failed: connection error: Endpoint closed
2026-09-15T23:52:27.645 WARN kycontroller::kymux_controller::server - Kynet accept failed: connection error: Endpoint closed
2026-09-15T23:52:27.645 WARN kycontroller::kymux_controller::server - Kynet accept failed: connection error: Endpoint closed
2026-09-15T23:52:27.645 WARN kycontroller::kymux_controller::server - Kynet accept failed: connection error: Endpoint closed
2026-09-15T23:52:27.645 WARN kycontroller::kymux_controller::server - Kynet accept failed: connection error: Endpoint closed
2026-09-15T23:52:27.645 WARN kycontroller::kymux_controller::server - Kynet accept failed: connection error: Endpoint closed
2026-09-15T23:52:27.645 WARN kycontroller::kymux_controller::server - Kynet accept failed: connection error: Endpoint closed
2026-09-15T23:52:27.645 WARN kycontroller::kymux_controller::server - Kynet accept failed: connection error: Endpoint closed
2026-09-15T23:52:27.645 WARN kycontroller::kymux_controller::server - Kynet accept failed: connection error: Endpoint closed
2026-09-15T23:52:27.645 WARN kycontroller::kymux_controller::server - Kynet accept failed: connection error: Endpoint closed
2026-09-15T23:52:27.645 WARN kycontroller::kymux_controller::server - Kynet accept failed: connection error: Endpoint closed
2026-09-15T23:52:27.645 WARN kycontroller::kymux_controller::server - Kynet accept failed: connection error: Endpoint closed
2026-09-15T23:52:27.645 WARN kycontroller::kymux_controller::server - Kynet accept failed: connection error: Endpoint closed
2026-09-15T23:52:27.645 WARN kycontroller::kymux_controller::server - Kynet accept failed: connection error: Endpoint closed
2026-09-15T23:52:27.645 WARN kycontroller::kymux_controller::server - Kynet accept failed: connection error: Endpoint closed
2026-09-15T23:52:27.645 WARN kycontroller::kymux_controller::server - Kynet accept failed: connection error: Endpoint closed
2026-09-15T23:52:27.645 WARN kycontroller::kymux_controller::server - Kynet accept failed: connection error: Endpoint closed
2026-09-15T23:52:27.645 WARN kycontroller::kymux_controller::server - Kynet accept failed: connection error: Endpoint closed
2026-09-15T23:52:27.645 WARN kycontroller::kymux_controller::server - Kynet accept failed: connection error: Endpoint closed
2026-09-15T23:52:27.645 WARN kycontroller::kymux_controller::server - Kynet accept failed: connection error: Endpoint closed
2026-09-15T23:52:27.645 WARN kycontroller::kymux_controller::server - Kynet accept failed: connection error: Endpoint closed
2026-09-15T23:52:27.645 WARN kycontroller::kymux_controller::server - Kynet accept failed: connection error: Endpoint closed
2026-09-15T23:52:27.645 WARN kycontroller::kymux_controller::server - Kynet accept failed: connection error: Endpoint closed
2026-09-15T23:52:27.645 WARN kycontroller::kymux_controller::server - Kynet accept failed: connection error: Endpoint closed
2026-09-15T23:52:27.645 WARN kycontroller::kymux_controller::server - Kynet accept failed: connection error: Endpoint closed
2026-09-15T23:52:27.645 WARN kycontroller::kymux_controller::server - Kynet accept failed: connection error: Endpoint closed
2026-09-15T23:52:27.645 WARN kycontroller::kymux_controller::server - Kynet accept failed: connection error: Endpoint closed
2026-09-15T23:52:27.645 WARN kycontroller::kymux_controller::server - Kynet accept failed: connection error: Endpoint closed
2026-09-15T23:52:27.645 WARN kycontroller::kymux_controller::server - Kynet accept failed: connection error: Endpoint closed
2026-09-15T23:52:27.645 WARN kycontroller::kymux_controller::server - Kynet accept failed: connection error: Endpoint closed
2026-09-15T23:52:27.645 WARN kycontroller::kymux_controller::server - Kynet accept failed: connection error: Endpoint closed
2026-09-15T23:52:27.645 WARN kycontroller::kymux_controller::server - Kynet accept failed: connection error: Endpoint closed
2026-09-15T23:52:27.645 WARN kycontroller::kymux_controller::server - Kynet accept failed: connection error: Endpoint closed
2026-09-15T23:52:27.645 WARN kycontroller::kymux_controller::server - Kynet accept failed: connection error: Endpoint closed
2026-09-15T23:52:27.645 WARN kycontroller::kymux_controller::server - Kynet accept failed: connection error: Endpoint closed
2026-09-15T23:52:27.645 WARN kycontroller::kymux_controller::server - Kynet accept failed: connection error: Endpoint closed
2026-09-15T23:52:27.645 WARN kycontroller::kymux_controller::server - Kynet accept failed: connection error: Endpoint closed
2026-09-15T23:52:27.645 WARN kycontroller::kymux_controller::server - Kynet accept failed: connection error: Endpoint closed
2026-09-15T23:52:27.645 WARN kycontroller::kymux_controller::server - Kynet accept failed: connection error: Endpoint closed
2026-09-15T23:52:27.645 WARN kycontroller::kymux_controller::server - Kynet accept failed: connection error: Endpoint closed
2026-09-15T23:52:27.645 WARN kycontroller::kymux_controller::server - Kynet accept failed: connection error: Endpoint closed
2026-09-15T23:52:27.645 WARN kycontroller::kymux_controller::server - Kynet accept failed: connection error: Endpoint closed
2026-09-15T23:52:27.645 WARN kycontroller::kymux_controller::server - Kynet accept failed: connection error: Endpoint closed
2026-09-15T23:52:27.645 WARN kycontroller::kymux_controller::server - Kynet accept failed: connection error: Endpoint closed
2026-09-15T23:52:27.645 WARN kycontroller::kymux_controller::server - Kynet accept failed: connection error: Endpoint closed
2026-09-15T23:52:27.645 WARN kycontroller::kymux_controller::server - Kynet accept failed: connection error: Endpoint closed
2026-09-15T23:52:27.645 WARN kycontroller::kymux_controller::server - Kynet accept failed: connection error: Endpoint closed
2026-09-15T23:52:27.645 WARN kycontroller::kymux_controller::server - Kynet accept failed: connection error: Endpoint closed
2026-09-15T23:52:27.645 WARN kycontroller::kymux_controller::server - Kynet accept failed: connection error: Endpoint closed
2026-09-15T23:52:27.645 WARN kycontroller::kymux_controller::server - Kynet accept failed: connection error: Endpoint closed
2026-09-15T23:52:27.645 WARN kycontroller::kymux_controller::server - Kynet accept failed: connection error: Endpoint closed
2026-09-15T23:52:27.645 WARN kycontroller::kymux_controller::server - Kynet accept failed: connection error: Endpoint closed
2026-09-15T23:52:27.645 WARN kycontroller::kymux_controller::server - Kynet accept failed: connection error: Endpoint closed
2026-09-15T23:52:27.645 WARN kycontroller::kymux_controller::server - Kynet accept failed: connection error: Endpoint closed
2026-09-15T23:52:27.645 WARN kycontroller::kymux_controller::server - Kynet accept failed: connection error: Endpoint closed
2026-09-15T23:52:27.645 WARN kycontroller::kymux_controller::server - Kynet accept failed: connection error: Endpoint closed
2026-09-15T23:52:27.645 WARN kycontroller::kymux_controller::server - Kynet accept failed: connection error: Endpoint closed
2026-09-15T23:52:27.645 WARN kycontroller::kymux_controller::server - Kynet accept failed: connection error: Endpoint closed
2026-09-15T23:52:27.645 WARN kycontroller::kymux_controller::server - Kynet accept failed: connection error: Endpoint closed
2026-09-15T23:52:27.645 WARN kycontroller::kymux_controller::server - Kynet accept failed: connection error: Endpoint closed
2026-09-15T23:52:27.645 WARN kycontroller::kymux_controller::server - Kynet accept failed: connection error: Endpoint closed
2026-09-15T23:52:27.645 WARN kycontroller::kymux_controller::server - Kynet accept failed: connection error: Endpoint closed
2026-09-15T23:52:27.645 WARN kycontroller::kymux_controller::server - Kynet accept failed: connection error: Endpoint closed
2026-09-15T23:52:27.645 WARN kycontroller::kymux_controller::server - Kynet accept failed: connection error: Endpoint closed
2026-09-15T23:52:27.645 WARN kycontroller::kymux_controller::server - Kynet accept failed: connection error: Endpoint closed
2026-09-15T23:52:27.645 WARN kycontroller::kymux_controller::server - Kynet accept failed: connection error: Endpoint closed
2026-09-15T23:52:27.645 WARN kycontroller::kymux_controller::server - Kynet accept failed: connection error: Endpoint closed
2026-09-15T23:52:27.645 WARN kycontroller::kymux_controller::server - Kynet accept failed: connection error: Endpoint closed
2026-09-15T23:52:27.645 WARN kycontroller::kymux_controller::server - Kynet accept failed: connection error: Endpoint closed
2026-09-15T23:52:27.645 WARN kycontroller::kymux_controller::server - Kynet accept failed: connection error: Endpoint closed
2026-09-15T23:52:27.645 WARN kycontroller::kymux_controller::server - Kynet accept failed: connection error: Endpoint closed
2026-09-15T23:52:27.645 WARN kycontroller::kymux_controller::server - Kynet accept failed: connection error: Endpoint closed
2026-09-15T23:52:27.645 WARN kycontroller::kymux_controller::server - Kynet accept failed: connection error: Endpoint closed
2026-09-15T23:52:27.645 WARN kycontroller::kymux_controller::server - Kynet accept failed: connection error: Endpoint closed
2026-09-15T23:52:27.645 WARN kycontroller::kymux_controller::server - Kynet accept failed: connection error: Endpoint closed
2026-09-15T23:52:27.645 WARN kycontroller::kymux_controller::server - Kynet accept failed: connection error: Endpoint closed
2026-09-15T23:52:27.645 WARN kycontroller::kymux_controller::server - Kynet accept failed: connection error: Endpoint closed
2026-09-15T23:52:27.645 WARN kycontroller::kymux_controller::server - Kynet accept failed: connection error: Endpoint closed
2026-09-15T23:52:27.645 WARN kycontroller::kymux_controller::server - Kynet accept failed: connection error: Endpoint closed
2026-09-15T23:52:27.645 WARN kycontroller::kymux_controller::server - Kynet accept failed: connection error: Endpoint closed
2026-09-15T23:52:27.645 WARN kycontroller::kymux_controller::server - Kynet accept failed: connection error: Endpoint closed
2026-09-15T23:52:27.645 WARN kycontroller::kymux_controller::server - Kynet accept failed: connection error: Endpoint closed
2026-09-15T23:52:27.645 WARN kycontroller::kymux_controller::server - Kynet accept failed: connection error: Endpoint closed
2026-09-15T23:52:27.645 WARN kycontroller::kymux_controller::server - Kynet accept failed: connection error: Endpoint closed
2026-09-15T23:52:27.645 WARN kycontroller::kymux_controller::server - Kynet accept failed: connection error: Endpoint closed
2026-09-15T23:52:27.645 WARN kycontroller::kymux_controller::server - Kynet accept failed: connection error: Endpoint closed
2026-09-15T23:52:27.645 WARN kycontroller::kymux_controller::server - Kynet accept failed: connection error: Endpoint closed
2026-09-15T23:52:27.646 WARN kycontroller::kymux_controller::server - Kynet accept failed: connection error: Endpoint closed
2026-09-15T23:52:27.646 WARN kycontroller::kymux_controller::server - Kynet accept failed: connection error: Endpoint closed
2026-09-15T23:52:27.646 WARN kycontroller::kymux_controller::server - Kynet accept failed: connection error: Endpoint closed
2026-09-15T23:52:27.646 WARN kycontroller::kymux_controller::server - Kynet accept failed: connection error: Endpoint closed
2026-09-15T23:52:27.646 WARN kycontroller::kymux_controller::server - Kynet accept failed: connection error: Endpoint closed
2026-09-15T23:52:27.646 WARN kycontroller::kymux_controller::server - Kynet accept failed: connection error: Endpoint closed
2026-09-15T23:52:27.646 WARN kycontroller::kymux_controller::server - Kynet accept failed: connection error: Endpoint closed
2026-09-15T23:52:27.646 WARN kycontroller::kymux_controller::server - Kynet accept failed: connection error: Endpoint closed
2026-09-15T23:52:27.646 WARN kycontroller::kymux_controller::server - Kynet accept failed: connection error: Endpoint closed
2026-09-15T23:52:27.646 WARN kycontroller::kymux_controller::server - Kynet accept failed: connection error: Endpoint closed
2026-09-15T23:52:27.646 WARN kycontroller::kymux_controller::server - Kynet accept failed: connection error: Endpoint closed
2026-09-15T23:52:27.646 WARN kycontroller::kymux_controller::server - Kynet accept failed: connection error: Endpoint closed
2026-09-15T23:52:27.646 WARN kycontroller::kymux_controller::server - Kynet accept failed: connection error: Endpoint closed
2026-09-15T23:52:27.646 WARN kycontroller::kymux_controller::server - Kynet accept failed: connection error: Endpoint closed
2026-09-15T23:52:27.646 WARN kycontroller::kymux_controller::server - Kynet accept failed: connection error: Endpoint closed
2026-09-15T23:52:27.646 WARN kycontroller::kymux_controller::server - Kynet accept failed: connection error: Endpoint closed
2026-09-15T23:52:27.646 WARN kycontroller::kymux_controller::server - Kynet accept failed: connection error: Endpoint closed
2026-09-15T23:52:27.646 WARN kycontroller::kymux_controller::server - Kynet accept failed: connection error: Endpoint closed
2026-09-15T23:52:27.646 WARN kycontroller::kymux_controller::server - Kynet accept failed: connection error: Endpoint closed
2026-09-15T23:52:27.646 WARN kycontroller::kymux_controller::server - Kynet accept failed: connection error: Endpoint closed
2026-09-15T23:52:27.646 WARN kycontroller::kymux_controller::server - Kynet accept failed: connection error: Endpoint closed
2026-09-15T23:52:27.646 WARN kycontroller::kymux_controller::server - Kynet accept failed: connection error: Endpoint closed
2026-09-15T23:52:27.646 WARN kycontroller::kymux_controller::server - Kynet accept failed: connection error: Endpoint closed
2026-09-15T23:52:27.646 WARN kycontroller::kymux_controller::server - Kynet accept failed: connection error: Endpoint closed
2026-09-15T23:52:27.646 WARN kycontroller::kymux_controller::server - Kynet accept failed: connection error: Endpoint closed
2026-09-15T23:52:27.646 WARN kycontroller::kymux_controller::server - Kynet accept failed: connection error: Endpoint closed
2026-09-15T23:52:27.646 WARN kycontroller::kymux_controller::server - Kynet accept failed: connection error: Endpoint closed
2026-09-15T23:52:27.646 WARN kycontroller::kymux_controller::server - Kynet accept failed: connection error: Endpoint closed
2026-09-15T23:52:27.646 WARN kycontroller::kymux_controller::server - Kynet accept failed: connection error: Endpoint closed
2026-09-15T23:52:27.646 WARN kycontroller::kymux_controller::server - Kynet accept failed: connection error: Endpoint closed
2026-09-15T23:52:27.646 WARN kycontroller::kymux_controller::server - Kynet accept failed: connection error: Endpoint closed
2026-09-15T23:52:27.646 WARN kycontroller::kymux_controller::server - Kynet accept failed: connection error: Endpoint closed
2026-09-15T23:52:27.646 WARN kycontroller::kymux_controller::server - Kynet accept failed: connection error: Endpoint closed
2026-09-15T23:52:27.646 WARN kycontroller::kymux_controller::server - Kynet accept failed: connection error: Endpoint closed
2026-09-15T23:52:27.646 WARN kycontroller::kymux_controller::server - Kynet accept failed: connection error: Endpoint closed
2026-09-15T23:52:27.646 WARN kycontroller::kymux_controller::server - Kynet accept failed: connection error: Endpoint closed
2026-09-15T23:52:27.646 WARN kycontroller::kymux_controller::server - Kynet accept failed: connection error: Endpoint closed
2026-09-15T23:52:27.646 WARN kycontroller::kymux_controller::server - Kynet accept failed: connection error: Endpoint closed
2026-09-15T23:52:27.646 WARN kycontroller::kymux_controller::server - Kynet accept failed: connection error: Endpoint closed
2026-09-15T23:52:27.646 WARN kycontroller::kymux_controller::server - Kynet accept failed: connection error: Endpoint closed
2026-09-15T23:52:27.646 WARN kycontroller::kymux_controller::server - Kynet accept failed: connection error: Endpoint closed
2026-09-15T23:52:27.646 WARN kycontroller::kymux_controller::server - Kynet accept failed: connection error: Endpoint closed
2026-09-15T23:52:27.646 WARN kycontroller::kymux_controller::server - Kynet accept failed: connection error: Endpoint closed
2026-09-15T23:52:27.646 WARN kycontroller::kymux_controller::server - Kynet accept failed: connection error: Endpoint closed
2026-09-15T23:52:27.646 WARN kycontroller::kymux_controller::server - Kynet accept failed: connection error: Endpoint closed
2026-09-15T23:52:27.646 WARN kycontroller::kymux_controller::server - Kynet accept failed: connection error: Endpoint closed
2026-09-15T23:52:27.646 WARN kycontroller::kymux_controller::server - Kynet accept failed: connection error: Endpoint closed
2026-09-15T23:52:27.646 WARN kycontroller::kymux_controller::server - Kynet accept failed: connection error: Endpoint closed
2026-09-15T23:52:27.646 WARN kycontroller::kymux_controller::server - Kynet accept failed: connection error: Endpoint closed
2026-09-15T23:52:27.646 WARN kycontroller::kymux_controller::server - Kynet accept failed: connection error: Endpoint closed
2026-09-15T23:52:27.646 WARN kycontroller::kymux_controller::server - Kynet accept failed: connection error: Endpoint closed
2026-09-15T23:52:27.646 WARN kycontroller::kymux_controller::server - Kynet accept failed: connection error: Endpoint closed
2026-09-15T23:52:27.646 WARN kycontroller::kymux_controller::server - Kynet accept failed: connection error: Endpoint closed
2026-09-15T23:52:27.646 WARN kycontroller::kymux_controller::server - Kynet accept failed: connection error: Endpoint closed
2026-09-15T23:52:27.646 WARN kycontroller::kymux_controller::server - Kynet accept failed: connection error: Endpoint closed
2026-09-15T23:52:27.646 WARN kycontroller::kymux_controller::server - Kynet accept failed: connection error: Endpoint closed
2026-09-15T23:52:27.646 WARN kycontroller::kymux_controller::server - Kynet accept failed: connection error: Endpoint closed
2026-09-15T23:52:27.646 WARN kycontroller::kymux_controller::server - Kynet accept failed: connection error: Endpoint closed
2026-09-15T23:52:27.646 WARN kycontroller::kymux_controller::server - Kynet accept failed: connection error: Endpoint closed
2026-09-15T23:52:27.646 WARN kycontroller::kymux_controller::server - Kynet accept failed: connection error: Endpoint closed
2026-09-15T23:52:27.646 WARN kycontroller::kymux_controller::server - Kynet accept failed: connection error: Endpoint closed
2026-09-15T23:52:27.646 WARN kycontroller::kymux_controller::server - Kynet accept failed: connection error: Endpoint closed
2026-09-15T23:52:27.646 WARN kycontroller::kymux_controller::server - Kynet accept failed: connection error: Endpoint closed
2026-09-15T23:52:27.646 WARN kycontroller::kymux_controller::server - Kynet accept failed: connection error: Endpoint closed
2026-09-15T23:52:27.646 WARN kycontroller::kymux_controller::server - Kynet accept failed: connection error: Endpoint closed
2026-09-15T23:52:27.646 WARN kycontroller::kymux_controller::server - Kynet accept failed: connection error: Endpoint closed
2026-09-15T23:52:27.646 WARN kycontroller::kymux_controller::server - Kynet accept failed: connection error: Endpoint closed
2026-09-15T23:52:27.646 WARN kycontroller::kymux_controller::server - Kynet accept failed: connection error: Endpoint closed
2026-09-15T23:52:27.646 WARN kycontroller::kymux_controller::server - Kynet accept failed: connection error: Endpoint closed
2026-09-15T23:52:27.646 WARN kycontroller::kymux_controller::server - Kynet accept failed: connection error: Endpoint closed
2026-09-15T23:52:27.646 WARN kycontroller::kymux_controller::server - Kynet accept failed: connection error: Endpoint closed
2026-09-15T23:52:27.646 WARN kycontroller::kymux_controller::server - Kynet accept failed: connection error: Endpoint closed
2026-09-15T23:52:27.646 WARN kycontroller::kymux_controller::server - Kynet accept failed: connection error: Endpoint closed
2026-09-15T23:52:27.646 WARN kycontroller::kymux_controller::server - Kynet accept failed: connection error: Endpoint closed
2026-09-15T23:52:27.646 WARN kycontroller::kymux_controller::server - Kynet accept failed: connection error: Endpoint closed
2026-09-15T23:52:27.646 WARN kycontroller::kymux_controller::server - Kynet accept failed: connection error: Endpoint closed
2026-09-15T23:52:27.646 WARN kycontroller::kymux_controller::server - Kynet accept failed: connection error: Endpoint closed
2026-09-15T23:52:27.646 WARN kycontroller::kymux_controller::server - Kynet accept failed: connection error: Endpoint closed
2026-09-15T23:52:27.646 WARN kycontroller::kymux_controller::server - Kynet accept failed: connection error: Endpoint closed
2026-09-15T23:52:27.646 WARN kycontroller::kymux_controller::server - Kynet accept failed: connection error: Endpoint closed
2026-09-15T23:52:27.646 WARN kycontroller::kymux_controller::server - Kynet accept failed: connection error: Endpoint closed
2026-09-15T23:52:27.646 WARN kycontroller::kymux_controller::server - Kynet accept failed: connection error: Endpoint closed
2026-09-15T23:52:27.646 WARN kycontroller::kymux_controller::server - Kynet accept failed: connection error: Endpoint closed
2026-09-15T23:52:27.646 WARN kycontroller::kymux_controller::server - Kynet accept failed: connection error: Endpoint closed
2026-09-15T23:52:27.646 WARN kycontroller::kymux_controller::server - Kynet accept failed: connection error: Endpoint closed
2026-09-15T23:52:27.646 WARN kycontroller::kymux_controller::server - Kynet accept failed: connection error: Endpoint closed
2026-09-15T23:52:27.646 WARN kycontroller::kymux_controller::server - Kynet accept failed: connection error: Endpoint closed
2026-09-15T23:52:27.646 WARN kycontroller::kymux_controller::server - Kynet accept failed: connection error: Endpoint closed
2026-09-15T23:52:27.646 WARN kycontroller::kymux_controller::server - Kynet accept failed: connection error: Endpoint closed
2026-09-15T23:52:27.647 WARN kycontroller::kymux_controller::server - Kynet accept failed: connection error: Endpoint closed
2026-09-15T23:52:27.647 WARN kycontroller::kymux_controller::server - Kynet accept failed: connection error: Endpoint closed
2026-09-15T23:52:27.647 WARN kycontroller::kymux_controller::server - Kynet accept failed: connection error: Endpoint closed
2026-09-15T23:52:27.647 WARN kycontroller::kymux_controller::server - Kynet accept failed: connection error: Endpoint closed
2026-09-15T23:52:27.647 WARN kycontroller::kymux_controller::server - Kynet accept failed: connection error: Endpoint closed
2026-09-15T23:52:27.647 WARN kycontroller::kymux_controller::server - Kynet accept failed: connection error: Endpoint closed
2026-09-15T23:52:27.647 WARN kycontroller::kymux_controller::server - Kynet accept failed: connection error: Endpoint closed
2026-09-15T23:52:27.647 WARN kycontroller::kymux_controller::server - Kynet accept failed: connection error: Endpoint closed
2026-09-15T23:52:27.647 WARN kycontroller::kymux_controller::server - Kynet accept failed: connection error: Endpoint closed
2026-09-15T23:52:27.647 WARN kycontroller::kymux_controller::server - Kynet accept failed: connection error: Endpoint closed
2026-09-15T23:52:27.647 WARN kycontroller::kymux_controller::server - Kynet accept failed: connection error: Endpoint closed
2026-09-15T23:52:27.647 WARN kycontroller::kymux_controller::server - Kynet accept failed: connection error: Endpoint closed
2026-09-15T23:52:27.647 WARN kycontroller::kymux_controller::server - Kynet accept failed: connection error: Endpoint closed
2026-09-15T23:52:27.647 WARN kycontroller::kymux_controller::server - Kynet accept failed: connection error: Endpoint closed
2026-09-15T23:52:27.647 WARN kycontroller::kymux_controller::server - Kynet accept failed: connection error: Endpoint closed
2026-09-15T23:52:27.647 WARN kycontroller::kymux_controller::server - Kynet accept failed: connection error: Endpoint closed
2026-09-15T23:52:27.647 WARN kycontroller::kymux_controller::server - Kynet accept failed: connection error: Endpoint closed
2026-09-15T23:52:27.647 WARN kycontroller::kymux_controller::server - Kynet accept failed: connection error: Endpoint closed
2026-09-15T23:52:27.647 WARN kycontroller::kymux_controller::server - Kynet accept failed: connection error: Endpoint closed
2026-09-15T23:52:27.647 WARN kycontroller::kymux_controller::server - Kynet accept failed: connection error: Endpoint closed
2026-09-15T23:52:27.647 WARN kycontroller::kymux_controller::server - Kynet accept failed: connection error: Endpoint closed
2026-09-15T23:52:27.647 WARN kycontroller::kymux_controller::server - Kynet accept failed: connection error: Endpoint closed
2026-09-15T23:52:27.647 WARN kycontroller::kymux_controller::server - Kynet accept failed: connection error: Endpoint closed
2026-09-15T23:52:27.647 WARN kycontroller::kymux_controller::server - Kynet accept failed: connection error: Endpoint closed
2026-09-15T23:52:27.647 WARN kycontroller::kymux_controller::server - Kynet accept failed: connection error: Endpoint closed
2026-09-15T23:52:27.647 WARN kycontroller::kymux_controller::server - Kynet accept failed: connection error: Endpoint closed
2026-09-15T23:52:27.647 WARN kycontroller::kymux_controller::server - Kynet accept failed: connection error: Endpoint closed
2026-09-15T23:52:27.647 WARN kycontroller::kymux_controller::server - Kynet accept failed: connection error: Endpoint closed
2026-09-15T23:52:27.647 WARN kycontroller::kymux_controller::server - Kynet accept failed: connection error: Endpoint closed
2026-09-15T23:52:27.647 WARN kycontroller::kymux_controller::server - Kynet accept failed: connection error: Endpoint closed
2026-09-15T23:52:27.647 WARN kycontroller::kymux_controller::server - Kynet accept failed: connection error: Endpoint closed
2026-09-15T23:52:27.647 WARN kycontroller::kymux_controller::server - Kynet accept failed: connection error: Endpoint closed
2026-09-15T23:52:27.647 WARN kycontroller::kymux_controller::server - Kynet accept failed: connection error: Endpoint closed
2026-09-15T23:52:27.647 WARN kycontroller::kymux_controller::server - Kynet accept failed: connection error: Endpoint closed
2026-09-15T23:52:27.647 WARN kycontroller::kymux_controller::server - Kynet accept failed: connection error: Endpoint closed
2026-09-15T23:52:27.647 WARN kycontroller::kymux_controller::server - Kynet accept failed: connection error: Endpoint closed
2026-09-15T23:52:27.647 WARN kycontroller::kymux_controller::server - Kynet accept failed: connection error: Endpoint closed
2026-09-15T23:52:27.647 WARN kycontroller::kymux_controller::server - Kynet accept failed: connection error: Endpoint closed
2026-09-15T23:52:27.647 WARN kycontroller::kymux_controller::server - Kynet accept failed: connection error: Endpoint closed
2026-09-15T23:52:27.647 WARN kycontroller::kymux_controller::server - Kynet accept failed: connection error: Endpoint closed
2026-09-15T23:52:27.647 WARN kycontroller::kymux_controller::server - Kynet accept failed: connection error: Endpoint closed
2026-09-15T23:52:27.647 WARN kycontroller::kymux_controller::server - Kynet accept failed: connection error: Endpoint closed
2026-09-15T23:52:27.647 WARN kycontroller::kymux_controller::server - Kynet accept failed: connection error: Endpoint closed
2026-09-15T23:52:27.647 WARN kycontroller::kymux_controller::server - Kynet accept failed: connection error: Endpoint closed
2026-09-15T23:52:27.647 WARN kycontroller::kymux_controller::server - Kynet accept failed: connection error: Endpoint closed
2026-09-15T23:52:27.647 WARN kycontroller::kymux_controller::server - Kynet accept failed: connection error: Endpoint closed
2026-09-15T23:52:27.647 WARN kycontroller::kymux_controller::server - Kynet accept failed: connection error: Endpoint closed
2026-09-15T23:52:27.647 WARN kycontroller::kymux_controller::server - Kynet accept failed: connection error: Endpoint closed
2026-09-15T23:52:27.647 WARN kycontroller::kymux_controller::server - Kynet accept failed: connection error: Endpoint closed
2026-09-15T23:52:27.647 WARN kycontroller::kymux_controller::server - Kynet accept failed: connection error: Endpoint closed
2026-09-15T23:52:27.647 WARN kycontroller::kymux_controller::server - Kynet accept failed: connection error: Endpoint closed
2026-09-15T23:52:27.647 WARN kycontroller::kymux_controller::server - Kynet accept failed: connection error: Endpoint closed
2026-09-15T23:52:27.647 WARN kycontroller::kymux_controller::server - Kynet accept failed: connection error: Endpoint closed
2026-09-15T23:52:27.647 WARN kycontroller::kymux_controller::server - Kynet accept failed: connection error: Endpoint closed
2026-09-15T23:52:27.647 WARN kycontroller::kymux_controller::server - Kynet accept failed: connection error: Endpoint closed
2026-09-15T23:52:27.647 WARN kycontroller::kymux_controller::server - Kynet accept failed: connection error: Endpoint closed
2026-09-15T23:52:27.647 WARN kycontroller::kymux_controller::server - Kynet accept failed: connection error: Endpoint closed
2026-09-15T23:52:27.647 WARN kycontroller::kymux_controller::server - Kynet accept failed: connection error: Endpoint closed
2026-09-15T23:52:27.647 WARN kycontroller::kymux_controller::server - Kynet accept failed: connection error: Endpoint closed
2026-09-15T23:52:27.647 WARN kycontroller::kymux_controller::server - Kynet accept failed: connection error: Endpoint closed
2026-09-15T23:52:27.647 WARN kycontroller::kymux_controller::server - Kynet accept failed: connection error: Endpoint closed
2026-09-15T23:52:27.647 WARN kycontroller::kymux_controller::server - Kynet accept failed: connection error: Endpoint closed
2026-09-15T23:52:27.647 WARN kycontroller::kymux_controller::server - Kynet accept failed: connection error: Endpoint closed
2026-09-15T23:52:27.647 WARN kycontroller::kymux_controller::server - Kynet accept failed: connection error: Endpoint closed
2026-09-15T23:52:27.647 WARN kycontroller::kymux_controller::server - Kynet accept failed: connection error: Endpoint closed
2026-09-15T23:52:27.647 WARN kycontroller::kymux_controller::server - Kynet accept failed: connection error: Endpoint closed
2026-09-15T23:52:27.647 WARN kycontroller::kymux_controller::server - Kynet accept failed: connection error: Endpoint closed
2026-09-15T23:52:27.647 WARN kycontroller::kymux_controller::server - Kynet accept failed: connection error: Endpoint closed
2026-09-15T23:52:27.647 WARN kycontroller::kymux_controller::server - Kynet accept failed: connection error: Endpoint closed
2026-09-15T23:52:27.647 WARN kycontroller::kymux_controller::server - Kynet accept failed: connection error: Endpoint closed
2026-09-15T23:52:27.647 WARN kycontroller::kymux_controller::server - Kynet accept failed: connection error: Endpoint closed
2026-09-15T23:52:27.647 WARN kycontroller::kymux_controller::server - Kynet accept failed: connection error: Endpoint closed
2026-09-15T23:52:27.647 WARN kycontroller::kymux_controller::server - Kynet accept failed: connection error: Endpoint closed
2026-09-15T23:52:27.647 WARN kycontroller::kymux_controller::server - Kynet accept failed: connection error: Endpoint closed
2026-09-15T23:52:27.647 WARN kycontroller::kymux_controller::server - Kynet accept failed: connection error: Endpoint closed
2026-09-15T23:52:27.647 WARN kycontroller::kymux_controller::server - Kynet accept failed: connection error: Endpoint closed
2026-09-15T23:52:27.647 WARN kycontroller::kymux_controller::server - Kynet accept failed: connection error: Endpoint closed
2026-09-15T23:52:27.647 WARN kycontroller::kymux_controller::server - Kynet accept failed: connection error: Endpoint closed
2026-09-15T23:52:27.647 WARN kycontroller::kymux_controller::server - Kynet accept failed: connection error: Endpoint closed
2026-09-15T23:52:27.647 WARN kycontroller::kymux_controller::server - Kynet accept failed: connection error: Endpoint closed
2026-09-15T23:52:27.647 WARN kycontroller::kymux_controller::server - Kynet accept failed: connection error: Endpoint closed
2026-09-15T23:52:27.647 WARN kycontroller::kymux_controller::server - Kynet accept failed: connection error: Endpoint closed
2026-09-15T23:52:27.647 WARN kycontroller::kymux_controller::server - Kynet accept failed: connection error: Endpoint closed
2026-09-15T23:52:27.647 WARN kycontroller::kymux_controller::server - Kynet accept failed: connection error: Endpoint closed
2026-09-15T23:52:27.647 WARN kycontroller::kymux_controller::server - Kynet accept failed: connection error: Endpoint closed
2026-09-15T23:52:27.647 WARN kycontroller::kymux_controller::server - Kynet accept failed: connection error: Endpoint closed
2026-09-15T23:52:27.647 WARN kycontroller::kymux_controller::server - Kynet accept failed: connection error: Endpoint closed
2026-09-15T23:52:27.647 WARN kycontroller::kymux_controller::server - Kynet accept failed: connection error: Endpoint closed
2026-09-15T23:52:27.648 WARN kycontroller::kymux_controller::server - Kynet accept failed: connection error: Endpoint closed
2026-09-15T23:52:27.648 WARN kycontroller::kymux_controller::server - Kynet accept failed: connection error: Endpoint closed
2026-09-15T23:52:27.648 WARN kycontroller::kymux_controller::server - Kynet accept failed: connection error: Endpoint closed
2026-09-15T23:52:27.648 WARN kycontroller::kymux_controller::server - Kynet accept failed: connection error: Endpoint closed
2026-09-15T23:52:27.648 WARN kycontroller::kymux_controller::server - Kynet accept failed: connection error: Endpoint closed
2026-09-15T23:52:27.648 WARN kycontroller::kymux_controller::server - Kynet accept failed: connection error: Endpoint closed
2026-09-15T23:52:27.648 WARN kycontroller::kymux_controller::server - Kynet accept failed: connection error: Endpoint closed
2026-09-15T23:52:27.648 WARN kycontroller::kymux_controller::server - Kynet accept failed: connection error: Endpoint closed
2026-09-15T23:52:27.648 WARN kycontroller::kymux_controller::server - Kynet accept failed: connection error: Endpoint closed
2026-09-15T23:52:27.648 WARN kycontroller::kymux_controller::server - Kynet accept failed: connection error: Endpoint closed
2026-09-15T23:52:27.648 WARN kycontroller::kymux_controller::server - Kynet accept failed: connection error: Endpoint closed
2026-09-15T23:52:27.648 WARN kycontroller::kymux_controller::server - Kynet accept failed: connection error: Endpoint closed
2026-09-15T23:52:27.648 WARN kycontroller::kymux_controller::server - Kynet accept failed: connection error: Endpoint closed
2026-09-15T23:52:27.648 WARN kycontroller::kymux_controller::server - Kynet accept failed: connection error: Endpoint closed
2026-09-15T23:52:27.648 WARN kycontroller::kymux_controller::server - Kynet accept failed: connection error: Endpoint closed
2026-09-15T23:52:27.648 WARN kycontroller::kymux_controller::server - Kynet accept failed: connection error: Endpoint closed
2026-09-15T23:52:27.648 WARN kycontroller::kymux_controller::server - Kynet accept failed: connection error: Endpoint closed
2026-09-15T23:52:27.648 WARN kycontroller::kymux_controller::server - Kynet accept failed: connection error: Endpoint closed
2026-09-15T23:52:27.648 WARN kycontroller::kymux_controller::server - Kynet accept failed: connection error: Endpoint closed
2026-09-15T23:52:27.648 WARN kycontroller::kymux_controller::server - Kynet accept failed: connection error: Endpoint closed
2026-09-15T23:52:27.648 WARN kycontroller::kymux_controller::server - Kynet accept failed: connection error: Endpoint closed
2026-09-15T23:52:27.648 WARN kycontroller::kymux_controller::server - Kynet accept failed: connection error: Endpoint closed
2026-09-15T23:52:27.648 WARN kycontroller::kymux_controller::server - Kynet accept failed: connection error: Endpoint closed
2026-09-15T23:52:27.648 WARN kycontroller::kymux_controller::server - Kynet accept failed: connection error: Endpoint closed
2026-09-15T23:52:27.648 WARN kycontroller::kymux_controller::server - Kynet accept failed: connection error: Endpoint closed
2026-09-15T23:52:27.648 WARN kycontroller::kymux_controller::server - Kynet accept failed: connection error: Endpoint closed
2026-09-15T23:52:27.648 WARN kycontroller::kymux_controller::server - Kynet accept failed: connection error: Endpoint closed
2026-09-15T23:52:27.648 WARN kycontroller::kymux_controller::server - Kynet accept failed: connection error: Endpoint closed
2026-09-15T23:52:27.648 WARN kycontroller::kymux_controller::server - Kynet accept failed: connection error: Endpoint closed
2026-09-15T23:52:27.648 WARN kycontroller::kymux_controller::server - Kynet accept failed: connection error: Endpoint closed
2026-09-15T23:52:27.648 WARN kycontroller::kymux_controller::server - Kynet accept failed: connection error: Endpoint closed
2026-09-15T23:52:27.648 WARN kycontroller::kymux_controller::server - Kynet accept failed: connection error: Endpoint closed
2026-09-15T23:52:27.648 WARN kycontroller::kymux_controller::server - Kynet accept failed: connection error: Endpoint closed
2026-09-15T23:52:27.648 WARN kycontroller::kymux_controller::server - Kynet accept failed: connection error: Endpoint closed
2026-09-15T23:52:27.648 WARN kycontroller::kymux_controller::server - Kynet accept failed: connection error: Endpoint closed
2026-09-15T23:52:27.648 WARN kycontroller::kymux_controller::server - Kynet accept failed: connection error: Endpoint closed
2026-09-15T23:52:27.648 WARN kycontroller::kymux_controller::server - Kynet accept failed: connection error: Endpoint closed
2026-09-15T23:52:27.648 WARN kycontroller::kymux_controller::server - Kynet accept failed: connection error: Endpoint closed
2026-09-15T23:52:27.648 WARN kycontroller::kymux_controller::server - Kynet accept failed: connection error: Endpoint closed
2026-09-15T23:52:27.648 WARN kycontroller::kymux_controller::server - Kynet accept failed: connection error: Endpoint closed
2026-09-15T23:52:27.648 WARN kycontroller::kymux_controller::server - Kynet accept failed: connection error: Endpoint closed
2026-09-15T23:52:27.648 WARN kycontroller::kymux_controller::server - Kynet accept failed: connection error: Endpoint closed
2026-09-15T23:52:27.648 WARN kycontroller::kymux_controller::server - Kynet accept failed: connection error: Endpoint closed
2026-09-15T23:52:27.648 WARN kycontroller::kymux_controller::server - Kynet accept failed: connection error: Endpoint closed
2026-09-15T23:52:27.648 WARN kycontroller::kymux_controller::server - Kynet accept failed: connection error: Endpoint closed
2026-09-15T23:52:27.648 WARN kycontroller::kymux_controller::server - Kynet accept failed: connection error: Endpoint closed
2026-09-15T23:52:27.648 WARN kycontroller::kymux_controller::server - Kynet accept failed: connection error: Endpoint closed
2026-09-15T23:52:27.648 WARN kycontroller::kymux_controller::server - Kynet accept failed: connection error: Endpoint closed
2026-09-15T23:52:27.648 WARN kycontroller::kymux_controller::server - Kynet accept failed: connection error: Endpoint closed
2026-09-15T23:52:27.648 WARN kycontroller::kymux_controller::server - Kynet accept failed: connection error: Endpoint closed
2026-09-15T23:52:27.648 WARN kycontroller::kymux_controller::server - Kynet accept failed: connection error: Endpoint closed
2026-09-15T23:52:27.648 WARN kycontroller::kymux_controller::server - Kynet accept failed: connection error: Endpoint closed
2026-09-15T23:52:27.648 WARN kycontroller::kymux_controller::server - Kynet accept failed: connection error: Endpoint closed
2026-09-15T23:52:27.648 WARN kycontroller::kymux_controller::server - Kynet accept failed: connection error: Endpoint closed
2026-09-15T23:52:27.648 WARN kycontroller::kymux_controller::server - Kynet accept failed: connection error: Endpoint closed
2026-09-15T23:52:27.648 WARN kycontroller::kymux_controller::server - Kynet accept failed: connection error: Endpoint closed
2026-09-15T23:52:27.648 WARN kycontroller::kymux_controller::server - Kynet accept failed: connection error: Endpoint closed
2026-09-15T23:52:27.648 WARN kycontroller::kymux_controller::server - Kynet accept failed: connection error: Endpoint closed
2026-09-15T23:52:27.648 WARN kycontroller::kymux_controller::server - Kynet accept failed: connection error: Endpoint closed
2026-09-15T23:52:27.648 WARN kycontroller::kymux_controller::server - Kynet accept failed: connection error: Endpoint closed
2026-09-15T23:52:27.648 WARN kycontroller::kymux_controller::server - Kynet accept failed: connection error: Endpoint closed
2026-09-15T23:52:27.648 WARN kycontroller::kymux_controller::server - Kynet accept failed: connection error: Endpoint closed
2026-09-15T23:52:27.648 WARN kycontroller::kymux_controller::server - Kynet accept failed: connection error: Endpoint closed
2026-09-15T23:52:27.648 WARN kycontroller::kymux_controller::server - Kynet accept failed: connection error: Endpoint closed
2026-09-15T23:52:27.648 WARN kycontroller::kymux_controller::server - Kynet accept failed: connection error: Endpoint closed
2026-09-15T23:52:27.648 WARN kycontroller::kymux_controller::server - Kynet accept failed: connection error: Endpoint closed
2026-09-15T23:52:27.648 WARN kycontroller::kymux_controller::server - Kynet accept failed: connection error: Endpoint closed
2026-09-15T23:52:27.648 WARN kycontroller::kymux_controller::server - Kynet accept failed: connection error: Endpoint closed
2026-09-15T23:52:27.648 WARN kycontroller::kymux_controller::server - Kynet accept failed: connection error: Endpoint closed
2026-09-15T23:52:27.648 WARN kycontroller::kymux_controller::server - Kynet accept failed: connection error: Endpoint closed
2026-09-15T23:52:27.648 WARN kycontroller::kymux_controller::server - Kynet accept failed: connection error: Endpoint closed
2026-09-15T23:52:27.648 WARN kycontroller::kymux_controller::server - Kynet accept failed: connection error: Endpoint closed
2026-09-15T23:52:27.648 WARN kycontroller::kymux_controller::server - Kynet accept failed: connection error: Endpoint closed
2026-09-15T23:52:27.648 WARN kycontroller::kymux_controller::server - Kynet accept failed: connection error: Endpoint closed
2026-09-15T23:52:27.648 WARN kycontroller::kymux_controller::server - Kynet accept failed: connection error: Endpoint closed
2026-09-15T23:52:27.648 WARN kycontroller::kymux_controller::server - Kynet accept failed: connection error: Endpoint closed
2026-09-15T23:52:27.648 WARN kycontroller::kymux_controller::server - Kynet accept failed: connection error: Endpoint closed
2026-09-15T23:52:27.648 WARN kycontroller::kymux_controller::server - Kynet accept failed: connection error: Endpoint closed
2026-09-15T23:52:27.648 WARN kycontroller::kymux_controller::server - Kynet accept failed: connection error: Endpoint closed
2026-09-15T23:52:27.648 WARN kycontroller::kymux_controller::server - Kynet accept failed: connection error: Endpoint closed
2026-09-15T23:52:27.648 WARN kycontroller::kymux_controller::server - Kynet accept failed: connection error: Endpoint closed
2026-09-15T23:52:27.648 WARN kycontroller::kymux_controller::server - Kynet accept failed: connection error: Endpoint closed
2026-09-15T23:52:27.648 WARN kycontroller::kymux_controller::server - Kynet accept failed: connection error: Endpoint closed
2026-09-15T23:52:27.648 WARN kycontroller::kymux_controller::server - Kynet accept failed: connection error: Endpoint closed
2026-09-15T23:52:27.648 WARN kycontroller::kymux_controller::server - Kynet accept failed: connection error: Endpoint closed
2026-09-15T23:52:27.648 WARN kycontroller::kymux_controller::server - Kynet accept failed: connection error: Endpoint closed
2026-09-15T23:52:27.648 WARN kycontroller::kymux_controller::server - Kynet accept failed: connection error: Endpoint closed
2026-09-15T23:52:27.649 WARN kycontroller::kymux_controller::server - Kynet accept failed: connection error: Endpoint closed
2026-09-15T23:52:27.649 WARN kycontroller::kymux_controller::server - Kynet accept failed: connection error: Endpoint closed
2026-09-15T23:52:27.649 WARN kycontroller::kymux_controller::server - Kynet accept failed: connection error: Endpoint closed
2026-09-15T23:52:27.649 WARN kycontroller::kymux_controller::server - Kynet accept failed: connection error: Endpoint closed
2026-09-15T23:52:27.649 WARN kycontroller::kymux_controller::server - Kynet accept failed: connection error: Endpoint closed
2026-09-15T23:52:27.649 WARN kycontroller::kymux_controller::server - Kynet accept failed: connection error: Endpoint closed
2026-09-15T23:52:27.649 WARN kycontroller::kymux_controller::server - Kynet accept failed: connection error: Endpoint closed
2026-09-15T23:52:27.649 WARN kycontroller::kymux_controller::server - Kynet accept failed: connection error: Endpoint closed
2026-09-15T23:52:27.649 WARN kycontroller::kymux_controller::server - Kynet accept failed: connection error: Endpoint closed
2026-09-15T23:52:27.649 WARN kycontroller::kymux_controller::server - Kynet accept failed: connection error: Endpoint closed
2026-09-15T23:52:27.649 WARN kycontroller::kymux_controller::server - Kynet accept failed: connection error: Endpoint closed
2026-09-15T23:52:27.649 WARN kycontroller::kymux_controller::server - Kynet accept failed: connection error: Endpoint closed
2026-09-15T23:52:27.649 WARN kycontroller::kymux_controller::server - Kynet accept failed: connection error: Endpoint closed
2026-09-15T23:52:27.649 WARN kycontroller::kymux_controller::server - Kynet accept failed: connection error: Endpoint closed
2026-09-15T23:52:27.649 WARN kycontroller::kymux_controller::server - Kynet accept failed: connection error: Endpoint closed
2026-09-15T23:52:27.649 WARN kycontroller::kymux_controller::server - Kynet accept failed: connection error: Endpoint closed
2026-09-15T23:52:27.649 WARN kycontroller::kymux_controller::server - Kynet accept failed: connection error: Endpoint closed
2026-09-15T23:52:27.649 WARN kycontroller::kymux_controller::server - Kynet accept failed: connection error: Endpoint closed
2026-09-15T23:52:27.649 WARN kycontroller::kymux_controller::server - Kynet accept failed: connection error: Endpoint closed
2026-09-15T23:52:27.649 WARN kycontroller::kymux_controller::server - Kynet accept failed: connection error: Endpoint closed
2026-09-15T23:52:27.649 WARN kycontroller::kymux_controller::server - Kynet accept failed: connection error: Endpoint closed
2026-09-15T23:52:27.649 WARN kycontroller::kymux_controller::server - Kynet accept failed: connection error: Endpoint closed
2026-09-15T23:52:27.649 WARN kycontroller::kymux_controller::server - Kynet accept failed: connection error: Endpoint closed
2026-09-15T23:52:27.649 WARN kycontroller::kymux_controller::server - Kynet accept failed: connection error: Endpoint closed
2026-09-15T23:52:27.649 WARN kycontroller::kymux_controller::server - Kynet accept failed: connection error: Endpoint closed
2026-09-15T23:52:27.649 WARN kycontroller::kymux_controller::server - Kynet accept failed: connection error: Endpoint closed
2026-09-15T23:52:27.649 WARN kycontroller::kymux_controller::server - Kynet accept failed: connection error: Endpoint closed
2026-09-15T23:52:27.649 WARN kycontroller::kymux_controller::server - Kynet accept failed: connection error: Endpoint closed
2026-09-15T23:52:27.649 WARN kycontroller::kymux_controller::server - Kynet accept failed: connection error: Endpoint closed
2026-09-15T23:52:27.649 WARN kycontroller::kymux_controller::server - Kynet accept failed: connection error: Endpoint closed
2026-09-15T23:52:27.649 WARN kycontroller::kymux_controller::server - Kynet accept failed: connection error: Endpoint closed
2026-09-15T23:52:27.649 WARN kycontroller::kymux_controller::server - Kynet accept failed: connection error: Endpoint closed
2026-09-15T23:52:27.649 WARN kycontroller::kymux_controller::server - Kynet accept failed: connection error: Endpoint closed
2026-09-15T23:52:27.649 WARN kycontroller::kymux_controller::server - Kynet accept failed: connection error: Endpoint closed
2026-09-15T23:52:27.649 WARN kycontroller::kymux_controller::server - Kynet accept failed: connection error: Endpoint closed
2026-09-15T23:52:27.649 WARN kycontroller::kymux_controller::server - Kynet accept failed: connection error: Endpoint closed
2026-09-15T23:52:27.649 WARN kycontroller::kymux_controller::server - Kynet accept failed: connection error: Endpoint closed
2026-09-15T23:52:27.649 WARN kycontroller::kymux_controller::server - Kynet accept failed: connection error: Endpoint closed
2026-09-15T23:52:27.649 WARN kycontroller::kymux_controller::server - Kynet accept failed: connection error: Endpoint closed
2026-09-15T23:52:27.649 WARN kycontroller::kymux_controller::server - Kynet accept failed: connection error: Endpoint closed
2026-09-15T23:52:27.649 WARN kycontroller::kymux_controller::server - Kynet accept failed: connection error: Endpoint closed
2026-09-15T23:52:27.649 WARN kycontroller::kymux_controller::server - Kynet accept failed: connection error: Endpoint closed
2026-09-15T23:52:27.649 WARN kycontroller::kymux_controller::server - Kynet accept failed: connection error: Endpoint closed
2026-09-15T23:52:27.649 WARN kycontroller::kymux_controller::server - Kynet accept failed: connection error: Endpoint closed
2026-09-15T23:52:27.649 WARN kycontroller::kymux_controller::server - Kynet accept failed: connection error: Endpoint closed
2026-09-15T23:52:27.649 WARN kycontroller::kymux_controller::server - Kynet accept failed: connection error: Endpoint closed
2026-09-15T23:52:27.649 WARN kycontroller::kymux_controller::server - Kynet accept failed: connection error: Endpoint closed
2026-09-15T23:52:27.649 WARN kycontroller::kymux_controller::server - Kynet accept failed: connection error: Endpoint closed
2026-09-15T23:52:27.649 WARN kycontroller::kymux_controller::server - Kynet accept failed: connection error: Endpoint closed
2026-09-15T23:52:27.649 WARN kycontroller::kymux_controller::server - Kynet accept failed: connection error: Endpoint closed
2026-09-15T23:52:27.649 WARN kycontroller::kymux_controller::server - Kynet accept failed: connection error: Endpoint closed
2026-09-15T23:52:27.649 WARN kycontroller::kymux_controller::server - Kynet accept failed: connection error: Endpoint closed
2026-09-15T23:52:27.649 WARN kycontroller::kymux_controller::server - Kynet accept failed: connection error: Endpoint closed
2026-09-15T23:52:27.649 WARN kycontroller::kymux_controller::server - Kynet accept failed: connection error: Endpoint closed
2026-09-15T23:52:27.649 WARN kycontroller::kymux_controller::server - Kynet accept failed: connection error: Endpoint closed
2026-09-15T23:52:27.649 WARN kycontroller::kymux_controller::server - Kynet accept failed: connection error: Endpoint closed
2026-09-15T23:52:27.649 WARN kycontroller::kymux_controller::server - Kynet accept failed: connection error: Endpoint closed
2026-09-15T23:52:27.649 WARN kycontroller::kymux_controller::server - Kynet accept failed: connection error: Endpoint closed
2026-09-15T23:52:27.649 WARN kycontroller::kymux_controller::server - Kynet accept failed: connection error: Endpoint closed
2026-09-15T23:52:27.649 WARN kycontroller::kymux_controller::server - Kynet accept failed: connection error: Endpoint closed
2026-09-15T23:52:27.649 WARN kycontroller::kymux_controller::server - Kynet accept failed: connection error: Endpoint closed
2026-09-15T23:52:27.649 WARN kycontroller::kymux_controller::server - Kynet accept failed: connection error: Endpoint closed
2026-09-15T23:52:27.649 WARN kycontroller::kymux_controller::server - Kynet accept failed: connection error: Endpoint closed
2026-09-15T23:52:27.649 WARN kycontroller::kymux_controller::server - Kynet accept failed: connection error: Endpoint closed
2026-09-15T23:52:27.649 WARN kycontroller::kymux_controller::server - Kynet accept failed: connection error: Endpoint closed
2026-09-15T23:52:27.649 WARN kycontroller::kymux_controller::server - Kynet accept failed: connection error: Endpoint closed
2026-09-15T23:52:27.649 WARN kycontroller::kymux_controller::server - Kynet accept failed: connection error: Endpoint closed
2026-09-15T23:52:27.649 WARN kycontroller::kymux_controller::server - Kynet accept failed: connection error: Endpoint closed
2026-09-15T23:52:27.649 WARN kycontroller::kymux_controller::server - Kynet accept failed: connection error: Endpoint closed
2026-09-15T23:52:27.649 WARN kycontroller::kymux_controller::server - Kynet accept failed: connection error: Endpoint closed
2026-09-15T23:52:27.649 WARN kycontroller::kymux_controller::server - Kynet accept failed: connection error: Endpoint closed
2026-09-15T23:52:27.649 WARN kycontroller::kymux_controller::server - Kynet accept failed: connection error: Endpoint closed
2026-09-15T23:52:27.649 WARN kycontroller::kymux_controller::server - Kynet accept failed: connection error: Endpoint closed
2026-09-15T23:52:27.649 WARN kycontroller::kymux_controller::server - Kynet accept failed: connection error: Endpoint closed
2026-09-15T23:52:27.649 WARN kycontroller::kymux_controller::server - Kynet accept failed: connection error: Endpoint closed
2026-09-15T23:52:27.649 WARN kycontroller::kymux_controller::server - Kynet accept failed: connection error: Endpoint closed
2026-09-15T23:52:27.649 WARN kycontroller::kymux_controller::server - Kynet accept failed: connection error: Endpoint closed
2026-09-15T23:52:27.649 WARN kycontroller::kymux_controller::server - Kynet accept failed: connection error: Endpoint closed
2026-09-15T23:52:27.649 WARN kycontroller::kymux_controller::server - Kynet accept failed: connection error: Endpoint closed
2026-09-15T23:52:27.649 WARN kycontroller::kymux_controller::server - Kynet accept failed: connection error: Endpoint closed
2026-09-15T23:52:27.649 WARN kycontroller::kymux_controller::server - Kynet accept failed: connection error: Endpoint closed
2026-09-15T23:52:27.649 WARN kycontroller::kymux_controller::server - Kynet accept failed: connection error: Endpoint closed
2026-09-15T23:52:27.649 WARN kycontroller::kymux_controller::server - Kynet accept failed: connection error: Endpoint closed
2026-09-15T23:52:27.649 WARN kycontroller::kymux_controller::server - Kynet accept failed: connection error: Endpoint closed
2026-09-15T23:52:27.649 WARN kycontroller::kymux_controller::server - Kynet accept failed: connection error: Endpoint closed
2026-09-15T23:52:27.649 WARN kycontroller::kymux_controller::server - Kynet accept failed: connection error: Endpoint closed
2026-09-15T23:52:27.649 WARN kycontroller::kymux_controller::server - Kynet accept failed: connection error: Endpoint closed
2026-09-15T23:52:27.649 WARN kycontroller::kymux_controller::server - Kynet accept failed: connection error: Endpoint closed
2026-09-15T23:52:27.649 WARN kycontroller::kymux_controller::server - Kynet accept failed: connection error: Endpoint closed
2026-09-15T23:52:27.649 WARN kycontroller::kymux_controller::server - Kynet accept failed: connection error: Endpoint closed
2026-09-15T23:52:27.649 WARN kycontroller::kymux_controller::server - Kynet accept failed: connection error: Endpoint closed
2026-09-15T23:52:27.649 WARN kycontroller::kymux_controller::server - Kynet accept failed: connection error: Endpoint closed
2026-09-15T23:52:27.649 WARN kycontroller::kymux_controller::server - Kynet accept failed: connection error: Endpoint closed
2026-09-15T23:52:27.649 WARN kycontroller::kymux_controller::server - Kynet accept failed: connection error: Endpoint closed
2026-09-15T23:52:27.649 WARN kycontroller::kymux_controller::server - Kynet accept failed: connection error: Endpoint closed
2026-09-15T23:52:27.650 WARN kycontroller::kymux_controller::server - Kynet accept failed: connection error: Endpoint closed
2026-09-15T23:52:27.650 WARN kycontroller::kymux_controller::server - Kynet accept failed: connection error: Endpoint closed
2026-09-15T23:52:27.650 WARN kycontroller::kymux_controller::server - Kynet accept failed: connection error: Endpoint closed
2026-09-15T23:52:27.650 WARN kycontroller::kymux_controller::server - Kynet accept failed: connection error: Endpoint closed
2026-09-15T23:52:27.650 WARN kycontroller::kymux_controller::server - Kynet accept failed: connection error: Endpoint closed
2026-09-15T23:52:27.650 WARN kycontroller::kymux_controller::server - Kynet accept failed: connection error: Endpoint closed
2026-09-15T23:52:27.650 WARN kycontroller::kymux_controller::server - Kynet accept failed: connection error: Endpoint closed
2026-09-15T23:52:27.650 WARN kycontroller::kymux_controller::server - Kynet accept failed: connection error: Endpoint closed
2026-09-15T23:52:27.650 WARN kycontroller::kymux_controller::server - Kynet accept failed: connection error: Endpoint closed
2026-09-15T23:52:27.650 WARN kycontroller::kymux_controller::server - Kynet accept failed: connection error: Endpoint closed
2026-09-15T23:52:27.650 WARN kycontroller::kymux_controller::server - Kynet accept failed: connection error: Endpoint closed
2026-09-15T23:52:27.650 WARN kycontroller::kymux_controller::server - Kynet accept failed: connection error: Endpoint closed
2026-09-15T23:52:27.650 WARN kycontroller::kymux_controller::server - Kynet accept failed: connection error: Endpoint closed
2026-09-15T23:52:27.650 WARN kycontroller::kymux_controller::server - Kynet accept failed: connection error: Endpoint closed
2026-09-15T23:52:27.650 WARN kycontroller::kymux_controller::server - Kynet accept failed: connection error: Endpoint closed
2026-09-15T23:52:27.650 WARN kycontroller::kymux_controller::server - Kynet accept failed: connection error: Endpoint closed
2026-09-15T23:52:27.650 WARN kycontroller::kymux_controller::server - Kynet accept failed: connection error: Endpoint closed
2026-09-15T23:52:27.650 WARN kycontroller::kymux_controller::server - Kynet accept failed: connection error: Endpoint closed
2026-09-15T23:52:27.650 WARN kycontroller::kymux_controller::server - Kynet accept failed: connection error: Endpoint closed
2026-09-15T23:52:27.650 WARN kycontroller::kymux_controller::server - Kynet accept failed: connection error: Endpoint closed
2026-09-15T23:52:27.650 WARN kycontroller::kymux_controller::server - Kynet accept failed: connection error: Endpoint closed
2026-09-15T23:52:27.650 WARN kycontroller::kymux_controller::server - Kynet accept failed: connection error: Endpoint closed
2026-09-15T23:52:27.650 WARN kycontroller::kymux_controller::server - Kynet accept failed: connection error: Endpoint closed
2026-09-15T23:52:27.650 WARN kycontroller::kymux_controller::server - Kynet accept failed: connection error: Endpoint closed
2026-09-15T23:52:27.650 WARN kycontroller::kymux_controller::server - Kynet accept failed: connection error: Endpoint closed
2026-09-15T23:52:27.650 WARN kycontroller::kymux_controller::server - Kynet accept failed: connection error: Endpoint closed
2026-09-15T23:52:27.650 WARN kycontroller::kymux_controller::server - Kynet accept failed: connection error: Endpoint closed
2026-09-15T23:52:27.650 WARN kycontroller::kymux_controller::server - Kynet accept failed: connection error: Endpoint closed
2026-09-15T23:52:27.650 WARN kycontroller::kymux_controller::server - Kynet accept failed: connection error: Endpoint closed
2026-09-15T23:52:27.650 WARN kycontroller::kymux_controller::server - Kynet accept failed: connection error: Endpoint closed
2026-09-15T23:52:27.650 WARN kycontroller::kymux_controller::server - Kynet accept failed: connection error: Endpoint closed
2026-09-15T23:52:27.650 WARN kycontroller::kymux_controller::server - Kynet accept failed: connection error: Endpoint closed
2026-09-15T23:52:27.650 WARN kycontroller::kymux_controller::server - Kynet accept failed: connection error: Endpoint closed
2026-09-15T23:52:27.650 WARN kycontroller::kymux_controller::server - Kynet accept failed: connection error: Endpoint closed
2026-09-15T23:52:27.650 WARN kycontroller::kymux_controller::server - Kynet accept failed: connection error: Endpoint closed
2026-09-15T23:52:27.650 WARN kycontroller::kymux_controller::server - Kynet accept failed: connection error: Endpoint closed
2026-09-15T23:52:27.650 WARN kycontroller::kymux_controller::server - Kynet accept failed: connection error: Endpoint closed
2026-09-15T23:52:27.650 WARN kycontroller::kymux_controller::server - Kynet accept failed: connection error: Endpoint closed
2026-09-15T23:52:27.650 WARN kycontroller::kymux_controller::server - Kynet accept failed: connection error: Endpoint closed
2026-09-15T23:52:27.650 WARN kycontroller::kymux_controller::server - Kynet accept failed: connection error: Endpoint closed
2026-09-15T23:52:27.650 WARN kycontroller::kymux_controller::server - Kynet accept failed: connection error: Endpoint closed
2026-09-15T23:52:27.650 WARN kycontroller::kymux_controller::server - Kynet accept failed: connection error: Endpoint closed
2026-09-15T23:52:27.650 WARN kycontroller::kymux_controller::server - Kynet accept failed: connection error: Endpoint closed
2026-09-15T23:52:27.650 WARN kycontroller::kymux_controller::server - Kynet accept failed: connection error: Endpoint closed
2026-09-15T23:52:27.650 WARN kycontroller::kymux_controller::server - Kynet accept failed: connection error: Endpoint closed
2026-09-15T23:52:27.650 WARN kycontroller::kymux_controller::server - Kynet accept failed: connection error: Endpoint closed
2026-09-15T23:52:27.650 WARN kycontroller::kymux_controller::server - Kynet accept failed: connection error: Endpoint closed
2026-09-15T23:52:27.650 WARN kycontroller::kymux_controller::server - Kynet accept failed: connection error: Endpoint closed
2026-09-15T23:52:27.650 WARN kycontroller::kymux_controller::server - Kynet accept failed: connection error: Endpoint closed
2026-09-15T23:52:27.650 WARN kycontroller::kymux_controller::server - Kynet accept failed: connection error: Endpoint closed
2026-09-15T23:52:27.650 WARN kycontroller::kymux_controller::server - Kynet accept failed: connection error: Endpoint closed
2026-09-15T23:52:27.650 WARN kycontroller::kymux_controller::server - Kynet accept failed: connection error: Endpoint closed
2026-09-15T23:52:27.650 WARN kycontroller::kymux_controller::server - Kynet accept failed: connection error: Endpoint closed
2026-09-15T23:52:27.650 WARN kycontroller::kymux_controller::server - Kynet accept failed: connection error: Endpoint closed
2026-09-15T23:52:27.650 WARN kycontroller::kymux_controller::server - Kynet accept failed: connection error: Endpoint closed
2026-09-15T23:52:27.650 WARN kycontroller::kymux_controller::server - Kynet accept failed: connection error: Endpoint closed
2026-09-15T23:52:27.650 WARN kycontroller::kymux_controller::server - Kynet accept failed: connection error: Endpoint closed
2026-09-15T23:52:27.650 WARN kycontroller::kymux_controller::server - Kynet accept failed: connection error: Endpoint closed
2026-09-15T23:52:27.650 WARN kycontroller::kymux_controller::server - Kynet accept failed: connection error: Endpoint closed
2026-09-15T23:52:27.650 WARN kycontroller::kymux_controller::server - Kynet accept failed: connection error: Endpoint closed
2026-09-15T23:52:27.650 WARN kycontroller::kymux_controller::server - Kynet accept failed: connection error: Endpoint closed
2026-09-15T23:52:27.650 WARN kycontroller::kymux_controller::server - Kynet accept failed: connection error: Endpoint closed
2026-09-15T23:52:27.650 WARN kycontroller::kymux_controller::server - Kynet accept failed: connection error: Endpoint closed
2026-09-15T23:52:27.650 WARN kycontroller::kymux_controller::server - Kynet accept failed: connection error: Endpoint closed
2026-09-15T23:52:27.650 WARN kycontroller::kymux_controller::server - Kynet accept failed: connection error: Endpoint closed
2026-09-15T23:52:27.650 WARN kycontroller::kymux_controller::server - Kynet accept failed: connection error: Endpoint closed
2026-09-15T23:52:27.650 WARN kycontroller::kymux_controller::server - Kynet accept failed: connection error: Endpoint closed
2026-09-15T23:52:27.650 WARN kycontroller::kymux_controller::server - Kynet accept failed: connection error: Endpoint closed
2026-09-15T23:52:27.650 WARN kycontroller::kymux_controller::server - Kynet accept failed: connection error: Endpoint closed
2026-09-15T23:52:27.650 WARN kycontroller::kymux_controller::server - Kynet accept failed: connection error: Endpoint closed
2026-09-15T23:52:27.650 WARN kycontroller::kymux_controller::server - Kynet accept failed: connection error: Endpoint closed
2026-09-15T23:52:27.650 WARN kycontroller::kymux_controller::server - Kynet accept failed: connection error: Endpoint closed
2026-09-15T23:52:27.650 WARN kycontroller::kymux_controller::server - Kynet accept failed: connection error: Endpoint closed
2026-09-15T23:52:27.650 WARN kycontroller::kymux_controller::server - Kynet accept failed: connection error: Endpoint closed
2026-09-15T23:52:27.650 WARN kycontroller::kymux_controller::server - Kynet accept failed: connection error: Endpoint closed
2026-09-15T23:52:27.650 WARN kycontroller::kymux_controller::server - Kynet accept failed: connection error: Endpoint closed
2026-09-15T23:52:27.650 WARN kycontroller::kymux_controller::server - Kynet accept failed: connection error: Endpoint closed
2026-09-15T23:52:27.650 WARN kycontroller::kymux_controller::server - Kynet accept failed: connection error: Endpoint closed
2026-09-15T23:52:27.650 WARN kycontroller::kymux_controller::server - Kynet accept failed: connection error: Endpoint closed
2026-09-15T23:52:27.650 WARN kycontroller::kymux_controller::server - Kynet accept failed: connection error: Endpoint closed
2026-09-15T23:52:27.650 WARN kycontroller::kymux_controller::server - Kynet accept failed: connection error: Endpoint closed
2026-09-15T23:52:27.650 WARN kycontroller::kymux_controller::server - Kynet accept failed: connection error: Endpoint closed
2026-09-15T23:52:27.650 WARN kycontroller::kymux_controller::server - Kynet accept failed: connection error: Endpoint closed
2026-09-15T23:52:27.650 WARN kycontroller::kymux_controller::server - Kynet accept failed: connection error: Endpoint closed
2026-09-15T23:52:27.650 WARN kycontroller::kymux_controller::server - Kynet accept failed: connection error: Endpoint closed
2026-09-15T23:52:27.650 WARN kycontroller::kymux_controller::server - Kynet accept failed: connection error: Endpoint closed
2026-09-15T23:52:27.650 WARN kycontroller::kymux_controller::server - Kynet accept failed: connection error: Endpoint closed
2026-09-15T23:52:27.650 WARN kycontroller::kymux_controller::server - Kynet accept failed: connection error: Endpoint closed
2026-09-15T23:52:27.650 WARN kycontroller::kymux_controller::server - Kynet accept failed: connection error: Endpoint closed
2026-09-15T23:52:27.650 WARN kycontroller::kymux_controller::server - Kynet accept failed: connection error: Endpoint closed
2026-09-15T23:52:27.650 WARN kycontroller::kymux_controller::server - Kynet accept failed: connection error: Endpoint closed
2026-09-15T23:52:27.650 WARN kycontroller::kymux_controller::server - Kynet accept failed: connection error: Endpoint closed
2026-09-15T23:52:27.650 WARN kycontroller::kymux_controller::server - Kynet accept failed: connection error: Endpoint closed
2026-09-15T23:52:27.650 WARN kycontroller::kymux_controller::server - Kynet accept failed: connection error: Endpoint closed
2026-09-15T23:52:27.650 WARN kycontroller::kymux_controller::server - Kynet accept failed: connection error: Endpoint closed
2026-09-15T23:52:27.650 WARN kycontroller::kymux_controller::server - Kynet accept failed: connection error: Endpoint closed
2026-09-15T23:52:27.650 WARN kycontroller::kymux_controller::server - Kynet accept failed: connection error: Endpoint closed
2026-09-15T23:52:27.650 WARN kycontroller::kymux_controller::server - Kynet accept failed: connection error: Endpoint closed
2026-09-15T23:52:27.650 WARN kycontroller::kymux_controller::server - Kynet accept failed: connection error: Endpoint closed
2026-09-15T23:52:27.650 WARN kycontroller::kymux_controller::server - Kynet accept failed: connection error: Endpoint closed
2026-09-15T23:52:27.650 WARN kycontroller::kymux_controller::server - Kynet accept failed: connection error: Endpoint closed
2026-09-15T23:52:27.650 WARN kycontroller::kymux_controller::server - Kynet accept failed: connection error: Endpoint closed
2026-09-15T23:52:27.650 WARN kycontroller::kymux_controller::server - Kynet accept failed: connection error: Endpoint closed
2026-09-15T23:52:27.650 WARN kycontroller::kymux_controller::server - Kynet accept failed: connection error: Endpoint closed
2026-09-15T23:52:27.650 WARN kycontroller::kymux_controller::server - Kynet accept failed: connection error: Endpoint closed
2026-09-15T23:52:27.650 WARN kycontroller::kymux_controller::server - Kynet accept failed: connection error: Endpoint closed
2026-09-15T23:52:27.650 WARN kycontroller::kymux_controller::server - Kynet accept failed: connection error: Endpoint closed
2026-09-15T23:52:27.650 WARN kycontroller::kymux_controller::server - Kynet accept failed: connection error: Endpoint closed
2026-09-15T23:52:27.650 WARN kycontroller::kymux_controller::server - Kynet accept failed: connection error: Endpoint closed
2026-09-15T23:52:27.650 WARN kycontroller::kymux_controller::server - Kynet accept failed: connection error: Endpoint closed
2026-09-15T23:52:27.651 WARN kycontroller::kymux_controller::server - Kynet accept failed: connection error: Endpoint closed
2026-09-15T23:52:27.651 WARN kycontroller::kymux_controller::server - Kynet accept failed: connection error: Endpoint closed
2026-09-15T23:52:27.651 WARN kycontroller::kymux_controller::server - Kynet accept failed: connection error: Endpoint closed
2026-09-15T23:52:27.651 WARN kycontroller::kymux_controller::server - Kynet accept failed: connection error: Endpoint closed
2026-09-15T23:52:27.651 WARN kycontroller::kymux_controller::server - Kynet accept failed: connection error: Endpoint closed
2026-09-15T23:52:27.651 WARN kycontroller::kymux_controller::server - Kynet accept failed: connection error: Endpoint closed
2026-09-15T23:52:27.651 WARN kycontroller::kymux_controller::server - Kynet accept failed: connection error: Endpoint closed
2026-09-15T23:52:27.651 WARN kycontroller::kymux_controller::server - Kynet accept failed: connection error: Endpoint closed
2026-09-15T23:52:27.651 WARN kycontroller::kymux_controller::server - Kynet accept failed: connection error: Endpoint closed
2026-09-15T23:52:27.651 WARN kycontroller::kymux_controller::server - Kynet accept failed: connection error: Endpoint closed
2026-09-15T23:52:27.651 WARN kycontroller::kymux_controller::server - Kynet accept failed: connection error: Endpoint closed
2026-09-15T23:52:27.651 WARN kycontroller::kymux_controller::server - Kynet accept failed: connection error: Endpoint closed
2026-09-15T23:52:27.651 WARN kycontroller::kymux_controller::server - Kynet accept failed: connection error: Endpoint closed
2026-09-15T23:52:27.651 WARN kycontroller::kymux_controller::server - Kynet accept failed: connection error: Endpoint closed
2026-09-15T23:52:27.651 WARN kycontroller::kymux_controller::server - Kynet accept failed: connection error: Endpoint closed
2026-09-15T23:52:27.651 WARN kycontroller::kymux_controller::server - Kynet accept failed: connection error: Endpoint closed
2026-09-15T23:52:27.651 WARN kycontroller::kymux_controller::server - Kynet accept failed: connection error: Endpoint closed
2026-09-15T23:52:27.651 WARN kycontroller::kymux_controller::server - Kynet accept failed: connection error: Endpoint closed
2026-09-15T23:52:27.651 WARN kycontroller::kymux_controller::server - Kynet accept failed: connection error: Endpoint closed
2026-09-15T23:52:27.651 WARN kycontroller::kymux_controller::server - Kynet accept failed: connection error: Endpoint closed
2026-09-15T23:52:27.651 WARN kycontroller::kymux_controller::server - Kynet accept failed: connection error: Endpoint closed
2026-09-15T23:52:27.651 WARN kycontroller::kymux_controller::server - Kynet accept failed: connection error: Endpoint closed
2026-09-15T23:52:27.651 WARN kycontroller::kymux_controller::server - Kynet accept failed: connection error: Endpoint closed
2026-09-15T23:52:27.651 WARN kycontroller::kymux_controller::server - Kynet accept failed: connection error: Endpoint closed
2026-09-15T23:52:27.651 WARN kycontroller::kymux_controller::server - Kynet accept failed: connection error: Endpoint closed
2026-09-15T23:52:27.651 WARN kycontroller::kymux_controller::server - Kynet accept failed: connection error: Endpoint closed
2026-09-15T23:52:27.651 WARN kycontroller::kymux_controller::server - Kynet accept failed: connection error: Endpoint closed
2026-09-15T23:52:27.651 WARN kycontroller::kymux_controller::server - Kynet accept failed: connection error: Endpoint closed
2026-09-15T23:52:27.651 WARN kycontroller::kymux_controller::server - Kynet accept failed: connection error: Endpoint closed
2026-09-15T23:52:27.651 WARN kycontroller::kymux_controller::server - Kynet accept failed: connection error: Endpoint closed
2026-09-15T23:52:27.651 WARN kycontroller::kymux_controller::server - Kynet accept failed: connection error: Endpoint closed
2026-09-15T23:52:27.651 WARN kycontroller::kymux_controller::server - Kynet accept failed: connection error: Endpoint closed
2026-09-15T23:52:27.651 WARN kycontroller::kymux_controller::server - Kynet accept failed: connection error: Endpoint closed
2026-09-15T23:52:27.651 WARN kycontroller::kymux_controller::server - Kynet accept failed: connection error: Endpoint closed
2026-09-15T23:52:27.651 WARN kycontroller::kymux_controller::server - Kynet accept failed: connection error: Endpoint closed
2026-09-15T23:52:27.651 WARN kycontroller::kymux_controller::server - Kynet accept failed: connection error: Endpoint closed
2026-09-15T23:52:27.651 WARN kycontroller::kymux_controller::server - Kynet accept failed: connection error: Endpoint closed
2026-09-15T23:52:27.651 WARN kycontroller::kymux_controller::server - Kynet accept failed: connection error: Endpoint closed
2026-09-15T23:52:27.651 WARN kycontroller::kymux_controller::server - Kynet accept failed: connection error: Endpoint closed
2026-09-15T23:52:27.651 WARN kycontroller::kymux_controller::server - Kynet accept failed: connection error: Endpoint closed
2026-09-15T23:52:27.651 WARN kycontroller::kymux_controller::server - Kynet accept failed: connection error: Endpoint closed
2026-09-15T23:52:27.651 WARN kycontroller::kymux_controller::server - Kynet accept failed: connection error: Endpoint closed
2026-09-15T23:52:27.651 WARN kycontroller::kymux_controller::server - Kynet accept failed: connection error: Endpoint closed
2026-09-15T23:52:27.651 WARN kycontroller::kymux_controller::server - Kynet accept failed: connection error: Endpoint closed
2026-09-15T23:52:27.651 WARN kycontroller::kymux_controller::server - Kynet accept failed: connection error: Endpoint closed
2026-09-15T23:52:27.651 WARN kycontroller::kymux_controller::server - Kynet accept failed: connection error: Endpoint closed
2026-09-15T23:52:27.651 WARN kycontroller::kymux_controller::server - Kynet accept failed: connection error: Endpoint closed
2026-09-15T23:52:27.651 WARN kycontroller::kymux_controller::server - Kynet accept failed: connection error: Endpoint closed
2026-09-15T23:52:27.651 WARN kycontroller::kymux_controller::server - Kynet accept failed: connection error: Endpoint closed
2026-09-15T23:52:27.651 WARN kycontroller::kymux_controller::server - Kynet accept failed: connection error: Endpoint closed
2026-09-15T23:52:27.651 WARN kycontroller::kymux_controller::server - Kynet accept failed: connection error: Endpoint closed
2026-09-15T23:52:27.651 WARN kycontroller::kymux_controller::server - Kynet accept failed: connection error: Endpoint closed
2026-09-15T23:52:27.651 WARN kycontroller::kymux_controller::server - Kynet accept failed: connection error: Endpoint closed
2026-09-15T23:52:27.651 WARN kycontroller::kymux_controller::server - Kynet accept failed: connection error: Endpoint closed
2026-09-15T23:52:27.651 WARN kycontroller::kymux_controller::server - Kynet accept failed: connection error: Endpoint closed
2026-09-15T23:52:27.651 WARN kycontroller::kymux_controller::server - Kynet accept failed: connection error: Endpoint closed
2026-09-15T23:52:27.651 WARN kycontroller::kymux_controller::server - Kynet accept failed: connection error: Endpoint closed
2026-09-15T23:52:27.651 WARN kycontroller::kymux_controller::server - Kynet accept failed: connection error: Endpoint closed
2026-09-15T23:52:27.651 WARN kycontroller::kymux_controller::server - Kynet accept failed: connection error: Endpoint closed
2026-09-15T23:52:27.651 WARN kycontroller::kymux_controller::server - Kynet accept failed: connection error: Endpoint closed
2026-09-15T23:52:27.651 WARN kycontroller::kymux_controller::server - Kynet accept failed: connection error: Endpoint closed
2026-09-15T23:52:27.651 WARN kycontroller::kymux_controller::server - Kynet accept failed: connection error: Endpoint closed
2026-09-15T23:52:27.651 WARN kycontroller::kymux_controller::server - Kynet accept failed: connection error: Endpoint closed
2026-09-15T23:52:27.651 WARN kycontroller::kymux_controller::server - Kynet accept failed: connection error: Endpoint closed
2026-09-15T23:52:27.651 WARN kycontroller::kymux_controller::server - Kynet accept failed: connection error: Endpoint closed
2026-09-15T23:52:27.651 WARN kycontroller::kymux_controller::server - Kynet accept failed: connection error: Endpoint closed
2026-09-15T23:52:27.651 WARN kycontroller::kymux_controller::server - Kynet accept failed: connection error: Endpoint closed
2026-09-15T23:52:27.651 WARN kycontroller::kymux_controller::server - Kynet accept failed: connection error: Endpoint closed
2026-09-15T23:52:27.651 WARN kycontroller::kymux_controller::server - Kynet accept failed: connection error: Endpoint closed
2026-09-15T23:52:27.651 WARN kycontroller::kymux_controller::server - Kynet accept failed: connection error: Endpoint closed
2026-09-15T23:52:27.651 WARN kycontroller::kymux_controller::server - Kynet accept failed: connection error: Endpoint closed
2026-09-15T23:52:27.651 WARN kycontroller::kymux_controller::server - Kynet accept failed: connection error: Endpoint closed
2026-09-15T23:52:27.651 WARN kycontroller::kymux_controller::server - Kynet accept failed: connection error: Endpoint closed
2026-09-15T23:52:27.651 WARN kycontroller::kymux_controller::server - Kynet accept failed: connection error: Endpoint closed
2026-09-15T23:52:27.651 WARN kycontroller::kymux_controller::server - Kynet accept failed: connection error: Endpoint closed
2026-09-15T23:52:27.651 WARN kycontroller::kymux_controller::server - Kynet accept failed: connection error: Endpoint closed
2026-09-15T23:52:27.651 WARN kycontroller::kymux_controller::server - Kynet accept failed: connection error: Endpoint closed
2026-09-15T23:52:27.651 WARN kycontroller::kymux_controller::server - Kynet accept failed: connection error: Endpoint closed
2026-09-15T23:52:27.651 WARN kycontroller::kymux_controller::server - Kynet accept failed: connection error: Endpoint closed
2026-09-15T23:52:27.651 WARN kycontroller::kymux_controller::server - Kynet accept failed: connection error: Endpoint closed
2026-09-15T23:52:27.651 WARN kycontroller::kymux_controller::server - Kynet accept failed: connection error: Endpoint closed
2026-09-15T23:52:27.651 WARN kycontroller::kymux_controller::server - Kynet accept failed: connection error: Endpoint closed
2026-09-15T23:52:27.651 WARN kycontroller::kymux_controller::server - Kynet accept failed: connection error: Endpoint closed
2026-09-15T23:52:27.651 WARN kycontroller::kymux_controller::server - Kynet accept failed: connection error: Endpoint closed
2026-09-15T23:52:27.651 WARN kycontroller::kymux_controller::server - Kynet accept failed: connection error: Endpoint closed
2026-09-15T23:52:27.651 WARN kycontroller::kymux_controller::server - Kynet accept failed: connection error: Endpoint closed
2026-09-15T23:52:27.651 WARN kycontroller::kymux_controller::server - Kynet accept failed: connection error: Endpoint closed
2026-09-15T23:52:27.651 WARN kycontroller::kymux_controller::server - Kynet accept failed: connection error: Endpoint closed
2026-09-15T23:52:27.651 WARN kycontroller::kymux_controller::server - Kynet accept failed: connection error: Endpoint closed
2026-09-15T23:52:27.651 WARN kycontroller::kymux_controller::server - Kynet accept failed: connection error: Endpoint closed
2026-09-15T23:52:27.651 WARN kycontroller::kymux_controller::server - Kynet accept failed: connection error: Endpoint closed
2026-09-15T23:52:27.651 WARN kycontroller::kymux_controller::server - Kynet accept failed: connection error: Endpoint closed
2026-09-15T23:52:27.651 WARN kycontroller::kymux_controller::server - Kynet accept failed: connection error: Endpoint closed
2026-09-15T23:52:27.651 WARN kycontroller::kymux_controller::server - Kynet accept failed: connection error: Endpoint closed
2026-09-15T23:52:27.651 WARN kycontroller::kymux_controller::server - Kynet accept failed: connection error: Endpoint closed
2026-09-15T23:52:27.651 WARN kycontroller::kymux_controller::server - Kynet accept failed: connection error: Endpoint closed
2026-09-15T23:52:27.651 WARN kycontroller::kymux_controller::server - Kynet accept failed: connection error: Endpoint closed
2026-09-15T23:52:27.651 WARN kycontroller::kymux_controller::server - Kynet accept failed: connection error: Endpoint closed
2026-09-15T23:52:27.651 WARN kycontroller::kymux_controller::server - Kynet accept failed: connection error: Endpoint closed
2026-09-15T23:52:27.651 WARN kycontroller::kymux_controller::server - Kynet accept failed: connection error: Endpoint closed
2026-09-15T23:52:27.651 WARN kycontroller::kymux_controller::server - Kynet accept failed: connection error: Endpoint closed
2026-09-15T23:52:27.651 WARN kycontroller::kymux_controller::server - Kynet accept failed: connection error: Endpoint closed
2026-09-15T23:52:27.651 WARN kycontroller::kymux_controller::server - Kynet accept failed: connection error: Endpoint closed
2026-09-15T23:52:27.651 WARN kycontroller::kymux_controller::server - Kynet accept failed: connection error: Endpoint closed
2026-09-15T23:52:27.651 WARN kycontroller::kymux_controller::server - Kynet accept failed: connection error: Endpoint closed
2026-09-15T23:52:27.651 WARN kycontroller::kymux_controller::server - Kynet accept failed: connection error: Endpoint closed
2026-09-15T23:52:27.651 WARN kycontroller::kymux_controller::server - Kynet accept failed: connection error: Endpoint closed
2026-09-15T23:52:27.651 WARN kycontroller::kymux_controller::server - Kynet accept failed: connection error: Endpoint closed
2026-09-15T23:52:27.651 WARN kycontroller::kymux_controller::server - Kynet accept failed: connection error: Endpoint closed
2026-09-15T23:52:27.651 WARN kycontroller::kymux_controller::server - Kynet accept failed: connection error: Endpoint closed
2026-09-15T23:52:27.651 WARN kycontroller::kymux_controller::server - Kynet accept failed: connection error: Endpoint closed
2026-09-15T23:52:27.652 WARN kycontroller::kymux_controller::server - Kynet accept failed: connection error: Endpoint closed
2026-09-15T23:52:27.652 WARN kycontroller::kymux_controller::server - Kynet accept failed: connection error: Endpoint closed
2026-09-15T23:52:27.652 WARN kycontroller::kymux_controller::server - Kynet accept failed: connection error: Endpoint closed
2026-09-15T23:52:27.652 WARN kycontroller::kymux_controller::server - Kynet accept failed: connection error: Endpoint closed
2026-09-15T23:52:27.652 WARN kycontroller::kymux_controller::server - Kynet accept failed: connection error: Endpoint closed
2026-09-15T23:52:27.652 WARN kycontroller::kymux_controller::server - Kynet accept failed: connection error: Endpoint closed
2026-09-15T23:52:27.652 WARN kycontroller::kymux_controller::server - Kynet accept failed: connection error: Endpoint closed
2026-09-15T23:52:27.652 WARN kycontroller::kymux_controller::server - Kynet accept failed: connection error: Endpoint closed
2026-09-15T23:52:27.652 WARN kycontroller::kymux_controller::server - Kynet accept failed: connection error: Endpoint closed
2026-09-15T23:52:27.652 WARN kycontroller::kymux_controller::server - Kynet accept failed: connection error: Endpoint closed
2026-09-15T23:52:27.652 WARN kycontroller::kymux_controller::server - Kynet accept failed: connection error: Endpoint closed
2026-09-15T23:52:27.652 WARN kycontroller::kymux_controller::server - Kynet accept failed: connection error: Endpoint closed
2026-09-15T23:52:27.652 WARN kycontroller::kymux_controller::server - Kynet accept failed: connection error: Endpoint closed
2026-09-15T23:52:27.652 WARN kycontroller::kymux_controller::server - Kynet accept failed: connection error: Endpoint closed
2026-09-15T23:52:27.652 WARN kycontroller::kymux_controller::server - Kynet accept failed: connection error: Endpoint closed
2026-09-15T23:52:27.652 WARN kycontroller::kymux_controller::server - Kynet accept failed: connection error: Endpoint closed
2026-09-15T23:52:27.652 WARN kycontroller::kymux_controller::server - Kynet accept failed: connection error: Endpoint closed
2026-09-15T23:52:27.652 WARN kycontroller::kymux_controller::server - Kynet accept failed: connection error: Endpoint closed
2026-09-15T23:52:27.652 WARN kycontroller::kymux_controller::server - Kynet accept failed: connection error: Endpoint closed
2026-09-15T23:52:27.652 WARN kycontroller::kymux_controller::server - Kynet accept failed: connection error: Endpoint closed
2026-09-15T23:52:27.652 WARN kycontroller::kymux_controller::server - Kynet accept failed: connection error: Endpoint closed
2026-09-15T23:52:27.652 WARN kycontroller::kymux_controller::server - Kynet accept failed: connection error: Endpoint closed
2026-09-15T23:52:27.652 WARN kycontroller::kymux_controller::server - Kynet accept failed: connection error: Endpoint closed
2026-09-15T23:52:27.652 WARN kycontroller::kymux_controller::server - Kynet accept failed: connection error: Endpoint closed
2026-09-15T23:52:27.652 WARN kycontroller::kymux_controller::server - Kynet accept failed: connection error: Endpoint closed
2026-09-15T23:52:27.652 WARN kycontroller::kymux_controller::server - Kynet accept failed: connection error: Endpoint closed
2026-09-15T23:52:27.652 WARN kycontroller::kymux_controller::server - Kynet accept failed: connection error: Endpoint closed
2026-09-15T23:52:27.652 WARN kycontroller::kymux_controller::server - Kynet accept failed: connection error: Endpoint closed
2026-09-15T23:52:27.652 WARN kycontroller::kymux_controller::server - Kynet accept failed: connection error: Endpoint closed
2026-09-15T23:52:27.652 WARN kycontroller::kymux_controller::server - Kynet accept failed: connection error: Endpoint closed
2026-09-15T23:52:27.652 WARN kycontroller::kymux_controller::server - Kynet accept failed: connection error: Endpoint closed
2026-09-15T23:52:27.652 WARN kycontroller::kymux_controller::server - Kynet accept failed: connection error: Endpoint closed
2026-09-15T23:52:27.652 WARN kycontroller::kymux_controller::server - Kynet accept failed: connection error: Endpoint closed
2026-09-15T23:52:27.652 WARN kycontroller::kymux_controller::server - Kynet accept failed: connection error: Endpoint closed
2026-09-15T23:52:27.652 WARN kycontroller::kymux_controller::server - Kynet accept failed: connection error: Endpoint closed
2026-09-15T23:52:27.652 WARN kycontroller::kymux_controller::server - Kynet accept failed: connection error: Endpoint closed
2026-09-15T23:52:27.652 WARN kycontroller::kymux_controller::server - Kynet accept failed: connection error: Endpoint closed
2026-09-15T23:52:27.652 WARN kycontroller::kymux_controller::server - Kynet accept failed: connection error: Endpoint closed
2026-09-15T23:52:27.652 WARN kycontroller::kymux_controller::server - Kynet accept failed: connection error: Endpoint closed
2026-09-15T23:52:27.652 WARN kycontroller::kymux_controller::server - Kynet accept failed: connection error: Endpoint closed
2026-09-15T23:52:27.652 WARN kycontroller::kymux_controller::server - Kynet accept failed: connection error: Endpoint closed
2026-09-15T23:52:27.652 WARN kycontroller::kymux_controller::server - Kynet accept failed: connection error: Endpoint closed
2026-09-15T23:52:27.652 WARN kycontroller::kymux_controller::server - Kynet accept failed: connection error: Endpoint closed
2026-09-15T23:52:27.652 WARN kycontroller::kymux_controller::server - Kynet accept failed: connection error: Endpoint closed
2026-09-15T23:52:27.652 WARN kycontroller::kymux_controller::server - Kynet accept failed: connection error: Endpoint closed
2026-09-15T23:52:27.652 WARN kycontroller::kymux_controller::server - Kynet accept failed: connection error: Endpoint closed
2026-09-15T23:52:27.652 WARN kycontroller::kymux_controller::server - Kynet accept failed: connection error: Endpoint closed
2026-09-15T23:52:27.652 WARN kycontroller::kymux_controller::server - Kynet accept failed: connection error: Endpoint closed
2026-09-15T23:52:27.652 WARN kycontroller::kymux_controller::server - Kynet accept failed: connection error: Endpoint closed
2026-09-15T23:52:27.652 WARN kycontroller::kymux_controller::server - Kynet accept failed: connection error: Endpoint closed
2026-09-15T23:52:27.652 WARN kycontroller::kymux_controller::server - Kynet accept failed: connection error: Endpoint closed
2026-09-15T23:52:27.652 WARN kycontroller::kymux_controller::server - Kynet accept failed: connection error: Endpoint closed
2026-09-15T23:52:27.652 WARN kycontroller::kymux_controller::server - Kynet accept failed: connection error: Endpoint closed
2026-09-15T23:52:27.652 WARN kycontroller::kymux_controller::server - Kynet accept failed: connection error: Endpoint closed
2026-09-15T23:52:27.652 WARN kycontroller::kymux_controller::server - Kynet accept failed: connection error: Endpoint closed
2026-09-15T23:52:27.652 WARN kycontroller::kymux_controller::server - Kynet accept failed: connection error: Endpoint closed
2026-09-15T23:52:27.652 WARN kycontroller::kymux_controller::server - Kynet accept failed: connection error: Endpoint closed
2026-09-15T23:52:27.652 WARN kycontroller::kymux_controller::server - Kynet accept failed: connection error: Endpoint closed
2026-09-15T23:52:27.652 WARN kycontroller::kymux_controller::server - Kynet accept failed: connection error: Endpoint closed
2026-09-15T23:52:27.652 WARN kycontroller::kymux_controller::server - Kynet accept failed: connection error: Endpoint closed
2026-09-15T23:52:27.652 WARN kycontroller::kymux_controller::server - Kynet accept failed: connection error: Endpoint closed
2026-09-15T23:52:27.652 WARN kycontroller::kymux_controller::server - Kynet accept failed: connection error: Endpoint closed
2026-09-15T23:52:27.652 WARN kycontroller::kymux_controller::server - Kynet accept failed: connection error: Endpoint closed
2026-09-15T23:52:27.652 WARN kycontroller::kymux_controller::server - Kynet accept failed: connection error: Endpoint closed
2026-09-15T23:52:27.652 WARN kycontroller::kymux_controller::server - Kynet accept failed: connection error: Endpoint closed
2026-09-15T23:52:27.652 WARN kycontroller::kymux_controller::server - Kynet accept failed: connection error: Endpoint closed
2026-09-15T23:52:27.652 WARN kycontroller::kymux_controller::server - Kynet accept failed: connection error: Endpoint closed
2026-09-15T23:52:27.652 WARN kycontroller::kymux_controller::server - Kynet accept failed: connection error: Endpoint closed
2026-09-15T23:52:27.652 WARN kycontroller::kymux_controller::server - Kynet accept failed: connection error: Endpoint closed
2026-09-15T23:52:27.652 WARN kycontroller::kymux_controller::server - Kynet accept failed: connection error: Endpoint closed
2026-09-15T23:52:27.652 WARN kycontroller::kymux_controller::server - Kynet accept failed: connection error: Endpoint closed
2026-09-15T23:52:27.652 WARN kycontroller::kymux_controller::server - Kynet accept failed: connection error: Endpoint closed
2026-09-15T23:52:27.652 WARN kycontroller::kymux_controller::server - Kynet accept failed: connection error: Endpoint closed
2026-09-15T23:52:27.652 WARN kycontroller::kymux_controller::server - Kynet accept failed: connection error: Endpoint closed
2026-09-15T23:52:27.652 WARN kycontroller::kymux_controller::server - Kynet accept failed: connection error: Endpoint closed
2026-09-15T23:52:27.652 WARN kycontroller::kymux_controller::server - Kynet accept failed: connection error: Endpoint closed
2026-09-15T23:52:27.652 WARN kycontroller::kymux_controller::server - Kynet accept failed: connection error: Endpoint closed
2026-09-15T23:52:27.652 WARN kycontroller::kymux_controller::server - Kynet accept failed: connection error: Endpoint closed
2026-09-15T23:52:27.652 WARN kycontroller::kymux_controller::server - Kynet accept failed: connection error: Endpoint closed
2026-09-15T23:52:27.652 WARN kycontroller::kymux_controller::server - Kynet accept failed: connection error: Endpoint closed
2026-09-15T23:52:27.652 WARN kycontroller::kymux_controller::server - Kynet accept failed: connection error: Endpoint closed
2026-09-15T23:52:27.652 WARN kycontroller::kymux_controller::server - Kynet accept failed: connection error: Endpoint closed
2026-09-15T23:52:27.652 WARN kycontroller::kymux_controller::server - Kynet accept failed: connection error: Endpoint closed
2026-09-15T23:52:27.652 WARN kycontroller::kymux_controller::server - Kynet accept failed: connection error: Endpoint closed
2026-09-15T23:52:27.652 WARN kycontroller::kymux_controller::server - Kynet accept failed: connection error: Endpoint closed
2026-09-15T23:52:27.652 WARN kycontroller::kymux_controller::server - Kynet accept failed: connection error: Endpoint closed
2026-09-15T23:52:27.652 WARN kycontroller::kymux_controller::server - Kynet accept failed: connection error: Endpoint closed
2026-09-15T23:52:27.652 WARN kycontroller::kymux_controller::server - Kynet accept failed: connection error: Endpoint closed
2026-09-15T23:52:27.652 WARN kycontroller::kymux_controller::server - Kynet accept failed: connection error: Endpoint closed
2026-09-15T23:52:27.652 WARN kycontroller::kymux_controller::server - Kynet accept failed: connection error: Endpoint closed
2026-09-15T23:52:27.652 WARN kycontroller::kymux_controller::server - Kynet accept failed: connection error: Endpoint closed
2026-09-15T23:52:27.652 WARN kycontroller::kymux_controller::server - Kynet accept failed: connection error: Endpoint closed
2026-09-15T23:52:27.652 WARN kycontroller::kymux_controller::server - Kynet accept failed: connection error: Endpoint closed
2026-09-15T23:52:27.652 WARN kycontroller::kymux_controller::server - Kynet accept failed: connection error: Endpoint closed
2026-09-15T23:52:27.652 WARN kycontroller::kymux_controller::server - Kynet accept failed: connection error: Endpoint closed
2026-09-15T23:52:27.652 WARN kycontroller::kymux_controller::server - Kynet accept failed: connection error: Endpoint closed
2026-09-15T23:52:27.652 WARN kycontroller::kymux_controller::server - Kynet accept failed: connection error: Endpoint closed
2026-09-15T23:52:27.652 WARN kycontroller::kymux_controller::server - Kynet accept failed: connection error: Endpoint closed
2026-09-15T23:52:27.652 WARN kycontroller::kymux_controller::server - Kynet accept failed: connection error: Endpoint closed
2026-09-15T23:52:27.652 WARN kycontroller::kymux_controller::server - Kynet accept failed: connection error: Endpoint closed
2026-09-15T23:52:27.652 WARN kycontroller::kymux_controller::server - Kynet accept failed: connection error: Endpoint closed
2026-09-15T23:52:27.652 WARN kycontroller::kymux_controller::server - Kynet accept failed: connection error: Endpoint closed
2026-09-15T23:52:27.652 WARN kycontroller::kymux_controller::server - Kynet accept failed: connection error: Endpoint closed
2026-09-15T23:52:27.652 WARN kycontroller::kymux_controller::server - Kynet accept failed: connection error: Endpoint closed
2026-09-15T23:52:27.652 WARN kycontroller::kymux_controller::server - Kynet accept failed: connection error: Endpoint closed
2026-09-15T23:52:27.652 WARN kycontroller::kymux_controller::server - Kynet accept failed: connection error: Endpoint closed
2026-09-15T23:52:27.652 WARN kycontroller::kymux_controller::server - Kynet accept failed: connection error: Endpoint closed
2026-09-15T23:52:27.652 WARN kycontroller::kymux_controller::server - Kynet accept failed: connection error: Endpoint closed
2026-09-15T23:52:27.652 WARN kycontroller::kymux_controller::server - Kynet accept failed: connection error: Endpoint closed
2026-09-15T23:52:27.652 WARN kycontroller::kymux_controller::server - Kynet accept failed: connection error: Endpoint closed
2026-09-15T23:52:27.653 WARN kycontroller::kymux_controller::server - Kynet accept failed: connection error: Endpoint closed
2026-09-15T23:52:27.653 WARN kycontroller::kymux_controller::server - Kynet accept failed: connection error: Endpoint closed
2026-09-15T23:52:27.653 WARN kycontroller::kymux_controller::server - Kynet accept failed: connection error: Endpoint closed
2026-09-15T23:52:27.653 WARN kycontroller::kymux_controller::server - Kynet accept failed: connection error: Endpoint closed
2026-09-15T23:52:27.653 WARN kycontroller::kymux_controller::server - Kynet accept failed: connection error: Endpoint closed
2026-09-15T23:52:27.653 WARN kycontroller::kymux_controller::server - Kynet accept failed: connection error: Endpoint closed
2026-09-15T23:52:27.653 WARN kycontroller::kymux_controller::server - Kynet accept failed: connection error: Endpoint closed
2026-09-15T23:52:27.653 WARN kycontroller::kymux_controller::server - Kynet accept failed: connection error: Endpoint closed
2026-09-15T23:52:27.653 WARN kycontroller::kymux_controller::server - Kynet accept failed: connection error: Endpoint closed
2026-09-15T23:52:27.653 WARN kycontroller::kymux_controller::server - Kynet accept failed: connection error: Endpoint closed
2026-09-15T23:52:27.653 WARN kycontroller::kymux_controller::server - Kynet accept failed: connection error: Endpoint closed
2026-09-15T23:52:27.653 WARN kycontroller::kymux_controller::server - Kynet accept failed: connection error: Endpoint closed
2026-09-15T23:52:27.653 WARN kycontroller::kymux_controller::server - Kynet accept failed: connection error: Endpoint closed
2026-09-15T23:52:27.653 WARN kycontroller::kymux_controller::server - Kynet accept failed: connection error: Endpoint closed
2026-09-15T23:52:27.653 WARN kycontroller::kymux_controller::server - Kynet accept failed: connection error: Endpoint closed
2026-09-15T23:52:27.653 WARN kycontroller::kymux_controller::server - Kynet accept failed: connection error: Endpoint closed
2026-09-15T23:52:27.653 WARN kycontroller::kymux_controller::server - Kynet accept failed: connection error: Endpoint closed
2026-09-15T23:52:27.653 WARN kycontroller::kymux_controller::server - Kynet accept failed: connection error: Endpoint closed
2026-09-15T23:52:27.653 WARN kycontroller::kymux_controller::server - Kynet accept failed: connection error: Endpoint closed
2026-09-15T23:52:27.653 WARN kycontroller::kymux_controller::server - Kynet accept failed: connection error: Endpoint closed
2026-09-15T23:52:27.653 WARN kycontroller::kymux_controller::server - Kynet accept failed: connection error: Endpoint closed
2026-09-15T23:52:27.653 WARN kycontroller::kymux_controller::server - Kynet accept failed: connection error: Endpoint closed
2026-09-15T23:52:27.653 WARN kycontroller::kymux_controller::server - Kynet accept failed: connection error: Endpoint closed
2026-09-15T23:52:27.653 WARN kycontroller::kymux_controller::server - Kynet accept failed: connection error: Endpoint closed
2026-09-15T23:52:27.653 WARN kycontroller::kymux_controller::server - Kynet accept failed: connection error: Endpoint closed
2026-09-15T23:52:27.653 WARN kycontroller::kymux_controller::server - Kynet accept failed: connection error: Endpoint closed
2026-09-15T23:52:27.653 WARN kycontroller::kymux_controller::server - Kynet accept failed: connection error: Endpoint closed
2026-09-15T23:52:27.653 WARN kycontroller::kymux_controller::server - Kynet accept failed: connection error: Endpoint closed
2026-09-15T23:52:27.653 WARN kycontroller::kymux_controller::server - Kynet accept failed: connection error: Endpoint closed
2026-09-15T23:52:27.653 WARN kycontroller::kymux_controller::server - Kynet accept failed: connection error: Endpoint closed
2026-09-15T23:52:27.653 WARN kycontroller::kymux_controller::server - Kynet accept failed: connection error: Endpoint closed
2026-09-15T23:52:27.653 WARN kycontroller::kymux_controller::server - Kynet accept failed: connection error: Endpoint closed
2026-09-15T23:52:27.653 WARN kycontroller::kymux_controller::server - Kynet accept failed: connection error: Endpoint closed
2026-09-15T23:52:27.653 WARN kycontroller::kymux_controller::server - Kynet accept failed: connection error: Endpoint closed
2026-09-15T23:52:27.653 WARN kycontroller::kymux_controller::server - Kynet accept failed: connection error: Endpoint closed
2026-09-15T23:52:27.653 WARN kycontroller::kymux_controller::server - Kynet accept failed: connection error: Endpoint closed
2026-09-15T23:52:27.653 WARN kycontroller::kymux_controller::server - Kynet accept failed: connection error: Endpoint closed
2026-09-15T23:52:27.653 WARN kycontroller::kymux_controller::server - Kynet accept failed: connection error: Endpoint closed
2026-09-15T23:52:27.653 WARN kycontroller::kymux_controller::server - Kynet accept failed: connection error: Endpoint closed
2026-09-15T23:52:27.653 WARN kycontroller::kymux_controller::server - Kynet accept failed: connection error: Endpoint closed
2026-09-15T23:52:27.653 WARN kycontroller::kymux_controller::server - Kynet accept failed: connection error: Endpoint closed
2026-09-15T23:52:27.653 WARN kycontroller::kymux_controller::server - Kynet accept failed: connection error: Endpoint closed
2026-09-15T23:52:27.653 WARN kycontroller::kymux_controller::server - Kynet accept failed: connection error: Endpoint closed
2026-09-15T23:52:27.653 WARN kycontroller::kymux_controller::server - Kynet accept failed: connection error: Endpoint closed
2026-09-15T23:52:27.653 WARN kycontroller::kymux_controller::server - Kynet accept failed: connection error: Endpoint closed
2026-09-15T23:52:27.653 WARN kycontroller::kymux_controller::server - Kynet accept failed: connection error: Endpoint closed
2026-09-15T23:52:27.653 WARN kycontroller::kymux_controller::server - Kynet accept failed: connection error: Endpoint closed
2026-09-15T23:52:27.653 WARN kycontroller::kymux_controller::server - Kynet accept failed: connection error: Endpoint closed
2026-09-15T23:52:27.653 WARN kycontroller::kymux_controller::server - Kynet accept failed: connection error: Endpoint closed
2026-09-15T23:52:27.653 WARN kycontroller::kymux_controller::server - Kynet accept failed: connection error: Endpoint closed
2026-09-15T23:52:27.653 WARN kycontroller::kymux_controller::server - Kynet accept failed: connection error: Endpoint closed
2026-09-15T23:52:27.653 WARN kycontroller::kymux_controller::server - Kynet accept failed: connection error: Endpoint closed
2026-09-15T23:52:27.653 WARN kycontroller::kymux_controller::server - Kynet accept failed: connection error: Endpoint closed
2026-09-15T23:52:27.653 WARN kycontroller::kymux_controller::server - Kynet accept failed: connection error: Endpoint closed
2026-09-15T23:52:27.653 WARN kycontroller::kymux_controller::server - Kynet accept failed: connection error: Endpoint closed
2026-09-15T23:52:27.653 WARN kycontroller::kymux_controller::server - Kynet accept failed: connection error: Endpoint closed
2026-09-15T23:52:27.653 WARN kycontroller::kymux_controller::server - Kynet accept failed: connection error: Endpoint closed
2026-09-15T23:52:27.653 WARN kycontroller::kymux_controller::server - Kynet accept failed: connection error: Endpoint closed
2026-09-15T23:52:27.653 WARN kycontroller::kymux_controller::server - Kynet accept failed: connection error: Endpoint closed
2026-09-15T23:52:27.653 WARN kycontroller::kymux_controller::server - Kynet accept failed: connection error: Endpoint closed
2026-09-15T23:52:27.653 WARN kycontroller::kymux_controller::server - Kynet accept failed: connection error: Endpoint closed
2026-09-15T23:52:27.653 WARN kycontroller::kymux_controller::server - Kynet accept failed: connection error: Endpoint closed
2026-09-15T23:52:27.653 WARN kycontroller::kymux_controller::server - Kynet accept failed: connection error: Endpoint closed
2026-09-15T23:52:27.653 WARN kycontroller::kymux_controller::server - Kynet accept failed: connection error: Endpoint closed
2026-09-15T23:52:27.653 WARN kycontroller::kymux_controller::server - Kynet accept failed: connection error: Endpoint closed
2026-09-15T23:52:27.653 WARN kycontroller::kymux_controller::server - Kynet accept failed: connection error: Endpoint closed
2026-09-15T23:52:27.653 WARN kycontroller::kymux_controller::server - Kynet accept failed: connection error: Endpoint closed
2026-09-15T23:52:27.653 WARN kycontroller::kymux_controller::server - Kynet accept failed: connection error: Endpoint closed
2026-09-15T23:52:27.653 WARN kycontroller::kymux_controller::server - Kynet accept failed: connection error: Endpoint closed
2026-09-15T23:52:27.653 WARN kycontroller::kymux_controller::server - Kynet accept failed: connection error: Endpoint closed
2026-09-15T23:52:27.653 WARN kycontroller::kymux_controller::server - Kynet accept failed: connection error: Endpoint closed
2026-09-15T23:52:27.653 WARN kycontroller::kymux_controller::server - Kynet accept failed: connection error: Endpoint closed
2026-09-15T23:52:27.653 WARN kycontroller::kymux_controller::server - Kynet accept failed: connection error: Endpoint closed
2026-09-15T23:52:27.653 WARN kycontroller::kymux_controller::server - Kynet accept failed: connection error: Endpoint closed
2026-09-15T23:52:27.653 WARN kycontroller::kymux_controller::server - Kynet accept failed: connection error: Endpoint closed
2026-09-15T23:52:27.653 WARN kycontroller::kymux_controller::server - Kynet accept failed: connection error: Endpoint closed
2026-09-15T23:52:27.653 WARN kycontroller::kymux_controller::server - Kynet accept failed: connection error: Endpoint closed
2026-09-15T23:52:27.653 WARN kycontroller::kymux_controller::server - Kynet accept failed: connection error: Endpoint closed
2026-09-15T23:52:27.653 WARN kycontroller::kymux_controller::server - Kynet accept failed: connection error: Endpoint closed
2026-09-15T23:52:27.653 WARN kycontroller::kymux_controller::server - Kynet accept failed: connection error: Endpoint closed
2026-09-15T23:52:27.653 WARN kycontroller::kymux_controller::server - Kynet accept failed: connection error: Endpoint closed
2026-09-15T23:52:27.653 WARN kycontroller::kymux_controller::server - Kynet accept failed: connection error: Endpoint closed
2026-09-15T23:52:27.653 WARN kycontroller::kymux_controller::server - Kynet accept failed: connection error: Endpoint closed
2026-09-15T23:52:27.653 WARN kycontroller::kymux_controller::server - Kynet accept failed: connection error: Endpoint closed
2026-09-15T23:52:27.653 WARN kycontroller::kymux_controller::server - Kynet accept failed: connection error: Endpoint closed
2026-09-15T23:52:27.653 WARN kycontroller::kymux_controller::server - Kynet accept failed: connection error: Endpoint closed
2026-09-15T23:52:27.653 WARN kycontroller::kymux_controller::server - Kynet accept failed: connection error: Endpoint closed
2026-09-15T23:52:27.653 WARN kycontroller::kymux_controller::server - Kynet accept failed: connection error: Endpoint closed
2026-09-15T23:52:27.653 WARN kycontroller::kymux_controller::server - Kynet accept failed: connection error: Endpoint closed
2026-09-15T23:52:27.653 WARN kycontroller::kymux_controller::server - Kynet accept failed: connection error: Endpoint closed
2026-09-15T23:52:27.653 WARN kycontroller::kymux_controller::server - Kynet accept failed: connection error: Endpoint closed
2026-09-15T23:52:27.653 WARN kycontroller::kymux_controller::server - Kynet accept failed: connection error: Endpoint closed
2026-09-15T23:52:27.653 WARN kycontroller::kymux_controller::server - Kynet accept failed: connection error: Endpoint closed
2026-09-15T23:52:27.653 WARN kycontroller::kymux_controller::server - Kynet accept failed: connection error: Endpoint closed
2026-09-15T23:52:27.653 WARN kycontroller::kymux_controller::server - Kynet accept failed: connection error: Endpoint closed
2026-09-15T23:52:27.653 WARN kycontroller::kymux_controller::server - Kynet accept failed: connection error: Endpoint closed
2026-09-15T23:52:27.653 WARN kycontroller::kymux_controller::server - Kynet accept failed: connection error: Endpoint closed
2026-09-15T23:52:27.653 WARN kycontroller::kymux_controller::server - Kynet accept failed: connection error: Endpoint closed
2026-09-15T23:52:27.653 WARN kycontroller::kymux_controller::server - Kynet accept failed: connection error: Endpoint closed
2026-09-15T23:52:27.653 WARN kycontroller::kymux_controller::server - Kynet accept failed: connection error: Endpoint closed
2026-09-15T23:52:27.653 WARN kycontroller::kymux_controller::server - Kynet accept failed: connection error: Endpoint closed
2026-09-15T23:52:27.653 WARN kycontroller::kymux_controller::server - Kynet accept failed: connection error: Endpoint closed
2026-09-15T23:52:27.653 WARN kycontroller::kymux_controller::server - Kynet accept failed: connection error: Endpoint closed
2026-09-15T23:52:27.653 WARN kycontroller::kymux_controller::server - Kynet accept failed: connection error: Endpoint closed
2026-09-15T23:52:27.653 WARN kycontroller::kymux_controller::server - Kynet accept failed: connection error: Endpoint closed
2026-09-15T23:52:27.653 WARN kycontroller::kymux_controller::server - Kynet accept failed: connection error: Endpoint closed
2026-09-15T23:52:27.653 WARN kycontroller::kymux_controller::server - Kynet accept failed: connection error: Endpoint closed
2026-09-15T23:52:27.653 WARN kycontroller::kymux_controller::server - Kynet accept failed: connection error: Endpoint closed
2026-09-15T23:52:27.653 WARN kycontroller::kymux_controller::server - Kynet accept failed: connection error: Endpoint closed
2026-09-15T23:52:27.653 WARN kycontroller::kymux_controller::server - Kynet accept failed: connection error: Endpoint closed
2026-09-15T23:52:27.654 WARN kycontroller::kymux_controller::server - Kynet accept failed: connection error: Endpoint closed
2026-09-15T23:52:27.654 WARN kycontroller::kymux_controller::server - Kynet accept failed: connection error: Endpoint closed
2026-09-15T23:52:27.654 WARN kycontroller::kymux_controller::server - Kynet accept failed: connection error: Endpoint closed
2026-09-15T23:52:27.654 WARN kycontroller::kymux_controller::server - Kynet accept failed: connection error: Endpoint closed
2026-09-15T23:52:27.654 WARN kycontroller::kymux_controller::server - Kynet accept failed: connection error: Endpoint closed
2026-09-15T23:52:27.654 WARN kycontroller::kymux_controller::server - Kynet accept failed: connection error: Endpoint closed
2026-09-15T23:52:27.654 WARN kycontroller::kymux_controller::server - Kynet accept failed: connection error: Endpoint closed
2026-09-15T23:52:27.654 WARN kycontroller::kymux_controller::server - Kynet accept failed: connection error: Endpoint closed
2026-09-15T23:52:27.654 WARN kycontroller::kymux_controller::server - Kynet accept failed: connection error: Endpoint closed
2026-09-15T23:52:27.654 WARN kycontroller::kymux_controller::server - Kynet accept failed: connection error: Endpoint closed
2026-09-15T23:52:27.654 WARN kycontroller::kymux_controller::server - Kynet accept failed: connection error: Endpoint closed
2026-09-15T23:52:27.654 WARN kycontroller::kymux_controller::server - Kynet accept failed: connection error: Endpoint closed
2026-09-15T23:52:27.654 WARN kycontroller::kymux_controller::server - Kynet accept failed: connection error: Endpoint closed
2026-09-15T23:52:27.654 WARN kycontroller::kymux_controller::server - Kynet accept failed: connection error: Endpoint closed
2026-09-15T23:52:27.654 WARN kycontroller::kymux_controller::server - Kynet accept failed: connection error: Endpoint closed
2026-09-15T23:52:27.654 WARN kycontroller::kymux_controller::server - Kynet accept failed: connection error: Endpoint closed
2026-09-15T23:52:27.654 WARN kycontroller::kymux_controller::server - Kynet accept failed: connection error: Endpoint closed
2026-09-15T23:52:27.654 WARN kycontroller::kymux_controller::server - Kynet accept failed: connection error: Endpoint closed
2026-09-15T23:52:27.654 WARN kycontroller::kymux_controller::server - Kynet accept failed: connection error: Endpoint closed
2026-09-15T23:52:27.654 WARN kycontroller::kymux_controller::server - Kynet accept failed: connection error: Endpoint closed
2026-09-15T23:52:27.654 WARN kycontroller::kymux_controller::server - Kynet accept failed: connection error: Endpoint closed
2026-09-15T23:52:27.654 WARN kycontroller::kymux_controller::server - Kynet accept failed: connection error: Endpoint closed
2026-09-15T23:52:27.654 WARN kycontroller::kymux_controller::server - Kynet accept failed: connection error: Endpoint closed
2026-09-15T23:52:27.654 WARN kycontroller::kymux_controller::server - Kynet accept failed: connection error: Endpoint closed
2026-09-15T23:52:27.654 WARN kycontroller::kymux_controller::server - Kynet accept failed: connection error: Endpoint closed
2026-09-15T23:52:27.654 WARN kycontroller::kymux_controller::server - Kynet accept failed: connection error: Endpoint closed
2026-09-15T23:52:27.654 WARN kycontroller::kymux_controller::server - Kynet accept failed: connection error: Endpoint closed
2026-09-15T23:52:27.654 WARN kycontroller::kymux_controller::server - Kynet accept failed: connection error: Endpoint closed
2026-09-15T23:52:27.654 WARN kycontroller::kymux_controller::server - Kynet accept failed: connection error: Endpoint closed
2026-09-15T23:52:27.654 WARN kycontroller::kymux_controller::server - Kynet accept failed: connection error: Endpoint closed
2026-09-15T23:52:27.654 WARN kycontroller::kymux_controller::server - Kynet accept failed: connection error: Endpoint closed
2026-09-15T23:52:27.654 WARN kycontroller::kymux_controller::server - Kynet accept failed: connection error: Endpoint closed
2026-09-15T23:52:27.654 WARN kycontroller::kymux_controller::server - Kynet accept failed: connection error: Endpoint closed
2026-09-15T23:52:27.654 WARN kycontroller::kymux_controller::server - Kynet accept failed: connection error: Endpoint closed
2026-09-15T23:52:27.654 WARN kycontroller::kymux_controller::server - Kynet accept failed: connection error: Endpoint closed
2026-09-15T23:52:27.654 WARN kycontroller::kymux_controller::server - Kynet accept failed: connection error: Endpoint closed
2026-09-15T23:52:27.654 WARN kycontroller::kymux_controller::server - Kynet accept failed: connection error: Endpoint closed
2026-09-15T23:52:27.654 WARN kycontroller::kymux_controller::server - Kynet accept failed: connection error: Endpoint closed
2026-09-15T23:52:27.654 WARN kycontroller::kymux_controller::server - Kynet accept failed: connection error: Endpoint closed
2026-09-15T23:52:27.654 WARN kycontroller::kymux_controller::server - Kynet accept failed: connection error: Endpoint closed
2026-09-15T23:52:27.654 WARN kycontroller::kymux_controller::server - Kynet accept failed: connection error: Endpoint closed
2026-09-15T23:52:27.654 WARN kycontroller::kymux_controller::server - Kynet accept failed: connection error: Endpoint closed
2026-09-15T23:52:27.654 WARN kycontroller::kymux_controller::server - Kynet accept failed: connection error: Endpoint closed
2026-09-15T23:52:27.654 WARN kycontroller::kymux_controller::server - Kynet accept failed: connection error: Endpoint closed
2026-09-15T23:52:27.654 WARN kycontroller::kymux_controller::server - Kynet accept failed: connection error: Endpoint closed
2026-09-15T23:52:27.654 WARN kycontroller::kymux_controller::server - Kynet accept failed: connection error: Endpoint closed
2026-09-15T23:52:27.654 WARN kycontroller::kymux_controller::server - Kynet accept failed: connection error: Endpoint closed
2026-09-15T23:52:27.654 WARN kycontroller::kymux_controller::server - Kynet accept failed: connection error: Endpoint closed
2026-09-15T23:52:27.654 WARN kycontroller::kymux_controller::server - Kynet accept failed: connection error: Endpoint closed
2026-09-15T23:52:27.654 WARN kycontroller::kymux_controller::server - Kynet accept failed: connection error: Endpoint closed
2026-09-15T23:52:27.654 WARN kycontroller::kymux_controller::server - Kynet accept failed: connection error: Endpoint closed
2026-09-15T23:52:27.654 WARN kycontroller::kymux_controller::server - Kynet accept failed: connection error: Endpoint closed
2026-09-15T23:52:27.654 WARN kycontroller::kymux_controller::server - Kynet accept failed: connection error: Endpoint closed
2026-09-15T23:52:27.654 WARN kycontroller::kymux_controller::server - Kynet accept failed: connection error: Endpoint closed
2026-09-15T23:52:27.654 WARN kycontroller::kymux_controller::server - Kynet accept failed: connection error: Endpoint closed
2026-09-15T23:52:27.654 WARN kycontroller::kymux_controller::server - Kynet accept failed: connection error: Endpoint closed
2026-09-15T23:52:27.654 WARN kycontroller::kymux_controller::server - Kynet accept failed: connection error: Endpoint closed
2026-09-15T23:52:27.654 WARN kycontroller::kymux_controller::server - Kynet accept failed: connection error: Endpoint closed
2026-09-15T23:52:27.654 WARN kycontroller::kymux_controller::server - Kynet accept failed: connection error: Endpoint closed
2026-09-15T23:52:27.654 WARN kycontroller::kymux_controller::server - Kynet accept failed: connection error: Endpoint closed
2026-09-15T23:52:27.654 WARN kycontroller::kymux_controller::server - Kynet accept failed: connection error: Endpoint closed
2026-09-15T23:52:27.654 WARN kycontroller::kymux_controller::server - Kynet accept failed: connection error: Endpoint closed
2026-09-15T23:52:27.654 WARN kycontroller::kymux_controller::server - Kynet accept failed: connection error: Endpoint closed
2026-09-15T23:52:27.654 WARN kycontroller::kymux_controller::server - Kynet accept failed: connection error: Endpoint closed
2026-09-15T23:52:27.654 WARN kycontroller::kymux_controller::server - Kynet accept failed: connection error: Endpoint closed
2026-09-15T23:52:27.654 WARN kycontroller::kymux_controller::server - Kynet accept failed: connection error: Endpoint closed
2026-09-15T23:52:27.654 WARN kycontroller::kymux_controller::server - Kynet accept failed: connection error: Endpoint closed
2026-09-15T23:52:27.654 WARN kycontroller::kymux_controller::server - Kynet accept failed: connection error: Endpoint closed
2026-09-15T23:52:27.654 WARN kycontroller::kymux_controller::server - Kynet accept failed: connection error: Endpoint closed
2026-09-15T23:52:27.654 WARN kycontroller::kymux_controller::server - Kynet accept failed: connection error: Endpoint closed
2026-09-15T23:52:27.654 WARN kycontroller::kymux_controller::server - Kynet accept failed: connection error: Endpoint closed
2026-09-15T23:52:27.654 WARN kycontroller::kymux_controller::server - Kynet accept failed: connection error: Endpoint closed
2026-09-15T23:52:27.654 WARN kycontroller::kymux_controller::server - Kynet accept failed: connection error: Endpoint closed
2026-09-15T23:52:27.654 WARN kycontroller::kymux_controller::server - Kynet accept failed: connection error: Endpoint closed
2026-09-15T23:52:27.654 WARN kycontroller::kymux_controller::server - Kynet accept failed: connection error: Endpoint closed
2026-09-15T23:52:27.654 WARN kycontroller::kymux_controller::server - Kynet accept failed: connection error: Endpoint closed
2026-09-15T23:52:27.654 WARN kycontroller::kymux_controller::server - Kynet accept failed: connection error: Endpoint closed
2026-09-15T23:52:27.654 WARN kycontroller::kymux_controller::server - Kynet accept failed: connection error: Endpoint closed
2026-09-15T23:52:27.654 WARN kycontroller::kymux_controller::server - Kynet accept failed: connection error: Endpoint closed
2026-09-15T23:52:27.654 WARN kycontroller::kymux_controller::server - Kynet accept failed: connection error: Endpoint closed
2026-09-15T23:52:27.654 WARN kycontroller::kymux_controller::server - Kynet accept failed: connection error: Endpoint closed
2026-09-15T23:52:27.654 WARN kycontroller::kymux_controller::server - Kynet accept failed: connection error: Endpoint closed
2026-09-15T23:52:27.654 WARN kycontroller::kymux_controller::server - Kynet accept failed: connection error: Endpoint closed
2026-09-15T23:52:27.654 WARN kycontroller::kymux_controller::server - Kynet accept failed: connection error: Endpoint closed
2026-09-15T23:52:27.654 WARN kycontroller::kymux_controller::server - Kynet accept failed: connection error: Endpoint closed
2026-09-15T23:52:27.654 WARN kycontroller::kymux_controller::server - Kynet accept failed: connection error: Endpoint closed
2026-09-15T23:52:27.654 WARN kycontroller::kymux_controller::server - Kynet accept failed: connection error: Endpoint closed
2026-09-15T23:52:27.654 WARN kycontroller::kymux_controller::server - Kynet accept failed: connection error: Endpoint closed
2026-09-15T23:52:27.654 WARN kycontroller::kymux_controller::server - Kynet accept failed: connection error: Endpoint closed
2026-09-15T23:52:27.654 WARN kycontroller::kymux_controller::server - Kynet accept failed: connection error: Endpoint closed
2026-09-15T23:52:27.654 WARN kycontroller::kymux_controller::server - Kynet accept failed: connection error: Endpoint closed
2026-09-15T23:52:27.654 WARN kycontroller::kymux_controller::server - Kynet accept failed: connection error: Endpoint closed
2026-09-15T23:52:27.654 WARN kycontroller::kymux_controller::server - Kynet accept failed: connection error: Endpoint closed
2026-09-15T23:52:27.654 WARN kycontroller::kymux_controller::server - Kynet accept failed: connection error: Endpoint closed
2026-09-15T23:52:27.654 WARN kycontroller::kymux_controller::server - Kynet accept failed: connection error: Endpoint closed
2026-09-15T23:52:27.654 WARN kycontroller::kymux_controller::server - Kynet accept failed: connection error: Endpoint closed
2026-09-15T23:52:27.654 WARN kycontroller::kymux_controller::server - Kynet accept failed: connection error: Endpoint closed
2026-09-15T23:52:27.654 WARN kycontroller::kymux_controller::server - Kynet accept failed: connection error: Endpoint closed
2026-09-15T23:52:27.654 WARN kycontroller::kymux_controller::server - Kynet accept failed: connection error: Endpoint closed
2026-09-15T23:52:27.654 WARN kycontroller::kymux_controller::server - Kynet accept failed: connection error: Endpoint closed
2026-09-15T23:52:27.655 WARN kycontroller::kymux_controller::server - Kynet accept failed: connection error: Endpoint closed
2026-09-15T23:52:27.655 WARN kycontroller::kymux_controller::server - Kynet accept failed: connection error: Endpoint closed
2026-09-15T23:52:27.655 WARN kycontroller::kymux_controller::server - Kynet accept failed: connection error: Endpoint closed
2026-09-15T23:52:27.655 WARN kycontroller::kymux_controller::server - Kynet accept failed: connection error: Endpoint closed
2026-09-15T23:52:27.655 WARN kycontroller::kymux_controller::server - Kynet accept failed: connection error: Endpoint closed
2026-09-15T23:52:27.655 WARN kycontroller::kymux_controller::server - Kynet accept failed: connection error: Endpoint closed
2026-09-15T23:52:27.655 WARN kycontroller::kymux_controller::server - Kynet accept failed: connection error: Endpoint closed
2026-09-15T23:52:27.655 WARN kycontroller::kymux_controller::server - Kynet accept failed: connection error: Endpoint closed
2026-09-15T23:52:27.655 WARN kycontroller::kymux_controller::server - Kynet accept failed: connection error: Endpoint closed
2026-09-15T23:52:27.655 WARN kycontroller::kymux_controller::server - Kynet accept failed: connection error: Endpoint closed
2026-09-15T23:52:27.655 WARN kycontroller::kymux_controller::server - Kynet accept failed: connection error: Endpoint closed
2026-09-15T23:52:27.655 WARN kycontroller::kymux_controller::server - Kynet accept failed: connection error: Endpoint closed
2026-09-15T23:52:27.655 WARN kycontroller::kymux_controller::server - Kynet accept failed: connection error: Endpoint closed
2026-09-15T23:52:27.655 WARN kycontroller::kymux_controller::server - Kynet accept failed: connection error: Endpoint closed
2026-09-15T23:52:27.655 WARN kycontroller::kymux_controller::server - Kynet accept failed: connection error: Endpoint closed
2026-09-15T23:52:27.655 WARN kycontroller::kymux_controller::server - Kynet accept failed: connection error: Endpoint closed
2026-09-15T23:52:27.655 WARN kycontroller::kymux_controller::server - Kynet accept failed: connection error: Endpoint closed
2026-09-15T23:52:27.655 WARN kycontroller::kymux_controller::server - Kynet accept failed: connection error: Endpoint closed
2026-09-15T23:52:27.655 WARN kycontroller::kymux_controller::server - Kynet accept failed: connection error: Endpoint closed
2026-09-15T23:52:27.655 WARN kycontroller::kymux_controller::server - Kynet accept failed: connection error: Endpoint closed
2026-09-15T23:52:27.655 WARN kycontroller::kymux_controller::server - Kynet accept failed: connection error: Endpoint closed
2026-09-15T23:52:27.655 WARN kycontroller::kymux_controller::server - Kynet accept failed: connection error: Endpoint closed
2026-09-15T23:52:27.655 WARN kycontroller::kymux_controller::server - Kynet accept failed: connection error: Endpoint closed
2026-09-15T23:52:27.655 WARN kycontroller::kymux_controller::server - Kynet accept failed: connection error: Endpoint closed
2026-09-15T23:52:27.655 WARN kycontroller::kymux_controller::server - Kynet accept failed: connection error: Endpoint closed
2026-09-15T23:52:27.655 WARN kycontroller::kymux_controller::server - Kynet accept failed: connection error: Endpoint closed
2026-09-15T23:52:27.655 WARN kycontroller::kymux_controller::server - Kynet accept failed: connection error: Endpoint closed
2026-09-15T23:52:27.655 WARN kycontroller::kymux_controller::server - Kynet accept failed: connection error: Endpoint closed
2026-09-15T23:52:27.655 WARN kycontroller::kymux_controller::server - Kynet accept failed: connection error: Endpoint closed
2026-09-15T23:52:27.655 WARN kycontroller::kymux_controller::server - Kynet accept failed: connection error: Endpoint closed
2026-09-15T23:52:27.655 WARN kycontroller::kymux_controller::server - Kynet accept failed: connection error: Endpoint closed
2026-09-15T23:52:27.655 WARN kycontroller::kymux_controller::server - Kynet accept failed: connection error: Endpoint closed
2026-09-15T23:52:27.655 WARN kycontroller::kymux_controller::server - Kynet accept failed: connection error: Endpoint closed
2026-09-15T23:52:27.655 WARN kycontroller::kymux_controller::server - Kynet accept failed: connection error: Endpoint closed
2026-09-15T23:52:27.655 WARN kycontroller::kymux_controller::server - Kynet accept failed: connection error: Endpoint closed
2026-09-15T23:52:27.655 WARN kycontroller::kymux_controller::server - Kynet accept failed: connection error: Endpoint closed
2026-09-15T23:52:27.655 WARN kycontroller::kymux_controller::server - Kynet accept failed: connection error: Endpoint closed
2026-09-15T23:52:27.655 WARN kycontroller::kymux_controller::server - Kynet accept failed: connection error: Endpoint closed
2026-09-15T23:52:27.655 WARN kycontroller::kymux_controller::server - Kynet accept failed: connection error: Endpoint closed
2026-09-15T23:52:27.655 WARN kycontroller::kymux_controller::server - Kynet accept failed: connection error: Endpoint closed
2026-09-15T23:52:27.655 WARN kycontroller::kymux_controller::server - Kynet accept failed: connection error: Endpoint closed
2026-09-15T23:52:27.655 WARN kycontroller::kymux_controller::server - Kynet accept failed: connection error: Endpoint closed
2026-09-15T23:52:27.655 WARN kycontroller::kymux_controller::server - Kynet accept failed: connection error: Endpoint closed
2026-09-15T23:52:27.655 WARN kycontroller::kymux_controller::server - Kynet accept failed: connection error: Endpoint closed
2026-09-15T23:52:27.655 WARN kycontroller::kymux_controller::server - Kynet accept failed: connection error: Endpoint closed
2026-09-15T23:52:27.655 WARN kycontroller::kymux_controller::server - Kynet accept failed: connection error: Endpoint closed
2026-09-15T23:52:27.655 WARN kycontroller::kymux_controller::server - Kynet accept failed: connection error: Endpoint closed
2026-09-15T23:52:27.655 WARN kycontroller::kymux_controller::server - Kynet accept failed: connection error: Endpoint closed
2026-09-15T23:52:27.655 WARN kycontroller::kymux_controller::server - Kynet accept failed: connection error: Endpoint closed
2026-09-15T23:52:27.655 WARN kycontroller::kymux_controller::server - Kynet accept failed: connection error: Endpoint closed
2026-09-15T23:52:27.655 WARN kycontroller::kymux_controller::server - Kynet accept failed: connection error: Endpoint closed
2026-09-15T23:52:27.655 WARN kycontroller::kymux_controller::server - Kynet accept failed: connection error: Endpoint closed
2026-09-15T23:52:27.655 WARN kycontroller::kymux_controller::server - Kynet accept failed: connection error: Endpoint closed
2026-09-15T23:52:27.655 WARN kycontroller::kymux_controller::server - Kynet accept failed: connection error: Endpoint closed
2026-09-15T23:52:27.655 WARN kycontroller::kymux_controller::server - Kynet accept failed: connection error: Endpoint closed
2026-09-15T23:52:27.655 WARN kycontroller::kymux_controller::server - Kynet accept failed: connection error: Endpoint closed
2026-09-15T23:52:27.655 WARN kycontroller::kymux_controller::server - Kynet accept failed: connection error: Endpoint closed
2026-09-15T23:52:27.655 WARN kycontroller::kymux_controller::server - Kynet accept failed: connection error: Endpoint closed
2026-09-15T23:52:27.655 WARN kycontroller::kymux_controller::server - Kynet accept failed: connection error: Endpoint closed
2026-09-15T23:52:27.655 WARN kycontroller::kymux_controller::server - Kynet accept failed: connection error: Endpoint closed
2026-09-15T23:52:27.655 WARN kycontroller::kymux_controller::server - Kynet accept failed: connection error: Endpoint closed
2026-09-15T23:52:27.655 WARN kycontroller::kymux_controller::server - Kynet accept failed: connection error: Endpoint closed
2026-09-15T23:52:27.655 WARN kycontroller::kymux_controller::server - Kynet accept failed: connection error: Endpoint closed
2026-09-15T23:52:27.655 WARN kycontroller::kymux_controller::server - Kynet accept failed: connection error: Endpoint closed
2026-09-15T23:52:27.655 WARN kycontroller::kymux_controller::server - Kynet accept failed: connection error: Endpoint closed
2026-09-15T23:52:27.655 WARN kycontroller::kymux_controller::server - Kynet accept failed: connection error: Endpoint closed
2026-09-15T23:52:27.655 WARN kycontroller::kymux_controller::server - Kynet accept failed: connection error: Endpoint closed
2026-09-15T23:52:27.655 WARN kycontroller::kymux_controller::server - Kynet accept failed: connection error: Endpoint closed
2026-09-15T23:52:27.655 WARN kycontroller::kymux_controller::server - Kynet accept failed: connection error: Endpoint closed
2026-09-15T23:52:27.655 WARN kycontroller::kymux_controller::server - Kynet accept failed: connection error: Endpoint closed
2026-09-15T23:52:27.655 WARN kycontroller::kymux_controller::server - Kynet accept failed: connection error: Endpoint closed
2026-09-15T23:52:27.655 WARN kycontroller::kymux_controller::server - Kynet accept failed: connection error: Endpoint closed
2026-09-15T23:52:27.655 WARN kycontroller::kymux_controller::server - Kynet accept failed: connection error: Endpoint closed
2026-09-15T23:52:27.655 WARN kycontroller::kymux_controller::server - Kynet accept failed: connection error: Endpoint closed
2026-09-15T23:52:27.655 WARN kycontroller::kymux_controller::server - Kynet accept failed: connection error: Endpoint closed
2026-09-15T23:52:27.655 WARN kycontroller::kymux_controller::server - Kynet accept failed: connection error: Endpoint closed
2026-09-15T23:52:27.655 WARN kycontroller::kymux_controller::server - Kynet accept failed: connection error: Endpoint closed
2026-09-15T23:52:27.655 WARN kycontroller::kymux_controller::server - Kynet accept failed: connection error: Endpoint closed
2026-09-15T23:52:27.655 WARN kycontroller::kymux_controller::server - Kynet accept failed: connection error: Endpoint closed
2026-09-15T23:52:27.655 WARN kycontroller::kymux_controller::server - Kynet accept failed: connection error: Endpoint closed
2026-09-15T23:52:27.655 WARN kycontroller::kymux_controller::server - Kynet accept failed: connection error: Endpoint closed
2026-09-15T23:52:27.655 WARN kycontroller::kymux_controller::server - Kynet accept failed: connection error: Endpoint closed
2026-09-15T23:52:27.655 WARN kycontroller::kymux_controller::server - Kynet accept failed: connection error: Endpoint closed
2026-09-15T23:52:27.655 WARN kycontroller::kymux_controller::server - Kynet accept failed: connection error: Endpoint closed
2026-09-15T23:52:27.655 WARN kycontroller::kymux_controller::server - Kynet accept failed: connection error: Endpoint closed
2026-09-15T23:52:27.655 WARN kycontroller::kymux_controller::server - Kynet accept failed: connection error: Endpoint closed
2026-09-15T23:52:27.655 WARN kycontroller::kymux_controller::server - Kynet accept failed: connection error: Endpoint closed
2026-09-15T23:52:27.655 WARN kycontroller::kymux_controller::server - Kynet accept failed: connection error: Endpoint closed
2026-09-15T23:52:27.655 WARN kycontroller::kymux_controller::server - Kynet accept failed: connection error: Endpoint closed
2026-09-15T23:52:27.655 WARN kycontroller::kymux_controller::server - Kynet accept failed: connection error: Endpoint closed
2026-09-15T23:52:27.655 WARN kycontroller::kymux_controller::server - Kynet accept failed: connection error: Endpoint closed
2026-09-15T23:52:27.655 WARN kycontroller::kymux_controller::server - Kynet accept failed: connection error: Endpoint closed
2026-09-15T23:52:27.655 WARN kycontroller::kymux_controller::server - Kynet accept failed: connection error: Endpoint closed
2026-09-15T23:52:27.655 WARN kycontroller::kymux_controller::server - Kynet accept failed: connection error: Endpoint closed
2026-09-15T23:52:27.655 WARN kycontroller::kymux_controller::server - Kynet accept failed: connection error: Endpoint closed
2026-09-15T23:52:27.655 WARN kycontroller::kymux_controller::server - Kynet accept failed: connection error: Endpoint closed
2026-09-15T23:52:27.655 WARN kycontroller::kymux_controller::server - Kynet accept failed: connection error: Endpoint closed
2026-09-15T23:52:27.655 WARN kycontroller::kymux_controller::server - Kynet accept failed: connection error: Endpoint closed
2026-09-15T23:52:27.655 WARN kycontroller::kymux_controller::server - Kynet accept failed: connection error: Endpoint closed
2026-09-15T23:52:27.655 WARN kycontroller::kymux_controller::server - Kynet accept failed: connection error: Endpoint closed
2026-09-15T23:52:27.655 WARN kycontroller::kymux_controller::server - Kynet accept failed: connection error: Endpoint closed
2026-09-15T23:52:27.655 WARN kycontroller::kymux_controller::server - Kynet accept failed: connection error: Endpoint closed
2026-09-15T23:52:27.655 WARN kycontroller::kymux_controller::server - Kynet accept failed: connection error: Endpoint closed
2026-09-15T23:52:27.655 WARN kycontroller::kymux_controller::server - Kynet accept failed: connection error: Endpoint closed
2026-09-15T23:52:27.655 WARN kycontroller::kymux_controller::server - Kynet accept failed: connection error: Endpoint closed
2026-09-15T23:52:27.655 WARN kycontroller::kymux_controller::server - Kynet accept failed: connection error: Endpoint closed
2026-09-15T23:52:27.656 WARN kycontroller::kymux_controller::server - Kynet accept failed: connection error: Endpoint closed
2026-09-15T23:52:27.656 WARN kycontroller::kymux_controller::server - Kynet accept failed: connection error: Endpoint closed
2026-09-15T23:52:27.656 WARN kycontroller::kymux_controller::server - Kynet accept failed: connection error: Endpoint closed
2026-09-15T23:52:27.656 WARN kycontroller::kymux_controller::server - Kynet accept failed: connection error: Endpoint closed
2026-09-15T23:52:27.656 WARN kycontroller::kymux_controller::server - Kynet accept failed: connection error: Endpoint closed
2026-09-15T23:52:27.656 WARN kycontroller::kymux_controller::server - Kynet accept failed: connection error: Endpoint closed
2026-09-15T23:52:27.656 WARN kycontroller::kymux_controller::server - Kynet accept failed: connection error: Endpoint closed
2026-09-15T23:52:27.656 WARN kycontroller::kymux_controller::server - Kynet accept failed: connection error: Endpoint closed
2026-09-15T23:52:27.656 WARN kycontroller::kymux_controller::server - Kynet accept failed: connection error: Endpoint closed
2026-09-15T23:52:27.656 WARN kycontroller::kymux_controller::server - Kynet accept failed: connection error: Endpoint closed
2026-09-15T23:52:27.656 WARN kycontroller::kymux_controller::server - Kynet accept failed: connection error: Endpoint closed
2026-09-15T23:52:27.656 WARN kycontroller::kymux_controller::server - Kynet accept failed: connection error: Endpoint closed
2026-09-15T23:52:27.656 WARN kycontroller::kymux_controller::server - Kynet accept failed: connection error: Endpoint closed
2026-09-15T23:52:27.656 WARN kycontroller::kymux_controller::server - Kynet accept failed: connection error: Endpoint closed
2026-09-15T23:52:27.656 WARN kycontroller::kymux_controller::server - Kynet accept failed: connection error: Endpoint closed
2026-09-15T23:52:27.656 WARN kycontroller::kymux_controller::server - Kynet accept failed: connection error: Endpoint closed
2026-09-15T23:52:27.656 WARN kycontroller::kymux_controller::server - Kynet accept failed: connection error: Endpoint closed
2026-09-15T23:52:27.656 WARN kycontroller::kymux_controller::server - Kynet accept failed: connection error: Endpoint closed
2026-09-15T23:52:27.656 WARN kycontroller::kymux_controller::server - Kynet accept failed: connection error: Endpoint closed
2026-09-15T23:52:27.656 WARN kycontroller::kymux_controller::server - Kynet accept failed: connection error: Endpoint closed
2026-09-15T23:52:27.656 WARN kycontroller::kymux_controller::server - Kynet accept failed: connection error: Endpoint closed
2026-09-15T23:52:27.656 WARN kycontroller::kymux_controller::server - Kynet accept failed: connection error: Endpoint closed
2026-09-15T23:52:27.656 WARN kycontroller::kymux_controller::server - Kynet accept failed: connection error: Endpoint closed
2026-09-15T23:52:27.656 WARN kycontroller::kymux_controller::server - Kynet accept failed: connection error: Endpoint closed
2026-09-15T23:52:27.656 WARN kycontroller::kymux_controller::server - Kynet accept failed: connection error: Endpoint closed
2026-09-15T23:52:27.656 WARN kycontroller::kymux_controller::server - Kynet accept failed: connection error: Endpoint closed
2026-09-15T23:52:27.656 WARN kycontroller::kymux_controller::server - Kynet accept failed: connection error: Endpoint closed
2026-09-15T23:52:27.656 WARN kycontroller::kymux_controller::server - Kynet accept failed: connection error: Endpoint closed
2026-09-15T23:52:27.656 WARN kycontroller::kymux_controller::server - Kynet accept failed: connection error: Endpoint closed
2026-09-15T23:52:27.656 WARN kycontroller::kymux_controller::server - Kynet accept failed: connection error: Endpoint closed
2026-09-15T23:52:27.656 WARN kycontroller::kymux_controller::server - Kynet accept failed: connection error: Endpoint closed
2026-09-15T23:52:27.656 WARN kycontroller::kymux_controller::server - Kynet accept failed: connection error: Endpoint closed
2026-09-15T23:52:27.656 WARN kycontroller::kymux_controller::server - Kynet accept failed: connection error: Endpoint closed
2026-09-15T23:52:27.656 WARN kycontroller::kymux_controller::server - Kynet accept failed: connection error: Endpoint closed
2026-09-15T23:52:27.656 WARN kycontroller::kymux_controller::server - Kynet accept failed: connection error: Endpoint closed
2026-09-15T23:52:27.656 WARN kycontroller::kymux_controller::server - Kynet accept failed: connection error: Endpoint closed
2026-09-15T23:52:27.656 WARN kycontroller::kymux_controller::server - Kynet accept failed: connection error: Endpoint closed
2026-09-15T23:52:27.656 WARN kycontroller::kymux_controller::server - Kynet accept failed: connection error: Endpoint closed
2026-09-15T23:52:27.656 WARN kycontroller::kymux_controller::server - Kynet accept failed: connection error: Endpoint closed
2026-09-15T23:52:27.656 WARN kycontroller::kymux_controller::server - Kynet accept failed: connection error: Endpoint closed
2026-09-15T23:52:27.656 WARN kycontroller::kymux_controller::server - Kynet accept failed: connection error: Endpoint closed
2026-09-15T23:52:27.656 WARN kycontroller::kymux_controller::server - Kynet accept failed: connection error: Endpoint closed
2026-09-15T23:52:27.656 WARN kycontroller::kymux_controller::server - Kynet accept failed: connection error: Endpoint closed
2026-09-15T23:52:27.656 WARN kycontroller::kymux_controller::server - Kynet accept failed: connection error: Endpoint closed
2026-09-15T23:52:27.656 WARN kycontroller::kymux_controller::server - Kynet accept failed: connection error: Endpoint closed
2026-09-15T23:52:27.656 WARN kycontroller::kymux_controller::server - Kynet accept failed: connection error: Endpoint closed
2026-09-15T23:52:27.656 WARN kycontroller::kymux_controller::server - Kynet accept failed: connection error: Endpoint closed
2026-09-15T23:52:27.656 WARN kycontroller::kymux_controller::server - Kynet accept failed: connection error: Endpoint closed
2026-09-15T23:52:27.656 WARN kycontroller::kymux_controller::server - Kynet accept failed: connection error: Endpoint closed
2026-09-15T23:52:27.656 WARN kycontroller::kymux_controller::server - Kynet accept failed: connection error: Endpoint closed
2026-09-15T23:52:27.656 WARN kycontroller::kymux_controller::server - Kynet accept failed: connection error: Endpoint closed
2026-09-15T23:52:27.656 WARN kycontroller::kymux_controller::server - Kynet accept failed: connection error: Endpoint closed
2026-09-15T23:52:27.656 WARN kycontroller::kymux_controller::server - Kynet accept failed: connection error: Endpoint closed
2026-09-15T23:52:27.656 WARN kycontroller::kymux_controller::server - Kynet accept failed: connection error: Endpoint closed
2026-09-15T23:52:27.656 WARN kycontroller::kymux_controller::server - Kynet accept failed: connection error: Endpoint closed
2026-09-15T23:52:27.656 WARN kycontroller::kymux_controller::server - Kynet accept failed: connection error: Endpoint closed
2026-09-15T23:52:27.656 WARN kycontroller::kymux_controller::server - Kynet accept failed: connection error: Endpoint closed
2026-09-15T23:52:27.656 WARN kycontroller::kymux_controller::server - Kynet accept failed: connection error: Endpoint closed
2026-09-15T23:52:27.656 WARN kycontroller::kymux_controller::server - Kynet accept failed: connection error: Endpoint closed
2026-09-15T23:52:27.656 WARN kycontroller::kymux_controller::server - Kynet accept failed: connection error: Endpoint closed
2026-09-15T23:52:27.656 WARN kycontroller::kymux_controller::server - Kynet accept failed: connection error: Endpoint closed
2026-09-15T23:52:27.656 WARN kycontroller::kymux_controller::server - Kynet accept failed: connection error: Endpoint closed
2026-09-15T23:52:27.656 WARN kycontroller::kymux_controller::server - Kynet accept failed: connection error: Endpoint closed
2026-09-15T23:52:27.656 WARN kycontroller::kymux_controller::server - Kynet accept failed: connection error: Endpoint closed
2026-09-15T23:52:27.656 WARN kycontroller::kymux_controller::server - Kynet accept failed: connection error: Endpoint closed
2026-09-15T23:52:27.656 WARN kycontroller::kymux_controller::server - Kynet accept failed: connection error: Endpoint closed
2026-09-15T23:52:27.656 WARN kycontroller::kymux_controller::server - Kynet accept failed: connection error: Endpoint closed
2026-09-15T23:52:27.656 WARN kycontroller::kymux_controller::server - Kynet accept failed: connection error: Endpoint closed
2026-09-15T23:52:27.656 WARN kycontroller::kymux_controller::server - Kynet accept failed: connection error: Endpoint closed
2026-09-15T23:52:27.656 WARN kycontroller::kymux_controller::server - Kynet accept failed: connection error: Endpoint closed
2026-09-15T23:52:27.656 WARN kycontroller::kymux_controller::server - Kynet accept failed: connection error: Endpoint closed
2026-09-15T23:52:27.656 WARN kycontroller::kymux_controller::server - Kynet accept failed: connection error: Endpoint closed
2026-09-15T23:52:27.656 WARN kycontroller::kymux_controller::server - Kynet accept failed: connection error: Endpoint closed
2026-09-15T23:52:27.656 WARN kycontroller::kymux_controller::server - Kynet accept failed: connection error: Endpoint closed
2026-09-15T23:52:27.656 WARN kycontroller::kymux_controller::server - Kynet accept failed: connection error: Endpoint closed
2026-09-15T23:52:27.656 WARN kycontroller::kymux_controller::server - Kynet accept failed: connection error: Endpoint closed
2026-09-15T23:52:27.656 WARN kycontroller::kymux_controller::server - Kynet accept failed: connection error: Endpoint closed
2026-09-15T23:52:27.656 WARN kycontroller::kymux_controller::server - Kynet accept failed: connection error: Endpoint closed
2026-09-15T23:52:27.656 WARN kycontroller::kymux_controller::server - Kynet accept failed: connection error: Endpoint closed
2026-09-15T23:52:27.656 WARN kycontroller::kymux_controller::server - Kynet accept failed: connection error: Endpoint closed
2026-09-15T23:52:27.656 WARN kycontroller::kymux_controller::server - Kynet accept failed: connection error: Endpoint closed
2026-09-15T23:52:27.656 WARN kycontroller::kymux_controller::server - Kynet accept failed: connection error: Endpoint closed
2026-09-15T23:52:27.656 WARN kycontroller::kymux_controller::server - Kynet accept failed: connection error: Endpoint closed
2026-09-15T23:52:27.656 WARN kycontroller::kymux_controller::server - Kynet accept failed: connection error: Endpoint closed
2026-09-15T23:52:27.656 WARN kycontroller::kymux_controller::server - Kynet accept failed: connection error: Endpoint closed
2026-09-15T23:52:27.656 WARN kycontroller::kymux_controller::server - Kynet accept failed: connection error: Endpoint closed
2026-09-15T23:52:27.656 WARN kycontroller::kymux_controller::server - Kynet accept failed: connection error: Endpoint closed
2026-09-15T23:52:27.656 WARN kycontroller::kymux_controller::server - Kynet accept failed: connection error: Endpoint closed
2026-09-15T23:52:27.656 WARN kycontroller::kymux_controller::server - Kynet accept failed: connection error: Endpoint closed
2026-09-15T23:52:27.656 WARN kycontroller::kymux_controller::server - Kynet accept failed: connection error: Endpoint closed
2026-09-15T23:52:27.656 WARN kycontroller::kymux_controller::server - Kynet accept failed: connection error: Endpoint closed
2026-09-15T23:52:27.656 WARN kycontroller::kymux_controller::server - Kynet accept failed: connection error: Endpoint closed
2026-09-15T23:52:27.656 WARN kycontroller::kymux_controller::server - Kynet accept failed: connection error: Endpoint closed
2026-09-15T23:52:27.656 WARN kycontroller::kymux_controller::server - Kynet accept failed: connection error: Endpoint closed
2026-09-15T23:52:27.656 WARN kycontroller::kymux_controller::server - Kynet accept failed: connection error: Endpoint closed
2026-09-15T23:52:27.656 WARN kycontroller::kymux_controller::server - Kynet accept failed: connection error: Endpoint closed
2026-09-15T23:52:27.656 WARN kycontroller::kymux_controller::server - Kynet accept failed: connection error: Endpoint closed
2026-09-15T23:52:27.656 WARN kycontroller::kymux_controller::server - Kynet accept failed: connection error: Endpoint closed
2026-09-15T23:52:27.656 WARN kycontroller::kymux_controller::server - Kynet accept failed: connection error: Endpoint closed
2026-09-15T23:52:27.656 WARN kycontroller::kymux_controller::server - Kynet accept failed: connection error: Endpoint closed
2026-09-15T23:52:27.656 WARN kycontroller::kymux_controller::server - Kynet accept failed: connection error: Endpoint closed
2026-09-15T23:52:27.656 WARN kycontroller::kymux_controller::server - Kynet accept failed: connection error: Endpoint closed
2026-09-15T23:52:27.656 WARN kycontroller::kymux_controller::server - Kynet accept failed: connection error: Endpoint closed
2026-09-15T23:52:27.656 WARN kycontroller::kymux_controller::server - Kynet accept failed: connection error: Endpoint closed
2026-09-15T23:52:27.656 WARN kycontroller::kymux_controller::server - Kynet accept failed: connection error: Endpoint closed
2026-09-15T23:52:27.656 WARN kycontroller::kymux_controller::server - Kynet accept failed: connection error: Endpoint closed
2026-09-15T23:52:27.656 WARN kycontroller::kymux_controller::server - Kynet accept failed: connection error: Endpoint closed
2026-09-15T23:52:27.657 WARN kycontroller::kymux_controller::server - Kynet accept failed: connection error: Endpoint closed
2026-09-15T23:52:27.657 WARN kycontroller::kymux_controller::server - Kynet accept failed: connection error: Endpoint closed
2026-09-15T23:52:27.657 WARN kycontroller::kymux_controller::server - Kynet accept failed: connection error: Endpoint closed
2026-09-15T23:52:27.657 WARN kycontroller::kymux_controller::server - Kynet accept failed: connection error: Endpoint closed
2026-09-15T23:52:27.657 WARN kycontroller::kymux_controller::server - Kynet accept failed: connection error: Endpoint closed
2026-09-15T23:52:27.657 WARN kycontroller::kymux_controller::server - Kynet accept failed: connection error: Endpoint closed
2026-09-15T23:52:27.657 WARN kycontroller::kymux_controller::server - Kynet accept failed: connection error: Endpoint closed
2026-09-15T23:52:27.657 WARN kycontroller::kymux_controller::server - Kynet accept failed: connection error: Endpoint closed
2026-09-15T23:52:27.657 WARN kycontroller::kymux_controller::server - Kynet accept failed: connection error: Endpoint closed
2026-09-15T23:52:27.657 WARN kycontroller::kymux_controller::server - Kynet accept failed: connection error: Endpoint closed
2026-09-15T23:52:27.657 WARN kycontroller::kymux_controller::server - Kynet accept failed: connection error: Endpoint closed
2026-09-15T23:52:27.657 WARN kycontroller::kymux_controller::server - Kynet accept failed: connection error: Endpoint closed
2026-09-15T23:52:27.657 WARN kycontroller::kymux_controller::server - Kynet accept failed: connection error: Endpoint closed
2026-09-15T23:52:27.657 WARN kycontroller::kymux_controller::server - Kynet accept failed: connection error: Endpoint closed
2026-09-15T23:52:27.657 WARN kycontroller::kymux_controller::server - Kynet accept failed: connection error: Endpoint closed
2026-09-15T23:52:27.657 WARN kycontroller::kymux_controller::server - Kynet accept failed: connection error: Endpoint closed
2026-09-15T23:52:27.657 WARN kycontroller::kymux_controller::server - Kynet accept failed: connection error: Endpoint closed
2026-09-15T23:52:27.657 WARN kycontroller::kymux_controller::server - Kynet accept failed: connection error: Endpoint closed
2026-09-15T23:52:27.657 WARN kycontroller::kymux_controller::server - Kynet accept failed: connection error: Endpoint closed
2026-09-15T23:52:27.657 WARN kycontroller::kymux_controller::server - Kynet accept failed: connection error: Endpoint closed
2026-09-15T23:52:27.657 WARN kycontroller::kymux_controller::server - Kynet accept failed: connection error: Endpoint closed
2026-09-15T23:52:27.657 WARN kycontroller::kymux_controller::server - Kynet accept failed: connection error: Endpoint closed
2026-09-15T23:52:27.657 WARN kycontroller::kymux_controller::server - Kynet accept failed: connection error: Endpoint closed
2026-09-15T23:52:27.657 WARN kycontroller::kymux_controller::server - Kynet accept failed: connection error: Endpoint closed
2026-09-15T23:52:27.657 WARN kycontroller::kymux_controller::server - Kynet accept failed: connection error: Endpoint closed
2026-09-15T23:52:27.657 WARN kycontroller::kymux_controller::server - Kynet accept failed: connection error: Endpoint closed
2026-09-15T23:52:27.657 WARN kycontroller::kymux_controller::server - Kynet accept failed: connection error: Endpoint closed
2026-09-15T23:52:27.657 WARN kycontroller::kymux_controller::server - Kynet accept failed: connection error: Endpoint closed
2026-09-15T23:52:27.657 WARN kycontroller::kymux_controller::server - Kynet accept failed: connection error: Endpoint closed
2026-09-15T23:52:27.657 WARN kycontroller::kymux_controller::server - Kynet accept failed: connection error: Endpoint closed
2026-09-15T23:52:27.657 WARN kycontroller::kymux_controller::server - Kynet accept failed: connection error: Endpoint closed
2026-09-15T23:52:27.657 WARN kycontroller::kymux_controller::server - Kynet accept failed: connection error: Endpoint closed
2026-09-15T23:52:27.657 WARN kycontroller::kymux_controller::server - Kynet accept failed: connection error: Endpoint closed
2026-09-15T23:52:27.657 WARN kycontroller::kymux_controller::server - Kynet accept failed: connection error: Endpoint closed
2026-09-15T23:52:27.657 WARN kycontroller::kymux_controller::server - Kynet accept failed: connection error: Endpoint closed
2026-09-15T23:52:27.657 WARN kycontroller::kymux_controller::server - Kynet accept failed: connection error: Endpoint closed
2026-09-15T23:52:27.657 WARN kycontroller::kymux_controller::server - Kynet accept failed: connection error: Endpoint closed
2026-09-15T23:52:27.657 WARN kycontroller::kymux_controller::server - Kynet accept failed: connection error: Endpoint closed
2026-09-15T23:52:27.657 WARN kycontroller::kymux_controller::server - Kynet accept failed: connection error: Endpoint closed
2026-09-15T23:52:27.657 WARN kycontroller::kymux_controller::server - Kynet accept failed: connection error: Endpoint closed
2026-09-15T23:52:27.657 WARN kycontroller::kymux_controller::server - Kynet accept failed: connection error: Endpoint closed
2026-09-15T23:52:27.657 WARN kycontroller::kymux_controller::server - Kynet accept failed: connection error: Endpoint closed
2026-09-15T23:52:27.657 WARN kycontroller::kymux_controller::server - Kynet accept failed: connection error: Endpoint closed
2026-09-15T23:52:27.657 WARN kycontroller::kymux_controller::server - Kynet accept failed: connection error: Endpoint closed
2026-09-15T23:52:27.657 WARN kycontroller::kymux_controller::server - Kynet accept failed: connection error: Endpoint closed
2026-09-15T23:52:27.657 WARN kycontroller::kymux_controller::server - Kynet accept failed: connection error: Endpoint closed
2026-09-15T23:52:27.657 WARN kycontroller::kymux_controller::server - Kynet accept failed: connection error: Endpoint closed
2026-09-15T23:52:27.657 WARN kycontroller::kymux_controller::server - Kynet accept failed: connection error: Endpoint closed
2026-09-15T23:52:27.657 WARN kycontroller::kymux_controller::server - Kynet accept failed: connection error: Endpoint closed
2026-09-15T23:52:27.657 WARN kycontroller::kymux_controller::server - Kynet accept failed: connection error: Endpoint closed
2026-09-15T23:52:27.657 WARN kycontroller::kymux_controller::server - Kynet accept failed: connection error: Endpoint closed
2026-09-15T23:52:27.657 WARN kycontroller::kymux_controller::server - Kynet accept failed: connection error: Endpoint closed
2026-09-15T23:52:27.657 WARN kycontroller::kymux_controller::server - Kynet accept failed: connection error: Endpoint closed
2026-09-15T23:52:27.657 WARN kycontroller::kymux_controller::server - Kynet accept failed: connection error: Endpoint closed
2026-09-15T23:52:27.657 WARN kycontroller::kymux_controller::server - Kynet accept failed: connection error: Endpoint closed
2026-09-15T23:52:27.657 WARN kycontroller::kymux_controller::server - Kynet accept failed: connection error: Endpoint closed
2026-09-15T23:52:27.657 WARN kycontroller::kymux_controller::server - Kynet accept failed: connection error: Endpoint closed
2026-09-15T23:52:27.657 WARN kycontroller::kymux_controller::server - Kynet accept failed: connection error: Endpoint closed
2026-09-15T23:52:27.657 WARN kycontroller::kymux_controller::server - Kynet accept failed: connection error: Endpoint closed
2026-09-15T23:52:27.657 WARN kycontroller::kymux_controller::server - Kynet accept failed: connection error: Endpoint closed
2026-09-15T23:52:27.657 WARN kycontroller::kymux_controller::server - Kynet accept failed: connection error: Endpoint closed
2026-09-15T23:52:27.657 WARN kycontroller::kymux_controller::server - Kynet accept failed: connection error: Endpoint closed
2026-09-15T23:52:27.657 WARN kycontroller::kymux_controller::server - Kynet accept failed: connection error: Endpoint closed
2026-09-15T23:52:27.657 WARN kycontroller::kymux_controller::server - Kynet accept failed: connection error: Endpoint closed
2026-09-15T23:52:27.657 WARN kycontroller::kymux_controller::server - Kynet accept failed: connection error: Endpoint closed
2026-09-15T23:52:27.657 WARN kycontroller::kymux_controller::server - Kynet accept failed: connection error: Endpoint closed
2026-09-15T23:52:27.657 WARN kycontroller::kymux_controller::server - Kynet accept failed: connection error: Endpoint closed
2026-09-15T23:52:27.657 WARN kycontroller::kymux_controller::server - Kynet accept failed: connection error: Endpoint closed
2026-09-15T23:52:27.657 WARN kycontroller::kymux_controller::server - Kynet accept failed: connection error: Endpoint closed
2026-09-15T23:52:27.657 WARN kycontroller::kymux_controller::server - Kynet accept failed: connection error: Endpoint closed
2026-09-15T23:52:27.657 WARN kycontroller::kymux_controller::server - Kynet accept failed: connection error: Endpoint closed
2026-09-15T23:52:27.657 WARN kycontroller::kymux_controller::server - Kynet accept failed: connection error: Endpoint closed
2026-09-15T23:52:27.657 WARN kycontroller::kymux_controller::server - Kynet accept failed: connection error: Endpoint closed
2026-09-15T23:52:27.657 WARN kycontroller::kymux_controller::server - Kynet accept failed: connection error: Endpoint closed
2026-09-15T23:52:27.657 WARN kycontroller::kymux_controller::server - Kynet accept failed: connection error: Endpoint closed
2026-09-15T23:52:27.657 WARN kycontroller::kymux_controller::server - Kynet accept failed: connection error: Endpoint closed
2026-09-15T23:52:27.657 WARN kycontroller::kymux_controller::server - Kynet accept failed: connection error: Endpoint closed
2026-09-15T23:52:27.657 WARN kycontroller::kymux_controller::server - Kynet accept failed: connection error: Endpoint closed
2026-09-15T23:52:27.657 WARN kycontroller::kymux_controller::server - Kynet accept failed: connection error: Endpoint closed
2026-09-15T23:52:27.657 WARN kycontroller::kymux_controller::server - Kynet accept failed: connection error: Endpoint closed
2026-09-15T23:52:27.657 WARN kycontroller::kymux_controller::server - Kynet accept failed: connection error: Endpoint closed
2026-09-15T23:52:27.657 WARN kycontroller::kymux_controller::server - Kynet accept failed: connection error: Endpoint closed
2026-09-15T23:52:27.657 WARN kycontroller::kymux_controller::server - Kynet accept failed: connection error: Endpoint closed
2026-09-15T23:52:27.657 WARN kycontroller::kymux_controller::server - Kynet accept failed: connection error: Endpoint closed
2026-09-15T23:52:27.657 WARN kycontroller::kymux_controller::server - Kynet accept failed: connection error: Endpoint closed
2026-09-15T23:52:27.657 WARN kycontroller::kymux_controller::server - Kynet accept failed: connection error: Endpoint closed
2026-09-15T23:52:27.657 WARN kycontroller::kymux_controller::server - Kynet accept failed: connection error: Endpoint closed
2026-09-15T23:52:27.657 WARN kycontroller::kymux_controller::server - Kynet accept failed: connection error: Endpoint closed
2026-09-15T23:52:27.657 WARN kycontroller::kymux_controller::server - Kynet accept failed: connection error: Endpoint closed
2026-09-15T23:52:27.657 WARN kycontroller::kymux_controller::server - Kynet accept failed: connection error: Endpoint closed
2026-09-15T23:52:27.657 WARN kycontroller::kymux_controller::server - Kynet accept failed: connection error: Endpoint closed
2026-09-15T23:52:27.657 WARN kycontroller::kymux_controller::server - Kynet accept failed: connection error: Endpoint closed
2026-09-15T23:52:27.657 WARN kycontroller::kymux_controller::server - Kynet accept failed: connection error: Endpoint closed
2026-09-15T23:52:27.657 WARN kycontroller::kymux_controller::server - Kynet accept failed: connection error: Endpoint closed
2026-09-15T23:52:27.657 WARN kycontroller::kymux_controller::server - Kynet accept failed: connection error: Endpoint closed
2026-09-15T23:52:27.657 WARN kycontroller::kymux_controller::server - Kynet accept failed: connection error: Endpoint closed
2026-09-15T23:52:27.657 WARN kycontroller::kymux_controller::server - Kynet accept failed: connection error: Endpoint closed
2026-09-15T23:52:27.657 WARN kycontroller::kymux_controller::server - Kynet accept failed: connection error: Endpoint closed
2026-09-15T23:52:27.657 WARN kycontroller::kymux_controller::server - Kynet accept failed: connection error: Endpoint closed
2026-09-15T23:52:27.657 WARN kycontroller::kymux_controller::server - Kynet accept failed: connection error: Endpoint closed
2026-09-15T23:52:27.657 WARN kycontroller::kymux_controller::server - Kynet accept failed: connection error: Endpoint closed
2026-09-15T23:52:27.657 WARN kycontroller::kymux_controller::server - Kynet accept failed: connection error: Endpoint closed
2026-09-15T23:52:27.657 WARN kycontroller::kymux_controller::server - Kynet accept failed: connection error: Endpoint closed
2026-09-15T23:52:27.657 WARN kycontroller::kymux_controller::server - Kynet accept failed: connection error: Endpoint closed
2026-09-15T23:52:27.657 WARN kycontroller::kymux_controller::server - Kynet accept failed: connection error: Endpoint closed
2026-09-15T23:52:27.658 WARN kycontroller::kymux_controller::server - Kynet accept failed: connection error: Endpoint closed
2026-09-15T23:52:27.658 WARN kycontroller::kymux_controller::server - Kynet accept failed: connection error: Endpoint closed
2026-09-15T23:52:27.658 WARN kycontroller::kymux_controller::server - Kynet accept failed: connection error: Endpoint closed
2026-09-15T23:52:27.658 WARN kycontroller::kymux_controller::server - Kynet accept failed: connection error: Endpoint closed
2026-09-15T23:52:27.658 WARN kycontroller::kymux_controller::server - Kynet accept failed: connection error: Endpoint closed
2026-09-15T23:52:27.658 WARN kycontroller::kymux_controller::server - Kynet accept failed: connection error: Endpoint closed
2026-09-15T23:52:27.658 WARN kycontroller::kymux_controller::server - Kynet accept failed: connection error: Endpoint closed
2026-09-15T23:52:27.658 WARN kycontroller::kymux_controller::server - Kynet accept failed: connection error: Endpoint closed
2026-09-15T23:52:27.658 WARN kycontroller::kymux_controller::server - Kynet accept failed: connection error: Endpoint closed
2026-09-15T23:52:27.658 WARN kycontroller::kymux_controller::server - Kynet accept failed: connection error: Endpoint closed
2026-09-15T23:52:27.658 WARN kycontroller::kymux_controller::server - Kynet accept failed: connection error: Endpoint closed
2026-09-15T23:52:27.658 WARN kycontroller::kymux_controller::server - Kynet accept failed: connection error: Endpoint closed
2026-09-15T23:52:27.658 WARN kycontroller::kymux_controller::server - Kynet accept failed: connection error: Endpoint closed
2026-09-15T23:52:27.658 WARN kycontroller::kymux_controller::server - Kynet accept failed: connection error: Endpoint closed
2026-09-15T23:52:27.658 WARN kycontroller::kymux_controller::server - Kynet accept failed: connection error: Endpoint closed
2026-09-15T23:52:27.658 WARN kycontroller::kymux_controller::server - Kynet accept failed: connection error: Endpoint closed
2026-09-15T23:52:27.658 WARN kycontroller::kymux_controller::server - Kynet accept failed: connection error: Endpoint closed
2026-09-15T23:52:27.658 WARN kycontroller::kymux_controller::server - Kynet accept failed: connection error: Endpoint closed
2026-09-15T23:52:27.658 WARN kycontroller::kymux_controller::server - Kynet accept failed: connection error: Endpoint closed
2026-09-15T23:52:27.658 WARN kycontroller::kymux_controller::server - Kynet accept failed: connection error: Endpoint closed
2026-09-15T23:52:27.658 WARN kycontroller::kymux_controller::server - Kynet accept failed: connection error: Endpoint closed
2026-09-15T23:52:27.658 WARN kycontroller::kymux_controller::server - Kynet accept failed: connection error: Endpoint closed
2026-09-15T23:52:27.658 WARN kycontroller::kymux_controller::server - Kynet accept failed: connection error: Endpoint closed
2026-09-15T23:52:27.658 WARN kycontroller::kymux_controller::server - Kynet accept failed: connection error: Endpoint closed
2026-09-15T23:52:27.658 WARN kycontroller::kymux_controller::server - Kynet accept failed: connection error: Endpoint closed
2026-09-15T23:52:27.658 WARN kycontroller::kymux_controller::server - Kynet accept failed: connection error: Endpoint closed
2026-09-15T23:52:27.658 WARN kycontroller::kymux_controller::server - Kynet accept failed: connection error: Endpoint closed
2026-09-15T23:52:27.658 WARN kycontroller::kymux_controller::server - Kynet accept failed: connection error: Endpoint closed
2026-09-15T23:52:27.658 WARN kycontroller::kymux_controller::server - Kynet accept failed: connection error: Endpoint closed
2026-09-15T23:52:27.658 WARN kycontroller::kymux_controller::server - Kynet accept failed: connection error: Endpoint closed
2026-09-15T23:52:27.658 WARN kycontroller::kymux_controller::server - Kynet accept failed: connection error: Endpoint closed
2026-09-15T23:52:27.658 WARN kycontroller::kymux_controller::server - Kynet accept failed: connection error: Endpoint closed
2026-09-15T23:52:27.658 WARN kycontroller::kymux_controller::server - Kynet accept failed: connection error: Endpoint closed
2026-09-15T23:52:27.658 WARN kycontroller::kymux_controller::server - Kynet accept failed: connection error: Endpoint closed
2026-09-15T23:52:27.658 WARN kycontroller::kymux_controller::server - Kynet accept failed: connection error: Endpoint closed
2026-09-15T23:52:27.658 WARN kycontroller::kymux_controller::server - Kynet accept failed: connection error: Endpoint closed
2026-09-15T23:52:27.658 WARN kycontroller::kymux_controller::server - Kynet accept failed: connection error: Endpoint closed
2026-09-15T23:52:27.658 WARN kycontroller::kymux_controller::server - Kynet accept failed: connection error: Endpoint closed
2026-09-15T23:52:27.658 WARN kycontroller::kymux_controller::server - Kynet accept failed: connection error: Endpoint closed
2026-09-15T23:52:27.658 WARN kycontroller::kymux_controller::server - Kynet accept failed: connection error: Endpoint closed
2026-09-15T23:52:27.658 WARN kycontroller::kymux_controller::server - Kynet accept failed: connection error: Endpoint closed
2026-09-15T23:52:27.658 WARN kycontroller::kymux_controller::server - Kynet accept failed: connection error: Endpoint closed
2026-09-15T23:52:27.658 WARN kycontroller::kymux_controller::server - Kynet accept failed: connection error: Endpoint closed
2026-09-15T23:52:27.658 WARN kycontroller::kymux_controller::server - Kynet accept failed: connection error: Endpoint closed
2026-09-15T23:52:27.658 WARN kycontroller::kymux_controller::server - Kynet accept failed: connection error: Endpoint closed
2026-09-15T23:52:27.658 WARN kycontroller::kymux_controller::server - Kynet accept failed: connection error: Endpoint closed
2026-09-15T23:52:27.658 WARN kycontroller::kymux_controller::server - Kynet accept failed: connection error: Endpoint closed
2026-09-15T23:52:27.658 WARN kycontroller::kymux_controller::server - Kynet accept failed: connection error: Endpoint closed
2026-09-15T23:52:27.658 WARN kycontroller::kymux_controller::server - Kynet accept failed: connection error: Endpoint closed
2026-09-15T23:52:27.658 WARN kycontroller::kymux_controller::server - Kynet accept failed: connection error: Endpoint closed
2026-09-15T23:52:27.658 WARN kycontroller::kymux_controller::server - Kynet accept failed: connection error: Endpoint closed
2026-09-15T23:52:27.658 WARN kycontroller::kymux_controller::server - Kynet accept failed: connection error: Endpoint closed
2026-09-15T23:52:27.658 WARN kycontroller::kymux_controller::server - Kynet accept failed: connection error: Endpoint closed
2026-09-15T23:52:27.658 WARN kycontroller::kymux_controller::server - Kynet accept failed: connection error: Endpoint closed
2026-09-15T23:52:27.658 WARN kycontroller::kymux_controller::server - Kynet accept failed: connection error: Endpoint closed
2026-09-15T23:52:27.658 WARN kycontroller::kymux_controller::server - Kynet accept failed: connection error: Endpoint closed
2026-09-15T23:52:27.658 WARN kycontroller::kymux_controller::server - Kynet accept failed: connection error: Endpoint closed
2026-09-15T23:52:27.658 WARN kycontroller::kymux_controller::server - Kynet accept failed: connection error: Endpoint closed
2026-09-15T23:52:27.658 WARN kycontroller::kymux_controller::server - Kynet accept failed: connection error: Endpoint closed
2026-09-15T23:52:27.658 WARN kycontroller::kymux_controller::server - Kynet accept failed: connection error: Endpoint closed
2026-09-15T23:52:27.658 WARN kycontroller::kymux_controller::server - Kynet accept failed: connection error: Endpoint closed
2026-09-15T23:52:27.658 WARN kycontroller::kymux_controller::server - Kynet accept failed: connection error: Endpoint closed
2026-09-15T23:52:27.658 WARN kycontroller::kymux_controller::server - Kynet accept failed: connection error: Endpoint closed
2026-09-15T23:52:27.658 WARN kycontroller::kymux_controller::server - Kynet accept failed: connection error: Endpoint closed
2026-09-15T23:52:27.658 WARN kycontroller::kymux_controller::server - Kynet accept failed: connection error: Endpoint closed
2026-09-15T23:52:27.658 WARN kycontroller::kymux_controller::server - Kynet accept failed: connection error: Endpoint closed
2026-09-15T23:52:27.658 WARN kycontroller::kymux_controller::server - Kynet accept failed: connection error: Endpoint closed
2026-09-15T23:52:27.658 WARN kycontroller::kymux_controller::server - Kynet accept failed: connection error: Endpoint closed
2026-09-15T23:52:27.658 WARN kycontroller::kymux_controller::server - Kynet accept failed: connection error: Endpoint closed
2026-09-15T23:52:27.658 WARN kycontroller::kymux_controller::server - Kynet accept failed: connection error: Endpoint closed
2026-09-15T23:52:27.658 WARN kycontroller::kymux_controller::server - Kynet accept failed: connection error: Endpoint closed
2026-09-15T23:52:27.658 WARN kycontroller::kymux_controller::server - Kynet accept failed: connection error: Endpoint closed
2026-09-15T23:52:27.658 WARN kycontroller::kymux_controller::server - Kynet accept failed: connection error: Endpoint closed
2026-09-15T23:52:27.658 WARN kycontroller::kymux_controller::server - Kynet accept failed: connection error: Endpoint closed
2026-09-15T23:52:27.658 WARN kycontroller::kymux_controller::server - Kynet accept failed: connection error: Endpoint closed
2026-09-15T23:52:27.658 WARN kycontroller::kymux_controller::server - Kynet accept failed: connection error: Endpoint closed
2026-09-15T23:52:27.658 WARN kycontroller::kymux_controller::server - Kynet accept failed: connection error: Endpoint closed
2026-09-15T23:52:27.658 WARN kycontroller::kymux_controller::server - Kynet accept failed: connection error: Endpoint closed
2026-09-15T23:52:27.658 WARN kycontroller::kymux_controller::server - Kynet accept failed: connection error: Endpoint closed
2026-09-15T23:52:27.658 WARN kycontroller::kymux_controller::server - Kynet accept failed: connection error: Endpoint closed
2026-09-15T23:52:27.658 WARN kycontroller::kymux_controller::server - Kynet accept failed: connection error: Endpoint closed
2026-09-15T23:52:27.658 WARN kycontroller::kymux_controller::server - Kynet accept failed: connection error: Endpoint closed
2026-09-15T23:52:27.658 WARN kycontroller::kymux_controller::server - Kynet accept failed: connection error: Endpoint closed
2026-09-15T23:52:27.658 WARN kycontroller::kymux_controller::server - Kynet accept failed: connection error: Endpoint closed
2026-09-15T23:52:27.658 WARN kycontroller::kymux_controller::server - Kynet accept failed: connection error: Endpoint closed
2026-09-15T23:52:27.658 WARN kycontroller::kymux_controller::server - Kynet accept failed: connection error: Endpoint closed
2026-09-15T23:52:27.658 WARN kycontroller::kymux_controller::server - Kynet accept failed: connection error: Endpoint closed
2026-09-15T23:52:27.658 WARN kycontroller::kymux_controller::server - Kynet accept failed: connection error: Endpoint closed
2026-09-15T23:52:27.658 WARN kycontroller::kymux_controller::server - Kynet accept failed: connection error: Endpoint closed
2026-09-15T23:52:27.658 WARN kycontroller::kymux_controller::server - Kynet accept failed: connection error: Endpoint closed
2026-09-15T23:52:27.658 WARN kycontroller::kymux_controller::server - Kynet accept failed: connection error: Endpoint closed
2026-09-15T23:52:27.658 WARN kycontroller::kymux_controller::server - Kynet accept failed: connection error: Endpoint closed
2026-09-15T23:52:27.658 WARN kycontroller::kymux_controller::server - Kynet accept failed: connection error: Endpoint closed
2026-09-15T23:52:27.658 WARN kycontroller::kymux_controller::server - Kynet accept failed: connection error: Endpoint closed
2026-09-15T23:52:27.658 WARN kycontroller::kymux_controller::server - Kynet accept failed: connection error: Endpoint closed
2026-09-15T23:52:27.658 WARN kycontroller::kymux_controller::server - Kynet accept failed: connection error: Endpoint closed
2026-09-15T23:52:27.658 WARN kycontroller::kymux_controller::server - Kynet accept failed: connection error: Endpoint closed
2026-09-15T23:52:27.658 WARN kycontroller::kymux_controller::server - Kynet accept failed: connection error: Endpoint closed
2026-09-15T23:52:27.658 WARN kycontroller::kymux_controller::server - Kynet accept failed: connection error: Endpoint closed
2026-09-15T23:52:27.658 WARN kycontroller::kymux_controller::server - Kynet accept failed: connection error: Endpoint closed
2026-09-15T23:52:27.658 WARN kycontroller::kymux_controller::server - Kynet accept failed: connection error: Endpoint closed
2026-09-15T23:52:27.658 WARN kycontroller::kymux_controller::server - Kynet accept failed: connection error: Endpoint closed
2026-09-15T23:52:27.658 WARN kycontroller::kymux_controller::server - Kynet accept failed: connection error: Endpoint closed
2026-09-15T23:52:27.658 WARN kycontroller::kymux_controller::server - Kynet accept failed: connection error: Endpoint closed
2026-09-15T23:52:27.658 WARN kycontroller::kymux_controller::server - Kynet accept failed: connection error: Endpoint closed
2026-09-15T23:52:27.658 WARN kycontroller::kymux_controller::server - Kynet accept failed: connection error: Endpoint closed
2026-09-15T23:52:27.658 WARN kycontroller::kymux_controller::server - Kynet accept failed: connection error: Endpoint closed
2026-09-15T23:52:27.658 WARN kycontroller::kymux_controller::server - Kynet accept failed: connection error: Endpoint closed
2026-09-15T23:52:27.659 WARN kycontroller::kymux_controller::server - Kynet accept failed: connection error: Endpoint closed
2026-09-15T23:52:27.659 WARN kycontroller::kymux_controller::server - Kynet accept failed: connection error: Endpoint closed
2026-09-15T23:52:27.659 WARN kycontroller::kymux_controller::server - Kynet accept failed: connection error: Endpoint closed
2026-09-15T23:52:27.659 WARN kycontroller::kymux_controller::server - Kynet accept failed: connection error: Endpoint closed
2026-09-15T23:52:27.659 WARN kycontroller::kymux_controller::server - Kynet accept failed: connection error: Endpoint closed
2026-09-15T23:52:27.659 WARN kycontroller::kymux_controller::server - Kynet accept failed: connection error: Endpoint closed
2026-09-15T23:52:27.659 WARN kycontroller::kymux_controller::server - Kynet accept failed: connection error: Endpoint closed
2026-09-15T23:52:27.659 WARN kycontroller::kymux_controller::server - Kynet accept failed: connection error: Endpoint closed
2026-09-15T23:52:27.659 WARN kycontroller::kymux_controller::server - Kynet accept failed: connection error: Endpoint closed
2026-09-15T23:52:27.659 WARN kycontroller::kymux_controller::server - Kynet accept failed: connection error: Endpoint closed
2026-09-15T23:52:27.659 WARN kycontroller::kymux_controller::server - Kynet accept failed: connection error: Endpoint closed
2026-09-15T23:52:27.659 WARN kycontroller::kymux_controller::server - Kynet accept failed: connection error: Endpoint closed
2026-09-15T23:52:27.659 WARN kycontroller::kymux_controller::server - Kynet accept failed: connection error: Endpoint closed
2026-09-15T23:52:27.659 WARN kycontroller::kymux_controller::server - Kynet accept failed: connection error: Endpoint closed
2026-09-15T23:52:27.659 WARN kycontroller::kymux_controller::server - Kynet accept failed: connection error: Endpoint closed
2026-09-15T23:52:27.659 WARN kycontroller::kymux_controller::server - Kynet accept failed: connection error: Endpoint closed
2026-09-15T23:52:27.659 WARN kycontroller::kymux_controller::server - Kynet accept failed: connection error: Endpoint closed
2026-09-15T23:52:27.659 WARN kycontroller::kymux_controller::server - Kynet accept failed: connection error: Endpoint closed
2026-09-15T23:52:27.659 WARN kycontroller::kymux_controller::server - Kynet accept failed: connection error: Endpoint closed
2026-09-15T23:52:27.659 WARN kycontroller::kymux_controller::server - Kynet accept failed: connection error: Endpoint closed
2026-09-15T23:52:27.659 WARN kycontroller::kymux_controller::server - Kynet accept failed: connection error: Endpoint closed
2026-09-15T23:52:27.659 WARN kycontroller::kymux_controller::server - Kynet accept failed: connection error: Endpoint closed
2026-09-15T23:52:27.659 WARN kycontroller::kymux_controller::server - Kynet accept failed: connection error: Endpoint closed
2026-09-15T23:52:27.659 WARN kycontroller::kymux_controller::server - Kynet accept failed: connection error: Endpoint closed
2026-09-15T23:52:27.659 WARN kycontroller::kymux_controller::server - Kynet accept failed: connection error: Endpoint closed
2026-09-15T23:52:27.659 WARN kycontroller::kymux_controller::server - Kynet accept failed: connection error: Endpoint closed
2026-09-15T23:52:27.659 WARN kycontroller::kymux_controller::server - Kynet accept failed: connection error: Endpoint closed
2026-09-15T23:52:27.659 WARN kycontroller::kymux_controller::server - Kynet accept failed: connection error: Endpoint closed
2026-09-15T23:52:27.659 WARN kycontroller::kymux_controller::server - Kynet accept failed: connection error: Endpoint closed
2026-09-15T23:52:27.659 WARN kycontroller::kymux_controller::server - Kynet accept failed: connection error: Endpoint closed
2026-09-15T23:52:27.659 WARN kycontroller::kymux_controller::server - Kynet accept failed: connection error: Endpoint closed
2026-09-15T23:52:27.659 WARN kycontroller::kymux_controller::server - Kynet accept failed: connection error: Endpoint closed
2026-09-15T23:52:27.659 WARN kycontroller::kymux_controller::server - Kynet accept failed: connection error: Endpoint closed
2026-09-15T23:52:27.659 WARN kycontroller::kymux_controller::server - Kynet accept failed: connection error: Endpoint closed
2026-09-15T23:52:27.659 WARN kycontroller::kymux_controller::server - Kynet accept failed: connection error: Endpoint closed
2026-09-15T23:52:27.659 WARN kycontroller::kymux_controller::server - Kynet accept failed: connection error: Endpoint closed
2026-09-15T23:52:27.659 WARN kycontroller::kymux_controller::server - Kynet accept failed: connection error: Endpoint closed
2026-09-15T23:52:27.659 WARN kycontroller::kymux_controller::server - Kynet accept failed: connection error: Endpoint closed
2026-09-15T23:52:27.659 WARN kycontroller::kymux_controller::server - Kynet accept failed: connection error: Endpoint closed
2026-09-15T23:52:27.659 WARN kycontroller::kymux_controller::server - Kynet accept failed: connection error: Endpoint closed
2026-09-15T23:52:27.659 WARN kycontroller::kymux_controller::server - Kynet accept failed: connection error: Endpoint closed
2026-09-15T23:52:27.659 WARN kycontroller::kymux_controller::server - Kynet accept failed: connection error: Endpoint closed
2026-09-15T23:52:27.659 WARN kycontroller::kymux_controller::server - Kynet accept failed: connection error: Endpoint closed
2026-09-15T23:52:27.659 WARN kycontroller::kymux_controller::server - Kynet accept failed: connection error: Endpoint closed
2026-09-15T23:52:27.659 WARN kycontroller::kymux_controller::server - Kynet accept failed: connection error: Endpoint closed
2026-09-15T23:52:27.659 WARN kycontroller::kymux_controller::server - Kynet accept failed: connection error: Endpoint closed
2026-09-15T23:52:27.659 WARN kycontroller::kymux_controller::server - Kynet accept failed: connection error: Endpoint closed
2026-09-15T23:52:27.659 WARN kycontroller::kymux_controller::server - Kynet accept failed: connection error: Endpoint closed
2026-09-15T23:52:27.659 WARN kycontroller::kymux_controller::server - Kynet accept failed: connection error: Endpoint closed
2026-09-15T23:52:27.659 WARN kycontroller::kymux_controller::server - Kynet accept failed: connection error: Endpoint closed
2026-09-15T23:52:27.659 WARN kycontroller::kymux_controller::server - Kynet accept failed: connection error: Endpoint closed
2026-09-15T23:52:27.659 WARN kycontroller::kymux_controller::server - Kynet accept failed: connection error: Endpoint closed
2026-09-15T23:52:27.659 WARN kycontroller::kymux_controller::server - Kynet accept failed: connection error: Endpoint closed
2026-09-15T23:52:27.659 WARN kycontroller::kymux_controller::server - Kynet accept failed: connection error: Endpoint closed
2026-09-15T23:52:27.659 WARN kycontroller::kymux_controller::server - Kynet accept failed: connection error: Endpoint closed
2026-09-15T23:52:27.659 WARN kycontroller::kymux_controller::server - Kynet accept failed: connection error: Endpoint closed
2026-09-15T23:52:27.659 WARN kycontroller::kymux_controller::server - Kynet accept failed: connection error: Endpoint closed
2026-09-15T23:52:27.659 WARN kycontroller::kymux_controller::server - Kynet accept failed: connection error: Endpoint closed
2026-09-15T23:52:27.659 WARN kycontroller::kymux_controller::server - Kynet accept failed: connection error: Endpoint closed
2026-09-15T23:52:27.659 WARN kycontroller::kymux_controller::server - Kynet accept failed: connection error: Endpoint closed
2026-09-15T23:52:27.659 WARN kycontroller::kymux_controller::server - Kynet accept failed: connection error: Endpoint closed
2026-09-15T23:52:27.659 WARN kycontroller::kymux_controller::server - Kynet accept failed: connection error: Endpoint closed
2026-09-15T23:52:27.659 WARN kycontroller::kymux_controller::server - Kynet accept failed: connection error: Endpoint closed
2026-09-15T23:52:27.659 WARN kycontroller::kymux_controller::server - Kynet accept failed: connection error: Endpoint closed
2026-09-15T23:52:27.659 WARN kycontroller::kymux_controller::server - Kynet accept failed: connection error: Endpoint closed
2026-09-15T23:52:27.659 WARN kycontroller::kymux_controller::server - Kynet accept failed: connection error: Endpoint closed
2026-09-15T23:52:27.659 WARN kycontroller::kymux_controller::server - Kynet accept failed: connection error: Endpoint closed
2026-09-15T23:52:27.659 WARN kycontroller::kymux_controller::server - Kynet accept failed: connection error: Endpoint closed
2026-09-15T23:52:27.659 WARN kycontroller::kymux_controller::server - Kynet accept failed: connection error: Endpoint closed
2026-09-15T23:52:27.659 WARN kycontroller::kymux_controller::server - Kynet accept failed: connection error: Endpoint closed
2026-09-15T23:52:27.659 WARN kycontroller::kymux_controller::server - Kynet accept failed: connection error: Endpoint closed
2026-09-15T23:52:27.659 WARN kycontroller::kymux_controller::server - Kynet accept failed: connection error: Endpoint closed
2026-09-15T23:52:27.659 WARN kycontroller::kymux_controller::server - Kynet accept failed: connection error: Endpoint closed
2026-09-15T23:52:27.659 WARN kycontroller::kymux_controller::server - Kynet accept failed: connection error: Endpoint closed
2026-09-15T23:52:27.659 WARN kycontroller::kymux_controller::server - Kynet accept failed: connection error: Endpoint closed
2026-09-15T23:52:27.659 WARN kycontroller::kymux_controller::server - Kynet accept failed: connection error: Endpoint closed
2026-09-15T23:52:27.659 WARN kycontroller::kymux_controller::server - Kynet accept failed: connection error: Endpoint closed
2026-09-15T23:52:27.659 WARN kycontroller::kymux_controller::server - Kynet accept failed: connection error: Endpoint closed
2026-09-15T23:52:27.659 WARN kycontroller::kymux_controller::server - Kynet accept failed: connection error: Endpoint closed
2026-09-15T23:52:27.659 WARN kycontroller::kymux_controller::server - Kynet accept failed: connection error: Endpoint closed
2026-09-15T23:52:27.659 WARN kycontroller::kymux_controller::server - Kynet accept failed: connection error: Endpoint closed
2026-09-15T23:52:27.659 WARN kycontroller::kymux_controller::server - Kynet accept failed: connection error: Endpoint closed
2026-09-15T23:52:27.659 WARN kycontroller::kymux_controller::server - Kynet accept failed: connection error: Endpoint closed
2026-09-15T23:52:27.659 WARN kycontroller::kymux_controller::server - Kynet accept failed: connection error: Endpoint closed
2026-09-15T23:52:27.659 WARN kycontroller::kymux_controller::server - Kynet accept failed: connection error: Endpoint closed
2026-09-15T23:52:27.659 WARN kycontroller::kymux_controller::server - Kynet accept failed: connection error: Endpoint closed
2026-09-15T23:52:27.659 WARN kycontroller::kymux_controller::server - Kynet accept failed: connection error: Endpoint closed
2026-09-15T23:52:27.659 WARN kycontroller::kymux_controller::server - Kynet accept failed: connection error: Endpoint closed
2026-09-15T23:52:27.659 WARN kycontroller::kymux_controller::server - Kynet accept failed: connection error: Endpoint closed
2026-09-15T23:52:27.659 WARN kycontroller::kymux_controller::server - Kynet accept failed: connection error: Endpoint closed
2026-09-15T23:52:27.659 WARN kycontroller::kymux_controller::server - Kynet accept failed: connection error: Endpoint closed
2026-09-15T23:52:27.659 WARN kycontroller::kymux_controller::server - Kynet accept failed: connection error: Endpoint closed
2026-09-15T23:52:27.659 WARN kycontroller::kymux_controller::server - Kynet accept failed: connection error: Endpoint closed
2026-09-15T23:52:27.659 WARN kycontroller::kymux_controller::server - Kynet accept failed: connection error: Endpoint closed
2026-09-15T23:52:27.659 WARN kycontroller::kymux_controller::server - Kynet accept failed: connection error: Endpoint closed
2026-09-15T23:52:27.659 WARN kycontroller::kymux_controller::server - Kynet accept failed: connection error: Endpoint closed
2026-09-15T23:52:27.659 WARN kycontroller::kymux_controller::server - Kynet accept failed: connection error: Endpoint closed
2026-09-15T23:52:27.659 WARN kycontroller::kymux_controller::server - Kynet accept failed: connection error: Endpoint closed
2026-09-15T23:52:27.659 WARN kycontroller::kymux_controller::server - Kynet accept failed: connection error: Endpoint closed
2026-09-15T23:52:27.659 WARN kycontroller::kymux_controller::server - Kynet accept failed: connection error: Endpoint closed
2026-09-15T23:52:27.659 WARN kycontroller::kymux_controller::server - Kynet accept failed: connection error: Endpoint closed
2026-09-15T23:52:27.659 WARN kycontroller::kymux_controller::server - Kynet accept failed: connection error: Endpoint closed
2026-09-15T23:52:27.659 WARN kycontroller::kymux_controller::server - Kynet accept failed: connection error: Endpoint closed
2026-09-15T23:52:27.659 WARN kycontroller::kymux_controller::server - Kynet accept failed: connection error: Endpoint closed
2026-09-15T23:52:27.659 WARN kycontroller::kymux_controller::server - Kynet accept failed: connection error: Endpoint closed
2026-09-15T23:52:27.659 WARN kycontroller::kymux_controller::server - Kynet accept failed: connection error: Endpoint closed
2026-09-15T23:52:27.660 WARN kycontroller::kymux_controller::server - Kynet accept failed: connection error: Endpoint closed
2026-09-15T23:52:27.660 WARN kycontroller::kymux_controller::server - Kynet accept failed: connection error: Endpoint closed
2026-09-15T23:52:27.660 WARN kycontroller::kymux_controller::server - Kynet accept failed: connection error: Endpoint closed
2026-09-15T23:52:27.660 WARN kycontroller::kymux_controller::server - Kynet accept failed: connection error: Endpoint closed
2026-09-15T23:52:27.660 WARN kycontroller::kymux_controller::server - Kynet accept failed: connection error: Endpoint closed
2026-09-15T23:52:27.660 WARN kycontroller::kymux_controller::server - Kynet accept failed: connection error: Endpoint closed
2026-09-15T23:52:27.660 WARN kycontroller::kymux_controller::server - Kynet accept failed: connection error: Endpoint closed
2026-09-15T23:52:27.660 WARN kycontroller::kymux_controller::server - Kynet accept failed: connection error: Endpoint closed
2026-09-15T23:52:27.660 WARN kycontroller::kymux_controller::server - Kynet accept failed: connection error: Endpoint closed
2026-09-15T23:52:27.660 WARN kycontroller::kymux_controller::server - Kynet accept failed: connection error: Endpoint closed
2026-09-15T23:52:27.660 WARN kycontroller::kymux_controller::server - Kynet accept failed: connection error: Endpoint closed
2026-09-15T23:52:27.660 WARN kycontroller::kymux_controller::server - Kynet accept failed: connection error: Endpoint closed
2026-09-15T23:52:27.660 WARN kycontroller::kymux_controller::server - Kynet accept failed: connection error: Endpoint closed
2026-09-15T23:52:27.660 WARN kycontroller::kymux_controller::server - Kynet accept failed: connection error: Endpoint closed
2026-09-15T23:52:27.660 WARN kycontroller::kymux_controller::server - Kynet accept failed: connection error: Endpoint closed
2026-09-15T23:52:27.660 WARN kycontroller::kymux_controller::server - Kynet accept failed: connection error: Endpoint closed
2026-09-15T23:52:27.660 WARN kycontroller::kymux_controller::server - Kynet accept failed: connection error: Endpoint closed
2026-09-15T23:52:27.660 WARN kycontroller::kymux_controller::server - Kynet accept failed: connection error: Endpoint closed
2026-09-15T23:52:27.660 WARN kycontroller::kymux_controller::server - Kynet accept failed: connection error: Endpoint closed
2026-09-15T23:52:27.660 WARN kycontroller::kymux_controller::server - Kynet accept failed: connection error: Endpoint closed
2026-09-15T23:52:27.660 WARN kycontroller::kymux_controller::server - Kynet accept failed: connection error: Endpoint closed
2026-09-15T23:52:27.660 WARN kycontroller::kymux_controller::server - Kynet accept failed: connection error: Endpoint closed
2026-09-15T23:52:27.660 WARN kycontroller::kymux_controller::server - Kynet accept failed: connection error: Endpoint closed
2026-09-15T23:52:27.660 WARN kycontroller::kymux_controller::server - Kynet accept failed: connection error: Endpoint closed
2026-09-15T23:52:27.660 WARN kycontroller::kymux_controller::server - Kynet accept failed: connection error: Endpoint closed
2026-09-15T23:52:27.660 WARN kycontroller::kymux_controller::server - Kynet accept failed: connection error: Endpoint closed
2026-09-15T23:52:27.660 WARN kycontroller::kymux_controller::server - Kynet accept failed: connection error: Endpoint closed
2026-09-15T23:52:27.660 WARN kycontroller::kymux_controller::server - Kynet accept failed: connection error: Endpoint closed
2026-09-15T23:52:27.660 WARN kycontroller::kymux_controller::server - Kynet accept failed: connection error: Endpoint closed
2026-09-15T23:52:27.660 WARN kycontroller::kymux_controller::server - Kynet accept failed: connection error: Endpoint closed
2026-09-15T23:52:27.660 WARN kycontroller::kymux_controller::server - Kynet accept failed: connection error: Endpoint closed
2026-09-15T23:52:27.660 WARN kycontroller::kymux_controller::server - Kynet accept failed: connection error: Endpoint closed
2026-09-15T23:52:27.660 WARN kycontroller::kymux_controller::server - Kynet accept failed: connection error: Endpoint closed
2026-09-15T23:52:27.660 WARN kycontroller::kymux_controller::server - Kynet accept failed: connection error: Endpoint closed
2026-09-15T23:52:27.660 WARN kycontroller::kymux_controller::server - Kynet accept failed: connection error: Endpoint closed
2026-09-15T23:52:27.660 WARN kycontroller::kymux_controller::server - Kynet accept failed: connection error: Endpoint closed
2026-09-15T23:52:27.660 WARN kycontroller::kymux_controller::server - Kynet accept failed: connection error: Endpoint closed
2026-09-15T23:52:27.660 WARN kycontroller::kymux_controller::server - Kynet accept failed: connection error: Endpoint closed
2026-09-15T23:52:27.660 WARN kycontroller::kymux_controller::server - Kynet accept failed: connection error: Endpoint closed
2026-09-15T23:52:27.660 WARN kycontroller::kymux_controller::server - Kynet accept failed: connection error: Endpoint closed
2026-09-15T23:52:27.660 WARN kycontroller::kymux_controller::server - Kynet accept failed: connection error: Endpoint closed
2026-09-15T23:52:27.660 WARN kycontroller::kymux_controller::server - Kynet accept failed: connection error: Endpoint closed
2026-09-15T23:52:27.660 WARN kycontroller::kymux_controller::server - Kynet accept failed: connection error: Endpoint closed
2026-09-15T23:52:27.660 WARN kycontroller::kymux_controller::server - Kynet accept failed: connection error: Endpoint closed
2026-09-15T23:52:27.660 WARN kycontroller::kymux_controller::server - Kynet accept failed: connection error: Endpoint closed
2026-09-15T23:52:27.660 WARN kycontroller::kymux_controller::server - Kynet accept failed: connection error: Endpoint closed
2026-09-15T23:52:27.660 WARN kycontroller::kymux_controller::server - Kynet accept failed: connection error: Endpoint closed
2026-09-15T23:52:27.660 WARN kycontroller::kymux_controller::server - Kynet accept failed: connection error: Endpoint closed
2026-09-15T23:52:27.660 WARN kycontroller::kymux_controller::server - Kynet accept failed: connection error: Endpoint closed
2026-09-15T23:52:27.660 WARN kycontroller::kymux_controller::server - Kynet accept failed: connection error: Endpoint closed
2026-09-15T23:52:27.660 WARN kycontroller::kymux_controller::server - Kynet accept failed: connection error: Endpoint closed
2026-09-15T23:52:27.660 WARN kycontroller::kymux_controller::server - Kynet accept failed: connection error: Endpoint closed
2026-09-15T23:52:27.660 WARN kycontroller::kymux_controller::server - Kynet accept failed: connection error: Endpoint closed
2026-09-15T23:52:27.660 WARN kycontroller::kymux_controller::server - Kynet accept failed: connection error: Endpoint closed
2026-09-15T23:52:27.660 WARN kycontroller::kymux_controller::server - Kynet accept failed: connection error: Endpoint closed
2026-09-15T23:52:27.660 WARN kycontroller::kymux_controller::server - Kynet accept failed: connection error: Endpoint closed
2026-09-15T23:52:27.660 WARN kycontroller::kymux_controller::server - Kynet accept failed: connection error: Endpoint closed
2026-09-15T23:52:27.660 WARN kycontroller::kymux_controller::server - Kynet accept failed: connection error: Endpoint closed
2026-09-15T23:52:27.660 WARN kycontroller::kymux_controller::server - Kynet accept failed: connection error: Endpoint closed
2026-09-15T23:52:27.660 WARN kycontroller::kymux_controller::server - Kynet accept failed: connection error: Endpoint closed
2026-09-15T23:52:27.660 WARN kycontroller::kymux_controller::server - Kynet accept failed: connection error: Endpoint closed
2026-09-15T23:52:27.660 WARN kycontroller::kymux_controller::server - Kynet accept failed: connection error: Endpoint closed
2026-09-15T23:52:27.660 WARN kycontroller::kymux_controller::server - Kynet accept failed: connection error: Endpoint closed
2026-09-15T23:52:27.660 WARN kycontroller::kymux_controller::server - Kynet accept failed: connection error: Endpoint closed
2026-09-15T23:52:27.660 WARN kycontroller::kymux_controller::server - Kynet accept failed: connection error: Endpoint closed
2026-09-15T23:52:27.660 WARN kycontroller::kymux_controller::server - Kynet accept failed: connection error: Endpoint closed
2026-09-15T23:52:27.660 WARN kycontroller::kymux_controller::server - Kynet accept failed: connection error: Endpoint closed
2026-09-15T23:52:27.660 WARN kycontroller::kymux_controller::server - Kynet accept failed: connection error: Endpoint closed
2026-09-15T23:52:27.660 WARN kycontroller::kymux_controller::server - Kynet accept failed: connection error: Endpoint closed
2026-09-15T23:52:27.660 WARN kycontroller::kymux_controller::server - Kynet accept failed: connection error: Endpoint closed
2026-09-15T23:52:27.660 WARN kycontroller::kymux_controller::server - Kynet accept failed: connection error: Endpoint closed
2026-09-15T23:52:27.660 WARN kycontroller::kymux_controller::server - Kynet accept failed: connection error: Endpoint closed
2026-09-15T23:52:27.660 WARN kycontroller::kymux_controller::server - Kynet accept failed: connection error: Endpoint closed
2026-09-15T23:52:27.660 WARN kycontroller::kymux_controller::server - Kynet accept failed: connection error: Endpoint closed
2026-09-15T23:52:27.660 WARN kycontroller::kymux_controller::server - Kynet accept failed: connection error: Endpoint closed
2026-09-15T23:52:27.660 WARN kycontroller::kymux_controller::server - Kynet accept failed: connection error: Endpoint closed
2026-09-15T23:52:27.660 WARN kycontroller::kymux_controller::server - Kynet accept failed: connection error: Endpoint closed
2026-09-15T23:52:27.660 WARN kycontroller::kymux_controller::server - Kynet accept failed: connection error: Endpoint closed
2026-09-15T23:52:27.660 WARN kycontroller::kymux_controller::server - Kynet accept failed: connection error: Endpoint closed
2026-09-15T23:52:27.660 WARN kycontroller::kymux_controller::server - Kynet accept failed: connection error: Endpoint closed
2026-09-15T23:52:27.660 WARN kycontroller::kymux_controller::server - Kynet accept failed: connection error: Endpoint closed
2026-09-15T23:52:27.660 WARN kycontroller::kymux_controller::server - Kynet accept failed: connection error: Endpoint closed
2026-09-15T23:52:27.660 WARN kycontroller::kymux_controller::server - Kynet accept failed: connection error: Endpoint closed
2026-09-15T23:52:27.660 WARN kycontroller::kymux_controller::server - Kynet accept failed: connection error: Endpoint closed
2026-09-15T23:52:27.660 WARN kycontroller::kymux_controller::server - Kynet accept failed: connection error: Endpoint closed
2026-09-15T23:52:27.660 WARN kycontroller::kymux_controller::server - Kynet accept failed: connection error: Endpoint closed
2026-09-15T23:52:27.660 WARN kycontroller::kymux_controller::server - Kynet accept failed: connection error: Endpoint closed
2026-09-15T23:52:27.660 WARN kycontroller::kymux_controller::server - Kynet accept failed: connection error: Endpoint closed
2026-09-15T23:52:27.660 WARN kycontroller::kymux_controller::server - Kynet accept failed: connection error: Endpoint closed
2026-09-15T23:52:27.660 WARN kycontroller::kymux_controller::server - Kynet accept failed: connection error: Endpoint closed
2026-09-15T23:52:27.660 WARN kycontroller::kymux_controller::server - Kynet accept failed: connection error: Endpoint closed
2026-09-15T23:52:27.660 WARN kycontroller::kymux_controller::server - Kynet accept failed: connection error: Endpoint closed
2026-09-15T23:52:27.660 WARN kycontroller::kymux_controller::server - Kynet accept failed: connection error: Endpoint closed
2026-09-15T23:52:27.660 WARN kycontroller::kymux_controller::server - Kynet accept failed: connection error: Endpoint closed
2026-09-15T23:52:27.660 WARN kycontroller::kymux_controller::server - Kynet accept failed: connection error: Endpoint closed
2026-09-15T23:52:27.660 WARN kycontroller::kymux_controller::server - Kynet accept failed: connection error: Endpoint closed
2026-09-15T23:52:27.660 WARN kycontroller::kymux_controller::server - Kynet accept failed: connection error: Endpoint closed
2026-09-15T23:52:27.660 WARN kycontroller::kymux_controller::server - Kynet accept failed: connection error: Endpoint closed
2026-09-15T23:52:27.660 WARN kycontroller::kymux_controller::server - Kynet accept failed: connection error: Endpoint closed
2026-09-15T23:52:27.660 WARN kycontroller::kymux_controller::server - Kynet accept failed: connection error: Endpoint closed
2026-09-15T23:52:27.660 WARN kycontroller::kymux_controller::server - Kynet accept failed: connection error: Endpoint closed
2026-09-15T23:52:27.661 WARN kycontroller::kymux_controller::server - Kynet accept failed: connection error: Endpoint closed
2026-09-15T23:52:27.661 WARN kycontroller::kymux_controller::server - Kynet accept failed: connection error: Endpoint closed
2026-09-15T23:52:27.661 WARN kycontroller::kymux_controller::server - Kynet accept failed: connection error: Endpoint closed
2026-09-15T23:52:27.661 WARN kycontroller::kymux_controller::server - Kynet accept failed: connection error: Endpoint closed
2026-09-15T23:52:27.661 WARN kycontroller::kymux_controller::server - Kynet accept failed: connection error: Endpoint closed
2026-09-15T23:52:27.661 WARN kycontroller::kymux_controller::server - Kynet accept failed: connection error: Endpoint closed
2026-09-15T23:52:27.661 WARN kycontroller::kymux_controller::server - Kynet accept failed: connection error: Endpoint closed
2026-09-15T23:52:27.661 WARN kycontroller::kymux_controller::server - Kynet accept failed: connection error: Endpoint closed
2026-09-15T23:52:27.661 WARN kycontroller::kymux_controller::server - Kynet accept failed: connection error: Endpoint closed
2026-09-15T23:52:27.661 WARN kycontroller::kymux_controller::server - Kynet accept failed: connection error: Endpoint closed
2026-09-15T23:52:27.661 WARN kycontroller::kymux_controller::server - Kynet accept failed: connection error: Endpoint closed
2026-09-15T23:52:27.661 WARN kycontroller::kymux_controller::server - Kynet accept failed: connection error: Endpoint closed
2026-09-15T23:52:27.661 WARN kycontroller::kymux_controller::server - Kynet accept failed: connection error: Endpoint closed
2026-09-15T23:52:27.661 WARN kycontroller::kymux_controller::server - Kynet accept failed: connection error: Endpoint closed
2026-09-15T23:52:27.661 WARN kycontroller::kymux_controller::server - Kynet accept failed: connection error: Endpoint closed
2026-09-15T23:52:27.661 WARN kycontroller::kymux_controller::server - Kynet accept failed: connection error: Endpoint closed
2026-09-15T23:52:27.661 WARN kycontroller::kymux_controller::server - Kynet accept failed: connection error: Endpoint closed
2026-09-15T23:52:27.661 WARN kycontroller::kymux_controller::server - Kynet accept failed: connection error: Endpoint closed
2026-09-15T23:52:27.661 WARN kycontroller::kymux_controller::server - Kynet accept failed: connection error: Endpoint closed
2026-09-15T23:52:27.661 WARN kycontroller::kymux_controller::server - Kynet accept failed: connection error: Endpoint closed
2026-09-15T23:52:27.661 WARN kycontroller::kymux_controller::server - Kynet accept failed: connection error: Endpoint closed
2026-09-15T23:52:27.661 WARN kycontroller::kymux_controller::server - Kynet accept failed: connection error: Endpoint closed
2026-09-15T23:52:27.661 WARN kycontroller::kymux_controller::server - Kynet accept failed: connection error: Endpoint closed
2026-09-15T23:52:27.661 WARN kycontroller::kymux_controller::server - Kynet accept failed: connection error: Endpoint closed
2026-09-15T23:52:27.661 WARN kycontroller::kymux_controller::server - Kynet accept failed: connection error: Endpoint closed
2026-09-15T23:52:27.661 WARN kycontroller::kymux_controller::server - Kynet accept failed: connection error: Endpoint closed
2026-09-15T23:52:27.661 WARN kycontroller::kymux_controller::server - Kynet accept failed: connection error: Endpoint closed
2026-09-15T23:52:27.661 WARN kycontroller::kymux_controller::server - Kynet accept failed: connection error: Endpoint closed
2026-09-15T23:52:27.661 WARN kycontroller::kymux_controller::server - Kynet accept failed: connection error: Endpoint closed
2026-09-15T23:52:27.661 WARN kycontroller::kymux_controller::server - Kynet accept failed: connection error: Endpoint closed
2026-09-15T23:52:27.661 WARN kycontroller::kymux_controller::server - Kynet accept failed: connection error: Endpoint closed
2026-09-15T23:52:27.661 WARN kycontroller::kymux_controller::server - Kynet accept failed: connection error: Endpoint closed
2026-09-15T23:52:27.661 WARN kycontroller::kymux_controller::server - Kynet accept failed: connection error: Endpoint closed
2026-09-15T23:52:27.661 WARN kycontroller::kymux_controller::server - Kynet accept failed: connection error: Endpoint closed
2026-09-15T23:52:27.661 WARN kycontroller::kymux_controller::server - Kynet accept failed: connection error: Endpoint closed
2026-09-15T23:52:27.661 WARN kycontroller::kymux_controller::server - Kynet accept failed: connection error: Endpoint closed
2026-09-15T23:52:27.661 WARN kycontroller::kymux_controller::server - Kynet accept failed: connection error: Endpoint closed
2026-09-15T23:52:27.661 WARN kycontroller::kymux_controller::server - Kynet accept failed: connection error: Endpoint closed
2026-09-15T23:52:27.661 WARN kycontroller::kymux_controller::server - Kynet accept failed: connection error: Endpoint closed
2026-09-15T23:52:27.661 WARN kycontroller::kymux_controller::server - Kynet accept failed: connection error: Endpoint closed
2026-09-15T23:52:27.661 WARN kycontroller::kymux_controller::server - Kynet accept failed: connection error: Endpoint closed
2026-09-15T23:52:27.661 WARN kycontroller::kymux_controller::server - Kynet accept failed: connection error: Endpoint closed
2026-09-15T23:52:27.661 WARN kycontroller::kymux_controller::server - Kynet accept failed: connection error: Endpoint closed
2026-09-15T23:52:27.661 WARN kycontroller::kymux_controller::server - Kynet accept failed: connection error: Endpoint closed
2026-09-15T23:52:27.661 WARN kycontroller::kymux_controller::server - Kynet accept failed: connection error: Endpoint closed
2026-09-15T23:52:27.661 WARN kycontroller::kymux_controller::server - Kynet accept failed: connection error: Endpoint closed
2026-09-15T23:52:27.661 WARN kycontroller::kymux_controller::server - Kynet accept failed: connection error: Endpoint closed
2026-09-15T23:52:27.661 WARN kycontroller::kymux_controller::server - Kynet accept failed: connection error: Endpoint closed
2026-09-15T23:52:27.661 WARN kycontroller::kymux_controller::server - Kynet accept failed: connection error: Endpoint closed
2026-09-15T23:52:27.661 WARN kycontroller::kymux_controller::server - Kynet accept failed: connection error: Endpoint closed
2026-09-15T23:52:27.661 WARN kycontroller::kymux_controller::server - Kynet accept failed: connection error: Endpoint closed
2026-09-15T23:52:27.661 WARN kycontroller::kymux_controller::server - Kynet accept failed: connection error: Endpoint closed
2026-09-15T23:52:27.661 WARN kycontroller::kymux_controller::server - Kynet accept failed: connection error: Endpoint closed
2026-09-15T23:52:27.661 WARN kycontroller::kymux_controller::server - Kynet accept failed: connection error: Endpoint closed
2026-09-15T23:52:27.661 WARN kycontroller::kymux_controller::server - Kynet accept failed: connection error: Endpoint closed
2026-09-15T23:52:27.661 WARN kycontroller::kymux_controller::server - Kynet accept failed: connection error: Endpoint closed
2026-09-15T23:52:27.661 WARN kycontroller::kymux_controller::server - Kynet accept failed: connection error: Endpoint closed
2026-09-15T23:52:27.661 WARN kycontroller::kymux_controller::server - Kynet accept failed: connection error: Endpoint closed
2026-09-15T23:52:27.661 WARN kycontroller::kymux_controller::server - Kynet accept failed: connection error: Endpoint closed
2026-09-15T23:52:27.661 WARN kycontroller::kymux_controller::server - Kynet accept failed: connection error: Endpoint closed
2026-09-15T23:52:27.661 WARN kycontroller::kymux_controller::server - Kynet accept failed: connection error: Endpoint closed
2026-09-15T23:52:27.661 WARN kycontroller::kymux_controller::server - Kynet accept failed: connection error: Endpoint closed
2026-09-15T23:52:27.661 WARN kycontroller::kymux_controller::server - Kynet accept failed: connection error: Endpoint closed
2026-09-15T23:52:27.661 WARN kycontroller::kymux_controller::server - Kynet accept failed: connection error: Endpoint closed
2026-09-15T23:52:27.661 WARN kycontroller::kymux_controller::server - Kynet accept failed: connection error: Endpoint closed
2026-09-15T23:52:27.661 WARN kycontroller::kymux_controller::server - Kynet accept failed: connection error: Endpoint closed
2026-09-15T23:52:27.661 WARN kycontroller::kymux_controller::server - Kynet accept failed: connection error: Endpoint closed
2026-09-15T23:52:27.661 WARN kycontroller::kymux_controller::server - Kynet accept failed: connection error: Endpoint closed
2026-09-15T23:52:27.661 WARN kycontroller::kymux_controller::server - Kynet accept failed: connection error: Endpoint closed
2026-09-15T23:52:27.661 WARN kycontroller::kymux_controller::server - Kynet accept failed: connection error: Endpoint closed
2026-09-15T23:52:27.661 WARN kycontroller::kymux_controller::server - Kynet accept failed: connection error: Endpoint closed
2026-09-15T23:52:27.661 WARN kycontroller::kymux_controller::server - Kynet accept failed: connection error: Endpoint closed
2026-09-15T23:52:27.661 WARN kycontroller::kymux_controller::server - Kynet accept failed: connection error: Endpoint closed
2026-09-15T23:52:27.661 WARN kycontroller::kymux_controller::server - Kynet accept failed: connection error: Endpoint closed
2026-09-15T23:52:27.661 WARN kycontroller::kymux_controller::server - Kynet accept failed: connection error: Endpoint closed
2026-09-15T23:52:27.661 WARN kycontroller::kymux_controller::server - Kynet accept failed: connection error: Endpoint closed
2026-09-15T23:52:27.661 WARN kycontroller::kymux_controller::server - Kynet accept failed: connection error: Endpoint closed
2026-09-15T23:52:27.661 WARN kycontroller::kymux_controller::server - Kynet accept failed: connection error: Endpoint closed
2026-09-15T23:52:27.661 WARN kycontroller::kymux_controller::server - Kynet accept failed: connection error: Endpoint closed
2026-09-15T23:52:27.661 WARN kycontroller::kymux_controller::server - Kynet accept failed: connection error: Endpoint closed
2026-09-15T23:52:27.661 WARN kycontroller::kymux_controller::server - Kynet accept failed: connection error: Endpoint closed
2026-09-15T23:52:27.661 WARN kycontroller::kymux_controller::server - Kynet accept failed: connection error: Endpoint closed
2026-09-15T23:52:27.661 WARN kycontroller::kymux_controller::server - Kynet accept failed: connection error: Endpoint closed
2026-09-15T23:52:27.661 WARN kycontroller::kymux_controller::server - Kynet accept failed: connection error: Endpoint closed
2026-09-15T23:52:27.661 WARN kycontroller::kymux_controller::server - Kynet accept failed: connection error: Endpoint closed
2026-09-15T23:52:27.661 WARN kycontroller::kymux_controller::server - Kynet accept failed: connection error: Endpoint closed
2026-09-15T23:52:27.661 WARN kycontroller::kymux_controller::server - Kynet accept failed: connection error: Endpoint closed
2026-09-15T23:52:27.661 WARN kycontroller::kymux_controller::server - Kynet accept failed: connection error: Endpoint closed
2026-09-15T23:52:27.662 WARN kycontroller::kymux_controller::server - Kynet accept failed: connection error: Endpoint closed
2026-09-15T23:52:27.662 WARN kycontroller::kymux_controller::server - Kynet accept failed: connection error: Endpoint closed
2026-09-15T23:52:27.662 WARN kycontroller::kymux_controller::server - Kynet accept failed: connection error: Endpoint closed
2026-09-15T23:52:27.662 WARN kycontroller::kymux_controller::server - Kynet accept failed: connection error: Endpoint closed
2026-09-15T23:52:27.662 WARN kycontroller::kymux_controller::server - Kynet accept failed: connection error: Endpoint closed
2026-09-15T23:52:27.662 WARN kycontroller::kymux_controller::server - Kynet accept failed: connection error: Endpoint closed
2026-09-15T23:52:27.662 WARN kycontroller::kymux_controller::server - Kynet accept failed: connection error: Endpoint closed
2026-09-15T23:52:27.662 WARN kycontroller::kymux_controller::server - Kynet accept failed: connection error: Endpoint closed
2026-09-15T23:52:27.662 WARN kycontroller::kymux_controller::server - Kynet accept failed: connection error: Endpoint closed
2026-09-15T23:52:27.662 WARN kycontroller::kymux_controller::server - Kynet accept failed: connection error: Endpoint closed
2026-09-15T23:52:27.662 WARN kycontroller::kymux_controller::server - Kynet accept failed: connection error: Endpoint closed
2026-09-15T23:52:27.662 WARN kycontroller::kymux_controller::server - Kynet accept failed: connection error: Endpoint closed
2026-09-15T23:52:27.662 WARN kycontroller::kymux_controller::server - Kynet accept failed: connection error: Endpoint closed
2026-09-15T23:52:27.662 WARN kycontroller::kymux_controller::server - Kynet accept failed: connection error: Endpoint closed
2026-09-15T23:52:27.662 WARN kycontroller::kymux_controller::server - Kynet accept failed: connection error: Endpoint closed
2026-09-15T23:52:27.662 WARN kycontroller::kymux_controller::server - Kynet accept failed: connection error: Endpoint closed
2026-09-15T23:52:27.662 WARN kycontroller::kymux_controller::server - Kynet accept failed: connection error: Endpoint closed
2026-09-15T23:52:27.662 WARN kycontroller::kymux_controller::server - Kynet accept failed: connection error: Endpoint closed
2026-09-15T23:52:27.662 WARN kycontroller::kymux_controller::server - Kynet accept failed: connection error: Endpoint closed
2026-09-15T23:52:27.662 WARN kycontroller::kymux_controller::server - Kynet accept failed: connection error: Endpoint closed
2026-09-15T23:52:27.662 WARN kycontroller::kymux_controller::server - Kynet accept failed: connection error: Endpoint closed
2026-09-15T23:52:27.662 WARN kycontroller::kymux_controller::server - Kynet accept failed: connection error: Endpoint closed
2026-09-15T23:52:27.662 WARN kycontroller::kymux_controller::server - Kynet accept failed: connection error: Endpoint closed
2026-09-15T23:52:27.662 WARN kycontroller::kymux_controller::server - Kynet accept failed: connection error: Endpoint closed
2026-09-15T23:52:27.662 WARN kycontroller::kymux_controller::server - Kynet accept failed: connection error: Endpoint closed
2026-09-15T23:52:27.662 WARN kycontroller::kymux_controller::server - Kynet accept failed: connection error: Endpoint closed
2026-09-15T23:52:27.662 WARN kycontroller::kymux_controller::server - Kynet accept failed: connection error: Endpoint closed
2026-09-15T23:52:27.662 WARN kycontroller::kymux_controller::server - Kynet accept failed: connection error: Endpoint closed
2026-09-15T23:52:27.662 WARN kycontroller::kymux_controller::server - Kynet accept failed: connection error: Endpoint closed
2026-09-15T23:52:27.662 WARN kycontroller::kymux_controller::server - Kynet accept failed: connection error: Endpoint closed
2026-09-15T23:52:27.662 WARN kycontroller::kymux_controller::server - Kynet accept failed: connection error: Endpoint closed
2026-09-15T23:52:27.662 WARN kycontroller::kymux_controller::server - Kynet accept failed: connection error: Endpoint closed
2026-09-15T23:52:27.662 WARN kycontroller::kymux_controller::server - Kynet accept failed: connection error: Endpoint closed
2026-09-15T23:52:27.662 WARN kycontroller::kymux_controller::server - Kynet accept failed: connection error: Endpoint closed
2026-09-15T23:52:27.662 WARN kycontroller::kymux_controller::server - Kynet accept failed: connection error: Endpoint closed
2026-09-15T23:52:27.662 WARN kycontroller::kymux_controller::server - Kynet accept failed: connection error: Endpoint closed
2026-09-15T23:52:27.662 WARN kycontroller::kymux_controller::server - Kynet accept failed: connection error: Endpoint closed
2026-09-15T23:52:27.662 WARN kycontroller::kymux_controller::server - Kynet accept failed: connection error: Endpoint closed
2026-09-15T23:52:27.662 WARN kycontroller::kymux_controller::server - Kynet accept failed: connection error: Endpoint closed
2026-09-15T23:52:27.662 WARN kycontroller::kymux_controller::server - Kynet accept failed: connection error: Endpoint closed
2026-09-15T23:52:27.662 WARN kycontroller::kymux_controller::server - Kynet accept failed: connection error: Endpoint closed
2026-09-15T23:52:27.662 WARN kycontroller::kymux_controller::server - Kynet accept failed: connection error: Endpoint closed
2026-09-15T23:52:27.662 WARN kycontroller::kymux_controller::server - Kynet accept failed: connection error: Endpoint closed
2026-09-15T23:52:27.662 WARN kycontroller::kymux_controller::server - Kynet accept failed: connection error: Endpoint closed
2026-09-15T23:52:27.662 WARN kycontroller::kymux_controller::server - Kynet accept failed: connection error: Endpoint closed
2026-09-15T23:52:27.662 WARN kycontroller::kymux_controller::server - Kynet accept failed: connection error: Endpoint closed
2026-09-15T23:52:27.662 WARN kycontroller::kymux_controller::server - Kynet accept failed: connection error: Endpoint closed
2026-09-15T23:52:27.662 WARN kycontroller::kymux_controller::server - Kynet accept failed: connection error: Endpoint closed
2026-09-15T23:52:27.662 WARN kycontroller::kymux_controller::server - Kynet accept failed: connection error: Endpoint closed
2026-09-15T23:52:27.662 WARN kycontroller::kymux_controller::server - Kynet accept failed: connection error: Endpoint closed
2026-09-15T23:52:27.662 WARN kycontroller::kymux_controller::server - Kynet accept failed: connection error: Endpoint closed
2026-09-15T23:52:27.662 WARN kycontroller::kymux_controller::server - Kynet accept failed: connection error: Endpoint closed
2026-09-15T23:52:27.662 WARN kycontroller::kymux_controller::server - Kynet accept failed: connection error: Endpoint closed
2026-09-15T23:52:27.662 WARN kycontroller::kymux_controller::server - Kynet accept failed: connection error: Endpoint closed
2026-09-15T23:52:27.662 WARN kycontroller::kymux_controller::server - Kynet accept failed: connection error: Endpoint closed
2026-09-15T23:52:27.662 WARN kycontroller::kymux_controller::server - Kynet accept failed: connection error: Endpoint closed
2026-09-15T23:52:27.662 WARN kycontroller::kymux_controller::server - Kynet accept failed: connection error: Endpoint closed
2026-09-15T23:52:27.662 WARN kycontroller::kymux_controller::server - Kynet accept failed: connection error: Endpoint closed
2026-09-15T23:52:27.662 WARN kycontroller::kymux_controller::server - Kynet accept failed: connection error: Endpoint closed
2026-09-15T23:52:27.662 WARN kycontroller::kymux_controller::server - Kynet accept failed: connection error: Endpoint closed
2026-09-15T23:52:27.662 WARN kycontroller::kymux_controller::server - Kynet accept failed: connection error: Endpoint closed
2026-09-15T23:52:27.662 WARN kycontroller::kymux_controller::server - Kynet accept failed: connection error: Endpoint closed
2026-09-15T23:52:27.662 WARN kycontroller::kymux_controller::server - Kynet accept failed: connection error: Endpoint closed
2026-09-15T23:52:27.662 WARN kycontroller::kymux_controller::server - Kynet accept failed: connection error: Endpoint closed
2026-09-15T23:52:27.662 WARN kycontroller::kymux_controller::server - Kynet accept failed: connection error: Endpoint closed
2026-09-15T23:52:27.662 WARN kycontroller::kymux_controller::server - Kynet accept failed: connection error: Endpoint closed
2026-09-15T23:52:27.662 WARN kycontroller::kymux_controller::server - Kynet accept failed: connection error: Endpoint closed
2026-09-15T23:52:27.662 WARN kycontroller::kymux_controller::server - Kynet accept failed: connection error: Endpoint closed
2026-09-15T23:52:27.662 WARN kycontroller::kymux_controller::server - Kynet accept failed: connection error: Endpoint closed
2026-09-15T23:52:27.662 WARN kycontroller::kymux_controller::server - Kynet accept failed: connection error: Endpoint closed
2026-09-15T23:52:27.662 WARN kycontroller::kymux_controller::server - Kynet accept failed: connection error: Endpoint closed
2026-09-15T23:52:27.662 WARN kycontroller::kymux_controller::server - Kynet accept failed: connection error: Endpoint closed
2026-09-15T23:52:27.662 WARN kycontroller::kymux_controller::server - Kynet accept failed: connection error: Endpoint closed
2026-09-15T23:52:27.662 WARN kycontroller::kymux_controller::server - Kynet accept failed: connection error: Endpoint closed
2026-09-15T23:52:27.662 WARN kycontroller::kymux_controller::server - Kynet accept failed: connection error: Endpoint closed
2026-09-15T23:52:27.662 WARN kycontroller::kymux_controller::server - Kynet accept failed: connection error: Endpoint closed
2026-09-15T23:52:27.662 WARN kycontroller::kymux_controller::server - Kynet accept failed: connection error: Endpoint closed
2026-09-15T23:52:27.662 WARN kycontroller::kymux_controller::server - Kynet accept failed: connection error: Endpoint closed
2026-09-15T23:52:27.662 WARN kycontroller::kymux_controller::server - Kynet accept failed: connection error: Endpoint closed
2026-09-15T23:52:27.662 WARN kycontroller::kymux_controller::server - Kynet accept failed: connection error: Endpoint closed
2026-09-15T23:52:27.663 WARN kycontroller::kymux_controller::server - Kynet accept failed: connection error: Endpoint closed
2026-09-15T23:52:27.663 WARN kycontroller::kymux_controller::server - Kynet accept failed: connection error: Endpoint closed
2026-09-15T23:52:27.663 WARN kycontroller::kymux_controller::server - Kynet accept failed: connection error: Endpoint closed
2026-09-15T23:52:27.663 WARN kycontroller::kymux_controller::server - Kynet accept failed: connection error: Endpoint closed
2026-09-15T23:52:27.663 WARN kycontroller::kymux_controller::server - Kynet accept failed: connection error: Endpoint closed
2026-09-15T23:52:27.663 WARN kycontroller::kymux_controller::server - Kynet accept failed: connection error: Endpoint closed
2026-09-15T23:52:27.663 WARN kycontroller::kymux_controller::server - Kynet accept failed: connection error: Endpoint closed
2026-09-15T23:52:27.663 WARN kycontroller::kymux_controller::server - Kynet accept failed: connection error: Endpoint closed
2026-09-15T23:52:27.663 WARN kycontroller::kymux_controller::server - Kynet accept failed: connection error: Endpoint closed
2026-09-15T23:52:27.663 WARN kycontroller::kymux_controller::server - Kynet accept failed: connection error: Endpoint closed
2026-09-15T23:52:27.663 WARN kycontroller::kymux_controller::server - Kynet accept failed: connection error: Endpoint closed
2026-09-15T23:52:27.663 WARN kycontroller::kymux_controller::server - Kynet accept failed: connection error: Endpoint closed
2026-09-15T23:52:27.663 WARN kycontroller::kymux_controller::server - Kynet accept failed: connection error: Endpoint closed
2026-09-15T23:52:27.663 WARN kycontroller::kymux_controller::server - Kynet accept failed: connection error: Endpoint closed
2026-09-15T23:52:27.663 WARN kycontroller::kymux_controller::server - Kynet accept failed: connection error: Endpoint closed
2026-09-15T23:52:27.663 WARN kycontroller::kymux_controller::server - Kynet accept failed: connection error: Endpoint closed
2026-09-15T23:52:27.663 WARN kycontroller::kymux_controller::server - Kynet accept failed: connection error: Endpoint closed
2026-09-15T23:52:27.663 WARN kycontroller::kymux_controller::server - Kynet accept failed: connection error: Endpoint closed
2026-09-15T23:52:27.663 WARN kycontroller::kymux_controller::server - Kynet accept failed: connection error: Endpoint closed
2026-09-15T23:52:27.663 WARN kycontroller::kymux_controller::server - Kynet accept failed: connection error: Endpoint closed
2026-09-15T23:52:27.663 WARN kycontroller::kymux_controller::server - Kynet accept failed: connection error: Endpoint closed
2026-09-15T23:52:27.663 WARN kycontroller::kymux_controller::server - Kynet accept failed: connection error: Endpoint closed
2026-09-15T23:52:27.663 WARN kycontroller::kymux_controller::server - Kynet accept failed: connection error: Endpoint closed
2026-09-15T23:52:27.663 WARN kycontroller::kymux_controller::server - Kynet accept failed: connection error: Endpoint closed
2026-09-15T23:52:27.663 WARN kycontroller::kymux_controller::server - Kynet accept failed: connection error: Endpoint closed
2026-09-15T23:52:27.663 WARN kycontroller::kymux_controller::server - Kynet accept failed: connection error: Endpoint closed
2026-09-15T23:52:27.663 WARN kycontroller::kymux_controller::server - Kynet accept failed: connection error: Endpoint closed
2026-09-15T23:52:27.663 WARN kycontroller::kymux_controller::server - Kynet accept failed: connection error: Endpoint closed
2026-09-15T23:52:27.663 WARN kycontroller::kymux_controller::server - Kynet accept failed: connection error: Endpoint closed
2026-09-15T23:52:27.663 WARN kycontroller::kymux_controller::server - Kynet accept failed: connection error: Endpoint closed
2026-09-15T23:52:27.663 WARN kycontroller::kymux_controller::server - Kynet accept failed: connection error: Endpoint closed
2026-09-15T23:52:27.663 WARN kycontroller::kymux_controller::server - Kynet accept failed: connection error: Endpoint closed
2026-09-15T23:52:27.663 WARN kycontroller::kymux_controller::server - Kynet accept failed: connection error: Endpoint closed
2026-09-15T23:52:27.663 WARN kycontroller::kymux_controller::server - Kynet accept failed: connection error: Endpoint closed
2026-09-15T23:52:27.663 WARN kycontroller::kymux_controller::server - Kynet accept failed: connection error: Endpoint closed
2026-09-15T23:52:27.663 WARN kycontroller::kymux_controller::server - Kynet accept failed: connection error: Endpoint closed
2026-09-15T23:52:27.663 WARN kycontroller::kymux_controller::server - Kynet accept failed: connection error: Endpoint closed
2026-09-15T23:52:27.663 WARN kycontroller::kymux_controller::server - Kynet accept failed: connection error: Endpoint closed
2026-09-15T23:52:27.663 WARN kycontroller::kymux_controller::server - Kynet accept failed: connection error: Endpoint closed
2026-09-15T23:52:27.663 INFO kycontroller - Session stopped
2026-09-15T23:52:27.663 WARN kycontroller::kymux_controller::server - Kynet accept failed: connection error: Endpoint closed
2026-09-15T23:52:27.663 INFO actix_web::middleware::logger - ::ffff:127.0.0.1 "POST /session/logout HTTP/1.1" 200 0 "-" "-" 0.064414
