2026-09-15T20:56:54.994 INFO kycontroller - Kyber controller. Revision 0.20.0-66-gb29f8f4
2026-09-15T20:56:54.995 INFO kycontroller::config - Using configuration file "\\\\?\\C:\\Users\\trist\\Workspace\\KyberFrog_WS2\\kyberfrog\\bench\\runs\\2026-09-15-step4\\cpu-idle\\kyber_config.toml"
2026-09-15T20:56:54.996 INFO kycontroller::auth::basic - Basic backend initialized with 1 expected user identities
2026-09-15T20:56:54.996 INFO kycontroller::auth::jwt - JWT backend initialized with algorithm HS256
2026-09-15T20:56:54.996 INFO libkypc::transport::ipc::windows - Creating NamedPipe listener factory, using instance ID 15564-0
2026-09-15T20:56:54.998 INFO kycontroller - Starting watchdog
2026-09-15T20:56:55.002 INFO libkypc::process::windows - Windows Job Object created for child process
2026-09-15T20:56:55.011[12036] INFO kyavserver - Process is now DPI aware
2026-09-15T20:56:55.011[12036] INFO kyavservice - AV service started
2026-09-15T20:56:55.011[12036] INFO kyavservice::config - Using configuration file "\\\\?\\C:\\Users\\trist\\Workspace\\KyberFrog_WS2\\kyberfrog\\bench\\runs\\2026-09-15-step4\\cpu-idle\\kyber_config.toml"
2026-09-15T20:56:55.011[12036] INFO kyavservice - Start display enumeration
2026-09-15T20:56:55.057[12036] INFO txproto::spout - Spout: New sender registered: "kybench-src" (1920x1080)
2026-09-15T20:56:55.057[12036] INFO txproto::spout - Spout: New sender registered: "kybench-src" (1920x1080)
2026-09-15T20:56:55.057 INFO kycontroller - Got initial displays: [Display { id: 4227119652, name: "kybench-src", height: 1080, width: 1920, x: 0, y: 0 }]
2026-09-15T20:56:55.057 INFO kycontroller - HTTP listening on port 9150
2026-09-15T20:56:55.057 INFO kycontroller - Webclient root not found
2026-09-15T20:56:55.057 INFO actix_server::builder - starting 12 workers
2026-09-15T20:56:55.057 INFO actix_server::server - Actix runtime found; starting in Actix runtime
2026-09-15T20:56:55.057 INFO actix_server::server - starting service: "actix-web-service-[::]:9150", workers: 12, listening on: [::]:9150
2026-09-15T20:56:55.062 INFO kycontroller::statemachine - Got display update (session: None): [Display { id: 4227119652, name: "kybench-src", height: 1080, width: 1920, x: 0, y: 0 }]
2026-09-15T20:56:58.007 INFO actix_web::middleware::logger - ::ffff:127.0.0.1 "GET /capabilities HTTP/1.1" 200 46 "-" "-" 0.000185
2026-09-15T20:56:58.008 INFO kycontroller - Logging in "vj"...
2026-09-15T20:56:58.008 INFO actix_web::middleware::logger - ::ffff:127.0.0.1 "POST /session/login HTTP/1.1" 200 189 "-" "-" 0.000155
2026-09-15T20:56:58.012 INFO kycontroller - Websocket token validated and consumed for session fbf67ed1-3d5a-4a2c-a146-74857884bb62
2026-09-15T20:56:58.012 INFO kycontroller - Session "fbf67ed1-3d5a-4a2c-a146-74857884bb62" controlplane connected
2026-09-15T20:56:58.013 INFO actix_web::middleware::logger - ::ffff:127.0.0.1 "GET /enumerate_displays HTTP/1.1" 200 79 "-" "-" 0.000053
2026-09-15T20:56:58.013 INFO kycontroller::kymux_controller - Starting common Kymux server on address [::]:9150 (supports QUIC + WebTransport)
2026-09-15T20:56:58.013 INFO kycontroller::kymux_controller - Generating short-lived certificate for WebTransport compatibility
2026-09-15T20:56:58.013 INFO kycontroller::kymux_controller - Generated certificate with hash: 8a596e63c619cfdc450f4ad42f038c6b66ffd6d70907d8562aea001372b97ebf
2026-09-15T20:56:58.014 INFO kycontroller::kymux_controller::requests - Kymux started. Public port: 9150
2026-09-15T20:56:58.014 INFO actix_web::middleware::logger - ::ffff:127.0.0.1 "POST /kymux/start_mux HTTP/1.1" 200 269 "-" "-" 0.000536
2026-09-15T20:56:58.014 INFO kycontroller::kymux_controller::server - Waiting for Kymux connections
2026-09-15T20:56:58.016 INFO kycontroller::kymux_controller::server - Kymux connection accepted
2026-09-15T20:56:58.016 INFO kycontroller::kymux_controller::server - Connection routed to session fbf67ed1-3d5a-4a2c-a146-74857884bb62
2026-09-15T20:56:58.016 INFO kycontroller::kymux_controller - Connection received for session fbf67ed1-3d5a-4a2c-a146-74857884bb62
2026-09-15T20:56:58.016 INFO kycontroller::avservices_manager - Start Video avservice for display 4227119652 (Shared { display_id: 4227119652 })
2026-09-15T20:56:58.018 INFO libkypc::process::windows - Windows Job Object created for child process
2026-09-15T20:56:58.027[2252] INFO kyavserver - Process is now DPI aware
2026-09-15T20:56:58.027[2252] INFO kyavservice - AV service started
2026-09-15T20:56:58.027[2252] INFO kyavservice::config - Using configuration file "\\\\?\\C:\\Users\\trist\\Workspace\\KyberFrog_WS2\\kyberfrog\\bench\\runs\\2026-09-15-step4\\cpu-idle\\kyber_config.toml"
2026-09-15T20:56:58.027[2252] INFO kyavservice - Start Kymux Video: URI "kymux://127.0.0.1:9091/0", bitrate: 20000000, codec: H264, yuv444: false, intra_refresh: None
2026-09-15T20:56:58.027 WARN kycontroller::kymux_controller - Audio disabled
2026-09-15T20:56:58.027 WARN kycontroller::kymux_controller - Input server disabled
2026-09-15T20:56:58.027 INFO kycontroller::kymux_controller::requests - Session started. SessionId: 3133749849
2026-09-15T20:56:58.027 INFO actix_web::middleware::logger - ::ffff:127.0.0.1 "POST /kymux/start_session HTTP/1.1" 200 157 "-" "-" 0.011431
2026-09-15T20:56:58.028[2252] INFO kyavservice::kymux - Start video, using clock ZeroedOrigin
2026-09-15T20:56:58.028[2252] INFO txproto::packet sink - connecting to URI: kymux://127.0.0.1:9091/0
2026-09-15T20:56:58.028 INFO kycom::connection - TCP connection for endpoint 0
2026-09-15T20:56:58.028[2252] INFO txproto::packet sink - connected to kymux://127.0.0.1:9091/0
2026-09-15T20:56:58.028[2252] INFO kyavservice::video - register_io_cb with api_list: ["spout", "wasapi"]
2026-09-15T20:56:58.084[2252] INFO txproto::spout - Spout: New sender registered: "kybench-src" (1920x1080)
2026-09-15T20:56:58.084[2252] INFO txproto::spout - Spout: New sender registered: "kybench-src" (1920x1080)
2026-09-15T20:56:58.084[2252] INFO kyavservice::video - Start screen grab on display 4227119652
2026-09-15T20:56:58.084[2252] INFO kyavservice::video - Forcing Spout sender "kybench-src" (id 0xFBF4BA24), ignoring requested display 4227119652
2026-09-15T20:56:58.084[2252] INFO txproto::tx - Using 'spout' backend for video capture
2026-09-15T20:56:58.085[2252] INFO kyavservice::video - libx264 encoder configuration dump:
[kyavserver.video_encoder_config]
b = 20000000
preset = "ultrafast"
x264-params = "force-cfr=0"
flags = "+global_header"
tune = "zerolatency"

2026-09-15T20:56:58.085[2252] INFO kyavservice::video - Create encoder libx264
2026-09-15T20:56:58.086[2252] INFO txproto::spout - Sender sync: access mutex present, frame counting present
2026-09-15T20:56:58.087[2252] INFO txproto::spout - Bound sender texture 1920x1080 (bgra)
2026-09-15T20:56:58.087[2252] INFO txproto::kybench-src - First frame acquired
2026-09-15T20:56:58.100[2252] INFO txproto::libx264 - using cpu capabilities: MMX2 SSE2Fast SSSE3 SSE4.2 AVX FMA3 BMI2 AVX2
2026-09-15T20:56:58.101[2252] INFO txproto::libx264 - profile Constrained Baseline, level 4.2, 4:2:0, 8-bit
2026-09-15T20:56:58.101[2252] INFO txproto::libx264 - 264 - core 164 r3107 a8b68eb - H.264/MPEG-4 AVC codec - Copyleft 2003-2023 - http://www.videolan.org/x264.html - options: cabac=0 ref=1 deblock=0:0:0 analyse=0:0 me=dia subme=0 psy=1 psy_rd=1.00:0.00 mixed_ref=0 me_range=16 chroma_me=1 trellis=0 8x8dct=0 cqm=0 deadzone=21,11 fast_pskip=1 chroma_qp_offset=0 threads=2 lookahead_threads=2 sliced_threads=1 slices=2 nr=0 decimate=1 interlaced=0 bluray_compat=0 constrained_intra=0 bframes=0 weightp=0 keyint=250 keyint_min=25 scenecut=0 intra_refresh=0 rc=abr mbtree=0 bitrate=20000 ratetol=1.0 qcomp=0.60 qpmin=0 qpmax=69 qpstep=4 ip_ratio=1.40 aq=0
2026-09-15T20:56:58.101[2252] INFO txproto::packet sink - Send config packet
2026-09-15T20:56:58.101[2252] INFO kyavservice - Video force IDR
2026-09-15T20:56:58.101[2252] INFO txproto::lavc:libx264 - Force IDR
2026-09-15T20:56:59.058[12036] INFO txproto::spout - Spout: New sender registered: "bench-out" (1920x1080)
2026-09-15T20:56:59.085[2252] INFO txproto::spout - Spout: New sender registered: "bench-out" (1920x1080)
2026-09-15T20:58:21.284 ERROR kyproto::control - ControlError("read error")
2026-09-15T20:58:21.284 ERROR kyproto::router - RouterError("accept_uni() failed: ConnectionError(\"closed by peer: Closed by Kyproto user (code 0)\")")
2026-09-15T20:58:21.284 ERROR kyproto::router - RouterError("accept_bi() failed: ConnectionError(\"closed by peer: Closed by Kyproto user (code 0)\")")
2026-09-15T20:58:21.284 ERROR kyproto::router - RouterError("read_datagram() failed: ConnectionError(\"closed by peer: Closed by Kyproto user (code 0)\")")
2026-09-15T20:58:21.284 INFO kycontroller::kymux_controller - Kymux connection closed for session fbf67ed1-3d5a-4a2c-a146-74857884bb62: Ok(())
2026-09-15T20:58:21.284 WARN kyproto::router - Task accept_uni seems to be already stopped
2026-09-15T20:58:21.284 WARN kycontroller::statemachine - Kymux connection timeout for session fbf67ed1-3d5a-4a2c-a146-74857884bb62
2026-09-15T20:58:21.284 WARN kyproto::router - Task accept_bi seems to be already stopped
2026-09-15T20:58:21.284 WARN kyproto::router - Task recv_datagrams seems to be already stopped
2026-09-15T20:58:21.284 WARN kyproto::control - Task control recv_msgs seems to be already stopped
2026-09-15T20:58:21.296 INFO kycontroller::controller - Preparing stop session fbf67ed1-3d5a-4a2c-a146-74857884bb62
2026-09-15T20:58:21.296 INFO kycontroller::controller - Stop session fbf67ed1-3d5a-4a2c-a146-74857884bb62
2026-09-15T20:58:21.296 INFO kycontroller::controller - Stop dataplane
2026-09-15T20:58:21.296 INFO kycontroller::kymux_controller - Stopping shared Kymux infrastructure
2026-09-15T20:58:21.296 INFO actix_web::middleware::logger - ::ffff:127.0.0.1 "GET /ws HTTP/1.1" 101 238 "-" "-" 83.283610
2026-09-15T20:58:21.296 INFO kycontroller::avservices_manager - Last client left video Shared { display_id: 4227119652 }, stopping avservice
2026-09-15T20:58:21.296 INFO kycontroller::kymux_controller - Stopping Kymux server
2026-09-15T20:58:21.296 INFO libkypc::process - Kill Child(C:\Users\trist\KyberFrog-bench\bundle-643ee0e\kyavserver)
2026-09-15T20:58:21.296 WARN kycontroller::kymux_controller::server - Kynet accept failed: connection error: Endpoint closed
2026-09-15T20:58:21.296 WARN kycontroller::kymux_controller::server - Kynet accept failed: connection error: Endpoint closed
2026-09-15T20:58:21.296 WARN kycontroller::kymux_controller::server - Kynet accept failed: connection error: Endpoint closed
2026-09-15T20:58:21.296 WARN kycontroller::kymux_controller::server - Kynet accept failed: connection error: Endpoint closed
2026-09-15T20:58:21.296 WARN kycontroller::kymux_controller::server - Kynet accept failed: connection error: Endpoint closed
2026-09-15T20:58:21.296 WARN kycontroller::kymux_controller::server - Kynet accept failed: connection error: Endpoint closed
2026-09-15T20:58:21.296 WARN kycontroller::kymux_controller::server - Kynet accept failed: connection error: Endpoint closed
2026-09-15T20:58:21.296 WARN kycontroller::kymux_controller::server - Kynet accept failed: connection error: Endpoint closed
2026-09-15T20:58:21.296 WARN kycontroller::kymux_controller::server - Kynet accept failed: connection error: Endpoint closed
2026-09-15T20:58:21.296 WARN kycontroller::kymux_controller::server - Kynet accept failed: connection error: Endpoint closed
2026-09-15T20:58:21.296 WARN kycontroller::kymux_controller::server - Kynet accept failed: connection error: Endpoint closed
2026-09-15T20:58:21.296 WARN kycontroller::kymux_controller::server - Kynet accept failed: connection error: Endpoint closed
2026-09-15T20:58:21.296 WARN kycontroller::kymux_controller::server - Kynet accept failed: connection error: Endpoint closed
2026-09-15T20:58:21.296 WARN kycontroller::kymux_controller::server - Kynet accept failed: connection error: Endpoint closed
2026-09-15T20:58:21.296 WARN kycontroller::kymux_controller::server - Kynet accept failed: connection error: Endpoint closed
2026-09-15T20:58:21.296 WARN kycontroller::kymux_controller::server - Kynet accept failed: connection error: Endpoint closed
2026-09-15T20:58:21.296 WARN kycontroller::kymux_controller::server - Kynet accept failed: connection error: Endpoint closed
2026-09-15T20:58:21.296 WARN kycontroller::kymux_controller::server - Kynet accept failed: connection error: Endpoint closed
2026-09-15T20:58:21.297 WARN kycontroller::kymux_controller::server - Kynet accept failed: connection error: Endpoint closed
2026-09-15T20:58:21.297 WARN kycontroller::kymux_controller::server - Kynet accept failed: connection error: Endpoint closed
2026-09-15T20:58:21.297 WARN kycontroller::kymux_controller::server - Kynet accept failed: connection error: Endpoint closed
2026-09-15T20:58:21.297 WARN kycontroller::kymux_controller::server - Kynet accept failed: connection error: Endpoint closed
2026-09-15T20:58:21.297 WARN kycontroller::kymux_controller::server - Kynet accept failed: connection error: Endpoint closed
2026-09-15T20:58:21.297 WARN kycontroller::kymux_controller::server - Kynet accept failed: connection error: Endpoint closed
2026-09-15T20:58:21.297 WARN kycontroller::kymux_controller::server - Kynet accept failed: connection error: Endpoint closed
2026-09-15T20:58:21.297 WARN kycontroller::kymux_controller::server - Kynet accept failed: connection error: Endpoint closed
2026-09-15T20:58:21.297 WARN kycontroller::kymux_controller::server - Kynet accept failed: connection error: Endpoint closed
2026-09-15T20:58:21.297 WARN kycontroller::kymux_controller::server - Kynet accept failed: connection error: Endpoint closed
2026-09-15T20:58:21.297 WARN kycontroller::kymux_controller::server - Kynet accept failed: connection error: Endpoint closed
2026-09-15T20:58:21.297 WARN kycontroller::kymux_controller::server - Kynet accept failed: connection error: Endpoint closed
2026-09-15T20:58:21.297 WARN kycontroller::kymux_controller::server - Kynet accept failed: connection error: Endpoint closed
2026-09-15T20:58:21.297 WARN kycontroller::kymux_controller::server - Kynet accept failed: connection error: Endpoint closed
2026-09-15T20:58:21.297 WARN kycontroller::kymux_controller::server - Kynet accept failed: connection error: Endpoint closed
2026-09-15T20:58:21.297 WARN kycontroller::kymux_controller::server - Kynet accept failed: connection error: Endpoint closed
2026-09-15T20:58:21.297 WARN kycontroller::kymux_controller::server - Kynet accept failed: connection error: Endpoint closed
2026-09-15T20:58:21.297 WARN kycontroller::kymux_controller::server - Kynet accept failed: connection error: Endpoint closed
2026-09-15T20:58:21.297 WARN kycontroller::kymux_controller::server - Kynet accept failed: connection error: Endpoint closed
2026-09-15T20:58:21.297 WARN kycontroller::kymux_controller::server - Kynet accept failed: connection error: Endpoint closed
2026-09-15T20:58:21.297 WARN kycontroller::kymux_controller::server - Kynet accept failed: connection error: Endpoint closed
2026-09-15T20:58:21.297 WARN kycontroller::kymux_controller::server - Kynet accept failed: connection error: Endpoint closed
2026-09-15T20:58:21.297 WARN kycontroller::kymux_controller::server - Kynet accept failed: connection error: Endpoint closed
2026-09-15T20:58:21.297 WARN kycontroller::kymux_controller::server - Kynet accept failed: connection error: Endpoint closed
2026-09-15T20:58:21.297 WARN kycontroller::kymux_controller::server - Kynet accept failed: connection error: Endpoint closed
2026-09-15T20:58:21.297 WARN kycontroller::kymux_controller::server - Kynet accept failed: connection error: Endpoint closed
2026-09-15T20:58:21.297 WARN kycontroller::kymux_controller::server - Kynet accept failed: connection error: Endpoint closed
2026-09-15T20:58:21.297 WARN kycontroller::kymux_controller::server - Kynet accept failed: connection error: Endpoint closed
2026-09-15T20:58:21.297 WARN kycontroller::kymux_controller::server - Kynet accept failed: connection error: Endpoint closed
2026-09-15T20:58:21.297 WARN kycontroller::kymux_controller::server - Kynet accept failed: connection error: Endpoint closed
2026-09-15T20:58:21.297 WARN kycontroller::kymux_controller::server - Kynet accept failed: connection error: Endpoint closed
2026-09-15T20:58:21.297 WARN kycontroller::kymux_controller::server - Kynet accept failed: connection error: Endpoint closed
2026-09-15T20:58:21.297 WARN kycontroller::kymux_controller::server - Kynet accept failed: connection error: Endpoint closed
2026-09-15T20:58:21.297 WARN kycontroller::kymux_controller::server - Kynet accept failed: connection error: Endpoint closed
2026-09-15T20:58:21.297 WARN kycontroller::kymux_controller::server - Kynet accept failed: connection error: Endpoint closed
2026-09-15T20:58:21.297 WARN kycontroller::kymux_controller::server - Kynet accept failed: connection error: Endpoint closed
2026-09-15T20:58:21.297 WARN kycontroller::kymux_controller::server - Kynet accept failed: connection error: Endpoint closed
2026-09-15T20:58:21.297 WARN kycontroller::kymux_controller::server - Kynet accept failed: connection error: Endpoint closed
2026-09-15T20:58:21.297 WARN kycontroller::kymux_controller::server - Kynet accept failed: connection error: Endpoint closed
2026-09-15T20:58:21.297 WARN kycontroller::kymux_controller::server - Kynet accept failed: connection error: Endpoint closed
2026-09-15T20:58:21.297 WARN kycontroller::kymux_controller::server - Kynet accept failed: connection error: Endpoint closed
2026-09-15T20:58:21.297 WARN kycontroller::kymux_controller::server - Kynet accept failed: connection error: Endpoint closed
2026-09-15T20:58:21.297 WARN kycontroller::kymux_controller::server - Kynet accept failed: connection error: Endpoint closed
2026-09-15T20:58:21.297 WARN kycontroller::kymux_controller::server - Kynet accept failed: connection error: Endpoint closed
2026-09-15T20:58:21.297 WARN kycontroller::kymux_controller::server - Kynet accept failed: connection error: Endpoint closed
2026-09-15T20:58:21.297 WARN kycontroller::kymux_controller::server - Kynet accept failed: connection error: Endpoint closed
2026-09-15T20:58:21.297 WARN kycontroller::kymux_controller::server - Kynet accept failed: connection error: Endpoint closed
2026-09-15T20:58:21.297 WARN kycontroller::kymux_controller::server - Kynet accept failed: connection error: Endpoint closed
2026-09-15T20:58:21.297 WARN kycontroller::kymux_controller::server - Kynet accept failed: connection error: Endpoint closed
2026-09-15T20:58:21.297 WARN kycontroller::kymux_controller::server - Kynet accept failed: connection error: Endpoint closed
2026-09-15T20:58:21.297 WARN kycontroller::kymux_controller::server - Kynet accept failed: connection error: Endpoint closed
2026-09-15T20:58:21.297 WARN kycontroller::kymux_controller::server - Kynet accept failed: connection error: Endpoint closed
2026-09-15T20:58:21.297 WARN kycontroller::kymux_controller::server - Kynet accept failed: connection error: Endpoint closed
2026-09-15T20:58:21.297 WARN kycontroller::kymux_controller::server - Kynet accept failed: connection error: Endpoint closed
2026-09-15T20:58:21.297 WARN kycontroller::kymux_controller::server - Kynet accept failed: connection error: Endpoint closed
2026-09-15T20:58:21.297 WARN kycontroller::kymux_controller::server - Kynet accept failed: connection error: Endpoint closed
2026-09-15T20:58:21.297 WARN kycontroller::kymux_controller::server - Kynet accept failed: connection error: Endpoint closed
2026-09-15T20:58:21.297 WARN kycontroller::kymux_controller::server - Kynet accept failed: connection error: Endpoint closed
2026-09-15T20:58:21.297 WARN kycontroller::kymux_controller::server - Kynet accept failed: connection error: Endpoint closed
2026-09-15T20:58:21.297 WARN kycontroller::kymux_controller::server - Kynet accept failed: connection error: Endpoint closed
2026-09-15T20:58:21.297 WARN kycontroller::kymux_controller::server - Kynet accept failed: connection error: Endpoint closed
2026-09-15T20:58:21.297 WARN kycontroller::kymux_controller::server - Kynet accept failed: connection error: Endpoint closed
2026-09-15T20:58:21.297 WARN kycontroller::kymux_controller::server - Kynet accept failed: connection error: Endpoint closed
2026-09-15T20:58:21.297 WARN kycontroller::kymux_controller::server - Kynet accept failed: connection error: Endpoint closed
2026-09-15T20:58:21.297 WARN kycontroller::kymux_controller::server - Kynet accept failed: connection error: Endpoint closed
2026-09-15T20:58:21.297 WARN kycontroller::kymux_controller::server - Kynet accept failed: connection error: Endpoint closed
2026-09-15T20:58:21.297 WARN kycontroller::kymux_controller::server - Kynet accept failed: connection error: Endpoint closed
2026-09-15T20:58:21.297 WARN kycontroller::kymux_controller::server - Kynet accept failed: connection error: Endpoint closed
2026-09-15T20:58:21.297 WARN kycontroller::kymux_controller::server - Kynet accept failed: connection error: Endpoint closed
2026-09-15T20:58:21.297 WARN kycontroller::kymux_controller::server - Kynet accept failed: connection error: Endpoint closed
2026-09-15T20:58:21.297 WARN kycontroller::kymux_controller::server - Kynet accept failed: connection error: Endpoint closed
2026-09-15T20:58:21.297 WARN kycontroller::kymux_controller::server - Kynet accept failed: connection error: Endpoint closed
2026-09-15T20:58:21.297 WARN kycontroller::kymux_controller::server - Kynet accept failed: connection error: Endpoint closed
2026-09-15T20:58:21.297 WARN kycontroller::kymux_controller::server - Kynet accept failed: connection error: Endpoint closed
2026-09-15T20:58:21.297 WARN kycontroller::kymux_controller::server - Kynet accept failed: connection error: Endpoint closed
2026-09-15T20:58:21.297 WARN kycontroller::kymux_controller::server - Kynet accept failed: connection error: Endpoint closed
2026-09-15T20:58:21.297 WARN kycontroller::kymux_controller::server - Kynet accept failed: connection error: Endpoint closed
2026-09-15T20:58:21.297 WARN kycontroller::kymux_controller::server - Kynet accept failed: connection error: Endpoint closed
2026-09-15T20:58:21.297 WARN kycontroller::kymux_controller::server - Kynet accept failed: connection error: Endpoint closed
2026-09-15T20:58:21.297 WARN kycontroller::kymux_controller::server - Kynet accept failed: connection error: Endpoint closed
2026-09-15T20:58:21.297 WARN kycontroller::kymux_controller::server - Kynet accept failed: connection error: Endpoint closed
2026-09-15T20:58:21.297 WARN kycontroller::kymux_controller::server - Kynet accept failed: connection error: Endpoint closed
2026-09-15T20:58:21.297 WARN kycontroller::kymux_controller::server - Kynet accept failed: connection error: Endpoint closed
2026-09-15T20:58:21.298 WARN kycontroller::kymux_controller::server - Kynet accept failed: connection error: Endpoint closed
2026-09-15T20:58:21.298 WARN kycontroller::kymux_controller::server - Kynet accept failed: connection error: Endpoint closed
2026-09-15T20:58:21.298 WARN kycontroller::kymux_controller::server - Kynet accept failed: connection error: Endpoint closed
2026-09-15T20:58:21.298 WARN kycontroller::kymux_controller::server - Kynet accept failed: connection error: Endpoint closed
2026-09-15T20:58:21.298 WARN kycontroller::kymux_controller::server - Kynet accept failed: connection error: Endpoint closed
2026-09-15T20:58:21.298 WARN kycontroller::kymux_controller::server - Kynet accept failed: connection error: Endpoint closed
2026-09-15T20:58:21.298 WARN kycontroller::kymux_controller::server - Kynet accept failed: connection error: Endpoint closed
2026-09-15T20:58:21.298 WARN kycontroller::kymux_controller::server - Kynet accept failed: connection error: Endpoint closed
2026-09-15T20:58:21.298 WARN kycontroller::kymux_controller::server - Kynet accept failed: connection error: Endpoint closed
2026-09-15T20:58:21.298 WARN kycontroller::kymux_controller::server - Kynet accept failed: connection error: Endpoint closed
2026-09-15T20:58:21.298 WARN kycontroller::kymux_controller::server - Kynet accept failed: connection error: Endpoint closed
2026-09-15T20:58:21.298 WARN kycontroller::kymux_controller::server - Kynet accept failed: connection error: Endpoint closed
2026-09-15T20:58:21.298 WARN kycontroller::kymux_controller::server - Kynet accept failed: connection error: Endpoint closed
2026-09-15T20:58:21.298 WARN kycontroller::kymux_controller::server - Kynet accept failed: connection error: Endpoint closed
2026-09-15T20:58:21.298 WARN kycontroller::kymux_controller::server - Kynet accept failed: connection error: Endpoint closed
2026-09-15T20:58:21.298 WARN kycontroller::kymux_controller::server - Kynet accept failed: connection error: Endpoint closed
2026-09-15T20:58:21.298 WARN kycontroller::kymux_controller::server - Kynet accept failed: connection error: Endpoint closed
2026-09-15T20:58:21.298 WARN kycontroller::kymux_controller::server - Kynet accept failed: connection error: Endpoint closed
2026-09-15T20:58:21.298 WARN kycontroller::kymux_controller::server - Kynet accept failed: connection error: Endpoint closed
2026-09-15T20:58:21.298 WARN kycontroller::kymux_controller::server - Kynet accept failed: connection error: Endpoint closed
2026-09-15T20:58:21.298 WARN kycontroller::kymux_controller::server - Kynet accept failed: connection error: Endpoint closed
2026-09-15T20:58:21.298 WARN kycontroller::kymux_controller::server - Kynet accept failed: connection error: Endpoint closed
2026-09-15T20:58:21.298 WARN kycontroller::kymux_controller::server - Kynet accept failed: connection error: Endpoint closed
2026-09-15T20:58:21.298 WARN kycontroller::kymux_controller::server - Kynet accept failed: connection error: Endpoint closed
2026-09-15T20:58:21.298 WARN kycontroller::kymux_controller::server - Kynet accept failed: connection error: Endpoint closed
2026-09-15T20:58:21.298 WARN kycontroller::kymux_controller::server - Kynet accept failed: connection error: Endpoint closed
2026-09-15T20:58:21.298 WARN kycontroller::kymux_controller::server - Kynet accept failed: connection error: Endpoint closed
2026-09-15T20:58:21.298 WARN kycontroller::kymux_controller::server - Kynet accept failed: connection error: Endpoint closed
2026-09-15T20:58:21.298 WARN kycontroller::kymux_controller::server - Kynet accept failed: connection error: Endpoint closed
2026-09-15T20:58:21.298 WARN kycontroller::kymux_controller::server - Kynet accept failed: connection error: Endpoint closed
2026-09-15T20:58:21.298 WARN kycontroller::kymux_controller::server - Kynet accept failed: connection error: Endpoint closed
2026-09-15T20:58:21.298 WARN kycontroller::kymux_controller::server - Kynet accept failed: connection error: Endpoint closed
2026-09-15T20:58:21.298 WARN kycontroller::kymux_controller::server - Kynet accept failed: connection error: Endpoint closed
2026-09-15T20:58:21.298 WARN kycontroller::kymux_controller::server - Kynet accept failed: connection error: Endpoint closed
2026-09-15T20:58:21.298 WARN kycontroller::kymux_controller::server - Kynet accept failed: connection error: Endpoint closed
2026-09-15T20:58:21.298 WARN kycontroller::kymux_controller::server - Kynet accept failed: connection error: Endpoint closed
2026-09-15T20:58:21.298 WARN kycontroller::kymux_controller::server - Kynet accept failed: connection error: Endpoint closed
2026-09-15T20:58:21.298 WARN kycontroller::kymux_controller::server - Kynet accept failed: connection error: Endpoint closed
2026-09-15T20:58:21.298 WARN kycontroller::kymux_controller::server - Kynet accept failed: connection error: Endpoint closed
2026-09-15T20:58:21.298 WARN kycontroller::kymux_controller::server - Kynet accept failed: connection error: Endpoint closed
2026-09-15T20:58:21.298 WARN kycontroller::kymux_controller::server - Kynet accept failed: connection error: Endpoint closed
2026-09-15T20:58:21.298 WARN kycontroller::kymux_controller::server - Kynet accept failed: connection error: Endpoint closed
2026-09-15T20:58:21.298 WARN kycontroller::kymux_controller::server - Kynet accept failed: connection error: Endpoint closed
2026-09-15T20:58:21.298 WARN kycontroller::kymux_controller::server - Kynet accept failed: connection error: Endpoint closed
2026-09-15T20:58:21.298 WARN kycontroller::kymux_controller::server - Kynet accept failed: connection error: Endpoint closed
2026-09-15T20:58:21.298 WARN kycontroller::kymux_controller::server - Kynet accept failed: connection error: Endpoint closed
2026-09-15T20:58:21.298 WARN kycontroller::kymux_controller::server - Kynet accept failed: connection error: Endpoint closed
2026-09-15T20:58:21.298 WARN kycontroller::kymux_controller::server - Kynet accept failed: connection error: Endpoint closed
2026-09-15T20:58:21.298 WARN kycontroller::kymux_controller::server - Kynet accept failed: connection error: Endpoint closed
2026-09-15T20:58:21.298 WARN kycontroller::kymux_controller::server - Kynet accept failed: connection error: Endpoint closed
2026-09-15T20:58:21.298 WARN kycontroller::kymux_controller::server - Kynet accept failed: connection error: Endpoint closed
2026-09-15T20:58:21.298 WARN kycontroller::kymux_controller::server - Kynet accept failed: connection error: Endpoint closed
2026-09-15T20:58:21.298 WARN kycontroller::kymux_controller::server - Kynet accept failed: connection error: Endpoint closed
2026-09-15T20:58:21.298 WARN kycontroller::kymux_controller::server - Kynet accept failed: connection error: Endpoint closed
2026-09-15T20:58:21.298 WARN kycontroller::kymux_controller::server - Kynet accept failed: connection error: Endpoint closed
2026-09-15T20:58:21.298 WARN kycontroller::kymux_controller::server - Kynet accept failed: connection error: Endpoint closed
2026-09-15T20:58:21.298 WARN kycontroller::kymux_controller::server - Kynet accept failed: connection error: Endpoint closed
2026-09-15T20:58:21.298 WARN kycontroller::kymux_controller::server - Kynet accept failed: connection error: Endpoint closed
2026-09-15T20:58:21.298 WARN kycontroller::kymux_controller::server - Kynet accept failed: connection error: Endpoint closed
2026-09-15T20:58:21.298 WARN kycontroller::kymux_controller::server - Kynet accept failed: connection error: Endpoint closed
2026-09-15T20:58:21.298 WARN kycontroller::kymux_controller::server - Kynet accept failed: connection error: Endpoint closed
2026-09-15T20:58:21.298 WARN kycontroller::kymux_controller::server - Kynet accept failed: connection error: Endpoint closed
2026-09-15T20:58:21.298 WARN kycontroller::kymux_controller::server - Kynet accept failed: connection error: Endpoint closed
2026-09-15T20:58:21.298 WARN kycontroller::kymux_controller::server - Kynet accept failed: connection error: Endpoint closed
2026-09-15T20:58:21.298 WARN kycontroller::kymux_controller::server - Kynet accept failed: connection error: Endpoint closed
2026-09-15T20:58:21.298 WARN kycontroller::kymux_controller::server - Kynet accept failed: connection error: Endpoint closed
2026-09-15T20:58:21.298 WARN kycontroller::kymux_controller::server - Kynet accept failed: connection error: Endpoint closed
2026-09-15T20:58:21.298 WARN kycontroller::kymux_controller::server - Kynet accept failed: connection error: Endpoint closed
2026-09-15T20:58:21.298 WARN kycontroller::kymux_controller::server - Kynet accept failed: connection error: Endpoint closed
2026-09-15T20:58:21.298 WARN kycontroller::kymux_controller::server - Kynet accept failed: connection error: Endpoint closed
2026-09-15T20:58:21.298 WARN kycontroller::kymux_controller::server - Kynet accept failed: connection error: Endpoint closed
2026-09-15T20:58:21.298 WARN kycontroller::kymux_controller::server - Kynet accept failed: connection error: Endpoint closed
2026-09-15T20:58:21.298 WARN kycontroller::kymux_controller::server - Kynet accept failed: connection error: Endpoint closed
2026-09-15T20:58:21.298 WARN kycontroller::kymux_controller::server - Kynet accept failed: connection error: Endpoint closed
2026-09-15T20:58:21.298 WARN kycontroller::kymux_controller::server - Kynet accept failed: connection error: Endpoint closed
2026-09-15T20:58:21.298 WARN kycontroller::kymux_controller::server - Kynet accept failed: connection error: Endpoint closed
2026-09-15T20:58:21.298 WARN kycontroller::kymux_controller::server - Kynet accept failed: connection error: Endpoint closed
2026-09-15T20:58:21.298 WARN kycontroller::kymux_controller::server - Kynet accept failed: connection error: Endpoint closed
2026-09-15T20:58:21.298 WARN kycontroller::kymux_controller::server - Kynet accept failed: connection error: Endpoint closed
2026-09-15T20:58:21.298 WARN kycontroller::kymux_controller::server - Kynet accept failed: connection error: Endpoint closed
2026-09-15T20:58:21.298 WARN kycontroller::kymux_controller::server - Kynet accept failed: connection error: Endpoint closed
2026-09-15T20:58:21.298 WARN kycontroller::kymux_controller::server - Kynet accept failed: connection error: Endpoint closed
2026-09-15T20:58:21.298 WARN kycontroller::kymux_controller::server - Kynet accept failed: connection error: Endpoint closed
2026-09-15T20:58:21.299 WARN kycontroller::kymux_controller::server - Kynet accept failed: connection error: Endpoint closed
2026-09-15T20:58:21.299 WARN kycontroller::kymux_controller::server - Kynet accept failed: connection error: Endpoint closed
2026-09-15T20:58:21.299 WARN kycontroller::kymux_controller::server - Kynet accept failed: connection error: Endpoint closed
2026-09-15T20:58:21.299 WARN kycontroller::kymux_controller::server - Kynet accept failed: connection error: Endpoint closed
2026-09-15T20:58:21.299 WARN kycontroller::kymux_controller::server - Kynet accept failed: connection error: Endpoint closed
2026-09-15T20:58:21.299 WARN kycontroller::kymux_controller::server - Kynet accept failed: connection error: Endpoint closed
2026-09-15T20:58:21.299 WARN kycontroller::kymux_controller::server - Kynet accept failed: connection error: Endpoint closed
2026-09-15T20:58:21.299 WARN kycontroller::kymux_controller::server - Kynet accept failed: connection error: Endpoint closed
2026-09-15T20:58:21.299 WARN kycontroller::kymux_controller::server - Kynet accept failed: connection error: Endpoint closed
2026-09-15T20:58:21.299 WARN kycontroller::kymux_controller::server - Kynet accept failed: connection error: Endpoint closed
2026-09-15T20:58:21.299 WARN kycontroller::kymux_controller::server - Kynet accept failed: connection error: Endpoint closed
2026-09-15T20:58:21.299 WARN kycontroller::kymux_controller::server - Kynet accept failed: connection error: Endpoint closed
2026-09-15T20:58:21.299 WARN kycontroller::kymux_controller::server - Kynet accept failed: connection error: Endpoint closed
2026-09-15T20:58:21.299 WARN kycontroller::kymux_controller::server - Kynet accept failed: connection error: Endpoint closed
2026-09-15T20:58:21.299 WARN kycontroller::kymux_controller::server - Kynet accept failed: connection error: Endpoint closed
2026-09-15T20:58:21.299 WARN kycontroller::kymux_controller::server - Kynet accept failed: connection error: Endpoint closed
2026-09-15T20:58:21.299 WARN kycontroller::kymux_controller::server - Kynet accept failed: connection error: Endpoint closed
2026-09-15T20:58:21.299 WARN kycontroller::kymux_controller::server - Kynet accept failed: connection error: Endpoint closed
2026-09-15T20:58:21.299 WARN kycontroller::kymux_controller::server - Kynet accept failed: connection error: Endpoint closed
2026-09-15T20:58:21.299 WARN kycontroller::kymux_controller::server - Kynet accept failed: connection error: Endpoint closed
2026-09-15T20:58:21.299 WARN kycontroller::kymux_controller::server - Kynet accept failed: connection error: Endpoint closed
2026-09-15T20:58:21.299 WARN kycontroller::kymux_controller::server - Kynet accept failed: connection error: Endpoint closed
2026-09-15T20:58:21.299 WARN kycontroller::kymux_controller::server - Kynet accept failed: connection error: Endpoint closed
2026-09-15T20:58:21.299 WARN kycontroller::kymux_controller::server - Kynet accept failed: connection error: Endpoint closed
2026-09-15T20:58:21.299 WARN kycontroller::kymux_controller::server - Kynet accept failed: connection error: Endpoint closed
2026-09-15T20:58:21.299 WARN kycontroller::kymux_controller::server - Kynet accept failed: connection error: Endpoint closed
2026-09-15T20:58:21.299 WARN kycontroller::kymux_controller::server - Kynet accept failed: connection error: Endpoint closed
2026-09-15T20:58:21.299 WARN kycontroller::kymux_controller::server - Kynet accept failed: connection error: Endpoint closed
2026-09-15T20:58:21.299 WARN kycontroller::kymux_controller::server - Kynet accept failed: connection error: Endpoint closed
2026-09-15T20:58:21.299 WARN kycontroller::kymux_controller::server - Kynet accept failed: connection error: Endpoint closed
2026-09-15T20:58:21.299 WARN kycontroller::kymux_controller::server - Kynet accept failed: connection error: Endpoint closed
2026-09-15T20:58:21.299 WARN kycontroller::kymux_controller::server - Kynet accept failed: connection error: Endpoint closed
2026-09-15T20:58:21.299 WARN kycontroller::kymux_controller::server - Kynet accept failed: connection error: Endpoint closed
2026-09-15T20:58:21.299 WARN kycontroller::kymux_controller::server - Kynet accept failed: connection error: Endpoint closed
2026-09-15T20:58:21.299 WARN kycontroller::kymux_controller::server - Kynet accept failed: connection error: Endpoint closed
2026-09-15T20:58:21.299 WARN kycontroller::kymux_controller::server - Kynet accept failed: connection error: Endpoint closed
2026-09-15T20:58:21.299 WARN kycontroller::kymux_controller::server - Kynet accept failed: connection error: Endpoint closed
2026-09-15T20:58:21.299 WARN kycontroller::kymux_controller::server - Kynet accept failed: connection error: Endpoint closed
2026-09-15T20:58:21.299 WARN kycontroller::kymux_controller::server - Kynet accept failed: connection error: Endpoint closed
2026-09-15T20:58:21.299 WARN kycontroller::kymux_controller::server - Kynet accept failed: connection error: Endpoint closed
2026-09-15T20:58:21.299 WARN kycontroller::kymux_controller::server - Kynet accept failed: connection error: Endpoint closed
2026-09-15T20:58:21.299 WARN kycontroller::kymux_controller::server - Kynet accept failed: connection error: Endpoint closed
2026-09-15T20:58:21.299 WARN kycontroller::kymux_controller::server - Kynet accept failed: connection error: Endpoint closed
2026-09-15T20:58:21.299 WARN kycontroller::kymux_controller::server - Kynet accept failed: connection error: Endpoint closed
2026-09-15T20:58:21.299 WARN kycontroller::kymux_controller::server - Kynet accept failed: connection error: Endpoint closed
2026-09-15T20:58:21.299 WARN kycontroller::kymux_controller::server - Kynet accept failed: connection error: Endpoint closed
2026-09-15T20:58:21.299 WARN kycontroller::kymux_controller::server - Kynet accept failed: connection error: Endpoint closed
2026-09-15T20:58:21.299 WARN kycontroller::kymux_controller::server - Kynet accept failed: connection error: Endpoint closed
2026-09-15T20:58:21.299 WARN kycontroller::kymux_controller::server - Kynet accept failed: connection error: Endpoint closed
2026-09-15T20:58:21.299 WARN kycontroller::kymux_controller::server - Kynet accept failed: connection error: Endpoint closed
2026-09-15T20:58:21.299 WARN kycontroller::kymux_controller::server - Kynet accept failed: connection error: Endpoint closed
2026-09-15T20:58:21.299 WARN kycontroller::kymux_controller::server - Kynet accept failed: connection error: Endpoint closed
2026-09-15T20:58:21.299 WARN kycontroller::kymux_controller::server - Kynet accept failed: connection error: Endpoint closed
2026-09-15T20:58:21.299 WARN kycontroller::kymux_controller::server - Kynet accept failed: connection error: Endpoint closed
2026-09-15T20:58:21.299 WARN kycontroller::kymux_controller::server - Kynet accept failed: connection error: Endpoint closed
2026-09-15T20:58:21.299 WARN kycontroller::kymux_controller::server - Kynet accept failed: connection error: Endpoint closed
2026-09-15T20:58:21.299 WARN kycontroller::kymux_controller::server - Kynet accept failed: connection error: Endpoint closed
2026-09-15T20:58:21.299 WARN kycontroller::kymux_controller::server - Kynet accept failed: connection error: Endpoint closed
2026-09-15T20:58:21.299 WARN kycontroller::kymux_controller::server - Kynet accept failed: connection error: Endpoint closed
2026-09-15T20:58:21.299 WARN kycontroller::kymux_controller::server - Kynet accept failed: connection error: Endpoint closed
2026-09-15T20:58:21.299 WARN kycontroller::kymux_controller::server - Kynet accept failed: connection error: Endpoint closed
2026-09-15T20:58:21.299 WARN kycontroller::kymux_controller::server - Kynet accept failed: connection error: Endpoint closed
2026-09-15T20:58:21.299 WARN kycontroller::kymux_controller::server - Kynet accept failed: connection error: Endpoint closed
2026-09-15T20:58:21.299 WARN kycontroller::kymux_controller::server - Kynet accept failed: connection error: Endpoint closed
2026-09-15T20:58:21.299 WARN kycontroller::kymux_controller::server - Kynet accept failed: connection error: Endpoint closed
2026-09-15T20:58:21.299 WARN kycontroller::kymux_controller::server - Kynet accept failed: connection error: Endpoint closed
2026-09-15T20:58:21.299 WARN kycontroller::kymux_controller::server - Kynet accept failed: connection error: Endpoint closed
2026-09-15T20:58:21.299 WARN kycontroller::kymux_controller::server - Kynet accept failed: connection error: Endpoint closed
2026-09-15T20:58:21.299 WARN kycontroller::kymux_controller::server - Kynet accept failed: connection error: Endpoint closed
2026-09-15T20:58:21.299 WARN kycontroller::kymux_controller::server - Kynet accept failed: connection error: Endpoint closed
2026-09-15T20:58:21.299 WARN kycontroller::kymux_controller::server - Kynet accept failed: connection error: Endpoint closed
2026-09-15T20:58:21.299 WARN kycontroller::kymux_controller::server - Kynet accept failed: connection error: Endpoint closed
2026-09-15T20:58:21.299 WARN kycontroller::kymux_controller::server - Kynet accept failed: connection error: Endpoint closed
2026-09-15T20:58:21.299 WARN kycontroller::kymux_controller::server - Kynet accept failed: connection error: Endpoint closed
2026-09-15T20:58:21.299 WARN kycontroller::kymux_controller::server - Kynet accept failed: connection error: Endpoint closed
2026-09-15T20:58:21.299 WARN kycontroller::kymux_controller::server - Kynet accept failed: connection error: Endpoint closed
2026-09-15T20:58:21.299 WARN kycontroller::kymux_controller::server - Kynet accept failed: connection error: Endpoint closed
2026-09-15T20:58:21.299 WARN kycontroller::kymux_controller::server - Kynet accept failed: connection error: Endpoint closed
2026-09-15T20:58:21.299 WARN kycontroller::kymux_controller::server - Kynet accept failed: connection error: Endpoint closed
2026-09-15T20:58:21.299 WARN kycontroller::kymux_controller::server - Kynet accept failed: connection error: Endpoint closed
2026-09-15T20:58:21.299 WARN kycontroller::kymux_controller::server - Kynet accept failed: connection error: Endpoint closed
2026-09-15T20:58:21.299 WARN kycontroller::kymux_controller::server - Kynet accept failed: connection error: Endpoint closed
2026-09-15T20:58:21.299 WARN kycontroller::kymux_controller::server - Kynet accept failed: connection error: Endpoint closed
2026-09-15T20:58:21.299 WARN kycontroller::kymux_controller::server - Kynet accept failed: connection error: Endpoint closed
2026-09-15T20:58:21.299 WARN kycontroller::kymux_controller::server - Kynet accept failed: connection error: Endpoint closed
2026-09-15T20:58:21.299 WARN kycontroller::kymux_controller::server - Kynet accept failed: connection error: Endpoint closed
2026-09-15T20:58:21.299 WARN kycontroller::kymux_controller::server - Kynet accept failed: connection error: Endpoint closed
2026-09-15T20:58:21.299 WARN kycontroller::kymux_controller::server - Kynet accept failed: connection error: Endpoint closed
2026-09-15T20:58:21.299 WARN kycontroller::kymux_controller::server - Kynet accept failed: connection error: Endpoint closed
2026-09-15T20:58:21.299 WARN kycontroller::kymux_controller::server - Kynet accept failed: connection error: Endpoint closed
2026-09-15T20:58:21.300 WARN kycontroller::kymux_controller::server - Kynet accept failed: connection error: Endpoint closed
2026-09-15T20:58:21.300 WARN kycontroller::kymux_controller::server - Kynet accept failed: connection error: Endpoint closed
2026-09-15T20:58:21.300 WARN kycontroller::kymux_controller::server - Kynet accept failed: connection error: Endpoint closed
2026-09-15T20:58:21.300 WARN kycontroller::kymux_controller::server - Kynet accept failed: connection error: Endpoint closed
2026-09-15T20:58:21.300 WARN kycontroller::kymux_controller::server - Kynet accept failed: connection error: Endpoint closed
2026-09-15T20:58:21.300 WARN kycontroller::kymux_controller::server - Kynet accept failed: connection error: Endpoint closed
2026-09-15T20:58:21.300 WARN kycontroller::kymux_controller::server - Kynet accept failed: connection error: Endpoint closed
2026-09-15T20:58:21.300 WARN kycontroller::kymux_controller::server - Kynet accept failed: connection error: Endpoint closed
2026-09-15T20:58:21.300 WARN kycontroller::kymux_controller::server - Kynet accept failed: connection error: Endpoint closed
2026-09-15T20:58:21.300 WARN kycontroller::kymux_controller::server - Kynet accept failed: connection error: Endpoint closed
2026-09-15T20:58:21.300 WARN kycontroller::kymux_controller::server - Kynet accept failed: connection error: Endpoint closed
2026-09-15T20:58:21.300 WARN kycontroller::kymux_controller::server - Kynet accept failed: connection error: Endpoint closed
2026-09-15T20:58:21.300 WARN kycontroller::kymux_controller::server - Kynet accept failed: connection error: Endpoint closed
2026-09-15T20:58:21.300 WARN kycontroller::kymux_controller::server - Kynet accept failed: connection error: Endpoint closed
2026-09-15T20:58:21.300 WARN kycontroller::kymux_controller::server - Kynet accept failed: connection error: Endpoint closed
2026-09-15T20:58:21.300 WARN kycontroller::kymux_controller::server - Kynet accept failed: connection error: Endpoint closed
2026-09-15T20:58:21.300 WARN kycontroller::kymux_controller::server - Kynet accept failed: connection error: Endpoint closed
2026-09-15T20:58:21.300 WARN kycontroller::kymux_controller::server - Kynet accept failed: connection error: Endpoint closed
2026-09-15T20:58:21.300 WARN kycontroller::kymux_controller::server - Kynet accept failed: connection error: Endpoint closed
2026-09-15T20:58:21.300 WARN kycontroller::kymux_controller::server - Kynet accept failed: connection error: Endpoint closed
2026-09-15T20:58:21.300 WARN kycontroller::kymux_controller::server - Kynet accept failed: connection error: Endpoint closed
2026-09-15T20:58:21.300 WARN kycontroller::kymux_controller::server - Kynet accept failed: connection error: Endpoint closed
2026-09-15T20:58:21.300 WARN kycontroller::kymux_controller::server - Kynet accept failed: connection error: Endpoint closed
2026-09-15T20:58:21.300 WARN kycontroller::kymux_controller::server - Kynet accept failed: connection error: Endpoint closed
2026-09-15T20:58:21.300 WARN kycontroller::kymux_controller::server - Kynet accept failed: connection error: Endpoint closed
2026-09-15T20:58:21.300 WARN kycontroller::kymux_controller::server - Kynet accept failed: connection error: Endpoint closed
2026-09-15T20:58:21.300 WARN kycontroller::kymux_controller::server - Kynet accept failed: connection error: Endpoint closed
2026-09-15T20:58:21.300 WARN kycontroller::kymux_controller::server - Kynet accept failed: connection error: Endpoint closed
2026-09-15T20:58:21.300 WARN kycontroller::kymux_controller::server - Kynet accept failed: connection error: Endpoint closed
2026-09-15T20:58:21.300 WARN kycontroller::kymux_controller::server - Kynet accept failed: connection error: Endpoint closed
2026-09-15T20:58:21.300 WARN kycontroller::kymux_controller::server - Kynet accept failed: connection error: Endpoint closed
2026-09-15T20:58:21.300 WARN kycontroller::kymux_controller::server - Kynet accept failed: connection error: Endpoint closed
2026-09-15T20:58:21.300 WARN kycontroller::kymux_controller::server - Kynet accept failed: connection error: Endpoint closed
2026-09-15T20:58:21.300 WARN kycontroller::kymux_controller::server - Kynet accept failed: connection error: Endpoint closed
2026-09-15T20:58:21.300 WARN kycontroller::kymux_controller::server - Kynet accept failed: connection error: Endpoint closed
2026-09-15T20:58:21.300 WARN kycontroller::kymux_controller::server - Kynet accept failed: connection error: Endpoint closed
2026-09-15T20:58:21.300 WARN kycontroller::kymux_controller::server - Kynet accept failed: connection error: Endpoint closed
2026-09-15T20:58:21.300 WARN kycontroller::kymux_controller::server - Kynet accept failed: connection error: Endpoint closed
2026-09-15T20:58:21.300 WARN kycontroller::kymux_controller::server - Kynet accept failed: connection error: Endpoint closed
2026-09-15T20:58:21.300 WARN kycontroller::kymux_controller::server - Kynet accept failed: connection error: Endpoint closed
2026-09-15T20:58:21.300 WARN kycontroller::kymux_controller::server - Kynet accept failed: connection error: Endpoint closed
2026-09-15T20:58:21.300 WARN kycontroller::kymux_controller::server - Kynet accept failed: connection error: Endpoint closed
2026-09-15T20:58:21.300 WARN kycontroller::kymux_controller::server - Kynet accept failed: connection error: Endpoint closed
2026-09-15T20:58:21.300 WARN kycontroller::kymux_controller::server - Kynet accept failed: connection error: Endpoint closed
2026-09-15T20:58:21.300 WARN kycontroller::kymux_controller::server - Kynet accept failed: connection error: Endpoint closed
2026-09-15T20:58:21.300 WARN kycontroller::kymux_controller::server - Kynet accept failed: connection error: Endpoint closed
2026-09-15T20:58:21.300 WARN kycontroller::kymux_controller::server - Kynet accept failed: connection error: Endpoint closed
2026-09-15T20:58:21.300 WARN kycontroller::kymux_controller::server - Kynet accept failed: connection error: Endpoint closed
2026-09-15T20:58:21.300 WARN kycontroller::kymux_controller::server - Kynet accept failed: connection error: Endpoint closed
2026-09-15T20:58:21.300 WARN kycontroller::kymux_controller::server - Kynet accept failed: connection error: Endpoint closed
2026-09-15T20:58:21.300 WARN kycontroller::kymux_controller::server - Kynet accept failed: connection error: Endpoint closed
2026-09-15T20:58:21.300 WARN kycontroller::kymux_controller::server - Kynet accept failed: connection error: Endpoint closed
2026-09-15T20:58:21.300 WARN kycontroller::kymux_controller::server - Kynet accept failed: connection error: Endpoint closed
2026-09-15T20:58:21.300 WARN kycontroller::kymux_controller::server - Kynet accept failed: connection error: Endpoint closed
2026-09-15T20:58:21.300 WARN kycontroller::kymux_controller::server - Kynet accept failed: connection error: Endpoint closed
2026-09-15T20:58:21.300 WARN kycontroller::kymux_controller::server - Kynet accept failed: connection error: Endpoint closed
2026-09-15T20:58:21.300 WARN kycontroller::kymux_controller::server - Kynet accept failed: connection error: Endpoint closed
2026-09-15T20:58:21.300 WARN kycontroller::kymux_controller::server - Kynet accept failed: connection error: Endpoint closed
2026-09-15T20:58:21.300 WARN kycontroller::kymux_controller::server - Kynet accept failed: connection error: Endpoint closed
2026-09-15T20:58:21.300 WARN kycontroller::kymux_controller::server - Kynet accept failed: connection error: Endpoint closed
2026-09-15T20:58:21.300 WARN kycontroller::kymux_controller::server - Kynet accept failed: connection error: Endpoint closed
2026-09-15T20:58:21.300 WARN kycontroller::kymux_controller::server - Kynet accept failed: connection error: Endpoint closed
2026-09-15T20:58:21.300 WARN kycontroller::kymux_controller::server - Kynet accept failed: connection error: Endpoint closed
2026-09-15T20:58:21.301 WARN kycontroller::kymux_controller::server - Kynet accept failed: connection error: Endpoint closed
2026-09-15T20:58:21.301 WARN kycontroller::kymux_controller::server - Kynet accept failed: connection error: Endpoint closed
2026-09-15T20:58:21.301 WARN kycontroller::kymux_controller::server - Kynet accept failed: connection error: Endpoint closed
2026-09-15T20:58:21.301 WARN kycontroller::kymux_controller::server - Kynet accept failed: connection error: Endpoint closed
2026-09-15T20:58:21.301 WARN kycontroller::kymux_controller::server - Kynet accept failed: connection error: Endpoint closed
2026-09-15T20:58:21.301 WARN kycontroller::kymux_controller::server - Kynet accept failed: connection error: Endpoint closed
2026-09-15T20:58:21.301 WARN kycontroller::kymux_controller::server - Kynet accept failed: connection error: Endpoint closed
2026-09-15T20:58:21.301 WARN kycontroller::kymux_controller::server - Kynet accept failed: connection error: Endpoint closed
2026-09-15T20:58:21.301 WARN kycontroller::kymux_controller::server - Kynet accept failed: connection error: Endpoint closed
2026-09-15T20:58:21.301 WARN kycontroller::kymux_controller::server - Kynet accept failed: connection error: Endpoint closed
2026-09-15T20:58:21.301 WARN kycontroller::kymux_controller::server - Kynet accept failed: connection error: Endpoint closed
2026-09-15T20:58:21.301 WARN kycontroller::kymux_controller::server - Kynet accept failed: connection error: Endpoint closed
2026-09-15T20:58:21.301 WARN kycontroller::kymux_controller::server - Kynet accept failed: connection error: Endpoint closed
2026-09-15T20:58:21.301 WARN kycontroller::kymux_controller::server - Kynet accept failed: connection error: Endpoint closed
2026-09-15T20:58:21.301 WARN kycontroller::kymux_controller::server - Kynet accept failed: connection error: Endpoint closed
2026-09-15T20:58:21.301 WARN kycontroller::kymux_controller::server - Kynet accept failed: connection error: Endpoint closed
2026-09-15T20:58:21.301 WARN kycontroller::kymux_controller::server - Kynet accept failed: connection error: Endpoint closed
2026-09-15T20:58:21.301 WARN kycontroller::kymux_controller::server - Kynet accept failed: connection error: Endpoint closed
2026-09-15T20:58:21.301 WARN kycontroller::kymux_controller::server - Kynet accept failed: connection error: Endpoint closed
2026-09-15T20:58:21.301 WARN kycontroller::kymux_controller::server - Kynet accept failed: connection error: Endpoint closed
2026-09-15T20:58:21.301 WARN kycontroller::kymux_controller::server - Kynet accept failed: connection error: Endpoint closed
2026-09-15T20:58:21.301 WARN kycontroller::kymux_controller::server - Kynet accept failed: connection error: Endpoint closed
2026-09-15T20:58:21.301 WARN kycontroller::kymux_controller::server - Kynet accept failed: connection error: Endpoint closed
2026-09-15T20:58:21.301 WARN kycontroller::kymux_controller::server - Kynet accept failed: connection error: Endpoint closed
2026-09-15T20:58:21.301 WARN kycontroller::kymux_controller::server - Kynet accept failed: connection error: Endpoint closed
2026-09-15T20:58:21.301 WARN kycontroller::kymux_controller::server - Kynet accept failed: connection error: Endpoint closed
2026-09-15T20:58:21.301 WARN kycontroller::kymux_controller::server - Kynet accept failed: connection error: Endpoint closed
2026-09-15T20:58:21.301 WARN kycontroller::kymux_controller::server - Kynet accept failed: connection error: Endpoint closed
2026-09-15T20:58:21.301 WARN kycontroller::kymux_controller::server - Kynet accept failed: connection error: Endpoint closed
2026-09-15T20:58:21.301 WARN kycontroller::kymux_controller::server - Kynet accept failed: connection error: Endpoint closed
2026-09-15T20:58:21.301 WARN kycontroller::kymux_controller::server - Kynet accept failed: connection error: Endpoint closed
2026-09-15T20:58:21.301 WARN kycontroller::kymux_controller::server - Kynet accept failed: connection error: Endpoint closed
2026-09-15T20:58:21.301 WARN kycontroller::kymux_controller::server - Kynet accept failed: connection error: Endpoint closed
2026-09-15T20:58:21.301 WARN kycontroller::kymux_controller::server - Kynet accept failed: connection error: Endpoint closed
2026-09-15T20:58:21.301 WARN kycontroller::kymux_controller::server - Kynet accept failed: connection error: Endpoint closed
2026-09-15T20:58:21.301 WARN kycontroller::kymux_controller::server - Kynet accept failed: connection error: Endpoint closed
2026-09-15T20:58:21.301 WARN kycontroller::kymux_controller::server - Kynet accept failed: connection error: Endpoint closed
2026-09-15T20:58:21.301 WARN kycontroller::kymux_controller::server - Kynet accept failed: connection error: Endpoint closed
2026-09-15T20:58:21.301 WARN kycontroller::kymux_controller::server - Kynet accept failed: connection error: Endpoint closed
2026-09-15T20:58:21.301 WARN kycontroller::kymux_controller::server - Kynet accept failed: connection error: Endpoint closed
2026-09-15T20:58:21.301 WARN kycontroller::kymux_controller::server - Kynet accept failed: connection error: Endpoint closed
2026-09-15T20:58:21.301 WARN kycontroller::kymux_controller::server - Kynet accept failed: connection error: Endpoint closed
2026-09-15T20:58:21.301 WARN kycontroller::kymux_controller::server - Kynet accept failed: connection error: Endpoint closed
2026-09-15T20:58:21.301 WARN kycontroller::kymux_controller::server - Kynet accept failed: connection error: Endpoint closed
2026-09-15T20:58:21.301 WARN kycontroller::kymux_controller::server - Kynet accept failed: connection error: Endpoint closed
2026-09-15T20:58:21.301 WARN kycontroller::kymux_controller::server - Kynet accept failed: connection error: Endpoint closed
2026-09-15T20:58:21.301 WARN kycontroller::kymux_controller::server - Kynet accept failed: connection error: Endpoint closed
2026-09-15T20:58:21.302 WARN kycontroller::kymux_controller::server - Kynet accept failed: connection error: Endpoint closed
2026-09-15T20:58:21.302 WARN kycontroller::kymux_controller::server - Kynet accept failed: connection error: Endpoint closed
2026-09-15T20:58:21.302 WARN kycontroller::kymux_controller::server - Kynet accept failed: connection error: Endpoint closed
2026-09-15T20:58:21.302 WARN kycontroller::kymux_controller::server - Kynet accept failed: connection error: Endpoint closed
2026-09-15T20:58:21.302 WARN kycontroller::kymux_controller::server - Kynet accept failed: connection error: Endpoint closed
2026-09-15T20:58:21.302 WARN kycontroller::kymux_controller::server - Kynet accept failed: connection error: Endpoint closed
2026-09-15T20:58:21.302 WARN kycontroller::kymux_controller::server - Kynet accept failed: connection error: Endpoint closed
2026-09-15T20:58:21.302 WARN kycontroller::kymux_controller::server - Kynet accept failed: connection error: Endpoint closed
2026-09-15T20:58:21.302 WARN kycontroller::kymux_controller::server - Kynet accept failed: connection error: Endpoint closed
2026-09-15T20:58:21.302 WARN kycontroller::kymux_controller::server - Kynet accept failed: connection error: Endpoint closed
2026-09-15T20:58:21.302 WARN kycontroller::kymux_controller::server - Kynet accept failed: connection error: Endpoint closed
2026-09-15T20:58:21.302 WARN kycontroller::kymux_controller::server - Kynet accept failed: connection error: Endpoint closed
2026-09-15T20:58:21.302 WARN kycontroller::kymux_controller::server - Kynet accept failed: connection error: Endpoint closed
2026-09-15T20:58:21.302 WARN kycontroller::kymux_controller::server - Kynet accept failed: connection error: Endpoint closed
2026-09-15T20:58:21.302 WARN kycontroller::kymux_controller::server - Kynet accept failed: connection error: Endpoint closed
2026-09-15T20:58:21.302 WARN kycontroller::kymux_controller::server - Kynet accept failed: connection error: Endpoint closed
2026-09-15T20:58:21.302 WARN kycontroller::kymux_controller::server - Kynet accept failed: connection error: Endpoint closed
2026-09-15T20:58:21.302 WARN kycontroller::kymux_controller::server - Kynet accept failed: connection error: Endpoint closed
2026-09-15T20:58:21.302 WARN kycontroller::kymux_controller::server - Kynet accept failed: connection error: Endpoint closed
2026-09-15T20:58:21.302 WARN kycontroller::kymux_controller::server - Kynet accept failed: connection error: Endpoint closed
2026-09-15T20:58:21.302 WARN kycontroller::kymux_controller::server - Kynet accept failed: connection error: Endpoint closed
2026-09-15T20:58:21.302 WARN kycontroller::kymux_controller::server - Kynet accept failed: connection error: Endpoint closed
2026-09-15T20:58:21.302 WARN kycontroller::kymux_controller::server - Kynet accept failed: connection error: Endpoint closed
2026-09-15T20:58:21.302 WARN kycontroller::kymux_controller::server - Kynet accept failed: connection error: Endpoint closed
2026-09-15T20:58:21.302 WARN kycontroller::kymux_controller::server - Kynet accept failed: connection error: Endpoint closed
2026-09-15T20:58:21.302 WARN kycontroller::kymux_controller::server - Kynet accept failed: connection error: Endpoint closed
2026-09-15T20:58:21.302 WARN kycontroller::kymux_controller::server - Kynet accept failed: connection error: Endpoint closed
2026-09-15T20:58:21.302 WARN kycontroller::kymux_controller::server - Kynet accept failed: connection error: Endpoint closed
2026-09-15T20:58:21.302 WARN kycontroller::kymux_controller::server - Kynet accept failed: connection error: Endpoint closed
2026-09-15T20:58:21.302 WARN kycontroller::kymux_controller::server - Kynet accept failed: connection error: Endpoint closed
2026-09-15T20:58:21.302 WARN kycontroller::kymux_controller::server - Kynet accept failed: connection error: Endpoint closed
2026-09-15T20:58:21.302 WARN kycontroller::kymux_controller::server - Kynet accept failed: connection error: Endpoint closed
2026-09-15T20:58:21.302 WARN kycontroller::kymux_controller::server - Kynet accept failed: connection error: Endpoint closed
2026-09-15T20:58:21.302 WARN kycontroller::kymux_controller::server - Kynet accept failed: connection error: Endpoint closed
2026-09-15T20:58:21.302 WARN kycontroller::kymux_controller::server - Kynet accept failed: connection error: Endpoint closed
2026-09-15T20:58:21.302 WARN kycontroller::kymux_controller::server - Kynet accept failed: connection error: Endpoint closed
2026-09-15T20:58:21.302 WARN kycontroller::kymux_controller::server - Kynet accept failed: connection error: Endpoint closed
2026-09-15T20:58:21.302 WARN kycontroller::kymux_controller::server - Kynet accept failed: connection error: Endpoint closed
2026-09-15T20:58:21.302 WARN kycontroller::kymux_controller::server - Kynet accept failed: connection error: Endpoint closed
2026-09-15T20:58:21.302 WARN kycontroller::kymux_controller::server - Kynet accept failed: connection error: Endpoint closed
2026-09-15T20:58:21.302 WARN kycontroller::kymux_controller::server - Kynet accept failed: connection error: Endpoint closed
2026-09-15T20:58:21.302 WARN kycontroller::kymux_controller::server - Kynet accept failed: connection error: Endpoint closed
2026-09-15T20:58:21.302 WARN kycontroller::kymux_controller::server - Kynet accept failed: connection error: Endpoint closed
2026-09-15T20:58:21.302 WARN kycontroller::kymux_controller::server - Kynet accept failed: connection error: Endpoint closed
2026-09-15T20:58:21.302 WARN kycontroller::kymux_controller::server - Kynet accept failed: connection error: Endpoint closed
2026-09-15T20:58:21.302 WARN kycontroller::kymux_controller::server - Kynet accept failed: connection error: Endpoint closed
2026-09-15T20:58:21.302 WARN kycontroller::kymux_controller::server - Kynet accept failed: connection error: Endpoint closed
2026-09-15T20:58:21.302 WARN kycontroller::kymux_controller::server - Kynet accept failed: connection error: Endpoint closed
2026-09-15T20:58:21.302 WARN kycontroller::kymux_controller::server - Kynet accept failed: connection error: Endpoint closed
2026-09-15T20:58:21.302 WARN kycontroller::kymux_controller::server - Kynet accept failed: connection error: Endpoint closed
2026-09-15T20:58:21.303 WARN kycontroller::kymux_controller::server - Kynet accept failed: connection error: Endpoint closed
2026-09-15T20:58:21.303 WARN kycontroller::kymux_controller::server - Kynet accept failed: connection error: Endpoint closed
2026-09-15T20:58:21.303 WARN kycontroller::kymux_controller::server - Kynet accept failed: connection error: Endpoint closed
2026-09-15T20:58:21.303 WARN kycontroller::kymux_controller::server - Kynet accept failed: connection error: Endpoint closed
2026-09-15T20:58:21.303 WARN kycontroller::kymux_controller::server - Kynet accept failed: connection error: Endpoint closed
2026-09-15T20:58:21.303 WARN kycontroller::kymux_controller::server - Kynet accept failed: connection error: Endpoint closed
2026-09-15T20:58:21.303 WARN kycontroller::kymux_controller::server - Kynet accept failed: connection error: Endpoint closed
2026-09-15T20:58:21.303 WARN kycontroller::kymux_controller::server - Kynet accept failed: connection error: Endpoint closed
2026-09-15T20:58:21.303 WARN kycontroller::kymux_controller::server - Kynet accept failed: connection error: Endpoint closed
2026-09-15T20:58:21.303 WARN kycontroller::kymux_controller::server - Kynet accept failed: connection error: Endpoint closed
2026-09-15T20:58:21.303 WARN kycontroller::kymux_controller::server - Kynet accept failed: connection error: Endpoint closed
2026-09-15T20:58:21.303 WARN kycontroller::kymux_controller::server - Kynet accept failed: connection error: Endpoint closed
2026-09-15T20:58:21.303 WARN kycontroller::kymux_controller::server - Kynet accept failed: connection error: Endpoint closed
2026-09-15T20:58:21.303 WARN kycontroller::kymux_controller::server - Kynet accept failed: connection error: Endpoint closed
2026-09-15T20:58:21.303 WARN kycontroller::kymux_controller::server - Kynet accept failed: connection error: Endpoint closed
2026-09-15T20:58:21.303 WARN kycontroller::kymux_controller::server - Kynet accept failed: connection error: Endpoint closed
2026-09-15T20:58:21.303 WARN kycontroller::kymux_controller::server - Kynet accept failed: connection error: Endpoint closed
2026-09-15T20:58:21.303 WARN kycontroller::kymux_controller::server - Kynet accept failed: connection error: Endpoint closed
2026-09-15T20:58:21.303 WARN kycontroller::kymux_controller::server - Kynet accept failed: connection error: Endpoint closed
2026-09-15T20:58:21.303 WARN kycontroller::kymux_controller::server - Kynet accept failed: connection error: Endpoint closed
2026-09-15T20:58:21.303 WARN kycontroller::kymux_controller::server - Kynet accept failed: connection error: Endpoint closed
2026-09-15T20:58:21.303 WARN kycontroller::kymux_controller::server - Kynet accept failed: connection error: Endpoint closed
2026-09-15T20:58:21.303 WARN kycontroller::kymux_controller::server - Kynet accept failed: connection error: Endpoint closed
2026-09-15T20:58:21.303 WARN kycontroller::kymux_controller::server - Kynet accept failed: connection error: Endpoint closed
2026-09-15T20:58:21.303 WARN kycontroller::kymux_controller::server - Kynet accept failed: connection error: Endpoint closed
2026-09-15T20:58:21.303 WARN kycontroller::kymux_controller::server - Kynet accept failed: connection error: Endpoint closed
2026-09-15T20:58:21.303 WARN kycontroller::kymux_controller::server - Kynet accept failed: connection error: Endpoint closed
2026-09-15T20:58:21.303 WARN kycontroller::kymux_controller::server - Kynet accept failed: connection error: Endpoint closed
2026-09-15T20:58:21.303 WARN kycontroller::kymux_controller::server - Kynet accept failed: connection error: Endpoint closed
2026-09-15T20:58:21.303 WARN kycontroller::kymux_controller::server - Kynet accept failed: connection error: Endpoint closed
2026-09-15T20:58:21.303 WARN kycontroller::kymux_controller::server - Kynet accept failed: connection error: Endpoint closed
2026-09-15T20:58:21.303 WARN kycontroller::kymux_controller::server - Kynet accept failed: connection error: Endpoint closed
2026-09-15T20:58:21.303 WARN kycontroller::kymux_controller::server - Kynet accept failed: connection error: Endpoint closed
2026-09-15T20:58:21.303 WARN kycontroller::kymux_controller::server - Kynet accept failed: connection error: Endpoint closed
2026-09-15T20:58:21.303 WARN kycontroller::kymux_controller::server - Kynet accept failed: connection error: Endpoint closed
2026-09-15T20:58:21.303 WARN kycontroller::kymux_controller::server - Kynet accept failed: connection error: Endpoint closed
2026-09-15T20:58:21.303 WARN kycontroller::kymux_controller::server - Kynet accept failed: connection error: Endpoint closed
2026-09-15T20:58:21.303 WARN kycontroller::kymux_controller::server - Kynet accept failed: connection error: Endpoint closed
2026-09-15T20:58:21.303 WARN kycontroller::kymux_controller::server - Kynet accept failed: connection error: Endpoint closed
2026-09-15T20:58:21.303 WARN kycontroller::kymux_controller::server - Kynet accept failed: connection error: Endpoint closed
2026-09-15T20:58:21.303 WARN kycontroller::kymux_controller::server - Kynet accept failed: connection error: Endpoint closed
2026-09-15T20:58:21.303 WARN kycontroller::kymux_controller::server - Kynet accept failed: connection error: Endpoint closed
2026-09-15T20:58:21.303 WARN kycontroller::kymux_controller::server - Kynet accept failed: connection error: Endpoint closed
2026-09-15T20:58:21.303 WARN kycontroller::kymux_controller::server - Kynet accept failed: connection error: Endpoint closed
2026-09-15T20:58:21.303 WARN kycontroller::kymux_controller::server - Kynet accept failed: connection error: Endpoint closed
2026-09-15T20:58:21.303 WARN kycontroller::kymux_controller::server - Kynet accept failed: connection error: Endpoint closed
2026-09-15T20:58:21.303 WARN kycontroller::kymux_controller::server - Kynet accept failed: connection error: Endpoint closed
2026-09-15T20:58:21.303 WARN kycontroller::kymux_controller::server - Kynet accept failed: connection error: Endpoint closed
2026-09-15T20:58:21.303 WARN kycontroller::kymux_controller::server - Kynet accept failed: connection error: Endpoint closed
2026-09-15T20:58:21.303 WARN kycontroller::kymux_controller::server - Kynet accept failed: connection error: Endpoint closed
2026-09-15T20:58:21.303 WARN kycontroller::kymux_controller::server - Kynet accept failed: connection error: Endpoint closed
2026-09-15T20:58:21.303 WARN kycontroller::kymux_controller::server - Kynet accept failed: connection error: Endpoint closed
2026-09-15T20:58:21.303 WARN kycontroller::kymux_controller::server - Kynet accept failed: connection error: Endpoint closed
2026-09-15T20:58:21.303 WARN kycontroller::kymux_controller::server - Kynet accept failed: connection error: Endpoint closed
2026-09-15T20:58:21.303 WARN kycontroller::kymux_controller::server - Kynet accept failed: connection error: Endpoint closed
2026-09-15T20:58:21.303 WARN kycontroller::kymux_controller::server - Kynet accept failed: connection error: Endpoint closed
2026-09-15T20:58:21.303 WARN kycontroller::kymux_controller::server - Kynet accept failed: connection error: Endpoint closed
2026-09-15T20:58:21.303 WARN kycontroller::kymux_controller::server - Kynet accept failed: connection error: Endpoint closed
2026-09-15T20:58:21.303 WARN kycontroller::kymux_controller::server - Kynet accept failed: connection error: Endpoint closed
2026-09-15T20:58:21.303 WARN kycontroller::kymux_controller::server - Kynet accept failed: connection error: Endpoint closed
2026-09-15T20:58:21.303 WARN kycontroller::kymux_controller::server - Kynet accept failed: connection error: Endpoint closed
2026-09-15T20:58:21.303 WARN kycontroller::kymux_controller::server - Kynet accept failed: connection error: Endpoint closed
2026-09-15T20:58:21.304 WARN kycontroller::kymux_controller::server - Kynet accept failed: connection error: Endpoint closed
2026-09-15T20:58:21.304 WARN kycontroller::kymux_controller::server - Kynet accept failed: connection error: Endpoint closed
2026-09-15T20:58:21.304 WARN kycontroller::kymux_controller::server - Kynet accept failed: connection error: Endpoint closed
2026-09-15T20:58:21.304 WARN kycontroller::kymux_controller::server - Kynet accept failed: connection error: Endpoint closed
2026-09-15T20:58:21.304 WARN kycontroller::kymux_controller::server - Kynet accept failed: connection error: Endpoint closed
2026-09-15T20:58:21.304 WARN kycontroller::kymux_controller::server - Kynet accept failed: connection error: Endpoint closed
2026-09-15T20:58:21.304 WARN kycontroller::kymux_controller::server - Kynet accept failed: connection error: Endpoint closed
2026-09-15T20:58:21.304 WARN kycontroller::kymux_controller::server - Kynet accept failed: connection error: Endpoint closed
2026-09-15T20:58:21.304 WARN kycontroller::kymux_controller::server - Kynet accept failed: connection error: Endpoint closed
2026-09-15T20:58:21.304 WARN kycontroller::kymux_controller::server - Kynet accept failed: connection error: Endpoint closed
2026-09-15T20:58:21.304 WARN kycontroller::kymux_controller::server - Kynet accept failed: connection error: Endpoint closed
2026-09-15T20:58:21.304 WARN kycontroller::kymux_controller::server - Kynet accept failed: connection error: Endpoint closed
2026-09-15T20:58:21.304 WARN kycontroller::kymux_controller::server - Kynet accept failed: connection error: Endpoint closed
2026-09-15T20:58:21.304 WARN kycontroller::kymux_controller::server - Kynet accept failed: connection error: Endpoint closed
2026-09-15T20:58:21.304 WARN kycontroller::kymux_controller::server - Kynet accept failed: connection error: Endpoint closed
2026-09-15T20:58:21.304 WARN kycontroller::kymux_controller::server - Kynet accept failed: connection error: Endpoint closed
2026-09-15T20:58:21.304 WARN kycontroller::kymux_controller::server - Kynet accept failed: connection error: Endpoint closed
2026-09-15T20:58:21.304 WARN kycontroller::kymux_controller::server - Kynet accept failed: connection error: Endpoint closed
2026-09-15T20:58:21.304 WARN kycontroller::kymux_controller::server - Kynet accept failed: connection error: Endpoint closed
2026-09-15T20:58:21.304 WARN kycontroller::kymux_controller::server - Kynet accept failed: connection error: Endpoint closed
2026-09-15T20:58:21.304 WARN kycontroller::kymux_controller::server - Kynet accept failed: connection error: Endpoint closed
2026-09-15T20:58:21.304 WARN kycontroller::kymux_controller::server - Kynet accept failed: connection error: Endpoint closed
2026-09-15T20:58:21.304 WARN kycontroller::kymux_controller::server - Kynet accept failed: connection error: Endpoint closed
2026-09-15T20:58:21.304 WARN kycontroller::kymux_controller::server - Kynet accept failed: connection error: Endpoint closed
2026-09-15T20:58:21.304 WARN kycontroller::kymux_controller::server - Kynet accept failed: connection error: Endpoint closed
2026-09-15T20:58:21.304 WARN kycontroller::kymux_controller::server - Kynet accept failed: connection error: Endpoint closed
2026-09-15T20:58:21.304 WARN kycontroller::kymux_controller::server - Kynet accept failed: connection error: Endpoint closed
2026-09-15T20:58:21.304 WARN kycontroller::kymux_controller::server - Kynet accept failed: connection error: Endpoint closed
2026-09-15T20:58:21.304 WARN kycontroller::kymux_controller::server - Kynet accept failed: connection error: Endpoint closed
2026-09-15T20:58:21.304 WARN kycontroller::kymux_controller::server - Kynet accept failed: connection error: Endpoint closed
2026-09-15T20:58:21.304 WARN kycontroller::kymux_controller::server - Kynet accept failed: connection error: Endpoint closed
2026-09-15T20:58:21.304 WARN kycontroller::kymux_controller::server - Kynet accept failed: connection error: Endpoint closed
2026-09-15T20:58:21.304 WARN kycontroller::kymux_controller::server - Kynet accept failed: connection error: Endpoint closed
2026-09-15T20:58:21.304 WARN kycontroller::kymux_controller::server - Kynet accept failed: connection error: Endpoint closed
2026-09-15T20:58:21.304 WARN kycontroller::kymux_controller::server - Kynet accept failed: connection error: Endpoint closed
2026-09-15T20:58:21.304 WARN kycontroller::kymux_controller::server - Kynet accept failed: connection error: Endpoint closed
2026-09-15T20:58:21.304 WARN kycontroller::kymux_controller::server - Kynet accept failed: connection error: Endpoint closed
2026-09-15T20:58:21.304 WARN kycontroller::kymux_controller::server - Kynet accept failed: connection error: Endpoint closed
2026-09-15T20:58:21.304 WARN kycontroller::kymux_controller::server - Kynet accept failed: connection error: Endpoint closed
2026-09-15T20:58:21.304 WARN kycontroller::kymux_controller::server - Kynet accept failed: connection error: Endpoint closed
2026-09-15T20:58:21.304 WARN kycontroller::kymux_controller::server - Kynet accept failed: connection error: Endpoint closed
2026-09-15T20:58:21.304 WARN kycontroller::kymux_controller::server - Kynet accept failed: connection error: Endpoint closed
2026-09-15T20:58:21.304 WARN kycontroller::kymux_controller::server - Kynet accept failed: connection error: Endpoint closed
2026-09-15T20:58:21.304 WARN kycontroller::kymux_controller::server - Kynet accept failed: connection error: Endpoint closed
2026-09-15T20:58:21.304 WARN kycontroller::kymux_controller::server - Kynet accept failed: connection error: Endpoint closed
2026-09-15T20:58:21.304 WARN kycontroller::kymux_controller::server - Kynet accept failed: connection error: Endpoint closed
2026-09-15T20:58:21.304 WARN kycontroller::kymux_controller::server - Kynet accept failed: connection error: Endpoint closed
2026-09-15T20:58:21.304 WARN kycontroller::kymux_controller::server - Kynet accept failed: connection error: Endpoint closed
2026-09-15T20:58:21.304 WARN kycontroller::kymux_controller::server - Kynet accept failed: connection error: Endpoint closed
2026-09-15T20:58:21.304 WARN kycontroller::kymux_controller::server - Kynet accept failed: connection error: Endpoint closed
2026-09-15T20:58:21.304 WARN kycontroller::kymux_controller::server - Kynet accept failed: connection error: Endpoint closed
2026-09-15T20:58:21.304 WARN kycontroller::kymux_controller::server - Kynet accept failed: connection error: Endpoint closed
2026-09-15T20:58:21.304 WARN kycontroller::kymux_controller::server - Kynet accept failed: connection error: Endpoint closed
2026-09-15T20:58:21.304 WARN kycontroller::kymux_controller::server - Kynet accept failed: connection error: Endpoint closed
2026-09-15T20:58:21.304 WARN kycontroller::kymux_controller::server - Kynet accept failed: connection error: Endpoint closed
2026-09-15T20:58:21.304 WARN kycontroller::kymux_controller::server - Kynet accept failed: connection error: Endpoint closed
2026-09-15T20:58:21.304 WARN kycontroller::kymux_controller::server - Kynet accept failed: connection error: Endpoint closed
2026-09-15T20:58:21.304 WARN kycontroller::kymux_controller::server - Kynet accept failed: connection error: Endpoint closed
2026-09-15T20:58:21.304 WARN kycontroller::kymux_controller::server - Kynet accept failed: connection error: Endpoint closed
2026-09-15T20:58:21.304 WARN kycontroller::kymux_controller::server - Kynet accept failed: connection error: Endpoint closed
2026-09-15T20:58:21.304 WARN kycontroller::kymux_controller::server - Kynet accept failed: connection error: Endpoint closed
2026-09-15T20:58:21.304 WARN kycontroller::kymux_controller::server - Kynet accept failed: connection error: Endpoint closed
2026-09-15T20:58:21.304 WARN kycontroller::kymux_controller::server - Kynet accept failed: connection error: Endpoint closed
2026-09-15T20:58:21.304 WARN kycontroller::kymux_controller::server - Kynet accept failed: connection error: Endpoint closed
2026-09-15T20:58:21.304 WARN kycontroller::kymux_controller::server - Kynet accept failed: connection error: Endpoint closed
2026-09-15T20:58:21.304 WARN kycontroller::kymux_controller::server - Kynet accept failed: connection error: Endpoint closed
2026-09-15T20:58:21.304 WARN kycontroller::kymux_controller::server - Kynet accept failed: connection error: Endpoint closed
2026-09-15T20:58:21.304 WARN kycontroller::kymux_controller::server - Kynet accept failed: connection error: Endpoint closed
2026-09-15T20:58:21.304 WARN kycontroller::kymux_controller::server - Kynet accept failed: connection error: Endpoint closed
2026-09-15T20:58:21.304 WARN kycontroller::kymux_controller::server - Kynet accept failed: connection error: Endpoint closed
2026-09-15T20:58:21.304 WARN kycontroller::kymux_controller::server - Kynet accept failed: connection error: Endpoint closed
2026-09-15T20:58:21.304 WARN kycontroller::kymux_controller::server - Kynet accept failed: connection error: Endpoint closed
2026-09-15T20:58:21.304 WARN kycontroller::kymux_controller::server - Kynet accept failed: connection error: Endpoint closed
2026-09-15T20:58:21.305 WARN kycontroller::kymux_controller::server - Kynet accept failed: connection error: Endpoint closed
2026-09-15T20:58:21.305 WARN kycontroller::kymux_controller::server - Kynet accept failed: connection error: Endpoint closed
2026-09-15T20:58:21.305 WARN kycontroller::kymux_controller::server - Kynet accept failed: connection error: Endpoint closed
2026-09-15T20:58:21.305 WARN kycontroller::kymux_controller::server - Kynet accept failed: connection error: Endpoint closed
2026-09-15T20:58:21.305 WARN kycontroller::kymux_controller::server - Kynet accept failed: connection error: Endpoint closed
2026-09-15T20:58:21.305 WARN kycontroller::kymux_controller::server - Kynet accept failed: connection error: Endpoint closed
2026-09-15T20:58:21.305 WARN kycontroller::kymux_controller::server - Kynet accept failed: connection error: Endpoint closed
2026-09-15T20:58:21.305 WARN kycontroller::kymux_controller::server - Kynet accept failed: connection error: Endpoint closed
2026-09-15T20:58:21.305 WARN kycontroller::kymux_controller::server - Kynet accept failed: connection error: Endpoint closed
2026-09-15T20:58:21.305 WARN kycontroller::kymux_controller::server - Kynet accept failed: connection error: Endpoint closed
2026-09-15T20:58:21.305 WARN kycontroller::kymux_controller::server - Kynet accept failed: connection error: Endpoint closed
2026-09-15T20:58:21.305 WARN kycontroller::kymux_controller::server - Kynet accept failed: connection error: Endpoint closed
2026-09-15T20:58:21.305 WARN kycontroller::kymux_controller::server - Kynet accept failed: connection error: Endpoint closed
2026-09-15T20:58:21.305 WARN kycontroller::kymux_controller::server - Kynet accept failed: connection error: Endpoint closed
2026-09-15T20:58:21.305 WARN kycontroller::kymux_controller::server - Kynet accept failed: connection error: Endpoint closed
2026-09-15T20:58:21.305 WARN kycontroller::kymux_controller::server - Kynet accept failed: connection error: Endpoint closed
2026-09-15T20:58:21.305 WARN kycontroller::kymux_controller::server - Kynet accept failed: connection error: Endpoint closed
2026-09-15T20:58:21.305 WARN kycontroller::kymux_controller::server - Kynet accept failed: connection error: Endpoint closed
2026-09-15T20:58:21.305 WARN kycontroller::kymux_controller::server - Kynet accept failed: connection error: Endpoint closed
2026-09-15T20:58:21.305 WARN kycontroller::kymux_controller::server - Kynet accept failed: connection error: Endpoint closed
2026-09-15T20:58:21.305 WARN kycontroller::kymux_controller::server - Kynet accept failed: connection error: Endpoint closed
2026-09-15T20:58:21.305 WARN kycontroller::kymux_controller::server - Kynet accept failed: connection error: Endpoint closed
2026-09-15T20:58:21.305 WARN kycontroller::kymux_controller::server - Kynet accept failed: connection error: Endpoint closed
2026-09-15T20:58:21.305 WARN kycontroller::kymux_controller::server - Kynet accept failed: connection error: Endpoint closed
2026-09-15T20:58:21.305 WARN kycontroller::kymux_controller::server - Kynet accept failed: connection error: Endpoint closed
2026-09-15T20:58:21.305 WARN kycontroller::kymux_controller::server - Kynet accept failed: connection error: Endpoint closed
2026-09-15T20:58:21.305 WARN kycontroller::kymux_controller::server - Kynet accept failed: connection error: Endpoint closed
2026-09-15T20:58:21.305 WARN kycontroller::kymux_controller::server - Kynet accept failed: connection error: Endpoint closed
2026-09-15T20:58:21.305 WARN kycontroller::kymux_controller::server - Kynet accept failed: connection error: Endpoint closed
2026-09-15T20:58:21.305 WARN kycontroller::kymux_controller::server - Kynet accept failed: connection error: Endpoint closed
2026-09-15T20:58:21.305 WARN kycontroller::kymux_controller::server - Kynet accept failed: connection error: Endpoint closed
2026-09-15T20:58:21.305 WARN kycontroller::kymux_controller::server - Kynet accept failed: connection error: Endpoint closed
2026-09-15T20:58:21.305 WARN kycontroller::kymux_controller::server - Kynet accept failed: connection error: Endpoint closed
2026-09-15T20:58:21.305 WARN kycontroller::kymux_controller::server - Kynet accept failed: connection error: Endpoint closed
2026-09-15T20:58:21.305 WARN kycontroller::kymux_controller::server - Kynet accept failed: connection error: Endpoint closed
2026-09-15T20:58:21.305 WARN kycontroller::kymux_controller::server - Kynet accept failed: connection error: Endpoint closed
2026-09-15T20:58:21.305 WARN kycontroller::kymux_controller::server - Kynet accept failed: connection error: Endpoint closed
2026-09-15T20:58:21.305 WARN kycontroller::kymux_controller::server - Kynet accept failed: connection error: Endpoint closed
2026-09-15T20:58:21.305 WARN kycontroller::kymux_controller::server - Kynet accept failed: connection error: Endpoint closed
2026-09-15T20:58:21.305 WARN kycontroller::kymux_controller::server - Kynet accept failed: connection error: Endpoint closed
2026-09-15T20:58:21.305 WARN kycontroller::kymux_controller::server - Kynet accept failed: connection error: Endpoint closed
2026-09-15T20:58:21.305 WARN kycontroller::kymux_controller::server - Kynet accept failed: connection error: Endpoint closed
2026-09-15T20:58:21.305 WARN kycontroller::kymux_controller::server - Kynet accept failed: connection error: Endpoint closed
2026-09-15T20:58:21.305 WARN kycontroller::kymux_controller::server - Kynet accept failed: connection error: Endpoint closed
2026-09-15T20:58:21.305 WARN kycontroller::kymux_controller::server - Kynet accept failed: connection error: Endpoint closed
2026-09-15T20:58:21.305 WARN kycontroller::kymux_controller::server - Kynet accept failed: connection error: Endpoint closed
2026-09-15T20:58:21.305 WARN kycontroller::kymux_controller::server - Kynet accept failed: connection error: Endpoint closed
2026-09-15T20:58:21.305 WARN kycontroller::kymux_controller::server - Kynet accept failed: connection error: Endpoint closed
2026-09-15T20:58:21.305 WARN kycontroller::kymux_controller::server - Kynet accept failed: connection error: Endpoint closed
2026-09-15T20:58:21.305 WARN kycontroller::kymux_controller::server - Kynet accept failed: connection error: Endpoint closed
2026-09-15T20:58:21.305 WARN kycontroller::kymux_controller::server - Kynet accept failed: connection error: Endpoint closed
2026-09-15T20:58:21.305 WARN kycontroller::kymux_controller::server - Kynet accept failed: connection error: Endpoint closed
2026-09-15T20:58:21.305 WARN kycontroller::kymux_controller::server - Kynet accept failed: connection error: Endpoint closed
2026-09-15T20:58:21.305 WARN kycontroller::kymux_controller::server - Kynet accept failed: connection error: Endpoint closed
2026-09-15T20:58:21.305 WARN kycontroller::kymux_controller::server - Kynet accept failed: connection error: Endpoint closed
2026-09-15T20:58:21.305 WARN kycontroller::kymux_controller::server - Kynet accept failed: connection error: Endpoint closed
2026-09-15T20:58:21.305 WARN kycontroller::kymux_controller::server - Kynet accept failed: connection error: Endpoint closed
2026-09-15T20:58:21.305 WARN kycontroller::kymux_controller::server - Kynet accept failed: connection error: Endpoint closed
2026-09-15T20:58:21.305 WARN kycontroller::kymux_controller::server - Kynet accept failed: connection error: Endpoint closed
2026-09-15T20:58:21.305 WARN kycontroller::kymux_controller::server - Kynet accept failed: connection error: Endpoint closed
2026-09-15T20:58:21.305 WARN kycontroller::kymux_controller::server - Kynet accept failed: connection error: Endpoint closed
2026-09-15T20:58:21.305 WARN kycontroller::kymux_controller::server - Kynet accept failed: connection error: Endpoint closed
2026-09-15T20:58:21.305 WARN kycontroller::kymux_controller::server - Kynet accept failed: connection error: Endpoint closed
2026-09-15T20:58:21.305 WARN kycontroller::kymux_controller::server - Kynet accept failed: connection error: Endpoint closed
2026-09-15T20:58:21.305 WARN kycontroller::kymux_controller::server - Kynet accept failed: connection error: Endpoint closed
2026-09-15T20:58:21.306 WARN kycontroller::kymux_controller::server - Kynet accept failed: connection error: Endpoint closed
2026-09-15T20:58:21.306 WARN kycontroller::kymux_controller::server - Kynet accept failed: connection error: Endpoint closed
2026-09-15T20:58:21.306 WARN kycontroller::kymux_controller::server - Kynet accept failed: connection error: Endpoint closed
2026-09-15T20:58:21.306 WARN kycontroller::kymux_controller::server - Kynet accept failed: connection error: Endpoint closed
2026-09-15T20:58:21.306 WARN kycontroller::kymux_controller::server - Kynet accept failed: connection error: Endpoint closed
2026-09-15T20:58:21.306 WARN kycontroller::kymux_controller::server - Kynet accept failed: connection error: Endpoint closed
2026-09-15T20:58:21.306 WARN kycontroller::kymux_controller::server - Kynet accept failed: connection error: Endpoint closed
2026-09-15T20:58:21.306 WARN kycontroller::kymux_controller::server - Kynet accept failed: connection error: Endpoint closed
2026-09-15T20:58:21.306 WARN kycontroller::kymux_controller::server - Kynet accept failed: connection error: Endpoint closed
2026-09-15T20:58:21.306 WARN kycontroller::kymux_controller::server - Kynet accept failed: connection error: Endpoint closed
2026-09-15T20:58:21.306 WARN kycontroller::kymux_controller::server - Kynet accept failed: connection error: Endpoint closed
2026-09-15T20:58:21.306 WARN kycontroller::kymux_controller::server - Kynet accept failed: connection error: Endpoint closed
2026-09-15T20:58:21.306 WARN kycontroller::kymux_controller::server - Kynet accept failed: connection error: Endpoint closed
2026-09-15T20:58:21.306 WARN kycontroller::kymux_controller::server - Kynet accept failed: connection error: Endpoint closed
2026-09-15T20:58:21.306 WARN kycontroller::kymux_controller::server - Kynet accept failed: connection error: Endpoint closed
2026-09-15T20:58:21.306 WARN kycontroller::kymux_controller::server - Kynet accept failed: connection error: Endpoint closed
2026-09-15T20:58:21.306 WARN kycontroller::kymux_controller::server - Kynet accept failed: connection error: Endpoint closed
2026-09-15T20:58:21.306 WARN kycontroller::kymux_controller::server - Kynet accept failed: connection error: Endpoint closed
2026-09-15T20:58:21.306 WARN kycontroller::kymux_controller::server - Kynet accept failed: connection error: Endpoint closed
2026-09-15T20:58:21.306 WARN kycontroller::kymux_controller::server - Kynet accept failed: connection error: Endpoint closed
2026-09-15T20:58:21.306 WARN kycontroller::kymux_controller::server - Kynet accept failed: connection error: Endpoint closed
2026-09-15T20:58:21.306 WARN kycontroller::kymux_controller::server - Kynet accept failed: connection error: Endpoint closed
2026-09-15T20:58:21.306 WARN kycontroller::kymux_controller::server - Kynet accept failed: connection error: Endpoint closed
2026-09-15T20:58:21.306 WARN kycontroller::kymux_controller::server - Kynet accept failed: connection error: Endpoint closed
2026-09-15T20:58:21.306 WARN kycontroller::kymux_controller::server - Kynet accept failed: connection error: Endpoint closed
2026-09-15T20:58:21.306 WARN kycontroller::kymux_controller::server - Kynet accept failed: connection error: Endpoint closed
2026-09-15T20:58:21.306 WARN kycontroller::kymux_controller::server - Kynet accept failed: connection error: Endpoint closed
2026-09-15T20:58:21.306 WARN kycontroller::kymux_controller::server - Kynet accept failed: connection error: Endpoint closed
2026-09-15T20:58:21.306 WARN kycontroller::kymux_controller::server - Kynet accept failed: connection error: Endpoint closed
2026-09-15T20:58:21.306 WARN kycontroller::kymux_controller::server - Kynet accept failed: connection error: Endpoint closed
2026-09-15T20:58:21.306 WARN kycontroller::kymux_controller::server - Kynet accept failed: connection error: Endpoint closed
2026-09-15T20:58:21.306 WARN kycontroller::kymux_controller::server - Kynet accept failed: connection error: Endpoint closed
2026-09-15T20:58:21.306 WARN kycontroller::kymux_controller::server - Kynet accept failed: connection error: Endpoint closed
2026-09-15T20:58:21.306 WARN kycontroller::kymux_controller::server - Kynet accept failed: connection error: Endpoint closed
2026-09-15T20:58:21.306 WARN kycontroller::kymux_controller::server - Kynet accept failed: connection error: Endpoint closed
2026-09-15T20:58:21.306 WARN kycontroller::kymux_controller::server - Kynet accept failed: connection error: Endpoint closed
2026-09-15T20:58:21.306 WARN kycontroller::kymux_controller::server - Kynet accept failed: connection error: Endpoint closed
2026-09-15T20:58:21.306 WARN kycontroller::kymux_controller::server - Kynet accept failed: connection error: Endpoint closed
2026-09-15T20:58:21.306 WARN kycontroller::kymux_controller::server - Kynet accept failed: connection error: Endpoint closed
2026-09-15T20:58:21.306 WARN kycontroller::kymux_controller::server - Kynet accept failed: connection error: Endpoint closed
2026-09-15T20:58:21.306 WARN kycontroller::kymux_controller::server - Kynet accept failed: connection error: Endpoint closed
2026-09-15T20:58:21.306 WARN kycontroller::kymux_controller::server - Kynet accept failed: connection error: Endpoint closed
2026-09-15T20:58:21.306 WARN kycontroller::kymux_controller::server - Kynet accept failed: connection error: Endpoint closed
2026-09-15T20:58:21.306 WARN kycontroller::kymux_controller::server - Kynet accept failed: connection error: Endpoint closed
2026-09-15T20:58:21.306 WARN kycontroller::kymux_controller::server - Kynet accept failed: connection error: Endpoint closed
2026-09-15T20:58:21.306 WARN kycontroller::kymux_controller::server - Kynet accept failed: connection error: Endpoint closed
2026-09-15T20:58:21.306 WARN kycontroller::kymux_controller::server - Kynet accept failed: connection error: Endpoint closed
2026-09-15T20:58:21.306 WARN kycontroller::kymux_controller::server - Kynet accept failed: connection error: Endpoint closed
2026-09-15T20:58:21.306 WARN kycontroller::kymux_controller::server - Kynet accept failed: connection error: Endpoint closed
2026-09-15T20:58:21.306 WARN kycontroller::kymux_controller::server - Kynet accept failed: connection error: Endpoint closed
2026-09-15T20:58:21.306 WARN kycontroller::kymux_controller::server - Kynet accept failed: connection error: Endpoint closed
2026-09-15T20:58:21.306 WARN kycontroller::kymux_controller::server - Kynet accept failed: connection error: Endpoint closed
2026-09-15T20:58:21.306 WARN kycontroller::kymux_controller::server - Kynet accept failed: connection error: Endpoint closed
2026-09-15T20:58:21.306 WARN kycontroller::kymux_controller::server - Kynet accept failed: connection error: Endpoint closed
2026-09-15T20:58:21.306 WARN kycontroller::kymux_controller::server - Kynet accept failed: connection error: Endpoint closed
2026-09-15T20:58:21.306 WARN kycontroller::kymux_controller::server - Kynet accept failed: connection error: Endpoint closed
2026-09-15T20:58:21.306 WARN kycontroller::kymux_controller::server - Kynet accept failed: connection error: Endpoint closed
2026-09-15T20:58:21.306 WARN kycontroller::kymux_controller::server - Kynet accept failed: connection error: Endpoint closed
2026-09-15T20:58:21.306 WARN kycontroller::kymux_controller::server - Kynet accept failed: connection error: Endpoint closed
2026-09-15T20:58:21.306 WARN kycontroller::kymux_controller::server - Kynet accept failed: connection error: Endpoint closed
2026-09-15T20:58:21.306 WARN kycontroller::kymux_controller::server - Kynet accept failed: connection error: Endpoint closed
2026-09-15T20:58:21.306 WARN kycontroller::kymux_controller::server - Kynet accept failed: connection error: Endpoint closed
2026-09-15T20:58:21.306 WARN kycontroller::kymux_controller::server - Kynet accept failed: connection error: Endpoint closed
2026-09-15T20:58:21.306 WARN kycontroller::kymux_controller::server - Kynet accept failed: connection error: Endpoint closed
2026-09-15T20:58:21.306 WARN kycontroller::kymux_controller::server - Kynet accept failed: connection error: Endpoint closed
2026-09-15T20:58:21.306 WARN kycontroller::kymux_controller::server - Kynet accept failed: connection error: Endpoint closed
2026-09-15T20:58:21.306 WARN kycontroller::kymux_controller::server - Kynet accept failed: connection error: Endpoint closed
2026-09-15T20:58:21.306 WARN kycontroller::kymux_controller::server - Kynet accept failed: connection error: Endpoint closed
2026-09-15T20:58:21.306 WARN kycontroller::kymux_controller::server - Kynet accept failed: connection error: Endpoint closed
2026-09-15T20:58:21.306 WARN kycontroller::kymux_controller::server - Kynet accept failed: connection error: Endpoint closed
2026-09-15T20:58:21.306 WARN kycontroller::kymux_controller::server - Kynet accept failed: connection error: Endpoint closed
2026-09-15T20:58:21.306 WARN kycontroller::kymux_controller::server - Kynet accept failed: connection error: Endpoint closed
2026-09-15T20:58:21.306 WARN kycontroller::kymux_controller::server - Kynet accept failed: connection error: Endpoint closed
2026-09-15T20:58:21.306 WARN kycontroller::kymux_controller::server - Kynet accept failed: connection error: Endpoint closed
2026-09-15T20:58:21.306 WARN kycontroller::kymux_controller::server - Kynet accept failed: connection error: Endpoint closed
2026-09-15T20:58:21.306 WARN kycontroller::kymux_controller::server - Kynet accept failed: connection error: Endpoint closed
2026-09-15T20:58:21.306 WARN kycontroller::kymux_controller::server - Kynet accept failed: connection error: Endpoint closed
2026-09-15T20:58:21.306 WARN kycontroller::kymux_controller::server - Kynet accept failed: connection error: Endpoint closed
2026-09-15T20:58:21.306 WARN kycontroller::kymux_controller::server - Kynet accept failed: connection error: Endpoint closed
2026-09-15T20:58:21.306 WARN kycontroller::kymux_controller::server - Kynet accept failed: connection error: Endpoint closed
2026-09-15T20:58:21.306 WARN kycontroller::kymux_controller::server - Kynet accept failed: connection error: Endpoint closed
2026-09-15T20:58:21.306 WARN kycontroller::kymux_controller::server - Kynet accept failed: connection error: Endpoint closed
2026-09-15T20:58:21.306 WARN kycontroller::kymux_controller::server - Kynet accept failed: connection error: Endpoint closed
2026-09-15T20:58:21.306 WARN kycontroller::kymux_controller::server - Kynet accept failed: connection error: Endpoint closed
2026-09-15T20:58:21.306 WARN kycontroller::kymux_controller::server - Kynet accept failed: connection error: Endpoint closed
2026-09-15T20:58:21.306 WARN kycontroller::kymux_controller::server - Kynet accept failed: connection error: Endpoint closed
2026-09-15T20:58:21.306 WARN kycontroller::kymux_controller::server - Kynet accept failed: connection error: Endpoint closed
2026-09-15T20:58:21.306 WARN kycontroller::kymux_controller::server - Kynet accept failed: connection error: Endpoint closed
2026-09-15T20:58:21.306 WARN kycontroller::kymux_controller::server - Kynet accept failed: connection error: Endpoint closed
2026-09-15T20:58:21.306 WARN kycontroller::kymux_controller::server - Kynet accept failed: connection error: Endpoint closed
2026-09-15T20:58:21.306 WARN kycontroller::kymux_controller::server - Kynet accept failed: connection error: Endpoint closed
2026-09-15T20:58:21.306 WARN kycontroller::kymux_controller::server - Kynet accept failed: connection error: Endpoint closed
2026-09-15T20:58:21.306 WARN kycontroller::kymux_controller::server - Kynet accept failed: connection error: Endpoint closed
2026-09-15T20:58:21.306 WARN kycontroller::kymux_controller::server - Kynet accept failed: connection error: Endpoint closed
2026-09-15T20:58:21.306 WARN kycontroller::kymux_controller::server - Kynet accept failed: connection error: Endpoint closed
2026-09-15T20:58:21.306 WARN kycontroller::kymux_controller::server - Kynet accept failed: connection error: Endpoint closed
2026-09-15T20:58:21.306 WARN kycontroller::kymux_controller::server - Kynet accept failed: connection error: Endpoint closed
2026-09-15T20:58:21.306 WARN kycontroller::kymux_controller::server - Kynet accept failed: connection error: Endpoint closed
2026-09-15T20:58:21.307 WARN kycontroller::kymux_controller::server - Kynet accept failed: connection error: Endpoint closed
2026-09-15T20:58:21.307 WARN kycontroller::kymux_controller::server - Kynet accept failed: connection error: Endpoint closed
2026-09-15T20:58:21.307 WARN kycontroller::kymux_controller::server - Kynet accept failed: connection error: Endpoint closed
2026-09-15T20:58:21.307 WARN kycontroller::kymux_controller::server - Kynet accept failed: connection error: Endpoint closed
2026-09-15T20:58:21.307 WARN kycontroller::kymux_controller::server - Kynet accept failed: connection error: Endpoint closed
2026-09-15T20:58:21.307 WARN kycontroller::kymux_controller::server - Kynet accept failed: connection error: Endpoint closed
2026-09-15T20:58:21.307 WARN kycontroller::kymux_controller::server - Kynet accept failed: connection error: Endpoint closed
2026-09-15T20:58:21.307 WARN kycontroller::kymux_controller::server - Kynet accept failed: connection error: Endpoint closed
2026-09-15T20:58:21.307 WARN kycontroller::kymux_controller::server - Kynet accept failed: connection error: Endpoint closed
2026-09-15T20:58:21.307 WARN kycontroller::kymux_controller::server - Kynet accept failed: connection error: Endpoint closed
2026-09-15T20:58:21.307 WARN kycontroller::kymux_controller::server - Kynet accept failed: connection error: Endpoint closed
2026-09-15T20:58:21.307 WARN kycontroller::kymux_controller::server - Kynet accept failed: connection error: Endpoint closed
2026-09-15T20:58:21.307 WARN kycontroller::kymux_controller::server - Kynet accept failed: connection error: Endpoint closed
2026-09-15T20:58:21.307 WARN kycontroller::kymux_controller::server - Kynet accept failed: connection error: Endpoint closed
2026-09-15T20:58:21.307 WARN kycontroller::kymux_controller::server - Kynet accept failed: connection error: Endpoint closed
2026-09-15T20:58:21.307 WARN kycontroller::kymux_controller::server - Kynet accept failed: connection error: Endpoint closed
2026-09-15T20:58:21.307 WARN kycontroller::kymux_controller::server - Kynet accept failed: connection error: Endpoint closed
2026-09-15T20:58:21.307 WARN kycontroller::kymux_controller::server - Kynet accept failed: connection error: Endpoint closed
2026-09-15T20:58:21.307 WARN kycontroller::kymux_controller::server - Kynet accept failed: connection error: Endpoint closed
2026-09-15T20:58:21.307 WARN kycontroller::kymux_controller::server - Kynet accept failed: connection error: Endpoint closed
2026-09-15T20:58:21.307 WARN kycontroller::kymux_controller::server - Kynet accept failed: connection error: Endpoint closed
2026-09-15T20:58:21.307 WARN kycontroller::kymux_controller::server - Kynet accept failed: connection error: Endpoint closed
2026-09-15T20:58:21.307 WARN kycontroller::kymux_controller::server - Kynet accept failed: connection error: Endpoint closed
2026-09-15T20:58:21.307 WARN kycontroller::kymux_controller::server - Kynet accept failed: connection error: Endpoint closed
2026-09-15T20:58:21.307 WARN kycontroller::kymux_controller::server - Kynet accept failed: connection error: Endpoint closed
2026-09-15T20:58:21.307 WARN kycontroller::kymux_controller::server - Kynet accept failed: connection error: Endpoint closed
2026-09-15T20:58:21.307 WARN kycontroller::kymux_controller::server - Kynet accept failed: connection error: Endpoint closed
2026-09-15T20:58:21.307 WARN kycontroller::kymux_controller::server - Kynet accept failed: connection error: Endpoint closed
2026-09-15T20:58:21.307 WARN kycontroller::kymux_controller::server - Kynet accept failed: connection error: Endpoint closed
2026-09-15T20:58:21.307 WARN kycontroller::kymux_controller::server - Kynet accept failed: connection error: Endpoint closed
2026-09-15T20:58:21.307 WARN kycontroller::kymux_controller::server - Kynet accept failed: connection error: Endpoint closed
2026-09-15T20:58:21.307 WARN kycontroller::kymux_controller::server - Kynet accept failed: connection error: Endpoint closed
2026-09-15T20:58:21.307 WARN kycontroller::kymux_controller::server - Kynet accept failed: connection error: Endpoint closed
2026-09-15T20:58:21.307 WARN kycontroller::kymux_controller::server - Kynet accept failed: connection error: Endpoint closed
2026-09-15T20:58:21.307 WARN kycontroller::kymux_controller::server - Kynet accept failed: connection error: Endpoint closed
2026-09-15T20:58:21.307 WARN kycontroller::kymux_controller::server - Kynet accept failed: connection error: Endpoint closed
2026-09-15T20:58:21.307 WARN kycontroller::kymux_controller::server - Kynet accept failed: connection error: Endpoint closed
2026-09-15T20:58:21.307 WARN kycontroller::kymux_controller::server - Kynet accept failed: connection error: Endpoint closed
2026-09-15T20:58:21.307 WARN kycontroller::kymux_controller::server - Kynet accept failed: connection error: Endpoint closed
2026-09-15T20:58:21.307 WARN kycontroller::kymux_controller::server - Kynet accept failed: connection error: Endpoint closed
2026-09-15T20:58:21.307 WARN kycontroller::kymux_controller::server - Kynet accept failed: connection error: Endpoint closed
2026-09-15T20:58:21.307 WARN kycontroller::kymux_controller::server - Kynet accept failed: connection error: Endpoint closed
2026-09-15T20:58:21.307 WARN kycontroller::kymux_controller::server - Kynet accept failed: connection error: Endpoint closed
2026-09-15T20:58:21.307 WARN kycontroller::kymux_controller::server - Kynet accept failed: connection error: Endpoint closed
2026-09-15T20:58:21.307 WARN kycontroller::kymux_controller::server - Kynet accept failed: connection error: Endpoint closed
2026-09-15T20:58:21.307 WARN kycontroller::kymux_controller::server - Kynet accept failed: connection error: Endpoint closed
2026-09-15T20:58:21.307 WARN kycontroller::kymux_controller::server - Kynet accept failed: connection error: Endpoint closed
2026-09-15T20:58:21.307 WARN kycontroller::kymux_controller::server - Kynet accept failed: connection error: Endpoint closed
2026-09-15T20:58:21.307 WARN kycontroller::kymux_controller::server - Kynet accept failed: connection error: Endpoint closed
2026-09-15T20:58:21.307 WARN kycontroller::kymux_controller::server - Kynet accept failed: connection error: Endpoint closed
2026-09-15T20:58:21.307 WARN kycontroller::kymux_controller::server - Kynet accept failed: connection error: Endpoint closed
2026-09-15T20:58:21.307 WARN kycontroller::kymux_controller::server - Kynet accept failed: connection error: Endpoint closed
2026-09-15T20:58:21.307 WARN kycontroller::kymux_controller::server - Kynet accept failed: connection error: Endpoint closed
2026-09-15T20:58:21.307 WARN kycontroller::kymux_controller::server - Kynet accept failed: connection error: Endpoint closed
2026-09-15T20:58:21.307 WARN kycontroller::kymux_controller::server - Kynet accept failed: connection error: Endpoint closed
2026-09-15T20:58:21.307 WARN kycontroller::kymux_controller::server - Kynet accept failed: connection error: Endpoint closed
2026-09-15T20:58:21.307 WARN kycontroller::kymux_controller::server - Kynet accept failed: connection error: Endpoint closed
2026-09-15T20:58:21.307 WARN kycontroller::kymux_controller::server - Kynet accept failed: connection error: Endpoint closed
2026-09-15T20:58:21.307 WARN kycontroller::kymux_controller::server - Kynet accept failed: connection error: Endpoint closed
2026-09-15T20:58:21.307 WARN kycontroller::kymux_controller::server - Kynet accept failed: connection error: Endpoint closed
2026-09-15T20:58:21.307 WARN kycontroller::kymux_controller::server - Kynet accept failed: connection error: Endpoint closed
2026-09-15T20:58:21.307 WARN kycontroller::kymux_controller::server - Kynet accept failed: connection error: Endpoint closed
2026-09-15T20:58:21.307 WARN kycontroller::kymux_controller::server - Kynet accept failed: connection error: Endpoint closed
2026-09-15T20:58:21.307 WARN kycontroller::kymux_controller::server - Kynet accept failed: connection error: Endpoint closed
2026-09-15T20:58:21.307 WARN kycontroller::kymux_controller::server - Kynet accept failed: connection error: Endpoint closed
2026-09-15T20:58:21.307 WARN kycontroller::kymux_controller::server - Kynet accept failed: connection error: Endpoint closed
2026-09-15T20:58:21.307 WARN kycontroller::kymux_controller::server - Kynet accept failed: connection error: Endpoint closed
2026-09-15T20:58:21.307 WARN kycontroller::kymux_controller::server - Kynet accept failed: connection error: Endpoint closed
2026-09-15T20:58:21.307 WARN kycontroller::kymux_controller::server - Kynet accept failed: connection error: Endpoint closed
2026-09-15T20:58:21.307 WARN kycontroller::kymux_controller::server - Kynet accept failed: connection error: Endpoint closed
2026-09-15T20:58:21.307 WARN kycontroller::kymux_controller::server - Kynet accept failed: connection error: Endpoint closed
2026-09-15T20:58:21.307 WARN kycontroller::kymux_controller::server - Kynet accept failed: connection error: Endpoint closed
2026-09-15T20:58:21.307 WARN kycontroller::kymux_controller::server - Kynet accept failed: connection error: Endpoint closed
2026-09-15T20:58:21.307 WARN kycontroller::kymux_controller::server - Kynet accept failed: connection error: Endpoint closed
2026-09-15T20:58:21.307 WARN kycontroller::kymux_controller::server - Kynet accept failed: connection error: Endpoint closed
2026-09-15T20:58:21.307 WARN kycontroller::kymux_controller::server - Kynet accept failed: connection error: Endpoint closed
2026-09-15T20:58:21.307 WARN kycontroller::kymux_controller::server - Kynet accept failed: connection error: Endpoint closed
2026-09-15T20:58:21.307 WARN kycontroller::kymux_controller::server - Kynet accept failed: connection error: Endpoint closed
2026-09-15T20:58:21.307 WARN kycontroller::kymux_controller::server - Kynet accept failed: connection error: Endpoint closed
2026-09-15T20:58:21.307 WARN kycontroller::kymux_controller::server - Kynet accept failed: connection error: Endpoint closed
2026-09-15T20:58:21.307 WARN kycontroller::kymux_controller::server - Kynet accept failed: connection error: Endpoint closed
2026-09-15T20:58:21.307 WARN kycontroller::kymux_controller::server - Kynet accept failed: connection error: Endpoint closed
2026-09-15T20:58:21.307 WARN kycontroller::kymux_controller::server - Kynet accept failed: connection error: Endpoint closed
2026-09-15T20:58:21.307 WARN kycontroller::kymux_controller::server - Kynet accept failed: connection error: Endpoint closed
2026-09-15T20:58:21.307 WARN kycontroller::kymux_controller::server - Kynet accept failed: connection error: Endpoint closed
2026-09-15T20:58:21.307 WARN kycontroller::kymux_controller::server - Kynet accept failed: connection error: Endpoint closed
2026-09-15T20:58:21.307 WARN kycontroller::kymux_controller::server - Kynet accept failed: connection error: Endpoint closed
2026-09-15T20:58:21.307 WARN kycontroller::kymux_controller::server - Kynet accept failed: connection error: Endpoint closed
2026-09-15T20:58:21.307 WARN kycontroller::kymux_controller::server - Kynet accept failed: connection error: Endpoint closed
2026-09-15T20:58:21.307 WARN kycontroller::kymux_controller::server - Kynet accept failed: connection error: Endpoint closed
2026-09-15T20:58:21.307 WARN kycontroller::kymux_controller::server - Kynet accept failed: connection error: Endpoint closed
2026-09-15T20:58:21.307 WARN kycontroller::kymux_controller::server - Kynet accept failed: connection error: Endpoint closed
2026-09-15T20:58:21.307 WARN kycontroller::kymux_controller::server - Kynet accept failed: connection error: Endpoint closed
2026-09-15T20:58:21.307 WARN kycontroller::kymux_controller::server - Kynet accept failed: connection error: Endpoint closed
2026-09-15T20:58:21.307 WARN kycontroller::kymux_controller::server - Kynet accept failed: connection error: Endpoint closed
2026-09-15T20:58:21.307 WARN kycontroller::kymux_controller::server - Kynet accept failed: connection error: Endpoint closed
2026-09-15T20:58:21.307 WARN kycontroller::kymux_controller::server - Kynet accept failed: connection error: Endpoint closed
2026-09-15T20:58:21.307 WARN kycontroller::kymux_controller::server - Kynet accept failed: connection error: Endpoint closed
2026-09-15T20:58:21.307 WARN kycontroller::kymux_controller::server - Kynet accept failed: connection error: Endpoint closed
2026-09-15T20:58:21.307 WARN kycontroller::kymux_controller::server - Kynet accept failed: connection error: Endpoint closed
2026-09-15T20:58:21.307 WARN kycontroller::kymux_controller::server - Kynet accept failed: connection error: Endpoint closed
2026-09-15T20:58:21.307 WARN kycontroller::kymux_controller::server - Kynet accept failed: connection error: Endpoint closed
2026-09-15T20:58:21.307 WARN kycontroller::kymux_controller::server - Kynet accept failed: connection error: Endpoint closed
2026-09-15T20:58:21.307 WARN kycontroller::kymux_controller::server - Kynet accept failed: connection error: Endpoint closed
2026-09-15T20:58:21.307 WARN kycontroller::kymux_controller::server - Kynet accept failed: connection error: Endpoint closed
2026-09-15T20:58:21.307 WARN kycontroller::kymux_controller::server - Kynet accept failed: connection error: Endpoint closed
2026-09-15T20:58:21.307 WARN kycontroller::kymux_controller::server - Kynet accept failed: connection error: Endpoint closed
2026-09-15T20:58:21.307 WARN kycontroller::kymux_controller::server - Kynet accept failed: connection error: Endpoint closed
2026-09-15T20:58:21.307 WARN kycontroller::kymux_controller::server - Kynet accept failed: connection error: Endpoint closed
2026-09-15T20:58:21.307 WARN kycontroller::kymux_controller::server - Kynet accept failed: connection error: Endpoint closed
2026-09-15T20:58:21.307 WARN kycontroller::kymux_controller::server - Kynet accept failed: connection error: Endpoint closed
2026-09-15T20:58:21.307 WARN kycontroller::kymux_controller::server - Kynet accept failed: connection error: Endpoint closed
2026-09-15T20:58:21.307 WARN kycontroller::kymux_controller::server - Kynet accept failed: connection error: Endpoint closed
2026-09-15T20:58:21.308 WARN kycontroller::kymux_controller::server - Kynet accept failed: connection error: Endpoint closed
2026-09-15T20:58:21.308 WARN kycontroller::kymux_controller::server - Kynet accept failed: connection error: Endpoint closed
2026-09-15T20:58:21.308 WARN kycontroller::kymux_controller::server - Kynet accept failed: connection error: Endpoint closed
2026-09-15T20:58:21.308 WARN kycontroller::kymux_controller::server - Kynet accept failed: connection error: Endpoint closed
2026-09-15T20:58:21.308 WARN kycontroller::kymux_controller::server - Kynet accept failed: connection error: Endpoint closed
2026-09-15T20:58:21.308 WARN kycontroller::kymux_controller::server - Kynet accept failed: connection error: Endpoint closed
2026-09-15T20:58:21.308 WARN kycontroller::kymux_controller::server - Kynet accept failed: connection error: Endpoint closed
2026-09-15T20:58:21.308 WARN kycontroller::kymux_controller::server - Kynet accept failed: connection error: Endpoint closed
2026-09-15T20:58:21.308 WARN kycontroller::kymux_controller::server - Kynet accept failed: connection error: Endpoint closed
2026-09-15T20:58:21.308 WARN kycontroller::kymux_controller::server - Kynet accept failed: connection error: Endpoint closed
2026-09-15T20:58:21.308 WARN kycontroller::kymux_controller::server - Kynet accept failed: connection error: Endpoint closed
2026-09-15T20:58:21.308 WARN kycontroller::kymux_controller::server - Kynet accept failed: connection error: Endpoint closed
2026-09-15T20:58:21.308 WARN kycontroller::kymux_controller::server - Kynet accept failed: connection error: Endpoint closed
2026-09-15T20:58:21.308 WARN kycontroller::kymux_controller::server - Kynet accept failed: connection error: Endpoint closed
2026-09-15T20:58:21.308 WARN kycontroller::kymux_controller::server - Kynet accept failed: connection error: Endpoint closed
2026-09-15T20:58:21.308 WARN kycontroller::kymux_controller::server - Kynet accept failed: connection error: Endpoint closed
2026-09-15T20:58:21.308 WARN kycontroller::kymux_controller::server - Kynet accept failed: connection error: Endpoint closed
2026-09-15T20:58:21.308 WARN kycontroller::kymux_controller::server - Kynet accept failed: connection error: Endpoint closed
2026-09-15T20:58:21.308 WARN kycontroller::kymux_controller::server - Kynet accept failed: connection error: Endpoint closed
2026-09-15T20:58:21.308 WARN kycontroller::kymux_controller::server - Kynet accept failed: connection error: Endpoint closed
2026-09-15T20:58:21.308 WARN kycontroller::kymux_controller::server - Kynet accept failed: connection error: Endpoint closed
2026-09-15T20:58:21.308 WARN kycontroller::kymux_controller::server - Kynet accept failed: connection error: Endpoint closed
2026-09-15T20:58:21.308 WARN kycontroller::kymux_controller::server - Kynet accept failed: connection error: Endpoint closed
2026-09-15T20:58:21.308 WARN kycontroller::kymux_controller::server - Kynet accept failed: connection error: Endpoint closed
2026-09-15T20:58:21.308 WARN kycontroller::kymux_controller::server - Kynet accept failed: connection error: Endpoint closed
2026-09-15T20:58:21.308 WARN kycontroller::kymux_controller::server - Kynet accept failed: connection error: Endpoint closed
2026-09-15T20:58:21.308 WARN kycontroller::kymux_controller::server - Kynet accept failed: connection error: Endpoint closed
2026-09-15T20:58:21.308 WARN kycontroller::kymux_controller::server - Kynet accept failed: connection error: Endpoint closed
2026-09-15T20:58:21.308 WARN kycontroller::kymux_controller::server - Kynet accept failed: connection error: Endpoint closed
2026-09-15T20:58:21.308 WARN kycontroller::kymux_controller::server - Kynet accept failed: connection error: Endpoint closed
2026-09-15T20:58:21.308 WARN kycontroller::kymux_controller::server - Kynet accept failed: connection error: Endpoint closed
2026-09-15T20:58:21.308 WARN kycontroller::kymux_controller::server - Kynet accept failed: connection error: Endpoint closed
2026-09-15T20:58:21.308 WARN kycontroller::kymux_controller::server - Kynet accept failed: connection error: Endpoint closed
2026-09-15T20:58:21.308 WARN kycontroller::kymux_controller::server - Kynet accept failed: connection error: Endpoint closed
2026-09-15T20:58:21.308 WARN kycontroller::kymux_controller::server - Kynet accept failed: connection error: Endpoint closed
2026-09-15T20:58:21.308 WARN kycontroller::kymux_controller::server - Kynet accept failed: connection error: Endpoint closed
2026-09-15T20:58:21.308 WARN kycontroller::kymux_controller::server - Kynet accept failed: connection error: Endpoint closed
2026-09-15T20:58:21.308 WARN kycontroller::kymux_controller::server - Kynet accept failed: connection error: Endpoint closed
2026-09-15T20:58:21.308 WARN kycontroller::kymux_controller::server - Kynet accept failed: connection error: Endpoint closed
2026-09-15T20:58:21.308 WARN kycontroller::kymux_controller::server - Kynet accept failed: connection error: Endpoint closed
2026-09-15T20:58:21.308 WARN kycontroller::kymux_controller::server - Kynet accept failed: connection error: Endpoint closed
2026-09-15T20:58:21.308 WARN kycontroller::kymux_controller::server - Kynet accept failed: connection error: Endpoint closed
2026-09-15T20:58:21.308 WARN kycontroller::kymux_controller::server - Kynet accept failed: connection error: Endpoint closed
2026-09-15T20:58:21.308 WARN kycontroller::kymux_controller::server - Kynet accept failed: connection error: Endpoint closed
2026-09-15T20:58:21.308 WARN kycontroller::kymux_controller::server - Kynet accept failed: connection error: Endpoint closed
2026-09-15T20:58:21.308 WARN kycontroller::kymux_controller::server - Kynet accept failed: connection error: Endpoint closed
2026-09-15T20:58:21.308 WARN kycontroller::kymux_controller::server - Kynet accept failed: connection error: Endpoint closed
2026-09-15T20:58:21.308 WARN kycontroller::kymux_controller::server - Kynet accept failed: connection error: Endpoint closed
2026-09-15T20:58:21.308 WARN kycontroller::kymux_controller::server - Kynet accept failed: connection error: Endpoint closed
2026-09-15T20:58:21.308 WARN kycontroller::kymux_controller::server - Kynet accept failed: connection error: Endpoint closed
2026-09-15T20:58:21.308 WARN kycontroller::kymux_controller::server - Kynet accept failed: connection error: Endpoint closed
2026-09-15T20:58:21.308 WARN kycontroller::kymux_controller::server - Kynet accept failed: connection error: Endpoint closed
2026-09-15T20:58:21.308 WARN kycontroller::kymux_controller::server - Kynet accept failed: connection error: Endpoint closed
2026-09-15T20:58:21.308 WARN kycontroller::kymux_controller::server - Kynet accept failed: connection error: Endpoint closed
2026-09-15T20:58:21.308 WARN kycontroller::kymux_controller::server - Kynet accept failed: connection error: Endpoint closed
2026-09-15T20:58:21.308 WARN kycontroller::kymux_controller::server - Kynet accept failed: connection error: Endpoint closed
2026-09-15T20:58:21.308 WARN kycontroller::kymux_controller::server - Kynet accept failed: connection error: Endpoint closed
2026-09-15T20:58:21.308 WARN kycontroller::kymux_controller::server - Kynet accept failed: connection error: Endpoint closed
2026-09-15T20:58:21.308 WARN kycontroller::kymux_controller::server - Kynet accept failed: connection error: Endpoint closed
2026-09-15T20:58:21.308 WARN kycontroller::kymux_controller::server - Kynet accept failed: connection error: Endpoint closed
2026-09-15T20:58:21.308 WARN kycontroller::kymux_controller::server - Kynet accept failed: connection error: Endpoint closed
2026-09-15T20:58:21.308 WARN kycontroller::kymux_controller::server - Kynet accept failed: connection error: Endpoint closed
2026-09-15T20:58:21.308 WARN kycontroller::kymux_controller::server - Kynet accept failed: connection error: Endpoint closed
2026-09-15T20:58:21.308 WARN kycontroller::kymux_controller::server - Kynet accept failed: connection error: Endpoint closed
2026-09-15T20:58:21.308 WARN kycontroller::kymux_controller::server - Kynet accept failed: connection error: Endpoint closed
2026-09-15T20:58:21.308 WARN kycontroller::kymux_controller::server - Kynet accept failed: connection error: Endpoint closed
2026-09-15T20:58:21.308 WARN kycontroller::kymux_controller::server - Kynet accept failed: connection error: Endpoint closed
2026-09-15T20:58:21.308 WARN kycontroller::kymux_controller::server - Kynet accept failed: connection error: Endpoint closed
2026-09-15T20:58:21.308 WARN kycontroller::kymux_controller::server - Kynet accept failed: connection error: Endpoint closed
2026-09-15T20:58:21.308 WARN kycontroller::kymux_controller::server - Kynet accept failed: connection error: Endpoint closed
2026-09-15T20:58:21.308 WARN kycontroller::kymux_controller::server - Kynet accept failed: connection error: Endpoint closed
2026-09-15T20:58:21.308 WARN kycontroller::kymux_controller::server - Kynet accept failed: connection error: Endpoint closed
2026-09-15T20:58:21.308 WARN kycontroller::kymux_controller::server - Kynet accept failed: connection error: Endpoint closed
2026-09-15T20:58:21.308 WARN kycontroller::kymux_controller::server - Kynet accept failed: connection error: Endpoint closed
2026-09-15T20:58:21.308 WARN kycontroller::kymux_controller::server - Kynet accept failed: connection error: Endpoint closed
2026-09-15T20:58:21.308 WARN kycontroller::kymux_controller::server - Kynet accept failed: connection error: Endpoint closed
2026-09-15T20:58:21.308 WARN kycontroller::kymux_controller::server - Kynet accept failed: connection error: Endpoint closed
2026-09-15T20:58:21.308 WARN kycontroller::kymux_controller::server - Kynet accept failed: connection error: Endpoint closed
2026-09-15T20:58:21.308 WARN kycontroller::kymux_controller::server - Kynet accept failed: connection error: Endpoint closed
2026-09-15T20:58:21.308 WARN kycontroller::kymux_controller::server - Kynet accept failed: connection error: Endpoint closed
2026-09-15T20:58:21.308 WARN kycontroller::kymux_controller::server - Kynet accept failed: connection error: Endpoint closed
2026-09-15T20:58:21.308 WARN kycontroller::kymux_controller::server - Kynet accept failed: connection error: Endpoint closed
2026-09-15T20:58:21.308 WARN kycontroller::kymux_controller::server - Kynet accept failed: connection error: Endpoint closed
2026-09-15T20:58:21.308 WARN kycontroller::kymux_controller::server - Kynet accept failed: connection error: Endpoint closed
2026-09-15T20:58:21.308 WARN kycontroller::kymux_controller::server - Kynet accept failed: connection error: Endpoint closed
2026-09-15T20:58:21.308 WARN kycontroller::kymux_controller::server - Kynet accept failed: connection error: Endpoint closed
2026-09-15T20:58:21.308 WARN kycontroller::kymux_controller::server - Kynet accept failed: connection error: Endpoint closed
2026-09-15T20:58:21.308 WARN kycontroller::kymux_controller::server - Kynet accept failed: connection error: Endpoint closed
2026-09-15T20:58:21.308 WARN kycontroller::kymux_controller::server - Kynet accept failed: connection error: Endpoint closed
2026-09-15T20:58:21.308 WARN kycontroller::kymux_controller::server - Kynet accept failed: connection error: Endpoint closed
2026-09-15T20:58:21.308 WARN kycontroller::kymux_controller::server - Kynet accept failed: connection error: Endpoint closed
2026-09-15T20:58:21.308 WARN kycontroller::kymux_controller::server - Kynet accept failed: connection error: Endpoint closed
2026-09-15T20:58:21.308 WARN kycontroller::kymux_controller::server - Kynet accept failed: connection error: Endpoint closed
2026-09-15T20:58:21.308 WARN kycontroller::kymux_controller::server - Kynet accept failed: connection error: Endpoint closed
2026-09-15T20:58:21.308 WARN kycontroller::kymux_controller::server - Kynet accept failed: connection error: Endpoint closed
2026-09-15T20:58:21.308 WARN kycontroller::kymux_controller::server - Kynet accept failed: connection error: Endpoint closed
2026-09-15T20:58:21.308 WARN kycontroller::kymux_controller::server - Kynet accept failed: connection error: Endpoint closed
2026-09-15T20:58:21.308 WARN kycontroller::kymux_controller::server - Kynet accept failed: connection error: Endpoint closed
2026-09-15T20:58:21.308 WARN kycontroller::kymux_controller::server - Kynet accept failed: connection error: Endpoint closed
2026-09-15T20:58:21.308 WARN kycontroller::kymux_controller::server - Kynet accept failed: connection error: Endpoint closed
2026-09-15T20:58:21.308 WARN kycontroller::kymux_controller::server - Kynet accept failed: connection error: Endpoint closed
2026-09-15T20:58:21.308 WARN kycontroller::kymux_controller::server - Kynet accept failed: connection error: Endpoint closed
2026-09-15T20:58:21.308 WARN kycontroller::kymux_controller::server - Kynet accept failed: connection error: Endpoint closed
2026-09-15T20:58:21.308 WARN kycontroller::kymux_controller::server - Kynet accept failed: connection error: Endpoint closed
2026-09-15T20:58:21.308 WARN kycontroller::kymux_controller::server - Kynet accept failed: connection error: Endpoint closed
2026-09-15T20:58:21.308 WARN kycontroller::kymux_controller::server - Kynet accept failed: connection error: Endpoint closed
2026-09-15T20:58:21.308 WARN kycontroller::kymux_controller::server - Kynet accept failed: connection error: Endpoint closed
2026-09-15T20:58:21.308 WARN kycontroller::kymux_controller::server - Kynet accept failed: connection error: Endpoint closed
2026-09-15T20:58:21.308 WARN kycontroller::kymux_controller::server - Kynet accept failed: connection error: Endpoint closed
2026-09-15T20:58:21.308 WARN kycontroller::kymux_controller::server - Kynet accept failed: connection error: Endpoint closed
2026-09-15T20:58:21.308 WARN kycontroller::kymux_controller::server - Kynet accept failed: connection error: Endpoint closed
2026-09-15T20:58:21.308 WARN kycontroller::kymux_controller::server - Kynet accept failed: connection error: Endpoint closed
2026-09-15T20:58:21.308 WARN kycontroller::kymux_controller::server - Kynet accept failed: connection error: Endpoint closed
2026-09-15T20:58:21.309 WARN kycontroller::kymux_controller::server - Kynet accept failed: connection error: Endpoint closed
2026-09-15T20:58:21.309 WARN kycontroller::kymux_controller::server - Kynet accept failed: connection error: Endpoint closed
2026-09-15T20:58:21.309 WARN kycontroller::kymux_controller::server - Kynet accept failed: connection error: Endpoint closed
2026-09-15T20:58:21.309 WARN kycontroller::kymux_controller::server - Kynet accept failed: connection error: Endpoint closed
2026-09-15T20:58:21.309 WARN kycontroller::kymux_controller::server - Kynet accept failed: connection error: Endpoint closed
2026-09-15T20:58:21.309 WARN kycontroller::kymux_controller::server - Kynet accept failed: connection error: Endpoint closed
2026-09-15T20:58:21.309 WARN kycontroller::kymux_controller::server - Kynet accept failed: connection error: Endpoint closed
2026-09-15T20:58:21.309 WARN kycontroller::kymux_controller::server - Kynet accept failed: connection error: Endpoint closed
2026-09-15T20:58:21.309 WARN kycontroller::kymux_controller::server - Kynet accept failed: connection error: Endpoint closed
2026-09-15T20:58:21.309 WARN kycontroller::kymux_controller::server - Kynet accept failed: connection error: Endpoint closed
2026-09-15T20:58:21.309 WARN kycontroller::kymux_controller::server - Kynet accept failed: connection error: Endpoint closed
2026-09-15T20:58:21.309 WARN kycontroller::kymux_controller::server - Kynet accept failed: connection error: Endpoint closed
2026-09-15T20:58:21.309 WARN kycontroller::kymux_controller::server - Kynet accept failed: connection error: Endpoint closed
2026-09-15T20:58:21.309 WARN kycontroller::kymux_controller::server - Kynet accept failed: connection error: Endpoint closed
2026-09-15T20:58:21.309 WARN kycontroller::kymux_controller::server - Kynet accept failed: connection error: Endpoint closed
2026-09-15T20:58:21.309 WARN kycontroller::kymux_controller::server - Kynet accept failed: connection error: Endpoint closed
2026-09-15T20:58:21.309 WARN kycontroller::kymux_controller::server - Kynet accept failed: connection error: Endpoint closed
2026-09-15T20:58:21.309 WARN kycontroller::kymux_controller::server - Kynet accept failed: connection error: Endpoint closed
2026-09-15T20:58:21.309 WARN kycontroller::kymux_controller::server - Kynet accept failed: connection error: Endpoint closed
2026-09-15T20:58:21.309 WARN kycontroller::kymux_controller::server - Kynet accept failed: connection error: Endpoint closed
2026-09-15T20:58:21.309 WARN kycontroller::kymux_controller::server - Kynet accept failed: connection error: Endpoint closed
2026-09-15T20:58:21.309 WARN kycontroller::kymux_controller::server - Kynet accept failed: connection error: Endpoint closed
2026-09-15T20:58:21.309 WARN kycontroller::kymux_controller::server - Kynet accept failed: connection error: Endpoint closed
2026-09-15T20:58:21.309 WARN kycontroller::kymux_controller::server - Kynet accept failed: connection error: Endpoint closed
2026-09-15T20:58:21.309 WARN kycontroller::kymux_controller::server - Kynet accept failed: connection error: Endpoint closed
2026-09-15T20:58:21.309 WARN kycontroller::kymux_controller::server - Kynet accept failed: connection error: Endpoint closed
2026-09-15T20:58:21.309 WARN kycontroller::kymux_controller::server - Kynet accept failed: connection error: Endpoint closed
2026-09-15T20:58:21.309 WARN kycontroller::kymux_controller::server - Kynet accept failed: connection error: Endpoint closed
2026-09-15T20:58:21.309 WARN kycontroller::kymux_controller::server - Kynet accept failed: connection error: Endpoint closed
2026-09-15T20:58:21.309 WARN kycontroller::kymux_controller::server - Kynet accept failed: connection error: Endpoint closed
2026-09-15T20:58:21.309 WARN kycontroller::kymux_controller::server - Kynet accept failed: connection error: Endpoint closed
2026-09-15T20:58:21.309 WARN kycontroller::kymux_controller::server - Kynet accept failed: connection error: Endpoint closed
2026-09-15T20:58:21.309 WARN kycontroller::kymux_controller::server - Kynet accept failed: connection error: Endpoint closed
2026-09-15T20:58:21.309 WARN kycontroller::kymux_controller::server - Kynet accept failed: connection error: Endpoint closed
2026-09-15T20:58:21.309 WARN kycontroller::kymux_controller::server - Kynet accept failed: connection error: Endpoint closed
2026-09-15T20:58:21.309 WARN kycontroller::kymux_controller::server - Kynet accept failed: connection error: Endpoint closed
2026-09-15T20:58:21.309 WARN kycontroller::kymux_controller::server - Kynet accept failed: connection error: Endpoint closed
2026-09-15T20:58:21.309 WARN kycontroller::kymux_controller::server - Kynet accept failed: connection error: Endpoint closed
2026-09-15T20:58:21.309 WARN kycontroller::kymux_controller::server - Kynet accept failed: connection error: Endpoint closed
2026-09-15T20:58:21.309 WARN kycontroller::kymux_controller::server - Kynet accept failed: connection error: Endpoint closed
2026-09-15T20:58:21.309 WARN kycontroller::kymux_controller::server - Kynet accept failed: connection error: Endpoint closed
2026-09-15T20:58:21.309 WARN kycontroller::kymux_controller::server - Kynet accept failed: connection error: Endpoint closed
2026-09-15T20:58:21.309 WARN kycontroller::kymux_controller::server - Kynet accept failed: connection error: Endpoint closed
2026-09-15T20:58:21.309 WARN kycontroller::kymux_controller::server - Kynet accept failed: connection error: Endpoint closed
2026-09-15T20:58:21.309 WARN kycontroller::kymux_controller::server - Kynet accept failed: connection error: Endpoint closed
2026-09-15T20:58:21.309 WARN kycontroller::kymux_controller::server - Kynet accept failed: connection error: Endpoint closed
2026-09-15T20:58:21.309 WARN kycontroller::kymux_controller::server - Kynet accept failed: connection error: Endpoint closed
2026-09-15T20:58:21.309 WARN kycontroller::kymux_controller::server - Kynet accept failed: connection error: Endpoint closed
2026-09-15T20:58:21.309 WARN kycontroller::kymux_controller::server - Kynet accept failed: connection error: Endpoint closed
2026-09-15T20:58:21.309 WARN kycontroller::kymux_controller::server - Kynet accept failed: connection error: Endpoint closed
2026-09-15T20:58:21.309 WARN kycontroller::kymux_controller::server - Kynet accept failed: connection error: Endpoint closed
2026-09-15T20:58:21.309 WARN kycontroller::kymux_controller::server - Kynet accept failed: connection error: Endpoint closed
2026-09-15T20:58:21.309 WARN kycontroller::kymux_controller::server - Kynet accept failed: connection error: Endpoint closed
2026-09-15T20:58:21.309 WARN kycontroller::kymux_controller::server - Kynet accept failed: connection error: Endpoint closed
2026-09-15T20:58:21.309 WARN kycontroller::kymux_controller::server - Kynet accept failed: connection error: Endpoint closed
2026-09-15T20:58:21.309 WARN kycontroller::kymux_controller::server - Kynet accept failed: connection error: Endpoint closed
2026-09-15T20:58:21.309 WARN kycontroller::kymux_controller::server - Kynet accept failed: connection error: Endpoint closed
2026-09-15T20:58:21.309 WARN kycontroller::kymux_controller::server - Kynet accept failed: connection error: Endpoint closed
2026-09-15T20:58:21.309 WARN kycontroller::kymux_controller::server - Kynet accept failed: connection error: Endpoint closed
2026-09-15T20:58:21.309 WARN kycontroller::kymux_controller::server - Kynet accept failed: connection error: Endpoint closed
2026-09-15T20:58:21.309 WARN kycontroller::kymux_controller::server - Kynet accept failed: connection error: Endpoint closed
2026-09-15T20:58:21.309 WARN kycontroller::kymux_controller::server - Kynet accept failed: connection error: Endpoint closed
2026-09-15T20:58:21.309 WARN kycontroller::kymux_controller::server - Kynet accept failed: connection error: Endpoint closed
2026-09-15T20:58:21.309 WARN kycontroller::kymux_controller::server - Kynet accept failed: connection error: Endpoint closed
2026-09-15T20:58:21.309 WARN kycontroller::kymux_controller::server - Kynet accept failed: connection error: Endpoint closed
2026-09-15T20:58:21.309 WARN kycontroller::kymux_controller::server - Kynet accept failed: connection error: Endpoint closed
2026-09-15T20:58:21.309 WARN kycontroller::kymux_controller::server - Kynet accept failed: connection error: Endpoint closed
2026-09-15T20:58:21.309 WARN kycontroller::kymux_controller::server - Kynet accept failed: connection error: Endpoint closed
2026-09-15T20:58:21.309 WARN kycontroller::kymux_controller::server - Kynet accept failed: connection error: Endpoint closed
2026-09-15T20:58:21.309 WARN kycontroller::kymux_controller::server - Kynet accept failed: connection error: Endpoint closed
2026-09-15T20:58:21.309 WARN kycontroller::kymux_controller::server - Kynet accept failed: connection error: Endpoint closed
2026-09-15T20:58:21.309 WARN kycontroller::kymux_controller::server - Kynet accept failed: connection error: Endpoint closed
2026-09-15T20:58:21.309 WARN kycontroller::kymux_controller::server - Kynet accept failed: connection error: Endpoint closed
2026-09-15T20:58:21.309 WARN kycontroller::kymux_controller::server - Kynet accept failed: connection error: Endpoint closed
2026-09-15T20:58:21.309 WARN kycontroller::kymux_controller::server - Kynet accept failed: connection error: Endpoint closed
2026-09-15T20:58:21.309 WARN kycontroller::kymux_controller::server - Kynet accept failed: connection error: Endpoint closed
2026-09-15T20:58:21.309 WARN kycontroller::kymux_controller::server - Kynet accept failed: connection error: Endpoint closed
2026-09-15T20:58:21.309 WARN kycontroller::kymux_controller::server - Kynet accept failed: connection error: Endpoint closed
2026-09-15T20:58:21.309 WARN kycontroller::kymux_controller::server - Kynet accept failed: connection error: Endpoint closed
2026-09-15T20:58:21.309 WARN kycontroller::kymux_controller::server - Kynet accept failed: connection error: Endpoint closed
2026-09-15T20:58:21.309 WARN kycontroller::kymux_controller::server - Kynet accept failed: connection error: Endpoint closed
2026-09-15T20:58:21.309 WARN kycontroller::kymux_controller::server - Kynet accept failed: connection error: Endpoint closed
2026-09-15T20:58:21.309 WARN kycontroller::kymux_controller::server - Kynet accept failed: connection error: Endpoint closed
2026-09-15T20:58:21.309 WARN kycontroller::kymux_controller::server - Kynet accept failed: connection error: Endpoint closed
2026-09-15T20:58:21.309 WARN kycontroller::kymux_controller::server - Kynet accept failed: connection error: Endpoint closed
2026-09-15T20:58:21.309 WARN kycontroller::kymux_controller::server - Kynet accept failed: connection error: Endpoint closed
2026-09-15T20:58:21.309 WARN kycontroller::kymux_controller::server - Kynet accept failed: connection error: Endpoint closed
2026-09-15T20:58:21.309 WARN kycontroller::kymux_controller::server - Kynet accept failed: connection error: Endpoint closed
2026-09-15T20:58:21.309 WARN kycontroller::kymux_controller::server - Kynet accept failed: connection error: Endpoint closed
2026-09-15T20:58:21.309 WARN kycontroller::kymux_controller::server - Kynet accept failed: connection error: Endpoint closed
2026-09-15T20:58:21.309 WARN kycontroller::kymux_controller::server - Kynet accept failed: connection error: Endpoint closed
2026-09-15T20:58:21.309 WARN kycontroller::kymux_controller::server - Kynet accept failed: connection error: Endpoint closed
2026-09-15T20:58:21.309 WARN kycontroller::kymux_controller::server - Kynet accept failed: connection error: Endpoint closed
2026-09-15T20:58:21.309 WARN kycontroller::kymux_controller::server - Kynet accept failed: connection error: Endpoint closed
2026-09-15T20:58:21.309 WARN kycontroller::kymux_controller::server - Kynet accept failed: connection error: Endpoint closed
2026-09-15T20:58:21.309 WARN kycontroller::kymux_controller::server - Kynet accept failed: connection error: Endpoint closed
2026-09-15T20:58:21.309 WARN kycontroller::kymux_controller::server - Kynet accept failed: connection error: Endpoint closed
2026-09-15T20:58:21.309 WARN kycontroller::kymux_controller::server - Kynet accept failed: connection error: Endpoint closed
2026-09-15T20:58:21.309 WARN kycontroller::kymux_controller::server - Kynet accept failed: connection error: Endpoint closed
2026-09-15T20:58:21.309 WARN kycontroller::kymux_controller::server - Kynet accept failed: connection error: Endpoint closed
2026-09-15T20:58:21.309 WARN kycontroller::kymux_controller::server - Kynet accept failed: connection error: Endpoint closed
2026-09-15T20:58:21.309 WARN kycontroller::kymux_controller::server - Kynet accept failed: connection error: Endpoint closed
2026-09-15T20:58:21.309 WARN kycontroller::kymux_controller::server - Kynet accept failed: connection error: Endpoint closed
2026-09-15T20:58:21.309 WARN kycontroller::kymux_controller::server - Kynet accept failed: connection error: Endpoint closed
2026-09-15T20:58:21.309 WARN kycontroller::kymux_controller::server - Kynet accept failed: connection error: Endpoint closed
2026-09-15T20:58:21.310 WARN kycontroller::kymux_controller::server - Kynet accept failed: connection error: Endpoint closed
2026-09-15T20:58:21.310 WARN kycontroller::kymux_controller::server - Kynet accept failed: connection error: Endpoint closed
2026-09-15T20:58:21.310 WARN kycontroller::kymux_controller::server - Kynet accept failed: connection error: Endpoint closed
2026-09-15T20:58:21.310 WARN kycontroller::kymux_controller::server - Kynet accept failed: connection error: Endpoint closed
2026-09-15T20:58:21.310 WARN kycontroller::kymux_controller::server - Kynet accept failed: connection error: Endpoint closed
2026-09-15T20:58:21.310 WARN kycontroller::kymux_controller::server - Kynet accept failed: connection error: Endpoint closed
2026-09-15T20:58:21.310 WARN kycontroller::kymux_controller::server - Kynet accept failed: connection error: Endpoint closed
2026-09-15T20:58:21.310 WARN kycontroller::kymux_controller::server - Kynet accept failed: connection error: Endpoint closed
2026-09-15T20:58:21.310 WARN kycontroller::kymux_controller::server - Kynet accept failed: connection error: Endpoint closed
2026-09-15T20:58:21.310 WARN kycontroller::kymux_controller::server - Kynet accept failed: connection error: Endpoint closed
2026-09-15T20:58:21.310 WARN kycontroller::kymux_controller::server - Kynet accept failed: connection error: Endpoint closed
2026-09-15T20:58:21.310 WARN kycontroller::kymux_controller::server - Kynet accept failed: connection error: Endpoint closed
2026-09-15T20:58:21.310 WARN kycontroller::kymux_controller::server - Kynet accept failed: connection error: Endpoint closed
2026-09-15T20:58:21.310 WARN kycontroller::kymux_controller::server - Kynet accept failed: connection error: Endpoint closed
2026-09-15T20:58:21.310 WARN kycontroller::kymux_controller::server - Kynet accept failed: connection error: Endpoint closed
2026-09-15T20:58:21.310 WARN kycontroller::kymux_controller::server - Kynet accept failed: connection error: Endpoint closed
2026-09-15T20:58:21.310 WARN kycontroller::kymux_controller::server - Kynet accept failed: connection error: Endpoint closed
2026-09-15T20:58:21.310 WARN kycontroller::kymux_controller::server - Kynet accept failed: connection error: Endpoint closed
2026-09-15T20:58:21.310 WARN kycontroller::kymux_controller::server - Kynet accept failed: connection error: Endpoint closed
2026-09-15T20:58:21.310 WARN kycontroller::kymux_controller::server - Kynet accept failed: connection error: Endpoint closed
2026-09-15T20:58:21.310 WARN kycontroller::kymux_controller::server - Kynet accept failed: connection error: Endpoint closed
2026-09-15T20:58:21.310 WARN kycontroller::kymux_controller::server - Kynet accept failed: connection error: Endpoint closed
2026-09-15T20:58:21.310 WARN kycontroller::kymux_controller::server - Kynet accept failed: connection error: Endpoint closed
2026-09-15T20:58:21.310 WARN kycontroller::kymux_controller::server - Kynet accept failed: connection error: Endpoint closed
2026-09-15T20:58:21.310 WARN kycontroller::kymux_controller::server - Kynet accept failed: connection error: Endpoint closed
2026-09-15T20:58:21.310 WARN kycontroller::kymux_controller::server - Kynet accept failed: connection error: Endpoint closed
2026-09-15T20:58:21.310 WARN kycontroller::kymux_controller::server - Kynet accept failed: connection error: Endpoint closed
2026-09-15T20:58:21.310 WARN kycontroller::kymux_controller::server - Kynet accept failed: connection error: Endpoint closed
2026-09-15T20:58:21.310 WARN kycontroller::kymux_controller::server - Kynet accept failed: connection error: Endpoint closed
2026-09-15T20:58:21.310 WARN kycontroller::kymux_controller::server - Kynet accept failed: connection error: Endpoint closed
2026-09-15T20:58:21.310 WARN kycontroller::kymux_controller::server - Kynet accept failed: connection error: Endpoint closed
2026-09-15T20:58:21.310 WARN kycontroller::kymux_controller::server - Kynet accept failed: connection error: Endpoint closed
2026-09-15T20:58:21.310 WARN kycontroller::kymux_controller::server - Kynet accept failed: connection error: Endpoint closed
2026-09-15T20:58:21.310 WARN kycontroller::kymux_controller::server - Kynet accept failed: connection error: Endpoint closed
2026-09-15T20:58:21.310 WARN kycontroller::kymux_controller::server - Kynet accept failed: connection error: Endpoint closed
2026-09-15T20:58:21.310 WARN kycontroller::kymux_controller::server - Kynet accept failed: connection error: Endpoint closed
2026-09-15T20:58:21.310 WARN kycontroller::kymux_controller::server - Kynet accept failed: connection error: Endpoint closed
2026-09-15T20:58:21.310 WARN kycontroller::kymux_controller::server - Kynet accept failed: connection error: Endpoint closed
2026-09-15T20:58:21.310 WARN kycontroller::kymux_controller::server - Kynet accept failed: connection error: Endpoint closed
2026-09-15T20:58:21.310 WARN kycontroller::kymux_controller::server - Kynet accept failed: connection error: Endpoint closed
2026-09-15T20:58:21.310 WARN kycontroller::kymux_controller::server - Kynet accept failed: connection error: Endpoint closed
2026-09-15T20:58:21.310 WARN kycontroller::kymux_controller::server - Kynet accept failed: connection error: Endpoint closed
2026-09-15T20:58:21.310 WARN kycontroller::kymux_controller::server - Kynet accept failed: connection error: Endpoint closed
2026-09-15T20:58:21.310 WARN kycontroller::kymux_controller::server - Kynet accept failed: connection error: Endpoint closed
2026-09-15T20:58:21.310 WARN kycontroller::kymux_controller::server - Kynet accept failed: connection error: Endpoint closed
2026-09-15T20:58:21.310 WARN kycontroller::kymux_controller::server - Kynet accept failed: connection error: Endpoint closed
2026-09-15T20:58:21.310 WARN kycontroller::kymux_controller::server - Kynet accept failed: connection error: Endpoint closed
2026-09-15T20:58:21.310 WARN kycontroller::kymux_controller::server - Kynet accept failed: connection error: Endpoint closed
2026-09-15T20:58:21.310 WARN kycontroller::kymux_controller::server - Kynet accept failed: connection error: Endpoint closed
2026-09-15T20:58:21.310 WARN kycontroller::kymux_controller::server - Kynet accept failed: connection error: Endpoint closed
2026-09-15T20:58:21.310 WARN kycontroller::kymux_controller::server - Kynet accept failed: connection error: Endpoint closed
2026-09-15T20:58:21.310 WARN kycontroller::kymux_controller::server - Kynet accept failed: connection error: Endpoint closed
2026-09-15T20:58:21.310 WARN kycontroller::kymux_controller::server - Kynet accept failed: connection error: Endpoint closed
2026-09-15T20:58:21.310 WARN kycontroller::kymux_controller::server - Kynet accept failed: connection error: Endpoint closed
2026-09-15T20:58:21.310 WARN kycontroller::kymux_controller::server - Kynet accept failed: connection error: Endpoint closed
2026-09-15T20:58:21.310 WARN kycontroller::kymux_controller::server - Kynet accept failed: connection error: Endpoint closed
2026-09-15T20:58:21.310 WARN kycontroller::kymux_controller::server - Kynet accept failed: connection error: Endpoint closed
2026-09-15T20:58:21.310 WARN kycontroller::kymux_controller::server - Kynet accept failed: connection error: Endpoint closed
2026-09-15T20:58:21.310 WARN kycontroller::kymux_controller::server - Kynet accept failed: connection error: Endpoint closed
2026-09-15T20:58:21.310 WARN kycontroller::kymux_controller::server - Kynet accept failed: connection error: Endpoint closed
2026-09-15T20:58:21.310 WARN kycontroller::kymux_controller::server - Kynet accept failed: connection error: Endpoint closed
2026-09-15T20:58:21.310 WARN kycontroller::kymux_controller::server - Kynet accept failed: connection error: Endpoint closed
2026-09-15T20:58:21.310 WARN kycontroller::kymux_controller::server - Kynet accept failed: connection error: Endpoint closed
2026-09-15T20:58:21.310 WARN kycontroller::kymux_controller::server - Kynet accept failed: connection error: Endpoint closed
2026-09-15T20:58:21.310 WARN kycontroller::kymux_controller::server - Kynet accept failed: connection error: Endpoint closed
2026-09-15T20:58:21.310 WARN kycontroller::kymux_controller::server - Kynet accept failed: connection error: Endpoint closed
2026-09-15T20:58:21.310 WARN kycontroller::kymux_controller::server - Kynet accept failed: connection error: Endpoint closed
2026-09-15T20:58:21.310 WARN kycontroller::kymux_controller::server - Kynet accept failed: connection error: Endpoint closed
2026-09-15T20:58:21.310 WARN kycontroller::kymux_controller::server - Kynet accept failed: connection error: Endpoint closed
2026-09-15T20:58:21.310 WARN kycontroller::kymux_controller::server - Kynet accept failed: connection error: Endpoint closed
2026-09-15T20:58:21.310 WARN kycontroller::kymux_controller::server - Kynet accept failed: connection error: Endpoint closed
2026-09-15T20:58:21.310 WARN kycontroller::kymux_controller::server - Kynet accept failed: connection error: Endpoint closed
2026-09-15T20:58:21.310 WARN kycontroller::kymux_controller::server - Kynet accept failed: connection error: Endpoint closed
2026-09-15T20:58:21.310 WARN kycontroller::kymux_controller::server - Kynet accept failed: connection error: Endpoint closed
2026-09-15T20:58:21.310 WARN kycontroller::kymux_controller::server - Kynet accept failed: connection error: Endpoint closed
2026-09-15T20:58:21.310 WARN kycontroller::kymux_controller::server - Kynet accept failed: connection error: Endpoint closed
2026-09-15T20:58:21.310 WARN kycontroller::kymux_controller::server - Kynet accept failed: connection error: Endpoint closed
2026-09-15T20:58:21.310 WARN kycontroller::kymux_controller::server - Kynet accept failed: connection error: Endpoint closed
2026-09-15T20:58:21.310 WARN kycontroller::kymux_controller::server - Kynet accept failed: connection error: Endpoint closed
2026-09-15T20:58:21.310 WARN kycontroller::kymux_controller::server - Kynet accept failed: connection error: Endpoint closed
2026-09-15T20:58:21.310 WARN kycontroller::kymux_controller::server - Kynet accept failed: connection error: Endpoint closed
2026-09-15T20:58:21.310 WARN kycontroller::kymux_controller::server - Kynet accept failed: connection error: Endpoint closed
2026-09-15T20:58:21.310 WARN kycontroller::kymux_controller::server - Kynet accept failed: connection error: Endpoint closed
2026-09-15T20:58:21.310 WARN kycontroller::kymux_controller::server - Kynet accept failed: connection error: Endpoint closed
2026-09-15T20:58:21.310 WARN kycontroller::kymux_controller::server - Kynet accept failed: connection error: Endpoint closed
2026-09-15T20:58:21.310 WARN kycontroller::kymux_controller::server - Kynet accept failed: connection error: Endpoint closed
2026-09-15T20:58:21.310 WARN kycontroller::kymux_controller::server - Kynet accept failed: connection error: Endpoint closed
2026-09-15T20:58:21.310 WARN kycontroller::kymux_controller::server - Kynet accept failed: connection error: Endpoint closed
2026-09-15T20:58:21.310 WARN kycontroller::kymux_controller::server - Kynet accept failed: connection error: Endpoint closed
2026-09-15T20:58:21.310 WARN kycontroller::kymux_controller::server - Kynet accept failed: connection error: Endpoint closed
2026-09-15T20:58:21.310 WARN kycontroller::kymux_controller::server - Kynet accept failed: connection error: Endpoint closed
2026-09-15T20:58:21.310 WARN kycontroller::kymux_controller::server - Kynet accept failed: connection error: Endpoint closed
2026-09-15T20:58:21.310 WARN kycontroller::kymux_controller::server - Kynet accept failed: connection error: Endpoint closed
2026-09-15T20:58:21.310 WARN kycontroller::kymux_controller::server - Kynet accept failed: connection error: Endpoint closed
2026-09-15T20:58:21.310 WARN kycontroller::kymux_controller::server - Kynet accept failed: connection error: Endpoint closed
2026-09-15T20:58:21.310 WARN kycontroller::kymux_controller::server - Kynet accept failed: connection error: Endpoint closed
2026-09-15T20:58:21.310 WARN kycontroller::kymux_controller::server - Kynet accept failed: connection error: Endpoint closed
2026-09-15T20:58:21.310 WARN kycontroller::kymux_controller::server - Kynet accept failed: connection error: Endpoint closed
2026-09-15T20:58:21.310 WARN kycontroller::kymux_controller::server - Kynet accept failed: connection error: Endpoint closed
2026-09-15T20:58:21.310 WARN kycontroller::kymux_controller::server - Kynet accept failed: connection error: Endpoint closed
2026-09-15T20:58:21.310 WARN kycontroller::kymux_controller::server - Kynet accept failed: connection error: Endpoint closed
2026-09-15T20:58:21.310 WARN kycontroller::kymux_controller::server - Kynet accept failed: connection error: Endpoint closed
2026-09-15T20:58:21.310 WARN kycontroller::kymux_controller::server - Kynet accept failed: connection error: Endpoint closed
2026-09-15T20:58:21.310 WARN kycontroller::kymux_controller::server - Kynet accept failed: connection error: Endpoint closed
2026-09-15T20:58:21.310 WARN kycontroller::kymux_controller::server - Kynet accept failed: connection error: Endpoint closed
2026-09-15T20:58:21.310 WARN kycontroller::kymux_controller::server - Kynet accept failed: connection error: Endpoint closed
2026-09-15T20:58:21.310 WARN kycontroller::kymux_controller::server - Kynet accept failed: connection error: Endpoint closed
2026-09-15T20:58:21.310 WARN kycontroller::kymux_controller::server - Kynet accept failed: connection error: Endpoint closed
2026-09-15T20:58:21.311 WARN kycontroller::kymux_controller::server - Kynet accept failed: connection error: Endpoint closed
2026-09-15T20:58:21.311 WARN kycontroller::kymux_controller::server - Kynet accept failed: connection error: Endpoint closed
2026-09-15T20:58:21.311 WARN kycontroller::kymux_controller::server - Kynet accept failed: connection error: Endpoint closed
2026-09-15T20:58:21.311 WARN kycontroller::kymux_controller::server - Kynet accept failed: connection error: Endpoint closed
2026-09-15T20:58:21.311 WARN kycontroller::kymux_controller::server - Kynet accept failed: connection error: Endpoint closed
2026-09-15T20:58:21.311 WARN kycontroller::kymux_controller::server - Kynet accept failed: connection error: Endpoint closed
2026-09-15T20:58:21.311 WARN kycontroller::kymux_controller::server - Kynet accept failed: connection error: Endpoint closed
2026-09-15T20:58:21.311 WARN kycontroller::kymux_controller::server - Kynet accept failed: connection error: Endpoint closed
2026-09-15T20:58:21.311 WARN kycontroller::kymux_controller::server - Kynet accept failed: connection error: Endpoint closed
2026-09-15T20:58:21.311 WARN kycontroller::kymux_controller::server - Kynet accept failed: connection error: Endpoint closed
2026-09-15T20:58:21.311 WARN kycontroller::kymux_controller::server - Kynet accept failed: connection error: Endpoint closed
2026-09-15T20:58:21.311 WARN kycontroller::kymux_controller::server - Kynet accept failed: connection error: Endpoint closed
2026-09-15T20:58:21.311 WARN kycontroller::kymux_controller::server - Kynet accept failed: connection error: Endpoint closed
2026-09-15T20:58:21.311 WARN kycontroller::kymux_controller::server - Kynet accept failed: connection error: Endpoint closed
2026-09-15T20:58:21.311 WARN kycontroller::kymux_controller::server - Kynet accept failed: connection error: Endpoint closed
2026-09-15T20:58:21.311 WARN kycontroller::kymux_controller::server - Kynet accept failed: connection error: Endpoint closed
2026-09-15T20:58:21.311 WARN kycontroller::kymux_controller::server - Kynet accept failed: connection error: Endpoint closed
2026-09-15T20:58:21.311 WARN kycontroller::kymux_controller::server - Kynet accept failed: connection error: Endpoint closed
2026-09-15T20:58:21.311 WARN kycontroller::kymux_controller::server - Kynet accept failed: connection error: Endpoint closed
2026-09-15T20:58:21.311 WARN kycontroller::kymux_controller::server - Kynet accept failed: connection error: Endpoint closed
2026-09-15T20:58:21.311 WARN kycontroller::kymux_controller::server - Kynet accept failed: connection error: Endpoint closed
2026-09-15T20:58:21.311 WARN kycontroller::kymux_controller::server - Kynet accept failed: connection error: Endpoint closed
2026-09-15T20:58:21.311 WARN kycontroller::kymux_controller::server - Kynet accept failed: connection error: Endpoint closed
2026-09-15T20:58:21.311 WARN kycontroller::kymux_controller::server - Kynet accept failed: connection error: Endpoint closed
2026-09-15T20:58:21.311 WARN kycontroller::kymux_controller::server - Kynet accept failed: connection error: Endpoint closed
2026-09-15T20:58:21.311 WARN kycontroller::kymux_controller::server - Kynet accept failed: connection error: Endpoint closed
2026-09-15T20:58:21.311 WARN kycontroller::kymux_controller::server - Kynet accept failed: connection error: Endpoint closed
2026-09-15T20:58:21.311 WARN kycontroller::kymux_controller::server - Kynet accept failed: connection error: Endpoint closed
2026-09-15T20:58:21.311 WARN kycontroller::kymux_controller::server - Kynet accept failed: connection error: Endpoint closed
2026-09-15T20:58:21.311 WARN kycontroller::kymux_controller::server - Kynet accept failed: connection error: Endpoint closed
2026-09-15T20:58:21.311 WARN kycontroller::kymux_controller::server - Kynet accept failed: connection error: Endpoint closed
2026-09-15T20:58:21.311 WARN kycontroller::kymux_controller::server - Kynet accept failed: connection error: Endpoint closed
2026-09-15T20:58:21.311 WARN kycontroller::kymux_controller::server - Kynet accept failed: connection error: Endpoint closed
2026-09-15T20:58:21.311 WARN kycontroller::kymux_controller::server - Kynet accept failed: connection error: Endpoint closed
2026-09-15T20:58:21.311 WARN kycontroller::kymux_controller::server - Kynet accept failed: connection error: Endpoint closed
2026-09-15T20:58:21.311 WARN kycontroller::kymux_controller::server - Kynet accept failed: connection error: Endpoint closed
2026-09-15T20:58:21.311 WARN kycontroller::kymux_controller::server - Kynet accept failed: connection error: Endpoint closed
2026-09-15T20:58:21.311 WARN kycontroller::kymux_controller::server - Kynet accept failed: connection error: Endpoint closed
2026-09-15T20:58:21.311 WARN kycontroller::kymux_controller::server - Kynet accept failed: connection error: Endpoint closed
2026-09-15T20:58:21.311 WARN kycontroller::kymux_controller::server - Kynet accept failed: connection error: Endpoint closed
2026-09-15T20:58:21.311 WARN kycontroller::kymux_controller::server - Kynet accept failed: connection error: Endpoint closed
2026-09-15T20:58:21.311 WARN kycontroller::kymux_controller::server - Kynet accept failed: connection error: Endpoint closed
2026-09-15T20:58:21.311 WARN kycontroller::kymux_controller::server - Kynet accept failed: connection error: Endpoint closed
2026-09-15T20:58:21.311 WARN kycontroller::kymux_controller::server - Kynet accept failed: connection error: Endpoint closed
2026-09-15T20:58:21.311 WARN kycontroller::kymux_controller::server - Kynet accept failed: connection error: Endpoint closed
2026-09-15T20:58:21.311 WARN kycontroller::kymux_controller::server - Kynet accept failed: connection error: Endpoint closed
2026-09-15T20:58:21.311 WARN kycontroller::kymux_controller::server - Kynet accept failed: connection error: Endpoint closed
2026-09-15T20:58:21.311 WARN kycontroller::kymux_controller::server - Kynet accept failed: connection error: Endpoint closed
2026-09-15T20:58:21.311 WARN kycontroller::kymux_controller::server - Kynet accept failed: connection error: Endpoint closed
2026-09-15T20:58:21.311 WARN kycontroller::kymux_controller::server - Kynet accept failed: connection error: Endpoint closed
2026-09-15T20:58:21.311 WARN kycontroller::kymux_controller::server - Kynet accept failed: connection error: Endpoint closed
2026-09-15T20:58:21.311 WARN kycontroller::kymux_controller::server - Kynet accept failed: connection error: Endpoint closed
2026-09-15T20:58:21.311 WARN kycontroller::kymux_controller::server - Kynet accept failed: connection error: Endpoint closed
2026-09-15T20:58:21.311 WARN kycontroller::kymux_controller::server - Kynet accept failed: connection error: Endpoint closed
2026-09-15T20:58:21.311 WARN kycontroller::kymux_controller::server - Kynet accept failed: connection error: Endpoint closed
2026-09-15T20:58:21.311 WARN kycontroller::kymux_controller::server - Kynet accept failed: connection error: Endpoint closed
2026-09-15T20:58:21.311 WARN kycontroller::kymux_controller::server - Kynet accept failed: connection error: Endpoint closed
2026-09-15T20:58:21.311 WARN kycontroller::kymux_controller::server - Kynet accept failed: connection error: Endpoint closed
2026-09-15T20:58:21.311 WARN kycontroller::kymux_controller::server - Kynet accept failed: connection error: Endpoint closed
2026-09-15T20:58:21.311 WARN kycontroller::kymux_controller::server - Kynet accept failed: connection error: Endpoint closed
2026-09-15T20:58:21.311 WARN kycontroller::kymux_controller::server - Kynet accept failed: connection error: Endpoint closed
2026-09-15T20:58:21.311 WARN kycontroller::kymux_controller::server - Kynet accept failed: connection error: Endpoint closed
2026-09-15T20:58:21.311 WARN kycontroller::kymux_controller::server - Kynet accept failed: connection error: Endpoint closed
2026-09-15T20:58:21.311 WARN kycontroller::kymux_controller::server - Kynet accept failed: connection error: Endpoint closed
2026-09-15T20:58:21.311 WARN kycontroller::kymux_controller::server - Kynet accept failed: connection error: Endpoint closed
2026-09-15T20:58:21.311 WARN kycontroller::kymux_controller::server - Kynet accept failed: connection error: Endpoint closed
2026-09-15T20:58:21.311 WARN kycontroller::kymux_controller::server - Kynet accept failed: connection error: Endpoint closed
2026-09-15T20:58:21.311 WARN kycontroller::kymux_controller::server - Kynet accept failed: connection error: Endpoint closed
2026-09-15T20:58:21.311 WARN kycontroller::kymux_controller::server - Kynet accept failed: connection error: Endpoint closed
2026-09-15T20:58:21.311 WARN kycontroller::kymux_controller::server - Kynet accept failed: connection error: Endpoint closed
2026-09-15T20:58:21.311 WARN kycontroller::kymux_controller::server - Kynet accept failed: connection error: Endpoint closed
2026-09-15T20:58:21.311 WARN kycontroller::kymux_controller::server - Kynet accept failed: connection error: Endpoint closed
2026-09-15T20:58:21.311 WARN kycontroller::kymux_controller::server - Kynet accept failed: connection error: Endpoint closed
2026-09-15T20:58:21.311 WARN kycontroller::kymux_controller::server - Kynet accept failed: connection error: Endpoint closed
2026-09-15T20:58:21.311 WARN kycontroller::kymux_controller::server - Kynet accept failed: connection error: Endpoint closed
2026-09-15T20:58:21.311 WARN kycontroller::kymux_controller::server - Kynet accept failed: connection error: Endpoint closed
2026-09-15T20:58:21.311 WARN kycontroller::kymux_controller::server - Kynet accept failed: connection error: Endpoint closed
2026-09-15T20:58:21.311 WARN kycontroller::kymux_controller::server - Kynet accept failed: connection error: Endpoint closed
2026-09-15T20:58:21.311 WARN kycontroller::kymux_controller::server - Kynet accept failed: connection error: Endpoint closed
2026-09-15T20:58:21.311 WARN kycontroller::kymux_controller::server - Kynet accept failed: connection error: Endpoint closed
2026-09-15T20:58:21.311 WARN kycontroller::kymux_controller::server - Kynet accept failed: connection error: Endpoint closed
2026-09-15T20:58:21.311 WARN kycontroller::kymux_controller::server - Kynet accept failed: connection error: Endpoint closed
2026-09-15T20:58:21.311 WARN kycontroller::kymux_controller::server - Kynet accept failed: connection error: Endpoint closed
2026-09-15T20:58:21.311 WARN kycontroller::kymux_controller::server - Kynet accept failed: connection error: Endpoint closed
2026-09-15T20:58:21.311 WARN kycontroller::kymux_controller::server - Kynet accept failed: connection error: Endpoint closed
2026-09-15T20:58:21.311 WARN kycontroller::kymux_controller::server - Kynet accept failed: connection error: Endpoint closed
2026-09-15T20:58:21.311 WARN kycontroller::kymux_controller::server - Kynet accept failed: connection error: Endpoint closed
2026-09-15T20:58:21.311 WARN kycontroller::kymux_controller::server - Kynet accept failed: connection error: Endpoint closed
2026-09-15T20:58:21.311 WARN kycontroller::kymux_controller::server - Kynet accept failed: connection error: Endpoint closed
2026-09-15T20:58:21.311 WARN kycontroller::kymux_controller::server - Kynet accept failed: connection error: Endpoint closed
2026-09-15T20:58:21.311 WARN kycontroller::kymux_controller::server - Kynet accept failed: connection error: Endpoint closed
2026-09-15T20:58:21.311 WARN kycontroller::kymux_controller::server - Kynet accept failed: connection error: Endpoint closed
2026-09-15T20:58:21.311 WARN kycontroller::kymux_controller::server - Kynet accept failed: connection error: Endpoint closed
2026-09-15T20:58:21.311 WARN kycontroller::kymux_controller::server - Kynet accept failed: connection error: Endpoint closed
2026-09-15T20:58:21.311 WARN kycontroller::kymux_controller::server - Kynet accept failed: connection error: Endpoint closed
2026-09-15T20:58:21.311 WARN kycontroller::kymux_controller::server - Kynet accept failed: connection error: Endpoint closed
2026-09-15T20:58:21.311 WARN kycontroller::kymux_controller::server - Kynet accept failed: connection error: Endpoint closed
2026-09-15T20:58:21.311 WARN kycontroller::kymux_controller::server - Kynet accept failed: connection error: Endpoint closed
2026-09-15T20:58:21.312 WARN kycontroller::kymux_controller::server - Kynet accept failed: connection error: Endpoint closed
2026-09-15T20:58:21.312 WARN kycontroller::kymux_controller::server - Kynet accept failed: connection error: Endpoint closed
2026-09-15T20:58:21.312 WARN kycontroller::kymux_controller::server - Kynet accept failed: connection error: Endpoint closed
2026-09-15T20:58:21.312 WARN kycontroller::kymux_controller::server - Kynet accept failed: connection error: Endpoint closed
2026-09-15T20:58:21.312 WARN kycontroller::kymux_controller::server - Kynet accept failed: connection error: Endpoint closed
2026-09-15T20:58:21.312 WARN kycontroller::kymux_controller::server - Kynet accept failed: connection error: Endpoint closed
2026-09-15T20:58:21.312 WARN kycontroller::kymux_controller::server - Kynet accept failed: connection error: Endpoint closed
2026-09-15T20:58:21.312 WARN kycontroller::kymux_controller::server - Kynet accept failed: connection error: Endpoint closed
2026-09-15T20:58:21.312 WARN kycontroller::kymux_controller::server - Kynet accept failed: connection error: Endpoint closed
2026-09-15T20:58:21.312 WARN kycontroller::kymux_controller::server - Kynet accept failed: connection error: Endpoint closed
2026-09-15T20:58:21.312 WARN kycontroller::kymux_controller::server - Kynet accept failed: connection error: Endpoint closed
2026-09-15T20:58:21.312 WARN kycontroller::kymux_controller::server - Kynet accept failed: connection error: Endpoint closed
2026-09-15T20:58:21.312 WARN kycontroller::kymux_controller::server - Kynet accept failed: connection error: Endpoint closed
2026-09-15T20:58:21.312 WARN kycontroller::kymux_controller::server - Kynet accept failed: connection error: Endpoint closed
2026-09-15T20:58:21.312 WARN kycontroller::kymux_controller::server - Kynet accept failed: connection error: Endpoint closed
2026-09-15T20:58:21.312 WARN kycontroller::kymux_controller::server - Kynet accept failed: connection error: Endpoint closed
2026-09-15T20:58:21.312 WARN kycontroller::kymux_controller::server - Kynet accept failed: connection error: Endpoint closed
2026-09-15T20:58:21.312 WARN kycontroller::kymux_controller::server - Kynet accept failed: connection error: Endpoint closed
2026-09-15T20:58:21.312 WARN kycontroller::kymux_controller::server - Kynet accept failed: connection error: Endpoint closed
2026-09-15T20:58:21.312 WARN kycontroller::kymux_controller::server - Kynet accept failed: connection error: Endpoint closed
2026-09-15T20:58:21.312 WARN kycontroller::kymux_controller::server - Kynet accept failed: connection error: Endpoint closed
2026-09-15T20:58:21.312 WARN kycontroller::kymux_controller::server - Kynet accept failed: connection error: Endpoint closed
2026-09-15T20:58:21.312 WARN kycontroller::kymux_controller::server - Kynet accept failed: connection error: Endpoint closed
2026-09-15T20:58:21.312 WARN kycontroller::kymux_controller::server - Kynet accept failed: connection error: Endpoint closed
2026-09-15T20:58:21.312 WARN kycontroller::kymux_controller::server - Kynet accept failed: connection error: Endpoint closed
2026-09-15T20:58:21.312 WARN kycontroller::kymux_controller::server - Kynet accept failed: connection error: Endpoint closed
2026-09-15T20:58:21.312 WARN kycontroller::kymux_controller::server - Kynet accept failed: connection error: Endpoint closed
2026-09-15T20:58:21.312 WARN kycontroller::kymux_controller::server - Kynet accept failed: connection error: Endpoint closed
2026-09-15T20:58:21.312 WARN kycontroller::kymux_controller::server - Kynet accept failed: connection error: Endpoint closed
2026-09-15T20:58:21.312 WARN kycontroller::kymux_controller::server - Kynet accept failed: connection error: Endpoint closed
2026-09-15T20:58:21.312 WARN kycontroller::kymux_controller::server - Kynet accept failed: connection error: Endpoint closed
2026-09-15T20:58:21.312 WARN kycontroller::kymux_controller::server - Kynet accept failed: connection error: Endpoint closed
2026-09-15T20:58:21.312 WARN kycontroller::kymux_controller::server - Kynet accept failed: connection error: Endpoint closed
2026-09-15T20:58:21.312 WARN kycontroller::kymux_controller::server - Kynet accept failed: connection error: Endpoint closed
2026-09-15T20:58:21.312 WARN kycontroller::kymux_controller::server - Kynet accept failed: connection error: Endpoint closed
2026-09-15T20:58:21.312 WARN kycontroller::kymux_controller::server - Kynet accept failed: connection error: Endpoint closed
2026-09-15T20:58:21.312 WARN kycontroller::kymux_controller::server - Kynet accept failed: connection error: Endpoint closed
2026-09-15T20:58:21.312 WARN kycontroller::kymux_controller::server - Kynet accept failed: connection error: Endpoint closed
2026-09-15T20:58:21.312 WARN kycontroller::kymux_controller::server - Kynet accept failed: connection error: Endpoint closed
2026-09-15T20:58:21.312 WARN kycontroller::kymux_controller::server - Kynet accept failed: connection error: Endpoint closed
2026-09-15T20:58:21.312 WARN libkypc::commander - Commander Rx task ended with error: IpcIOError { source: Kind(UnexpectedEof) }
2026-09-15T20:58:21.312 INFO kycom::server - VideoServerProtocol forwarder ended with result ProtocolError("Une connexion existante a dû être fermée par l’hôte distant. (os error 10054)")
2026-09-15T20:58:21.312 WARN kycontroller::kymux_controller::server - Kynet accept failed: connection error: Endpoint closed
2026-09-15T20:58:21.312 WARN kycontroller::kymux_controller::server - Kynet accept failed: connection error: Endpoint closed
2026-09-15T20:58:21.312 WARN kycontroller::kymux_controller::server - Kynet accept failed: connection error: Endpoint closed
2026-09-15T20:58:21.312 WARN kycontroller::kymux_controller::server - Kynet accept failed: connection error: Endpoint closed
2026-09-15T20:58:21.312 WARN kycontroller::kymux_controller::server - Kynet accept failed: connection error: Endpoint closed
2026-09-15T20:58:21.312 WARN kycontroller::kymux_controller::server - Kynet accept failed: connection error: Endpoint closed
2026-09-15T20:58:21.312 WARN kycontroller::kymux_controller::server - Kynet accept failed: connection error: Endpoint closed
2026-09-15T20:58:21.312 WARN kycontroller::kymux_controller::server - Kynet accept failed: connection error: Endpoint closed
2026-09-15T20:58:21.312 WARN kycontroller::kymux_controller::server - Kynet accept failed: connection error: Endpoint closed
2026-09-15T20:58:21.312 WARN kycontroller::kymux_controller::server - Kynet accept failed: connection error: Endpoint closed
2026-09-15T20:58:21.312 WARN kycontroller::kymux_controller::server - Kynet accept failed: connection error: Endpoint closed
2026-09-15T20:58:21.312 WARN kycontroller::kymux_controller::server - Kynet accept failed: connection error: Endpoint closed
2026-09-15T20:58:21.312 WARN kycontroller::kymux_controller::server - Kynet accept failed: connection error: Endpoint closed
2026-09-15T20:58:21.312 WARN kycontroller::kymux_controller::server - Kynet accept failed: connection error: Endpoint closed
2026-09-15T20:58:21.312 WARN kycontroller::kymux_controller::server - Kynet accept failed: connection error: Endpoint closed
2026-09-15T20:58:21.312 WARN kycontroller::kymux_controller::server - Kynet accept failed: connection error: Endpoint closed
2026-09-15T20:58:21.312 WARN kycontroller::kymux_controller::server - Kynet accept failed: connection error: Endpoint closed
2026-09-15T20:58:21.312 WARN kycontroller::kymux_controller::server - Kynet accept failed: connection error: Endpoint closed
2026-09-15T20:58:21.312 WARN kycontroller::kymux_controller::server - Kynet accept failed: connection error: Endpoint closed
2026-09-15T20:58:21.312 WARN kycontroller::kymux_controller::server - Kynet accept failed: connection error: Endpoint closed
2026-09-15T20:58:21.312 WARN kycontroller::kymux_controller::server - Kynet accept failed: connection error: Endpoint closed
2026-09-15T20:58:21.312 WARN kycontroller::kymux_controller::server - Kynet accept failed: connection error: Endpoint closed
2026-09-15T20:58:21.312 WARN kycontroller::kymux_controller::server - Kynet accept failed: connection error: Endpoint closed
2026-09-15T20:58:21.312 WARN kycontroller::kymux_controller::server - Kynet accept failed: connection error: Endpoint closed
2026-09-15T20:58:21.312 WARN kycontroller::kymux_controller::server - Kynet accept failed: connection error: Endpoint closed
2026-09-15T20:58:21.312 WARN kycontroller::kymux_controller::server - Kynet accept failed: connection error: Endpoint closed
2026-09-15T20:58:21.312 WARN kycontroller::kymux_controller::server - Kynet accept failed: connection error: Endpoint closed
2026-09-15T20:58:21.312 WARN kycontroller::kymux_controller::server - Kynet accept failed: connection error: Endpoint closed
2026-09-15T20:58:21.312 WARN kycontroller::kymux_controller::server - Kynet accept failed: connection error: Endpoint closed
2026-09-15T20:58:21.312 WARN kycontroller::kymux_controller::server - Kynet accept failed: connection error: Endpoint closed
2026-09-15T20:58:21.312 WARN kycontroller::kymux_controller::server - Kynet accept failed: connection error: Endpoint closed
2026-09-15T20:58:21.312 WARN kycontroller::kymux_controller::server - Kynet accept failed: connection error: Endpoint closed
2026-09-15T20:58:21.312 WARN kycontroller::kymux_controller::server - Kynet accept failed: connection error: Endpoint closed
2026-09-15T20:58:21.312 WARN kycontroller::kymux_controller::server - Kynet accept failed: connection error: Endpoint closed
2026-09-15T20:58:21.313 WARN kycontroller::kymux_controller::server - Kynet accept failed: connection error: Endpoint closed
2026-09-15T20:58:21.313 WARN kycontroller::kymux_controller::server - Kynet accept failed: connection error: Endpoint closed
2026-09-15T20:58:21.313 WARN kycontroller::kymux_controller::server - Kynet accept failed: connection error: Endpoint closed
2026-09-15T20:58:21.313 WARN kycontroller::kymux_controller::server - Kynet accept failed: connection error: Endpoint closed
2026-09-15T20:58:21.313 WARN kycontroller::kymux_controller::server - Kynet accept failed: connection error: Endpoint closed
2026-09-15T20:58:21.313 WARN kycontroller::kymux_controller::server - Kynet accept failed: connection error: Endpoint closed
2026-09-15T20:58:21.313 WARN kycontroller::kymux_controller::server - Kynet accept failed: connection error: Endpoint closed
2026-09-15T20:58:21.313 WARN kycontroller::kymux_controller::server - Kynet accept failed: connection error: Endpoint closed
2026-09-15T20:58:21.313 WARN kycontroller::kymux_controller::server - Kynet accept failed: connection error: Endpoint closed
2026-09-15T20:58:21.313 WARN kycontroller::kymux_controller::server - Kynet accept failed: connection error: Endpoint closed
2026-09-15T20:58:21.313 WARN kycontroller::kymux_controller::server - Kynet accept failed: connection error: Endpoint closed
2026-09-15T20:58:21.313 WARN kycontroller::kymux_controller::server - Kynet accept failed: connection error: Endpoint closed
2026-09-15T20:58:21.313 WARN kycontroller::kymux_controller::server - Kynet accept failed: connection error: Endpoint closed
2026-09-15T20:58:21.313 WARN kycontroller::kymux_controller::server - Kynet accept failed: connection error: Endpoint closed
2026-09-15T20:58:21.313 WARN kycontroller::kymux_controller::server - Kynet accept failed: connection error: Endpoint closed
2026-09-15T20:58:21.313 WARN kycontroller::kymux_controller::server - Kynet accept failed: connection error: Endpoint closed
2026-09-15T20:58:21.313 WARN kycontroller::kymux_controller::server - Kynet accept failed: connection error: Endpoint closed
2026-09-15T20:58:21.313 WARN kycontroller::kymux_controller::server - Kynet accept failed: connection error: Endpoint closed
2026-09-15T20:58:21.313 WARN kycontroller::kymux_controller::server - Kynet accept failed: connection error: Endpoint closed
2026-09-15T20:58:21.313 WARN kycontroller::kymux_controller::server - Kynet accept failed: connection error: Endpoint closed
2026-09-15T20:58:21.313 WARN kycontroller::kymux_controller::server - Kynet accept failed: connection error: Endpoint closed
2026-09-15T20:58:21.313 WARN kycontroller::kymux_controller::server - Kynet accept failed: connection error: Endpoint closed
2026-09-15T20:58:21.313 WARN kycontroller::kymux_controller::server - Kynet accept failed: connection error: Endpoint closed
2026-09-15T20:58:21.313 WARN kycontroller::kymux_controller::server - Kynet accept failed: connection error: Endpoint closed
2026-09-15T20:58:21.313 WARN kycontroller::kymux_controller::server - Kynet accept failed: connection error: Endpoint closed
2026-09-15T20:58:21.313 WARN kycontroller::kymux_controller::server - Kynet accept failed: connection error: Endpoint closed
2026-09-15T20:58:21.313 WARN kycontroller::kymux_controller::server - Kynet accept failed: connection error: Endpoint closed
2026-09-15T20:58:21.313 WARN kycontroller::kymux_controller::server - Kynet accept failed: connection error: Endpoint closed
2026-09-15T20:58:21.313 WARN kycontroller::kymux_controller::server - Kynet accept failed: connection error: Endpoint closed
2026-09-15T20:58:21.313 WARN kycontroller::kymux_controller::server - Kynet accept failed: connection error: Endpoint closed
2026-09-15T20:58:21.313 WARN kycontroller::kymux_controller::server - Kynet accept failed: connection error: Endpoint closed
2026-09-15T20:58:21.313 WARN kycontroller::kymux_controller::server - Kynet accept failed: connection error: Endpoint closed
2026-09-15T20:58:21.313 WARN kycontroller::kymux_controller::server - Kynet accept failed: connection error: Endpoint closed
2026-09-15T20:58:21.313 WARN kycontroller::kymux_controller::server - Kynet accept failed: connection error: Endpoint closed
2026-09-15T20:58:21.313 WARN kycontroller::kymux_controller::server - Kynet accept failed: connection error: Endpoint closed
2026-09-15T20:58:21.313 WARN kycontroller::kymux_controller::server - Kynet accept failed: connection error: Endpoint closed
2026-09-15T20:58:21.313 WARN kycontroller::kymux_controller::server - Kynet accept failed: connection error: Endpoint closed
2026-09-15T20:58:21.313 WARN kycontroller::kymux_controller::server - Kynet accept failed: connection error: Endpoint closed
2026-09-15T20:58:21.313 WARN kycontroller::kymux_controller::server - Kynet accept failed: connection error: Endpoint closed
2026-09-15T20:58:21.313 WARN kycontroller::kymux_controller::server - Kynet accept failed: connection error: Endpoint closed
2026-09-15T20:58:21.313 WARN kycontroller::kymux_controller::server - Kynet accept failed: connection error: Endpoint closed
2026-09-15T20:58:21.313 WARN kycontroller::kymux_controller::server - Kynet accept failed: connection error: Endpoint closed
2026-09-15T20:58:21.313 WARN kycontroller::kymux_controller::server - Kynet accept failed: connection error: Endpoint closed
2026-09-15T20:58:21.313 WARN kycontroller::kymux_controller::server - Kynet accept failed: connection error: Endpoint closed
2026-09-15T20:58:21.313 WARN kycontroller::kymux_controller::server - Kynet accept failed: connection error: Endpoint closed
2026-09-15T20:58:21.313 WARN kycontroller::kymux_controller::server - Kynet accept failed: connection error: Endpoint closed
2026-09-15T20:58:21.313 WARN kycontroller::kymux_controller::server - Kynet accept failed: connection error: Endpoint closed
2026-09-15T20:58:21.313 WARN kycontroller::kymux_controller::server - Kynet accept failed: connection error: Endpoint closed
2026-09-15T20:58:21.313 WARN kycontroller::kymux_controller::server - Kynet accept failed: connection error: Endpoint closed
2026-09-15T20:58:21.313 WARN kycontroller::kymux_controller::server - Kynet accept failed: connection error: Endpoint closed
2026-09-15T20:58:21.313 WARN kycontroller::kymux_controller::server - Kynet accept failed: connection error: Endpoint closed
2026-09-15T20:58:21.313 WARN kycontroller::kymux_controller::server - Kynet accept failed: connection error: Endpoint closed
2026-09-15T20:58:21.313 WARN kycontroller::kymux_controller::server - Kynet accept failed: connection error: Endpoint closed
2026-09-15T20:58:21.313 WARN kycontroller::kymux_controller::server - Kynet accept failed: connection error: Endpoint closed
2026-09-15T20:58:21.313 WARN kycontroller::kymux_controller::server - Kynet accept failed: connection error: Endpoint closed
2026-09-15T20:58:21.313 WARN kycontroller::kymux_controller::server - Kynet accept failed: connection error: Endpoint closed
2026-09-15T20:58:21.313 WARN kycontroller::kymux_controller::server - Kynet accept failed: connection error: Endpoint closed
2026-09-15T20:58:21.313 WARN kycontroller::kymux_controller::server - Kynet accept failed: connection error: Endpoint closed
2026-09-15T20:58:21.313 WARN kycontroller::kymux_controller::server - Kynet accept failed: connection error: Endpoint closed
2026-09-15T20:58:21.313 WARN kycontroller::kymux_controller::server - Kynet accept failed: connection error: Endpoint closed
2026-09-15T20:58:21.313 WARN kycontroller::kymux_controller::server - Kynet accept failed: connection error: Endpoint closed
2026-09-15T20:58:21.313 WARN kycontroller::kymux_controller::server - Kynet accept failed: connection error: Endpoint closed
2026-09-15T20:58:21.313 WARN kycontroller::kymux_controller::server - Kynet accept failed: connection error: Endpoint closed
2026-09-15T20:58:21.313 WARN kycontroller::kymux_controller::server - Kynet accept failed: connection error: Endpoint closed
2026-09-15T20:58:21.313 WARN kycontroller::kymux_controller::server - Kynet accept failed: connection error: Endpoint closed
2026-09-15T20:58:21.313 WARN kycontroller::kymux_controller::server - Kynet accept failed: connection error: Endpoint closed
2026-09-15T20:58:21.313 WARN kycontroller::kymux_controller::server - Kynet accept failed: connection error: Endpoint closed
2026-09-15T20:58:21.313 WARN kycontroller::kymux_controller::server - Kynet accept failed: connection error: Endpoint closed
2026-09-15T20:58:21.313 WARN kycontroller::kymux_controller::server - Kynet accept failed: connection error: Endpoint closed
2026-09-15T20:58:21.313 WARN kycontroller::kymux_controller::server - Kynet accept failed: connection error: Endpoint closed
2026-09-15T20:58:21.313 WARN kycontroller::kymux_controller::server - Kynet accept failed: connection error: Endpoint closed
2026-09-15T20:58:21.313 WARN kycontroller::kymux_controller::server - Kynet accept failed: connection error: Endpoint closed
2026-09-15T20:58:21.313 WARN kycontroller::kymux_controller::server - Kynet accept failed: connection error: Endpoint closed
2026-09-15T20:58:21.313 WARN kycontroller::kymux_controller::server - Kynet accept failed: connection error: Endpoint closed
2026-09-15T20:58:21.313 WARN kycontroller::kymux_controller::server - Kynet accept failed: connection error: Endpoint closed
2026-09-15T20:58:21.313 WARN kycontroller::kymux_controller::server - Kynet accept failed: connection error: Endpoint closed
2026-09-15T20:58:21.313 WARN kycontroller::kymux_controller::server - Kynet accept failed: connection error: Endpoint closed
2026-09-15T20:58:21.313 WARN kycontroller::kymux_controller::server - Kynet accept failed: connection error: Endpoint closed
2026-09-15T20:58:21.313 WARN kycontroller::kymux_controller::server - Kynet accept failed: connection error: Endpoint closed
2026-09-15T20:58:21.313 WARN kycontroller::kymux_controller::server - Kynet accept failed: connection error: Endpoint closed
2026-09-15T20:58:21.313 WARN kycontroller::kymux_controller::server - Kynet accept failed: connection error: Endpoint closed
2026-09-15T20:58:21.313 WARN kycontroller::kymux_controller::server - Kynet accept failed: connection error: Endpoint closed
2026-09-15T20:58:21.313 WARN kycontroller::kymux_controller::server - Kynet accept failed: connection error: Endpoint closed
2026-09-15T20:58:21.313 WARN kycontroller::kymux_controller::server - Kynet accept failed: connection error: Endpoint closed
2026-09-15T20:58:21.313 WARN kycontroller::kymux_controller::server - Kynet accept failed: connection error: Endpoint closed
2026-09-15T20:58:21.313 WARN kycontroller::kymux_controller::server - Kynet accept failed: connection error: Endpoint closed
2026-09-15T20:58:21.313 WARN kycontroller::kymux_controller::server - Kynet accept failed: connection error: Endpoint closed
2026-09-15T20:58:21.313 WARN kycontroller::kymux_controller::server - Kynet accept failed: connection error: Endpoint closed
2026-09-15T20:58:21.313 WARN kycontroller::kymux_controller::server - Kynet accept failed: connection error: Endpoint closed
2026-09-15T20:58:21.313 WARN kycontroller::kymux_controller::server - Kynet accept failed: connection error: Endpoint closed
2026-09-15T20:58:21.313 WARN kycontroller::kymux_controller::server - Kynet accept failed: connection error: Endpoint closed
2026-09-15T20:58:21.313 WARN kycontroller::kymux_controller::server - Kynet accept failed: connection error: Endpoint closed
2026-09-15T20:58:21.313 WARN kycontroller::kymux_controller::server - Kynet accept failed: connection error: Endpoint closed
2026-09-15T20:58:21.313 WARN kycontroller::kymux_controller::server - Kynet accept failed: connection error: Endpoint closed
2026-09-15T20:58:21.313 WARN kycontroller::kymux_controller::server - Kynet accept failed: connection error: Endpoint closed
2026-09-15T20:58:21.313 WARN kycontroller::kymux_controller::server - Kynet accept failed: connection error: Endpoint closed
2026-09-15T20:58:21.313 WARN kycontroller::kymux_controller::server - Kynet accept failed: connection error: Endpoint closed
2026-09-15T20:58:21.313 WARN kycontroller::kymux_controller::server - Kynet accept failed: connection error: Endpoint closed
2026-09-15T20:58:21.313 WARN kycontroller::kymux_controller::server - Kynet accept failed: connection error: Endpoint closed
2026-09-15T20:58:21.313 WARN kycontroller::kymux_controller::server - Kynet accept failed: connection error: Endpoint closed
2026-09-15T20:58:21.313 WARN kycontroller::kymux_controller::server - Kynet accept failed: connection error: Endpoint closed
2026-09-15T20:58:21.313 WARN kycontroller::kymux_controller::server - Kynet accept failed: connection error: Endpoint closed
2026-09-15T20:58:21.313 WARN kycontroller::kymux_controller::server - Kynet accept failed: connection error: Endpoint closed
2026-09-15T20:58:21.313 WARN kycontroller::kymux_controller::server - Kynet accept failed: connection error: Endpoint closed
2026-09-15T20:58:21.313 WARN kycontroller::kymux_controller::server - Kynet accept failed: connection error: Endpoint closed
2026-09-15T20:58:21.313 WARN kycontroller::kymux_controller::server - Kynet accept failed: connection error: Endpoint closed
2026-09-15T20:58:21.314 WARN kycontroller::kymux_controller::server - Kynet accept failed: connection error: Endpoint closed
2026-09-15T20:58:21.314 WARN kycontroller::kymux_controller::server - Kynet accept failed: connection error: Endpoint closed
2026-09-15T20:58:21.314 WARN kycontroller::kymux_controller::server - Kynet accept failed: connection error: Endpoint closed
2026-09-15T20:58:21.314 WARN kycontroller::kymux_controller::server - Kynet accept failed: connection error: Endpoint closed
2026-09-15T20:58:21.314 WARN kycontroller::kymux_controller::server - Kynet accept failed: connection error: Endpoint closed
2026-09-15T20:58:21.314 WARN kycontroller::kymux_controller::server - Kynet accept failed: connection error: Endpoint closed
2026-09-15T20:58:21.314 WARN kycontroller::kymux_controller::server - Kynet accept failed: connection error: Endpoint closed
2026-09-15T20:58:21.314 WARN kycontroller::kymux_controller::server - Kynet accept failed: connection error: Endpoint closed
2026-09-15T20:58:21.314 WARN kycontroller::kymux_controller::server - Kynet accept failed: connection error: Endpoint closed
2026-09-15T20:58:21.314 WARN kycontroller::kymux_controller::server - Kynet accept failed: connection error: Endpoint closed
2026-09-15T20:58:21.314 WARN kycontroller::kymux_controller::server - Kynet accept failed: connection error: Endpoint closed
2026-09-15T20:58:21.314 WARN kycontroller::kymux_controller::server - Kynet accept failed: connection error: Endpoint closed
2026-09-15T20:58:21.314 WARN kycontroller::kymux_controller::server - Kynet accept failed: connection error: Endpoint closed
2026-09-15T20:58:21.314 WARN kycontroller::kymux_controller::server - Kynet accept failed: connection error: Endpoint closed
2026-09-15T20:58:21.314 WARN kycontroller::kymux_controller::server - Kynet accept failed: connection error: Endpoint closed
2026-09-15T20:58:21.314 WARN kycontroller::kymux_controller::server - Kynet accept failed: connection error: Endpoint closed
2026-09-15T20:58:21.314 WARN kycontroller::kymux_controller::server - Kynet accept failed: connection error: Endpoint closed
2026-09-15T20:58:21.314 WARN kycontroller::kymux_controller::server - Kynet accept failed: connection error: Endpoint closed
2026-09-15T20:58:21.314 WARN kycontroller::kymux_controller::server - Kynet accept failed: connection error: Endpoint closed
2026-09-15T20:58:21.314 WARN kycontroller::kymux_controller::server - Kynet accept failed: connection error: Endpoint closed
2026-09-15T20:58:21.314 WARN kycontroller::kymux_controller::server - Kynet accept failed: connection error: Endpoint closed
2026-09-15T20:58:21.314 WARN kycontroller::kymux_controller::server - Kynet accept failed: connection error: Endpoint closed
2026-09-15T20:58:21.314 WARN kycontroller::kymux_controller::server - Kynet accept failed: connection error: Endpoint closed
2026-09-15T20:58:21.314 WARN kycontroller::kymux_controller::server - Kynet accept failed: connection error: Endpoint closed
2026-09-15T20:58:21.314 WARN kycontroller::kymux_controller::server - Kynet accept failed: connection error: Endpoint closed
2026-09-15T20:58:21.314 WARN kycontroller::kymux_controller::server - Kynet accept failed: connection error: Endpoint closed
2026-09-15T20:58:21.314 WARN kycontroller::kymux_controller::server - Kynet accept failed: connection error: Endpoint closed
2026-09-15T20:58:21.314 WARN kycontroller::kymux_controller::server - Kynet accept failed: connection error: Endpoint closed
2026-09-15T20:58:21.314 WARN kycontroller::kymux_controller::server - Kynet accept failed: connection error: Endpoint closed
2026-09-15T20:58:21.314 WARN kycontroller::kymux_controller::server - Kynet accept failed: connection error: Endpoint closed
2026-09-15T20:58:21.314 WARN kycontroller::kymux_controller::server - Kynet accept failed: connection error: Endpoint closed
2026-09-15T20:58:21.314 WARN kycontroller::kymux_controller::server - Kynet accept failed: connection error: Endpoint closed
2026-09-15T20:58:21.314 WARN kycontroller::kymux_controller::server - Kynet accept failed: connection error: Endpoint closed
2026-09-15T20:58:21.314 WARN kycontroller::kymux_controller::server - Kynet accept failed: connection error: Endpoint closed
2026-09-15T20:58:21.314 WARN kycontroller::kymux_controller::server - Kynet accept failed: connection error: Endpoint closed
2026-09-15T20:58:21.314 WARN kycontroller::kymux_controller::server - Kynet accept failed: connection error: Endpoint closed
2026-09-15T20:58:21.314 WARN kycontroller::kymux_controller::server - Kynet accept failed: connection error: Endpoint closed
2026-09-15T20:58:21.314 WARN kycontroller::kymux_controller::server - Kynet accept failed: connection error: Endpoint closed
2026-09-15T20:58:21.314 WARN kycontroller::kymux_controller::server - Kynet accept failed: connection error: Endpoint closed
2026-09-15T20:58:21.314 WARN kycontroller::kymux_controller::server - Kynet accept failed: connection error: Endpoint closed
2026-09-15T20:58:21.314 WARN kycontroller::kymux_controller::server - Kynet accept failed: connection error: Endpoint closed
2026-09-15T20:58:21.314 WARN kycontroller::kymux_controller::server - Kynet accept failed: connection error: Endpoint closed
2026-09-15T20:58:21.314 WARN kycontroller::kymux_controller::server - Kynet accept failed: connection error: Endpoint closed
2026-09-15T20:58:21.314 WARN kycontroller::kymux_controller::server - Kynet accept failed: connection error: Endpoint closed
2026-09-15T20:58:21.314 WARN kycontroller::kymux_controller::server - Kynet accept failed: connection error: Endpoint closed
2026-09-15T20:58:21.314 WARN kycontroller::kymux_controller::server - Kynet accept failed: connection error: Endpoint closed
2026-09-15T20:58:21.314 WARN kycontroller::kymux_controller::server - Kynet accept failed: connection error: Endpoint closed
2026-09-15T20:58:21.314 WARN kycontroller::kymux_controller::server - Kynet accept failed: connection error: Endpoint closed
2026-09-15T20:58:21.314 WARN kycontroller::kymux_controller::server - Kynet accept failed: connection error: Endpoint closed
2026-09-15T20:58:21.314 WARN kycontroller::kymux_controller::server - Kynet accept failed: connection error: Endpoint closed
2026-09-15T20:58:21.314 WARN kycontroller::kymux_controller::server - Kynet accept failed: connection error: Endpoint closed
2026-09-15T20:58:21.314 WARN kycontroller::kymux_controller::server - Kynet accept failed: connection error: Endpoint closed
2026-09-15T20:58:21.314 WARN kycontroller::kymux_controller::server - Kynet accept failed: connection error: Endpoint closed
2026-09-15T20:58:21.314 WARN kycontroller::kymux_controller::server - Kynet accept failed: connection error: Endpoint closed
2026-09-15T20:58:21.314 WARN kycontroller::kymux_controller::server - Kynet accept failed: connection error: Endpoint closed
2026-09-15T20:58:21.314 WARN kycontroller::kymux_controller::server - Kynet accept failed: connection error: Endpoint closed
2026-09-15T20:58:21.314 WARN kycontroller::kymux_controller::server - Kynet accept failed: connection error: Endpoint closed
2026-09-15T20:58:21.314 WARN kycontroller::kymux_controller::server - Kynet accept failed: connection error: Endpoint closed
2026-09-15T20:58:21.314 WARN kycontroller::kymux_controller::server - Kynet accept failed: connection error: Endpoint closed
2026-09-15T20:58:21.314 WARN kycontroller::kymux_controller::server - Kynet accept failed: connection error: Endpoint closed
2026-09-15T20:58:21.314 WARN kycontroller::kymux_controller::server - Kynet accept failed: connection error: Endpoint closed
2026-09-15T20:58:21.314 WARN kycontroller::kymux_controller::server - Kynet accept failed: connection error: Endpoint closed
2026-09-15T20:58:21.314 WARN kycontroller::kymux_controller::server - Kynet accept failed: connection error: Endpoint closed
2026-09-15T20:58:21.314 WARN kycontroller::kymux_controller::server - Kynet accept failed: connection error: Endpoint closed
2026-09-15T20:58:21.314 WARN kycontroller::kymux_controller::server - Kynet accept failed: connection error: Endpoint closed
2026-09-15T20:58:21.314 WARN kycontroller::kymux_controller::server - Kynet accept failed: connection error: Endpoint closed
2026-09-15T20:58:21.314 WARN kycontroller::kymux_controller::server - Kynet accept failed: connection error: Endpoint closed
2026-09-15T20:58:21.314 WARN kycontroller::kymux_controller::server - Kynet accept failed: connection error: Endpoint closed
2026-09-15T20:58:21.314 WARN kycontroller::kymux_controller::server - Kynet accept failed: connection error: Endpoint closed
2026-09-15T20:58:21.314 WARN kycontroller::kymux_controller::server - Kynet accept failed: connection error: Endpoint closed
2026-09-15T20:58:21.314 WARN kycontroller::kymux_controller::server - Kynet accept failed: connection error: Endpoint closed
2026-09-15T20:58:21.314 WARN kycontroller::kymux_controller::server - Kynet accept failed: connection error: Endpoint closed
2026-09-15T20:58:21.314 WARN kycontroller::kymux_controller::server - Kynet accept failed: connection error: Endpoint closed
2026-09-15T20:58:21.314 WARN kycontroller::kymux_controller::server - Kynet accept failed: connection error: Endpoint closed
2026-09-15T20:58:21.314 WARN kycontroller::kymux_controller::server - Kynet accept failed: connection error: Endpoint closed
2026-09-15T20:58:21.314 WARN kycontroller::kymux_controller::server - Kynet accept failed: connection error: Endpoint closed
2026-09-15T20:58:21.314 WARN kycontroller::kymux_controller::server - Kynet accept failed: connection error: Endpoint closed
2026-09-15T20:58:21.314 WARN kycontroller::kymux_controller::server - Kynet accept failed: connection error: Endpoint closed
2026-09-15T20:58:21.314 WARN kycontroller::kymux_controller::server - Kynet accept failed: connection error: Endpoint closed
2026-09-15T20:58:21.314 WARN kycontroller::kymux_controller::server - Kynet accept failed: connection error: Endpoint closed
2026-09-15T20:58:21.314 WARN kycontroller::kymux_controller::server - Kynet accept failed: connection error: Endpoint closed
2026-09-15T20:58:21.314 WARN kycontroller::kymux_controller::server - Kynet accept failed: connection error: Endpoint closed
2026-09-15T20:58:21.314 WARN kycontroller::kymux_controller::server - Kynet accept failed: connection error: Endpoint closed
2026-09-15T20:58:21.314 WARN kycontroller::kymux_controller::server - Kynet accept failed: connection error: Endpoint closed
2026-09-15T20:58:21.314 WARN kycontroller::kymux_controller::server - Kynet accept failed: connection error: Endpoint closed
2026-09-15T20:58:21.314 WARN kycontroller::kymux_controller::server - Kynet accept failed: connection error: Endpoint closed
2026-09-15T20:58:21.314 WARN kycontroller::kymux_controller::server - Kynet accept failed: connection error: Endpoint closed
2026-09-15T20:58:21.314 WARN kycontroller::kymux_controller::server - Kynet accept failed: connection error: Endpoint closed
2026-09-15T20:58:21.314 WARN kycontroller::kymux_controller::server - Kynet accept failed: connection error: Endpoint closed
2026-09-15T20:58:21.314 WARN kycontroller::kymux_controller::server - Kynet accept failed: connection error: Endpoint closed
2026-09-15T20:58:21.314 WARN kycontroller::kymux_controller::server - Kynet accept failed: connection error: Endpoint closed
2026-09-15T20:58:21.314 WARN kycontroller::kymux_controller::server - Kynet accept failed: connection error: Endpoint closed
2026-09-15T20:58:21.314 WARN kycontroller::kymux_controller::server - Kynet accept failed: connection error: Endpoint closed
2026-09-15T20:58:21.314 WARN kycontroller::kymux_controller::server - Kynet accept failed: connection error: Endpoint closed
2026-09-15T20:58:21.314 WARN kycontroller::kymux_controller::server - Kynet accept failed: connection error: Endpoint closed
2026-09-15T20:58:21.314 WARN kycontroller::kymux_controller::server - Kynet accept failed: connection error: Endpoint closed
2026-09-15T20:58:21.314 WARN kycontroller::kymux_controller::server - Kynet accept failed: connection error: Endpoint closed
2026-09-15T20:58:21.314 WARN kycontroller::kymux_controller::server - Kynet accept failed: connection error: Endpoint closed
2026-09-15T20:58:21.314 WARN kycontroller::kymux_controller::server - Kynet accept failed: connection error: Endpoint closed
2026-09-15T20:58:21.314 WARN kycontroller::kymux_controller::server - Kynet accept failed: connection error: Endpoint closed
2026-09-15T20:58:21.314 WARN kycontroller::kymux_controller::server - Kynet accept failed: connection error: Endpoint closed
2026-09-15T20:58:21.314 WARN kycontroller::kymux_controller::server - Kynet accept failed: connection error: Endpoint closed
2026-09-15T20:58:21.314 WARN kycontroller::kymux_controller::server - Kynet accept failed: connection error: Endpoint closed
2026-09-15T20:58:21.314 WARN kycontroller::kymux_controller::server - Kynet accept failed: connection error: Endpoint closed
2026-09-15T20:58:21.314 WARN kycontroller::kymux_controller::server - Kynet accept failed: connection error: Endpoint closed
2026-09-15T20:58:21.314 WARN kycontroller::kymux_controller::server - Kynet accept failed: connection error: Endpoint closed
2026-09-15T20:58:21.314 WARN kycontroller::kymux_controller::server - Kynet accept failed: connection error: Endpoint closed
2026-09-15T20:58:21.314 WARN kycontroller::kymux_controller::server - Kynet accept failed: connection error: Endpoint closed
2026-09-15T20:58:21.314 WARN kycontroller::kymux_controller::server - Kynet accept failed: connection error: Endpoint closed
2026-09-15T20:58:21.314 WARN kycontroller::kymux_controller::server - Kynet accept failed: connection error: Endpoint closed
2026-09-15T20:58:21.314 WARN kycontroller::kymux_controller::server - Kynet accept failed: connection error: Endpoint closed
2026-09-15T20:58:21.314 WARN kycontroller::kymux_controller::server - Kynet accept failed: connection error: Endpoint closed
2026-09-15T20:58:21.315 WARN kycontroller::kymux_controller::server - Kynet accept failed: connection error: Endpoint closed
2026-09-15T20:58:21.315 WARN kycontroller::kymux_controller::server - Kynet accept failed: connection error: Endpoint closed
2026-09-15T20:58:21.315 WARN kycontroller::kymux_controller::server - Kynet accept failed: connection error: Endpoint closed
2026-09-15T20:58:21.315 WARN kycontroller::kymux_controller::server - Kynet accept failed: connection error: Endpoint closed
2026-09-15T20:58:21.315 WARN kycontroller::kymux_controller::server - Kynet accept failed: connection error: Endpoint closed
2026-09-15T20:58:21.315 WARN kycontroller::kymux_controller::server - Kynet accept failed: connection error: Endpoint closed
2026-09-15T20:58:21.315 WARN kycontroller::kymux_controller::server - Kynet accept failed: connection error: Endpoint closed
2026-09-15T20:58:21.315 WARN kycontroller::kymux_controller::server - Kynet accept failed: connection error: Endpoint closed
2026-09-15T20:58:21.315 WARN kycontroller::kymux_controller::server - Kynet accept failed: connection error: Endpoint closed
2026-09-15T20:58:21.315 WARN kycontroller::kymux_controller::server - Kynet accept failed: connection error: Endpoint closed
2026-09-15T20:58:21.315 WARN kycontroller::kymux_controller::server - Kynet accept failed: connection error: Endpoint closed
2026-09-15T20:58:21.315 WARN kycontroller::kymux_controller::server - Kynet accept failed: connection error: Endpoint closed
2026-09-15T20:58:21.315 WARN kycontroller::kymux_controller::server - Kynet accept failed: connection error: Endpoint closed
2026-09-15T20:58:21.315 WARN kycontroller::kymux_controller::server - Kynet accept failed: connection error: Endpoint closed
2026-09-15T20:58:21.315 WARN kycontroller::kymux_controller::server - Kynet accept failed: connection error: Endpoint closed
2026-09-15T20:58:21.315 WARN kycontroller::kymux_controller::server - Kynet accept failed: connection error: Endpoint closed
2026-09-15T20:58:21.315 WARN kycontroller::kymux_controller::server - Kynet accept failed: connection error: Endpoint closed
2026-09-15T20:58:21.315 WARN kycontroller::kymux_controller::server - Kynet accept failed: connection error: Endpoint closed
2026-09-15T20:58:21.315 WARN kycontroller::kymux_controller::server - Kynet accept failed: connection error: Endpoint closed
2026-09-15T20:58:21.315 WARN kycontroller::kymux_controller::server - Kynet accept failed: connection error: Endpoint closed
2026-09-15T20:58:21.315 WARN kycontroller::kymux_controller::server - Kynet accept failed: connection error: Endpoint closed
2026-09-15T20:58:21.315 WARN kycontroller::kymux_controller::server - Kynet accept failed: connection error: Endpoint closed
2026-09-15T20:58:21.315 WARN kycontroller::kymux_controller::server - Kynet accept failed: connection error: Endpoint closed
2026-09-15T20:58:21.315 WARN kycontroller::kymux_controller::server - Kynet accept failed: connection error: Endpoint closed
2026-09-15T20:58:21.315 WARN kycontroller::kymux_controller::server - Kynet accept failed: connection error: Endpoint closed
2026-09-15T20:58:21.315 WARN kycontroller::kymux_controller::server - Kynet accept failed: connection error: Endpoint closed
2026-09-15T20:58:21.315 WARN kycontroller::kymux_controller::server - Kynet accept failed: connection error: Endpoint closed
2026-09-15T20:58:21.315 WARN kycontroller::kymux_controller::server - Kynet accept failed: connection error: Endpoint closed
2026-09-15T20:58:21.315 WARN kycontroller::kymux_controller::server - Kynet accept failed: connection error: Endpoint closed
2026-09-15T20:58:21.315 WARN kycontroller::kymux_controller::server - Kynet accept failed: connection error: Endpoint closed
2026-09-15T20:58:21.315 WARN kycontroller::kymux_controller::server - Kynet accept failed: connection error: Endpoint closed
2026-09-15T20:58:21.315 WARN kycontroller::kymux_controller::server - Kynet accept failed: connection error: Endpoint closed
2026-09-15T20:58:21.315 WARN kycontroller::kymux_controller::server - Kynet accept failed: connection error: Endpoint closed
2026-09-15T20:58:21.315 WARN kycontroller::kymux_controller::server - Kynet accept failed: connection error: Endpoint closed
2026-09-15T20:58:21.315 WARN kycontroller::kymux_controller::server - Kynet accept failed: connection error: Endpoint closed
2026-09-15T20:58:21.315 WARN kycontroller::kymux_controller::server - Kynet accept failed: connection error: Endpoint closed
2026-09-15T20:58:21.315 WARN kycontroller::kymux_controller::server - Kynet accept failed: connection error: Endpoint closed
2026-09-15T20:58:21.315 WARN kycontroller::kymux_controller::server - Kynet accept failed: connection error: Endpoint closed
2026-09-15T20:58:21.315 WARN kycontroller::kymux_controller::server - Kynet accept failed: connection error: Endpoint closed
2026-09-15T20:58:21.315 WARN kycontroller::kymux_controller::server - Kynet accept failed: connection error: Endpoint closed
2026-09-15T20:58:21.315 WARN kycontroller::kymux_controller::server - Kynet accept failed: connection error: Endpoint closed
2026-09-15T20:58:21.315 WARN kycontroller::kymux_controller::server - Kynet accept failed: connection error: Endpoint closed
2026-09-15T20:58:21.315 WARN kycontroller::kymux_controller::server - Kynet accept failed: connection error: Endpoint closed
2026-09-15T20:58:21.315 WARN kycontroller::kymux_controller::server - Kynet accept failed: connection error: Endpoint closed
2026-09-15T20:58:21.315 WARN kycontroller::kymux_controller::server - Kynet accept failed: connection error: Endpoint closed
2026-09-15T20:58:21.315 WARN kycontroller::kymux_controller::server - Kynet accept failed: connection error: Endpoint closed
2026-09-15T20:58:21.315 WARN kycontroller::kymux_controller::server - Kynet accept failed: connection error: Endpoint closed
2026-09-15T20:58:21.315 WARN kycontroller::kymux_controller::server - Kynet accept failed: connection error: Endpoint closed
2026-09-15T20:58:21.315 WARN kycontroller::kymux_controller::server - Kynet accept failed: connection error: Endpoint closed
2026-09-15T20:58:21.315 WARN kycontroller::kymux_controller::server - Kynet accept failed: connection error: Endpoint closed
2026-09-15T20:58:21.315 WARN kycontroller::kymux_controller::server - Kynet accept failed: connection error: Endpoint closed
2026-09-15T20:58:21.315 WARN kycontroller::kymux_controller::server - Kynet accept failed: connection error: Endpoint closed
2026-09-15T20:58:21.315 WARN kycontroller::kymux_controller::server - Kynet accept failed: connection error: Endpoint closed
2026-09-15T20:58:21.315 WARN kycontroller::kymux_controller::server - Kynet accept failed: connection error: Endpoint closed
2026-09-15T20:58:21.315 WARN kycontroller::kymux_controller::server - Kynet accept failed: connection error: Endpoint closed
2026-09-15T20:58:21.315 WARN kycontroller::kymux_controller::server - Kynet accept failed: connection error: Endpoint closed
2026-09-15T20:58:21.315 WARN kycontroller::kymux_controller::server - Kynet accept failed: connection error: Endpoint closed
2026-09-15T20:58:21.315 WARN kycontroller::kymux_controller::server - Kynet accept failed: connection error: Endpoint closed
2026-09-15T20:58:21.315 WARN kycontroller::kymux_controller::server - Kynet accept failed: connection error: Endpoint closed
2026-09-15T20:58:21.315 WARN kycontroller::kymux_controller::server - Kynet accept failed: connection error: Endpoint closed
2026-09-15T20:58:21.315 WARN kycontroller::kymux_controller::server - Kynet accept failed: connection error: Endpoint closed
2026-09-15T20:58:21.315 WARN kycontroller::kymux_controller::server - Kynet accept failed: connection error: Endpoint closed
2026-09-15T20:58:21.315 WARN kycontroller::kymux_controller::server - Kynet accept failed: connection error: Endpoint closed
2026-09-15T20:58:21.315 WARN kycontroller::kymux_controller::server - Kynet accept failed: connection error: Endpoint closed
2026-09-15T20:58:21.315 WARN kycontroller::kymux_controller::server - Kynet accept failed: connection error: Endpoint closed
2026-09-15T20:58:21.315 WARN kycontroller::kymux_controller::server - Kynet accept failed: connection error: Endpoint closed
2026-09-15T20:58:21.315 WARN kycontroller::kymux_controller::server - Kynet accept failed: connection error: Endpoint closed
2026-09-15T20:58:21.315 WARN kycontroller::kymux_controller::server - Kynet accept failed: connection error: Endpoint closed
2026-09-15T20:58:21.315 WARN kycontroller::kymux_controller::server - Kynet accept failed: connection error: Endpoint closed
2026-09-15T20:58:21.315 WARN kycontroller::kymux_controller::server - Kynet accept failed: connection error: Endpoint closed
2026-09-15T20:58:21.315 WARN kycontroller::kymux_controller::server - Kynet accept failed: connection error: Endpoint closed
2026-09-15T20:58:21.315 WARN kycontroller::kymux_controller::server - Kynet accept failed: connection error: Endpoint closed
2026-09-15T20:58:21.315 WARN kycontroller::kymux_controller::server - Kynet accept failed: connection error: Endpoint closed
2026-09-15T20:58:21.315 WARN kycontroller::kymux_controller::server - Kynet accept failed: connection error: Endpoint closed
2026-09-15T20:58:21.315 WARN kycontroller::kymux_controller::server - Kynet accept failed: connection error: Endpoint closed
2026-09-15T20:58:21.315 WARN kycontroller::kymux_controller::server - Kynet accept failed: connection error: Endpoint closed
2026-09-15T20:58:21.315 WARN kycontroller::kymux_controller::server - Kynet accept failed: connection error: Endpoint closed
2026-09-15T20:58:21.315 WARN kycontroller::kymux_controller::server - Kynet accept failed: connection error: Endpoint closed
2026-09-15T20:58:21.315 WARN kycontroller::kymux_controller::server - Kynet accept failed: connection error: Endpoint closed
2026-09-15T20:58:21.315 WARN kycontroller::kymux_controller::server - Kynet accept failed: connection error: Endpoint closed
2026-09-15T20:58:21.315 WARN kycontroller::kymux_controller::server - Kynet accept failed: connection error: Endpoint closed
2026-09-15T20:58:21.315 WARN kycontroller::kymux_controller::server - Kynet accept failed: connection error: Endpoint closed
2026-09-15T20:58:21.315 WARN kycontroller::kymux_controller::server - Kynet accept failed: connection error: Endpoint closed
2026-09-15T20:58:21.315 WARN kycontroller::kymux_controller::server - Kynet accept failed: connection error: Endpoint closed
2026-09-15T20:58:21.315 WARN kycontroller::kymux_controller::server - Kynet accept failed: connection error: Endpoint closed
2026-09-15T20:58:21.315 WARN kycontroller::kymux_controller::server - Kynet accept failed: connection error: Endpoint closed
2026-09-15T20:58:21.315 WARN kycontroller::kymux_controller::server - Kynet accept failed: connection error: Endpoint closed
2026-09-15T20:58:21.315 WARN kycontroller::kymux_controller::server - Kynet accept failed: connection error: Endpoint closed
2026-09-15T20:58:21.315 WARN kycontroller::kymux_controller::server - Kynet accept failed: connection error: Endpoint closed
2026-09-15T20:58:21.315 WARN kycontroller::kymux_controller::server - Kynet accept failed: connection error: Endpoint closed
2026-09-15T20:58:21.315 WARN kycontroller::kymux_controller::server - Kynet accept failed: connection error: Endpoint closed
2026-09-15T20:58:21.315 WARN kycontroller::kymux_controller::server - Kynet accept failed: connection error: Endpoint closed
2026-09-15T20:58:21.315 WARN kycontroller::kymux_controller::server - Kynet accept failed: connection error: Endpoint closed
2026-09-15T20:58:21.315 WARN kycontroller::kymux_controller::server - Kynet accept failed: connection error: Endpoint closed
2026-09-15T20:58:21.315 WARN kycontroller::kymux_controller::server - Kynet accept failed: connection error: Endpoint closed
2026-09-15T20:58:21.315 WARN kycontroller::kymux_controller::server - Kynet accept failed: connection error: Endpoint closed
2026-09-15T20:58:21.315 WARN kycontroller::kymux_controller::server - Kynet accept failed: connection error: Endpoint closed
2026-09-15T20:58:21.315 WARN kycontroller::kymux_controller::server - Kynet accept failed: connection error: Endpoint closed
2026-09-15T20:58:21.315 WARN kycontroller::kymux_controller::server - Kynet accept failed: connection error: Endpoint closed
2026-09-15T20:58:21.315 WARN kycontroller::kymux_controller::server - Kynet accept failed: connection error: Endpoint closed
2026-09-15T20:58:21.315 WARN kycontroller::kymux_controller::server - Kynet accept failed: connection error: Endpoint closed
2026-09-15T20:58:21.315 WARN kycontroller::kymux_controller::server - Kynet accept failed: connection error: Endpoint closed
2026-09-15T20:58:21.315 WARN kycontroller::kymux_controller::server - Kynet accept failed: connection error: Endpoint closed
2026-09-15T20:58:21.315 WARN kycontroller::kymux_controller::server - Kynet accept failed: connection error: Endpoint closed
2026-09-15T20:58:21.315 WARN kycontroller::kymux_controller::server - Kynet accept failed: connection error: Endpoint closed
2026-09-15T20:58:21.315 WARN kycontroller::kymux_controller::server - Kynet accept failed: connection error: Endpoint closed
2026-09-15T20:58:21.315 WARN kycontroller::kymux_controller::server - Kynet accept failed: connection error: Endpoint closed
2026-09-15T20:58:21.315 WARN kycontroller::kymux_controller::server - Kynet accept failed: connection error: Endpoint closed
2026-09-15T20:58:21.315 WARN kycontroller::kymux_controller::server - Kynet accept failed: connection error: Endpoint closed
2026-09-15T20:58:21.315 WARN kycontroller::kymux_controller::server - Kynet accept failed: connection error: Endpoint closed
2026-09-15T20:58:21.315 WARN kycontroller::kymux_controller::server - Kynet accept failed: connection error: Endpoint closed
2026-09-15T20:58:21.315 WARN kycontroller::kymux_controller::server - Kynet accept failed: connection error: Endpoint closed
2026-09-15T20:58:21.315 WARN kycontroller::kymux_controller::server - Kynet accept failed: connection error: Endpoint closed
2026-09-15T20:58:21.315 WARN kycontroller::kymux_controller::server - Kynet accept failed: connection error: Endpoint closed
2026-09-15T20:58:21.315 WARN kycontroller::kymux_controller::server - Kynet accept failed: connection error: Endpoint closed
2026-09-15T20:58:21.316 WARN kycontroller::kymux_controller::server - Kynet accept failed: connection error: Endpoint closed
2026-09-15T20:58:21.316 WARN kycontroller::kymux_controller::server - Kynet accept failed: connection error: Endpoint closed
2026-09-15T20:58:21.316 WARN kycontroller::kymux_controller::server - Kynet accept failed: connection error: Endpoint closed
2026-09-15T20:58:21.316 WARN kycontroller::kymux_controller::server - Kynet accept failed: connection error: Endpoint closed
2026-09-15T20:58:21.316 WARN kycontroller::kymux_controller::server - Kynet accept failed: connection error: Endpoint closed
2026-09-15T20:58:21.316 WARN kycontroller::kymux_controller::server - Kynet accept failed: connection error: Endpoint closed
2026-09-15T20:58:21.316 WARN kycontroller::kymux_controller::server - Kynet accept failed: connection error: Endpoint closed
2026-09-15T20:58:21.316 WARN kycontroller::kymux_controller::server - Kynet accept failed: connection error: Endpoint closed
2026-09-15T20:58:21.316 WARN kycontroller::kymux_controller::server - Kynet accept failed: connection error: Endpoint closed
2026-09-15T20:58:21.316 WARN kycontroller::kymux_controller::server - Kynet accept failed: connection error: Endpoint closed
2026-09-15T20:58:21.316 WARN kycontroller::kymux_controller::server - Kynet accept failed: connection error: Endpoint closed
2026-09-15T20:58:21.316 WARN kycontroller::kymux_controller::server - Kynet accept failed: connection error: Endpoint closed
2026-09-15T20:58:21.316 WARN kycontroller::kymux_controller::server - Kynet accept failed: connection error: Endpoint closed
2026-09-15T20:58:21.316 WARN kycontroller::kymux_controller::server - Kynet accept failed: connection error: Endpoint closed
2026-09-15T20:58:21.316 WARN kycontroller::kymux_controller::server - Kynet accept failed: connection error: Endpoint closed
2026-09-15T20:58:21.316 WARN kycontroller::kymux_controller::server - Kynet accept failed: connection error: Endpoint closed
2026-09-15T20:58:21.316 WARN kycontroller::kymux_controller::server - Kynet accept failed: connection error: Endpoint closed
2026-09-15T20:58:21.316 WARN kycontroller::kymux_controller::server - Kynet accept failed: connection error: Endpoint closed
2026-09-15T20:58:21.316 WARN kycontroller::kymux_controller::server - Kynet accept failed: connection error: Endpoint closed
2026-09-15T20:58:21.316 WARN kycontroller::kymux_controller::server - Kynet accept failed: connection error: Endpoint closed
2026-09-15T20:58:21.316 WARN kycontroller::kymux_controller::server - Kynet accept failed: connection error: Endpoint closed
2026-09-15T20:58:21.316 WARN kycontroller::kymux_controller::server - Kynet accept failed: connection error: Endpoint closed
2026-09-15T20:58:21.316 WARN kycontroller::kymux_controller::server - Kynet accept failed: connection error: Endpoint closed
2026-09-15T20:58:21.316 WARN kycontroller::kymux_controller::server - Kynet accept failed: connection error: Endpoint closed
2026-09-15T20:58:21.316 WARN kycontroller::kymux_controller::server - Kynet accept failed: connection error: Endpoint closed
2026-09-15T20:58:21.316 WARN kycontroller::kymux_controller::server - Kynet accept failed: connection error: Endpoint closed
2026-09-15T20:58:21.316 WARN kycontroller::kymux_controller::server - Kynet accept failed: connection error: Endpoint closed
2026-09-15T20:58:21.316 WARN kycontroller::kymux_controller::server - Kynet accept failed: connection error: Endpoint closed
2026-09-15T20:58:21.316 WARN kycontroller::kymux_controller::server - Kynet accept failed: connection error: Endpoint closed
2026-09-15T20:58:21.316 WARN kycontroller::kymux_controller::server - Kynet accept failed: connection error: Endpoint closed
2026-09-15T20:58:21.316 WARN kycontroller::kymux_controller::server - Kynet accept failed: connection error: Endpoint closed
2026-09-15T20:58:21.316 WARN kycontroller::kymux_controller::server - Kynet accept failed: connection error: Endpoint closed
2026-09-15T20:58:21.316 WARN kycontroller::kymux_controller::server - Kynet accept failed: connection error: Endpoint closed
2026-09-15T20:58:21.316 WARN kycontroller::kymux_controller::server - Kynet accept failed: connection error: Endpoint closed
2026-09-15T20:58:21.316 WARN kycontroller::kymux_controller::server - Kynet accept failed: connection error: Endpoint closed
2026-09-15T20:58:21.316 WARN kycontroller::kymux_controller::server - Kynet accept failed: connection error: Endpoint closed
2026-09-15T20:58:21.316 WARN kycontroller::kymux_controller::server - Kynet accept failed: connection error: Endpoint closed
2026-09-15T20:58:21.316 WARN kycontroller::kymux_controller::server - Kynet accept failed: connection error: Endpoint closed
2026-09-15T20:58:21.316 WARN kycontroller::kymux_controller::server - Kynet accept failed: connection error: Endpoint closed
2026-09-15T20:58:21.316 WARN kycontroller::kymux_controller::server - Kynet accept failed: connection error: Endpoint closed
2026-09-15T20:58:21.316 WARN kycontroller::kymux_controller::server - Kynet accept failed: connection error: Endpoint closed
2026-09-15T20:58:21.316 WARN kycontroller::kymux_controller::server - Kynet accept failed: connection error: Endpoint closed
2026-09-15T20:58:21.316 WARN kycontroller::kymux_controller::server - Kynet accept failed: connection error: Endpoint closed
2026-09-15T20:58:21.316 WARN kycontroller::kymux_controller::server - Kynet accept failed: connection error: Endpoint closed
2026-09-15T20:58:21.316 WARN kycontroller::kymux_controller::server - Kynet accept failed: connection error: Endpoint closed
2026-09-15T20:58:21.316 WARN kycontroller::kymux_controller::server - Kynet accept failed: connection error: Endpoint closed
2026-09-15T20:58:21.316 WARN kycontroller::kymux_controller::server - Kynet accept failed: connection error: Endpoint closed
2026-09-15T20:58:21.316 WARN kycontroller::kymux_controller::server - Kynet accept failed: connection error: Endpoint closed
2026-09-15T20:58:21.316 WARN kycontroller::kymux_controller::server - Kynet accept failed: connection error: Endpoint closed
2026-09-15T20:58:21.316 WARN kycontroller::kymux_controller::server - Kynet accept failed: connection error: Endpoint closed
2026-09-15T20:58:21.316 WARN kycontroller::kymux_controller::server - Kynet accept failed: connection error: Endpoint closed
2026-09-15T20:58:21.316 WARN kycontroller::kymux_controller::server - Kynet accept failed: connection error: Endpoint closed
2026-09-15T20:58:21.316 WARN kycontroller::kymux_controller::server - Kynet accept failed: connection error: Endpoint closed
2026-09-15T20:58:21.316 WARN kycontroller::kymux_controller::server - Kynet accept failed: connection error: Endpoint closed
2026-09-15T20:58:21.316 WARN kycontroller::kymux_controller::server - Kynet accept failed: connection error: Endpoint closed
2026-09-15T20:58:21.316 WARN kycontroller::kymux_controller::server - Kynet accept failed: connection error: Endpoint closed
2026-09-15T20:58:21.316 WARN kycontroller::kymux_controller::server - Kynet accept failed: connection error: Endpoint closed
2026-09-15T20:58:21.316 WARN kycontroller::kymux_controller::server - Kynet accept failed: connection error: Endpoint closed
2026-09-15T20:58:21.316 WARN kycontroller::kymux_controller::server - Kynet accept failed: connection error: Endpoint closed
2026-09-15T20:58:21.316 WARN kycontroller::kymux_controller::server - Kynet accept failed: connection error: Endpoint closed
2026-09-15T20:58:21.316 WARN kycontroller::kymux_controller::server - Kynet accept failed: connection error: Endpoint closed
2026-09-15T20:58:21.316 WARN kycontroller::kymux_controller::server - Kynet accept failed: connection error: Endpoint closed
2026-09-15T20:58:21.316 WARN kycontroller::kymux_controller::server - Kynet accept failed: connection error: Endpoint closed
2026-09-15T20:58:21.316 WARN kycontroller::kymux_controller::server - Kynet accept failed: connection error: Endpoint closed
2026-09-15T20:58:21.316 WARN kycontroller::kymux_controller::server - Kynet accept failed: connection error: Endpoint closed
2026-09-15T20:58:21.316 WARN kycontroller::kymux_controller::server - Kynet accept failed: connection error: Endpoint closed
2026-09-15T20:58:21.316 WARN kycontroller::kymux_controller::server - Kynet accept failed: connection error: Endpoint closed
2026-09-15T20:58:21.316 WARN kycontroller::kymux_controller::server - Kynet accept failed: connection error: Endpoint closed
2026-09-15T20:58:21.316 WARN kycontroller::kymux_controller::server - Kynet accept failed: connection error: Endpoint closed
2026-09-15T20:58:21.316 WARN kycontroller::kymux_controller::server - Kynet accept failed: connection error: Endpoint closed
2026-09-15T20:58:21.316 WARN kycontroller::kymux_controller::server - Kynet accept failed: connection error: Endpoint closed
2026-09-15T20:58:21.316 WARN kycontroller::kymux_controller::server - Kynet accept failed: connection error: Endpoint closed
2026-09-15T20:58:21.316 WARN kycontroller::kymux_controller::server - Kynet accept failed: connection error: Endpoint closed
2026-09-15T20:58:21.316 WARN kycontroller::kymux_controller::server - Kynet accept failed: connection error: Endpoint closed
2026-09-15T20:58:21.316 WARN kycontroller::kymux_controller::server - Kynet accept failed: connection error: Endpoint closed
2026-09-15T20:58:21.316 WARN kycontroller::kymux_controller::server - Kynet accept failed: connection error: Endpoint closed
2026-09-15T20:58:21.316 WARN kycontroller::kymux_controller::server - Kynet accept failed: connection error: Endpoint closed
2026-09-15T20:58:21.316 WARN kycontroller::kymux_controller::server - Kynet accept failed: connection error: Endpoint closed
2026-09-15T20:58:21.316 WARN kycontroller::kymux_controller::server - Kynet accept failed: connection error: Endpoint closed
2026-09-15T20:58:21.316 WARN kycontroller::kymux_controller::server - Kynet accept failed: connection error: Endpoint closed
2026-09-15T20:58:21.316 WARN kycontroller::kymux_controller::server - Kynet accept failed: connection error: Endpoint closed
2026-09-15T20:58:21.316 WARN kycontroller::kymux_controller::server - Kynet accept failed: connection error: Endpoint closed
2026-09-15T20:58:21.316 WARN kycontroller::kymux_controller::server - Kynet accept failed: connection error: Endpoint closed
2026-09-15T20:58:21.316 WARN kycontroller::kymux_controller::server - Kynet accept failed: connection error: Endpoint closed
2026-09-15T20:58:21.316 WARN kycontroller::kymux_controller::server - Kynet accept failed: connection error: Endpoint closed
2026-09-15T20:58:21.316 WARN kycontroller::kymux_controller::server - Kynet accept failed: connection error: Endpoint closed
2026-09-15T20:58:21.316 WARN kycontroller::kymux_controller::server - Kynet accept failed: connection error: Endpoint closed
2026-09-15T20:58:21.316 WARN kycontroller::kymux_controller::server - Kynet accept failed: connection error: Endpoint closed
2026-09-15T20:58:21.316 WARN kycontroller::kymux_controller::server - Kynet accept failed: connection error: Endpoint closed
2026-09-15T20:58:21.316 WARN kycontroller::kymux_controller::server - Kynet accept failed: connection error: Endpoint closed
2026-09-15T20:58:21.316 WARN kycontroller::kymux_controller::server - Kynet accept failed: connection error: Endpoint closed
2026-09-15T20:58:21.316 WARN kycontroller::kymux_controller::server - Kynet accept failed: connection error: Endpoint closed
2026-09-15T20:58:21.316 WARN kycontroller::kymux_controller::server - Kynet accept failed: connection error: Endpoint closed
2026-09-15T20:58:21.316 WARN kycontroller::kymux_controller::server - Kynet accept failed: connection error: Endpoint closed
2026-09-15T20:58:21.316 WARN kycontroller::kymux_controller::server - Kynet accept failed: connection error: Endpoint closed
2026-09-15T20:58:21.316 WARN kycontroller::kymux_controller::server - Kynet accept failed: connection error: Endpoint closed
2026-09-15T20:58:21.316 WARN kycontroller::kymux_controller::server - Kynet accept failed: connection error: Endpoint closed
2026-09-15T20:58:21.316 WARN kycontroller::kymux_controller::server - Kynet accept failed: connection error: Endpoint closed
2026-09-15T20:58:21.316 WARN kycontroller::kymux_controller::server - Kynet accept failed: connection error: Endpoint closed
2026-09-15T20:58:21.316 WARN kycontroller::kymux_controller::server - Kynet accept failed: connection error: Endpoint closed
2026-09-15T20:58:21.316 WARN kycontroller::kymux_controller::server - Kynet accept failed: connection error: Endpoint closed
2026-09-15T20:58:21.316 WARN kycontroller::kymux_controller::server - Kynet accept failed: connection error: Endpoint closed
2026-09-15T20:58:21.316 WARN kycontroller::kymux_controller::server - Kynet accept failed: connection error: Endpoint closed
2026-09-15T20:58:21.316 WARN kycontroller::kymux_controller::server - Kynet accept failed: connection error: Endpoint closed
2026-09-15T20:58:21.316 WARN kycontroller::kymux_controller::server - Kynet accept failed: connection error: Endpoint closed
2026-09-15T20:58:21.316 WARN kycontroller::kymux_controller::server - Kynet accept failed: connection error: Endpoint closed
2026-09-15T20:58:21.316 WARN kycontroller::kymux_controller::server - Kynet accept failed: connection error: Endpoint closed
2026-09-15T20:58:21.316 WARN kycontroller::kymux_controller::server - Kynet accept failed: connection error: Endpoint closed
2026-09-15T20:58:21.317 WARN kycontroller::kymux_controller::server - Kynet accept failed: connection error: Endpoint closed
2026-09-15T20:58:21.317 WARN kycontroller::kymux_controller::server - Kynet accept failed: connection error: Endpoint closed
2026-09-15T20:58:21.317 WARN kycontroller::kymux_controller::server - Kynet accept failed: connection error: Endpoint closed
2026-09-15T20:58:21.317 WARN kycontroller::kymux_controller::server - Kynet accept failed: connection error: Endpoint closed
2026-09-15T20:58:21.317 WARN kycontroller::kymux_controller::server - Kynet accept failed: connection error: Endpoint closed
2026-09-15T20:58:21.317 WARN kycontroller::kymux_controller::server - Kynet accept failed: connection error: Endpoint closed
2026-09-15T20:58:21.317 WARN kycontroller::kymux_controller::server - Kynet accept failed: connection error: Endpoint closed
2026-09-15T20:58:21.317 WARN kycontroller::kymux_controller::server - Kynet accept failed: connection error: Endpoint closed
2026-09-15T20:58:21.317 WARN kycontroller::kymux_controller::server - Kynet accept failed: connection error: Endpoint closed
2026-09-15T20:58:21.317 WARN kycontroller::kymux_controller::server - Kynet accept failed: connection error: Endpoint closed
2026-09-15T20:58:21.317 WARN kycontroller::kymux_controller::server - Kynet accept failed: connection error: Endpoint closed
2026-09-15T20:58:21.317 WARN kycontroller::kymux_controller::server - Kynet accept failed: connection error: Endpoint closed
2026-09-15T20:58:21.317 WARN kycontroller::kymux_controller::server - Kynet accept failed: connection error: Endpoint closed
2026-09-15T20:58:21.317 WARN kycontroller::kymux_controller::server - Kynet accept failed: connection error: Endpoint closed
2026-09-15T20:58:21.317 WARN kycontroller::kymux_controller::server - Kynet accept failed: connection error: Endpoint closed
2026-09-15T20:58:21.317 WARN kycontroller::kymux_controller::server - Kynet accept failed: connection error: Endpoint closed
2026-09-15T20:58:21.317 WARN kycontroller::kymux_controller::server - Kynet accept failed: connection error: Endpoint closed
2026-09-15T20:58:21.317 WARN kycontroller::kymux_controller::server - Kynet accept failed: connection error: Endpoint closed
2026-09-15T20:58:21.317 WARN kycontroller::kymux_controller::server - Kynet accept failed: connection error: Endpoint closed
2026-09-15T20:58:21.317 WARN kycontroller::kymux_controller::server - Kynet accept failed: connection error: Endpoint closed
2026-09-15T20:58:21.317 WARN kycontroller::kymux_controller::server - Kynet accept failed: connection error: Endpoint closed
2026-09-15T20:58:21.317 WARN kycontroller::kymux_controller::server - Kynet accept failed: connection error: Endpoint closed
2026-09-15T20:58:21.317 WARN kycontroller::kymux_controller::server - Kynet accept failed: connection error: Endpoint closed
2026-09-15T20:58:21.317 WARN kycontroller::kymux_controller::server - Kynet accept failed: connection error: Endpoint closed
2026-09-15T20:58:21.317 WARN kycontroller::kymux_controller::server - Kynet accept failed: connection error: Endpoint closed
2026-09-15T20:58:21.317 WARN kycontroller::kymux_controller::server - Kynet accept failed: connection error: Endpoint closed
2026-09-15T20:58:21.317 WARN kycontroller::kymux_controller::server - Kynet accept failed: connection error: Endpoint closed
2026-09-15T20:58:21.317 WARN kycontroller::kymux_controller::server - Kynet accept failed: connection error: Endpoint closed
2026-09-15T20:58:21.317 WARN kycontroller::kymux_controller::server - Kynet accept failed: connection error: Endpoint closed
2026-09-15T20:58:21.317 WARN kycontroller::kymux_controller::server - Kynet accept failed: connection error: Endpoint closed
2026-09-15T20:58:21.317 WARN kycontroller::kymux_controller::server - Kynet accept failed: connection error: Endpoint closed
2026-09-15T20:58:21.317 WARN kycontroller::kymux_controller::server - Kynet accept failed: connection error: Endpoint closed
2026-09-15T20:58:21.317 WARN kycontroller::kymux_controller::server - Kynet accept failed: connection error: Endpoint closed
2026-09-15T20:58:21.317 WARN kycontroller::kymux_controller::server - Kynet accept failed: connection error: Endpoint closed
2026-09-15T20:58:21.317 WARN kycontroller::kymux_controller::server - Kynet accept failed: connection error: Endpoint closed
2026-09-15T20:58:21.317 WARN kycontroller::kymux_controller::server - Kynet accept failed: connection error: Endpoint closed
2026-09-15T20:58:21.317 WARN kycontroller::kymux_controller::server - Kynet accept failed: connection error: Endpoint closed
2026-09-15T20:58:21.317 WARN kycontroller::kymux_controller::server - Kynet accept failed: connection error: Endpoint closed
2026-09-15T20:58:21.317 WARN kycontroller::kymux_controller::server - Kynet accept failed: connection error: Endpoint closed
2026-09-15T20:58:21.317 WARN kycontroller::kymux_controller::server - Kynet accept failed: connection error: Endpoint closed
2026-09-15T20:58:21.317 WARN kycontroller::kymux_controller::server - Kynet accept failed: connection error: Endpoint closed
2026-09-15T20:58:21.317 WARN kycontroller::kymux_controller::server - Kynet accept failed: connection error: Endpoint closed
2026-09-15T20:58:21.317 WARN kycontroller::kymux_controller::server - Kynet accept failed: connection error: Endpoint closed
2026-09-15T20:58:21.317 WARN kycontroller::kymux_controller::server - Kynet accept failed: connection error: Endpoint closed
2026-09-15T20:58:21.317 WARN kycontroller::kymux_controller::server - Kynet accept failed: connection error: Endpoint closed
2026-09-15T20:58:21.317 WARN kycontroller::kymux_controller::server - Kynet accept failed: connection error: Endpoint closed
2026-09-15T20:58:21.317 WARN kycontroller::kymux_controller::server - Kynet accept failed: connection error: Endpoint closed
2026-09-15T20:58:21.317 WARN kycontroller::kymux_controller::server - Kynet accept failed: connection error: Endpoint closed
2026-09-15T20:58:21.317 WARN kycontroller::kymux_controller::server - Kynet accept failed: connection error: Endpoint closed
2026-09-15T20:58:21.317 WARN kycontroller::kymux_controller::server - Kynet accept failed: connection error: Endpoint closed
2026-09-15T20:58:21.317 WARN kycontroller::kymux_controller::server - Kynet accept failed: connection error: Endpoint closed
2026-09-15T20:58:21.317 WARN kycontroller::kymux_controller::server - Kynet accept failed: connection error: Endpoint closed
2026-09-15T20:58:21.317 WARN kycontroller::kymux_controller::server - Kynet accept failed: connection error: Endpoint closed
2026-09-15T20:58:21.317 WARN kycontroller::kymux_controller::server - Kynet accept failed: connection error: Endpoint closed
2026-09-15T20:58:21.317 WARN kycontroller::kymux_controller::server - Kynet accept failed: connection error: Endpoint closed
2026-09-15T20:58:21.317 WARN kycontroller::kymux_controller::server - Kynet accept failed: connection error: Endpoint closed
2026-09-15T20:58:21.317 WARN kycontroller::kymux_controller::server - Kynet accept failed: connection error: Endpoint closed
2026-09-15T20:58:21.317 WARN kycontroller::kymux_controller::server - Kynet accept failed: connection error: Endpoint closed
2026-09-15T20:58:21.317 WARN kycontroller::kymux_controller::server - Kynet accept failed: connection error: Endpoint closed
2026-09-15T20:58:21.317 WARN kycontroller::kymux_controller::server - Kynet accept failed: connection error: Endpoint closed
2026-09-15T20:58:21.317 WARN kycontroller::kymux_controller::server - Kynet accept failed: connection error: Endpoint closed
2026-09-15T20:58:21.317 WARN kycontroller::kymux_controller::server - Kynet accept failed: connection error: Endpoint closed
2026-09-15T20:58:21.317 WARN kycontroller::kymux_controller::server - Kynet accept failed: connection error: Endpoint closed
2026-09-15T20:58:21.317 WARN kycontroller::kymux_controller::server - Kynet accept failed: connection error: Endpoint closed
2026-09-15T20:58:21.317 WARN kycontroller::kymux_controller::server - Kynet accept failed: connection error: Endpoint closed
2026-09-15T20:58:21.317 WARN kycontroller::kymux_controller::server - Kynet accept failed: connection error: Endpoint closed
2026-09-15T20:58:21.317 WARN kycontroller::kymux_controller::server - Kynet accept failed: connection error: Endpoint closed
2026-09-15T20:58:21.317 WARN kycontroller::kymux_controller::server - Kynet accept failed: connection error: Endpoint closed
2026-09-15T20:58:21.317 WARN kycontroller::kymux_controller::server - Kynet accept failed: connection error: Endpoint closed
2026-09-15T20:58:21.317 WARN kycontroller::kymux_controller::server - Kynet accept failed: connection error: Endpoint closed
2026-09-15T20:58:21.317 WARN kycontroller::kymux_controller::server - Kynet accept failed: connection error: Endpoint closed
2026-09-15T20:58:21.317 WARN kycontroller::kymux_controller::server - Kynet accept failed: connection error: Endpoint closed
2026-09-15T20:58:21.317 WARN kycontroller::kymux_controller::server - Kynet accept failed: connection error: Endpoint closed
2026-09-15T20:58:21.317 WARN kycontroller::kymux_controller::server - Kynet accept failed: connection error: Endpoint closed
2026-09-15T20:58:21.317 WARN kycontroller::kymux_controller::server - Kynet accept failed: connection error: Endpoint closed
2026-09-15T20:58:21.317 INFO libkypc::process - Child(C:\Users\trist\KyberFrog-bench\bundle-643ee0e\kyavserver) stopped: exit code: 1
2026-09-15T20:58:21.317 INFO kycontroller::avservice - AvServer Video exited
2026-09-15T20:58:21.317 WARN kycontroller::kymux_controller::server - Kynet accept failed: connection error: Endpoint closed
2026-09-15T20:58:21.317 INFO kycontroller::avservices_manager - Last AV stream torn down, stopping shared kycom
2026-09-15T20:58:21.317 WARN kycontroller::kymux_controller::server - Kynet accept failed: connection error: Endpoint closed
2026-09-15T20:58:21.317 WARN kycontroller::kymux_controller::server - Kynet accept failed: connection error: Endpoint closed
2026-09-15T20:58:21.317 WARN kycontroller::kymux_controller::server - Kynet accept failed: connection error: Endpoint closed
2026-09-15T20:58:21.317 WARN kycontroller::kymux_controller::server - Kynet accept failed: connection error: Endpoint closed
2026-09-15T20:58:21.317 WARN kycontroller::kymux_controller::server - Kynet accept failed: connection error: Endpoint closed
2026-09-15T20:58:21.317 WARN kycontroller::kymux_controller::server - Kynet accept failed: connection error: Endpoint closed
2026-09-15T20:58:21.317 WARN kycontroller::kymux_controller::server - Kynet accept failed: connection error: Endpoint closed
2026-09-15T20:58:21.317 WARN kycontroller::kymux_controller::server - Kynet accept failed: connection error: Endpoint closed
2026-09-15T20:58:21.317 WARN kycontroller::kymux_controller::server - Kynet accept failed: connection error: Endpoint closed
2026-09-15T20:58:21.317 WARN kycontroller::kymux_controller::server - Kynet accept failed: connection error: Endpoint closed
2026-09-15T20:58:21.317 WARN kycontroller::kymux_controller::server - Kynet accept failed: connection error: Endpoint closed
2026-09-15T20:58:21.317 WARN kycontroller::kymux_controller::server - Kynet accept failed: connection error: Endpoint closed
2026-09-15T20:58:21.317 WARN kycontroller::kymux_controller::server - Kynet accept failed: connection error: Endpoint closed
2026-09-15T20:58:21.317 WARN kycontroller::kymux_controller::server - Kynet accept failed: connection error: Endpoint closed
2026-09-15T20:58:21.317 WARN kycontroller::kymux_controller::server - Kynet accept failed: connection error: Endpoint closed
2026-09-15T20:58:21.317 WARN kycontroller::kymux_controller::server - Kynet accept failed: connection error: Endpoint closed
2026-09-15T20:58:21.317 WARN kycontroller::kymux_controller::server - Kynet accept failed: connection error: Endpoint closed
2026-09-15T20:58:21.318 WARN kycontroller::kymux_controller::server - Kynet accept failed: connection error: Endpoint closed
2026-09-15T20:58:21.318 WARN kycontroller::kymux_controller::server - Kynet accept failed: connection error: Endpoint closed
2026-09-15T20:58:21.318 WARN kycontroller::kymux_controller::server - Kynet accept failed: connection error: Endpoint closed
2026-09-15T20:58:21.318 WARN kycontroller::kymux_controller::server - Kynet accept failed: connection error: Endpoint closed
2026-09-15T20:58:21.318 WARN kycontroller::kymux_controller::server - Kynet accept failed: connection error: Endpoint closed
2026-09-15T20:58:21.318 WARN kycontroller::kymux_controller::server - Kynet accept failed: connection error: Endpoint closed
2026-09-15T20:58:21.318 WARN kycontroller::kymux_controller::server - Kynet accept failed: connection error: Endpoint closed
2026-09-15T20:58:21.318 WARN kycontroller::kymux_controller::server - Kynet accept failed: connection error: Endpoint closed
2026-09-15T20:58:21.318 WARN kycontroller::kymux_controller::server - Kynet accept failed: connection error: Endpoint closed
2026-09-15T20:58:21.318 WARN kycontroller::kymux_controller::server - Kynet accept failed: connection error: Endpoint closed
2026-09-15T20:58:21.318 WARN kycontroller::kymux_controller::server - Kynet accept failed: connection error: Endpoint closed
2026-09-15T20:58:21.318 WARN kycontroller::kymux_controller::server - Kynet accept failed: connection error: Endpoint closed
2026-09-15T20:58:21.318 WARN kycontroller::kymux_controller::server - Kynet accept failed: connection error: Endpoint closed
2026-09-15T20:58:21.318 WARN kycontroller::kymux_controller::server - Kynet accept failed: connection error: Endpoint closed
2026-09-15T20:58:21.318 WARN kycontroller::kymux_controller::server - Kynet accept failed: connection error: Endpoint closed
2026-09-15T20:58:21.318 WARN kycontroller::kymux_controller::server - Kynet accept failed: connection error: Endpoint closed
2026-09-15T20:58:21.318 WARN kycontroller::kymux_controller::server - Kynet accept failed: connection error: Endpoint closed
2026-09-15T20:58:21.318 WARN kycontroller::kymux_controller::server - Kynet accept failed: connection error: Endpoint closed
2026-09-15T20:58:21.318 WARN kycontroller::kymux_controller::server - Kynet accept failed: connection error: Endpoint closed
2026-09-15T20:58:21.318 WARN kycontroller::kymux_controller::server - Kynet accept failed: connection error: Endpoint closed
2026-09-15T20:58:21.318 WARN kycontroller::kymux_controller::server - Kynet accept failed: connection error: Endpoint closed
2026-09-15T20:58:21.318 WARN kycontroller::kymux_controller::server - Kynet accept failed: connection error: Endpoint closed
2026-09-15T20:58:21.318 WARN kycontroller::kymux_controller::server - Kynet accept failed: connection error: Endpoint closed
2026-09-15T20:58:21.318 WARN kycontroller::kymux_controller::server - Kynet accept failed: connection error: Endpoint closed
2026-09-15T20:58:21.318 WARN kycontroller::kymux_controller::server - Kynet accept failed: connection error: Endpoint closed
2026-09-15T20:58:21.318 WARN kycontroller::kymux_controller::server - Kynet accept failed: connection error: Endpoint closed
2026-09-15T20:58:21.318 WARN kycontroller::kymux_controller::server - Kynet accept failed: connection error: Endpoint closed
2026-09-15T20:58:21.318 WARN kycontroller::kymux_controller::server - Kynet accept failed: connection error: Endpoint closed
2026-09-15T20:58:21.318 WARN kycontroller::kymux_controller::server - Kynet accept failed: connection error: Endpoint closed
2026-09-15T20:58:21.318 WARN kycontroller::kymux_controller::server - Kynet accept failed: connection error: Endpoint closed
2026-09-15T20:58:21.318 WARN kycontroller::kymux_controller::server - Kynet accept failed: connection error: Endpoint closed
2026-09-15T20:58:21.318 WARN kycontroller::kymux_controller::server - Kynet accept failed: connection error: Endpoint closed
2026-09-15T20:58:21.318 WARN kycontroller::kymux_controller::server - Kynet accept failed: connection error: Endpoint closed
2026-09-15T20:58:21.318 WARN kycontroller::kymux_controller::server - Kynet accept failed: connection error: Endpoint closed
2026-09-15T20:58:21.318 WARN kycontroller::kymux_controller::server - Kynet accept failed: connection error: Endpoint closed
2026-09-15T20:58:21.318 WARN kycontroller::kymux_controller::server - Kynet accept failed: connection error: Endpoint closed
2026-09-15T20:58:21.318 WARN kycontroller::kymux_controller::server - Kynet accept failed: connection error: Endpoint closed
2026-09-15T20:58:21.318 WARN kycontroller::kymux_controller::server - Kynet accept failed: connection error: Endpoint closed
2026-09-15T20:58:21.318 WARN kycontroller::kymux_controller::server - Kynet accept failed: connection error: Endpoint closed
2026-09-15T20:58:21.318 WARN kycontroller::kymux_controller::server - Kynet accept failed: connection error: Endpoint closed
2026-09-15T20:58:21.318 WARN kycontroller::kymux_controller::server - Kynet accept failed: connection error: Endpoint closed
2026-09-15T20:58:21.318 WARN kycontroller::kymux_controller::server - Kynet accept failed: connection error: Endpoint closed
2026-09-15T20:58:21.318 WARN kycontroller::kymux_controller::server - Kynet accept failed: connection error: Endpoint closed
2026-09-15T20:58:21.318 WARN kycontroller::kymux_controller::server - Kynet accept failed: connection error: Endpoint closed
2026-09-15T20:58:21.318 WARN kycontroller::kymux_controller::server - Kynet accept failed: connection error: Endpoint closed
2026-09-15T20:58:21.318 WARN kycontroller::kymux_controller::server - Kynet accept failed: connection error: Endpoint closed
2026-09-15T20:58:21.318 WARN kycontroller::kymux_controller::server - Kynet accept failed: connection error: Endpoint closed
2026-09-15T20:58:21.318 WARN kycontroller::kymux_controller::server - Kynet accept failed: connection error: Endpoint closed
2026-09-15T20:58:21.318 WARN kycontroller::kymux_controller::server - Kynet accept failed: connection error: Endpoint closed
2026-09-15T20:58:21.318 WARN kycontroller::kymux_controller::server - Kynet accept failed: connection error: Endpoint closed
2026-09-15T20:58:21.318 WARN kycontroller::kymux_controller::server - Kynet accept failed: connection error: Endpoint closed
2026-09-15T20:58:21.318 WARN kycontroller::kymux_controller::server - Kynet accept failed: connection error: Endpoint closed
2026-09-15T20:58:21.318 WARN kycontroller::kymux_controller::server - Kynet accept failed: connection error: Endpoint closed
2026-09-15T20:58:21.318 WARN kycontroller::kymux_controller::server - Kynet accept failed: connection error: Endpoint closed
2026-09-15T20:58:21.318 WARN kycontroller::kymux_controller::server - Kynet accept failed: connection error: Endpoint closed
2026-09-15T20:58:21.318 WARN kycontroller::kymux_controller::server - Kynet accept failed: connection error: Endpoint closed
2026-09-15T20:58:21.318 WARN kycontroller::kymux_controller::server - Kynet accept failed: connection error: Endpoint closed
2026-09-15T20:58:21.318 WARN kycontroller::kymux_controller::server - Kynet accept failed: connection error: Endpoint closed
2026-09-15T20:58:21.318 WARN kycontroller::kymux_controller::server - Kynet accept failed: connection error: Endpoint closed
2026-09-15T20:58:21.318 WARN kycontroller::kymux_controller::server - Kynet accept failed: connection error: Endpoint closed
2026-09-15T20:58:21.318 WARN kycontroller::kymux_controller::server - Kynet accept failed: connection error: Endpoint closed
2026-09-15T20:58:21.318 WARN kycontroller::kymux_controller::server - Kynet accept failed: connection error: Endpoint closed
2026-09-15T20:58:21.318 WARN kycontroller::kymux_controller::server - Kynet accept failed: connection error: Endpoint closed
2026-09-15T20:58:21.318 WARN kycontroller::kymux_controller::server - Kynet accept failed: connection error: Endpoint closed
2026-09-15T20:58:21.318 WARN kycontroller::kymux_controller::server - Kynet accept failed: connection error: Endpoint closed
2026-09-15T20:58:21.318 WARN kycontroller::kymux_controller::server - Kynet accept failed: connection error: Endpoint closed
2026-09-15T20:58:21.318 WARN kycontroller::kymux_controller::server - Kynet accept failed: connection error: Endpoint closed
2026-09-15T20:58:21.318 WARN kycontroller::kymux_controller::server - Kynet accept failed: connection error: Endpoint closed
2026-09-15T20:58:21.318 WARN kycontroller::kymux_controller::server - Kynet accept failed: connection error: Endpoint closed
2026-09-15T20:58:21.318 WARN kycontroller::kymux_controller::server - Kynet accept failed: connection error: Endpoint closed
2026-09-15T20:58:21.318 WARN kycontroller::kymux_controller::server - Kynet accept failed: connection error: Endpoint closed
2026-09-15T20:58:21.318 WARN kycontroller::kymux_controller::server - Kynet accept failed: connection error: Endpoint closed
2026-09-15T20:58:21.318 WARN kycontroller::kymux_controller::server - Kynet accept failed: connection error: Endpoint closed
2026-09-15T20:58:21.318 WARN kycontroller::kymux_controller::server - Kynet accept failed: connection error: Endpoint closed
2026-09-15T20:58:21.318 WARN kycontroller::kymux_controller::server - Kynet accept failed: connection error: Endpoint closed
2026-09-15T20:58:21.318 WARN kycontroller::kymux_controller::server - Kynet accept failed: connection error: Endpoint closed
2026-09-15T20:58:21.318 WARN kycontroller::kymux_controller::server - Kynet accept failed: connection error: Endpoint closed
2026-09-15T20:58:21.318 WARN kycontroller::kymux_controller::server - Kynet accept failed: connection error: Endpoint closed
2026-09-15T20:58:21.318 WARN kycontroller::kymux_controller::server - Kynet accept failed: connection error: Endpoint closed
2026-09-15T20:58:21.318 WARN kycontroller::kymux_controller::server - Kynet accept failed: connection error: Endpoint closed
2026-09-15T20:58:21.318 WARN kycontroller::kymux_controller::server - Kynet accept failed: connection error: Endpoint closed
2026-09-15T20:58:21.318 WARN kycontroller::kymux_controller::server - Kynet accept failed: connection error: Endpoint closed
2026-09-15T20:58:21.318 WARN kycontroller::kymux_controller::server - Kynet accept failed: connection error: Endpoint closed
2026-09-15T20:58:21.318 WARN kycontroller::kymux_controller::server - Kynet accept failed: connection error: Endpoint closed
2026-09-15T20:58:21.318 WARN kycontroller::kymux_controller::server - Kynet accept failed: connection error: Endpoint closed
2026-09-15T20:58:21.318 WARN kycontroller::kymux_controller::server - Kynet accept failed: connection error: Endpoint closed
2026-09-15T20:58:21.318 WARN kycontroller::kymux_controller::server - Kynet accept failed: connection error: Endpoint closed
2026-09-15T20:58:21.318 WARN kycontroller::kymux_controller::server - Kynet accept failed: connection error: Endpoint closed
2026-09-15T20:58:21.318 WARN kycontroller::kymux_controller::server - Kynet accept failed: connection error: Endpoint closed
2026-09-15T20:58:21.318 WARN kycontroller::kymux_controller::server - Kynet accept failed: connection error: Endpoint closed
2026-09-15T20:58:21.318 WARN kycontroller::kymux_controller::server - Kynet accept failed: connection error: Endpoint closed
2026-09-15T20:58:21.318 WARN kycontroller::kymux_controller::server - Kynet accept failed: connection error: Endpoint closed
2026-09-15T20:58:21.318 WARN kycontroller::kymux_controller::server - Kynet accept failed: connection error: Endpoint closed
2026-09-15T20:58:21.318 WARN kycontroller::kymux_controller::server - Kynet accept failed: connection error: Endpoint closed
2026-09-15T20:58:21.318 WARN kycontroller::kymux_controller::server - Kynet accept failed: connection error: Endpoint closed
2026-09-15T20:58:21.318 WARN kycontroller::kymux_controller::server - Kynet accept failed: connection error: Endpoint closed
2026-09-15T20:58:21.318 WARN kycontroller::kymux_controller::server - Kynet accept failed: connection error: Endpoint closed
2026-09-15T20:58:21.318 WARN kycontroller::kymux_controller::server - Kynet accept failed: connection error: Endpoint closed
2026-09-15T20:58:21.318 WARN kycontroller::kymux_controller::server - Kynet accept failed: connection error: Endpoint closed
2026-09-15T20:58:21.318 WARN kycontroller::kymux_controller::server - Kynet accept failed: connection error: Endpoint closed
2026-09-15T20:58:21.318 WARN kycontroller::kymux_controller::server - Kynet accept failed: connection error: Endpoint closed
2026-09-15T20:58:21.318 WARN kycontroller::kymux_controller::server - Kynet accept failed: connection error: Endpoint closed
2026-09-15T20:58:21.318 WARN kycontroller::kymux_controller::server - Kynet accept failed: connection error: Endpoint closed
2026-09-15T20:58:21.318 WARN kycontroller::kymux_controller::server - Kynet accept failed: connection error: Endpoint closed
2026-09-15T20:58:21.318 WARN kycontroller::kymux_controller::server - Kynet accept failed: connection error: Endpoint closed
2026-09-15T20:58:21.318 WARN kycontroller::kymux_controller::server - Kynet accept failed: connection error: Endpoint closed
2026-09-15T20:58:21.318 WARN kycontroller::kymux_controller::server - Kynet accept failed: connection error: Endpoint closed
2026-09-15T20:58:21.318 WARN kycontroller::kymux_controller::server - Kynet accept failed: connection error: Endpoint closed
2026-09-15T20:58:21.318 WARN kycontroller::kymux_controller::server - Kynet accept failed: connection error: Endpoint closed
2026-09-15T20:58:21.318 WARN kycontroller::kymux_controller::server - Kynet accept failed: connection error: Endpoint closed
2026-09-15T20:58:21.319 WARN kycontroller::kymux_controller::server - Kynet accept failed: connection error: Endpoint closed
2026-09-15T20:58:21.319 WARN kycontroller::kymux_controller::server - Kynet accept failed: connection error: Endpoint closed
2026-09-15T20:58:21.319 WARN kycontroller::kymux_controller::server - Kynet accept failed: connection error: Endpoint closed
2026-09-15T20:58:21.319 WARN kycontroller::kymux_controller::server - Kynet accept failed: connection error: Endpoint closed
2026-09-15T20:58:21.319 WARN kycontroller::kymux_controller::server - Kynet accept failed: connection error: Endpoint closed
2026-09-15T20:58:21.319 WARN kycontroller::kymux_controller::server - Kynet accept failed: connection error: Endpoint closed
2026-09-15T20:58:21.319 WARN kycontroller::kymux_controller::server - Kynet accept failed: connection error: Endpoint closed
2026-09-15T20:58:21.319 WARN kycontroller::kymux_controller::server - Kynet accept failed: connection error: Endpoint closed
2026-09-15T20:58:21.319 WARN kycontroller::kymux_controller::server - Kynet accept failed: connection error: Endpoint closed
2026-09-15T20:58:21.319 WARN kycontroller::kymux_controller::server - Kynet accept failed: connection error: Endpoint closed
2026-09-15T20:58:21.319 WARN kycontroller::kymux_controller::server - Kynet accept failed: connection error: Endpoint closed
2026-09-15T20:58:21.319 WARN kycontroller::kymux_controller::server - Kynet accept failed: connection error: Endpoint closed
2026-09-15T20:58:21.319 WARN kycontroller::kymux_controller::server - Kynet accept failed: connection error: Endpoint closed
2026-09-15T20:58:21.319 WARN kycontroller::kymux_controller::server - Kynet accept failed: connection error: Endpoint closed
2026-09-15T20:58:21.319 WARN kycontroller::kymux_controller::server - Kynet accept failed: connection error: Endpoint closed
2026-09-15T20:58:21.319 WARN kycontroller::kymux_controller::server - Kynet accept failed: connection error: Endpoint closed
2026-09-15T20:58:21.319 WARN kycontroller::kymux_controller::server - Kynet accept failed: connection error: Endpoint closed
2026-09-15T20:58:21.319 WARN kycontroller::kymux_controller::server - Kynet accept failed: connection error: Endpoint closed
2026-09-15T20:58:21.319 WARN kycontroller::kymux_controller::server - Kynet accept failed: connection error: Endpoint closed
2026-09-15T20:58:21.319 WARN kycontroller::kymux_controller::server - Kynet accept failed: connection error: Endpoint closed
2026-09-15T20:58:21.319 WARN kycontroller::kymux_controller::server - Kynet accept failed: connection error: Endpoint closed
2026-09-15T20:58:21.319 WARN kycontroller::kymux_controller::server - Kynet accept failed: connection error: Endpoint closed
2026-09-15T20:58:21.319 WARN kycontroller::kymux_controller::server - Kynet accept failed: connection error: Endpoint closed
2026-09-15T20:58:21.319 WARN kycontroller::kymux_controller::server - Kynet accept failed: connection error: Endpoint closed
2026-09-15T20:58:21.319 WARN kycontroller::kymux_controller::server - Kynet accept failed: connection error: Endpoint closed
2026-09-15T20:58:21.319 WARN kycontroller::kymux_controller::server - Kynet accept failed: connection error: Endpoint closed
2026-09-15T20:58:21.319 WARN kycontroller::kymux_controller::server - Kynet accept failed: connection error: Endpoint closed
2026-09-15T20:58:21.319 WARN kycontroller::kymux_controller::server - Kynet accept failed: connection error: Endpoint closed
2026-09-15T20:58:21.319 WARN kycontroller::kymux_controller::server - Kynet accept failed: connection error: Endpoint closed
2026-09-15T20:58:21.319 WARN kycontroller::kymux_controller::server - Kynet accept failed: connection error: Endpoint closed
2026-09-15T20:58:21.319 WARN kycontroller::kymux_controller::server - Kynet accept failed: connection error: Endpoint closed
2026-09-15T20:58:21.319 WARN kycontroller::kymux_controller::server - Kynet accept failed: connection error: Endpoint closed
2026-09-15T20:58:21.319 WARN kycontroller::kymux_controller::server - Kynet accept failed: connection error: Endpoint closed
2026-09-15T20:58:21.319 WARN kycontroller::kymux_controller::server - Kynet accept failed: connection error: Endpoint closed
2026-09-15T20:58:21.319 WARN kycontroller::kymux_controller::server - Kynet accept failed: connection error: Endpoint closed
2026-09-15T20:58:21.319 WARN kycontroller::kymux_controller::server - Kynet accept failed: connection error: Endpoint closed
2026-09-15T20:58:21.319 WARN kycontroller::kymux_controller::server - Kynet accept failed: connection error: Endpoint closed
2026-09-15T20:58:21.319 WARN kycontroller::kymux_controller::server - Kynet accept failed: connection error: Endpoint closed
2026-09-15T20:58:21.319 WARN kycontroller::kymux_controller::server - Kynet accept failed: connection error: Endpoint closed
2026-09-15T20:58:21.319 WARN kycontroller::kymux_controller::server - Kynet accept failed: connection error: Endpoint closed
2026-09-15T20:58:21.319 WARN kycontroller::kymux_controller::server - Kynet accept failed: connection error: Endpoint closed
2026-09-15T20:58:21.319 WARN kycontroller::kymux_controller::server - Kynet accept failed: connection error: Endpoint closed
2026-09-15T20:58:21.319 WARN kycontroller::kymux_controller::server - Kynet accept failed: connection error: Endpoint closed
2026-09-15T20:58:21.319 WARN kycontroller::kymux_controller::server - Kynet accept failed: connection error: Endpoint closed
2026-09-15T20:58:21.319 WARN kycontroller::kymux_controller::server - Kynet accept failed: connection error: Endpoint closed
2026-09-15T20:58:21.319 WARN kycontroller::kymux_controller::server - Kynet accept failed: connection error: Endpoint closed
2026-09-15T20:58:21.319 WARN kycontroller::kymux_controller::server - Kynet accept failed: connection error: Endpoint closed
2026-09-15T20:58:21.319 WARN kycontroller::kymux_controller::server - Kynet accept failed: connection error: Endpoint closed
2026-09-15T20:58:21.319 WARN kycontroller::kymux_controller::server - Kynet accept failed: connection error: Endpoint closed
2026-09-15T20:58:21.319 WARN kycontroller::kymux_controller::server - Kynet accept failed: connection error: Endpoint closed
2026-09-15T20:58:21.319 WARN kycontroller::kymux_controller::server - Kynet accept failed: connection error: Endpoint closed
2026-09-15T20:58:21.319 WARN kycontroller::kymux_controller::server - Kynet accept failed: connection error: Endpoint closed
2026-09-15T20:58:21.319 WARN kycontroller::kymux_controller::server - Kynet accept failed: connection error: Endpoint closed
2026-09-15T20:58:21.319 WARN kycontroller::kymux_controller::server - Kynet accept failed: connection error: Endpoint closed
2026-09-15T20:58:21.319 WARN kycontroller::kymux_controller::server - Kynet accept failed: connection error: Endpoint closed
2026-09-15T20:58:21.319 WARN kycontroller::kymux_controller::server - Kynet accept failed: connection error: Endpoint closed
2026-09-15T20:58:21.319 WARN kycontroller::kymux_controller::server - Kynet accept failed: connection error: Endpoint closed
2026-09-15T20:58:21.319 WARN kycontroller::kymux_controller::server - Kynet accept failed: connection error: Endpoint closed
2026-09-15T20:58:21.319 WARN kycontroller::kymux_controller::server - Kynet accept failed: connection error: Endpoint closed
2026-09-15T20:58:21.319 WARN kycontroller::kymux_controller::server - Kynet accept failed: connection error: Endpoint closed
2026-09-15T20:58:21.319 WARN kycontroller::kymux_controller::server - Kynet accept failed: connection error: Endpoint closed
2026-09-15T20:58:21.319 WARN kycontroller::kymux_controller::server - Kynet accept failed: connection error: Endpoint closed
2026-09-15T20:58:21.319 WARN kycontroller::kymux_controller::server - Kynet accept failed: connection error: Endpoint closed
2026-09-15T20:58:21.319 WARN kycontroller::kymux_controller::server - Kynet accept failed: connection error: Endpoint closed
2026-09-15T20:58:21.319 WARN kycontroller::kymux_controller::server - Kynet accept failed: connection error: Endpoint closed
2026-09-15T20:58:21.319 WARN kycontroller::kymux_controller::server - Kynet accept failed: connection error: Endpoint closed
2026-09-15T20:58:21.319 WARN kycontroller::kymux_controller::server - Kynet accept failed: connection error: Endpoint closed
2026-09-15T20:58:21.319 WARN kycontroller::kymux_controller::server - Kynet accept failed: connection error: Endpoint closed
2026-09-15T20:58:21.319 WARN kycontroller::kymux_controller::server - Kynet accept failed: connection error: Endpoint closed
2026-09-15T20:58:21.319 WARN kycontroller::kymux_controller::server - Kynet accept failed: connection error: Endpoint closed
2026-09-15T20:58:21.319 WARN kycontroller::kymux_controller::server - Kynet accept failed: connection error: Endpoint closed
2026-09-15T20:58:21.319 WARN kycontroller::kymux_controller::server - Kynet accept failed: connection error: Endpoint closed
2026-09-15T20:58:21.319 WARN kycontroller::kymux_controller::server - Kynet accept failed: connection error: Endpoint closed
2026-09-15T20:58:21.319 WARN kycontroller::kymux_controller::server - Kynet accept failed: connection error: Endpoint closed
2026-09-15T20:58:21.319 WARN kycontroller::kymux_controller::server - Kynet accept failed: connection error: Endpoint closed
2026-09-15T20:58:21.319 WARN kycontroller::kymux_controller::server - Kynet accept failed: connection error: Endpoint closed
2026-09-15T20:58:21.319 WARN kycontroller::kymux_controller::server - Kynet accept failed: connection error: Endpoint closed
2026-09-15T20:58:21.319 WARN kycontroller::kymux_controller::server - Kynet accept failed: connection error: Endpoint closed
2026-09-15T20:58:21.319 WARN kycontroller::kymux_controller::server - Kynet accept failed: connection error: Endpoint closed
2026-09-15T20:58:21.319 WARN kycontroller::kymux_controller::server - Kynet accept failed: connection error: Endpoint closed
2026-09-15T20:58:21.319 WARN kycontroller::kymux_controller::server - Kynet accept failed: connection error: Endpoint closed
2026-09-15T20:58:21.319 WARN kycontroller::kymux_controller::server - Kynet accept failed: connection error: Endpoint closed
2026-09-15T20:58:21.319 WARN kycontroller::kymux_controller::server - Kynet accept failed: connection error: Endpoint closed
2026-09-15T20:58:21.319 WARN kycontroller::kymux_controller::server - Kynet accept failed: connection error: Endpoint closed
2026-09-15T20:58:21.319 WARN kycontroller::kymux_controller::server - Kynet accept failed: connection error: Endpoint closed
2026-09-15T20:58:21.319 WARN kycontroller::kymux_controller::server - Kynet accept failed: connection error: Endpoint closed
2026-09-15T20:58:21.319 WARN kycontroller::kymux_controller::server - Kynet accept failed: connection error: Endpoint closed
2026-09-15T20:58:21.319 WARN kycontroller::kymux_controller::server - Kynet accept failed: connection error: Endpoint closed
2026-09-15T20:58:21.319 WARN kycontroller::kymux_controller::server - Kynet accept failed: connection error: Endpoint closed
2026-09-15T20:58:21.319 WARN kycontroller::kymux_controller::server - Kynet accept failed: connection error: Endpoint closed
2026-09-15T20:58:21.319 WARN kycontroller::kymux_controller::server - Kynet accept failed: connection error: Endpoint closed
2026-09-15T20:58:21.319 WARN kycontroller::kymux_controller::server - Kynet accept failed: connection error: Endpoint closed
2026-09-15T20:58:21.319 WARN kycontroller::kymux_controller::server - Kynet accept failed: connection error: Endpoint closed
2026-09-15T20:58:21.319 WARN kycontroller::kymux_controller::server - Kynet accept failed: connection error: Endpoint closed
2026-09-15T20:58:21.319 WARN kycontroller::kymux_controller::server - Kynet accept failed: connection error: Endpoint closed
2026-09-15T20:58:21.319 WARN kycontroller::kymux_controller::server - Kynet accept failed: connection error: Endpoint closed
2026-09-15T20:58:21.319 WARN kycontroller::kymux_controller::server - Kynet accept failed: connection error: Endpoint closed
2026-09-15T20:58:21.319 WARN kycontroller::kymux_controller::server - Kynet accept failed: connection error: Endpoint closed
2026-09-15T20:58:21.319 WARN kycontroller::kymux_controller::server - Kynet accept failed: connection error: Endpoint closed
2026-09-15T20:58:21.319 WARN kycontroller::kymux_controller::server - Kynet accept failed: connection error: Endpoint closed
2026-09-15T20:58:21.319 WARN kycontroller::kymux_controller::server - Kynet accept failed: connection error: Endpoint closed
2026-09-15T20:58:21.319 WARN kycontroller::kymux_controller::server - Kynet accept failed: connection error: Endpoint closed
2026-09-15T20:58:21.319 WARN kycontroller::kymux_controller::server - Kynet accept failed: connection error: Endpoint closed
2026-09-15T20:58:21.319 WARN kycontroller::kymux_controller::server - Kynet accept failed: connection error: Endpoint closed
2026-09-15T20:58:21.319 WARN kycontroller::kymux_controller::server - Kynet accept failed: connection error: Endpoint closed
2026-09-15T20:58:21.320 WARN kycontroller::kymux_controller::server - Kynet accept failed: connection error: Endpoint closed
2026-09-15T20:58:21.320 WARN kycontroller::kymux_controller::server - Kynet accept failed: connection error: Endpoint closed
2026-09-15T20:58:21.320 WARN kycontroller::kymux_controller::server - Kynet accept failed: connection error: Endpoint closed
2026-09-15T20:58:21.320 WARN kycontroller::kymux_controller::server - Kynet accept failed: connection error: Endpoint closed
2026-09-15T20:58:21.320 WARN kycontroller::kymux_controller::server - Kynet accept failed: connection error: Endpoint closed
2026-09-15T20:58:21.320 WARN kycontroller::kymux_controller::server - Kynet accept failed: connection error: Endpoint closed
2026-09-15T20:58:21.320 WARN kycontroller::kymux_controller::server - Kynet accept failed: connection error: Endpoint closed
2026-09-15T20:58:21.320 WARN kycontroller::kymux_controller::server - Kynet accept failed: connection error: Endpoint closed
2026-09-15T20:58:21.320 WARN kycontroller::kymux_controller::server - Kynet accept failed: connection error: Endpoint closed
2026-09-15T20:58:21.320 WARN kycontroller::kymux_controller::server - Kynet accept failed: connection error: Endpoint closed
2026-09-15T20:58:21.320 WARN kycontroller::kymux_controller::server - Kynet accept failed: connection error: Endpoint closed
2026-09-15T20:58:21.320 WARN kycontroller::kymux_controller::server - Kynet accept failed: connection error: Endpoint closed
2026-09-15T20:58:21.320 WARN kycontroller::kymux_controller::server - Kynet accept failed: connection error: Endpoint closed
2026-09-15T20:58:21.320 WARN kycontroller::kymux_controller::server - Kynet accept failed: connection error: Endpoint closed
2026-09-15T20:58:21.320 WARN kycontroller::kymux_controller::server - Kynet accept failed: connection error: Endpoint closed
2026-09-15T20:58:21.320 WARN kycontroller::kymux_controller::server - Kynet accept failed: connection error: Endpoint closed
2026-09-15T20:58:21.320 WARN kycontroller::kymux_controller::server - Kynet accept failed: connection error: Endpoint closed
2026-09-15T20:58:21.320 WARN kycontroller::kymux_controller::server - Kynet accept failed: connection error: Endpoint closed
2026-09-15T20:58:21.320 WARN kycontroller::kymux_controller::server - Kynet accept failed: connection error: Endpoint closed
2026-09-15T20:58:21.320 WARN kycontroller::kymux_controller::server - Kynet accept failed: connection error: Endpoint closed
2026-09-15T20:58:21.320 WARN kycontroller::kymux_controller::server - Kynet accept failed: connection error: Endpoint closed
2026-09-15T20:58:21.320 WARN kycontroller::kymux_controller::server - Kynet accept failed: connection error: Endpoint closed
2026-09-15T20:58:21.320 WARN kycontroller::kymux_controller::server - Kynet accept failed: connection error: Endpoint closed
2026-09-15T20:58:21.320 WARN kycontroller::kymux_controller::server - Kynet accept failed: connection error: Endpoint closed
2026-09-15T20:58:21.320 WARN kycontroller::kymux_controller::server - Kynet accept failed: connection error: Endpoint closed
2026-09-15T20:58:21.320 WARN kycontroller::kymux_controller::server - Kynet accept failed: connection error: Endpoint closed
2026-09-15T20:58:21.320 WARN kycontroller::kymux_controller::server - Kynet accept failed: connection error: Endpoint closed
2026-09-15T20:58:21.320 WARN kycontroller::kymux_controller::server - Kynet accept failed: connection error: Endpoint closed
2026-09-15T20:58:21.320 WARN kycontroller::kymux_controller::server - Kynet accept failed: connection error: Endpoint closed
2026-09-15T20:58:21.320 WARN kycontroller::kymux_controller::server - Kynet accept failed: connection error: Endpoint closed
2026-09-15T20:58:21.320 WARN kycontroller::kymux_controller::server - Kynet accept failed: connection error: Endpoint closed
2026-09-15T20:58:21.320 WARN kycontroller::kymux_controller::server - Kynet accept failed: connection error: Endpoint closed
2026-09-15T20:58:21.320 WARN kycontroller::kymux_controller::server - Kynet accept failed: connection error: Endpoint closed
2026-09-15T20:58:21.320 WARN kycontroller::kymux_controller::server - Kynet accept failed: connection error: Endpoint closed
2026-09-15T20:58:21.320 WARN kycontroller::kymux_controller::server - Kynet accept failed: connection error: Endpoint closed
2026-09-15T20:58:21.320 WARN kycontroller::kymux_controller::server - Kynet accept failed: connection error: Endpoint closed
2026-09-15T20:58:21.320 WARN kycontroller::kymux_controller::server - Kynet accept failed: connection error: Endpoint closed
2026-09-15T20:58:21.320 WARN kycontroller::kymux_controller::server - Kynet accept failed: connection error: Endpoint closed
2026-09-15T20:58:21.320 WARN kycontroller::kymux_controller::server - Kynet accept failed: connection error: Endpoint closed
2026-09-15T20:58:21.320 WARN kycontroller::kymux_controller::server - Kynet accept failed: connection error: Endpoint closed
2026-09-15T20:58:21.320 WARN kycontroller::kymux_controller::server - Kynet accept failed: connection error: Endpoint closed
2026-09-15T20:58:21.320 WARN kycontroller::kymux_controller::server - Kynet accept failed: connection error: Endpoint closed
2026-09-15T20:58:21.320 WARN kycontroller::kymux_controller::server - Kynet accept failed: connection error: Endpoint closed
2026-09-15T20:58:21.320 WARN kycontroller::kymux_controller::server - Kynet accept failed: connection error: Endpoint closed
2026-09-15T20:58:21.320 WARN kycontroller::kymux_controller::server - Kynet accept failed: connection error: Endpoint closed
2026-09-15T20:58:21.320 WARN kycontroller::kymux_controller::server - Kynet accept failed: connection error: Endpoint closed
2026-09-15T20:58:21.320 WARN kycontroller::kymux_controller::server - Kynet accept failed: connection error: Endpoint closed
2026-09-15T20:58:21.320 WARN kycontroller::kymux_controller::server - Kynet accept failed: connection error: Endpoint closed
2026-09-15T20:58:21.320 WARN kycontroller::kymux_controller::server - Kynet accept failed: connection error: Endpoint closed
2026-09-15T20:58:21.320 WARN kycontroller::kymux_controller::server - Kynet accept failed: connection error: Endpoint closed
2026-09-15T20:58:21.320 WARN kycontroller::kymux_controller::server - Kynet accept failed: connection error: Endpoint closed
2026-09-15T20:58:21.320 WARN kycontroller::kymux_controller::server - Kynet accept failed: connection error: Endpoint closed
2026-09-15T20:58:21.320 WARN kycontroller::kymux_controller::server - Kynet accept failed: connection error: Endpoint closed
2026-09-15T20:58:21.320 WARN kycontroller::kymux_controller::server - Kynet accept failed: connection error: Endpoint closed
2026-09-15T20:58:21.320 WARN kycontroller::kymux_controller::server - Kynet accept failed: connection error: Endpoint closed
2026-09-15T20:58:21.320 WARN kycontroller::kymux_controller::server - Kynet accept failed: connection error: Endpoint closed
2026-09-15T20:58:21.320 WARN kycontroller::kymux_controller::server - Kynet accept failed: connection error: Endpoint closed
2026-09-15T20:58:21.320 WARN kycontroller::kymux_controller::server - Kynet accept failed: connection error: Endpoint closed
2026-09-15T20:58:21.320 WARN kycontroller::kymux_controller::server - Kynet accept failed: connection error: Endpoint closed
2026-09-15T20:58:21.320 WARN kycontroller::kymux_controller::server - Kynet accept failed: connection error: Endpoint closed
2026-09-15T20:58:21.320 WARN kycontroller::kymux_controller::server - Kynet accept failed: connection error: Endpoint closed
2026-09-15T20:58:21.320 WARN kycontroller::kymux_controller::server - Kynet accept failed: connection error: Endpoint closed
2026-09-15T20:58:21.320 WARN kycontroller::kymux_controller::server - Kynet accept failed: connection error: Endpoint closed
2026-09-15T20:58:21.320 WARN kycontroller::kymux_controller::server - Kynet accept failed: connection error: Endpoint closed
2026-09-15T20:58:21.320 WARN kycontroller::kymux_controller::server - Kynet accept failed: connection error: Endpoint closed
2026-09-15T20:58:21.320 WARN kycontroller::kymux_controller::server - Kynet accept failed: connection error: Endpoint closed
2026-09-15T20:58:21.320 WARN kycontroller::kymux_controller::server - Kynet accept failed: connection error: Endpoint closed
2026-09-15T20:58:21.320 WARN kycontroller::kymux_controller::server - Kynet accept failed: connection error: Endpoint closed
2026-09-15T20:58:21.320 WARN kycontroller::kymux_controller::server - Kynet accept failed: connection error: Endpoint closed
2026-09-15T20:58:21.320 WARN kycontroller::kymux_controller::server - Kynet accept failed: connection error: Endpoint closed
2026-09-15T20:58:21.320 WARN kycontroller::kymux_controller::server - Kynet accept failed: connection error: Endpoint closed
2026-09-15T20:58:21.320 WARN kycontroller::kymux_controller::server - Kynet accept failed: connection error: Endpoint closed
2026-09-15T20:58:21.320 WARN kycontroller::kymux_controller::server - Kynet accept failed: connection error: Endpoint closed
2026-09-15T20:58:21.320 WARN kycontroller::kymux_controller::server - Kynet accept failed: connection error: Endpoint closed
2026-09-15T20:58:21.320 WARN kycontroller::kymux_controller::server - Kynet accept failed: connection error: Endpoint closed
2026-09-15T20:58:21.320 WARN kycontroller::kymux_controller::server - Kynet accept failed: connection error: Endpoint closed
2026-09-15T20:58:21.320 WARN kycontroller::kymux_controller::server - Kynet accept failed: connection error: Endpoint closed
2026-09-15T20:58:21.320 WARN kycontroller::kymux_controller::server - Kynet accept failed: connection error: Endpoint closed
2026-09-15T20:58:21.320 WARN kycontroller::kymux_controller::server - Kynet accept failed: connection error: Endpoint closed
2026-09-15T20:58:21.320 WARN kycontroller::kymux_controller::server - Kynet accept failed: connection error: Endpoint closed
2026-09-15T20:58:21.320 WARN kycontroller::kymux_controller::server - Kynet accept failed: connection error: Endpoint closed
2026-09-15T20:58:21.320 WARN kycontroller::kymux_controller::server - Kynet accept failed: connection error: Endpoint closed
2026-09-15T20:58:21.320 WARN kycontroller::kymux_controller::server - Kynet accept failed: connection error: Endpoint closed
2026-09-15T20:58:21.320 WARN kycontroller::kymux_controller::server - Kynet accept failed: connection error: Endpoint closed
2026-09-15T20:58:21.320 WARN kycontroller::kymux_controller::server - Kynet accept failed: connection error: Endpoint closed
2026-09-15T20:58:21.320 WARN kycontroller::kymux_controller::server - Kynet accept failed: connection error: Endpoint closed
2026-09-15T20:58:21.320 WARN kycontroller::kymux_controller::server - Kynet accept failed: connection error: Endpoint closed
2026-09-15T20:58:21.320 WARN kycontroller::kymux_controller::server - Kynet accept failed: connection error: Endpoint closed
2026-09-15T20:58:21.320 WARN kycontroller::kymux_controller::server - Kynet accept failed: connection error: Endpoint closed
2026-09-15T20:58:21.320 WARN kycontroller::kymux_controller::server - Kynet accept failed: connection error: Endpoint closed
2026-09-15T20:58:21.320 WARN kycontroller::kymux_controller::server - Kynet accept failed: connection error: Endpoint closed
2026-09-15T20:58:21.320 WARN kycontroller::kymux_controller::server - Kynet accept failed: connection error: Endpoint closed
2026-09-15T20:58:21.320 WARN kycontroller::kymux_controller::server - Kynet accept failed: connection error: Endpoint closed
2026-09-15T20:58:21.320 WARN kycontroller::kymux_controller::server - Kynet accept failed: connection error: Endpoint closed
2026-09-15T20:58:21.320 WARN kycontroller::kymux_controller::server - Kynet accept failed: connection error: Endpoint closed
2026-09-15T20:58:21.320 WARN kycontroller::kymux_controller::server - Kynet accept failed: connection error: Endpoint closed
2026-09-15T20:58:21.320 WARN kycontroller::kymux_controller::server - Kynet accept failed: connection error: Endpoint closed
2026-09-15T20:58:21.320 WARN kycontroller::kymux_controller::server - Kynet accept failed: connection error: Endpoint closed
2026-09-15T20:58:21.320 WARN kycontroller::kymux_controller::server - Kynet accept failed: connection error: Endpoint closed
2026-09-15T20:58:21.320 WARN kycontroller::kymux_controller::server - Kynet accept failed: connection error: Endpoint closed
2026-09-15T20:58:21.320 WARN kycontroller::kymux_controller::server - Kynet accept failed: connection error: Endpoint closed
2026-09-15T20:58:21.320 WARN kycontroller::kymux_controller::server - Kynet accept failed: connection error: Endpoint closed
2026-09-15T20:58:21.320 WARN kycontroller::kymux_controller::server - Kynet accept failed: connection error: Endpoint closed
2026-09-15T20:58:21.320 WARN kycontroller::kymux_controller::server - Kynet accept failed: connection error: Endpoint closed
2026-09-15T20:58:21.320 WARN kycontroller::kymux_controller::server - Kynet accept failed: connection error: Endpoint closed
2026-09-15T20:58:21.320 WARN kycontroller::kymux_controller::server - Kynet accept failed: connection error: Endpoint closed
2026-09-15T20:58:21.320 WARN kycontroller::kymux_controller::server - Kynet accept failed: connection error: Endpoint closed
2026-09-15T20:58:21.320 WARN kycontroller::kymux_controller::server - Kynet accept failed: connection error: Endpoint closed
2026-09-15T20:58:21.320 WARN kycontroller::kymux_controller::server - Kynet accept failed: connection error: Endpoint closed
2026-09-15T20:58:21.320 WARN kycontroller::kymux_controller::server - Kynet accept failed: connection error: Endpoint closed
2026-09-15T20:58:21.320 WARN kycontroller::kymux_controller::server - Kynet accept failed: connection error: Endpoint closed
2026-09-15T20:58:21.320 WARN kycontroller::kymux_controller::server - Kynet accept failed: connection error: Endpoint closed
2026-09-15T20:58:21.320 WARN kycontroller::kymux_controller::server - Kynet accept failed: connection error: Endpoint closed
2026-09-15T20:58:21.320 WARN kycontroller::kymux_controller::server - Kynet accept failed: connection error: Endpoint closed
2026-09-15T20:58:21.320 WARN kycontroller::kymux_controller::server - Kynet accept failed: connection error: Endpoint closed
2026-09-15T20:58:21.320 WARN kycontroller::kymux_controller::server - Kynet accept failed: connection error: Endpoint closed
2026-09-15T20:58:21.320 WARN kycontroller::kymux_controller::server - Kynet accept failed: connection error: Endpoint closed
2026-09-15T20:58:21.321 WARN kycontroller::kymux_controller::server - Kynet accept failed: connection error: Endpoint closed
2026-09-15T20:58:21.321 WARN kycontroller::kymux_controller::server - Kynet accept failed: connection error: Endpoint closed
2026-09-15T20:58:21.321 WARN kycontroller::kymux_controller::server - Kynet accept failed: connection error: Endpoint closed
2026-09-15T20:58:21.321 WARN kycontroller::kymux_controller::server - Kynet accept failed: connection error: Endpoint closed
2026-09-15T20:58:21.321 WARN kycontroller::kymux_controller::server - Kynet accept failed: connection error: Endpoint closed
2026-09-15T20:58:21.321 WARN kycontroller::kymux_controller::server - Kynet accept failed: connection error: Endpoint closed
2026-09-15T20:58:21.321 WARN kycontroller::kymux_controller::server - Kynet accept failed: connection error: Endpoint closed
2026-09-15T20:58:21.321 WARN kycontroller::kymux_controller::server - Kynet accept failed: connection error: Endpoint closed
2026-09-15T20:58:21.321 WARN kycontroller::kymux_controller::server - Kynet accept failed: connection error: Endpoint closed
2026-09-15T20:58:21.321 WARN kycontroller::kymux_controller::server - Kynet accept failed: connection error: Endpoint closed
2026-09-15T20:58:21.321 WARN kycontroller::kymux_controller::server - Kynet accept failed: connection error: Endpoint closed
2026-09-15T20:58:21.321 WARN kycontroller::kymux_controller::server - Kynet accept failed: connection error: Endpoint closed
2026-09-15T20:58:21.321 WARN kycontroller::kymux_controller::server - Kynet accept failed: connection error: Endpoint closed
2026-09-15T20:58:21.321 WARN kycontroller::kymux_controller::server - Kynet accept failed: connection error: Endpoint closed
2026-09-15T20:58:21.321 WARN kycontroller::kymux_controller::server - Kynet accept failed: connection error: Endpoint closed
2026-09-15T20:58:21.321 WARN kycontroller::kymux_controller::server - Kynet accept failed: connection error: Endpoint closed
2026-09-15T20:58:21.321 WARN kycontroller::kymux_controller::server - Kynet accept failed: connection error: Endpoint closed
2026-09-15T20:58:21.321 WARN kycontroller::kymux_controller::server - Kynet accept failed: connection error: Endpoint closed
2026-09-15T20:58:21.321 WARN kycontroller::kymux_controller::server - Kynet accept failed: connection error: Endpoint closed
2026-09-15T20:58:21.321 WARN kycontroller::kymux_controller::server - Kynet accept failed: connection error: Endpoint closed
2026-09-15T20:58:21.321 WARN kycontroller::kymux_controller::server - Kynet accept failed: connection error: Endpoint closed
2026-09-15T20:58:21.321 WARN kycontroller::kymux_controller::server - Kynet accept failed: connection error: Endpoint closed
2026-09-15T20:58:21.321 WARN kycontroller::kymux_controller::server - Kynet accept failed: connection error: Endpoint closed
2026-09-15T20:58:21.321 WARN kycontroller::kymux_controller::server - Kynet accept failed: connection error: Endpoint closed
2026-09-15T20:58:21.321 WARN kycontroller::kymux_controller::server - Kynet accept failed: connection error: Endpoint closed
2026-09-15T20:58:21.321 WARN kycontroller::kymux_controller::server - Kynet accept failed: connection error: Endpoint closed
2026-09-15T20:58:21.321 WARN kycontroller::kymux_controller::server - Kynet accept failed: connection error: Endpoint closed
2026-09-15T20:58:21.321 WARN kycontroller::kymux_controller::server - Kynet accept failed: connection error: Endpoint closed
2026-09-15T20:58:21.321 WARN kycontroller::kymux_controller::server - Kynet accept failed: connection error: Endpoint closed
2026-09-15T20:58:21.321 WARN kycontroller::kymux_controller::server - Kynet accept failed: connection error: Endpoint closed
2026-09-15T20:58:21.321 WARN kycontroller::kymux_controller::server - Kynet accept failed: connection error: Endpoint closed
2026-09-15T20:58:21.321 WARN kycontroller::kymux_controller::server - Kynet accept failed: connection error: Endpoint closed
2026-09-15T20:58:21.321 WARN kycontroller::kymux_controller::server - Kynet accept failed: connection error: Endpoint closed
2026-09-15T20:58:21.321 WARN kycontroller::kymux_controller::server - Kynet accept failed: connection error: Endpoint closed
2026-09-15T20:58:21.321 WARN kycontroller::kymux_controller::server - Kynet accept failed: connection error: Endpoint closed
2026-09-15T20:58:21.321 WARN kycontroller::kymux_controller::server - Kynet accept failed: connection error: Endpoint closed
2026-09-15T20:58:21.321 WARN kycontroller::kymux_controller::server - Kynet accept failed: connection error: Endpoint closed
2026-09-15T20:58:21.321 WARN kycontroller::kymux_controller::server - Kynet accept failed: connection error: Endpoint closed
2026-09-15T20:58:21.321 WARN kycontroller::kymux_controller::server - Kynet accept failed: connection error: Endpoint closed
2026-09-15T20:58:21.321 WARN kycontroller::kymux_controller::server - Kynet accept failed: connection error: Endpoint closed
2026-09-15T20:58:21.321 WARN kycontroller::kymux_controller::server - Kynet accept failed: connection error: Endpoint closed
2026-09-15T20:58:21.321 WARN kycontroller::kymux_controller::server - Kynet accept failed: connection error: Endpoint closed
2026-09-15T20:58:21.321 WARN kycontroller::kymux_controller::server - Kynet accept failed: connection error: Endpoint closed
2026-09-15T20:58:21.321 WARN kycontroller::kymux_controller::server - Kynet accept failed: connection error: Endpoint closed
2026-09-15T20:58:21.321 WARN kycontroller::kymux_controller::server - Kynet accept failed: connection error: Endpoint closed
2026-09-15T20:58:21.321 WARN kycontroller::kymux_controller::server - Kynet accept failed: connection error: Endpoint closed
2026-09-15T20:58:21.321 WARN kycontroller::kymux_controller::server - Kynet accept failed: connection error: Endpoint closed
2026-09-15T20:58:21.321 WARN kycontroller::kymux_controller::server - Kynet accept failed: connection error: Endpoint closed
2026-09-15T20:58:21.321 WARN kycontroller::kymux_controller::server - Kynet accept failed: connection error: Endpoint closed
2026-09-15T20:58:21.321 WARN kycontroller::kymux_controller::server - Kynet accept failed: connection error: Endpoint closed
2026-09-15T20:58:21.321 WARN kycontroller::kymux_controller::server - Kynet accept failed: connection error: Endpoint closed
2026-09-15T20:58:21.321 WARN kycontroller::kymux_controller::server - Kynet accept failed: connection error: Endpoint closed
2026-09-15T20:58:21.321 WARN kycontroller::kymux_controller::server - Kynet accept failed: connection error: Endpoint closed
2026-09-15T20:58:21.321 WARN kycontroller::kymux_controller::server - Kynet accept failed: connection error: Endpoint closed
2026-09-15T20:58:21.321 WARN kycontroller::kymux_controller::server - Kynet accept failed: connection error: Endpoint closed
2026-09-15T20:58:21.321 WARN kycontroller::kymux_controller::server - Kynet accept failed: connection error: Endpoint closed
2026-09-15T20:58:21.321 WARN kycontroller::kymux_controller::server - Kynet accept failed: connection error: Endpoint closed
2026-09-15T20:58:21.321 WARN kycontroller::kymux_controller::server - Kynet accept failed: connection error: Endpoint closed
2026-09-15T20:58:21.321 WARN kycontroller::kymux_controller::server - Kynet accept failed: connection error: Endpoint closed
2026-09-15T20:58:21.321 WARN kycontroller::kymux_controller::server - Kynet accept failed: connection error: Endpoint closed
2026-09-15T20:58:21.321 WARN kycontroller::kymux_controller::server - Kynet accept failed: connection error: Endpoint closed
2026-09-15T20:58:21.321 WARN kycontroller::kymux_controller::server - Kynet accept failed: connection error: Endpoint closed
2026-09-15T20:58:21.321 WARN kycontroller::kymux_controller::server - Kynet accept failed: connection error: Endpoint closed
2026-09-15T20:58:21.321 WARN kycontroller::kymux_controller::server - Kynet accept failed: connection error: Endpoint closed
2026-09-15T20:58:21.321 WARN kycontroller::kymux_controller::server - Kynet accept failed: connection error: Endpoint closed
2026-09-15T20:58:21.321 WARN kycontroller::kymux_controller::server - Kynet accept failed: connection error: Endpoint closed
2026-09-15T20:58:21.321 WARN kycontroller::kymux_controller::server - Kynet accept failed: connection error: Endpoint closed
2026-09-15T20:58:21.321 WARN kycontroller::kymux_controller::server - Kynet accept failed: connection error: Endpoint closed
2026-09-15T20:58:21.321 WARN kycontroller::kymux_controller::server - Kynet accept failed: connection error: Endpoint closed
2026-09-15T20:58:21.321 WARN kycontroller::kymux_controller::server - Kynet accept failed: connection error: Endpoint closed
2026-09-15T20:58:21.321 WARN kycontroller::kymux_controller::server - Kynet accept failed: connection error: Endpoint closed
2026-09-15T20:58:21.321 WARN kycontroller::kymux_controller::server - Kynet accept failed: connection error: Endpoint closed
2026-09-15T20:58:21.321 WARN kycontroller::kymux_controller::server - Kynet accept failed: connection error: Endpoint closed
2026-09-15T20:58:21.321 WARN kycontroller::kymux_controller::server - Kynet accept failed: connection error: Endpoint closed
2026-09-15T20:58:21.321 WARN kycontroller::kymux_controller::server - Kynet accept failed: connection error: Endpoint closed
2026-09-15T20:58:21.321 WARN kycontroller::kymux_controller::server - Kynet accept failed: connection error: Endpoint closed
2026-09-15T20:58:21.321 WARN kycontroller::kymux_controller::server - Kynet accept failed: connection error: Endpoint closed
2026-09-15T20:58:21.321 WARN kycontroller::kymux_controller::server - Kynet accept failed: connection error: Endpoint closed
2026-09-15T20:58:21.321 WARN kycontroller::kymux_controller::server - Kynet accept failed: connection error: Endpoint closed
2026-09-15T20:58:21.321 WARN kycontroller::kymux_controller::server - Kynet accept failed: connection error: Endpoint closed
2026-09-15T20:58:21.321 WARN kycontroller::kymux_controller::server - Kynet accept failed: connection error: Endpoint closed
2026-09-15T20:58:21.321 WARN kycontroller::kymux_controller::server - Kynet accept failed: connection error: Endpoint closed
2026-09-15T20:58:21.321 WARN kycontroller::kymux_controller::server - Kynet accept failed: connection error: Endpoint closed
2026-09-15T20:58:21.321 WARN kycontroller::kymux_controller::server - Kynet accept failed: connection error: Endpoint closed
2026-09-15T20:58:21.321 WARN kycontroller::kymux_controller::server - Kynet accept failed: connection error: Endpoint closed
2026-09-15T20:58:21.321 WARN kycontroller::kymux_controller::server - Kynet accept failed: connection error: Endpoint closed
2026-09-15T20:58:21.321 WARN kycontroller::kymux_controller::server - Kynet accept failed: connection error: Endpoint closed
2026-09-15T20:58:21.321 WARN kycontroller::kymux_controller::server - Kynet accept failed: connection error: Endpoint closed
2026-09-15T20:58:21.321 WARN kycontroller::kymux_controller::server - Kynet accept failed: connection error: Endpoint closed
2026-09-15T20:58:21.321 WARN kycontroller::kymux_controller::server - Kynet accept failed: connection error: Endpoint closed
2026-09-15T20:58:21.321 WARN kycontroller::kymux_controller::server - Kynet accept failed: connection error: Endpoint closed
2026-09-15T20:58:21.321 WARN kycontroller::kymux_controller::server - Kynet accept failed: connection error: Endpoint closed
2026-09-15T20:58:21.321 WARN kycontroller::kymux_controller::server - Kynet accept failed: connection error: Endpoint closed
2026-09-15T20:58:21.321 WARN kycontroller::kymux_controller::server - Kynet accept failed: connection error: Endpoint closed
2026-09-15T20:58:21.321 WARN kycontroller::kymux_controller::server - Kynet accept failed: connection error: Endpoint closed
2026-09-15T20:58:21.321 WARN kycontroller::kymux_controller::server - Kynet accept failed: connection error: Endpoint closed
2026-09-15T20:58:21.321 WARN kycontroller::kymux_controller::server - Kynet accept failed: connection error: Endpoint closed
2026-09-15T20:58:21.321 WARN kycontroller::kymux_controller::server - Kynet accept failed: connection error: Endpoint closed
2026-09-15T20:58:21.321 WARN kycontroller::kymux_controller::server - Kynet accept failed: connection error: Endpoint closed
2026-09-15T20:58:21.321 WARN kycontroller::kymux_controller::server - Kynet accept failed: connection error: Endpoint closed
2026-09-15T20:58:21.321 WARN kycontroller::kymux_controller::server - Kynet accept failed: connection error: Endpoint closed
2026-09-15T20:58:21.321 WARN kycontroller::kymux_controller::server - Kynet accept failed: connection error: Endpoint closed
2026-09-15T20:58:21.321 WARN kycontroller::kymux_controller::server - Kynet accept failed: connection error: Endpoint closed
2026-09-15T20:58:21.321 WARN kycontroller::kymux_controller::server - Kynet accept failed: connection error: Endpoint closed
2026-09-15T20:58:21.321 WARN kycontroller::kymux_controller::server - Kynet accept failed: connection error: Endpoint closed
2026-09-15T20:58:21.321 WARN kycontroller::kymux_controller::server - Kynet accept failed: connection error: Endpoint closed
2026-09-15T20:58:21.321 WARN kycontroller::kymux_controller::server - Kynet accept failed: connection error: Endpoint closed
2026-09-15T20:58:21.321 WARN kycontroller::kymux_controller::server - Kynet accept failed: connection error: Endpoint closed
2026-09-15T20:58:21.321 WARN kycontroller::kymux_controller::server - Kynet accept failed: connection error: Endpoint closed
2026-09-15T20:58:21.321 WARN kycontroller::kymux_controller::server - Kynet accept failed: connection error: Endpoint closed
2026-09-15T20:58:21.322 WARN kycontroller::kymux_controller::server - Kynet accept failed: connection error: Endpoint closed
2026-09-15T20:58:21.322 WARN kycontroller::kymux_controller::server - Kynet accept failed: connection error: Endpoint closed
2026-09-15T20:58:21.322 WARN kycontroller::kymux_controller::server - Kynet accept failed: connection error: Endpoint closed
2026-09-15T20:58:21.322 WARN kycontroller::kymux_controller::server - Kynet accept failed: connection error: Endpoint closed
2026-09-15T20:58:21.322 WARN kycontroller::kymux_controller::server - Kynet accept failed: connection error: Endpoint closed
2026-09-15T20:58:21.322 WARN kycontroller::kymux_controller::server - Kynet accept failed: connection error: Endpoint closed
2026-09-15T20:58:21.322 WARN kycontroller::kymux_controller::server - Kynet accept failed: connection error: Endpoint closed
2026-09-15T20:58:21.322 WARN kycontroller::kymux_controller::server - Kynet accept failed: connection error: Endpoint closed
2026-09-15T20:58:21.322 WARN kycontroller::kymux_controller::server - Kynet accept failed: connection error: Endpoint closed
2026-09-15T20:58:21.322 WARN kycontroller::kymux_controller::server - Kynet accept failed: connection error: Endpoint closed
2026-09-15T20:58:21.322 WARN kycontroller::kymux_controller::server - Kynet accept failed: connection error: Endpoint closed
2026-09-15T20:58:21.322 WARN kycontroller::kymux_controller::server - Kynet accept failed: connection error: Endpoint closed
2026-09-15T20:58:21.322 WARN kycontroller::kymux_controller::server - Kynet accept failed: connection error: Endpoint closed
2026-09-15T20:58:21.322 WARN kycontroller::kymux_controller::server - Kynet accept failed: connection error: Endpoint closed
2026-09-15T20:58:21.322 WARN kycontroller::kymux_controller::server - Kynet accept failed: connection error: Endpoint closed
2026-09-15T20:58:21.322 WARN kycontroller::kymux_controller::server - Kynet accept failed: connection error: Endpoint closed
2026-09-15T20:58:21.322 WARN kycontroller::kymux_controller::server - Kynet accept failed: connection error: Endpoint closed
2026-09-15T20:58:21.322 WARN kycontroller::kymux_controller::server - Kynet accept failed: connection error: Endpoint closed
2026-09-15T20:58:21.322 WARN kycontroller::kymux_controller::server - Kynet accept failed: connection error: Endpoint closed
2026-09-15T20:58:21.322 WARN kycontroller::kymux_controller::server - Kynet accept failed: connection error: Endpoint closed
2026-09-15T20:58:21.322 WARN kycontroller::kymux_controller::server - Kynet accept failed: connection error: Endpoint closed
2026-09-15T20:58:21.322 WARN kycontroller::kymux_controller::server - Kynet accept failed: connection error: Endpoint closed
2026-09-15T20:58:21.322 WARN kycontroller::kymux_controller::server - Kynet accept failed: connection error: Endpoint closed
2026-09-15T20:58:21.322 WARN kycontroller::kymux_controller::server - Kynet accept failed: connection error: Endpoint closed
2026-09-15T20:58:21.322 WARN kycontroller::kymux_controller::server - Kynet accept failed: connection error: Endpoint closed
2026-09-15T20:58:21.322 WARN kycontroller::kymux_controller::server - Kynet accept failed: connection error: Endpoint closed
2026-09-15T20:58:21.322 WARN kycontroller::kymux_controller::server - Kynet accept failed: connection error: Endpoint closed
2026-09-15T20:58:21.322 WARN kycontroller::kymux_controller::server - Kynet accept failed: connection error: Endpoint closed
2026-09-15T20:58:21.322 WARN kycontroller::kymux_controller::server - Kynet accept failed: connection error: Endpoint closed
2026-09-15T20:58:21.322 WARN kycontroller::kymux_controller::server - Kynet accept failed: connection error: Endpoint closed
2026-09-15T20:58:21.322 WARN kycontroller::kymux_controller::server - Kynet accept failed: connection error: Endpoint closed
2026-09-15T20:58:21.322 WARN kycontroller::kymux_controller::server - Kynet accept failed: connection error: Endpoint closed
2026-09-15T20:58:21.322 WARN kycontroller::kymux_controller::server - Kynet accept failed: connection error: Endpoint closed
2026-09-15T20:58:21.322 WARN kycontroller::kymux_controller::server - Kynet accept failed: connection error: Endpoint closed
2026-09-15T20:58:21.322 WARN kycontroller::kymux_controller::server - Kynet accept failed: connection error: Endpoint closed
2026-09-15T20:58:21.322 WARN kycontroller::kymux_controller::server - Kynet accept failed: connection error: Endpoint closed
2026-09-15T20:58:21.322 WARN kycontroller::kymux_controller::server - Kynet accept failed: connection error: Endpoint closed
2026-09-15T20:58:21.322 WARN kycontroller::kymux_controller::server - Kynet accept failed: connection error: Endpoint closed
2026-09-15T20:58:21.322 WARN kycontroller::kymux_controller::server - Kynet accept failed: connection error: Endpoint closed
2026-09-15T20:58:21.322 WARN kycontroller::kymux_controller::server - Kynet accept failed: connection error: Endpoint closed
2026-09-15T20:58:21.322 WARN kycontroller::kymux_controller::server - Kynet accept failed: connection error: Endpoint closed
2026-09-15T20:58:21.322 WARN kycontroller::kymux_controller::server - Kynet accept failed: connection error: Endpoint closed
2026-09-15T20:58:21.322 WARN kycontroller::kymux_controller::server - Kynet accept failed: connection error: Endpoint closed
2026-09-15T20:58:21.322 WARN kycontroller::kymux_controller::server - Kynet accept failed: connection error: Endpoint closed
2026-09-15T20:58:21.322 WARN kycontroller::kymux_controller::server - Kynet accept failed: connection error: Endpoint closed
2026-09-15T20:58:21.322 WARN kycontroller::kymux_controller::server - Kynet accept failed: connection error: Endpoint closed
2026-09-15T20:58:21.322 WARN kycontroller::kymux_controller::server - Kynet accept failed: connection error: Endpoint closed
2026-09-15T20:58:21.322 WARN kycontroller::kymux_controller::server - Kynet accept failed: connection error: Endpoint closed
2026-09-15T20:58:21.322 WARN kycontroller::kymux_controller::server - Kynet accept failed: connection error: Endpoint closed
2026-09-15T20:58:21.322 WARN kycontroller::kymux_controller::server - Kynet accept failed: connection error: Endpoint closed
2026-09-15T20:58:21.322 WARN kycontroller::kymux_controller::server - Kynet accept failed: connection error: Endpoint closed
2026-09-15T20:58:21.322 WARN kycontroller::kymux_controller::server - Kynet accept failed: connection error: Endpoint closed
2026-09-15T20:58:21.322 WARN kycontroller::kymux_controller::server - Kynet accept failed: connection error: Endpoint closed
2026-09-15T20:58:21.322 WARN kycontroller::kymux_controller::server - Kynet accept failed: connection error: Endpoint closed
2026-09-15T20:58:21.322 WARN kycontroller::kymux_controller::server - Kynet accept failed: connection error: Endpoint closed
2026-09-15T20:58:21.322 WARN kycontroller::kymux_controller::server - Kynet accept failed: connection error: Endpoint closed
2026-09-15T20:58:21.322 WARN kycontroller::kymux_controller::server - Kynet accept failed: connection error: Endpoint closed
2026-09-15T20:58:21.322 WARN kycontroller::kymux_controller::server - Kynet accept failed: connection error: Endpoint closed
2026-09-15T20:58:21.322 WARN kycontroller::kymux_controller::server - Kynet accept failed: connection error: Endpoint closed
2026-09-15T20:58:21.322 WARN kycontroller::kymux_controller::server - Kynet accept failed: connection error: Endpoint closed
2026-09-15T20:58:21.322 WARN kycontroller::kymux_controller::server - Kynet accept failed: connection error: Endpoint closed
2026-09-15T20:58:21.322 WARN kycontroller::kymux_controller::server - Kynet accept failed: connection error: Endpoint closed
2026-09-15T20:58:21.322 WARN kycontroller::kymux_controller::server - Kynet accept failed: connection error: Endpoint closed
2026-09-15T20:58:21.322 WARN kycontroller::kymux_controller::server - Kynet accept failed: connection error: Endpoint closed
2026-09-15T20:58:21.322 WARN kycontroller::kymux_controller::server - Kynet accept failed: connection error: Endpoint closed
2026-09-15T20:58:21.322 WARN kycontroller::kymux_controller::server - Kynet accept failed: connection error: Endpoint closed
2026-09-15T20:58:21.322 WARN kycontroller::kymux_controller::server - Kynet accept failed: connection error: Endpoint closed
2026-09-15T20:58:21.322 WARN kycontroller::kymux_controller::server - Kynet accept failed: connection error: Endpoint closed
2026-09-15T20:58:21.322 WARN kycontroller::kymux_controller::server - Kynet accept failed: connection error: Endpoint closed
2026-09-15T20:58:21.322 WARN kycontroller::kymux_controller::server - Kynet accept failed: connection error: Endpoint closed
2026-09-15T20:58:21.322 WARN kycontroller::kymux_controller::server - Kynet accept failed: connection error: Endpoint closed
2026-09-15T20:58:21.322 WARN kycontroller::kymux_controller::server - Kynet accept failed: connection error: Endpoint closed
2026-09-15T20:58:21.322 WARN kycontroller::kymux_controller::server - Kynet accept failed: connection error: Endpoint closed
2026-09-15T20:58:21.322 WARN kycontroller::kymux_controller::server - Kynet accept failed: connection error: Endpoint closed
2026-09-15T20:58:21.322 WARN kycontroller::kymux_controller::server - Kynet accept failed: connection error: Endpoint closed
2026-09-15T20:58:21.322 WARN kycontroller::kymux_controller::server - Kynet accept failed: connection error: Endpoint closed
2026-09-15T20:58:21.322 WARN kycontroller::kymux_controller::server - Kynet accept failed: connection error: Endpoint closed
2026-09-15T20:58:21.322 WARN kycontroller::kymux_controller::server - Kynet accept failed: connection error: Endpoint closed
2026-09-15T20:58:21.322 WARN kycontroller::kymux_controller::server - Kynet accept failed: connection error: Endpoint closed
2026-09-15T20:58:21.322 WARN kycontroller::kymux_controller::server - Kynet accept failed: connection error: Endpoint closed
2026-09-15T20:58:21.322 WARN kycontroller::kymux_controller::server - Kynet accept failed: connection error: Endpoint closed
2026-09-15T20:58:21.322 WARN kycontroller::kymux_controller::server - Kynet accept failed: connection error: Endpoint closed
2026-09-15T20:58:21.322 WARN kycontroller::kymux_controller::server - Kynet accept failed: connection error: Endpoint closed
2026-09-15T20:58:21.322 WARN kycontroller::kymux_controller::server - Kynet accept failed: connection error: Endpoint closed
2026-09-15T20:58:21.322 WARN kycontroller::kymux_controller::server - Kynet accept failed: connection error: Endpoint closed
2026-09-15T20:58:21.322 WARN kycontroller::kymux_controller::server - Kynet accept failed: connection error: Endpoint closed
2026-09-15T20:58:21.322 WARN kycontroller::kymux_controller::server - Kynet accept failed: connection error: Endpoint closed
2026-09-15T20:58:21.322 WARN kycontroller::kymux_controller::server - Kynet accept failed: connection error: Endpoint closed
2026-09-15T20:58:21.322 WARN kycontroller::kymux_controller::server - Kynet accept failed: connection error: Endpoint closed
2026-09-15T20:58:21.322 WARN kycontroller::kymux_controller::server - Kynet accept failed: connection error: Endpoint closed
2026-09-15T20:58:21.322 WARN kycontroller::kymux_controller::server - Kynet accept failed: connection error: Endpoint closed
2026-09-15T20:58:21.322 WARN kycontroller::kymux_controller::server - Kynet accept failed: connection error: Endpoint closed
2026-09-15T20:58:21.322 WARN kycontroller::kymux_controller::server - Kynet accept failed: connection error: Endpoint closed
2026-09-15T20:58:21.322 WARN kycontroller::kymux_controller::server - Kynet accept failed: connection error: Endpoint closed
2026-09-15T20:58:21.322 WARN kycontroller::kymux_controller::server - Kynet accept failed: connection error: Endpoint closed
2026-09-15T20:58:21.322 WARN kycontroller::kymux_controller::server - Kynet accept failed: connection error: Endpoint closed
2026-09-15T20:58:21.322 WARN kycontroller::kymux_controller::server - Kynet accept failed: connection error: Endpoint closed
2026-09-15T20:58:21.322 WARN kycontroller::kymux_controller::server - Kynet accept failed: connection error: Endpoint closed
2026-09-15T20:58:21.322 WARN kycontroller::kymux_controller::server - Kynet accept failed: connection error: Endpoint closed
2026-09-15T20:58:21.322 WARN kycontroller::kymux_controller::server - Kynet accept failed: connection error: Endpoint closed
2026-09-15T20:58:21.322 WARN kycontroller::kymux_controller::server - Kynet accept failed: connection error: Endpoint closed
2026-09-15T20:58:21.322 WARN kycontroller::kymux_controller::server - Kynet accept failed: connection error: Endpoint closed
2026-09-15T20:58:21.322 WARN kycontroller::kymux_controller::server - Kynet accept failed: connection error: Endpoint closed
2026-09-15T20:58:21.322 WARN kycontroller::kymux_controller::server - Kynet accept failed: connection error: Endpoint closed
2026-09-15T20:58:21.322 WARN kycontroller::kymux_controller::server - Kynet accept failed: connection error: Endpoint closed
2026-09-15T20:58:21.322 WARN kycontroller::kymux_controller::server - Kynet accept failed: connection error: Endpoint closed
2026-09-15T20:58:21.322 WARN kycontroller::kymux_controller::server - Kynet accept failed: connection error: Endpoint closed
2026-09-15T20:58:21.322 WARN kycontroller::kymux_controller::server - Kynet accept failed: connection error: Endpoint closed
2026-09-15T20:58:21.322 WARN kycontroller::kymux_controller::server - Kynet accept failed: connection error: Endpoint closed
2026-09-15T20:58:21.322 WARN kycontroller::kymux_controller::server - Kynet accept failed: connection error: Endpoint closed
2026-09-15T20:58:21.322 WARN kycontroller::kymux_controller::server - Kynet accept failed: connection error: Endpoint closed
2026-09-15T20:58:21.323 WARN kycontroller::kymux_controller::server - Kynet accept failed: connection error: Endpoint closed
2026-09-15T20:58:21.323 WARN kycontroller::kymux_controller::server - Kynet accept failed: connection error: Endpoint closed
2026-09-15T20:58:21.323 WARN kycontroller::kymux_controller::server - Kynet accept failed: connection error: Endpoint closed
2026-09-15T20:58:21.323 WARN kycontroller::kymux_controller::server - Kynet accept failed: connection error: Endpoint closed
2026-09-15T20:58:21.323 WARN kycontroller::kymux_controller::server - Kynet accept failed: connection error: Endpoint closed
2026-09-15T20:58:21.323 WARN kycontroller::kymux_controller::server - Kynet accept failed: connection error: Endpoint closed
2026-09-15T20:58:21.323 WARN kycontroller::kymux_controller::server - Kynet accept failed: connection error: Endpoint closed
2026-09-15T20:58:21.323 WARN kycontroller::kymux_controller::server - Kynet accept failed: connection error: Endpoint closed
2026-09-15T20:58:21.323 WARN kycontroller::kymux_controller::server - Kynet accept failed: connection error: Endpoint closed
2026-09-15T20:58:21.323 WARN kycontroller::kymux_controller::server - Kynet accept failed: connection error: Endpoint closed
2026-09-15T20:58:21.323 WARN kycontroller::kymux_controller::server - Kynet accept failed: connection error: Endpoint closed
2026-09-15T20:58:21.323 WARN kycontroller::kymux_controller::server - Kynet accept failed: connection error: Endpoint closed
2026-09-15T20:58:21.323 WARN kycontroller::kymux_controller::server - Kynet accept failed: connection error: Endpoint closed
2026-09-15T20:58:21.323 WARN kycontroller::kymux_controller::server - Kynet accept failed: connection error: Endpoint closed
2026-09-15T20:58:21.323 WARN kycontroller::kymux_controller::server - Kynet accept failed: connection error: Endpoint closed
2026-09-15T20:58:21.323 WARN kycontroller::kymux_controller::server - Kynet accept failed: connection error: Endpoint closed
2026-09-15T20:58:21.323 WARN kycontroller::kymux_controller::server - Kynet accept failed: connection error: Endpoint closed
2026-09-15T20:58:21.323 WARN kycontroller::kymux_controller::server - Kynet accept failed: connection error: Endpoint closed
2026-09-15T20:58:21.323 WARN kycontroller::kymux_controller::server - Kynet accept failed: connection error: Endpoint closed
2026-09-15T20:58:21.323 WARN kycontroller::kymux_controller::server - Kynet accept failed: connection error: Endpoint closed
2026-09-15T20:58:21.323 WARN kycontroller::kymux_controller::server - Kynet accept failed: connection error: Endpoint closed
2026-09-15T20:58:21.323 WARN kycontroller::kymux_controller::server - Kynet accept failed: connection error: Endpoint closed
2026-09-15T20:58:21.323 WARN kycontroller::kymux_controller::server - Kynet accept failed: connection error: Endpoint closed
2026-09-15T20:58:21.323 WARN kycontroller::kymux_controller::server - Kynet accept failed: connection error: Endpoint closed
2026-09-15T20:58:21.323 WARN kycontroller::kymux_controller::server - Kynet accept failed: connection error: Endpoint closed
2026-09-15T20:58:21.323 WARN kycontroller::kymux_controller::server - Kynet accept failed: connection error: Endpoint closed
2026-09-15T20:58:21.323 WARN kycontroller::kymux_controller::server - Kynet accept failed: connection error: Endpoint closed
2026-09-15T20:58:21.323 WARN kycontroller::kymux_controller::server - Kynet accept failed: connection error: Endpoint closed
2026-09-15T20:58:21.323 WARN kycontroller::kymux_controller::server - Kynet accept failed: connection error: Endpoint closed
2026-09-15T20:58:21.323 WARN kycontroller::kymux_controller::server - Kynet accept failed: connection error: Endpoint closed
2026-09-15T20:58:21.323 WARN kycontroller::kymux_controller::server - Kynet accept failed: connection error: Endpoint closed
2026-09-15T20:58:21.323 WARN kycontroller::kymux_controller::server - Kynet accept failed: connection error: Endpoint closed
2026-09-15T20:58:21.323 WARN kycontroller::kymux_controller::server - Kynet accept failed: connection error: Endpoint closed
2026-09-15T20:58:21.323 WARN kycontroller::kymux_controller::server - Kynet accept failed: connection error: Endpoint closed
2026-09-15T20:58:21.323 WARN kycontroller::kymux_controller::server - Kynet accept failed: connection error: Endpoint closed
2026-09-15T20:58:21.323 WARN kycontroller::kymux_controller::server - Kynet accept failed: connection error: Endpoint closed
2026-09-15T20:58:21.323 WARN kycontroller::kymux_controller::server - Kynet accept failed: connection error: Endpoint closed
2026-09-15T20:58:21.323 WARN kycontroller::kymux_controller::server - Kynet accept failed: connection error: Endpoint closed
2026-09-15T20:58:21.323 WARN kycontroller::kymux_controller::server - Kynet accept failed: connection error: Endpoint closed
2026-09-15T20:58:21.323 WARN kycontroller::kymux_controller::server - Kynet accept failed: connection error: Endpoint closed
2026-09-15T20:58:21.323 WARN kycontroller::kymux_controller::server - Kynet accept failed: connection error: Endpoint closed
2026-09-15T20:58:21.323 WARN kycontroller::kymux_controller::server - Kynet accept failed: connection error: Endpoint closed
2026-09-15T20:58:21.323 WARN kycontroller::kymux_controller::server - Kynet accept failed: connection error: Endpoint closed
2026-09-15T20:58:21.323 WARN kycontroller::kymux_controller::server - Kynet accept failed: connection error: Endpoint closed
2026-09-15T20:58:21.323 WARN kycontroller::kymux_controller::server - Kynet accept failed: connection error: Endpoint closed
2026-09-15T20:58:21.323 WARN kycontroller::kymux_controller::server - Kynet accept failed: connection error: Endpoint closed
2026-09-15T20:58:21.323 WARN kycontroller::kymux_controller::server - Kynet accept failed: connection error: Endpoint closed
2026-09-15T20:58:21.323 WARN kycontroller::kymux_controller::server - Kynet accept failed: connection error: Endpoint closed
2026-09-15T20:58:21.323 WARN kycontroller::kymux_controller::server - Kynet accept failed: connection error: Endpoint closed
2026-09-15T20:58:21.323 WARN kycontroller::kymux_controller::server - Kynet accept failed: connection error: Endpoint closed
2026-09-15T20:58:21.323 WARN kycontroller::kymux_controller::server - Kynet accept failed: connection error: Endpoint closed
2026-09-15T20:58:21.323 WARN kycontroller::kymux_controller::server - Kynet accept failed: connection error: Endpoint closed
2026-09-15T20:58:21.323 WARN kycontroller::kymux_controller::server - Kynet accept failed: connection error: Endpoint closed
2026-09-15T20:58:21.323 WARN kycontroller::kymux_controller::server - Kynet accept failed: connection error: Endpoint closed
2026-09-15T20:58:21.323 WARN kycontroller::kymux_controller::server - Kynet accept failed: connection error: Endpoint closed
2026-09-15T20:58:21.323 WARN kycontroller::kymux_controller::server - Kynet accept failed: connection error: Endpoint closed
2026-09-15T20:58:21.323 WARN kycontroller::kymux_controller::server - Kynet accept failed: connection error: Endpoint closed
2026-09-15T20:58:21.323 WARN kycontroller::kymux_controller::server - Kynet accept failed: connection error: Endpoint closed
2026-09-15T20:58:21.323 WARN kycontroller::kymux_controller::server - Kynet accept failed: connection error: Endpoint closed
2026-09-15T20:58:21.323 WARN kycontroller::kymux_controller::server - Kynet accept failed: connection error: Endpoint closed
2026-09-15T20:58:21.323 WARN kycontroller::kymux_controller::server - Kynet accept failed: connection error: Endpoint closed
2026-09-15T20:58:21.323 WARN kycontroller::kymux_controller::server - Kynet accept failed: connection error: Endpoint closed
2026-09-15T20:58:21.323 WARN kycontroller::kymux_controller::server - Kynet accept failed: connection error: Endpoint closed
2026-09-15T20:58:21.323 WARN kycontroller::kymux_controller::server - Kynet accept failed: connection error: Endpoint closed
2026-09-15T20:58:21.323 WARN kycontroller::kymux_controller::server - Kynet accept failed: connection error: Endpoint closed
2026-09-15T20:58:21.323 WARN kycontroller::kymux_controller::server - Kynet accept failed: connection error: Endpoint closed
2026-09-15T20:58:21.323 WARN kycontroller::kymux_controller::server - Kynet accept failed: connection error: Endpoint closed
2026-09-15T20:58:21.323 WARN kycontroller::kymux_controller::server - Kynet accept failed: connection error: Endpoint closed
2026-09-15T20:58:21.323 WARN kycontroller::kymux_controller::server - Kynet accept failed: connection error: Endpoint closed
2026-09-15T20:58:21.323 WARN kycontroller::kymux_controller::server - Kynet accept failed: connection error: Endpoint closed
2026-09-15T20:58:21.323 WARN kycontroller::kymux_controller::server - Kynet accept failed: connection error: Endpoint closed
2026-09-15T20:58:21.323 WARN kycontroller::kymux_controller::server - Kynet accept failed: connection error: Endpoint closed
2026-09-15T20:58:21.323 WARN kycontroller::kymux_controller::server - Kynet accept failed: connection error: Endpoint closed
2026-09-15T20:58:21.323 WARN kycontroller::kymux_controller::server - Kynet accept failed: connection error: Endpoint closed
2026-09-15T20:58:21.323 WARN kycontroller::kymux_controller::server - Kynet accept failed: connection error: Endpoint closed
2026-09-15T20:58:21.323 WARN kycontroller::kymux_controller::server - Kynet accept failed: connection error: Endpoint closed
2026-09-15T20:58:21.323 WARN kycontroller::kymux_controller::server - Kynet accept failed: connection error: Endpoint closed
2026-09-15T20:58:21.323 WARN kycontroller::kymux_controller::server - Kynet accept failed: connection error: Endpoint closed
2026-09-15T20:58:21.323 WARN kycontroller::kymux_controller::server - Kynet accept failed: connection error: Endpoint closed
2026-09-15T20:58:21.323 WARN kycontroller::kymux_controller::server - Kynet accept failed: connection error: Endpoint closed
2026-09-15T20:58:21.323 WARN kycontroller::kymux_controller::server - Kynet accept failed: connection error: Endpoint closed
2026-09-15T20:58:21.323 WARN kycontroller::kymux_controller::server - Kynet accept failed: connection error: Endpoint closed
2026-09-15T20:58:21.323 WARN kycontroller::kymux_controller::server - Kynet accept failed: connection error: Endpoint closed
2026-09-15T20:58:21.323 WARN kycontroller::kymux_controller::server - Kynet accept failed: connection error: Endpoint closed
2026-09-15T20:58:21.323 WARN kycontroller::kymux_controller::server - Kynet accept failed: connection error: Endpoint closed
2026-09-15T20:58:21.323 WARN kycontroller::kymux_controller::server - Kynet accept failed: connection error: Endpoint closed
2026-09-15T20:58:21.323 WARN kycontroller::kymux_controller::server - Kynet accept failed: connection error: Endpoint closed
2026-09-15T20:58:21.323 WARN kycontroller::kymux_controller::server - Kynet accept failed: connection error: Endpoint closed
2026-09-15T20:58:21.323 WARN kycontroller::kymux_controller::server - Kynet accept failed: connection error: Endpoint closed
2026-09-15T20:58:21.323 WARN kycontroller::kymux_controller::server - Kynet accept failed: connection error: Endpoint closed
2026-09-15T20:58:21.323 WARN kycontroller::kymux_controller::server - Kynet accept failed: connection error: Endpoint closed
2026-09-15T20:58:21.323 WARN kycontroller::kymux_controller::server - Kynet accept failed: connection error: Endpoint closed
2026-09-15T20:58:21.323 WARN kycontroller::kymux_controller::server - Kynet accept failed: connection error: Endpoint closed
2026-09-15T20:58:21.323 WARN kycontroller::kymux_controller::server - Kynet accept failed: connection error: Endpoint closed
2026-09-15T20:58:21.323 WARN kycontroller::kymux_controller::server - Kynet accept failed: connection error: Endpoint closed
2026-09-15T20:58:21.323 WARN kycontroller::kymux_controller::server - Kynet accept failed: connection error: Endpoint closed
2026-09-15T20:58:21.323 WARN kycontroller::kymux_controller::server - Kynet accept failed: connection error: Endpoint closed
2026-09-15T20:58:21.323 WARN kycontroller::kymux_controller::server - Kynet accept failed: connection error: Endpoint closed
2026-09-15T20:58:21.323 WARN kycontroller::kymux_controller::server - Kynet accept failed: connection error: Endpoint closed
2026-09-15T20:58:21.323 WARN kycontroller::kymux_controller::server - Kynet accept failed: connection error: Endpoint closed
2026-09-15T20:58:21.323 WARN kycontroller::kymux_controller::server - Kynet accept failed: connection error: Endpoint closed
2026-09-15T20:58:21.323 WARN kycontroller::kymux_controller::server - Kynet accept failed: connection error: Endpoint closed
2026-09-15T20:58:21.323 WARN kycontroller::kymux_controller::server - Kynet accept failed: connection error: Endpoint closed
2026-09-15T20:58:21.323 WARN kycontroller::kymux_controller::server - Kynet accept failed: connection error: Endpoint closed
2026-09-15T20:58:21.323 WARN kycontroller::kymux_controller::server - Kynet accept failed: connection error: Endpoint closed
2026-09-15T20:58:21.323 WARN kycontroller::kymux_controller::server - Kynet accept failed: connection error: Endpoint closed
2026-09-15T20:58:21.323 WARN kycontroller::kymux_controller::server - Kynet accept failed: connection error: Endpoint closed
2026-09-15T20:58:21.323 WARN kycontroller::kymux_controller::server - Kynet accept failed: connection error: Endpoint closed
2026-09-15T20:58:21.323 WARN kycontroller::kymux_controller::server - Kynet accept failed: connection error: Endpoint closed
2026-09-15T20:58:21.323 WARN kycontroller::kymux_controller::server - Kynet accept failed: connection error: Endpoint closed
2026-09-15T20:58:21.323 WARN kycontroller::kymux_controller::server - Kynet accept failed: connection error: Endpoint closed
2026-09-15T20:58:21.324 WARN kycontroller::kymux_controller::server - Kynet accept failed: connection error: Endpoint closed
2026-09-15T20:58:21.324 WARN kycontroller::kymux_controller::server - Kynet accept failed: connection error: Endpoint closed
2026-09-15T20:58:21.324 WARN kycontroller::kymux_controller::server - Kynet accept failed: connection error: Endpoint closed
2026-09-15T20:58:21.324 WARN kycontroller::kymux_controller::server - Kynet accept failed: connection error: Endpoint closed
2026-09-15T20:58:21.324 WARN kycontroller::kymux_controller::server - Kynet accept failed: connection error: Endpoint closed
2026-09-15T20:58:21.324 WARN kycontroller::kymux_controller::server - Kynet accept failed: connection error: Endpoint closed
2026-09-15T20:58:21.324 WARN kycontroller::kymux_controller::server - Kynet accept failed: connection error: Endpoint closed
2026-09-15T20:58:21.324 WARN kycontroller::kymux_controller::server - Kynet accept failed: connection error: Endpoint closed
2026-09-15T20:58:21.324 WARN kycontroller::kymux_controller::server - Kynet accept failed: connection error: Endpoint closed
2026-09-15T20:58:21.324 WARN kycontroller::kymux_controller::server - Kynet accept failed: connection error: Endpoint closed
2026-09-15T20:58:21.324 WARN kycontroller::kymux_controller::server - Kynet accept failed: connection error: Endpoint closed
2026-09-15T20:58:21.324 WARN kycontroller::kymux_controller::server - Kynet accept failed: connection error: Endpoint closed
2026-09-15T20:58:21.324 WARN kycontroller::kymux_controller::server - Kynet accept failed: connection error: Endpoint closed
2026-09-15T20:58:21.324 WARN kycontroller::kymux_controller::server - Kynet accept failed: connection error: Endpoint closed
2026-09-15T20:58:21.324 WARN kycontroller::kymux_controller::server - Kynet accept failed: connection error: Endpoint closed
2026-09-15T20:58:21.324 WARN kycontroller::kymux_controller::server - Kynet accept failed: connection error: Endpoint closed
2026-09-15T20:58:21.324 WARN kycontroller::kymux_controller::server - Kynet accept failed: connection error: Endpoint closed
2026-09-15T20:58:21.324 WARN kycontroller::kymux_controller::server - Kynet accept failed: connection error: Endpoint closed
2026-09-15T20:58:21.324 WARN kycontroller::kymux_controller::server - Kynet accept failed: connection error: Endpoint closed
2026-09-15T20:58:21.324 WARN kycontroller::kymux_controller::server - Kynet accept failed: connection error: Endpoint closed
2026-09-15T20:58:21.324 WARN kycontroller::kymux_controller::server - Kynet accept failed: connection error: Endpoint closed
2026-09-15T20:58:21.324 WARN kycontroller::kymux_controller::server - Kynet accept failed: connection error: Endpoint closed
2026-09-15T20:58:21.324 WARN kycontroller::kymux_controller::server - Kynet accept failed: connection error: Endpoint closed
2026-09-15T20:58:21.324 WARN kycontroller::kymux_controller::server - Kynet accept failed: connection error: Endpoint closed
2026-09-15T20:58:21.324 WARN kycontroller::kymux_controller::server - Kynet accept failed: connection error: Endpoint closed
2026-09-15T20:58:21.324 WARN kycontroller::kymux_controller::server - Kynet accept failed: connection error: Endpoint closed
2026-09-15T20:58:21.324 WARN kycontroller::kymux_controller::server - Kynet accept failed: connection error: Endpoint closed
2026-09-15T20:58:21.324 WARN kycontroller::kymux_controller::server - Kynet accept failed: connection error: Endpoint closed
2026-09-15T20:58:21.324 WARN kycontroller::kymux_controller::server - Kynet accept failed: connection error: Endpoint closed
2026-09-15T20:58:21.324 WARN kycontroller::kymux_controller::server - Kynet accept failed: connection error: Endpoint closed
2026-09-15T20:58:21.324 WARN kycontroller::kymux_controller::server - Kynet accept failed: connection error: Endpoint closed
2026-09-15T20:58:21.324 WARN kycontroller::kymux_controller::server - Kynet accept failed: connection error: Endpoint closed
2026-09-15T20:58:21.324 WARN kycontroller::kymux_controller::server - Kynet accept failed: connection error: Endpoint closed
2026-09-15T20:58:21.324 WARN kycontroller::kymux_controller::server - Kynet accept failed: connection error: Endpoint closed
2026-09-15T20:58:21.324 WARN kycontroller::kymux_controller::server - Kynet accept failed: connection error: Endpoint closed
2026-09-15T20:58:21.324 WARN kycontroller::kymux_controller::server - Kynet accept failed: connection error: Endpoint closed
2026-09-15T20:58:21.324 WARN kycontroller::kymux_controller::server - Kynet accept failed: connection error: Endpoint closed
2026-09-15T20:58:21.324 WARN kycontroller::kymux_controller::server - Kynet accept failed: connection error: Endpoint closed
2026-09-15T20:58:21.324 WARN kycontroller::kymux_controller::server - Kynet accept failed: connection error: Endpoint closed
2026-09-15T20:58:21.324 WARN kycontroller::kymux_controller::server - Kynet accept failed: connection error: Endpoint closed
2026-09-15T20:58:21.324 WARN kycontroller::kymux_controller::server - Kynet accept failed: connection error: Endpoint closed
2026-09-15T20:58:21.324 WARN kycontroller::kymux_controller::server - Kynet accept failed: connection error: Endpoint closed
2026-09-15T20:58:21.324 WARN kycontroller::kymux_controller::server - Kynet accept failed: connection error: Endpoint closed
2026-09-15T20:58:21.324 WARN kycontroller::kymux_controller::server - Kynet accept failed: connection error: Endpoint closed
2026-09-15T20:58:21.324 WARN kycontroller::kymux_controller::server - Kynet accept failed: connection error: Endpoint closed
2026-09-15T20:58:21.324 WARN kycontroller::kymux_controller::server - Kynet accept failed: connection error: Endpoint closed
2026-09-15T20:58:21.324 WARN kycontroller::kymux_controller::server - Kynet accept failed: connection error: Endpoint closed
2026-09-15T20:58:21.324 WARN kycontroller::kymux_controller::server - Kynet accept failed: connection error: Endpoint closed
2026-09-15T20:58:21.324 WARN kycontroller::kymux_controller::server - Kynet accept failed: connection error: Endpoint closed
2026-09-15T20:58:21.324 WARN kycontroller::kymux_controller::server - Kynet accept failed: connection error: Endpoint closed
2026-09-15T20:58:21.324 WARN kycontroller::kymux_controller::server - Kynet accept failed: connection error: Endpoint closed
2026-09-15T20:58:21.324 WARN kycontroller::kymux_controller::server - Kynet accept failed: connection error: Endpoint closed
2026-09-15T20:58:21.324 WARN kycontroller::kymux_controller::server - Kynet accept failed: connection error: Endpoint closed
2026-09-15T20:58:21.324 WARN kycontroller::kymux_controller::server - Kynet accept failed: connection error: Endpoint closed
2026-09-15T20:58:21.324 WARN kycontroller::kymux_controller::server - Kynet accept failed: connection error: Endpoint closed
2026-09-15T20:58:21.324 WARN kycontroller::kymux_controller::server - Kynet accept failed: connection error: Endpoint closed
2026-09-15T20:58:21.324 WARN kycontroller::kymux_controller::server - Kynet accept failed: connection error: Endpoint closed
2026-09-15T20:58:21.324 WARN kycontroller::kymux_controller::server - Kynet accept failed: connection error: Endpoint closed
2026-09-15T20:58:21.324 WARN kycontroller::kymux_controller::server - Kynet accept failed: connection error: Endpoint closed
2026-09-15T20:58:21.324 WARN kycontroller::kymux_controller::server - Kynet accept failed: connection error: Endpoint closed
2026-09-15T20:58:21.324 WARN kycontroller::kymux_controller::server - Kynet accept failed: connection error: Endpoint closed
2026-09-15T20:58:21.324 WARN kycontroller::kymux_controller::server - Kynet accept failed: connection error: Endpoint closed
2026-09-15T20:58:21.324 WARN kycontroller::kymux_controller::server - Kynet accept failed: connection error: Endpoint closed
2026-09-15T20:58:21.324 WARN kycontroller::kymux_controller::server - Kynet accept failed: connection error: Endpoint closed
2026-09-15T20:58:21.324 WARN kycontroller::kymux_controller::server - Kynet accept failed: connection error: Endpoint closed
2026-09-15T20:58:21.324 WARN kycontroller::kymux_controller::server - Kynet accept failed: connection error: Endpoint closed
2026-09-15T20:58:21.324 WARN kycontroller::kymux_controller::server - Kynet accept failed: connection error: Endpoint closed
2026-09-15T20:58:21.324 WARN kycontroller::kymux_controller::server - Kynet accept failed: connection error: Endpoint closed
2026-09-15T20:58:21.324 WARN kycontroller::kymux_controller::server - Kynet accept failed: connection error: Endpoint closed
2026-09-15T20:58:21.324 WARN kycontroller::kymux_controller::server - Kynet accept failed: connection error: Endpoint closed
2026-09-15T20:58:21.324 WARN kycontroller::kymux_controller::server - Kynet accept failed: connection error: Endpoint closed
2026-09-15T20:58:21.324 WARN kycontroller::kymux_controller::server - Kynet accept failed: connection error: Endpoint closed
2026-09-15T20:58:21.324 WARN kycontroller::kymux_controller::server - Kynet accept failed: connection error: Endpoint closed
2026-09-15T20:58:21.324 WARN kycontroller::kymux_controller::server - Kynet accept failed: connection error: Endpoint closed
2026-09-15T20:58:21.324 WARN kycontroller::kymux_controller::server - Kynet accept failed: connection error: Endpoint closed
2026-09-15T20:58:21.324 WARN kycontroller::kymux_controller::server - Kynet accept failed: connection error: Endpoint closed
2026-09-15T20:58:21.324 WARN kycontroller::kymux_controller::server - Kynet accept failed: connection error: Endpoint closed
2026-09-15T20:58:21.324 WARN kycontroller::kymux_controller::server - Kynet accept failed: connection error: Endpoint closed
2026-09-15T20:58:21.324 WARN kycontroller::kymux_controller::server - Kynet accept failed: connection error: Endpoint closed
2026-09-15T20:58:21.324 WARN kycontroller::kymux_controller::server - Kynet accept failed: connection error: Endpoint closed
2026-09-15T20:58:21.324 WARN kycontroller::kymux_controller::server - Kynet accept failed: connection error: Endpoint closed
2026-09-15T20:58:21.324 WARN kycontroller::kymux_controller::server - Kynet accept failed: connection error: Endpoint closed
2026-09-15T20:58:21.324 WARN kycontroller::kymux_controller::server - Kynet accept failed: connection error: Endpoint closed
2026-09-15T20:58:21.324 WARN kycontroller::kymux_controller::server - Kynet accept failed: connection error: Endpoint closed
2026-09-15T20:58:21.324 WARN kycontroller::kymux_controller::server - Kynet accept failed: connection error: Endpoint closed
2026-09-15T20:58:21.324 WARN kycontroller::kymux_controller::server - Kynet accept failed: connection error: Endpoint closed
2026-09-15T20:58:21.324 WARN kycontroller::kymux_controller::server - Kynet accept failed: connection error: Endpoint closed
2026-09-15T20:58:21.324 WARN kycontroller::kymux_controller::server - Kynet accept failed: connection error: Endpoint closed
2026-09-15T20:58:21.324 WARN kycontroller::kymux_controller::server - Kynet accept failed: connection error: Endpoint closed
2026-09-15T20:58:21.324 WARN kycontroller::kymux_controller::server - Kynet accept failed: connection error: Endpoint closed
2026-09-15T20:58:21.324 WARN kycontroller::kymux_controller::server - Kynet accept failed: connection error: Endpoint closed
2026-09-15T20:58:21.324 WARN kycontroller::kymux_controller::server - Kynet accept failed: connection error: Endpoint closed
2026-09-15T20:58:21.324 WARN kycontroller::kymux_controller::server - Kynet accept failed: connection error: Endpoint closed
2026-09-15T20:58:21.324 WARN kycontroller::kymux_controller::server - Kynet accept failed: connection error: Endpoint closed
2026-09-15T20:58:21.324 WARN kycontroller::kymux_controller::server - Kynet accept failed: connection error: Endpoint closed
2026-09-15T20:58:21.324 WARN kycontroller::kymux_controller::server - Kynet accept failed: connection error: Endpoint closed
2026-09-15T20:58:21.324 WARN kycontroller::kymux_controller::server - Kynet accept failed: connection error: Endpoint closed
2026-09-15T20:58:21.324 WARN kycontroller::kymux_controller::server - Kynet accept failed: connection error: Endpoint closed
2026-09-15T20:58:21.324 WARN kycontroller::kymux_controller::server - Kynet accept failed: connection error: Endpoint closed
2026-09-15T20:58:21.324 WARN kycontroller::kymux_controller::server - Kynet accept failed: connection error: Endpoint closed
2026-09-15T20:58:21.324 WARN kycontroller::kymux_controller::server - Kynet accept failed: connection error: Endpoint closed
2026-09-15T20:58:21.324 WARN kycontroller::kymux_controller::server - Kynet accept failed: connection error: Endpoint closed
2026-09-15T20:58:21.324 WARN kycontroller::kymux_controller::server - Kynet accept failed: connection error: Endpoint closed
2026-09-15T20:58:21.324 WARN kycontroller::kymux_controller::server - Kynet accept failed: connection error: Endpoint closed
2026-09-15T20:58:21.324 WARN kycontroller::kymux_controller::server - Kynet accept failed: connection error: Endpoint closed
2026-09-15T20:58:21.324 WARN kycontroller::kymux_controller::server - Kynet accept failed: connection error: Endpoint closed
2026-09-15T20:58:21.324 WARN kycontroller::kymux_controller::server - Kynet accept failed: connection error: Endpoint closed
2026-09-15T20:58:21.324 WARN kycontroller::kymux_controller::server - Kynet accept failed: connection error: Endpoint closed
2026-09-15T20:58:21.324 WARN kycontroller::kymux_controller::server - Kynet accept failed: connection error: Endpoint closed
2026-09-15T20:58:21.324 WARN kycontroller::kymux_controller::server - Kynet accept failed: connection error: Endpoint closed
2026-09-15T20:58:21.324 WARN kycontroller::kymux_controller::server - Kynet accept failed: connection error: Endpoint closed
2026-09-15T20:58:21.324 WARN kycontroller::kymux_controller::server - Kynet accept failed: connection error: Endpoint closed
2026-09-15T20:58:21.324 WARN kycontroller::kymux_controller::server - Kynet accept failed: connection error: Endpoint closed
2026-09-15T20:58:21.324 WARN kycontroller::kymux_controller::server - Kynet accept failed: connection error: Endpoint closed
2026-09-15T20:58:21.325 WARN kycontroller::kymux_controller::server - Kynet accept failed: connection error: Endpoint closed
2026-09-15T20:58:21.325 WARN kycontroller::kymux_controller::server - Kynet accept failed: connection error: Endpoint closed
2026-09-15T20:58:21.325 WARN kycontroller::kymux_controller::server - Kynet accept failed: connection error: Endpoint closed
2026-09-15T20:58:21.325 WARN kycontroller::kymux_controller::server - Kynet accept failed: connection error: Endpoint closed
2026-09-15T20:58:21.325 WARN kycontroller::kymux_controller::server - Kynet accept failed: connection error: Endpoint closed
2026-09-15T20:58:21.325 WARN kycontroller::kymux_controller::server - Kynet accept failed: connection error: Endpoint closed
2026-09-15T20:58:21.325 WARN kycontroller::kymux_controller::server - Kynet accept failed: connection error: Endpoint closed
2026-09-15T20:58:21.325 WARN kycontroller::kymux_controller::server - Kynet accept failed: connection error: Endpoint closed
2026-09-15T20:58:21.325 WARN kycontroller::kymux_controller::server - Kynet accept failed: connection error: Endpoint closed
2026-09-15T20:58:21.325 WARN kycontroller::kymux_controller::server - Kynet accept failed: connection error: Endpoint closed
2026-09-15T20:58:21.325 WARN kycontroller::kymux_controller::server - Kynet accept failed: connection error: Endpoint closed
2026-09-15T20:58:21.325 WARN kycontroller::kymux_controller::server - Kynet accept failed: connection error: Endpoint closed
2026-09-15T20:58:21.325 WARN kycontroller::kymux_controller::server - Kynet accept failed: connection error: Endpoint closed
2026-09-15T20:58:21.325 WARN kycontroller::kymux_controller::server - Kynet accept failed: connection error: Endpoint closed
2026-09-15T20:58:21.325 WARN kycontroller::kymux_controller::server - Kynet accept failed: connection error: Endpoint closed
2026-09-15T20:58:21.325 WARN kycontroller::kymux_controller::server - Kynet accept failed: connection error: Endpoint closed
2026-09-15T20:58:21.325 WARN kycontroller::kymux_controller::server - Kynet accept failed: connection error: Endpoint closed
2026-09-15T20:58:21.325 WARN kycontroller::kymux_controller::server - Kynet accept failed: connection error: Endpoint closed
2026-09-15T20:58:21.325 WARN kycontroller::kymux_controller::server - Kynet accept failed: connection error: Endpoint closed
2026-09-15T20:58:21.325 WARN kycontroller::kymux_controller::server - Kynet accept failed: connection error: Endpoint closed
2026-09-15T20:58:21.325 WARN kycontroller::kymux_controller::server - Kynet accept failed: connection error: Endpoint closed
2026-09-15T20:58:21.325 WARN kycontroller::kymux_controller::server - Kynet accept failed: connection error: Endpoint closed
2026-09-15T20:58:21.325 WARN kycontroller::kymux_controller::server - Kynet accept failed: connection error: Endpoint closed
2026-09-15T20:58:21.325 WARN kycontroller::kymux_controller::server - Kynet accept failed: connection error: Endpoint closed
2026-09-15T20:58:21.325 WARN kycontroller::kymux_controller::server - Kynet accept failed: connection error: Endpoint closed
2026-09-15T20:58:21.325 WARN kycontroller::kymux_controller::server - Kynet accept failed: connection error: Endpoint closed
2026-09-15T20:58:21.325 WARN kycontroller::kymux_controller::server - Kynet accept failed: connection error: Endpoint closed
2026-09-15T20:58:21.325 WARN kycontroller::kymux_controller::server - Kynet accept failed: connection error: Endpoint closed
2026-09-15T20:58:21.325 WARN kycontroller::kymux_controller::server - Kynet accept failed: connection error: Endpoint closed
2026-09-15T20:58:21.325 WARN kycontroller::kymux_controller::server - Kynet accept failed: connection error: Endpoint closed
2026-09-15T20:58:21.325 WARN kycontroller::kymux_controller::server - Kynet accept failed: connection error: Endpoint closed
2026-09-15T20:58:21.325 WARN kycontroller::kymux_controller::server - Kynet accept failed: connection error: Endpoint closed
2026-09-15T20:58:21.325 WARN kycontroller::kymux_controller::server - Kynet accept failed: connection error: Endpoint closed
2026-09-15T20:58:21.325 WARN kycontroller::kymux_controller::server - Kynet accept failed: connection error: Endpoint closed
2026-09-15T20:58:21.325 WARN kycontroller::kymux_controller::server - Kynet accept failed: connection error: Endpoint closed
2026-09-15T20:58:21.325 WARN kycontroller::kymux_controller::server - Kynet accept failed: connection error: Endpoint closed
2026-09-15T20:58:21.325 WARN kycontroller::kymux_controller::server - Kynet accept failed: connection error: Endpoint closed
2026-09-15T20:58:21.325 WARN kycontroller::kymux_controller::server - Kynet accept failed: connection error: Endpoint closed
2026-09-15T20:58:21.325 WARN kycontroller::kymux_controller::server - Kynet accept failed: connection error: Endpoint closed
2026-09-15T20:58:21.325 WARN kycontroller::kymux_controller::server - Kynet accept failed: connection error: Endpoint closed
2026-09-15T20:58:21.325 WARN kycontroller::kymux_controller::server - Kynet accept failed: connection error: Endpoint closed
2026-09-15T20:58:21.325 WARN kycontroller::kymux_controller::server - Kynet accept failed: connection error: Endpoint closed
2026-09-15T20:58:21.325 WARN kycontroller::kymux_controller::server - Kynet accept failed: connection error: Endpoint closed
2026-09-15T20:58:21.325 WARN kycontroller::kymux_controller::server - Kynet accept failed: connection error: Endpoint closed
2026-09-15T20:58:21.325 WARN kycontroller::kymux_controller::server - Kynet accept failed: connection error: Endpoint closed
2026-09-15T20:58:21.325 WARN kycontroller::kymux_controller::server - Kynet accept failed: connection error: Endpoint closed
2026-09-15T20:58:21.325 WARN kycontroller::kymux_controller::server - Kynet accept failed: connection error: Endpoint closed
2026-09-15T20:58:21.325 WARN kycontroller::kymux_controller::server - Kynet accept failed: connection error: Endpoint closed
2026-09-15T20:58:21.325 WARN kycontroller::kymux_controller::server - Kynet accept failed: connection error: Endpoint closed
2026-09-15T20:58:21.325 WARN kycontroller::kymux_controller::server - Kynet accept failed: connection error: Endpoint closed
2026-09-15T20:58:21.325 WARN kycontroller::kymux_controller::server - Kynet accept failed: connection error: Endpoint closed
2026-09-15T20:58:21.325 WARN kycontroller::kymux_controller::server - Kynet accept failed: connection error: Endpoint closed
2026-09-15T20:58:21.325 WARN kycontroller::kymux_controller::server - Kynet accept failed: connection error: Endpoint closed
2026-09-15T20:58:21.325 WARN kycontroller::kymux_controller::server - Kynet accept failed: connection error: Endpoint closed
2026-09-15T20:58:21.325 WARN kycontroller::kymux_controller::server - Kynet accept failed: connection error: Endpoint closed
2026-09-15T20:58:21.325 WARN kycontroller::kymux_controller::server - Kynet accept failed: connection error: Endpoint closed
2026-09-15T20:58:21.325 WARN kycontroller::kymux_controller::server - Kynet accept failed: connection error: Endpoint closed
2026-09-15T20:58:21.325 WARN kycontroller::kymux_controller::server - Kynet accept failed: connection error: Endpoint closed
2026-09-15T20:58:21.325 WARN kycontroller::kymux_controller::server - Kynet accept failed: connection error: Endpoint closed
2026-09-15T20:58:21.325 WARN kycontroller::kymux_controller::server - Kynet accept failed: connection error: Endpoint closed
2026-09-15T20:58:21.325 WARN kycontroller::kymux_controller::server - Kynet accept failed: connection error: Endpoint closed
2026-09-15T20:58:21.325 WARN kycontroller::kymux_controller::server - Kynet accept failed: connection error: Endpoint closed
2026-09-15T20:58:21.325 WARN kycontroller::kymux_controller::server - Kynet accept failed: connection error: Endpoint closed
2026-09-15T20:58:21.325 WARN kycontroller::kymux_controller::server - Kynet accept failed: connection error: Endpoint closed
2026-09-15T20:58:21.325 WARN kycontroller::kymux_controller::server - Kynet accept failed: connection error: Endpoint closed
2026-09-15T20:58:21.325 WARN kycontroller::kymux_controller::server - Kynet accept failed: connection error: Endpoint closed
2026-09-15T20:58:21.325 WARN kycontroller::kymux_controller::server - Kynet accept failed: connection error: Endpoint closed
2026-09-15T20:58:21.325 WARN kycontroller::kymux_controller::server - Kynet accept failed: connection error: Endpoint closed
2026-09-15T20:58:21.325 WARN kycontroller::kymux_controller::server - Kynet accept failed: connection error: Endpoint closed
2026-09-15T20:58:21.325 WARN kycontroller::kymux_controller::server - Kynet accept failed: connection error: Endpoint closed
2026-09-15T20:58:21.325 WARN kycontroller::kymux_controller::server - Kynet accept failed: connection error: Endpoint closed
2026-09-15T20:58:21.325 WARN kycontroller::kymux_controller::server - Kynet accept failed: connection error: Endpoint closed
2026-09-15T20:58:21.325 WARN kycontroller::kymux_controller::server - Kynet accept failed: connection error: Endpoint closed
2026-09-15T20:58:21.325 WARN kycontroller::kymux_controller::server - Kynet accept failed: connection error: Endpoint closed
2026-09-15T20:58:21.325 WARN kycontroller::kymux_controller::server - Kynet accept failed: connection error: Endpoint closed
2026-09-15T20:58:21.325 WARN kycontroller::kymux_controller::server - Kynet accept failed: connection error: Endpoint closed
2026-09-15T20:58:21.325 WARN kycontroller::kymux_controller::server - Kynet accept failed: connection error: Endpoint closed
2026-09-15T20:58:21.325 WARN kycontroller::kymux_controller::server - Kynet accept failed: connection error: Endpoint closed
2026-09-15T20:58:21.325 WARN kycontroller::kymux_controller::server - Kynet accept failed: connection error: Endpoint closed
2026-09-15T20:58:21.325 WARN kycontroller::kymux_controller::server - Kynet accept failed: connection error: Endpoint closed
2026-09-15T20:58:21.325 WARN kycontroller::kymux_controller::server - Kynet accept failed: connection error: Endpoint closed
2026-09-15T20:58:21.325 WARN kycontroller::kymux_controller::server - Kynet accept failed: connection error: Endpoint closed
2026-09-15T20:58:21.325 WARN kycontroller::kymux_controller::server - Kynet accept failed: connection error: Endpoint closed
2026-09-15T20:58:21.325 WARN kycontroller::kymux_controller::server - Kynet accept failed: connection error: Endpoint closed
2026-09-15T20:58:21.325 WARN kycontroller::kymux_controller::server - Kynet accept failed: connection error: Endpoint closed
2026-09-15T20:58:21.325 WARN kycontroller::kymux_controller::server - Kynet accept failed: connection error: Endpoint closed
2026-09-15T20:58:21.325 WARN kycontroller::kymux_controller::server - Kynet accept failed: connection error: Endpoint closed
2026-09-15T20:58:21.325 WARN kycontroller::kymux_controller::server - Kynet accept failed: connection error: Endpoint closed
2026-09-15T20:58:21.325 WARN kycontroller::kymux_controller::server - Kynet accept failed: connection error: Endpoint closed
2026-09-15T20:58:21.325 WARN kycontroller::kymux_controller::server - Kynet accept failed: connection error: Endpoint closed
2026-09-15T20:58:21.325 WARN kycontroller::kymux_controller::server - Kynet accept failed: connection error: Endpoint closed
2026-09-15T20:58:21.325 WARN kycontroller::kymux_controller::server - Kynet accept failed: connection error: Endpoint closed
2026-09-15T20:58:21.325 WARN kycontroller::kymux_controller::server - Kynet accept failed: connection error: Endpoint closed
2026-09-15T20:58:21.325 WARN kycontroller::kymux_controller::server - Kynet accept failed: connection error: Endpoint closed
2026-09-15T20:58:21.325 WARN kycontroller::kymux_controller::server - Kynet accept failed: connection error: Endpoint closed
2026-09-15T20:58:21.325 WARN kycontroller::kymux_controller::server - Kynet accept failed: connection error: Endpoint closed
2026-09-15T20:58:21.325 WARN kycontroller::kymux_controller::server - Kynet accept failed: connection error: Endpoint closed
2026-09-15T20:58:21.325 WARN kycontroller::kymux_controller::server - Kynet accept failed: connection error: Endpoint closed
2026-09-15T20:58:21.325 WARN kycontroller::kymux_controller::server - Kynet accept failed: connection error: Endpoint closed
2026-09-15T20:58:21.325 WARN kycontroller::kymux_controller::server - Kynet accept failed: connection error: Endpoint closed
2026-09-15T20:58:21.325 WARN kycontroller::kymux_controller::server - Kynet accept failed: connection error: Endpoint closed
2026-09-15T20:58:21.325 WARN kycontroller::kymux_controller::server - Kynet accept failed: connection error: Endpoint closed
2026-09-15T20:58:21.325 WARN kycontroller::kymux_controller::server - Kynet accept failed: connection error: Endpoint closed
2026-09-15T20:58:21.325 WARN kycontroller::kymux_controller::server - Kynet accept failed: connection error: Endpoint closed
2026-09-15T20:58:21.325 WARN kycontroller::kymux_controller::server - Kynet accept failed: connection error: Endpoint closed
2026-09-15T20:58:21.325 WARN kycontroller::kymux_controller::server - Kynet accept failed: connection error: Endpoint closed
2026-09-15T20:58:21.325 WARN kycontroller::kymux_controller::server - Kynet accept failed: connection error: Endpoint closed
2026-09-15T20:58:21.325 WARN kycontroller::kymux_controller::server - Kynet accept failed: connection error: Endpoint closed
2026-09-15T20:58:21.325 WARN kycontroller::kymux_controller::server - Kynet accept failed: connection error: Endpoint closed
2026-09-15T20:58:21.325 WARN kycontroller::kymux_controller::server - Kynet accept failed: connection error: Endpoint closed
2026-09-15T20:58:21.325 WARN kycontroller::kymux_controller::server - Kynet accept failed: connection error: Endpoint closed
2026-09-15T20:58:21.325 WARN kycontroller::kymux_controller::server - Kynet accept failed: connection error: Endpoint closed
2026-09-15T20:58:21.326 WARN kycontroller::kymux_controller::server - Kynet accept failed: connection error: Endpoint closed
2026-09-15T20:58:21.326 WARN kycontroller::kymux_controller::server - Kynet accept failed: connection error: Endpoint closed
2026-09-15T20:58:21.326 WARN kycontroller::kymux_controller::server - Kynet accept failed: connection error: Endpoint closed
2026-09-15T20:58:21.326 WARN kycontroller::kymux_controller::server - Kynet accept failed: connection error: Endpoint closed
2026-09-15T20:58:21.326 WARN kycontroller::kymux_controller::server - Kynet accept failed: connection error: Endpoint closed
2026-09-15T20:58:21.326 WARN kycontroller::kymux_controller::server - Kynet accept failed: connection error: Endpoint closed
2026-09-15T20:58:21.326 WARN kycontroller::kymux_controller::server - Kynet accept failed: connection error: Endpoint closed
2026-09-15T20:58:21.326 WARN kycontroller::kymux_controller::server - Kynet accept failed: connection error: Endpoint closed
2026-09-15T20:58:21.326 WARN kycontroller::kymux_controller::server - Kynet accept failed: connection error: Endpoint closed
2026-09-15T20:58:21.326 WARN kycontroller::kymux_controller::server - Kynet accept failed: connection error: Endpoint closed
2026-09-15T20:58:21.326 WARN kycontroller::kymux_controller::server - Kynet accept failed: connection error: Endpoint closed
2026-09-15T20:58:21.326 WARN kycontroller::kymux_controller::server - Kynet accept failed: connection error: Endpoint closed
2026-09-15T20:58:21.326 WARN kycontroller::kymux_controller::server - Kynet accept failed: connection error: Endpoint closed
2026-09-15T20:58:21.326 WARN kycontroller::kymux_controller::server - Kynet accept failed: connection error: Endpoint closed
2026-09-15T20:58:21.326 WARN kycontroller::kymux_controller::server - Kynet accept failed: connection error: Endpoint closed
2026-09-15T20:58:21.326 WARN kycontroller::kymux_controller::server - Kynet accept failed: connection error: Endpoint closed
2026-09-15T20:58:21.326 WARN kycontroller::kymux_controller::server - Kynet accept failed: connection error: Endpoint closed
2026-09-15T20:58:21.326 WARN kycontroller::kymux_controller::server - Kynet accept failed: connection error: Endpoint closed
2026-09-15T20:58:21.326 WARN kycontroller::kymux_controller::server - Kynet accept failed: connection error: Endpoint closed
2026-09-15T20:58:21.326 WARN kycontroller::kymux_controller::server - Kynet accept failed: connection error: Endpoint closed
2026-09-15T20:58:21.326 WARN kycontroller::kymux_controller::server - Kynet accept failed: connection error: Endpoint closed
2026-09-15T20:58:21.326 WARN kycontroller::kymux_controller::server - Kynet accept failed: connection error: Endpoint closed
2026-09-15T20:58:21.326 WARN kycontroller::kymux_controller::server - Kynet accept failed: connection error: Endpoint closed
2026-09-15T20:58:21.326 WARN kycontroller::kymux_controller::server - Kynet accept failed: connection error: Endpoint closed
2026-09-15T20:58:21.326 WARN kycontroller::kymux_controller::server - Kynet accept failed: connection error: Endpoint closed
2026-09-15T20:58:21.326 WARN kycontroller::kymux_controller::server - Kynet accept failed: connection error: Endpoint closed
2026-09-15T20:58:21.326 WARN kycontroller::kymux_controller::server - Kynet accept failed: connection error: Endpoint closed
2026-09-15T20:58:21.326 WARN kycontroller::kymux_controller::server - Kynet accept failed: connection error: Endpoint closed
2026-09-15T20:58:21.326 WARN kycontroller::kymux_controller::server - Kynet accept failed: connection error: Endpoint closed
2026-09-15T20:58:21.326 WARN kycontroller::kymux_controller::server - Kynet accept failed: connection error: Endpoint closed
2026-09-15T20:58:21.326 WARN kycontroller::kymux_controller::server - Kynet accept failed: connection error: Endpoint closed
2026-09-15T20:58:21.326 WARN kycontroller::kymux_controller::server - Kynet accept failed: connection error: Endpoint closed
2026-09-15T20:58:21.326 WARN kycontroller::kymux_controller::server - Kynet accept failed: connection error: Endpoint closed
2026-09-15T20:58:21.326 WARN kycontroller::kymux_controller::server - Kynet accept failed: connection error: Endpoint closed
2026-09-15T20:58:21.326 WARN kycontroller::kymux_controller::server - Kynet accept failed: connection error: Endpoint closed
2026-09-15T20:58:21.326 WARN kycontroller::kymux_controller::server - Kynet accept failed: connection error: Endpoint closed
2026-09-15T20:58:21.326 WARN kycontroller::kymux_controller::server - Kynet accept failed: connection error: Endpoint closed
2026-09-15T20:58:21.326 WARN kycontroller::kymux_controller::server - Kynet accept failed: connection error: Endpoint closed
2026-09-15T20:58:21.326 WARN kycontroller::kymux_controller::server - Kynet accept failed: connection error: Endpoint closed
2026-09-15T20:58:21.326 WARN kycontroller::kymux_controller::server - Kynet accept failed: connection error: Endpoint closed
2026-09-15T20:58:21.326 WARN kycontroller::kymux_controller::server - Kynet accept failed: connection error: Endpoint closed
2026-09-15T20:58:21.326 WARN kycontroller::kymux_controller::server - Kynet accept failed: connection error: Endpoint closed
2026-09-15T20:58:21.326 WARN kycontroller::kymux_controller::server - Kynet accept failed: connection error: Endpoint closed
2026-09-15T20:58:21.326 WARN kycontroller::kymux_controller::server - Kynet accept failed: connection error: Endpoint closed
2026-09-15T20:58:21.326 WARN kycontroller::kymux_controller::server - Kynet accept failed: connection error: Endpoint closed
2026-09-15T20:58:21.326 WARN kycontroller::kymux_controller::server - Kynet accept failed: connection error: Endpoint closed
2026-09-15T20:58:21.326 WARN kycontroller::kymux_controller::server - Kynet accept failed: connection error: Endpoint closed
2026-09-15T20:58:21.326 WARN kycontroller::kymux_controller::server - Kynet accept failed: connection error: Endpoint closed
2026-09-15T20:58:21.326 WARN kycontroller::kymux_controller::server - Kynet accept failed: connection error: Endpoint closed
2026-09-15T20:58:21.326 WARN kycontroller::kymux_controller::server - Kynet accept failed: connection error: Endpoint closed
2026-09-15T20:58:21.326 WARN kycontroller::kymux_controller::server - Kynet accept failed: connection error: Endpoint closed
2026-09-15T20:58:21.326 WARN kycontroller::kymux_controller::server - Kynet accept failed: connection error: Endpoint closed
2026-09-15T20:58:21.326 WARN kycontroller::kymux_controller::server - Kynet accept failed: connection error: Endpoint closed
2026-09-15T20:58:21.326 WARN kycontroller::kymux_controller::server - Kynet accept failed: connection error: Endpoint closed
2026-09-15T20:58:21.326 WARN kycontroller::kymux_controller::server - Kynet accept failed: connection error: Endpoint closed
2026-09-15T20:58:21.326 WARN kycontroller::kymux_controller::server - Kynet accept failed: connection error: Endpoint closed
2026-09-15T20:58:21.326 WARN kycontroller::kymux_controller::server - Kynet accept failed: connection error: Endpoint closed
2026-09-15T20:58:21.326 WARN kycontroller::kymux_controller::server - Kynet accept failed: connection error: Endpoint closed
2026-09-15T20:58:21.326 WARN kycontroller::kymux_controller::server - Kynet accept failed: connection error: Endpoint closed
2026-09-15T20:58:21.326 WARN kycontroller::kymux_controller::server - Kynet accept failed: connection error: Endpoint closed
2026-09-15T20:58:21.326 WARN kycontroller::kymux_controller::server - Kynet accept failed: connection error: Endpoint closed
2026-09-15T20:58:21.326 WARN kycontroller::kymux_controller::server - Kynet accept failed: connection error: Endpoint closed
2026-09-15T20:58:21.326 WARN kycontroller::kymux_controller::server - Kynet accept failed: connection error: Endpoint closed
2026-09-15T20:58:21.326 WARN kycontroller::kymux_controller::server - Kynet accept failed: connection error: Endpoint closed
2026-09-15T20:58:21.326 WARN kycontroller::kymux_controller::server - Kynet accept failed: connection error: Endpoint closed
2026-09-15T20:58:21.326 WARN kycontroller::kymux_controller::server - Kynet accept failed: connection error: Endpoint closed
2026-09-15T20:58:21.326 WARN kycontroller::kymux_controller::server - Kynet accept failed: connection error: Endpoint closed
2026-09-15T20:58:21.326 WARN kycontroller::kymux_controller::server - Kynet accept failed: connection error: Endpoint closed
2026-09-15T20:58:21.326 WARN kycontroller::kymux_controller::server - Kynet accept failed: connection error: Endpoint closed
2026-09-15T20:58:21.326 WARN kycontroller::kymux_controller::server - Kynet accept failed: connection error: Endpoint closed
2026-09-15T20:58:21.326 WARN kycontroller::kymux_controller::server - Kynet accept failed: connection error: Endpoint closed
2026-09-15T20:58:21.326 WARN kycontroller::kymux_controller::server - Kynet accept failed: connection error: Endpoint closed
2026-09-15T20:58:21.326 WARN kycontroller::kymux_controller::server - Kynet accept failed: connection error: Endpoint closed
2026-09-15T20:58:21.326 WARN kycontroller::kymux_controller::server - Kynet accept failed: connection error: Endpoint closed
2026-09-15T20:58:21.326 WARN kycontroller::kymux_controller::server - Kynet accept failed: connection error: Endpoint closed
2026-09-15T20:58:21.326 WARN kycontroller::kymux_controller::server - Kynet accept failed: connection error: Endpoint closed
2026-09-15T20:58:21.326 WARN kycontroller::kymux_controller::server - Kynet accept failed: connection error: Endpoint closed
2026-09-15T20:58:21.326 WARN kycontroller::kymux_controller::server - Kynet accept failed: connection error: Endpoint closed
2026-09-15T20:58:21.326 WARN kycontroller::kymux_controller::server - Kynet accept failed: connection error: Endpoint closed
2026-09-15T20:58:21.326 WARN kycontroller::kymux_controller::server - Kynet accept failed: connection error: Endpoint closed
2026-09-15T20:58:21.326 WARN kycontroller::kymux_controller::server - Kynet accept failed: connection error: Endpoint closed
2026-09-15T20:58:21.326 WARN kycontroller::kymux_controller::server - Kynet accept failed: connection error: Endpoint closed
2026-09-15T20:58:21.326 WARN kycontroller::kymux_controller::server - Kynet accept failed: connection error: Endpoint closed
2026-09-15T20:58:21.326 WARN kycontroller::kymux_controller::server - Kynet accept failed: connection error: Endpoint closed
2026-09-15T20:58:21.326 WARN kycontroller::kymux_controller::server - Kynet accept failed: connection error: Endpoint closed
2026-09-15T20:58:21.326 WARN kycontroller::kymux_controller::server - Kynet accept failed: connection error: Endpoint closed
2026-09-15T20:58:21.326 WARN kycontroller::kymux_controller::server - Kynet accept failed: connection error: Endpoint closed
2026-09-15T20:58:21.326 WARN kycontroller::kymux_controller::server - Kynet accept failed: connection error: Endpoint closed
2026-09-15T20:58:21.326 WARN kycontroller::kymux_controller::server - Kynet accept failed: connection error: Endpoint closed
2026-09-15T20:58:21.326 WARN kycontroller::kymux_controller::server - Kynet accept failed: connection error: Endpoint closed
2026-09-15T20:58:21.326 WARN kycontroller::kymux_controller::server - Kynet accept failed: connection error: Endpoint closed
2026-09-15T20:58:21.326 WARN kycontroller::kymux_controller::server - Kynet accept failed: connection error: Endpoint closed
2026-09-15T20:58:21.326 WARN kycontroller::kymux_controller::server - Kynet accept failed: connection error: Endpoint closed
2026-09-15T20:58:21.326 WARN kycontroller::kymux_controller::server - Kynet accept failed: connection error: Endpoint closed
2026-09-15T20:58:21.326 WARN kycontroller::kymux_controller::server - Kynet accept failed: connection error: Endpoint closed
2026-09-15T20:58:21.326 WARN kycontroller::kymux_controller::server - Kynet accept failed: connection error: Endpoint closed
2026-09-15T20:58:21.326 WARN kycontroller::kymux_controller::server - Kynet accept failed: connection error: Endpoint closed
2026-09-15T20:58:21.326 WARN kycontroller::kymux_controller::server - Kynet accept failed: connection error: Endpoint closed
2026-09-15T20:58:21.326 WARN kycontroller::kymux_controller::server - Kynet accept failed: connection error: Endpoint closed
2026-09-15T20:58:21.326 WARN kycontroller::kymux_controller::server - Kynet accept failed: connection error: Endpoint closed
2026-09-15T20:58:21.326 WARN kycontroller::kymux_controller::server - Kynet accept failed: connection error: Endpoint closed
2026-09-15T20:58:21.326 WARN kycontroller::kymux_controller::server - Kynet accept failed: connection error: Endpoint closed
2026-09-15T20:58:21.326 WARN kycontroller::kymux_controller::server - Kynet accept failed: connection error: Endpoint closed
2026-09-15T20:58:21.326 WARN kycontroller::kymux_controller::server - Kynet accept failed: connection error: Endpoint closed
2026-09-15T20:58:21.326 WARN kycontroller::kymux_controller::server - Kynet accept failed: connection error: Endpoint closed
2026-09-15T20:58:21.326 WARN kycontroller::kymux_controller::server - Kynet accept failed: connection error: Endpoint closed
2026-09-15T20:58:21.326 WARN kycontroller::kymux_controller::server - Kynet accept failed: connection error: Endpoint closed
2026-09-15T20:58:21.326 WARN kycontroller::kymux_controller::server - Kynet accept failed: connection error: Endpoint closed
2026-09-15T20:58:21.326 WARN kycontroller::kymux_controller::server - Kynet accept failed: connection error: Endpoint closed
2026-09-15T20:58:21.326 WARN kycontroller::kymux_controller::server - Kynet accept failed: connection error: Endpoint closed
2026-09-15T20:58:21.326 WARN kycontroller::kymux_controller::server - Kynet accept failed: connection error: Endpoint closed
2026-09-15T20:58:21.326 WARN kycontroller::kymux_controller::server - Kynet accept failed: connection error: Endpoint closed
2026-09-15T20:58:21.326 WARN kycontroller::kymux_controller::server - Kynet accept failed: connection error: Endpoint closed
2026-09-15T20:58:21.326 WARN kycontroller::kymux_controller::server - Kynet accept failed: connection error: Endpoint closed
2026-09-15T20:58:21.326 WARN kycontroller::kymux_controller::server - Kynet accept failed: connection error: Endpoint closed
2026-09-15T20:58:21.326 WARN kycontroller::kymux_controller::server - Kynet accept failed: connection error: Endpoint closed
2026-09-15T20:58:21.326 WARN kycontroller::kymux_controller::server - Kynet accept failed: connection error: Endpoint closed
2026-09-15T20:58:21.327 WARN kycontroller::kymux_controller::server - Kynet accept failed: connection error: Endpoint closed
2026-09-15T20:58:21.327 WARN kycontroller::kymux_controller::server - Kynet accept failed: connection error: Endpoint closed
2026-09-15T20:58:21.327 WARN kycontroller::kymux_controller::server - Kynet accept failed: connection error: Endpoint closed
2026-09-15T20:58:21.327 WARN kycontroller::kymux_controller::server - Kynet accept failed: connection error: Endpoint closed
2026-09-15T20:58:21.327 WARN kycontroller::kymux_controller::server - Kynet accept failed: connection error: Endpoint closed
2026-09-15T20:58:21.327 WARN kycontroller::kymux_controller::server - Kynet accept failed: connection error: Endpoint closed
2026-09-15T20:58:21.327 WARN kycontroller::kymux_controller::server - Kynet accept failed: connection error: Endpoint closed
2026-09-15T20:58:21.327 WARN kycontroller::kymux_controller::server - Kynet accept failed: connection error: Endpoint closed
2026-09-15T20:58:21.327 WARN kycontroller::kymux_controller::server - Kynet accept failed: connection error: Endpoint closed
2026-09-15T20:58:21.327 WARN kycontroller::kymux_controller::server - Kynet accept failed: connection error: Endpoint closed
2026-09-15T20:58:21.327 WARN kycontroller::kymux_controller::server - Kynet accept failed: connection error: Endpoint closed
2026-09-15T20:58:21.327 WARN kycontroller::kymux_controller::server - Kynet accept failed: connection error: Endpoint closed
2026-09-15T20:58:21.327 WARN kycontroller::kymux_controller::server - Kynet accept failed: connection error: Endpoint closed
2026-09-15T20:58:21.327 WARN kycontroller::kymux_controller::server - Kynet accept failed: connection error: Endpoint closed
2026-09-15T20:58:21.327 WARN kycontroller::kymux_controller::server - Kynet accept failed: connection error: Endpoint closed
2026-09-15T20:58:21.327 WARN kycontroller::kymux_controller::server - Kynet accept failed: connection error: Endpoint closed
2026-09-15T20:58:21.327 WARN kycontroller::kymux_controller::server - Kynet accept failed: connection error: Endpoint closed
2026-09-15T20:58:21.327 WARN kycontroller::kymux_controller::server - Kynet accept failed: connection error: Endpoint closed
2026-09-15T20:58:21.327 WARN kycontroller::kymux_controller::server - Kynet accept failed: connection error: Endpoint closed
2026-09-15T20:58:21.327 WARN kycontroller::kymux_controller::server - Kynet accept failed: connection error: Endpoint closed
2026-09-15T20:58:21.327 WARN kycontroller::kymux_controller::server - Kynet accept failed: connection error: Endpoint closed
2026-09-15T20:58:21.327 WARN kycontroller::kymux_controller::server - Kynet accept failed: connection error: Endpoint closed
2026-09-15T20:58:21.327 WARN kycontroller::kymux_controller::server - Kynet accept failed: connection error: Endpoint closed
2026-09-15T20:58:21.327 WARN kycontroller::kymux_controller::server - Kynet accept failed: connection error: Endpoint closed
2026-09-15T20:58:21.327 WARN kycontroller::kymux_controller::server - Kynet accept failed: connection error: Endpoint closed
2026-09-15T20:58:21.327 WARN kycontroller::kymux_controller::server - Kynet accept failed: connection error: Endpoint closed
2026-09-15T20:58:21.327 WARN kycontroller::kymux_controller::server - Kynet accept failed: connection error: Endpoint closed
2026-09-15T20:58:21.327 WARN kycontroller::kymux_controller::server - Kynet accept failed: connection error: Endpoint closed
2026-09-15T20:58:21.327 WARN kycontroller::kymux_controller::server - Kynet accept failed: connection error: Endpoint closed
2026-09-15T20:58:21.327 WARN kycontroller::kymux_controller::server - Kynet accept failed: connection error: Endpoint closed
2026-09-15T20:58:21.327 WARN kycontroller::kymux_controller::server - Kynet accept failed: connection error: Endpoint closed
2026-09-15T20:58:21.327 WARN kycontroller::kymux_controller::server - Kynet accept failed: connection error: Endpoint closed
2026-09-15T20:58:21.327 WARN kycontroller::kymux_controller::server - Kynet accept failed: connection error: Endpoint closed
2026-09-15T20:58:21.327 WARN kycontroller::kymux_controller::server - Kynet accept failed: connection error: Endpoint closed
2026-09-15T20:58:21.327 WARN kycontroller::kymux_controller::server - Kynet accept failed: connection error: Endpoint closed
2026-09-15T20:58:21.327 WARN kycontroller::kymux_controller::server - Kynet accept failed: connection error: Endpoint closed
2026-09-15T20:58:21.327 WARN kycontroller::kymux_controller::server - Kynet accept failed: connection error: Endpoint closed
2026-09-15T20:58:21.327 WARN kycontroller::kymux_controller::server - Kynet accept failed: connection error: Endpoint closed
2026-09-15T20:58:21.327 WARN kycontroller::kymux_controller::server - Kynet accept failed: connection error: Endpoint closed
2026-09-15T20:58:21.327 WARN kycontroller::kymux_controller::server - Kynet accept failed: connection error: Endpoint closed
2026-09-15T20:58:21.327 WARN kycontroller::kymux_controller::server - Kynet accept failed: connection error: Endpoint closed
2026-09-15T20:58:21.327 WARN kycontroller::kymux_controller::server - Kynet accept failed: connection error: Endpoint closed
2026-09-15T20:58:21.327 WARN kycontroller::kymux_controller::server - Kynet accept failed: connection error: Endpoint closed
2026-09-15T20:58:21.327 WARN kycontroller::kymux_controller::server - Kynet accept failed: connection error: Endpoint closed
2026-09-15T20:58:21.327 WARN kycontroller::kymux_controller::server - Kynet accept failed: connection error: Endpoint closed
2026-09-15T20:58:21.327 WARN kycontroller::kymux_controller::server - Kynet accept failed: connection error: Endpoint closed
2026-09-15T20:58:21.327 WARN kycontroller::kymux_controller::server - Kynet accept failed: connection error: Endpoint closed
2026-09-15T20:58:21.327 WARN kycontroller::kymux_controller::server - Kynet accept failed: connection error: Endpoint closed
2026-09-15T20:58:21.327 WARN kycontroller::kymux_controller::server - Kynet accept failed: connection error: Endpoint closed
2026-09-15T20:58:21.327 WARN kycontroller::kymux_controller::server - Kynet accept failed: connection error: Endpoint closed
2026-09-15T20:58:21.327 WARN kycontroller::kymux_controller::server - Kynet accept failed: connection error: Endpoint closed
2026-09-15T20:58:21.327 WARN kycontroller::kymux_controller::server - Kynet accept failed: connection error: Endpoint closed
2026-09-15T20:58:21.327 WARN kycontroller::kymux_controller::server - Kynet accept failed: connection error: Endpoint closed
2026-09-15T20:58:21.327 WARN kycontroller::kymux_controller::server - Kynet accept failed: connection error: Endpoint closed
2026-09-15T20:58:21.327 WARN kycontroller::kymux_controller::server - Kynet accept failed: connection error: Endpoint closed
2026-09-15T20:58:21.327 WARN kycontroller::kymux_controller::server - Kynet accept failed: connection error: Endpoint closed
2026-09-15T20:58:21.327 WARN kycontroller::kymux_controller::server - Kynet accept failed: connection error: Endpoint closed
2026-09-15T20:58:21.327 WARN kycontroller::kymux_controller::server - Kynet accept failed: connection error: Endpoint closed
2026-09-15T20:58:21.327 WARN kycontroller::kymux_controller::server - Kynet accept failed: connection error: Endpoint closed
2026-09-15T20:58:21.327 WARN kycontroller::kymux_controller::server - Kynet accept failed: connection error: Endpoint closed
2026-09-15T20:58:21.327 WARN kycontroller::kymux_controller::server - Kynet accept failed: connection error: Endpoint closed
2026-09-15T20:58:21.327 WARN kycontroller::kymux_controller::server - Kynet accept failed: connection error: Endpoint closed
2026-09-15T20:58:21.327 WARN kycontroller::kymux_controller::server - Kynet accept failed: connection error: Endpoint closed
2026-09-15T20:58:21.327 WARN kycontroller::kymux_controller::server - Kynet accept failed: connection error: Endpoint closed
2026-09-15T20:58:21.327 WARN kycontroller::kymux_controller::server - Kynet accept failed: connection error: Endpoint closed
2026-09-15T20:58:21.327 WARN kycontroller::kymux_controller::server - Kynet accept failed: connection error: Endpoint closed
2026-09-15T20:58:21.327 WARN kycontroller::kymux_controller::server - Kynet accept failed: connection error: Endpoint closed
2026-09-15T20:58:21.327 WARN kycontroller::kymux_controller::server - Kynet accept failed: connection error: Endpoint closed
2026-09-15T20:58:21.327 WARN kycontroller::kymux_controller::server - Kynet accept failed: connection error: Endpoint closed
2026-09-15T20:58:21.327 WARN kycontroller::kymux_controller::server - Kynet accept failed: connection error: Endpoint closed
2026-09-15T20:58:21.327 WARN kycontroller::kymux_controller::server - Kynet accept failed: connection error: Endpoint closed
2026-09-15T20:58:21.327 WARN kycontroller::kymux_controller::server - Kynet accept failed: connection error: Endpoint closed
2026-09-15T20:58:21.327 WARN kycontroller::kymux_controller::server - Kynet accept failed: connection error: Endpoint closed
2026-09-15T20:58:21.327 WARN kycontroller::kymux_controller::server - Kynet accept failed: connection error: Endpoint closed
2026-09-15T20:58:21.327 WARN kycontroller::kymux_controller::server - Kynet accept failed: connection error: Endpoint closed
2026-09-15T20:58:21.327 WARN kycontroller::kymux_controller::server - Kynet accept failed: connection error: Endpoint closed
2026-09-15T20:58:21.327 WARN kycontroller::kymux_controller::server - Kynet accept failed: connection error: Endpoint closed
2026-09-15T20:58:21.327 WARN kycontroller::kymux_controller::server - Kynet accept failed: connection error: Endpoint closed
2026-09-15T20:58:21.327 WARN kycontroller::kymux_controller::server - Kynet accept failed: connection error: Endpoint closed
2026-09-15T20:58:21.327 WARN kycontroller::kymux_controller::server - Kynet accept failed: connection error: Endpoint closed
2026-09-15T20:58:21.327 WARN kycontroller::kymux_controller::server - Kynet accept failed: connection error: Endpoint closed
2026-09-15T20:58:21.327 WARN kycontroller::kymux_controller::server - Kynet accept failed: connection error: Endpoint closed
2026-09-15T20:58:21.327 WARN kycontroller::kymux_controller::server - Kynet accept failed: connection error: Endpoint closed
2026-09-15T20:58:21.327 WARN kycontroller::kymux_controller::server - Kynet accept failed: connection error: Endpoint closed
2026-09-15T20:58:21.327 WARN kycontroller::kymux_controller::server - Kynet accept failed: connection error: Endpoint closed
2026-09-15T20:58:21.327 WARN kycontroller::kymux_controller::server - Kynet accept failed: connection error: Endpoint closed
2026-09-15T20:58:21.327 WARN kycontroller::kymux_controller::server - Kynet accept failed: connection error: Endpoint closed
2026-09-15T20:58:21.327 WARN kycontroller::kymux_controller::server - Kynet accept failed: connection error: Endpoint closed
2026-09-15T20:58:21.327 WARN kycontroller::kymux_controller::server - Kynet accept failed: connection error: Endpoint closed
2026-09-15T20:58:21.327 WARN kycontroller::kymux_controller::server - Kynet accept failed: connection error: Endpoint closed
2026-09-15T20:58:21.327 WARN kycontroller::kymux_controller::server - Kynet accept failed: connection error: Endpoint closed
2026-09-15T20:58:21.327 WARN kycontroller::kymux_controller::server - Kynet accept failed: connection error: Endpoint closed
2026-09-15T20:58:21.327 WARN kycontroller::kymux_controller::server - Kynet accept failed: connection error: Endpoint closed
2026-09-15T20:58:21.327 WARN kycontroller::kymux_controller::server - Kynet accept failed: connection error: Endpoint closed
2026-09-15T20:58:21.327 WARN kycontroller::kymux_controller::server - Kynet accept failed: connection error: Endpoint closed
2026-09-15T20:58:21.327 WARN kycontroller::kymux_controller::server - Kynet accept failed: connection error: Endpoint closed
2026-09-15T20:58:21.327 WARN kycontroller::kymux_controller::server - Kynet accept failed: connection error: Endpoint closed
2026-09-15T20:58:21.327 WARN kycontroller::kymux_controller::server - Kynet accept failed: connection error: Endpoint closed
2026-09-15T20:58:21.327 WARN kycontroller::kymux_controller::server - Kynet accept failed: connection error: Endpoint closed
2026-09-15T20:58:21.327 WARN kycontroller::kymux_controller::server - Kynet accept failed: connection error: Endpoint closed
2026-09-15T20:58:21.327 WARN kycontroller::kymux_controller::server - Kynet accept failed: connection error: Endpoint closed
2026-09-15T20:58:21.327 WARN kycontroller::kymux_controller::server - Kynet accept failed: connection error: Endpoint closed
2026-09-15T20:58:21.327 WARN kycontroller::kymux_controller::server - Kynet accept failed: connection error: Endpoint closed
2026-09-15T20:58:21.327 WARN kycontroller::kymux_controller::server - Kynet accept failed: connection error: Endpoint closed
2026-09-15T20:58:21.327 WARN kycontroller::kymux_controller::server - Kynet accept failed: connection error: Endpoint closed
2026-09-15T20:58:21.327 WARN kycontroller::kymux_controller::server - Kynet accept failed: connection error: Endpoint closed
2026-09-15T20:58:21.327 WARN kycontroller::kymux_controller::server - Kynet accept failed: connection error: Endpoint closed
2026-09-15T20:58:21.327 WARN kycontroller::kymux_controller::server - Kynet accept failed: connection error: Endpoint closed
2026-09-15T20:58:21.327 WARN kycontroller::kymux_controller::server - Kynet accept failed: connection error: Endpoint closed
2026-09-15T20:58:21.327 WARN kycontroller::kymux_controller::server - Kynet accept failed: connection error: Endpoint closed
2026-09-15T20:58:21.327 WARN kycontroller::kymux_controller::server - Kynet accept failed: connection error: Endpoint closed
2026-09-15T20:58:21.327 WARN kycontroller::kymux_controller::server - Kynet accept failed: connection error: Endpoint closed
2026-09-15T20:58:21.327 WARN kycontroller::kymux_controller::server - Kynet accept failed: connection error: Endpoint closed
2026-09-15T20:58:21.327 WARN kycontroller::kymux_controller::server - Kynet accept failed: connection error: Endpoint closed
2026-09-15T20:58:21.327 WARN kycontroller::kymux_controller::server - Kynet accept failed: connection error: Endpoint closed
2026-09-15T20:58:21.327 WARN kycontroller::kymux_controller::server - Kynet accept failed: connection error: Endpoint closed
2026-09-15T20:58:21.328 WARN kycontroller::kymux_controller::server - Kynet accept failed: connection error: Endpoint closed
2026-09-15T20:58:21.328 WARN kycontroller::kymux_controller::server - Kynet accept failed: connection error: Endpoint closed
2026-09-15T20:58:21.328 WARN kycontroller::kymux_controller::server - Kynet accept failed: connection error: Endpoint closed
2026-09-15T20:58:21.328 WARN kycontroller::kymux_controller::server - Kynet accept failed: connection error: Endpoint closed
2026-09-15T20:58:21.328 WARN kycontroller::kymux_controller::server - Kynet accept failed: connection error: Endpoint closed
2026-09-15T20:58:21.328 WARN kycontroller::kymux_controller::server - Kynet accept failed: connection error: Endpoint closed
2026-09-15T20:58:21.328 WARN kycontroller::kymux_controller::server - Kynet accept failed: connection error: Endpoint closed
2026-09-15T20:58:21.328 WARN kycontroller::kymux_controller::server - Kynet accept failed: connection error: Endpoint closed
2026-09-15T20:58:21.328 WARN kycontroller::kymux_controller::server - Kynet accept failed: connection error: Endpoint closed
2026-09-15T20:58:21.328 WARN kycontroller::kymux_controller::server - Kynet accept failed: connection error: Endpoint closed
2026-09-15T20:58:21.328 WARN kycontroller::kymux_controller::server - Kynet accept failed: connection error: Endpoint closed
2026-09-15T20:58:21.328 WARN kycontroller::kymux_controller::server - Kynet accept failed: connection error: Endpoint closed
2026-09-15T20:58:21.328 WARN kycontroller::kymux_controller::server - Kynet accept failed: connection error: Endpoint closed
2026-09-15T20:58:21.328 WARN kycontroller::kymux_controller::server - Kynet accept failed: connection error: Endpoint closed
2026-09-15T20:58:21.328 WARN kycontroller::kymux_controller::server - Kynet accept failed: connection error: Endpoint closed
2026-09-15T20:58:21.328 WARN kycontroller::kymux_controller::server - Kynet accept failed: connection error: Endpoint closed
2026-09-15T20:58:21.328 WARN kycontroller::kymux_controller::server - Kynet accept failed: connection error: Endpoint closed
2026-09-15T20:58:21.328 WARN kycontroller::kymux_controller::server - Kynet accept failed: connection error: Endpoint closed
2026-09-15T20:58:21.328 WARN kycontroller::kymux_controller::server - Kynet accept failed: connection error: Endpoint closed
2026-09-15T20:58:21.328 WARN kycontroller::kymux_controller::server - Kynet accept failed: connection error: Endpoint closed
2026-09-15T20:58:21.328 WARN kycontroller::kymux_controller::server - Kynet accept failed: connection error: Endpoint closed
2026-09-15T20:58:21.328 WARN kycontroller::kymux_controller::server - Kynet accept failed: connection error: Endpoint closed
2026-09-15T20:58:21.328 WARN kycontroller::kymux_controller::server - Kynet accept failed: connection error: Endpoint closed
2026-09-15T20:58:21.328 WARN kycontroller::kymux_controller::server - Kynet accept failed: connection error: Endpoint closed
2026-09-15T20:58:21.328 WARN kycontroller::kymux_controller::server - Kynet accept failed: connection error: Endpoint closed
2026-09-15T20:58:21.328 WARN kycontroller::kymux_controller::server - Kynet accept failed: connection error: Endpoint closed
2026-09-15T20:58:21.328 WARN kycontroller::kymux_controller::server - Kynet accept failed: connection error: Endpoint closed
2026-09-15T20:58:21.328 WARN kycontroller::kymux_controller::server - Kynet accept failed: connection error: Endpoint closed
2026-09-15T20:58:21.328 WARN kycontroller::kymux_controller::server - Kynet accept failed: connection error: Endpoint closed
2026-09-15T20:58:21.328 WARN kycontroller::kymux_controller::server - Kynet accept failed: connection error: Endpoint closed
2026-09-15T20:58:21.328 WARN kycontroller::kymux_controller::server - Kynet accept failed: connection error: Endpoint closed
2026-09-15T20:58:21.328 WARN kycontroller::kymux_controller::server - Kynet accept failed: connection error: Endpoint closed
2026-09-15T20:58:21.328 WARN kycontroller::kymux_controller::server - Kynet accept failed: connection error: Endpoint closed
2026-09-15T20:58:21.328 WARN kycontroller::kymux_controller::server - Kynet accept failed: connection error: Endpoint closed
2026-09-15T20:58:21.328 WARN kycontroller::kymux_controller::server - Kynet accept failed: connection error: Endpoint closed
2026-09-15T20:58:21.328 WARN kycontroller::kymux_controller::server - Kynet accept failed: connection error: Endpoint closed
2026-09-15T20:58:21.328 WARN kycontroller::kymux_controller::server - Kynet accept failed: connection error: Endpoint closed
2026-09-15T20:58:21.328 WARN kycontroller::kymux_controller::server - Kynet accept failed: connection error: Endpoint closed
2026-09-15T20:58:21.328 WARN kycontroller::kymux_controller::server - Kynet accept failed: connection error: Endpoint closed
2026-09-15T20:58:21.328 WARN kycontroller::kymux_controller::server - Kynet accept failed: connection error: Endpoint closed
2026-09-15T20:58:21.328 WARN kycontroller::kymux_controller::server - Kynet accept failed: connection error: Endpoint closed
2026-09-15T20:58:21.328 WARN kycontroller::kymux_controller::server - Kynet accept failed: connection error: Endpoint closed
2026-09-15T20:58:21.328 WARN kycontroller::kymux_controller::server - Kynet accept failed: connection error: Endpoint closed
2026-09-15T20:58:21.328 WARN kycontroller::kymux_controller::server - Kynet accept failed: connection error: Endpoint closed
2026-09-15T20:58:21.328 WARN kycontroller::kymux_controller::server - Kynet accept failed: connection error: Endpoint closed
2026-09-15T20:58:21.328 WARN kycontroller::kymux_controller::server - Kynet accept failed: connection error: Endpoint closed
2026-09-15T20:58:21.328 WARN kycontroller::kymux_controller::server - Kynet accept failed: connection error: Endpoint closed
2026-09-15T20:58:21.328 WARN kycontroller::kymux_controller::server - Kynet accept failed: connection error: Endpoint closed
2026-09-15T20:58:21.328 WARN kycontroller::kymux_controller::server - Kynet accept failed: connection error: Endpoint closed
2026-09-15T20:58:21.328 WARN kycontroller::kymux_controller::server - Kynet accept failed: connection error: Endpoint closed
2026-09-15T20:58:21.328 WARN kycontroller::kymux_controller::server - Kynet accept failed: connection error: Endpoint closed
2026-09-15T20:58:21.328 WARN kycontroller::kymux_controller::server - Kynet accept failed: connection error: Endpoint closed
2026-09-15T20:58:21.328 WARN kycontroller::kymux_controller::server - Kynet accept failed: connection error: Endpoint closed
2026-09-15T20:58:21.328 WARN kycontroller::kymux_controller::server - Kynet accept failed: connection error: Endpoint closed
2026-09-15T20:58:21.328 WARN kycontroller::kymux_controller::server - Kynet accept failed: connection error: Endpoint closed
2026-09-15T20:58:21.328 WARN kycontroller::kymux_controller::server - Kynet accept failed: connection error: Endpoint closed
2026-09-15T20:58:21.328 WARN kycontroller::kymux_controller::server - Kynet accept failed: connection error: Endpoint closed
2026-09-15T20:58:21.328 WARN kycontroller::kymux_controller::server - Kynet accept failed: connection error: Endpoint closed
2026-09-15T20:58:21.328 WARN kycontroller::kymux_controller::server - Kynet accept failed: connection error: Endpoint closed
2026-09-15T20:58:21.328 WARN kycontroller::kymux_controller::server - Kynet accept failed: connection error: Endpoint closed
2026-09-15T20:58:21.328 WARN kycontroller::kymux_controller::server - Kynet accept failed: connection error: Endpoint closed
2026-09-15T20:58:21.328 WARN kycontroller::kymux_controller::server - Kynet accept failed: connection error: Endpoint closed
2026-09-15T20:58:21.328 WARN kycontroller::kymux_controller::server - Kynet accept failed: connection error: Endpoint closed
2026-09-15T20:58:21.328 WARN kycontroller::kymux_controller::server - Kynet accept failed: connection error: Endpoint closed
2026-09-15T20:58:21.328 WARN kycontroller::kymux_controller::server - Kynet accept failed: connection error: Endpoint closed
2026-09-15T20:58:21.328 WARN kycontroller::kymux_controller::server - Kynet accept failed: connection error: Endpoint closed
2026-09-15T20:58:21.328 WARN kycontroller::kymux_controller::server - Kynet accept failed: connection error: Endpoint closed
2026-09-15T20:58:21.328 WARN kycontroller::kymux_controller::server - Kynet accept failed: connection error: Endpoint closed
2026-09-15T20:58:21.328 WARN kycontroller::kymux_controller::server - Kynet accept failed: connection error: Endpoint closed
2026-09-15T20:58:21.328 WARN kycontroller::kymux_controller::server - Kynet accept failed: connection error: Endpoint closed
2026-09-15T20:58:21.328 WARN kycontroller::kymux_controller::server - Kynet accept failed: connection error: Endpoint closed
2026-09-15T20:58:21.328 WARN kycontroller::kymux_controller::server - Kynet accept failed: connection error: Endpoint closed
2026-09-15T20:58:21.328 WARN kycontroller::kymux_controller::server - Kynet accept failed: connection error: Endpoint closed
2026-09-15T20:58:21.328 WARN kycontroller::kymux_controller::server - Kynet accept failed: connection error: Endpoint closed
2026-09-15T20:58:21.328 WARN kycontroller::kymux_controller::server - Kynet accept failed: connection error: Endpoint closed
2026-09-15T20:58:21.328 WARN kycontroller::kymux_controller::server - Kynet accept failed: connection error: Endpoint closed
2026-09-15T20:58:21.328 WARN kycontroller::kymux_controller::server - Kynet accept failed: connection error: Endpoint closed
2026-09-15T20:58:21.328 WARN kycontroller::kymux_controller::server - Kynet accept failed: connection error: Endpoint closed
2026-09-15T20:58:21.328 WARN kycontroller::kymux_controller::server - Kynet accept failed: connection error: Endpoint closed
2026-09-15T20:58:21.328 WARN kycontroller::kymux_controller::server - Kynet accept failed: connection error: Endpoint closed
2026-09-15T20:58:21.328 WARN kycontroller::kymux_controller::server - Kynet accept failed: connection error: Endpoint closed
2026-09-15T20:58:21.328 WARN kycontroller::kymux_controller::server - Kynet accept failed: connection error: Endpoint closed
2026-09-15T20:58:21.328 WARN kycontroller::kymux_controller::server - Kynet accept failed: connection error: Endpoint closed
2026-09-15T20:58:21.328 WARN kycontroller::kymux_controller::server - Kynet accept failed: connection error: Endpoint closed
2026-09-15T20:58:21.328 WARN kycontroller::kymux_controller::server - Kynet accept failed: connection error: Endpoint closed
2026-09-15T20:58:21.328 WARN kycontroller::kymux_controller::server - Kynet accept failed: connection error: Endpoint closed
2026-09-15T20:58:21.328 WARN kycontroller::kymux_controller::server - Kynet accept failed: connection error: Endpoint closed
2026-09-15T20:58:21.328 WARN kycontroller::kymux_controller::server - Kynet accept failed: connection error: Endpoint closed
2026-09-15T20:58:21.328 WARN kycontroller::kymux_controller::server - Kynet accept failed: connection error: Endpoint closed
2026-09-15T20:58:21.328 WARN kycontroller::kymux_controller::server - Kynet accept failed: connection error: Endpoint closed
2026-09-15T20:58:21.328 WARN kycontroller::kymux_controller::server - Kynet accept failed: connection error: Endpoint closed
2026-09-15T20:58:21.328 WARN kycontroller::kymux_controller::server - Kynet accept failed: connection error: Endpoint closed
2026-09-15T20:58:21.328 WARN kycontroller::kymux_controller::server - Kynet accept failed: connection error: Endpoint closed
2026-09-15T20:58:21.328 WARN kycontroller::kymux_controller::server - Kynet accept failed: connection error: Endpoint closed
2026-09-15T20:58:21.328 WARN kycontroller::kymux_controller::server - Kynet accept failed: connection error: Endpoint closed
2026-09-15T20:58:21.328 WARN kycontroller::kymux_controller::server - Kynet accept failed: connection error: Endpoint closed
2026-09-15T20:58:21.328 WARN kycontroller::kymux_controller::server - Kynet accept failed: connection error: Endpoint closed
2026-09-15T20:58:21.328 WARN kycontroller::kymux_controller::server - Kynet accept failed: connection error: Endpoint closed
2026-09-15T20:58:21.328 WARN kycontroller::kymux_controller::server - Kynet accept failed: connection error: Endpoint closed
2026-09-15T20:58:21.328 WARN kycontroller::kymux_controller::server - Kynet accept failed: connection error: Endpoint closed
2026-09-15T20:58:21.328 WARN kycontroller::kymux_controller::server - Kynet accept failed: connection error: Endpoint closed
2026-09-15T20:58:21.328 WARN kycontroller::kymux_controller::server - Kynet accept failed: connection error: Endpoint closed
2026-09-15T20:58:21.328 WARN kycontroller::kymux_controller::server - Kynet accept failed: connection error: Endpoint closed
2026-09-15T20:58:21.328 WARN kycontroller::kymux_controller::server - Kynet accept failed: connection error: Endpoint closed
2026-09-15T20:58:21.328 WARN kycontroller::kymux_controller::server - Kynet accept failed: connection error: Endpoint closed
2026-09-15T20:58:21.328 WARN kycontroller::kymux_controller::server - Kynet accept failed: connection error: Endpoint closed
2026-09-15T20:58:21.328 WARN kycontroller::kymux_controller::server - Kynet accept failed: connection error: Endpoint closed
2026-09-15T20:58:21.328 WARN kycontroller::kymux_controller::server - Kynet accept failed: connection error: Endpoint closed
2026-09-15T20:58:21.328 WARN kycontroller::kymux_controller::server - Kynet accept failed: connection error: Endpoint closed
2026-09-15T20:58:21.329 WARN kycontroller::kymux_controller::server - Kynet accept failed: connection error: Endpoint closed
2026-09-15T20:58:21.329 WARN kycontroller::kymux_controller::server - Kynet accept failed: connection error: Endpoint closed
2026-09-15T20:58:21.329 WARN kycontroller::kymux_controller::server - Kynet accept failed: connection error: Endpoint closed
2026-09-15T20:58:21.329 WARN kycontroller::kymux_controller::server - Kynet accept failed: connection error: Endpoint closed
2026-09-15T20:58:21.329 WARN kycontroller::kymux_controller::server - Kynet accept failed: connection error: Endpoint closed
2026-09-15T20:58:21.329 WARN kycontroller::kymux_controller::server - Kynet accept failed: connection error: Endpoint closed
2026-09-15T20:58:21.329 WARN kycontroller::kymux_controller::server - Kynet accept failed: connection error: Endpoint closed
2026-09-15T20:58:21.329 WARN kycontroller::kymux_controller::server - Kynet accept failed: connection error: Endpoint closed
2026-09-15T20:58:21.329 WARN kycontroller::kymux_controller::server - Kynet accept failed: connection error: Endpoint closed
2026-09-15T20:58:21.329 WARN kycontroller::kymux_controller::server - Kynet accept failed: connection error: Endpoint closed
2026-09-15T20:58:21.329 WARN kycontroller::kymux_controller::server - Kynet accept failed: connection error: Endpoint closed
2026-09-15T20:58:21.329 WARN kycontroller::kymux_controller::server - Kynet accept failed: connection error: Endpoint closed
2026-09-15T20:58:21.329 WARN kycontroller::kymux_controller::server - Kynet accept failed: connection error: Endpoint closed
2026-09-15T20:58:21.329 WARN kycontroller::kymux_controller::server - Kynet accept failed: connection error: Endpoint closed
2026-09-15T20:58:21.329 WARN kycontroller::kymux_controller::server - Kynet accept failed: connection error: Endpoint closed
2026-09-15T20:58:21.329 WARN kycontroller::kymux_controller::server - Kynet accept failed: connection error: Endpoint closed
2026-09-15T20:58:21.329 WARN kycontroller::kymux_controller::server - Kynet accept failed: connection error: Endpoint closed
2026-09-15T20:58:21.329 WARN kycontroller::kymux_controller::server - Kynet accept failed: connection error: Endpoint closed
2026-09-15T20:58:21.329 WARN kycontroller::kymux_controller::server - Kynet accept failed: connection error: Endpoint closed
2026-09-15T20:58:21.329 WARN kycontroller::kymux_controller::server - Kynet accept failed: connection error: Endpoint closed
2026-09-15T20:58:21.329 WARN kycontroller::kymux_controller::server - Kynet accept failed: connection error: Endpoint closed
2026-09-15T20:58:21.329 WARN kycontroller::kymux_controller::server - Kynet accept failed: connection error: Endpoint closed
2026-09-15T20:58:21.329 WARN kycontroller::kymux_controller::server - Kynet accept failed: connection error: Endpoint closed
2026-09-15T20:58:21.329 WARN kycontroller::kymux_controller::server - Kynet accept failed: connection error: Endpoint closed
2026-09-15T20:58:21.329 WARN kycontroller::kymux_controller::server - Kynet accept failed: connection error: Endpoint closed
2026-09-15T20:58:21.329 WARN kycontroller::kymux_controller::server - Kynet accept failed: connection error: Endpoint closed
2026-09-15T20:58:21.329 WARN kycontroller::kymux_controller::server - Kynet accept failed: connection error: Endpoint closed
2026-09-15T20:58:21.329 WARN kycontroller::kymux_controller::server - Kynet accept failed: connection error: Endpoint closed
2026-09-15T20:58:21.329 WARN kycontroller::kymux_controller::server - Kynet accept failed: connection error: Endpoint closed
2026-09-15T20:58:21.329 WARN kycontroller::kymux_controller::server - Kynet accept failed: connection error: Endpoint closed
2026-09-15T20:58:21.329 WARN kycontroller::kymux_controller::server - Kynet accept failed: connection error: Endpoint closed
2026-09-15T20:58:21.329 WARN kycontroller::kymux_controller::server - Kynet accept failed: connection error: Endpoint closed
2026-09-15T20:58:21.329 WARN kycontroller::kymux_controller::server - Kynet accept failed: connection error: Endpoint closed
2026-09-15T20:58:21.329 WARN kycontroller::kymux_controller::server - Kynet accept failed: connection error: Endpoint closed
2026-09-15T20:58:21.329 WARN kycontroller::kymux_controller::server - Kynet accept failed: connection error: Endpoint closed
2026-09-15T20:58:21.329 WARN kycontroller::kymux_controller::server - Kynet accept failed: connection error: Endpoint closed
2026-09-15T20:58:21.329 WARN kycontroller::kymux_controller::server - Kynet accept failed: connection error: Endpoint closed
2026-09-15T20:58:21.329 WARN kycontroller::kymux_controller::server - Kynet accept failed: connection error: Endpoint closed
2026-09-15T20:58:21.329 WARN kycontroller::kymux_controller::server - Kynet accept failed: connection error: Endpoint closed
2026-09-15T20:58:21.329 WARN kycontroller::kymux_controller::server - Kynet accept failed: connection error: Endpoint closed
2026-09-15T20:58:21.329 WARN kycontroller::kymux_controller::server - Kynet accept failed: connection error: Endpoint closed
2026-09-15T20:58:21.329 WARN kycontroller::kymux_controller::server - Kynet accept failed: connection error: Endpoint closed
2026-09-15T20:58:21.329 WARN kycontroller::kymux_controller::server - Kynet accept failed: connection error: Endpoint closed
2026-09-15T20:58:21.329 WARN kycontroller::kymux_controller::server - Kynet accept failed: connection error: Endpoint closed
2026-09-15T20:58:21.329 WARN kycontroller::kymux_controller::server - Kynet accept failed: connection error: Endpoint closed
2026-09-15T20:58:21.329 WARN kycontroller::kymux_controller::server - Kynet accept failed: connection error: Endpoint closed
2026-09-15T20:58:21.329 WARN kycontroller::kymux_controller::server - Kynet accept failed: connection error: Endpoint closed
2026-09-15T20:58:21.329 WARN kycontroller::kymux_controller::server - Kynet accept failed: connection error: Endpoint closed
2026-09-15T20:58:21.329 WARN kycontroller::kymux_controller::server - Kynet accept failed: connection error: Endpoint closed
2026-09-15T20:58:21.329 WARN kycontroller::kymux_controller::server - Kynet accept failed: connection error: Endpoint closed
2026-09-15T20:58:21.329 WARN kycontroller::kymux_controller::server - Kynet accept failed: connection error: Endpoint closed
2026-09-15T20:58:21.329 WARN kycontroller::kymux_controller::server - Kynet accept failed: connection error: Endpoint closed
2026-09-15T20:58:21.329 WARN kycontroller::kymux_controller::server - Kynet accept failed: connection error: Endpoint closed
2026-09-15T20:58:21.329 WARN kycontroller::kymux_controller::server - Kynet accept failed: connection error: Endpoint closed
2026-09-15T20:58:21.329 WARN kycontroller::kymux_controller::server - Kynet accept failed: connection error: Endpoint closed
2026-09-15T20:58:21.329 WARN kycontroller::kymux_controller::server - Kynet accept failed: connection error: Endpoint closed
2026-09-15T20:58:21.329 WARN kycontroller::kymux_controller::server - Kynet accept failed: connection error: Endpoint closed
2026-09-15T20:58:21.329 WARN kycontroller::kymux_controller::server - Kynet accept failed: connection error: Endpoint closed
2026-09-15T20:58:21.329 WARN kycontroller::kymux_controller::server - Kynet accept failed: connection error: Endpoint closed
2026-09-15T20:58:21.329 WARN kycontroller::kymux_controller::server - Kynet accept failed: connection error: Endpoint closed
2026-09-15T20:58:21.329 WARN kycontroller::kymux_controller::server - Kynet accept failed: connection error: Endpoint closed
2026-09-15T20:58:21.329 WARN kycontroller::kymux_controller::server - Kynet accept failed: connection error: Endpoint closed
2026-09-15T20:58:21.329 WARN kycontroller::kymux_controller::server - Kynet accept failed: connection error: Endpoint closed
2026-09-15T20:58:21.329 WARN kycontroller::kymux_controller::server - Kynet accept failed: connection error: Endpoint closed
2026-09-15T20:58:21.329 WARN kycontroller::kymux_controller::server - Kynet accept failed: connection error: Endpoint closed
2026-09-15T20:58:21.329 WARN kycontroller::kymux_controller::server - Kynet accept failed: connection error: Endpoint closed
2026-09-15T20:58:21.329 WARN kycontroller::kymux_controller::server - Kynet accept failed: connection error: Endpoint closed
2026-09-15T20:58:21.329 WARN kycontroller::kymux_controller::server - Kynet accept failed: connection error: Endpoint closed
2026-09-15T20:58:21.329 WARN kycontroller::kymux_controller::server - Kynet accept failed: connection error: Endpoint closed
2026-09-15T20:58:21.329 WARN kycontroller::kymux_controller::server - Kynet accept failed: connection error: Endpoint closed
2026-09-15T20:58:21.329 WARN kycontroller::kymux_controller::server - Kynet accept failed: connection error: Endpoint closed
2026-09-15T20:58:21.329 WARN kycontroller::kymux_controller::server - Kynet accept failed: connection error: Endpoint closed
2026-09-15T20:58:21.329 WARN kycontroller::kymux_controller::server - Kynet accept failed: connection error: Endpoint closed
2026-09-15T20:58:21.329 WARN kycontroller::kymux_controller::server - Kynet accept failed: connection error: Endpoint closed
2026-09-15T20:58:21.329 WARN kycontroller::kymux_controller::server - Kynet accept failed: connection error: Endpoint closed
2026-09-15T20:58:21.329 WARN kycontroller::kymux_controller::server - Kynet accept failed: connection error: Endpoint closed
2026-09-15T20:58:21.329 WARN kycontroller::kymux_controller::server - Kynet accept failed: connection error: Endpoint closed
2026-09-15T20:58:21.329 WARN kycontroller::kymux_controller::server - Kynet accept failed: connection error: Endpoint closed
2026-09-15T20:58:21.329 WARN kycontroller::kymux_controller::server - Kynet accept failed: connection error: Endpoint closed
2026-09-15T20:58:21.329 WARN kycontroller::kymux_controller::server - Kynet accept failed: connection error: Endpoint closed
2026-09-15T20:58:21.329 WARN kycontroller::kymux_controller::server - Kynet accept failed: connection error: Endpoint closed
2026-09-15T20:58:21.329 WARN kycontroller::kymux_controller::server - Kynet accept failed: connection error: Endpoint closed
2026-09-15T20:58:21.329 WARN kycontroller::kymux_controller::server - Kynet accept failed: connection error: Endpoint closed
2026-09-15T20:58:21.329 WARN kycontroller::kymux_controller::server - Kynet accept failed: connection error: Endpoint closed
2026-09-15T20:58:21.329 WARN kycontroller::kymux_controller::server - Kynet accept failed: connection error: Endpoint closed
2026-09-15T20:58:21.329 WARN kycontroller::kymux_controller::server - Kynet accept failed: connection error: Endpoint closed
2026-09-15T20:58:21.329 WARN kycontroller::kymux_controller::server - Kynet accept failed: connection error: Endpoint closed
2026-09-15T20:58:21.329 WARN kycontroller::kymux_controller::server - Kynet accept failed: connection error: Endpoint closed
2026-09-15T20:58:21.329 WARN kycontroller::kymux_controller::server - Kynet accept failed: connection error: Endpoint closed
2026-09-15T20:58:21.329 WARN kycontroller::kymux_controller::server - Kynet accept failed: connection error: Endpoint closed
2026-09-15T20:58:21.329 WARN kycontroller::kymux_controller::server - Kynet accept failed: connection error: Endpoint closed
2026-09-15T20:58:21.329 WARN kycontroller::kymux_controller::server - Kynet accept failed: connection error: Endpoint closed
2026-09-15T20:58:21.329 WARN kycontroller::kymux_controller::server - Kynet accept failed: connection error: Endpoint closed
2026-09-15T20:58:21.329 WARN kycontroller::kymux_controller::server - Kynet accept failed: connection error: Endpoint closed
2026-09-15T20:58:21.329 WARN kycontroller::kymux_controller::server - Kynet accept failed: connection error: Endpoint closed
2026-09-15T20:58:21.329 WARN kycontroller::kymux_controller::server - Kynet accept failed: connection error: Endpoint closed
2026-09-15T20:58:21.329 WARN kycontroller::kymux_controller::server - Kynet accept failed: connection error: Endpoint closed
2026-09-15T20:58:21.329 WARN kycontroller::kymux_controller::server - Kynet accept failed: connection error: Endpoint closed
2026-09-15T20:58:21.329 WARN kycontroller::kymux_controller::server - Kynet accept failed: connection error: Endpoint closed
2026-09-15T20:58:21.329 WARN kycontroller::kymux_controller::server - Kynet accept failed: connection error: Endpoint closed
2026-09-15T20:58:21.329 WARN kycontroller::kymux_controller::server - Kynet accept failed: connection error: Endpoint closed
2026-09-15T20:58:21.329 WARN kycontroller::kymux_controller::server - Kynet accept failed: connection error: Endpoint closed
2026-09-15T20:58:21.329 WARN kycontroller::kymux_controller::server - Kynet accept failed: connection error: Endpoint closed
2026-09-15T20:58:21.329 WARN kycontroller::kymux_controller::server - Kynet accept failed: connection error: Endpoint closed
2026-09-15T20:58:21.329 WARN kycontroller::kymux_controller::server - Kynet accept failed: connection error: Endpoint closed
2026-09-15T20:58:21.329 WARN kycontroller::kymux_controller::server - Kynet accept failed: connection error: Endpoint closed
2026-09-15T20:58:21.329 WARN kycontroller::kymux_controller::server - Kynet accept failed: connection error: Endpoint closed
2026-09-15T20:58:21.329 WARN kycontroller::kymux_controller::server - Kynet accept failed: connection error: Endpoint closed
2026-09-15T20:58:21.330 WARN kycontroller::kymux_controller::server - Kynet accept failed: connection error: Endpoint closed
2026-09-15T20:58:21.330 WARN kycontroller::kymux_controller::server - Kynet accept failed: connection error: Endpoint closed
2026-09-15T20:58:21.330 WARN kycontroller::kymux_controller::server - Kynet accept failed: connection error: Endpoint closed
2026-09-15T20:58:21.330 WARN kycontroller::kymux_controller::server - Kynet accept failed: connection error: Endpoint closed
2026-09-15T20:58:21.330 WARN kycontroller::kymux_controller::server - Kynet accept failed: connection error: Endpoint closed
2026-09-15T20:58:21.330 WARN kycontroller::kymux_controller::server - Kynet accept failed: connection error: Endpoint closed
2026-09-15T20:58:21.330 WARN kycontroller::kymux_controller::server - Kynet accept failed: connection error: Endpoint closed
2026-09-15T20:58:21.330 WARN kycontroller::kymux_controller::server - Kynet accept failed: connection error: Endpoint closed
2026-09-15T20:58:21.330 WARN kycontroller::kymux_controller::server - Kynet accept failed: connection error: Endpoint closed
2026-09-15T20:58:21.330 WARN kycontroller::kymux_controller::server - Kynet accept failed: connection error: Endpoint closed
2026-09-15T20:58:21.330 WARN kycontroller::kymux_controller::server - Kynet accept failed: connection error: Endpoint closed
2026-09-15T20:58:21.330 WARN kycontroller::kymux_controller::server - Kynet accept failed: connection error: Endpoint closed
2026-09-15T20:58:21.330 WARN kycontroller::kymux_controller::server - Kynet accept failed: connection error: Endpoint closed
2026-09-15T20:58:21.330 WARN kycontroller::kymux_controller::server - Kynet accept failed: connection error: Endpoint closed
2026-09-15T20:58:21.330 WARN kycontroller::kymux_controller::server - Kynet accept failed: connection error: Endpoint closed
2026-09-15T20:58:21.330 WARN kycontroller::kymux_controller::server - Kynet accept failed: connection error: Endpoint closed
2026-09-15T20:58:21.330 WARN kycontroller::kymux_controller::server - Kynet accept failed: connection error: Endpoint closed
2026-09-15T20:58:21.330 WARN kycontroller::kymux_controller::server - Kynet accept failed: connection error: Endpoint closed
2026-09-15T20:58:21.330 WARN kycontroller::kymux_controller::server - Kynet accept failed: connection error: Endpoint closed
2026-09-15T20:58:21.330 WARN kycontroller::kymux_controller::server - Kynet accept failed: connection error: Endpoint closed
2026-09-15T20:58:21.330 WARN kycontroller::kymux_controller::server - Kynet accept failed: connection error: Endpoint closed
2026-09-15T20:58:21.330 WARN kycontroller::kymux_controller::server - Kynet accept failed: connection error: Endpoint closed
2026-09-15T20:58:21.330 WARN kycontroller::kymux_controller::server - Kynet accept failed: connection error: Endpoint closed
2026-09-15T20:58:21.330 WARN kycontroller::kymux_controller::server - Kynet accept failed: connection error: Endpoint closed
2026-09-15T20:58:21.330 WARN kycontroller::kymux_controller::server - Kynet accept failed: connection error: Endpoint closed
2026-09-15T20:58:21.330 WARN kycontroller::kymux_controller::server - Kynet accept failed: connection error: Endpoint closed
2026-09-15T20:58:21.330 WARN kycontroller::kymux_controller::server - Kynet accept failed: connection error: Endpoint closed
2026-09-15T20:58:21.330 WARN kycontroller::kymux_controller::server - Kynet accept failed: connection error: Endpoint closed
2026-09-15T20:58:21.330 WARN kycontroller::kymux_controller::server - Kynet accept failed: connection error: Endpoint closed
2026-09-15T20:58:21.330 WARN kycontroller::kymux_controller::server - Kynet accept failed: connection error: Endpoint closed
2026-09-15T20:58:21.330 WARN kycontroller::kymux_controller::server - Kynet accept failed: connection error: Endpoint closed
2026-09-15T20:58:21.330 WARN kycontroller::kymux_controller::server - Kynet accept failed: connection error: Endpoint closed
2026-09-15T20:58:21.330 WARN kycontroller::kymux_controller::server - Kynet accept failed: connection error: Endpoint closed
2026-09-15T20:58:21.330 WARN kycontroller::kymux_controller::server - Kynet accept failed: connection error: Endpoint closed
2026-09-15T20:58:21.330 WARN kycontroller::kymux_controller::server - Kynet accept failed: connection error: Endpoint closed
2026-09-15T20:58:21.330 WARN kycontroller::kymux_controller::server - Kynet accept failed: connection error: Endpoint closed
2026-09-15T20:58:21.330 WARN kycontroller::kymux_controller::server - Kynet accept failed: connection error: Endpoint closed
2026-09-15T20:58:21.330 WARN kycontroller::kymux_controller::server - Kynet accept failed: connection error: Endpoint closed
2026-09-15T20:58:21.330 WARN kycontroller::kymux_controller::server - Kynet accept failed: connection error: Endpoint closed
2026-09-15T20:58:21.330 WARN kycontroller::kymux_controller::server - Kynet accept failed: connection error: Endpoint closed
2026-09-15T20:58:21.330 WARN kycontroller::kymux_controller::server - Kynet accept failed: connection error: Endpoint closed
2026-09-15T20:58:21.330 WARN kycontroller::kymux_controller::server - Kynet accept failed: connection error: Endpoint closed
2026-09-15T20:58:21.330 WARN kycontroller::kymux_controller::server - Kynet accept failed: connection error: Endpoint closed
2026-09-15T20:58:21.330 WARN kycontroller::kymux_controller::server - Kynet accept failed: connection error: Endpoint closed
2026-09-15T20:58:21.330 WARN kycontroller::kymux_controller::server - Kynet accept failed: connection error: Endpoint closed
2026-09-15T20:58:21.330 WARN kycontroller::kymux_controller::server - Kynet accept failed: connection error: Endpoint closed
2026-09-15T20:58:21.330 WARN kycontroller::kymux_controller::server - Kynet accept failed: connection error: Endpoint closed
2026-09-15T20:58:21.330 WARN kycontroller::kymux_controller::server - Kynet accept failed: connection error: Endpoint closed
2026-09-15T20:58:21.330 WARN kycontroller::kymux_controller::server - Kynet accept failed: connection error: Endpoint closed
2026-09-15T20:58:21.330 WARN kycontroller::kymux_controller::server - Kynet accept failed: connection error: Endpoint closed
2026-09-15T20:58:21.330 WARN kycontroller::kymux_controller::server - Kynet accept failed: connection error: Endpoint closed
2026-09-15T20:58:21.330 WARN kycontroller::kymux_controller::server - Kynet accept failed: connection error: Endpoint closed
2026-09-15T20:58:21.330 WARN kycontroller::kymux_controller::server - Kynet accept failed: connection error: Endpoint closed
2026-09-15T20:58:21.330 WARN kycontroller::kymux_controller::server - Kynet accept failed: connection error: Endpoint closed
2026-09-15T20:58:21.330 WARN kycontroller::kymux_controller::server - Kynet accept failed: connection error: Endpoint closed
2026-09-15T20:58:21.330 WARN kycontroller::kymux_controller::server - Kynet accept failed: connection error: Endpoint closed
2026-09-15T20:58:21.330 WARN kycontroller::kymux_controller::server - Kynet accept failed: connection error: Endpoint closed
2026-09-15T20:58:21.330 WARN kycontroller::kymux_controller::server - Kynet accept failed: connection error: Endpoint closed
2026-09-15T20:58:21.330 WARN kycontroller::kymux_controller::server - Kynet accept failed: connection error: Endpoint closed
2026-09-15T20:58:21.330 WARN kycontroller::kymux_controller::server - Kynet accept failed: connection error: Endpoint closed
2026-09-15T20:58:21.330 WARN kycontroller::kymux_controller::server - Kynet accept failed: connection error: Endpoint closed
2026-09-15T20:58:21.330 WARN kycontroller::kymux_controller::server - Kynet accept failed: connection error: Endpoint closed
2026-09-15T20:58:21.330 WARN kycontroller::kymux_controller::server - Kynet accept failed: connection error: Endpoint closed
2026-09-15T20:58:21.330 WARN kycontroller::kymux_controller::server - Kynet accept failed: connection error: Endpoint closed
2026-09-15T20:58:21.330 WARN kycontroller::kymux_controller::server - Kynet accept failed: connection error: Endpoint closed
2026-09-15T20:58:21.330 WARN kycontroller::kymux_controller::server - Kynet accept failed: connection error: Endpoint closed
2026-09-15T20:58:21.330 WARN kycontroller::kymux_controller::server - Kynet accept failed: connection error: Endpoint closed
2026-09-15T20:58:21.330 WARN kycontroller::kymux_controller::server - Kynet accept failed: connection error: Endpoint closed
2026-09-15T20:58:21.330 WARN kycontroller::kymux_controller::server - Kynet accept failed: connection error: Endpoint closed
2026-09-15T20:58:21.330 WARN kycontroller::kymux_controller::server - Kynet accept failed: connection error: Endpoint closed
2026-09-15T20:58:21.330 WARN kycontroller::kymux_controller::server - Kynet accept failed: connection error: Endpoint closed
2026-09-15T20:58:21.330 WARN kycontroller::kymux_controller::server - Kynet accept failed: connection error: Endpoint closed
2026-09-15T20:58:21.330 WARN kycontroller::kymux_controller::server - Kynet accept failed: connection error: Endpoint closed
2026-09-15T20:58:21.330 WARN kycontroller::kymux_controller::server - Kynet accept failed: connection error: Endpoint closed
2026-09-15T20:58:21.330 WARN kycontroller::kymux_controller::server - Kynet accept failed: connection error: Endpoint closed
2026-09-15T20:58:21.330 WARN kycontroller::kymux_controller::server - Kynet accept failed: connection error: Endpoint closed
2026-09-15T20:58:21.330 WARN kycontroller::kymux_controller::server - Kynet accept failed: connection error: Endpoint closed
2026-09-15T20:58:21.330 WARN kycontroller::kymux_controller::server - Kynet accept failed: connection error: Endpoint closed
2026-09-15T20:58:21.330 WARN kycontroller::kymux_controller::server - Kynet accept failed: connection error: Endpoint closed
2026-09-15T20:58:21.330 WARN kycontroller::kymux_controller::server - Kynet accept failed: connection error: Endpoint closed
2026-09-15T20:58:21.330 WARN kycontroller::kymux_controller::server - Kynet accept failed: connection error: Endpoint closed
2026-09-15T20:58:21.330 WARN kycontroller::kymux_controller::server - Kynet accept failed: connection error: Endpoint closed
2026-09-15T20:58:21.330 WARN kycontroller::kymux_controller::server - Kynet accept failed: connection error: Endpoint closed
2026-09-15T20:58:21.330 WARN kycontroller::kymux_controller::server - Kynet accept failed: connection error: Endpoint closed
2026-09-15T20:58:21.330 WARN kycontroller::kymux_controller::server - Kynet accept failed: connection error: Endpoint closed
2026-09-15T20:58:21.330 WARN kycontroller::kymux_controller::server - Kynet accept failed: connection error: Endpoint closed
2026-09-15T20:58:21.330 WARN kycontroller::kymux_controller::server - Kynet accept failed: connection error: Endpoint closed
2026-09-15T20:58:21.330 WARN kycontroller::kymux_controller::server - Kynet accept failed: connection error: Endpoint closed
2026-09-15T20:58:21.330 WARN kycontroller::kymux_controller::server - Kynet accept failed: connection error: Endpoint closed
2026-09-15T20:58:21.330 WARN kycontroller::kymux_controller::server - Kynet accept failed: connection error: Endpoint closed
2026-09-15T20:58:21.330 WARN kycontroller::kymux_controller::server - Kynet accept failed: connection error: Endpoint closed
2026-09-15T20:58:21.330 WARN kycontroller::kymux_controller::server - Kynet accept failed: connection error: Endpoint closed
2026-09-15T20:58:21.330 WARN kycontroller::kymux_controller::server - Kynet accept failed: connection error: Endpoint closed
2026-09-15T20:58:21.330 WARN kycontroller::kymux_controller::server - Kynet accept failed: connection error: Endpoint closed
2026-09-15T20:58:21.330 WARN kycontroller::kymux_controller::server - Kynet accept failed: connection error: Endpoint closed
2026-09-15T20:58:21.330 WARN kycontroller::kymux_controller::server - Kynet accept failed: connection error: Endpoint closed
2026-09-15T20:58:21.330 WARN kycontroller::kymux_controller::server - Kynet accept failed: connection error: Endpoint closed
2026-09-15T20:58:21.330 WARN kycontroller::kymux_controller::server - Kynet accept failed: connection error: Endpoint closed
2026-09-15T20:58:21.330 WARN kycontroller::kymux_controller::server - Kynet accept failed: connection error: Endpoint closed
2026-09-15T20:58:21.330 WARN kycontroller::kymux_controller::server - Kynet accept failed: connection error: Endpoint closed
2026-09-15T20:58:21.330 WARN kycontroller::kymux_controller::server - Kynet accept failed: connection error: Endpoint closed
2026-09-15T20:58:21.330 WARN kycontroller::kymux_controller::server - Kynet accept failed: connection error: Endpoint closed
2026-09-15T20:58:21.330 WARN kycontroller::kymux_controller::server - Kynet accept failed: connection error: Endpoint closed
2026-09-15T20:58:21.330 WARN kycontroller::kymux_controller::server - Kynet accept failed: connection error: Endpoint closed
2026-09-15T20:58:21.330 WARN kycontroller::kymux_controller::server - Kynet accept failed: connection error: Endpoint closed
2026-09-15T20:58:21.330 WARN kycontroller::kymux_controller::server - Kynet accept failed: connection error: Endpoint closed
2026-09-15T20:58:21.330 WARN kycontroller::kymux_controller::server - Kynet accept failed: connection error: Endpoint closed
2026-09-15T20:58:21.331 WARN kycontroller::kymux_controller::server - Kynet accept failed: connection error: Endpoint closed
2026-09-15T20:58:21.331 WARN kycontroller::kymux_controller::server - Kynet accept failed: connection error: Endpoint closed
2026-09-15T20:58:21.331 WARN kycontroller::kymux_controller::server - Kynet accept failed: connection error: Endpoint closed
2026-09-15T20:58:21.331 WARN kycontroller::kymux_controller::server - Kynet accept failed: connection error: Endpoint closed
2026-09-15T20:58:21.331 WARN kycontroller::kymux_controller::server - Kynet accept failed: connection error: Endpoint closed
2026-09-15T20:58:21.331 WARN kycontroller::kymux_controller::server - Kynet accept failed: connection error: Endpoint closed
2026-09-15T20:58:21.331 WARN kycontroller::kymux_controller::server - Kynet accept failed: connection error: Endpoint closed
2026-09-15T20:58:21.331 WARN kycontroller::kymux_controller::server - Kynet accept failed: connection error: Endpoint closed
2026-09-15T20:58:21.331 WARN kycontroller::kymux_controller::server - Kynet accept failed: connection error: Endpoint closed
2026-09-15T20:58:21.331 WARN kycontroller::kymux_controller::server - Kynet accept failed: connection error: Endpoint closed
2026-09-15T20:58:21.331 WARN kycontroller::kymux_controller::server - Kynet accept failed: connection error: Endpoint closed
2026-09-15T20:58:21.331 WARN kycontroller::kymux_controller::server - Kynet accept failed: connection error: Endpoint closed
2026-09-15T20:58:21.331 WARN kycontroller::kymux_controller::server - Kynet accept failed: connection error: Endpoint closed
2026-09-15T20:58:21.331 WARN kycontroller::kymux_controller::server - Kynet accept failed: connection error: Endpoint closed
2026-09-15T20:58:21.331 WARN kycontroller::kymux_controller::server - Kynet accept failed: connection error: Endpoint closed
2026-09-15T20:58:21.331 WARN kycontroller::kymux_controller::server - Kynet accept failed: connection error: Endpoint closed
2026-09-15T20:58:21.331 WARN kycontroller::kymux_controller::server - Kynet accept failed: connection error: Endpoint closed
2026-09-15T20:58:21.331 WARN kycontroller::kymux_controller::server - Kynet accept failed: connection error: Endpoint closed
2026-09-15T20:58:21.331 WARN kycontroller::kymux_controller::server - Kynet accept failed: connection error: Endpoint closed
2026-09-15T20:58:21.331 WARN kycontroller::kymux_controller::server - Kynet accept failed: connection error: Endpoint closed
2026-09-15T20:58:21.331 WARN kycontroller::kymux_controller::server - Kynet accept failed: connection error: Endpoint closed
2026-09-15T20:58:21.331 WARN kycontroller::kymux_controller::server - Kynet accept failed: connection error: Endpoint closed
2026-09-15T20:58:21.331 WARN kycontroller::kymux_controller::server - Kynet accept failed: connection error: Endpoint closed
2026-09-15T20:58:21.331 WARN kycontroller::kymux_controller::server - Kynet accept failed: connection error: Endpoint closed
2026-09-15T20:58:21.331 WARN kycontroller::kymux_controller::server - Kynet accept failed: connection error: Endpoint closed
2026-09-15T20:58:21.331 WARN kycontroller::kymux_controller::server - Kynet accept failed: connection error: Endpoint closed
2026-09-15T20:58:21.331 WARN kycontroller::kymux_controller::server - Kynet accept failed: connection error: Endpoint closed
2026-09-15T20:58:21.331 WARN kycontroller::kymux_controller::server - Kynet accept failed: connection error: Endpoint closed
2026-09-15T20:58:21.331 WARN kycontroller::kymux_controller::server - Kynet accept failed: connection error: Endpoint closed
2026-09-15T20:58:21.331 WARN kycontroller::kymux_controller::server - Kynet accept failed: connection error: Endpoint closed
2026-09-15T20:58:21.331 WARN kycontroller::kymux_controller::server - Kynet accept failed: connection error: Endpoint closed
2026-09-15T20:58:21.331 WARN kycontroller::kymux_controller::server - Kynet accept failed: connection error: Endpoint closed
2026-09-15T20:58:21.331 WARN kycontroller::kymux_controller::server - Kynet accept failed: connection error: Endpoint closed
2026-09-15T20:58:21.331 WARN kycontroller::kymux_controller::server - Kynet accept failed: connection error: Endpoint closed
2026-09-15T20:58:21.331 WARN kycontroller::kymux_controller::server - Kynet accept failed: connection error: Endpoint closed
2026-09-15T20:58:21.331 WARN kycontroller::kymux_controller::server - Kynet accept failed: connection error: Endpoint closed
2026-09-15T20:58:21.331 WARN kycontroller::kymux_controller::server - Kynet accept failed: connection error: Endpoint closed
2026-09-15T20:58:21.331 WARN kycontroller::kymux_controller::server - Kynet accept failed: connection error: Endpoint closed
2026-09-15T20:58:21.331 WARN kycontroller::kymux_controller::server - Kynet accept failed: connection error: Endpoint closed
2026-09-15T20:58:21.331 WARN kycontroller::kymux_controller::server - Kynet accept failed: connection error: Endpoint closed
2026-09-15T20:58:21.331 WARN kycontroller::kymux_controller::server - Kynet accept failed: connection error: Endpoint closed
2026-09-15T20:58:21.331 WARN kycontroller::kymux_controller::server - Kynet accept failed: connection error: Endpoint closed
2026-09-15T20:58:21.331 WARN kycontroller::kymux_controller::server - Kynet accept failed: connection error: Endpoint closed
2026-09-15T20:58:21.331 WARN kycontroller::kymux_controller::server - Kynet accept failed: connection error: Endpoint closed
2026-09-15T20:58:21.331 WARN kycontroller::kymux_controller::server - Kynet accept failed: connection error: Endpoint closed
2026-09-15T20:58:21.331 WARN kycontroller::kymux_controller::server - Kynet accept failed: connection error: Endpoint closed
2026-09-15T20:58:21.331 WARN kycontroller::kymux_controller::server - Kynet accept failed: connection error: Endpoint closed
2026-09-15T20:58:21.331 WARN kycontroller::kymux_controller::server - Kynet accept failed: connection error: Endpoint closed
2026-09-15T20:58:21.331 WARN kycontroller::kymux_controller::server - Kynet accept failed: connection error: Endpoint closed
2026-09-15T20:58:21.331 WARN kycontroller::kymux_controller::server - Kynet accept failed: connection error: Endpoint closed
2026-09-15T20:58:21.331 WARN kycontroller::kymux_controller::server - Kynet accept failed: connection error: Endpoint closed
2026-09-15T20:58:21.331 WARN kycontroller::kymux_controller::server - Kynet accept failed: connection error: Endpoint closed
2026-09-15T20:58:21.331 WARN kycontroller::kymux_controller::server - Kynet accept failed: connection error: Endpoint closed
2026-09-15T20:58:21.331 WARN kycontroller::kymux_controller::server - Kynet accept failed: connection error: Endpoint closed
2026-09-15T20:58:21.331 WARN kycontroller::kymux_controller::server - Kynet accept failed: connection error: Endpoint closed
2026-09-15T20:58:21.331 WARN kycontroller::kymux_controller::server - Kynet accept failed: connection error: Endpoint closed
2026-09-15T20:58:21.331 WARN kycontroller::kymux_controller::server - Kynet accept failed: connection error: Endpoint closed
2026-09-15T20:58:21.331 WARN kycontroller::kymux_controller::server - Kynet accept failed: connection error: Endpoint closed
2026-09-15T20:58:21.331 WARN kycontroller::kymux_controller::server - Kynet accept failed: connection error: Endpoint closed
2026-09-15T20:58:21.331 WARN kycontroller::kymux_controller::server - Kynet accept failed: connection error: Endpoint closed
2026-09-15T20:58:21.331 WARN kycontroller::kymux_controller::server - Kynet accept failed: connection error: Endpoint closed
2026-09-15T20:58:21.331 WARN kycontroller::kymux_controller::server - Kynet accept failed: connection error: Endpoint closed
2026-09-15T20:58:21.331 WARN kycontroller::kymux_controller::server - Kynet accept failed: connection error: Endpoint closed
2026-09-15T20:58:21.331 WARN kycontroller::kymux_controller::server - Kynet accept failed: connection error: Endpoint closed
2026-09-15T20:58:21.331 WARN kycontroller::kymux_controller::server - Kynet accept failed: connection error: Endpoint closed
2026-09-15T20:58:21.331 WARN kycontroller::kymux_controller::server - Kynet accept failed: connection error: Endpoint closed
2026-09-15T20:58:21.331 WARN kycontroller::kymux_controller::server - Kynet accept failed: connection error: Endpoint closed
2026-09-15T20:58:21.331 WARN kycontroller::kymux_controller::server - Kynet accept failed: connection error: Endpoint closed
2026-09-15T20:58:21.331 WARN kycontroller::kymux_controller::server - Kynet accept failed: connection error: Endpoint closed
2026-09-15T20:58:21.331 WARN kycontroller::kymux_controller::server - Kynet accept failed: connection error: Endpoint closed
2026-09-15T20:58:21.331 WARN kycontroller::kymux_controller::server - Kynet accept failed: connection error: Endpoint closed
2026-09-15T20:58:21.331 WARN kycontroller::kymux_controller::server - Kynet accept failed: connection error: Endpoint closed
2026-09-15T20:58:21.331 WARN kycontroller::kymux_controller::server - Kynet accept failed: connection error: Endpoint closed
2026-09-15T20:58:21.331 WARN kycontroller::kymux_controller::server - Kynet accept failed: connection error: Endpoint closed
2026-09-15T20:58:21.331 WARN kycontroller::kymux_controller::server - Kynet accept failed: connection error: Endpoint closed
2026-09-15T20:58:21.331 WARN kycontroller::kymux_controller::server - Kynet accept failed: connection error: Endpoint closed
2026-09-15T20:58:21.331 WARN kycontroller::kymux_controller::server - Kynet accept failed: connection error: Endpoint closed
2026-09-15T20:58:21.331 WARN kycontroller::kymux_controller::server - Kynet accept failed: connection error: Endpoint closed
2026-09-15T20:58:21.331 WARN kycontroller::kymux_controller::server - Kynet accept failed: connection error: Endpoint closed
2026-09-15T20:58:21.331 WARN kycontroller::kymux_controller::server - Kynet accept failed: connection error: Endpoint closed
2026-09-15T20:58:21.331 WARN kycontroller::kymux_controller::server - Kynet accept failed: connection error: Endpoint closed
2026-09-15T20:58:21.331 WARN kycontroller::kymux_controller::server - Kynet accept failed: connection error: Endpoint closed
2026-09-15T20:58:21.331 WARN kycontroller::kymux_controller::server - Kynet accept failed: connection error: Endpoint closed
2026-09-15T20:58:21.331 WARN kycontroller::kymux_controller::server - Kynet accept failed: connection error: Endpoint closed
2026-09-15T20:58:21.331 WARN kycontroller::kymux_controller::server - Kynet accept failed: connection error: Endpoint closed
2026-09-15T20:58:21.331 WARN kycontroller::kymux_controller::server - Kynet accept failed: connection error: Endpoint closed
2026-09-15T20:58:21.331 WARN kycontroller::kymux_controller::server - Kynet accept failed: connection error: Endpoint closed
2026-09-15T20:58:21.331 WARN kycontroller::kymux_controller::server - Kynet accept failed: connection error: Endpoint closed
2026-09-15T20:58:21.331 WARN kycontroller::kymux_controller::server - Kynet accept failed: connection error: Endpoint closed
2026-09-15T20:58:21.331 WARN kycontroller::kymux_controller::server - Kynet accept failed: connection error: Endpoint closed
2026-09-15T20:58:21.331 WARN kycontroller::kymux_controller::server - Kynet accept failed: connection error: Endpoint closed
2026-09-15T20:58:21.331 WARN kycontroller::kymux_controller::server - Kynet accept failed: connection error: Endpoint closed
2026-09-15T20:58:21.331 WARN kycontroller::kymux_controller::server - Kynet accept failed: connection error: Endpoint closed
2026-09-15T20:58:21.331 WARN kycontroller::kymux_controller::server - Kynet accept failed: connection error: Endpoint closed
2026-09-15T20:58:21.331 WARN kycontroller::kymux_controller::server - Kynet accept failed: connection error: Endpoint closed
2026-09-15T20:58:21.331 WARN kycontroller::kymux_controller::server - Kynet accept failed: connection error: Endpoint closed
2026-09-15T20:58:21.331 WARN kycontroller::kymux_controller::server - Kynet accept failed: connection error: Endpoint closed
2026-09-15T20:58:21.331 WARN kycontroller::kymux_controller::server - Kynet accept failed: connection error: Endpoint closed
2026-09-15T20:58:21.331 WARN kycontroller::kymux_controller::server - Kynet accept failed: connection error: Endpoint closed
2026-09-15T20:58:21.331 WARN kycontroller::kymux_controller::server - Kynet accept failed: connection error: Endpoint closed
2026-09-15T20:58:21.331 WARN kycontroller::kymux_controller::server - Kynet accept failed: connection error: Endpoint closed
2026-09-15T20:58:21.331 WARN kycontroller::kymux_controller::server - Kynet accept failed: connection error: Endpoint closed
2026-09-15T20:58:21.331 WARN kycontroller::kymux_controller::server - Kynet accept failed: connection error: Endpoint closed
2026-09-15T20:58:21.331 WARN kycontroller::kymux_controller::server - Kynet accept failed: connection error: Endpoint closed
2026-09-15T20:58:21.331 WARN kycontroller::kymux_controller::server - Kynet accept failed: connection error: Endpoint closed
2026-09-15T20:58:21.331 WARN kycontroller::kymux_controller::server - Kynet accept failed: connection error: Endpoint closed
2026-09-15T20:58:21.331 WARN kycontroller::kymux_controller::server - Kynet accept failed: connection error: Endpoint closed
2026-09-15T20:58:21.331 WARN kycontroller::kymux_controller::server - Kynet accept failed: connection error: Endpoint closed
2026-09-15T20:58:21.331 WARN kycontroller::kymux_controller::server - Kynet accept failed: connection error: Endpoint closed
2026-09-15T20:58:21.331 WARN kycontroller::kymux_controller::server - Kynet accept failed: connection error: Endpoint closed
2026-09-15T20:58:21.331 WARN kycontroller::kymux_controller::server - Kynet accept failed: connection error: Endpoint closed
2026-09-15T20:58:21.331 WARN kycontroller::kymux_controller::server - Kynet accept failed: connection error: Endpoint closed
2026-09-15T20:58:21.331 WARN kycontroller::kymux_controller::server - Kynet accept failed: connection error: Endpoint closed
2026-09-15T20:58:21.331 WARN kycontroller::kymux_controller::server - Kynet accept failed: connection error: Endpoint closed
2026-09-15T20:58:21.332 WARN kycontroller::kymux_controller::server - Kynet accept failed: connection error: Endpoint closed
2026-09-15T20:58:21.332 WARN kycontroller::kymux_controller::server - Kynet accept failed: connection error: Endpoint closed
2026-09-15T20:58:21.332 WARN kycontroller::kymux_controller::server - Kynet accept failed: connection error: Endpoint closed
2026-09-15T20:58:21.332 WARN kycontroller::kymux_controller::server - Kynet accept failed: connection error: Endpoint closed
2026-09-15T20:58:21.332 WARN kycontroller::kymux_controller::server - Kynet accept failed: connection error: Endpoint closed
2026-09-15T20:58:21.332 WARN kycontroller::kymux_controller::server - Kynet accept failed: connection error: Endpoint closed
2026-09-15T20:58:21.332 WARN kycontroller::kymux_controller::server - Kynet accept failed: connection error: Endpoint closed
2026-09-15T20:58:21.332 WARN kycontroller::kymux_controller::server - Kynet accept failed: connection error: Endpoint closed
2026-09-15T20:58:21.332 WARN kycontroller::kymux_controller::server - Kynet accept failed: connection error: Endpoint closed
2026-09-15T20:58:21.332 WARN kycontroller::kymux_controller::server - Kynet accept failed: connection error: Endpoint closed
2026-09-15T20:58:21.332 WARN kycontroller::kymux_controller::server - Kynet accept failed: connection error: Endpoint closed
2026-09-15T20:58:21.332 WARN kycontroller::kymux_controller::server - Kynet accept failed: connection error: Endpoint closed
2026-09-15T20:58:21.332 WARN kycontroller::kymux_controller::server - Kynet accept failed: connection error: Endpoint closed
2026-09-15T20:58:21.332 WARN kycontroller::kymux_controller::server - Kynet accept failed: connection error: Endpoint closed
2026-09-15T20:58:21.332 WARN kycontroller::kymux_controller::server - Kynet accept failed: connection error: Endpoint closed
2026-09-15T20:58:21.332 WARN kycontroller::kymux_controller::server - Kynet accept failed: connection error: Endpoint closed
2026-09-15T20:58:21.332 WARN kycontroller::kymux_controller::server - Kynet accept failed: connection error: Endpoint closed
2026-09-15T20:58:21.332 WARN kycontroller::kymux_controller::server - Kynet accept failed: connection error: Endpoint closed
2026-09-15T20:58:21.332 WARN kycontroller::kymux_controller::server - Kynet accept failed: connection error: Endpoint closed
2026-09-15T20:58:21.332 WARN kycontroller::kymux_controller::server - Kynet accept failed: connection error: Endpoint closed
2026-09-15T20:58:21.332 WARN kycontroller::kymux_controller::server - Kynet accept failed: connection error: Endpoint closed
2026-09-15T20:58:21.332 WARN kycontroller::kymux_controller::server - Kynet accept failed: connection error: Endpoint closed
2026-09-15T20:58:21.332 WARN kycontroller::kymux_controller::server - Kynet accept failed: connection error: Endpoint closed
2026-09-15T20:58:21.332 WARN kycontroller::kymux_controller::server - Kynet accept failed: connection error: Endpoint closed
2026-09-15T20:58:21.332 WARN kycontroller::kymux_controller::server - Kynet accept failed: connection error: Endpoint closed
2026-09-15T20:58:21.332 WARN kycontroller::kymux_controller::server - Kynet accept failed: connection error: Endpoint closed
2026-09-15T20:58:21.332 WARN kycontroller::kymux_controller::server - Kynet accept failed: connection error: Endpoint closed
2026-09-15T20:58:21.332 WARN kycontroller::kymux_controller::server - Kynet accept failed: connection error: Endpoint closed
2026-09-15T20:58:21.332 WARN kycontroller::kymux_controller::server - Kynet accept failed: connection error: Endpoint closed
2026-09-15T20:58:21.332 WARN kycontroller::kymux_controller::server - Kynet accept failed: connection error: Endpoint closed
2026-09-15T20:58:21.332 WARN kycontroller::kymux_controller::server - Kynet accept failed: connection error: Endpoint closed
2026-09-15T20:58:21.332 WARN kycontroller::kymux_controller::server - Kynet accept failed: connection error: Endpoint closed
2026-09-15T20:58:21.332 WARN kycontroller::kymux_controller::server - Kynet accept failed: connection error: Endpoint closed
2026-09-15T20:58:21.332 WARN kycontroller::kymux_controller::server - Kynet accept failed: connection error: Endpoint closed
2026-09-15T20:58:21.332 WARN kycontroller::kymux_controller::server - Kynet accept failed: connection error: Endpoint closed
2026-09-15T20:58:21.332 WARN kycontroller::kymux_controller::server - Kynet accept failed: connection error: Endpoint closed
2026-09-15T20:58:21.332 WARN kycontroller::kymux_controller::server - Kynet accept failed: connection error: Endpoint closed
2026-09-15T20:58:21.332 WARN kycontroller::kymux_controller::server - Kynet accept failed: connection error: Endpoint closed
2026-09-15T20:58:21.332 WARN kycontroller::kymux_controller::server - Kynet accept failed: connection error: Endpoint closed
2026-09-15T20:58:21.332 WARN kycontroller::kymux_controller::server - Kynet accept failed: connection error: Endpoint closed
2026-09-15T20:58:21.332 WARN kycontroller::kymux_controller::server - Kynet accept failed: connection error: Endpoint closed
2026-09-15T20:58:21.332 WARN kycontroller::kymux_controller::server - Kynet accept failed: connection error: Endpoint closed
2026-09-15T20:58:21.332 WARN kycontroller::kymux_controller::server - Kynet accept failed: connection error: Endpoint closed
2026-09-15T20:58:21.332 WARN kycontroller::kymux_controller::server - Kynet accept failed: connection error: Endpoint closed
2026-09-15T20:58:21.332 WARN kycontroller::kymux_controller::server - Kynet accept failed: connection error: Endpoint closed
2026-09-15T20:58:21.332 WARN kycontroller::kymux_controller::server - Kynet accept failed: connection error: Endpoint closed
2026-09-15T20:58:21.332 WARN kycontroller::kymux_controller::server - Kynet accept failed: connection error: Endpoint closed
2026-09-15T20:58:21.332 WARN kycontroller::kymux_controller::server - Kynet accept failed: connection error: Endpoint closed
2026-09-15T20:58:21.332 WARN kycontroller::kymux_controller::server - Kynet accept failed: connection error: Endpoint closed
2026-09-15T20:58:21.332 WARN kycontroller::kymux_controller::server - Kynet accept failed: connection error: Endpoint closed
2026-09-15T20:58:21.332 WARN kycontroller::kymux_controller::server - Kynet accept failed: connection error: Endpoint closed
2026-09-15T20:58:21.332 WARN kycontroller::kymux_controller::server - Kynet accept failed: connection error: Endpoint closed
2026-09-15T20:58:21.332 WARN kycontroller::kymux_controller::server - Kynet accept failed: connection error: Endpoint closed
2026-09-15T20:58:21.332 WARN kycontroller::kymux_controller::server - Kynet accept failed: connection error: Endpoint closed
2026-09-15T20:58:21.332 WARN kycontroller::kymux_controller::server - Kynet accept failed: connection error: Endpoint closed
2026-09-15T20:58:21.332 WARN kycontroller::kymux_controller::server - Kynet accept failed: connection error: Endpoint closed
2026-09-15T20:58:21.332 WARN kycontroller::kymux_controller::server - Kynet accept failed: connection error: Endpoint closed
2026-09-15T20:58:21.332 WARN kycontroller::kymux_controller::server - Kynet accept failed: connection error: Endpoint closed
2026-09-15T20:58:21.332 WARN kycontroller::kymux_controller::server - Kynet accept failed: connection error: Endpoint closed
2026-09-15T20:58:21.332 WARN kycontroller::kymux_controller::server - Kynet accept failed: connection error: Endpoint closed
2026-09-15T20:58:21.332 WARN kycontroller::kymux_controller::server - Kynet accept failed: connection error: Endpoint closed
2026-09-15T20:58:21.332 WARN kycontroller::kymux_controller::server - Kynet accept failed: connection error: Endpoint closed
2026-09-15T20:58:21.332 WARN kycontroller::kymux_controller::server - Kynet accept failed: connection error: Endpoint closed
2026-09-15T20:58:21.332 WARN kycontroller::kymux_controller::server - Kynet accept failed: connection error: Endpoint closed
2026-09-15T20:58:21.332 WARN kycontroller::kymux_controller::server - Kynet accept failed: connection error: Endpoint closed
2026-09-15T20:58:21.332 WARN kycontroller::kymux_controller::server - Kynet accept failed: connection error: Endpoint closed
2026-09-15T20:58:21.332 WARN kycontroller::kymux_controller::server - Kynet accept failed: connection error: Endpoint closed
2026-09-15T20:58:21.332 WARN kycontroller::kymux_controller::server - Kynet accept failed: connection error: Endpoint closed
2026-09-15T20:58:21.332 WARN kycontroller::kymux_controller::server - Kynet accept failed: connection error: Endpoint closed
2026-09-15T20:58:21.332 WARN kycontroller::kymux_controller::server - Kynet accept failed: connection error: Endpoint closed
2026-09-15T20:58:21.332 WARN kycontroller::kymux_controller::server - Kynet accept failed: connection error: Endpoint closed
2026-09-15T20:58:21.332 WARN kycontroller::kymux_controller::server - Kynet accept failed: connection error: Endpoint closed
2026-09-15T20:58:21.332 WARN kycontroller::kymux_controller::server - Kynet accept failed: connection error: Endpoint closed
2026-09-15T20:58:21.332 WARN kycontroller::kymux_controller::server - Kynet accept failed: connection error: Endpoint closed
2026-09-15T20:58:21.332 WARN kycontroller::kymux_controller::server - Kynet accept failed: connection error: Endpoint closed
2026-09-15T20:58:21.332 WARN kycontroller::kymux_controller::server - Kynet accept failed: connection error: Endpoint closed
2026-09-15T20:58:21.332 WARN kycontroller::kymux_controller::server - Kynet accept failed: connection error: Endpoint closed
2026-09-15T20:58:21.332 WARN kycontroller::kymux_controller::server - Kynet accept failed: connection error: Endpoint closed
2026-09-15T20:58:21.332 WARN kycontroller::kymux_controller::server - Kynet accept failed: connection error: Endpoint closed
2026-09-15T20:58:21.332 WARN kycontroller::kymux_controller::server - Kynet accept failed: connection error: Endpoint closed
2026-09-15T20:58:21.332 WARN kycontroller::kymux_controller::server - Kynet accept failed: connection error: Endpoint closed
2026-09-15T20:58:21.332 WARN kycontroller::kymux_controller::server - Kynet accept failed: connection error: Endpoint closed
2026-09-15T20:58:21.332 WARN kycontroller::kymux_controller::server - Kynet accept failed: connection error: Endpoint closed
2026-09-15T20:58:21.332 WARN kycontroller::kymux_controller::server - Kynet accept failed: connection error: Endpoint closed
2026-09-15T20:58:21.332 WARN kycontroller::kymux_controller::server - Kynet accept failed: connection error: Endpoint closed
2026-09-15T20:58:21.332 WARN kycontroller::kymux_controller::server - Kynet accept failed: connection error: Endpoint closed
2026-09-15T20:58:21.332 WARN kycontroller::kymux_controller::server - Kynet accept failed: connection error: Endpoint closed
2026-09-15T20:58:21.332 WARN kycontroller::kymux_controller::server - Kynet accept failed: connection error: Endpoint closed
2026-09-15T20:58:21.332 WARN kycontroller::kymux_controller::server - Kynet accept failed: connection error: Endpoint closed
2026-09-15T20:58:21.332 WARN kycontroller::kymux_controller::server - Kynet accept failed: connection error: Endpoint closed
2026-09-15T20:58:21.332 WARN kycontroller::kymux_controller::server - Kynet accept failed: connection error: Endpoint closed
2026-09-15T20:58:21.332 WARN kycontroller::kymux_controller::server - Kynet accept failed: connection error: Endpoint closed
2026-09-15T20:58:21.332 WARN kycontroller::kymux_controller::server - Kynet accept failed: connection error: Endpoint closed
2026-09-15T20:58:21.332 WARN kycontroller::kymux_controller::server - Kynet accept failed: connection error: Endpoint closed
2026-09-15T20:58:21.332 WARN kycontroller::kymux_controller::server - Kynet accept failed: connection error: Endpoint closed
2026-09-15T20:58:21.332 WARN kycontroller::kymux_controller::server - Kynet accept failed: connection error: Endpoint closed
2026-09-15T20:58:21.332 WARN kycontroller::kymux_controller::server - Kynet accept failed: connection error: Endpoint closed
2026-09-15T20:58:21.332 WARN kycontroller::kymux_controller::server - Kynet accept failed: connection error: Endpoint closed
2026-09-15T20:58:21.332 WARN kycontroller::kymux_controller::server - Kynet accept failed: connection error: Endpoint closed
2026-09-15T20:58:21.332 WARN kycontroller::kymux_controller::server - Kynet accept failed: connection error: Endpoint closed
2026-09-15T20:58:21.332 WARN kycontroller::kymux_controller::server - Kynet accept failed: connection error: Endpoint closed
2026-09-15T20:58:21.332 WARN kycontroller::kymux_controller::server - Kynet accept failed: connection error: Endpoint closed
2026-09-15T20:58:21.332 WARN kycontroller::kymux_controller::server - Kynet accept failed: connection error: Endpoint closed
2026-09-15T20:58:21.332 WARN kycontroller::kymux_controller::server - Kynet accept failed: connection error: Endpoint closed
2026-09-15T20:58:21.332 WARN kycontroller::kymux_controller::server - Kynet accept failed: connection error: Endpoint closed
2026-09-15T20:58:21.332 WARN kycontroller::kymux_controller::server - Kynet accept failed: connection error: Endpoint closed
2026-09-15T20:58:21.332 WARN kycontroller::kymux_controller::server - Kynet accept failed: connection error: Endpoint closed
2026-09-15T20:58:21.332 WARN kycontroller::kymux_controller::server - Kynet accept failed: connection error: Endpoint closed
2026-09-15T20:58:21.332 WARN kycontroller::kymux_controller::server - Kynet accept failed: connection error: Endpoint closed
2026-09-15T20:58:21.332 WARN kycontroller::kymux_controller::server - Kynet accept failed: connection error: Endpoint closed
2026-09-15T20:58:21.332 WARN kycontroller::kymux_controller::server - Kynet accept failed: connection error: Endpoint closed
2026-09-15T20:58:21.332 WARN kycontroller::kymux_controller::server - Kynet accept failed: connection error: Endpoint closed
2026-09-15T20:58:21.332 WARN kycontroller::kymux_controller::server - Kynet accept failed: connection error: Endpoint closed
2026-09-15T20:58:21.332 WARN kycontroller::kymux_controller::server - Kynet accept failed: connection error: Endpoint closed
2026-09-15T20:58:21.332 WARN kycontroller::kymux_controller::server - Kynet accept failed: connection error: Endpoint closed
2026-09-15T20:58:21.333 WARN kycontroller::kymux_controller::server - Kynet accept failed: connection error: Endpoint closed
2026-09-15T20:58:21.333 WARN kycontroller::kymux_controller::server - Kynet accept failed: connection error: Endpoint closed
2026-09-15T20:58:21.333 WARN kycontroller::kymux_controller::server - Kynet accept failed: connection error: Endpoint closed
2026-09-15T20:58:21.333 WARN kycontroller::kymux_controller::server - Kynet accept failed: connection error: Endpoint closed
2026-09-15T20:58:21.333 WARN kycontroller::kymux_controller::server - Kynet accept failed: connection error: Endpoint closed
2026-09-15T20:58:21.333 WARN kycontroller::kymux_controller::server - Kynet accept failed: connection error: Endpoint closed
2026-09-15T20:58:21.333 WARN kycontroller::kymux_controller::server - Kynet accept failed: connection error: Endpoint closed
2026-09-15T20:58:21.333 WARN kycontroller::kymux_controller::server - Kynet accept failed: connection error: Endpoint closed
2026-09-15T20:58:21.333 WARN kycontroller::kymux_controller::server - Kynet accept failed: connection error: Endpoint closed
2026-09-15T20:58:21.333 WARN kycontroller::kymux_controller::server - Kynet accept failed: connection error: Endpoint closed
2026-09-15T20:58:21.333 WARN kycontroller::kymux_controller::server - Kynet accept failed: connection error: Endpoint closed
2026-09-15T20:58:21.333 WARN kycontroller::kymux_controller::server - Kynet accept failed: connection error: Endpoint closed
2026-09-15T20:58:21.333 WARN kycontroller::kymux_controller::server - Kynet accept failed: connection error: Endpoint closed
2026-09-15T20:58:21.333 WARN kycontroller::kymux_controller::server - Kynet accept failed: connection error: Endpoint closed
2026-09-15T20:58:21.333 WARN kycontroller::kymux_controller::server - Kynet accept failed: connection error: Endpoint closed
2026-09-15T20:58:21.333 WARN kycontroller::kymux_controller::server - Kynet accept failed: connection error: Endpoint closed
2026-09-15T20:58:21.333 WARN kycontroller::kymux_controller::server - Kynet accept failed: connection error: Endpoint closed
2026-09-15T20:58:21.333 WARN kycontroller::kymux_controller::server - Kynet accept failed: connection error: Endpoint closed
2026-09-15T20:58:21.333 WARN kycontroller::kymux_controller::server - Kynet accept failed: connection error: Endpoint closed
2026-09-15T20:58:21.333 WARN kycontroller::kymux_controller::server - Kynet accept failed: connection error: Endpoint closed
2026-09-15T20:58:21.333 WARN kycontroller::kymux_controller::server - Kynet accept failed: connection error: Endpoint closed
2026-09-15T20:58:21.333 WARN kycontroller::kymux_controller::server - Kynet accept failed: connection error: Endpoint closed
2026-09-15T20:58:21.333 WARN kycontroller::kymux_controller::server - Kynet accept failed: connection error: Endpoint closed
2026-09-15T20:58:21.333 WARN kycontroller::kymux_controller::server - Kynet accept failed: connection error: Endpoint closed
2026-09-15T20:58:21.333 WARN kycontroller::kymux_controller::server - Kynet accept failed: connection error: Endpoint closed
2026-09-15T20:58:21.333 WARN kycontroller::kymux_controller::server - Kynet accept failed: connection error: Endpoint closed
2026-09-15T20:58:21.333 WARN kycontroller::kymux_controller::server - Kynet accept failed: connection error: Endpoint closed
2026-09-15T20:58:21.333 WARN kycontroller::kymux_controller::server - Kynet accept failed: connection error: Endpoint closed
2026-09-15T20:58:21.333 WARN kycontroller::kymux_controller::server - Kynet accept failed: connection error: Endpoint closed
2026-09-15T20:58:21.333 WARN kycontroller::kymux_controller::server - Kynet accept failed: connection error: Endpoint closed
2026-09-15T20:58:21.333 WARN kycontroller::kymux_controller::server - Kynet accept failed: connection error: Endpoint closed
2026-09-15T20:58:21.333 WARN kycontroller::kymux_controller::server - Kynet accept failed: connection error: Endpoint closed
2026-09-15T20:58:21.333 WARN kycontroller::kymux_controller::server - Kynet accept failed: connection error: Endpoint closed
2026-09-15T20:58:21.333 WARN kycontroller::kymux_controller::server - Kynet accept failed: connection error: Endpoint closed
2026-09-15T20:58:21.333 WARN kycontroller::kymux_controller::server - Kynet accept failed: connection error: Endpoint closed
2026-09-15T20:58:21.333 WARN kycontroller::kymux_controller::server - Kynet accept failed: connection error: Endpoint closed
2026-09-15T20:58:21.333 WARN kycontroller::kymux_controller::server - Kynet accept failed: connection error: Endpoint closed
2026-09-15T20:58:21.333 WARN kycontroller::kymux_controller::server - Kynet accept failed: connection error: Endpoint closed
2026-09-15T20:58:21.333 WARN kycontroller::kymux_controller::server - Kynet accept failed: connection error: Endpoint closed
2026-09-15T20:58:21.333 WARN kycontroller::kymux_controller::server - Kynet accept failed: connection error: Endpoint closed
2026-09-15T20:58:21.333 WARN kycontroller::kymux_controller::server - Kynet accept failed: connection error: Endpoint closed
2026-09-15T20:58:21.333 WARN kycontroller::kymux_controller::server - Kynet accept failed: connection error: Endpoint closed
2026-09-15T20:58:21.333 WARN kycontroller::kymux_controller::server - Kynet accept failed: connection error: Endpoint closed
2026-09-15T20:58:21.333 WARN kycontroller::kymux_controller::server - Kynet accept failed: connection error: Endpoint closed
2026-09-15T20:58:21.333 WARN kycontroller::kymux_controller::server - Kynet accept failed: connection error: Endpoint closed
2026-09-15T20:58:21.333 WARN kycontroller::kymux_controller::server - Kynet accept failed: connection error: Endpoint closed
2026-09-15T20:58:21.333 WARN kycontroller::kymux_controller::server - Kynet accept failed: connection error: Endpoint closed
2026-09-15T20:58:21.333 WARN kycontroller::kymux_controller::server - Kynet accept failed: connection error: Endpoint closed
2026-09-15T20:58:21.333 WARN kycontroller::kymux_controller::server - Kynet accept failed: connection error: Endpoint closed
2026-09-15T20:58:21.333 WARN kycontroller::kymux_controller::server - Kynet accept failed: connection error: Endpoint closed
2026-09-15T20:58:21.333 WARN kycontroller::kymux_controller::server - Kynet accept failed: connection error: Endpoint closed
2026-09-15T20:58:21.333 WARN kycontroller::kymux_controller::server - Kynet accept failed: connection error: Endpoint closed
2026-09-15T20:58:21.333 WARN kycontroller::kymux_controller::server - Kynet accept failed: connection error: Endpoint closed
2026-09-15T20:58:21.333 WARN kycontroller::kymux_controller::server - Kynet accept failed: connection error: Endpoint closed
2026-09-15T20:58:21.333 WARN kycontroller::kymux_controller::server - Kynet accept failed: connection error: Endpoint closed
2026-09-15T20:58:21.333 WARN kycontroller::kymux_controller::server - Kynet accept failed: connection error: Endpoint closed
2026-09-15T20:58:21.333 WARN kycontroller::kymux_controller::server - Kynet accept failed: connection error: Endpoint closed
2026-09-15T20:58:21.333 WARN kycontroller::kymux_controller::server - Kynet accept failed: connection error: Endpoint closed
2026-09-15T20:58:21.333 WARN kycontroller::kymux_controller::server - Kynet accept failed: connection error: Endpoint closed
2026-09-15T20:58:21.333 WARN kycontroller::kymux_controller::server - Kynet accept failed: connection error: Endpoint closed
2026-09-15T20:58:21.333 WARN kycontroller::kymux_controller::server - Kynet accept failed: connection error: Endpoint closed
2026-09-15T20:58:21.333 WARN kycontroller::kymux_controller::server - Kynet accept failed: connection error: Endpoint closed
2026-09-15T20:58:21.333 WARN kycontroller::kymux_controller::server - Kynet accept failed: connection error: Endpoint closed
2026-09-15T20:58:21.333 WARN kycontroller::kymux_controller::server - Kynet accept failed: connection error: Endpoint closed
2026-09-15T20:58:21.333 WARN kycontroller::kymux_controller::server - Kynet accept failed: connection error: Endpoint closed
2026-09-15T20:58:21.333 WARN kycontroller::kymux_controller::server - Kynet accept failed: connection error: Endpoint closed
2026-09-15T20:58:21.333 WARN kycontroller::kymux_controller::server - Kynet accept failed: connection error: Endpoint closed
2026-09-15T20:58:21.333 WARN kycontroller::kymux_controller::server - Kynet accept failed: connection error: Endpoint closed
2026-09-15T20:58:21.333 WARN kycontroller::kymux_controller::server - Kynet accept failed: connection error: Endpoint closed
2026-09-15T20:58:21.333 WARN kycontroller::kymux_controller::server - Kynet accept failed: connection error: Endpoint closed
2026-09-15T20:58:21.333 WARN kycontroller::kymux_controller::server - Kynet accept failed: connection error: Endpoint closed
2026-09-15T20:58:21.333 WARN kycontroller::kymux_controller::server - Kynet accept failed: connection error: Endpoint closed
2026-09-15T20:58:21.333 WARN kycontroller::kymux_controller::server - Kynet accept failed: connection error: Endpoint closed
2026-09-15T20:58:21.333 WARN kycontroller::kymux_controller::server - Kynet accept failed: connection error: Endpoint closed
2026-09-15T20:58:21.333 WARN kycontroller::kymux_controller::server - Kynet accept failed: connection error: Endpoint closed
2026-09-15T20:58:21.333 WARN kycontroller::kymux_controller::server - Kynet accept failed: connection error: Endpoint closed
2026-09-15T20:58:21.333 WARN kycontroller::kymux_controller::server - Kynet accept failed: connection error: Endpoint closed
2026-09-15T20:58:21.333 WARN kycontroller::kymux_controller::server - Kynet accept failed: connection error: Endpoint closed
2026-09-15T20:58:21.333 WARN kycontroller::kymux_controller::server - Kynet accept failed: connection error: Endpoint closed
2026-09-15T20:58:21.333 WARN kycontroller::kymux_controller::server - Kynet accept failed: connection error: Endpoint closed
2026-09-15T20:58:21.333 WARN kycontroller::kymux_controller::server - Kynet accept failed: connection error: Endpoint closed
2026-09-15T20:58:21.333 WARN kycontroller::kymux_controller::server - Kynet accept failed: connection error: Endpoint closed
2026-09-15T20:58:21.333 WARN kycontroller::kymux_controller::server - Kynet accept failed: connection error: Endpoint closed
2026-09-15T20:58:21.333 WARN kycontroller::kymux_controller::server - Kynet accept failed: connection error: Endpoint closed
2026-09-15T20:58:21.333 WARN kycontroller::kymux_controller::server - Kynet accept failed: connection error: Endpoint closed
2026-09-15T20:58:21.333 WARN kycontroller::kymux_controller::server - Kynet accept failed: connection error: Endpoint closed
2026-09-15T20:58:21.333 WARN kycontroller::kymux_controller::server - Kynet accept failed: connection error: Endpoint closed
2026-09-15T20:58:21.333 WARN kycontroller::kymux_controller::server - Kynet accept failed: connection error: Endpoint closed
2026-09-15T20:58:21.333 WARN kycontroller::kymux_controller::server - Kynet accept failed: connection error: Endpoint closed
2026-09-15T20:58:21.333 WARN kycontroller::kymux_controller::server - Kynet accept failed: connection error: Endpoint closed
2026-09-15T20:58:21.333 WARN kycontroller::kymux_controller::server - Kynet accept failed: connection error: Endpoint closed
2026-09-15T20:58:21.333 WARN kycontroller::kymux_controller::server - Kynet accept failed: connection error: Endpoint closed
2026-09-15T20:58:21.333 WARN kycontroller::kymux_controller::server - Kynet accept failed: connection error: Endpoint closed
2026-09-15T20:58:21.333 WARN kycontroller::kymux_controller::server - Kynet accept failed: connection error: Endpoint closed
2026-09-15T20:58:21.333 WARN kycontroller::kymux_controller::server - Kynet accept failed: connection error: Endpoint closed
2026-09-15T20:58:21.333 WARN kycontroller::kymux_controller::server - Kynet accept failed: connection error: Endpoint closed
2026-09-15T20:58:21.333 WARN kycontroller::kymux_controller::server - Kynet accept failed: connection error: Endpoint closed
2026-09-15T20:58:21.333 WARN kycontroller::kymux_controller::server - Kynet accept failed: connection error: Endpoint closed
2026-09-15T20:58:21.333 WARN kycontroller::kymux_controller::server - Kynet accept failed: connection error: Endpoint closed
2026-09-15T20:58:21.333 WARN kycontroller::kymux_controller::server - Kynet accept failed: connection error: Endpoint closed
2026-09-15T20:58:21.333 WARN kycontroller::kymux_controller::server - Kynet accept failed: connection error: Endpoint closed
2026-09-15T20:58:21.333 WARN kycontroller::kymux_controller::server - Kynet accept failed: connection error: Endpoint closed
2026-09-15T20:58:21.333 WARN kycontroller::kymux_controller::server - Kynet accept failed: connection error: Endpoint closed
2026-09-15T20:58:21.333 WARN kycontroller::kymux_controller::server - Kynet accept failed: connection error: Endpoint closed
2026-09-15T20:58:21.333 WARN kycontroller::kymux_controller::server - Kynet accept failed: connection error: Endpoint closed
2026-09-15T20:58:21.333 WARN kycontroller::kymux_controller::server - Kynet accept failed: connection error: Endpoint closed
2026-09-15T20:58:21.333 WARN kycontroller::kymux_controller::server - Kynet accept failed: connection error: Endpoint closed
2026-09-15T20:58:21.333 WARN kycontroller::kymux_controller::server - Kynet accept failed: connection error: Endpoint closed
2026-09-15T20:58:21.333 WARN kycontroller::kymux_controller::server - Kynet accept failed: connection error: Endpoint closed
2026-09-15T20:58:21.333 WARN kycontroller::kymux_controller::server - Kynet accept failed: connection error: Endpoint closed
2026-09-15T20:58:21.333 WARN kycontroller::kymux_controller::server - Kynet accept failed: connection error: Endpoint closed
2026-09-15T20:58:21.333 WARN kycontroller::kymux_controller::server - Kynet accept failed: connection error: Endpoint closed
2026-09-15T20:58:21.333 WARN kycontroller::kymux_controller::server - Kynet accept failed: connection error: Endpoint closed
2026-09-15T20:58:21.333 WARN kycontroller::kymux_controller::server - Kynet accept failed: connection error: Endpoint closed
2026-09-15T20:58:21.333 WARN kycontroller::kymux_controller::server - Kynet accept failed: connection error: Endpoint closed
2026-09-15T20:58:21.334 WARN kycontroller::kymux_controller::server - Kynet accept failed: connection error: Endpoint closed
2026-09-15T20:58:21.334 WARN kycontroller::kymux_controller::server - Kynet accept failed: connection error: Endpoint closed
2026-09-15T20:58:21.334 WARN kycontroller::kymux_controller::server - Kynet accept failed: connection error: Endpoint closed
2026-09-15T20:58:21.334 WARN kycontroller::kymux_controller::server - Kynet accept failed: connection error: Endpoint closed
2026-09-15T20:58:21.334 WARN kycontroller::kymux_controller::server - Kynet accept failed: connection error: Endpoint closed
2026-09-15T20:58:21.334 WARN kycontroller::kymux_controller::server - Kynet accept failed: connection error: Endpoint closed
2026-09-15T20:58:21.334 WARN kycontroller::kymux_controller::server - Kynet accept failed: connection error: Endpoint closed
2026-09-15T20:58:21.334 WARN kycontroller::kymux_controller::server - Kynet accept failed: connection error: Endpoint closed
2026-09-15T20:58:21.334 WARN kycontroller::kymux_controller::server - Kynet accept failed: connection error: Endpoint closed
2026-09-15T20:58:21.334 WARN kycontroller::kymux_controller::server - Kynet accept failed: connection error: Endpoint closed
2026-09-15T20:58:21.334 WARN kycontroller::kymux_controller::server - Kynet accept failed: connection error: Endpoint closed
2026-09-15T20:58:21.334 WARN kycontroller::kymux_controller::server - Kynet accept failed: connection error: Endpoint closed
2026-09-15T20:58:21.334 WARN kycontroller::kymux_controller::server - Kynet accept failed: connection error: Endpoint closed
2026-09-15T20:58:21.334 WARN kycontroller::kymux_controller::server - Kynet accept failed: connection error: Endpoint closed
2026-09-15T20:58:21.334 WARN kycontroller::kymux_controller::server - Kynet accept failed: connection error: Endpoint closed
2026-09-15T20:58:21.334 WARN kycontroller::kymux_controller::server - Kynet accept failed: connection error: Endpoint closed
2026-09-15T20:58:21.334 WARN kycontroller::kymux_controller::server - Kynet accept failed: connection error: Endpoint closed
2026-09-15T20:58:21.334 WARN kycontroller::kymux_controller::server - Kynet accept failed: connection error: Endpoint closed
2026-09-15T20:58:21.334 WARN kycontroller::kymux_controller::server - Kynet accept failed: connection error: Endpoint closed
2026-09-15T20:58:21.334 WARN kycontroller::kymux_controller::server - Kynet accept failed: connection error: Endpoint closed
2026-09-15T20:58:21.334 WARN kycontroller::kymux_controller::server - Kynet accept failed: connection error: Endpoint closed
2026-09-15T20:58:21.334 WARN kycontroller::kymux_controller::server - Kynet accept failed: connection error: Endpoint closed
2026-09-15T20:58:21.334 WARN kycontroller::kymux_controller::server - Kynet accept failed: connection error: Endpoint closed
2026-09-15T20:58:21.334 WARN kycontroller::kymux_controller::server - Kynet accept failed: connection error: Endpoint closed
2026-09-15T20:58:21.334 WARN kycontroller::kymux_controller::server - Kynet accept failed: connection error: Endpoint closed
2026-09-15T20:58:21.334 WARN kycontroller::kymux_controller::server - Kynet accept failed: connection error: Endpoint closed
2026-09-15T20:58:21.334 WARN kycontroller::kymux_controller::server - Kynet accept failed: connection error: Endpoint closed
2026-09-15T20:58:21.334 WARN kycontroller::kymux_controller::server - Kynet accept failed: connection error: Endpoint closed
2026-09-15T20:58:21.334 WARN kycontroller::kymux_controller::server - Kynet accept failed: connection error: Endpoint closed
2026-09-15T20:58:21.334 WARN kycontroller::kymux_controller::server - Kynet accept failed: connection error: Endpoint closed
2026-09-15T20:58:21.334 WARN kycontroller::kymux_controller::server - Kynet accept failed: connection error: Endpoint closed
2026-09-15T20:58:21.334 WARN kycontroller::kymux_controller::server - Kynet accept failed: connection error: Endpoint closed
2026-09-15T20:58:21.334 WARN kycontroller::kymux_controller::server - Kynet accept failed: connection error: Endpoint closed
2026-09-15T20:58:21.334 WARN kycontroller::kymux_controller::server - Kynet accept failed: connection error: Endpoint closed
2026-09-15T20:58:21.334 WARN kycontroller::kymux_controller::server - Kynet accept failed: connection error: Endpoint closed
2026-09-15T20:58:21.334 WARN kycontroller::kymux_controller::server - Kynet accept failed: connection error: Endpoint closed
2026-09-15T20:58:21.334 WARN kycontroller::kymux_controller::server - Kynet accept failed: connection error: Endpoint closed
2026-09-15T20:58:21.334 WARN kycontroller::kymux_controller::server - Kynet accept failed: connection error: Endpoint closed
2026-09-15T20:58:21.334 WARN kycontroller::kymux_controller::server - Kynet accept failed: connection error: Endpoint closed
2026-09-15T20:58:21.334 WARN kycontroller::kymux_controller::server - Kynet accept failed: connection error: Endpoint closed
2026-09-15T20:58:21.334 WARN kycontroller::kymux_controller::server - Kynet accept failed: connection error: Endpoint closed
2026-09-15T20:58:21.334 WARN kycontroller::kymux_controller::server - Kynet accept failed: connection error: Endpoint closed
2026-09-15T20:58:21.334 WARN kycontroller::kymux_controller::server - Kynet accept failed: connection error: Endpoint closed
2026-09-15T20:58:21.334 WARN kycontroller::kymux_controller::server - Kynet accept failed: connection error: Endpoint closed
2026-09-15T20:58:21.334 WARN kycontroller::kymux_controller::server - Kynet accept failed: connection error: Endpoint closed
2026-09-15T20:58:21.334 WARN kycontroller::kymux_controller::server - Kynet accept failed: connection error: Endpoint closed
2026-09-15T20:58:21.334 WARN kycontroller::kymux_controller::server - Kynet accept failed: connection error: Endpoint closed
2026-09-15T20:58:21.334 WARN kycontroller::kymux_controller::server - Kynet accept failed: connection error: Endpoint closed
2026-09-15T20:58:21.334 WARN kycontroller::kymux_controller::server - Kynet accept failed: connection error: Endpoint closed
2026-09-15T20:58:21.334 WARN kycontroller::kymux_controller::server - Kynet accept failed: connection error: Endpoint closed
2026-09-15T20:58:21.334 WARN kycontroller::kymux_controller::server - Kynet accept failed: connection error: Endpoint closed
2026-09-15T20:58:21.334 WARN kycontroller::kymux_controller::server - Kynet accept failed: connection error: Endpoint closed
2026-09-15T20:58:21.334 WARN kycontroller::kymux_controller::server - Kynet accept failed: connection error: Endpoint closed
2026-09-15T20:58:21.334 WARN kycontroller::kymux_controller::server - Kynet accept failed: connection error: Endpoint closed
2026-09-15T20:58:21.334 WARN kycontroller::kymux_controller::server - Kynet accept failed: connection error: Endpoint closed
2026-09-15T20:58:21.334 WARN kycontroller::kymux_controller::server - Kynet accept failed: connection error: Endpoint closed
2026-09-15T20:58:21.334 WARN kycontroller::kymux_controller::server - Kynet accept failed: connection error: Endpoint closed
2026-09-15T20:58:21.334 WARN kycontroller::kymux_controller::server - Kynet accept failed: connection error: Endpoint closed
2026-09-15T20:58:21.334 WARN kycontroller::kymux_controller::server - Kynet accept failed: connection error: Endpoint closed
2026-09-15T20:58:21.334 WARN kycontroller::kymux_controller::server - Kynet accept failed: connection error: Endpoint closed
2026-09-15T20:58:21.334 WARN kycontroller::kymux_controller::server - Kynet accept failed: connection error: Endpoint closed
2026-09-15T20:58:21.334 WARN kycontroller::kymux_controller::server - Kynet accept failed: connection error: Endpoint closed
2026-09-15T20:58:21.334 WARN kycontroller::kymux_controller::server - Kynet accept failed: connection error: Endpoint closed
2026-09-15T20:58:21.334 WARN kycontroller::kymux_controller::server - Kynet accept failed: connection error: Endpoint closed
2026-09-15T20:58:21.334 WARN kycontroller::kymux_controller::server - Kynet accept failed: connection error: Endpoint closed
2026-09-15T20:58:21.334 WARN kycontroller::kymux_controller::server - Kynet accept failed: connection error: Endpoint closed
2026-09-15T20:58:21.334 WARN kycontroller::kymux_controller::server - Kynet accept failed: connection error: Endpoint closed
2026-09-15T20:58:21.334 WARN kycontroller::kymux_controller::server - Kynet accept failed: connection error: Endpoint closed
2026-09-15T20:58:21.334 WARN kycontroller::kymux_controller::server - Kynet accept failed: connection error: Endpoint closed
2026-09-15T20:58:21.334 WARN kycontroller::kymux_controller::server - Kynet accept failed: connection error: Endpoint closed
2026-09-15T20:58:21.334 WARN kycontroller::kymux_controller::server - Kynet accept failed: connection error: Endpoint closed
2026-09-15T20:58:21.334 WARN kycontroller::kymux_controller::server - Kynet accept failed: connection error: Endpoint closed
2026-09-15T20:58:21.334 WARN kycontroller::kymux_controller::server - Kynet accept failed: connection error: Endpoint closed
2026-09-15T20:58:21.334 WARN kycontroller::kymux_controller::server - Kynet accept failed: connection error: Endpoint closed
2026-09-15T20:58:21.334 WARN kycontroller::kymux_controller::server - Kynet accept failed: connection error: Endpoint closed
2026-09-15T20:58:21.334 WARN kycontroller::kymux_controller::server - Kynet accept failed: connection error: Endpoint closed
2026-09-15T20:58:21.334 WARN kycontroller::kymux_controller::server - Kynet accept failed: connection error: Endpoint closed
2026-09-15T20:58:21.334 WARN kycontroller::kymux_controller::server - Kynet accept failed: connection error: Endpoint closed
2026-09-15T20:58:21.334 WARN kycontroller::kymux_controller::server - Kynet accept failed: connection error: Endpoint closed
2026-09-15T20:58:21.334 WARN kycontroller::kymux_controller::server - Kynet accept failed: connection error: Endpoint closed
2026-09-15T20:58:21.334 WARN kycontroller::kymux_controller::server - Kynet accept failed: connection error: Endpoint closed
2026-09-15T20:58:21.334 WARN kycontroller::kymux_controller::server - Kynet accept failed: connection error: Endpoint closed
2026-09-15T20:58:21.334 WARN kycontroller::kymux_controller::server - Kynet accept failed: connection error: Endpoint closed
2026-09-15T20:58:21.334 WARN kycontroller::kymux_controller::server - Kynet accept failed: connection error: Endpoint closed
2026-09-15T20:58:21.334 WARN kycontroller::kymux_controller::server - Kynet accept failed: connection error: Endpoint closed
2026-09-15T20:58:21.334 WARN kycontroller::kymux_controller::server - Kynet accept failed: connection error: Endpoint closed
2026-09-15T20:58:21.334 WARN kycontroller::kymux_controller::server - Kynet accept failed: connection error: Endpoint closed
2026-09-15T20:58:21.334 WARN kycontroller::kymux_controller::server - Kynet accept failed: connection error: Endpoint closed
2026-09-15T20:58:21.334 WARN kycontroller::kymux_controller::server - Kynet accept failed: connection error: Endpoint closed
2026-09-15T20:58:21.334 WARN kycontroller::kymux_controller::server - Kynet accept failed: connection error: Endpoint closed
2026-09-15T20:58:21.334 WARN kycontroller::kymux_controller::server - Kynet accept failed: connection error: Endpoint closed
2026-09-15T20:58:21.334 WARN kycontroller::kymux_controller::server - Kynet accept failed: connection error: Endpoint closed
2026-09-15T20:58:21.334 WARN kycontroller::kymux_controller::server - Kynet accept failed: connection error: Endpoint closed
2026-09-15T20:58:21.334 WARN kycontroller::kymux_controller::server - Kynet accept failed: connection error: Endpoint closed
2026-09-15T20:58:21.334 WARN kycontroller::kymux_controller::server - Kynet accept failed: connection error: Endpoint closed
2026-09-15T20:58:21.334 WARN kycontroller::kymux_controller::server - Kynet accept failed: connection error: Endpoint closed
2026-09-15T20:58:21.334 WARN kycontroller::kymux_controller::server - Kynet accept failed: connection error: Endpoint closed
2026-09-15T20:58:21.334 WARN kycontroller::kymux_controller::server - Kynet accept failed: connection error: Endpoint closed
2026-09-15T20:58:21.334 WARN kycontroller::kymux_controller::server - Kynet accept failed: connection error: Endpoint closed
2026-09-15T20:58:21.334 WARN kycontroller::kymux_controller::server - Kynet accept failed: connection error: Endpoint closed
2026-09-15T20:58:21.334 WARN kycontroller::kymux_controller::server - Kynet accept failed: connection error: Endpoint closed
2026-09-15T20:58:21.334 WARN kycontroller::kymux_controller::server - Kynet accept failed: connection error: Endpoint closed
2026-09-15T20:58:21.334 WARN kycontroller::kymux_controller::server - Kynet accept failed: connection error: Endpoint closed
2026-09-15T20:58:21.334 WARN kycontroller::kymux_controller::server - Kynet accept failed: connection error: Endpoint closed
2026-09-15T20:58:21.334 WARN kycontroller::kymux_controller::server - Kynet accept failed: connection error: Endpoint closed
2026-09-15T20:58:21.334 WARN kycontroller::kymux_controller::server - Kynet accept failed: connection error: Endpoint closed
2026-09-15T20:58:21.334 WARN kycontroller::kymux_controller::server - Kynet accept failed: connection error: Endpoint closed
2026-09-15T20:58:21.334 WARN kycontroller::kymux_controller::server - Kynet accept failed: connection error: Endpoint closed
2026-09-15T20:58:21.334 WARN kycontroller::kymux_controller::server - Kynet accept failed: connection error: Endpoint closed
2026-09-15T20:58:21.334 WARN kycontroller::kymux_controller::server - Kynet accept failed: connection error: Endpoint closed
2026-09-15T20:58:21.334 WARN kycontroller::kymux_controller::server - Kynet accept failed: connection error: Endpoint closed
2026-09-15T20:58:21.334 WARN kycontroller::kymux_controller::server - Kynet accept failed: connection error: Endpoint closed
2026-09-15T20:58:21.334 WARN kycontroller::kymux_controller::server - Kynet accept failed: connection error: Endpoint closed
2026-09-15T20:58:21.334 WARN kycontroller::kymux_controller::server - Kynet accept failed: connection error: Endpoint closed
2026-09-15T20:58:21.334 WARN kycontroller::kymux_controller::server - Kynet accept failed: connection error: Endpoint closed
2026-09-15T20:58:21.334 WARN kycontroller::kymux_controller::server - Kynet accept failed: connection error: Endpoint closed
2026-09-15T20:58:21.334 WARN kycontroller::kymux_controller::server - Kynet accept failed: connection error: Endpoint closed
2026-09-15T20:58:21.335 WARN kycontroller::kymux_controller::server - Kynet accept failed: connection error: Endpoint closed
2026-09-15T20:58:21.335 WARN kycontroller::kymux_controller::server - Kynet accept failed: connection error: Endpoint closed
2026-09-15T20:58:21.335 WARN kycontroller::kymux_controller::server - Kynet accept failed: connection error: Endpoint closed
2026-09-15T20:58:21.335 WARN kycontroller::kymux_controller::server - Kynet accept failed: connection error: Endpoint closed
2026-09-15T20:58:21.335 WARN kycontroller::kymux_controller::server - Kynet accept failed: connection error: Endpoint closed
2026-09-15T20:58:21.335 WARN kycontroller::kymux_controller::server - Kynet accept failed: connection error: Endpoint closed
2026-09-15T20:58:21.335 WARN kycontroller::kymux_controller::server - Kynet accept failed: connection error: Endpoint closed
2026-09-15T20:58:21.335 WARN kycontroller::kymux_controller::server - Kynet accept failed: connection error: Endpoint closed
2026-09-15T20:58:21.335 WARN kycontroller::kymux_controller::server - Kynet accept failed: connection error: Endpoint closed
2026-09-15T20:58:21.335 WARN kycontroller::kymux_controller::server - Kynet accept failed: connection error: Endpoint closed
2026-09-15T20:58:21.335 WARN kycontroller::kymux_controller::server - Kynet accept failed: connection error: Endpoint closed
2026-09-15T20:58:21.335 WARN kycontroller::kymux_controller::server - Kynet accept failed: connection error: Endpoint closed
2026-09-15T20:58:21.335 WARN kycontroller::kymux_controller::server - Kynet accept failed: connection error: Endpoint closed
2026-09-15T20:58:21.335 WARN kycontroller::kymux_controller::server - Kynet accept failed: connection error: Endpoint closed
2026-09-15T20:58:21.335 WARN kycontroller::kymux_controller::server - Kynet accept failed: connection error: Endpoint closed
2026-09-15T20:58:21.335 WARN kycontroller::kymux_controller::server - Kynet accept failed: connection error: Endpoint closed
2026-09-15T20:58:21.335 WARN kycontroller::kymux_controller::server - Kynet accept failed: connection error: Endpoint closed
2026-09-15T20:58:21.335 WARN kycontroller::kymux_controller::server - Kynet accept failed: connection error: Endpoint closed
2026-09-15T20:58:21.335 WARN kycontroller::kymux_controller::server - Kynet accept failed: connection error: Endpoint closed
2026-09-15T20:58:21.335 WARN kycontroller::kymux_controller::server - Kynet accept failed: connection error: Endpoint closed
2026-09-15T20:58:21.335 WARN kycontroller::kymux_controller::server - Kynet accept failed: connection error: Endpoint closed
2026-09-15T20:58:21.335 WARN kycontroller::kymux_controller::server - Kynet accept failed: connection error: Endpoint closed
2026-09-15T20:58:21.335 WARN kycontroller::kymux_controller::server - Kynet accept failed: connection error: Endpoint closed
2026-09-15T20:58:21.335 WARN kycontroller::kymux_controller::server - Kynet accept failed: connection error: Endpoint closed
2026-09-15T20:58:21.335 WARN kycontroller::kymux_controller::server - Kynet accept failed: connection error: Endpoint closed
2026-09-15T20:58:21.335 WARN kycontroller::kymux_controller::server - Kynet accept failed: connection error: Endpoint closed
2026-09-15T20:58:21.335 WARN kycontroller::kymux_controller::server - Kynet accept failed: connection error: Endpoint closed
2026-09-15T20:58:21.335 WARN kycontroller::kymux_controller::server - Kynet accept failed: connection error: Endpoint closed
2026-09-15T20:58:21.335 WARN kycontroller::kymux_controller::server - Kynet accept failed: connection error: Endpoint closed
2026-09-15T20:58:21.335 WARN kycontroller::kymux_controller::server - Kynet accept failed: connection error: Endpoint closed
2026-09-15T20:58:21.335 WARN kycontroller::kymux_controller::server - Kynet accept failed: connection error: Endpoint closed
2026-09-15T20:58:21.335 WARN kycontroller::kymux_controller::server - Kynet accept failed: connection error: Endpoint closed
2026-09-15T20:58:21.335 WARN kycontroller::kymux_controller::server - Kynet accept failed: connection error: Endpoint closed
2026-09-15T20:58:21.335 WARN kycontroller::kymux_controller::server - Kynet accept failed: connection error: Endpoint closed
2026-09-15T20:58:21.335 WARN kycontroller::kymux_controller::server - Kynet accept failed: connection error: Endpoint closed
2026-09-15T20:58:21.335 WARN kycontroller::kymux_controller::server - Kynet accept failed: connection error: Endpoint closed
2026-09-15T20:58:21.335 WARN kycontroller::kymux_controller::server - Kynet accept failed: connection error: Endpoint closed
2026-09-15T20:58:21.335 WARN kycontroller::kymux_controller::server - Kynet accept failed: connection error: Endpoint closed
2026-09-15T20:58:21.335 WARN kycontroller::kymux_controller::server - Kynet accept failed: connection error: Endpoint closed
2026-09-15T20:58:21.335 WARN kycontroller::kymux_controller::server - Kynet accept failed: connection error: Endpoint closed
2026-09-15T20:58:21.335 WARN kycontroller::kymux_controller::server - Kynet accept failed: connection error: Endpoint closed
2026-09-15T20:58:21.335 WARN kycontroller::kymux_controller::server - Kynet accept failed: connection error: Endpoint closed
2026-09-15T20:58:21.335 WARN kycontroller::kymux_controller::server - Kynet accept failed: connection error: Endpoint closed
2026-09-15T20:58:21.335 WARN kycontroller::kymux_controller::server - Kynet accept failed: connection error: Endpoint closed
2026-09-15T20:58:21.335 WARN kycontroller::kymux_controller::server - Kynet accept failed: connection error: Endpoint closed
2026-09-15T20:58:21.335 WARN kycontroller::kymux_controller::server - Kynet accept failed: connection error: Endpoint closed
2026-09-15T20:58:21.335 WARN kycontroller::kymux_controller::server - Kynet accept failed: connection error: Endpoint closed
2026-09-15T20:58:21.335 WARN kycontroller::kymux_controller::server - Kynet accept failed: connection error: Endpoint closed
2026-09-15T20:58:21.335 WARN kycontroller::kymux_controller::server - Kynet accept failed: connection error: Endpoint closed
2026-09-15T20:58:21.335 WARN kycontroller::kymux_controller::server - Kynet accept failed: connection error: Endpoint closed
2026-09-15T20:58:21.335 WARN kycontroller::kymux_controller::server - Kynet accept failed: connection error: Endpoint closed
2026-09-15T20:58:21.335 WARN kycontroller::kymux_controller::server - Kynet accept failed: connection error: Endpoint closed
2026-09-15T20:58:21.335 WARN kycontroller::kymux_controller::server - Kynet accept failed: connection error: Endpoint closed
2026-09-15T20:58:21.335 WARN kycontroller::kymux_controller::server - Kynet accept failed: connection error: Endpoint closed
2026-09-15T20:58:21.335 WARN kycontroller::kymux_controller::server - Kynet accept failed: connection error: Endpoint closed
2026-09-15T20:58:21.335 WARN kycontroller::kymux_controller::server - Kynet accept failed: connection error: Endpoint closed
2026-09-15T20:58:21.335 WARN kycontroller::kymux_controller::server - Kynet accept failed: connection error: Endpoint closed
2026-09-15T20:58:21.335 WARN kycontroller::kymux_controller::server - Kynet accept failed: connection error: Endpoint closed
2026-09-15T20:58:21.335 WARN kycontroller::kymux_controller::server - Kynet accept failed: connection error: Endpoint closed
2026-09-15T20:58:21.335 WARN kycontroller::kymux_controller::server - Kynet accept failed: connection error: Endpoint closed
2026-09-15T20:58:21.335 WARN kycontroller::kymux_controller::server - Kynet accept failed: connection error: Endpoint closed
2026-09-15T20:58:21.335 WARN kycontroller::kymux_controller::server - Kynet accept failed: connection error: Endpoint closed
2026-09-15T20:58:21.335 WARN kycontroller::kymux_controller::server - Kynet accept failed: connection error: Endpoint closed
2026-09-15T20:58:21.335 WARN kycontroller::kymux_controller::server - Kynet accept failed: connection error: Endpoint closed
2026-09-15T20:58:21.335 WARN kycontroller::kymux_controller::server - Kynet accept failed: connection error: Endpoint closed
2026-09-15T20:58:21.335 WARN kycontroller::kymux_controller::server - Kynet accept failed: connection error: Endpoint closed
2026-09-15T20:58:21.335 WARN kycontroller::kymux_controller::server - Kynet accept failed: connection error: Endpoint closed
2026-09-15T20:58:21.335 WARN kycontroller::kymux_controller::server - Kynet accept failed: connection error: Endpoint closed
2026-09-15T20:58:21.335 WARN kycontroller::kymux_controller::server - Kynet accept failed: connection error: Endpoint closed
2026-09-15T20:58:21.335 WARN kycontroller::kymux_controller::server - Kynet accept failed: connection error: Endpoint closed
2026-09-15T20:58:21.335 WARN kycontroller::kymux_controller::server - Kynet accept failed: connection error: Endpoint closed
2026-09-15T20:58:21.335 WARN kycontroller::kymux_controller::server - Kynet accept failed: connection error: Endpoint closed
2026-09-15T20:58:21.335 WARN kycontroller::kymux_controller::server - Kynet accept failed: connection error: Endpoint closed
2026-09-15T20:58:21.335 WARN kycontroller::kymux_controller::server - Kynet accept failed: connection error: Endpoint closed
2026-09-15T20:58:21.335 WARN kycontroller::kymux_controller::server - Kynet accept failed: connection error: Endpoint closed
2026-09-15T20:58:21.335 WARN kycontroller::kymux_controller::server - Kynet accept failed: connection error: Endpoint closed
2026-09-15T20:58:21.335 WARN kycontroller::kymux_controller::server - Kynet accept failed: connection error: Endpoint closed
2026-09-15T20:58:21.335 WARN kycontroller::kymux_controller::server - Kynet accept failed: connection error: Endpoint closed
2026-09-15T20:58:21.335 WARN kycontroller::kymux_controller::server - Kynet accept failed: connection error: Endpoint closed
2026-09-15T20:58:21.335 WARN kycontroller::kymux_controller::server - Kynet accept failed: connection error: Endpoint closed
2026-09-15T20:58:21.335 WARN kycontroller::kymux_controller::server - Kynet accept failed: connection error: Endpoint closed
2026-09-15T20:58:21.335 WARN kycontroller::kymux_controller::server - Kynet accept failed: connection error: Endpoint closed
2026-09-15T20:58:21.335 WARN kycontroller::kymux_controller::server - Kynet accept failed: connection error: Endpoint closed
2026-09-15T20:58:21.335 WARN kycontroller::kymux_controller::server - Kynet accept failed: connection error: Endpoint closed
2026-09-15T20:58:21.335 WARN kycontroller::kymux_controller::server - Kynet accept failed: connection error: Endpoint closed
2026-09-15T20:58:21.335 WARN kycontroller::kymux_controller::server - Kynet accept failed: connection error: Endpoint closed
2026-09-15T20:58:21.335 WARN kycontroller::kymux_controller::server - Kynet accept failed: connection error: Endpoint closed
2026-09-15T20:58:21.335 WARN kycontroller::kymux_controller::server - Kynet accept failed: connection error: Endpoint closed
2026-09-15T20:58:21.335 WARN kycontroller::kymux_controller::server - Kynet accept failed: connection error: Endpoint closed
2026-09-15T20:58:21.335 WARN kycontroller::kymux_controller::server - Kynet accept failed: connection error: Endpoint closed
2026-09-15T20:58:21.335 WARN kycontroller::kymux_controller::server - Kynet accept failed: connection error: Endpoint closed
2026-09-15T20:58:21.335 WARN kycontroller::kymux_controller::server - Kynet accept failed: connection error: Endpoint closed
2026-09-15T20:58:21.335 WARN kycontroller::kymux_controller::server - Kynet accept failed: connection error: Endpoint closed
2026-09-15T20:58:21.335 WARN kycontroller::kymux_controller::server - Kynet accept failed: connection error: Endpoint closed
2026-09-15T20:58:21.335 WARN kycontroller::kymux_controller::server - Kynet accept failed: connection error: Endpoint closed
2026-09-15T20:58:21.335 WARN kycontroller::kymux_controller::server - Kynet accept failed: connection error: Endpoint closed
2026-09-15T20:58:21.335 WARN kycontroller::kymux_controller::server - Kynet accept failed: connection error: Endpoint closed
2026-09-15T20:58:21.336 WARN kycontroller::kymux_controller::server - Kynet accept failed: connection error: Endpoint closed
2026-09-15T20:58:21.336 WARN kycontroller::kymux_controller::server - Kynet accept failed: connection error: Endpoint closed
2026-09-15T20:58:21.336 WARN kycontroller::kymux_controller::server - Kynet accept failed: connection error: Endpoint closed
2026-09-15T20:58:21.336 WARN kycontroller::kymux_controller::server - Kynet accept failed: connection error: Endpoint closed
2026-09-15T20:58:21.336 WARN kycontroller::kymux_controller::server - Kynet accept failed: connection error: Endpoint closed
2026-09-15T20:58:21.336 WARN kycontroller::kymux_controller::server - Kynet accept failed: connection error: Endpoint closed
2026-09-15T20:58:21.336 WARN kycontroller::kymux_controller::server - Kynet accept failed: connection error: Endpoint closed
2026-09-15T20:58:21.336 WARN kycontroller::kymux_controller::server - Kynet accept failed: connection error: Endpoint closed
2026-09-15T20:58:21.336 WARN kycontroller::kymux_controller::server - Kynet accept failed: connection error: Endpoint closed
2026-09-15T20:58:21.336 WARN kycontroller::kymux_controller::server - Kynet accept failed: connection error: Endpoint closed
2026-09-15T20:58:21.336 WARN kycontroller::kymux_controller::server - Kynet accept failed: connection error: Endpoint closed
2026-09-15T20:58:21.336 WARN kycontroller::kymux_controller::server - Kynet accept failed: connection error: Endpoint closed
2026-09-15T20:58:21.336 WARN kycontroller::kymux_controller::server - Kynet accept failed: connection error: Endpoint closed
2026-09-15T20:58:21.336 WARN kycontroller::kymux_controller::server - Kynet accept failed: connection error: Endpoint closed
2026-09-15T20:58:21.336 WARN kycontroller::kymux_controller::server - Kynet accept failed: connection error: Endpoint closed
2026-09-15T20:58:21.336 WARN kycontroller::kymux_controller::server - Kynet accept failed: connection error: Endpoint closed
2026-09-15T20:58:21.336 WARN kycontroller::kymux_controller::server - Kynet accept failed: connection error: Endpoint closed
2026-09-15T20:58:21.336 WARN kycontroller::kymux_controller::server - Kynet accept failed: connection error: Endpoint closed
2026-09-15T20:58:21.336 WARN kycontroller::kymux_controller::server - Kynet accept failed: connection error: Endpoint closed
2026-09-15T20:58:21.336 WARN kycontroller::kymux_controller::server - Kynet accept failed: connection error: Endpoint closed
2026-09-15T20:58:21.336 WARN kycontroller::kymux_controller::server - Kynet accept failed: connection error: Endpoint closed
2026-09-15T20:58:21.336 WARN kycontroller::kymux_controller::server - Kynet accept failed: connection error: Endpoint closed
2026-09-15T20:58:21.336 WARN kycontroller::kymux_controller::server - Kynet accept failed: connection error: Endpoint closed
2026-09-15T20:58:21.336 WARN kycontroller::kymux_controller::server - Kynet accept failed: connection error: Endpoint closed
2026-09-15T20:58:21.336 WARN kycontroller::kymux_controller::server - Kynet accept failed: connection error: Endpoint closed
2026-09-15T20:58:21.336 WARN kycontroller::kymux_controller::server - Kynet accept failed: connection error: Endpoint closed
2026-09-15T20:58:21.336 WARN kycontroller::kymux_controller::server - Kynet accept failed: connection error: Endpoint closed
2026-09-15T20:58:21.336 WARN kycontroller::kymux_controller::server - Kynet accept failed: connection error: Endpoint closed
2026-09-15T20:58:21.336 WARN kycontroller::kymux_controller::server - Kynet accept failed: connection error: Endpoint closed
2026-09-15T20:58:21.336 WARN kycontroller::kymux_controller::server - Kynet accept failed: connection error: Endpoint closed
2026-09-15T20:58:21.336 WARN kycontroller::kymux_controller::server - Kynet accept failed: connection error: Endpoint closed
2026-09-15T20:58:21.336 WARN kycontroller::kymux_controller::server - Kynet accept failed: connection error: Endpoint closed
2026-09-15T20:58:21.336 WARN kycontroller::kymux_controller::server - Kynet accept failed: connection error: Endpoint closed
2026-09-15T20:58:21.336 WARN kycontroller::kymux_controller::server - Kynet accept failed: connection error: Endpoint closed
2026-09-15T20:58:21.336 WARN kycontroller::kymux_controller::server - Kynet accept failed: connection error: Endpoint closed
2026-09-15T20:58:21.336 WARN kycontroller::kymux_controller::server - Kynet accept failed: connection error: Endpoint closed
2026-09-15T20:58:21.336 WARN kycontroller::kymux_controller::server - Kynet accept failed: connection error: Endpoint closed
2026-09-15T20:58:21.336 WARN kycontroller::kymux_controller::server - Kynet accept failed: connection error: Endpoint closed
2026-09-15T20:58:21.336 WARN kycontroller::kymux_controller::server - Kynet accept failed: connection error: Endpoint closed
2026-09-15T20:58:21.336 WARN kycontroller::kymux_controller::server - Kynet accept failed: connection error: Endpoint closed
2026-09-15T20:58:21.336 WARN kycontroller::kymux_controller::server - Kynet accept failed: connection error: Endpoint closed
2026-09-15T20:58:21.336 WARN kycontroller::kymux_controller::server - Kynet accept failed: connection error: Endpoint closed
2026-09-15T20:58:21.336 WARN kycontroller::kymux_controller::server - Kynet accept failed: connection error: Endpoint closed
2026-09-15T20:58:21.336 WARN kycontroller::kymux_controller::server - Kynet accept failed: connection error: Endpoint closed
2026-09-15T20:58:21.336 WARN kycontroller::kymux_controller::server - Kynet accept failed: connection error: Endpoint closed
2026-09-15T20:58:21.336 WARN kycontroller::kymux_controller::server - Kynet accept failed: connection error: Endpoint closed
2026-09-15T20:58:21.336 WARN kycontroller::kymux_controller::server - Kynet accept failed: connection error: Endpoint closed
2026-09-15T20:58:21.336 WARN kycontroller::kymux_controller::server - Kynet accept failed: connection error: Endpoint closed
2026-09-15T20:58:21.336 WARN kycontroller::kymux_controller::server - Kynet accept failed: connection error: Endpoint closed
2026-09-15T20:58:21.336 WARN kycontroller::kymux_controller::server - Kynet accept failed: connection error: Endpoint closed
2026-09-15T20:58:21.336 WARN kycontroller::kymux_controller::server - Kynet accept failed: connection error: Endpoint closed
2026-09-15T20:58:21.336 WARN kycontroller::kymux_controller::server - Kynet accept failed: connection error: Endpoint closed
2026-09-15T20:58:21.336 WARN kycontroller::kymux_controller::server - Kynet accept failed: connection error: Endpoint closed
2026-09-15T20:58:21.336 WARN kycontroller::kymux_controller::server - Kynet accept failed: connection error: Endpoint closed
2026-09-15T20:58:21.336 WARN kycontroller::kymux_controller::server - Kynet accept failed: connection error: Endpoint closed
2026-09-15T20:58:21.336 WARN kycontroller::kymux_controller::server - Kynet accept failed: connection error: Endpoint closed
2026-09-15T20:58:21.336 WARN kycontroller::kymux_controller::server - Kynet accept failed: connection error: Endpoint closed
2026-09-15T20:58:21.336 WARN kycontroller::kymux_controller::server - Kynet accept failed: connection error: Endpoint closed
2026-09-15T20:58:21.336 WARN kycontroller::kymux_controller::server - Kynet accept failed: connection error: Endpoint closed
2026-09-15T20:58:21.336 WARN kycontroller::kymux_controller::server - Kynet accept failed: connection error: Endpoint closed
2026-09-15T20:58:21.336 WARN kycontroller::kymux_controller::server - Kynet accept failed: connection error: Endpoint closed
2026-09-15T20:58:21.336 WARN kycontroller::kymux_controller::server - Kynet accept failed: connection error: Endpoint closed
2026-09-15T20:58:21.336 WARN kycontroller::kymux_controller::server - Kynet accept failed: connection error: Endpoint closed
2026-09-15T20:58:21.336 WARN kycontroller::kymux_controller::server - Kynet accept failed: connection error: Endpoint closed
2026-09-15T20:58:21.336 WARN kycontroller::kymux_controller::server - Kynet accept failed: connection error: Endpoint closed
2026-09-15T20:58:21.336 WARN kycontroller::kymux_controller::server - Kynet accept failed: connection error: Endpoint closed
2026-09-15T20:58:21.336 WARN kycontroller::kymux_controller::server - Kynet accept failed: connection error: Endpoint closed
2026-09-15T20:58:21.336 WARN kycontroller::kymux_controller::server - Kynet accept failed: connection error: Endpoint closed
2026-09-15T20:58:21.336 WARN kycontroller::kymux_controller::server - Kynet accept failed: connection error: Endpoint closed
2026-09-15T20:58:21.336 WARN kycontroller::kymux_controller::server - Kynet accept failed: connection error: Endpoint closed
2026-09-15T20:58:21.336 WARN kycontroller::kymux_controller::server - Kynet accept failed: connection error: Endpoint closed
2026-09-15T20:58:21.336 WARN kycontroller::kymux_controller::server - Kynet accept failed: connection error: Endpoint closed
2026-09-15T20:58:21.336 WARN kycontroller::kymux_controller::server - Kynet accept failed: connection error: Endpoint closed
2026-09-15T20:58:21.336 WARN kycontroller::kymux_controller::server - Kynet accept failed: connection error: Endpoint closed
2026-09-15T20:58:21.336 WARN kycontroller::kymux_controller::server - Kynet accept failed: connection error: Endpoint closed
2026-09-15T20:58:21.336 WARN kycontroller::kymux_controller::server - Kynet accept failed: connection error: Endpoint closed
2026-09-15T20:58:21.336 WARN kycontroller::kymux_controller::server - Kynet accept failed: connection error: Endpoint closed
2026-09-15T20:58:21.336 WARN kycontroller::kymux_controller::server - Kynet accept failed: connection error: Endpoint closed
2026-09-15T20:58:21.336 WARN kycontroller::kymux_controller::server - Kynet accept failed: connection error: Endpoint closed
2026-09-15T20:58:21.336 WARN kycontroller::kymux_controller::server - Kynet accept failed: connection error: Endpoint closed
2026-09-15T20:58:21.336 WARN kycontroller::kymux_controller::server - Kynet accept failed: connection error: Endpoint closed
2026-09-15T20:58:21.336 WARN kycontroller::kymux_controller::server - Kynet accept failed: connection error: Endpoint closed
2026-09-15T20:58:21.336 WARN kycontroller::kymux_controller::server - Kynet accept failed: connection error: Endpoint closed
2026-09-15T20:58:21.336 WARN kycontroller::kymux_controller::server - Kynet accept failed: connection error: Endpoint closed
2026-09-15T20:58:21.336 WARN kycontroller::kymux_controller::server - Kynet accept failed: connection error: Endpoint closed
2026-09-15T20:58:21.336 WARN kycontroller::kymux_controller::server - Kynet accept failed: connection error: Endpoint closed
2026-09-15T20:58:21.336 WARN kycontroller::kymux_controller::server - Kynet accept failed: connection error: Endpoint closed
2026-09-15T20:58:21.336 WARN kycontroller::kymux_controller::server - Kynet accept failed: connection error: Endpoint closed
2026-09-15T20:58:21.336 WARN kycontroller::kymux_controller::server - Kynet accept failed: connection error: Endpoint closed
2026-09-15T20:58:21.336 WARN kycontroller::kymux_controller::server - Kynet accept failed: connection error: Endpoint closed
2026-09-15T20:58:21.336 WARN kycontroller::kymux_controller::server - Kynet accept failed: connection error: Endpoint closed
2026-09-15T20:58:21.336 WARN kycontroller::kymux_controller::server - Kynet accept failed: connection error: Endpoint closed
2026-09-15T20:58:21.336 WARN kycontroller::kymux_controller::server - Kynet accept failed: connection error: Endpoint closed
2026-09-15T20:58:21.336 WARN kycontroller::kymux_controller::server - Kynet accept failed: connection error: Endpoint closed
2026-09-15T20:58:21.336 WARN kycontroller::kymux_controller::server - Kynet accept failed: connection error: Endpoint closed
2026-09-15T20:58:21.336 WARN kycontroller::kymux_controller::server - Kynet accept failed: connection error: Endpoint closed
2026-09-15T20:58:21.336 WARN kycontroller::kymux_controller::server - Kynet accept failed: connection error: Endpoint closed
2026-09-15T20:58:21.336 WARN kycontroller::kymux_controller::server - Kynet accept failed: connection error: Endpoint closed
2026-09-15T20:58:21.336 WARN kycontroller::kymux_controller::server - Kynet accept failed: connection error: Endpoint closed
2026-09-15T20:58:21.336 WARN kycontroller::kymux_controller::server - Kynet accept failed: connection error: Endpoint closed
2026-09-15T20:58:21.336 WARN kycontroller::kymux_controller::server - Kynet accept failed: connection error: Endpoint closed
2026-09-15T20:58:21.336 WARN kycontroller::kymux_controller::server - Kynet accept failed: connection error: Endpoint closed
2026-09-15T20:58:21.336 WARN kycontroller::kymux_controller::server - Kynet accept failed: connection error: Endpoint closed
2026-09-15T20:58:21.336 WARN kycontroller::kymux_controller::server - Kynet accept failed: connection error: Endpoint closed
2026-09-15T20:58:21.336 WARN kycontroller::kymux_controller::server - Kynet accept failed: connection error: Endpoint closed
2026-09-15T20:58:21.336 WARN kycontroller::kymux_controller::server - Kynet accept failed: connection error: Endpoint closed
2026-09-15T20:58:21.336 WARN kycontroller::kymux_controller::server - Kynet accept failed: connection error: Endpoint closed
2026-09-15T20:58:21.336 WARN kycontroller::kymux_controller::server - Kynet accept failed: connection error: Endpoint closed
2026-09-15T20:58:21.336 WARN kycontroller::kymux_controller::server - Kynet accept failed: connection error: Endpoint closed
2026-09-15T20:58:21.336 WARN kycontroller::kymux_controller::server - Kynet accept failed: connection error: Endpoint closed
2026-09-15T20:58:21.336 WARN kycontroller::kymux_controller::server - Kynet accept failed: connection error: Endpoint closed
2026-09-15T20:58:21.337 WARN kycontroller::kymux_controller::server - Kynet accept failed: connection error: Endpoint closed
2026-09-15T20:58:21.337 WARN kycontroller::kymux_controller::server - Kynet accept failed: connection error: Endpoint closed
2026-09-15T20:58:21.337 WARN kycontroller::kymux_controller::server - Kynet accept failed: connection error: Endpoint closed
2026-09-15T20:58:21.337 WARN kycontroller::kymux_controller::server - Kynet accept failed: connection error: Endpoint closed
2026-09-15T20:58:21.337 WARN kycontroller::kymux_controller::server - Kynet accept failed: connection error: Endpoint closed
2026-09-15T20:58:21.337 WARN kycontroller::kymux_controller::server - Kynet accept failed: connection error: Endpoint closed
2026-09-15T20:58:21.337 WARN kycontroller::kymux_controller::server - Kynet accept failed: connection error: Endpoint closed
2026-09-15T20:58:21.337 WARN kycontroller::kymux_controller::server - Kynet accept failed: connection error: Endpoint closed
2026-09-15T20:58:21.337 WARN kycontroller::kymux_controller::server - Kynet accept failed: connection error: Endpoint closed
2026-09-15T20:58:21.337 WARN kycontroller::kymux_controller::server - Kynet accept failed: connection error: Endpoint closed
2026-09-15T20:58:21.337 WARN kycontroller::kymux_controller::server - Kynet accept failed: connection error: Endpoint closed
2026-09-15T20:58:21.337 WARN kycontroller::kymux_controller::server - Kynet accept failed: connection error: Endpoint closed
2026-09-15T20:58:21.337 WARN kycontroller::kymux_controller::server - Kynet accept failed: connection error: Endpoint closed
2026-09-15T20:58:21.337 WARN kycontroller::kymux_controller::server - Kynet accept failed: connection error: Endpoint closed
2026-09-15T20:58:21.337 WARN kycontroller::kymux_controller::server - Kynet accept failed: connection error: Endpoint closed
2026-09-15T20:58:21.337 WARN kycontroller::kymux_controller::server - Kynet accept failed: connection error: Endpoint closed
2026-09-15T20:58:21.337 WARN kycontroller::kymux_controller::server - Kynet accept failed: connection error: Endpoint closed
2026-09-15T20:58:21.337 WARN kycontroller::kymux_controller::server - Kynet accept failed: connection error: Endpoint closed
2026-09-15T20:58:21.337 WARN kycontroller::kymux_controller::server - Kynet accept failed: connection error: Endpoint closed
2026-09-15T20:58:21.337 WARN kycontroller::kymux_controller::server - Kynet accept failed: connection error: Endpoint closed
2026-09-15T20:58:21.337 WARN kycontroller::kymux_controller::server - Kynet accept failed: connection error: Endpoint closed
2026-09-15T20:58:21.337 WARN kycontroller::kymux_controller::server - Kynet accept failed: connection error: Endpoint closed
2026-09-15T20:58:21.337 WARN kycontroller::kymux_controller::server - Kynet accept failed: connection error: Endpoint closed
2026-09-15T20:58:21.337 WARN kycontroller::kymux_controller::server - Kynet accept failed: connection error: Endpoint closed
2026-09-15T20:58:21.337 WARN kycontroller::kymux_controller::server - Kynet accept failed: connection error: Endpoint closed
2026-09-15T20:58:21.337 WARN kycontroller::kymux_controller::server - Kynet accept failed: connection error: Endpoint closed
2026-09-15T20:58:21.337 WARN kycontroller::kymux_controller::server - Kynet accept failed: connection error: Endpoint closed
2026-09-15T20:58:21.337 WARN kycontroller::kymux_controller::server - Kynet accept failed: connection error: Endpoint closed
2026-09-15T20:58:21.337 WARN kycontroller::kymux_controller::server - Kynet accept failed: connection error: Endpoint closed
2026-09-15T20:58:21.337 WARN kycontroller::kymux_controller::server - Kynet accept failed: connection error: Endpoint closed
2026-09-15T20:58:21.337 WARN kycontroller::kymux_controller::server - Kynet accept failed: connection error: Endpoint closed
2026-09-15T20:58:21.337 WARN kycontroller::kymux_controller::server - Kynet accept failed: connection error: Endpoint closed
2026-09-15T20:58:21.337 WARN kycontroller::kymux_controller::server - Kynet accept failed: connection error: Endpoint closed
2026-09-15T20:58:21.337 WARN kycontroller::kymux_controller::server - Kynet accept failed: connection error: Endpoint closed
2026-09-15T20:58:21.337 WARN kycontroller::kymux_controller::server - Kynet accept failed: connection error: Endpoint closed
2026-09-15T20:58:21.337 WARN kycontroller::kymux_controller::server - Kynet accept failed: connection error: Endpoint closed
2026-09-15T20:58:21.337 WARN kycontroller::kymux_controller::server - Kynet accept failed: connection error: Endpoint closed
2026-09-15T20:58:21.337 WARN kycontroller::kymux_controller::server - Kynet accept failed: connection error: Endpoint closed
2026-09-15T20:58:21.337 WARN kycontroller::kymux_controller::server - Kynet accept failed: connection error: Endpoint closed
2026-09-15T20:58:21.337 WARN kycontroller::kymux_controller::server - Kynet accept failed: connection error: Endpoint closed
2026-09-15T20:58:21.337 WARN kycontroller::kymux_controller::server - Kynet accept failed: connection error: Endpoint closed
2026-09-15T20:58:21.337 WARN kycontroller::kymux_controller::server - Kynet accept failed: connection error: Endpoint closed
2026-09-15T20:58:21.337 WARN kycontroller::kymux_controller::server - Kynet accept failed: connection error: Endpoint closed
2026-09-15T20:58:21.337 WARN kycontroller::kymux_controller::server - Kynet accept failed: connection error: Endpoint closed
2026-09-15T20:58:21.337 WARN kycontroller::kymux_controller::server - Kynet accept failed: connection error: Endpoint closed
2026-09-15T20:58:21.337 WARN kycontroller::kymux_controller::server - Kynet accept failed: connection error: Endpoint closed
2026-09-15T20:58:21.337 WARN kycontroller::kymux_controller::server - Kynet accept failed: connection error: Endpoint closed
2026-09-15T20:58:21.337 WARN kycontroller::kymux_controller::server - Kynet accept failed: connection error: Endpoint closed
2026-09-15T20:58:21.337 WARN kycontroller::kymux_controller::server - Kynet accept failed: connection error: Endpoint closed
2026-09-15T20:58:21.337 WARN kycontroller::kymux_controller::server - Kynet accept failed: connection error: Endpoint closed
2026-09-15T20:58:21.337 WARN kycontroller::kymux_controller::server - Kynet accept failed: connection error: Endpoint closed
2026-09-15T20:58:21.337 WARN kycontroller::kymux_controller::server - Kynet accept failed: connection error: Endpoint closed
2026-09-15T20:58:21.337 WARN kycontroller::kymux_controller::server - Kynet accept failed: connection error: Endpoint closed
2026-09-15T20:58:21.337 WARN kycontroller::kymux_controller::server - Kynet accept failed: connection error: Endpoint closed
2026-09-15T20:58:21.337 WARN kycontroller::kymux_controller::server - Kynet accept failed: connection error: Endpoint closed
2026-09-15T20:58:21.337 WARN kycontroller::kymux_controller::server - Kynet accept failed: connection error: Endpoint closed
2026-09-15T20:58:21.337 WARN kycontroller::kymux_controller::server - Kynet accept failed: connection error: Endpoint closed
2026-09-15T20:58:21.337 WARN kycontroller::kymux_controller::server - Kynet accept failed: connection error: Endpoint closed
2026-09-15T20:58:21.337 WARN kycontroller::kymux_controller::server - Kynet accept failed: connection error: Endpoint closed
2026-09-15T20:58:21.337 WARN kycontroller::kymux_controller::server - Kynet accept failed: connection error: Endpoint closed
2026-09-15T20:58:21.337 WARN kycontroller::kymux_controller::server - Kynet accept failed: connection error: Endpoint closed
2026-09-15T20:58:21.337 WARN kycontroller::kymux_controller::server - Kynet accept failed: connection error: Endpoint closed
2026-09-15T20:58:21.337 WARN kycontroller::kymux_controller::server - Kynet accept failed: connection error: Endpoint closed
2026-09-15T20:58:21.337 WARN kycontroller::kymux_controller::server - Kynet accept failed: connection error: Endpoint closed
2026-09-15T20:58:21.337 WARN kycontroller::kymux_controller::server - Kynet accept failed: connection error: Endpoint closed
2026-09-15T20:58:21.337 WARN kycontroller::kymux_controller::server - Kynet accept failed: connection error: Endpoint closed
2026-09-15T20:58:21.337 WARN kycontroller::kymux_controller::server - Kynet accept failed: connection error: Endpoint closed
2026-09-15T20:58:21.337 WARN kycontroller::kymux_controller::server - Kynet accept failed: connection error: Endpoint closed
2026-09-15T20:58:21.337 WARN kycontroller::kymux_controller::server - Kynet accept failed: connection error: Endpoint closed
2026-09-15T20:58:21.337 WARN kycontroller::kymux_controller::server - Kynet accept failed: connection error: Endpoint closed
2026-09-15T20:58:21.337 WARN kycontroller::kymux_controller::server - Kynet accept failed: connection error: Endpoint closed
2026-09-15T20:58:21.337 WARN kycontroller::kymux_controller::server - Kynet accept failed: connection error: Endpoint closed
2026-09-15T20:58:21.337 WARN kycontroller::kymux_controller::server - Kynet accept failed: connection error: Endpoint closed
2026-09-15T20:58:21.337 WARN kycontroller::kymux_controller::server - Kynet accept failed: connection error: Endpoint closed
2026-09-15T20:58:21.337 WARN kycontroller::kymux_controller::server - Kynet accept failed: connection error: Endpoint closed
2026-09-15T20:58:21.337 WARN kycontroller::kymux_controller::server - Kynet accept failed: connection error: Endpoint closed
2026-09-15T20:58:21.337 WARN kycontroller::kymux_controller::server - Kynet accept failed: connection error: Endpoint closed
2026-09-15T20:58:21.337 WARN kycontroller::kymux_controller::server - Kynet accept failed: connection error: Endpoint closed
2026-09-15T20:58:21.337 WARN kycontroller::kymux_controller::server - Kynet accept failed: connection error: Endpoint closed
2026-09-15T20:58:21.337 WARN kycontroller::kymux_controller::server - Kynet accept failed: connection error: Endpoint closed
2026-09-15T20:58:21.337 WARN kycontroller::kymux_controller::server - Kynet accept failed: connection error: Endpoint closed
2026-09-15T20:58:21.337 WARN kycontroller::kymux_controller::server - Kynet accept failed: connection error: Endpoint closed
2026-09-15T20:58:21.337 WARN kycontroller::kymux_controller::server - Kynet accept failed: connection error: Endpoint closed
2026-09-15T20:58:21.337 WARN kycontroller::kymux_controller::server - Kynet accept failed: connection error: Endpoint closed
2026-09-15T20:58:21.337 WARN kycontroller::kymux_controller::server - Kynet accept failed: connection error: Endpoint closed
2026-09-15T20:58:21.337 WARN kycontroller::kymux_controller::server - Kynet accept failed: connection error: Endpoint closed
2026-09-15T20:58:21.337 WARN kycontroller::kymux_controller::server - Kynet accept failed: connection error: Endpoint closed
2026-09-15T20:58:21.337 WARN kycontroller::kymux_controller::server - Kynet accept failed: connection error: Endpoint closed
2026-09-15T20:58:21.337 WARN kycontroller::kymux_controller::server - Kynet accept failed: connection error: Endpoint closed
2026-09-15T20:58:21.337 WARN kycontroller::kymux_controller::server - Kynet accept failed: connection error: Endpoint closed
2026-09-15T20:58:21.337 WARN kycontroller::kymux_controller::server - Kynet accept failed: connection error: Endpoint closed
2026-09-15T20:58:21.337 WARN kycontroller::kymux_controller::server - Kynet accept failed: connection error: Endpoint closed
2026-09-15T20:58:21.337 WARN kycontroller::kymux_controller::server - Kynet accept failed: connection error: Endpoint closed
2026-09-15T20:58:21.337 WARN kycontroller::kymux_controller::server - Kynet accept failed: connection error: Endpoint closed
2026-09-15T20:58:21.337 WARN kycontroller::kymux_controller::server - Kynet accept failed: connection error: Endpoint closed
2026-09-15T20:58:21.337 WARN kycontroller::kymux_controller::server - Kynet accept failed: connection error: Endpoint closed
2026-09-15T20:58:21.337 WARN kycontroller::kymux_controller::server - Kynet accept failed: connection error: Endpoint closed
2026-09-15T20:58:21.337 WARN kycontroller::kymux_controller::server - Kynet accept failed: connection error: Endpoint closed
2026-09-15T20:58:21.337 WARN kycontroller::kymux_controller::server - Kynet accept failed: connection error: Endpoint closed
2026-09-15T20:58:21.337 WARN kycontroller::kymux_controller::server - Kynet accept failed: connection error: Endpoint closed
2026-09-15T20:58:21.337 WARN kycontroller::kymux_controller::server - Kynet accept failed: connection error: Endpoint closed
2026-09-15T20:58:21.337 WARN kycontroller::kymux_controller::server - Kynet accept failed: connection error: Endpoint closed
2026-09-15T20:58:21.337 WARN kycontroller::kymux_controller::server - Kynet accept failed: connection error: Endpoint closed
2026-09-15T20:58:21.337 WARN kycontroller::kymux_controller::server - Kynet accept failed: connection error: Endpoint closed
2026-09-15T20:58:21.337 WARN kycontroller::kymux_controller::server - Kynet accept failed: connection error: Endpoint closed
2026-09-15T20:58:21.337 WARN kycontroller::kymux_controller::server - Kynet accept failed: connection error: Endpoint closed
2026-09-15T20:58:21.337 WARN kycontroller::kymux_controller::server - Kynet accept failed: connection error: Endpoint closed
2026-09-15T20:58:21.337 WARN kycontroller::kymux_controller::server - Kynet accept failed: connection error: Endpoint closed
2026-09-15T20:58:21.337 WARN kycontroller::kymux_controller::server - Kynet accept failed: connection error: Endpoint closed
2026-09-15T20:58:21.337 WARN kycontroller::kymux_controller::server - Kynet accept failed: connection error: Endpoint closed
2026-09-15T20:58:21.337 WARN kycontroller::kymux_controller::server - Kynet accept failed: connection error: Endpoint closed
2026-09-15T20:58:21.337 WARN kycontroller::kymux_controller::server - Kynet accept failed: connection error: Endpoint closed
2026-09-15T20:58:21.338 WARN kycontroller::kymux_controller::server - Kynet accept failed: connection error: Endpoint closed
2026-09-15T20:58:21.338 WARN kycontroller::kymux_controller::server - Kynet accept failed: connection error: Endpoint closed
2026-09-15T20:58:21.338 WARN kycontroller::kymux_controller::server - Kynet accept failed: connection error: Endpoint closed
2026-09-15T20:58:21.338 WARN kycontroller::kymux_controller::server - Kynet accept failed: connection error: Endpoint closed
2026-09-15T20:58:21.338 WARN kycontroller::kymux_controller::server - Kynet accept failed: connection error: Endpoint closed
2026-09-15T20:58:21.338 WARN kycontroller::kymux_controller::server - Kynet accept failed: connection error: Endpoint closed
2026-09-15T20:58:21.338 WARN kycontroller::kymux_controller::server - Kynet accept failed: connection error: Endpoint closed
2026-09-15T20:58:21.338 WARN kycontroller::kymux_controller::server - Kynet accept failed: connection error: Endpoint closed
2026-09-15T20:58:21.338 WARN kycontroller::kymux_controller::server - Kynet accept failed: connection error: Endpoint closed
2026-09-15T20:58:21.338 WARN kycontroller::kymux_controller::server - Kynet accept failed: connection error: Endpoint closed
2026-09-15T20:58:21.338 WARN kycontroller::kymux_controller::server - Kynet accept failed: connection error: Endpoint closed
2026-09-15T20:58:21.338 WARN kycontroller::kymux_controller::server - Kynet accept failed: connection error: Endpoint closed
2026-09-15T20:58:21.338 WARN kycontroller::kymux_controller::server - Kynet accept failed: connection error: Endpoint closed
2026-09-15T20:58:21.338 WARN kycontroller::kymux_controller::server - Kynet accept failed: connection error: Endpoint closed
2026-09-15T20:58:21.338 WARN kycontroller::kymux_controller::server - Kynet accept failed: connection error: Endpoint closed
2026-09-15T20:58:21.338 WARN kycontroller::kymux_controller::server - Kynet accept failed: connection error: Endpoint closed
2026-09-15T20:58:21.338 WARN kycontroller::kymux_controller::server - Kynet accept failed: connection error: Endpoint closed
2026-09-15T20:58:21.338 WARN kycontroller::kymux_controller::server - Kynet accept failed: connection error: Endpoint closed
2026-09-15T20:58:21.338 WARN kycontroller::kymux_controller::server - Kynet accept failed: connection error: Endpoint closed
2026-09-15T20:58:21.338 WARN kycontroller::kymux_controller::server - Kynet accept failed: connection error: Endpoint closed
2026-09-15T20:58:21.338 WARN kycontroller::kymux_controller::server - Kynet accept failed: connection error: Endpoint closed
2026-09-15T20:58:21.338 WARN kycontroller::kymux_controller::server - Kynet accept failed: connection error: Endpoint closed
2026-09-15T20:58:21.338 WARN kycontroller::kymux_controller::server - Kynet accept failed: connection error: Endpoint closed
2026-09-15T20:58:21.338 WARN kycontroller::kymux_controller::server - Kynet accept failed: connection error: Endpoint closed
2026-09-15T20:58:21.338 WARN kycontroller::kymux_controller::server - Kynet accept failed: connection error: Endpoint closed
2026-09-15T20:58:21.338 WARN kycontroller::kymux_controller::server - Kynet accept failed: connection error: Endpoint closed
2026-09-15T20:58:21.338 WARN kycontroller::kymux_controller::server - Kynet accept failed: connection error: Endpoint closed
2026-09-15T20:58:21.338 WARN kycontroller::kymux_controller::server - Kynet accept failed: connection error: Endpoint closed
2026-09-15T20:58:21.338 WARN kycontroller::kymux_controller::server - Kynet accept failed: connection error: Endpoint closed
2026-09-15T20:58:21.338 WARN kycontroller::kymux_controller::server - Kynet accept failed: connection error: Endpoint closed
2026-09-15T20:58:21.338 WARN kycontroller::kymux_controller::server - Kynet accept failed: connection error: Endpoint closed
2026-09-15T20:58:21.338 WARN kycontroller::kymux_controller::server - Kynet accept failed: connection error: Endpoint closed
2026-09-15T20:58:21.338 WARN kycontroller::kymux_controller::server - Kynet accept failed: connection error: Endpoint closed
2026-09-15T20:58:21.338 WARN kycontroller::kymux_controller::server - Kynet accept failed: connection error: Endpoint closed
2026-09-15T20:58:21.338 WARN kycontroller::kymux_controller::server - Kynet accept failed: connection error: Endpoint closed
2026-09-15T20:58:21.338 WARN kycontroller::kymux_controller::server - Kynet accept failed: connection error: Endpoint closed
2026-09-15T20:58:21.338 WARN kycontroller::kymux_controller::server - Kynet accept failed: connection error: Endpoint closed
2026-09-15T20:58:21.338 WARN kycontroller::kymux_controller::server - Kynet accept failed: connection error: Endpoint closed
2026-09-15T20:58:21.338 WARN kycontroller::kymux_controller::server - Kynet accept failed: connection error: Endpoint closed
2026-09-15T20:58:21.338 WARN kycontroller::kymux_controller::server - Kynet accept failed: connection error: Endpoint closed
2026-09-15T20:58:21.338 WARN kycontroller::kymux_controller::server - Kynet accept failed: connection error: Endpoint closed
2026-09-15T20:58:21.338 WARN kycontroller::kymux_controller::server - Kynet accept failed: connection error: Endpoint closed
2026-09-15T20:58:21.338 WARN kycontroller::kymux_controller::server - Kynet accept failed: connection error: Endpoint closed
2026-09-15T20:58:21.338 WARN kycontroller::kymux_controller::server - Kynet accept failed: connection error: Endpoint closed
2026-09-15T20:58:21.338 WARN kycontroller::kymux_controller::server - Kynet accept failed: connection error: Endpoint closed
2026-09-15T20:58:21.338 WARN kycontroller::kymux_controller::server - Kynet accept failed: connection error: Endpoint closed
2026-09-15T20:58:21.338 WARN kycontroller::kymux_controller::server - Kynet accept failed: connection error: Endpoint closed
2026-09-15T20:58:21.338 WARN kycontroller::kymux_controller::server - Kynet accept failed: connection error: Endpoint closed
2026-09-15T20:58:21.338 WARN kycontroller::kymux_controller::server - Kynet accept failed: connection error: Endpoint closed
2026-09-15T20:58:21.338 WARN kycontroller::kymux_controller::server - Kynet accept failed: connection error: Endpoint closed
2026-09-15T20:58:21.338 WARN kycontroller::kymux_controller::server - Kynet accept failed: connection error: Endpoint closed
2026-09-15T20:58:21.338 WARN kycontroller::kymux_controller::server - Kynet accept failed: connection error: Endpoint closed
2026-09-15T20:58:21.338 WARN kycontroller::kymux_controller::server - Kynet accept failed: connection error: Endpoint closed
2026-09-15T20:58:21.338 WARN kycontroller::kymux_controller::server - Kynet accept failed: connection error: Endpoint closed
2026-09-15T20:58:21.338 WARN kycontroller::kymux_controller::server - Kynet accept failed: connection error: Endpoint closed
2026-09-15T20:58:21.338 WARN kycontroller::kymux_controller::server - Kynet accept failed: connection error: Endpoint closed
2026-09-15T20:58:21.338 WARN kycontroller::kymux_controller::server - Kynet accept failed: connection error: Endpoint closed
2026-09-15T20:58:21.338 WARN kycontroller::kymux_controller::server - Kynet accept failed: connection error: Endpoint closed
2026-09-15T20:58:21.338 WARN kycontroller::kymux_controller::server - Kynet accept failed: connection error: Endpoint closed
2026-09-15T20:58:21.338 WARN kycontroller::kymux_controller::server - Kynet accept failed: connection error: Endpoint closed
2026-09-15T20:58:21.338 WARN kycontroller::kymux_controller::server - Kynet accept failed: connection error: Endpoint closed
2026-09-15T20:58:21.338 WARN kycontroller::kymux_controller::server - Kynet accept failed: connection error: Endpoint closed
2026-09-15T20:58:21.338 WARN kycontroller::kymux_controller::server - Kynet accept failed: connection error: Endpoint closed
2026-09-15T20:58:21.338 WARN kycontroller::kymux_controller::server - Kynet accept failed: connection error: Endpoint closed
2026-09-15T20:58:21.338 WARN kycontroller::kymux_controller::server - Kynet accept failed: connection error: Endpoint closed
2026-09-15T20:58:21.338 WARN kycontroller::kymux_controller::server - Kynet accept failed: connection error: Endpoint closed
2026-09-15T20:58:21.338 WARN kycontroller::kymux_controller::server - Kynet accept failed: connection error: Endpoint closed
2026-09-15T20:58:21.338 WARN kycontroller::kymux_controller::server - Kynet accept failed: connection error: Endpoint closed
2026-09-15T20:58:21.338 WARN kycontroller::kymux_controller::server - Kynet accept failed: connection error: Endpoint closed
2026-09-15T20:58:21.338 WARN kycontroller::kymux_controller::server - Kynet accept failed: connection error: Endpoint closed
2026-09-15T20:58:21.338 WARN kycontroller::kymux_controller::server - Kynet accept failed: connection error: Endpoint closed
2026-09-15T20:58:21.338 WARN kycontroller::kymux_controller::server - Kynet accept failed: connection error: Endpoint closed
2026-09-15T20:58:21.338 WARN kycontroller::kymux_controller::server - Kynet accept failed: connection error: Endpoint closed
2026-09-15T20:58:21.338 WARN kycontroller::kymux_controller::server - Kynet accept failed: connection error: Endpoint closed
2026-09-15T20:58:21.338 WARN kycontroller::kymux_controller::server - Kynet accept failed: connection error: Endpoint closed
2026-09-15T20:58:21.338 WARN kycontroller::kymux_controller::server - Kynet accept failed: connection error: Endpoint closed
2026-09-15T20:58:21.338 WARN kycontroller::kymux_controller::server - Kynet accept failed: connection error: Endpoint closed
2026-09-15T20:58:21.338 WARN kycontroller::kymux_controller::server - Kynet accept failed: connection error: Endpoint closed
2026-09-15T20:58:21.338 WARN kycontroller::kymux_controller::server - Kynet accept failed: connection error: Endpoint closed
2026-09-15T20:58:21.338 WARN kycontroller::kymux_controller::server - Kynet accept failed: connection error: Endpoint closed
2026-09-15T20:58:21.338 WARN kycontroller::kymux_controller::server - Kynet accept failed: connection error: Endpoint closed
2026-09-15T20:58:21.338 WARN kycontroller::kymux_controller::server - Kynet accept failed: connection error: Endpoint closed
2026-09-15T20:58:21.338 WARN kycontroller::kymux_controller::server - Kynet accept failed: connection error: Endpoint closed
2026-09-15T20:58:21.338 WARN kycontroller::kymux_controller::server - Kynet accept failed: connection error: Endpoint closed
2026-09-15T20:58:21.338 WARN kycontroller::kymux_controller::server - Kynet accept failed: connection error: Endpoint closed
2026-09-15T20:58:21.338 WARN kycontroller::kymux_controller::server - Kynet accept failed: connection error: Endpoint closed
2026-09-15T20:58:21.338 WARN kycontroller::kymux_controller::server - Kynet accept failed: connection error: Endpoint closed
2026-09-15T20:58:21.338 WARN kycontroller::kymux_controller::server - Kynet accept failed: connection error: Endpoint closed
2026-09-15T20:58:21.338 WARN kycontroller::kymux_controller::server - Kynet accept failed: connection error: Endpoint closed
2026-09-15T20:58:21.338 WARN kycontroller::kymux_controller::server - Kynet accept failed: connection error: Endpoint closed
2026-09-15T20:58:21.338 WARN kycontroller::kymux_controller::server - Kynet accept failed: connection error: Endpoint closed
2026-09-15T20:58:21.338 WARN kycontroller::kymux_controller::server - Kynet accept failed: connection error: Endpoint closed
2026-09-15T20:58:21.338 WARN kycontroller::kymux_controller::server - Kynet accept failed: connection error: Endpoint closed
2026-09-15T20:58:21.338 WARN kycontroller::kymux_controller::server - Kynet accept failed: connection error: Endpoint closed
2026-09-15T20:58:21.338 WARN kycontroller::kymux_controller::server - Kynet accept failed: connection error: Endpoint closed
2026-09-15T20:58:21.338 WARN kycontroller::kymux_controller::server - Kynet accept failed: connection error: Endpoint closed
2026-09-15T20:58:21.338 WARN kycontroller::kymux_controller::server - Kynet accept failed: connection error: Endpoint closed
2026-09-15T20:58:21.338 WARN kycontroller::kymux_controller::server - Kynet accept failed: connection error: Endpoint closed
2026-09-15T20:58:21.338 WARN kycontroller::kymux_controller::server - Kynet accept failed: connection error: Endpoint closed
2026-09-15T20:58:21.338 WARN kycontroller::kymux_controller::server - Kynet accept failed: connection error: Endpoint closed
2026-09-15T20:58:21.338 WARN kycontroller::kymux_controller::server - Kynet accept failed: connection error: Endpoint closed
2026-09-15T20:58:21.338 WARN kycontroller::kymux_controller::server - Kynet accept failed: connection error: Endpoint closed
2026-09-15T20:58:21.338 WARN kycontroller::kymux_controller::server - Kynet accept failed: connection error: Endpoint closed
2026-09-15T20:58:21.338 WARN kycontroller::kymux_controller::server - Kynet accept failed: connection error: Endpoint closed
2026-09-15T20:58:21.338 WARN kycontroller::kymux_controller::server - Kynet accept failed: connection error: Endpoint closed
2026-09-15T20:58:21.338 WARN kycontroller::kymux_controller::server - Kynet accept failed: connection error: Endpoint closed
2026-09-15T20:58:21.338 WARN kycontroller::kymux_controller::server - Kynet accept failed: connection error: Endpoint closed
2026-09-15T20:58:21.338 WARN kycontroller::kymux_controller::server - Kynet accept failed: connection error: Endpoint closed
2026-09-15T20:58:21.338 WARN kycontroller::kymux_controller::server - Kynet accept failed: connection error: Endpoint closed
2026-09-15T20:58:21.338 WARN kycontroller::kymux_controller::server - Kynet accept failed: connection error: Endpoint closed
2026-09-15T20:58:21.338 WARN kycontroller::kymux_controller::server - Kynet accept failed: connection error: Endpoint closed
2026-09-15T20:58:21.338 WARN kycontroller::kymux_controller::server - Kynet accept failed: connection error: Endpoint closed
2026-09-15T20:58:21.338 WARN kycontroller::kymux_controller::server - Kynet accept failed: connection error: Endpoint closed
2026-09-15T20:58:21.338 WARN kycontroller::kymux_controller::server - Kynet accept failed: connection error: Endpoint closed
2026-09-15T20:58:21.339 WARN kycontroller::kymux_controller::server - Kynet accept failed: connection error: Endpoint closed
2026-09-15T20:58:21.339 WARN kycontroller::kymux_controller::server - Kynet accept failed: connection error: Endpoint closed
2026-09-15T20:58:21.339 WARN kycontroller::kymux_controller::server - Kynet accept failed: connection error: Endpoint closed
2026-09-15T20:58:21.339 WARN kycontroller::kymux_controller::server - Kynet accept failed: connection error: Endpoint closed
2026-09-15T20:58:21.339 WARN kycontroller::kymux_controller::server - Kynet accept failed: connection error: Endpoint closed
2026-09-15T20:58:21.339 WARN kycontroller::kymux_controller::server - Kynet accept failed: connection error: Endpoint closed
2026-09-15T20:58:21.339 WARN kycontroller::kymux_controller::server - Kynet accept failed: connection error: Endpoint closed
2026-09-15T20:58:21.339 WARN kycontroller::kymux_controller::server - Kynet accept failed: connection error: Endpoint closed
2026-09-15T20:58:21.339 WARN kycontroller::kymux_controller::server - Kynet accept failed: connection error: Endpoint closed
2026-09-15T20:58:21.339 WARN kycontroller::kymux_controller::server - Kynet accept failed: connection error: Endpoint closed
2026-09-15T20:58:21.339 WARN kycontroller::kymux_controller::server - Kynet accept failed: connection error: Endpoint closed
2026-09-15T20:58:21.339 WARN kycontroller::kymux_controller::server - Kynet accept failed: connection error: Endpoint closed
2026-09-15T20:58:21.339 WARN kycontroller::kymux_controller::server - Kynet accept failed: connection error: Endpoint closed
2026-09-15T20:58:21.339 WARN kycontroller::kymux_controller::server - Kynet accept failed: connection error: Endpoint closed
2026-09-15T20:58:21.339 WARN kycontroller::kymux_controller::server - Kynet accept failed: connection error: Endpoint closed
2026-09-15T20:58:21.339 WARN kycontroller::kymux_controller::server - Kynet accept failed: connection error: Endpoint closed
2026-09-15T20:58:21.339 WARN kycontroller::kymux_controller::server - Kynet accept failed: connection error: Endpoint closed
2026-09-15T20:58:21.339 WARN kycontroller::kymux_controller::server - Kynet accept failed: connection error: Endpoint closed
2026-09-15T20:58:21.339 WARN kycontroller::kymux_controller::server - Kynet accept failed: connection error: Endpoint closed
2026-09-15T20:58:21.339 WARN kycontroller::kymux_controller::server - Kynet accept failed: connection error: Endpoint closed
2026-09-15T20:58:21.339 WARN kycontroller::kymux_controller::server - Kynet accept failed: connection error: Endpoint closed
2026-09-15T20:58:21.339 WARN kycontroller::kymux_controller::server - Kynet accept failed: connection error: Endpoint closed
2026-09-15T20:58:21.339 WARN kycontroller::kymux_controller::server - Kynet accept failed: connection error: Endpoint closed
2026-09-15T20:58:21.339 WARN kycontroller::kymux_controller::server - Kynet accept failed: connection error: Endpoint closed
2026-09-15T20:58:21.339 WARN kycontroller::kymux_controller::server - Kynet accept failed: connection error: Endpoint closed
2026-09-15T20:58:21.339 WARN kycontroller::kymux_controller::server - Kynet accept failed: connection error: Endpoint closed
2026-09-15T20:58:21.339 WARN kycontroller::kymux_controller::server - Kynet accept failed: connection error: Endpoint closed
2026-09-15T20:58:21.339 WARN kycontroller::kymux_controller::server - Kynet accept failed: connection error: Endpoint closed
2026-09-15T20:58:21.339 WARN kycontroller::kymux_controller::server - Kynet accept failed: connection error: Endpoint closed
2026-09-15T20:58:21.339 WARN kycontroller::kymux_controller::server - Kynet accept failed: connection error: Endpoint closed
2026-09-15T20:58:21.339 WARN kycontroller::kymux_controller::server - Kynet accept failed: connection error: Endpoint closed
2026-09-15T20:58:21.339 WARN kycontroller::kymux_controller::server - Kynet accept failed: connection error: Endpoint closed
2026-09-15T20:58:21.339 WARN kycontroller::kymux_controller::server - Kynet accept failed: connection error: Endpoint closed
2026-09-15T20:58:21.339 WARN kycontroller::kymux_controller::server - Kynet accept failed: connection error: Endpoint closed
2026-09-15T20:58:21.339 WARN kycontroller::kymux_controller::server - Kynet accept failed: connection error: Endpoint closed
2026-09-15T20:58:21.339 WARN kycontroller::kymux_controller::server - Kynet accept failed: connection error: Endpoint closed
2026-09-15T20:58:21.339 WARN kycontroller::kymux_controller::server - Kynet accept failed: connection error: Endpoint closed
2026-09-15T20:58:21.339 WARN kycontroller::kymux_controller::server - Kynet accept failed: connection error: Endpoint closed
2026-09-15T20:58:21.339 WARN kycontroller::kymux_controller::server - Kynet accept failed: connection error: Endpoint closed
2026-09-15T20:58:21.339 WARN kycontroller::kymux_controller::server - Kynet accept failed: connection error: Endpoint closed
2026-09-15T20:58:21.339 WARN kycontroller::kymux_controller::server - Kynet accept failed: connection error: Endpoint closed
2026-09-15T20:58:21.339 WARN kycontroller::kymux_controller::server - Kynet accept failed: connection error: Endpoint closed
2026-09-15T20:58:21.339 WARN kycontroller::kymux_controller::server - Kynet accept failed: connection error: Endpoint closed
2026-09-15T20:58:21.339 WARN kycontroller::kymux_controller::server - Kynet accept failed: connection error: Endpoint closed
2026-09-15T20:58:21.339 WARN kycontroller::kymux_controller::server - Kynet accept failed: connection error: Endpoint closed
2026-09-15T20:58:21.339 WARN kycontroller::kymux_controller::server - Kynet accept failed: connection error: Endpoint closed
2026-09-15T20:58:21.339 WARN kycontroller::kymux_controller::server - Kynet accept failed: connection error: Endpoint closed
2026-09-15T20:58:21.339 WARN kycontroller::kymux_controller::server - Kynet accept failed: connection error: Endpoint closed
2026-09-15T20:58:21.339 WARN kycontroller::kymux_controller::server - Kynet accept failed: connection error: Endpoint closed
2026-09-15T20:58:21.339 WARN kycontroller::kymux_controller::server - Kynet accept failed: connection error: Endpoint closed
2026-09-15T20:58:21.339 WARN kycontroller::kymux_controller::server - Kynet accept failed: connection error: Endpoint closed
2026-09-15T20:58:21.339 WARN kycontroller::kymux_controller::server - Kynet accept failed: connection error: Endpoint closed
2026-09-15T20:58:21.339 WARN kycontroller::kymux_controller::server - Kynet accept failed: connection error: Endpoint closed
2026-09-15T20:58:21.339 WARN kycontroller::kymux_controller::server - Kynet accept failed: connection error: Endpoint closed
2026-09-15T20:58:21.339 WARN kycontroller::kymux_controller::server - Kynet accept failed: connection error: Endpoint closed
2026-09-15T20:58:21.339 WARN kycontroller::kymux_controller::server - Kynet accept failed: connection error: Endpoint closed
2026-09-15T20:58:21.339 WARN kycontroller::kymux_controller::server - Kynet accept failed: connection error: Endpoint closed
2026-09-15T20:58:21.339 WARN kycontroller::kymux_controller::server - Kynet accept failed: connection error: Endpoint closed
2026-09-15T20:58:21.339 WARN kycontroller::kymux_controller::server - Kynet accept failed: connection error: Endpoint closed
2026-09-15T20:58:21.339 WARN kycontroller::kymux_controller::server - Kynet accept failed: connection error: Endpoint closed
2026-09-15T20:58:21.339 WARN kycontroller::kymux_controller::server - Kynet accept failed: connection error: Endpoint closed
2026-09-15T20:58:21.339 WARN kycontroller::kymux_controller::server - Kynet accept failed: connection error: Endpoint closed
2026-09-15T20:58:21.339 WARN kycontroller::kymux_controller::server - Kynet accept failed: connection error: Endpoint closed
2026-09-15T20:58:21.339 WARN kycontroller::kymux_controller::server - Kynet accept failed: connection error: Endpoint closed
2026-09-15T20:58:21.339 WARN kycontroller::kymux_controller::server - Kynet accept failed: connection error: Endpoint closed
2026-09-15T20:58:21.339 WARN kycontroller::kymux_controller::server - Kynet accept failed: connection error: Endpoint closed
2026-09-15T20:58:21.339 WARN kycontroller::kymux_controller::server - Kynet accept failed: connection error: Endpoint closed
2026-09-15T20:58:21.339 WARN kycontroller::kymux_controller::server - Kynet accept failed: connection error: Endpoint closed
2026-09-15T20:58:21.339 WARN kycontroller::kymux_controller::server - Kynet accept failed: connection error: Endpoint closed
2026-09-15T20:58:21.339 WARN kycontroller::kymux_controller::server - Kynet accept failed: connection error: Endpoint closed
2026-09-15T20:58:21.339 WARN kycontroller::kymux_controller::server - Kynet accept failed: connection error: Endpoint closed
2026-09-15T20:58:21.339 WARN kycontroller::kymux_controller::server - Kynet accept failed: connection error: Endpoint closed
2026-09-15T20:58:21.339 WARN kycontroller::kymux_controller::server - Kynet accept failed: connection error: Endpoint closed
2026-09-15T20:58:21.339 WARN kycontroller::kymux_controller::server - Kynet accept failed: connection error: Endpoint closed
2026-09-15T20:58:21.339 WARN kycontroller::kymux_controller::server - Kynet accept failed: connection error: Endpoint closed
2026-09-15T20:58:21.339 WARN kycontroller::kymux_controller::server - Kynet accept failed: connection error: Endpoint closed
2026-09-15T20:58:21.339 WARN kycontroller::kymux_controller::server - Kynet accept failed: connection error: Endpoint closed
2026-09-15T20:58:21.339 WARN kycontroller::kymux_controller::server - Kynet accept failed: connection error: Endpoint closed
2026-09-15T20:58:21.339 WARN kycontroller::kymux_controller::server - Kynet accept failed: connection error: Endpoint closed
2026-09-15T20:58:21.339 WARN kycontroller::kymux_controller::server - Kynet accept failed: connection error: Endpoint closed
2026-09-15T20:58:21.339 WARN kycontroller::kymux_controller::server - Kynet accept failed: connection error: Endpoint closed
2026-09-15T20:58:21.339 WARN kycontroller::kymux_controller::server - Kynet accept failed: connection error: Endpoint closed
2026-09-15T20:58:21.339 WARN kycontroller::kymux_controller::server - Kynet accept failed: connection error: Endpoint closed
2026-09-15T20:58:21.339 WARN kycontroller::kymux_controller::server - Kynet accept failed: connection error: Endpoint closed
2026-09-15T20:58:21.339 WARN kycontroller::kymux_controller::server - Kynet accept failed: connection error: Endpoint closed
2026-09-15T20:58:21.339 WARN kycontroller::kymux_controller::server - Kynet accept failed: connection error: Endpoint closed
2026-09-15T20:58:21.339 WARN kycontroller::kymux_controller::server - Kynet accept failed: connection error: Endpoint closed
2026-09-15T20:58:21.339 WARN kycontroller::kymux_controller::server - Kynet accept failed: connection error: Endpoint closed
2026-09-15T20:58:21.339 WARN kycontroller::kymux_controller::server - Kynet accept failed: connection error: Endpoint closed
2026-09-15T20:58:21.339 WARN kycontroller::kymux_controller::server - Kynet accept failed: connection error: Endpoint closed
2026-09-15T20:58:21.339 WARN kycontroller::kymux_controller::server - Kynet accept failed: connection error: Endpoint closed
2026-09-15T20:58:21.339 WARN kycontroller::kymux_controller::server - Kynet accept failed: connection error: Endpoint closed
2026-09-15T20:58:21.339 WARN kycontroller::kymux_controller::server - Kynet accept failed: connection error: Endpoint closed
2026-09-15T20:58:21.339 WARN kycontroller::kymux_controller::server - Kynet accept failed: connection error: Endpoint closed
2026-09-15T20:58:21.339 WARN kycontroller::kymux_controller::server - Kynet accept failed: connection error: Endpoint closed
2026-09-15T20:58:21.339 WARN kycontroller::kymux_controller::server - Kynet accept failed: connection error: Endpoint closed
2026-09-15T20:58:21.339 WARN kycontroller::kymux_controller::server - Kynet accept failed: connection error: Endpoint closed
2026-09-15T20:58:21.339 WARN kycontroller::kymux_controller::server - Kynet accept failed: connection error: Endpoint closed
2026-09-15T20:58:21.339 WARN kycontroller::kymux_controller::server - Kynet accept failed: connection error: Endpoint closed
2026-09-15T20:58:21.339 WARN kycontroller::kymux_controller::server - Kynet accept failed: connection error: Endpoint closed
2026-09-15T20:58:21.339 WARN kycontroller::kymux_controller::server - Kynet accept failed: connection error: Endpoint closed
2026-09-15T20:58:21.339 WARN kycontroller::kymux_controller::server - Kynet accept failed: connection error: Endpoint closed
2026-09-15T20:58:21.339 WARN kycontroller::kymux_controller::server - Kynet accept failed: connection error: Endpoint closed
2026-09-15T20:58:21.339 WARN kycontroller::kymux_controller::server - Kynet accept failed: connection error: Endpoint closed
2026-09-15T20:58:21.339 WARN kycontroller::kymux_controller::server - Kynet accept failed: connection error: Endpoint closed
2026-09-15T20:58:21.339 WARN kycontroller::kymux_controller::server - Kynet accept failed: connection error: Endpoint closed
2026-09-15T20:58:21.339 WARN kycontroller::kymux_controller::server - Kynet accept failed: connection error: Endpoint closed
2026-09-15T20:58:21.339 WARN kycontroller::kymux_controller::server - Kynet accept failed: connection error: Endpoint closed
2026-09-15T20:58:21.339 WARN kycontroller::kymux_controller::server - Kynet accept failed: connection error: Endpoint closed
2026-09-15T20:58:21.339 WARN kycontroller::kymux_controller::server - Kynet accept failed: connection error: Endpoint closed
2026-09-15T20:58:21.339 WARN kycontroller::kymux_controller::server - Kynet accept failed: connection error: Endpoint closed
2026-09-15T20:58:21.339 WARN kycontroller::kymux_controller::server - Kynet accept failed: connection error: Endpoint closed
2026-09-15T20:58:21.339 WARN kycontroller::kymux_controller::server - Kynet accept failed: connection error: Endpoint closed
2026-09-15T20:58:21.339 WARN kycontroller::kymux_controller::server - Kynet accept failed: connection error: Endpoint closed
2026-09-15T20:58:21.339 WARN kycontroller::kymux_controller::server - Kynet accept failed: connection error: Endpoint closed
2026-09-15T20:58:21.340 WARN kycontroller::kymux_controller::server - Kynet accept failed: connection error: Endpoint closed
2026-09-15T20:58:21.340 WARN kycontroller::kymux_controller::server - Kynet accept failed: connection error: Endpoint closed
2026-09-15T20:58:21.340 WARN kycontroller::kymux_controller::server - Kynet accept failed: connection error: Endpoint closed
2026-09-15T20:58:21.340 WARN kycontroller::kymux_controller::server - Kynet accept failed: connection error: Endpoint closed
2026-09-15T20:58:21.340 WARN kycontroller::kymux_controller::server - Kynet accept failed: connection error: Endpoint closed
2026-09-15T20:58:21.340 WARN kycontroller::kymux_controller::server - Kynet accept failed: connection error: Endpoint closed
2026-09-15T20:58:21.340 WARN kycontroller::kymux_controller::server - Kynet accept failed: connection error: Endpoint closed
2026-09-15T20:58:21.340 WARN kycontroller::kymux_controller::server - Kynet accept failed: connection error: Endpoint closed
2026-09-15T20:58:21.340 WARN kycontroller::kymux_controller::server - Kynet accept failed: connection error: Endpoint closed
2026-09-15T20:58:21.340 WARN kycontroller::kymux_controller::server - Kynet accept failed: connection error: Endpoint closed
2026-09-15T20:58:21.340 WARN kycontroller::kymux_controller::server - Kynet accept failed: connection error: Endpoint closed
2026-09-15T20:58:21.340 WARN kycontroller::kymux_controller::server - Kynet accept failed: connection error: Endpoint closed
2026-09-15T20:58:21.340 WARN kycontroller::kymux_controller::server - Kynet accept failed: connection error: Endpoint closed
2026-09-15T20:58:21.340 WARN kycontroller::kymux_controller::server - Kynet accept failed: connection error: Endpoint closed
2026-09-15T20:58:21.340 WARN kycontroller::kymux_controller::server - Kynet accept failed: connection error: Endpoint closed
2026-09-15T20:58:21.340 WARN kycontroller::kymux_controller::server - Kynet accept failed: connection error: Endpoint closed
2026-09-15T20:58:21.340 WARN kycontroller::kymux_controller::server - Kynet accept failed: connection error: Endpoint closed
2026-09-15T20:58:21.340 WARN kycontroller::kymux_controller::server - Kynet accept failed: connection error: Endpoint closed
2026-09-15T20:58:21.340 WARN kycontroller::kymux_controller::server - Kynet accept failed: connection error: Endpoint closed
2026-09-15T20:58:21.340 WARN kycontroller::kymux_controller::server - Kynet accept failed: connection error: Endpoint closed
2026-09-15T20:58:21.340 WARN kycontroller::kymux_controller::server - Kynet accept failed: connection error: Endpoint closed
2026-09-15T20:58:21.340 WARN kycontroller::kymux_controller::server - Kynet accept failed: connection error: Endpoint closed
2026-09-15T20:58:21.340 WARN kycontroller::kymux_controller::server - Kynet accept failed: connection error: Endpoint closed
2026-09-15T20:58:21.340 WARN kycontroller::kymux_controller::server - Kynet accept failed: connection error: Endpoint closed
2026-09-15T20:58:21.340 WARN kycontroller::kymux_controller::server - Kynet accept failed: connection error: Endpoint closed
2026-09-15T20:58:21.340 WARN kycontroller::kymux_controller::server - Kynet accept failed: connection error: Endpoint closed
2026-09-15T20:58:21.340 WARN kycontroller::kymux_controller::server - Kynet accept failed: connection error: Endpoint closed
2026-09-15T20:58:21.340 WARN kycontroller::kymux_controller::server - Kynet accept failed: connection error: Endpoint closed
2026-09-15T20:58:21.340 WARN kycontroller::kymux_controller::server - Kynet accept failed: connection error: Endpoint closed
2026-09-15T20:58:21.340 WARN kycontroller::kymux_controller::server - Kynet accept failed: connection error: Endpoint closed
2026-09-15T20:58:21.340 WARN kycontroller::kymux_controller::server - Kynet accept failed: connection error: Endpoint closed
2026-09-15T20:58:21.340 WARN kycontroller::kymux_controller::server - Kynet accept failed: connection error: Endpoint closed
2026-09-15T20:58:21.340 WARN kycontroller::kymux_controller::server - Kynet accept failed: connection error: Endpoint closed
2026-09-15T20:58:21.340 WARN kycontroller::kymux_controller::server - Kynet accept failed: connection error: Endpoint closed
2026-09-15T20:58:21.340 WARN kycontroller::kymux_controller::server - Kynet accept failed: connection error: Endpoint closed
2026-09-15T20:58:21.340 WARN kycontroller::kymux_controller::server - Kynet accept failed: connection error: Endpoint closed
2026-09-15T20:58:21.340 WARN kycontroller::kymux_controller::server - Kynet accept failed: connection error: Endpoint closed
2026-09-15T20:58:21.340 WARN kycontroller::kymux_controller::server - Kynet accept failed: connection error: Endpoint closed
2026-09-15T20:58:21.340 WARN kycontroller::kymux_controller::server - Kynet accept failed: connection error: Endpoint closed
2026-09-15T20:58:21.340 WARN kycontroller::kymux_controller::server - Kynet accept failed: connection error: Endpoint closed
2026-09-15T20:58:21.340 WARN kycontroller::kymux_controller::server - Kynet accept failed: connection error: Endpoint closed
2026-09-15T20:58:21.340 WARN kycontroller::kymux_controller::server - Kynet accept failed: connection error: Endpoint closed
2026-09-15T20:58:21.340 WARN kycontroller::kymux_controller::server - Kynet accept failed: connection error: Endpoint closed
2026-09-15T20:58:21.340 WARN kycontroller::kymux_controller::server - Kynet accept failed: connection error: Endpoint closed
2026-09-15T20:58:21.340 WARN kycontroller::kymux_controller::server - Kynet accept failed: connection error: Endpoint closed
2026-09-15T20:58:21.340 WARN kycontroller::kymux_controller::server - Kynet accept failed: connection error: Endpoint closed
2026-09-15T20:58:21.340 WARN kycontroller::kymux_controller::server - Kynet accept failed: connection error: Endpoint closed
2026-09-15T20:58:21.340 WARN kycontroller::kymux_controller::server - Kynet accept failed: connection error: Endpoint closed
2026-09-15T20:58:21.340 WARN kycontroller::kymux_controller::server - Kynet accept failed: connection error: Endpoint closed
2026-09-15T20:58:21.340 WARN kycontroller::kymux_controller::server - Kynet accept failed: connection error: Endpoint closed
2026-09-15T20:58:21.340 WARN kycontroller::kymux_controller::server - Kynet accept failed: connection error: Endpoint closed
2026-09-15T20:58:21.340 WARN kycontroller::kymux_controller::server - Kynet accept failed: connection error: Endpoint closed
2026-09-15T20:58:21.340 WARN kycontroller::kymux_controller::server - Kynet accept failed: connection error: Endpoint closed
2026-09-15T20:58:21.340 WARN kycontroller::kymux_controller::server - Kynet accept failed: connection error: Endpoint closed
2026-09-15T20:58:21.340 WARN kycontroller::kymux_controller::server - Kynet accept failed: connection error: Endpoint closed
2026-09-15T20:58:21.340 WARN kycontroller::kymux_controller::server - Kynet accept failed: connection error: Endpoint closed
2026-09-15T20:58:21.340 WARN kycontroller::kymux_controller::server - Kynet accept failed: connection error: Endpoint closed
2026-09-15T20:58:21.340 WARN kycontroller::kymux_controller::server - Kynet accept failed: connection error: Endpoint closed
2026-09-15T20:58:21.340 WARN kycontroller::kymux_controller::server - Kynet accept failed: connection error: Endpoint closed
2026-09-15T20:58:21.340 WARN kycontroller::kymux_controller::server - Kynet accept failed: connection error: Endpoint closed
2026-09-15T20:58:21.340 WARN kycontroller::kymux_controller::server - Kynet accept failed: connection error: Endpoint closed
2026-09-15T20:58:21.340 WARN kycontroller::kymux_controller::server - Kynet accept failed: connection error: Endpoint closed
2026-09-15T20:58:21.340 WARN kycontroller::kymux_controller::server - Kynet accept failed: connection error: Endpoint closed
2026-09-15T20:58:21.340 WARN kycontroller::kymux_controller::server - Kynet accept failed: connection error: Endpoint closed
2026-09-15T20:58:21.340 WARN kycontroller::kymux_controller::server - Kynet accept failed: connection error: Endpoint closed
2026-09-15T20:58:21.340 WARN kycontroller::kymux_controller::server - Kynet accept failed: connection error: Endpoint closed
2026-09-15T20:58:21.340 WARN kycontroller::kymux_controller::server - Kynet accept failed: connection error: Endpoint closed
2026-09-15T20:58:21.340 WARN kycontroller::kymux_controller::server - Kynet accept failed: connection error: Endpoint closed
2026-09-15T20:58:21.340 WARN kycontroller::kymux_controller::server - Kynet accept failed: connection error: Endpoint closed
2026-09-15T20:58:21.340 WARN kycontroller::kymux_controller::server - Kynet accept failed: connection error: Endpoint closed
2026-09-15T20:58:21.340 WARN kycontroller::kymux_controller::server - Kynet accept failed: connection error: Endpoint closed
2026-09-15T20:58:21.340 WARN kycontroller::kymux_controller::server - Kynet accept failed: connection error: Endpoint closed
2026-09-15T20:58:21.340 WARN kycontroller::kymux_controller::server - Kynet accept failed: connection error: Endpoint closed
2026-09-15T20:58:21.340 WARN kycontroller::kymux_controller::server - Kynet accept failed: connection error: Endpoint closed
2026-09-15T20:58:21.340 WARN kycontroller::kymux_controller::server - Kynet accept failed: connection error: Endpoint closed
2026-09-15T20:58:21.340 WARN kycontroller::kymux_controller::server - Kynet accept failed: connection error: Endpoint closed
2026-09-15T20:58:21.340 WARN kycontroller::kymux_controller::server - Kynet accept failed: connection error: Endpoint closed
2026-09-15T20:58:21.340 WARN kycontroller::kymux_controller::server - Kynet accept failed: connection error: Endpoint closed
2026-09-15T20:58:21.340 WARN kycontroller::kymux_controller::server - Kynet accept failed: connection error: Endpoint closed
2026-09-15T20:58:21.340 WARN kycontroller::kymux_controller::server - Kynet accept failed: connection error: Endpoint closed
2026-09-15T20:58:21.340 WARN kycontroller::kymux_controller::server - Kynet accept failed: connection error: Endpoint closed
2026-09-15T20:58:21.340 WARN kycontroller::kymux_controller::server - Kynet accept failed: connection error: Endpoint closed
2026-09-15T20:58:21.340 WARN kycontroller::kymux_controller::server - Kynet accept failed: connection error: Endpoint closed
2026-09-15T20:58:21.340 WARN kycontroller::kymux_controller::server - Kynet accept failed: connection error: Endpoint closed
2026-09-15T20:58:21.340 WARN kycontroller::kymux_controller::server - Kynet accept failed: connection error: Endpoint closed
2026-09-15T20:58:21.340 WARN kycontroller::kymux_controller::server - Kynet accept failed: connection error: Endpoint closed
2026-09-15T20:58:21.340 WARN kycontroller::kymux_controller::server - Kynet accept failed: connection error: Endpoint closed
2026-09-15T20:58:21.340 WARN kycontroller::kymux_controller::server - Kynet accept failed: connection error: Endpoint closed
2026-09-15T20:58:21.340 WARN kycontroller::kymux_controller::server - Kynet accept failed: connection error: Endpoint closed
2026-09-15T20:58:21.340 WARN kycontroller::kymux_controller::server - Kynet accept failed: connection error: Endpoint closed
2026-09-15T20:58:21.340 WARN kycontroller::kymux_controller::server - Kynet accept failed: connection error: Endpoint closed
2026-09-15T20:58:21.340 WARN kycontroller::kymux_controller::server - Kynet accept failed: connection error: Endpoint closed
2026-09-15T20:58:21.340 WARN kycontroller::kymux_controller::server - Kynet accept failed: connection error: Endpoint closed
2026-09-15T20:58:21.340 WARN kycontroller::kymux_controller::server - Kynet accept failed: connection error: Endpoint closed
2026-09-15T20:58:21.340 WARN kycontroller::kymux_controller::server - Kynet accept failed: connection error: Endpoint closed
2026-09-15T20:58:21.340 WARN kycontroller::kymux_controller::server - Kynet accept failed: connection error: Endpoint closed
2026-09-15T20:58:21.340 WARN kycontroller::kymux_controller::server - Kynet accept failed: connection error: Endpoint closed
2026-09-15T20:58:21.340 WARN kycontroller::kymux_controller::server - Kynet accept failed: connection error: Endpoint closed
2026-09-15T20:58:21.340 WARN kycontroller::kymux_controller::server - Kynet accept failed: connection error: Endpoint closed
2026-09-15T20:58:21.340 WARN kycontroller::kymux_controller::server - Kynet accept failed: connection error: Endpoint closed
2026-09-15T20:58:21.340 WARN kycontroller::kymux_controller::server - Kynet accept failed: connection error: Endpoint closed
2026-09-15T20:58:21.340 WARN kycontroller::kymux_controller::server - Kynet accept failed: connection error: Endpoint closed
2026-09-15T20:58:21.340 WARN kycontroller::kymux_controller::server - Kynet accept failed: connection error: Endpoint closed
2026-09-15T20:58:21.340 WARN kycontroller::kymux_controller::server - Kynet accept failed: connection error: Endpoint closed
2026-09-15T20:58:21.340 WARN kycontroller::kymux_controller::server - Kynet accept failed: connection error: Endpoint closed
2026-09-15T20:58:21.340 WARN kycontroller::kymux_controller::server - Kynet accept failed: connection error: Endpoint closed
2026-09-15T20:58:21.340 WARN kycontroller::kymux_controller::server - Kynet accept failed: connection error: Endpoint closed
2026-09-15T20:58:21.340 WARN kycontroller::kymux_controller::server - Kynet accept failed: connection error: Endpoint closed
2026-09-15T20:58:21.340 WARN kycontroller::kymux_controller::server - Kynet accept failed: connection error: Endpoint closed
2026-09-15T20:58:21.340 WARN kycontroller::kymux_controller::server - Kynet accept failed: connection error: Endpoint closed
2026-09-15T20:58:21.340 WARN kycontroller::kymux_controller::server - Kynet accept failed: connection error: Endpoint closed
2026-09-15T20:58:21.340 WARN kycontroller::kymux_controller::server - Kynet accept failed: connection error: Endpoint closed
2026-09-15T20:58:21.340 WARN kycontroller::kymux_controller::server - Kynet accept failed: connection error: Endpoint closed
2026-09-15T20:58:21.340 WARN kycontroller::kymux_controller::server - Kynet accept failed: connection error: Endpoint closed
2026-09-15T20:58:21.340 WARN kycontroller::kymux_controller::server - Kynet accept failed: connection error: Endpoint closed
2026-09-15T20:58:21.340 WARN kycontroller::kymux_controller::server - Kynet accept failed: connection error: Endpoint closed
2026-09-15T20:58:21.340 WARN kycontroller::kymux_controller::server - Kynet accept failed: connection error: Endpoint closed
2026-09-15T20:58:21.341 WARN kycontroller::kymux_controller::server - Kynet accept failed: connection error: Endpoint closed
2026-09-15T20:58:21.341 WARN kycontroller::kymux_controller::server - Kynet accept failed: connection error: Endpoint closed
2026-09-15T20:58:21.341 WARN kycontroller::kymux_controller::server - Kynet accept failed: connection error: Endpoint closed
2026-09-15T20:58:21.341 WARN kycontroller::kymux_controller::server - Kynet accept failed: connection error: Endpoint closed
2026-09-15T20:58:21.341 WARN kycontroller::kymux_controller::server - Kynet accept failed: connection error: Endpoint closed
2026-09-15T20:58:21.341 WARN kycontroller::kymux_controller::server - Kynet accept failed: connection error: Endpoint closed
2026-09-15T20:58:21.341 WARN kycontroller::kymux_controller::server - Kynet accept failed: connection error: Endpoint closed
2026-09-15T20:58:21.341 WARN kycontroller::kymux_controller::server - Kynet accept failed: connection error: Endpoint closed
2026-09-15T20:58:21.341 WARN kycontroller::kymux_controller::server - Kynet accept failed: connection error: Endpoint closed
2026-09-15T20:58:21.341 WARN kycontroller::kymux_controller::server - Kynet accept failed: connection error: Endpoint closed
2026-09-15T20:58:21.341 WARN kycontroller::kymux_controller::server - Kynet accept failed: connection error: Endpoint closed
2026-09-15T20:58:21.341 WARN kycontroller::kymux_controller::server - Kynet accept failed: connection error: Endpoint closed
2026-09-15T20:58:21.341 WARN kycontroller::kymux_controller::server - Kynet accept failed: connection error: Endpoint closed
2026-09-15T20:58:21.341 WARN kycontroller::kymux_controller::server - Kynet accept failed: connection error: Endpoint closed
2026-09-15T20:58:21.341 WARN kycontroller::kymux_controller::server - Kynet accept failed: connection error: Endpoint closed
2026-09-15T20:58:21.341 WARN kycontroller::kymux_controller::server - Kynet accept failed: connection error: Endpoint closed
2026-09-15T20:58:21.341 WARN kycontroller::kymux_controller::server - Kynet accept failed: connection error: Endpoint closed
2026-09-15T20:58:21.341 WARN kycontroller::kymux_controller::server - Kynet accept failed: connection error: Endpoint closed
2026-09-15T20:58:21.341 WARN kycontroller::kymux_controller::server - Kynet accept failed: connection error: Endpoint closed
2026-09-15T20:58:21.341 WARN kycontroller::kymux_controller::server - Kynet accept failed: connection error: Endpoint closed
2026-09-15T20:58:21.341 WARN kycontroller::kymux_controller::server - Kynet accept failed: connection error: Endpoint closed
2026-09-15T20:58:21.341 WARN kycontroller::kymux_controller::server - Kynet accept failed: connection error: Endpoint closed
2026-09-15T20:58:21.341 WARN kycontroller::kymux_controller::server - Kynet accept failed: connection error: Endpoint closed
2026-09-15T20:58:21.341 WARN kycontroller::kymux_controller::server - Kynet accept failed: connection error: Endpoint closed
2026-09-15T20:58:21.341 WARN kycontroller::kymux_controller::server - Kynet accept failed: connection error: Endpoint closed
2026-09-15T20:58:21.341 WARN kycontroller::kymux_controller::server - Kynet accept failed: connection error: Endpoint closed
2026-09-15T20:58:21.341 WARN kycontroller::kymux_controller::server - Kynet accept failed: connection error: Endpoint closed
2026-09-15T20:58:21.341 WARN kycontroller::kymux_controller::server - Kynet accept failed: connection error: Endpoint closed
2026-09-15T20:58:21.341 WARN kycontroller::kymux_controller::server - Kynet accept failed: connection error: Endpoint closed
2026-09-15T20:58:21.341 WARN kycontroller::kymux_controller::server - Kynet accept failed: connection error: Endpoint closed
2026-09-15T20:58:21.341 WARN kycontroller::kymux_controller::server - Kynet accept failed: connection error: Endpoint closed
2026-09-15T20:58:21.341 WARN kycontroller::kymux_controller::server - Kynet accept failed: connection error: Endpoint closed
2026-09-15T20:58:21.341 WARN kycontroller::kymux_controller::server - Kynet accept failed: connection error: Endpoint closed
2026-09-15T20:58:21.341 WARN kycontroller::kymux_controller::server - Kynet accept failed: connection error: Endpoint closed
2026-09-15T20:58:21.341 WARN kycontroller::kymux_controller::server - Kynet accept failed: connection error: Endpoint closed
2026-09-15T20:58:21.341 WARN kycontroller::kymux_controller::server - Kynet accept failed: connection error: Endpoint closed
2026-09-15T20:58:21.341 WARN kycontroller::kymux_controller::server - Kynet accept failed: connection error: Endpoint closed
2026-09-15T20:58:21.341 WARN kycontroller::kymux_controller::server - Kynet accept failed: connection error: Endpoint closed
2026-09-15T20:58:21.341 WARN kycontroller::kymux_controller::server - Kynet accept failed: connection error: Endpoint closed
2026-09-15T20:58:21.341 WARN kycontroller::kymux_controller::server - Kynet accept failed: connection error: Endpoint closed
2026-09-15T20:58:21.341 WARN kycontroller::kymux_controller::server - Kynet accept failed: connection error: Endpoint closed
2026-09-15T20:58:21.341 WARN kycontroller::kymux_controller::server - Kynet accept failed: connection error: Endpoint closed
2026-09-15T20:58:21.341 WARN kycontroller::kymux_controller::server - Kynet accept failed: connection error: Endpoint closed
2026-09-15T20:58:21.341 WARN kycontroller::kymux_controller::server - Kynet accept failed: connection error: Endpoint closed
2026-09-15T20:58:21.341 WARN kycontroller::kymux_controller::server - Kynet accept failed: connection error: Endpoint closed
2026-09-15T20:58:21.341 WARN kycontroller::kymux_controller::server - Kynet accept failed: connection error: Endpoint closed
2026-09-15T20:58:21.341 WARN kycontroller::kymux_controller::server - Kynet accept failed: connection error: Endpoint closed
2026-09-15T20:58:21.341 WARN kycontroller::kymux_controller::server - Kynet accept failed: connection error: Endpoint closed
2026-09-15T20:58:21.341 WARN kycontroller::kymux_controller::server - Kynet accept failed: connection error: Endpoint closed
2026-09-15T20:58:21.341 WARN kycontroller::kymux_controller::server - Kynet accept failed: connection error: Endpoint closed
2026-09-15T20:58:21.341 WARN kycontroller::kymux_controller::server - Kynet accept failed: connection error: Endpoint closed
2026-09-15T20:58:21.341 WARN kycontroller::kymux_controller::server - Kynet accept failed: connection error: Endpoint closed
2026-09-15T20:58:21.341 WARN kycontroller::kymux_controller::server - Kynet accept failed: connection error: Endpoint closed
2026-09-15T20:58:21.341 WARN kycontroller::kymux_controller::server - Kynet accept failed: connection error: Endpoint closed
2026-09-15T20:58:21.341 WARN kycontroller::kymux_controller::server - Kynet accept failed: connection error: Endpoint closed
2026-09-15T20:58:21.341 WARN kycontroller::kymux_controller::server - Kynet accept failed: connection error: Endpoint closed
2026-09-15T20:58:21.341 WARN kycontroller::kymux_controller::server - Kynet accept failed: connection error: Endpoint closed
2026-09-15T20:58:21.341 WARN kycontroller::kymux_controller::server - Kynet accept failed: connection error: Endpoint closed
2026-09-15T20:58:21.341 WARN kycontroller::kymux_controller::server - Kynet accept failed: connection error: Endpoint closed
2026-09-15T20:58:21.341 WARN kycontroller::kymux_controller::server - Kynet accept failed: connection error: Endpoint closed
2026-09-15T20:58:21.341 WARN kycontroller::kymux_controller::server - Kynet accept failed: connection error: Endpoint closed
2026-09-15T20:58:21.341 WARN kycontroller::kymux_controller::server - Kynet accept failed: connection error: Endpoint closed
2026-09-15T20:58:21.341 WARN kycontroller::kymux_controller::server - Kynet accept failed: connection error: Endpoint closed
2026-09-15T20:58:21.341 WARN kycontroller::kymux_controller::server - Kynet accept failed: connection error: Endpoint closed
2026-09-15T20:58:21.341 WARN kycontroller::kymux_controller::server - Kynet accept failed: connection error: Endpoint closed
2026-09-15T20:58:21.341 WARN kycontroller::kymux_controller::server - Kynet accept failed: connection error: Endpoint closed
2026-09-15T20:58:21.341 WARN kycontroller::kymux_controller::server - Kynet accept failed: connection error: Endpoint closed
2026-09-15T20:58:21.341 WARN kycontroller::kymux_controller::server - Kynet accept failed: connection error: Endpoint closed
2026-09-15T20:58:21.341 WARN kycontroller::kymux_controller::server - Kynet accept failed: connection error: Endpoint closed
2026-09-15T20:58:21.341 WARN kycontroller::kymux_controller::server - Kynet accept failed: connection error: Endpoint closed
2026-09-15T20:58:21.341 WARN kycontroller::kymux_controller::server - Kynet accept failed: connection error: Endpoint closed
2026-09-15T20:58:21.341 WARN kycontroller::kymux_controller::server - Kynet accept failed: connection error: Endpoint closed
2026-09-15T20:58:21.341 WARN kycontroller::kymux_controller::server - Kynet accept failed: connection error: Endpoint closed
2026-09-15T20:58:21.341 WARN kycontroller::kymux_controller::server - Kynet accept failed: connection error: Endpoint closed
2026-09-15T20:58:21.341 WARN kycontroller::kymux_controller::server - Kynet accept failed: connection error: Endpoint closed
2026-09-15T20:58:21.341 WARN kycontroller::kymux_controller::server - Kynet accept failed: connection error: Endpoint closed
2026-09-15T20:58:21.341 WARN kycontroller::kymux_controller::server - Kynet accept failed: connection error: Endpoint closed
2026-09-15T20:58:21.341 WARN kycontroller::kymux_controller::server - Kynet accept failed: connection error: Endpoint closed
2026-09-15T20:58:21.341 WARN kycontroller::kymux_controller::server - Kynet accept failed: connection error: Endpoint closed
2026-09-15T20:58:21.341 WARN kycontroller::kymux_controller::server - Kynet accept failed: connection error: Endpoint closed
2026-09-15T20:58:21.341 WARN kycontroller::kymux_controller::server - Kynet accept failed: connection error: Endpoint closed
2026-09-15T20:58:21.341 WARN kycontroller::kymux_controller::server - Kynet accept failed: connection error: Endpoint closed
2026-09-15T20:58:21.341 WARN kycontroller::kymux_controller::server - Kynet accept failed: connection error: Endpoint closed
2026-09-15T20:58:21.341 WARN kycontroller::kymux_controller::server - Kynet accept failed: connection error: Endpoint closed
2026-09-15T20:58:21.341 WARN kycontroller::kymux_controller::server - Kynet accept failed: connection error: Endpoint closed
2026-09-15T20:58:21.341 WARN kycontroller::kymux_controller::server - Kynet accept failed: connection error: Endpoint closed
2026-09-15T20:58:21.341 WARN kycontroller::kymux_controller::server - Kynet accept failed: connection error: Endpoint closed
2026-09-15T20:58:21.341 WARN kycontroller::kymux_controller::server - Kynet accept failed: connection error: Endpoint closed
2026-09-15T20:58:21.341 WARN kycontroller::kymux_controller::server - Kynet accept failed: connection error: Endpoint closed
2026-09-15T20:58:21.341 WARN kycontroller::kymux_controller::server - Kynet accept failed: connection error: Endpoint closed
2026-09-15T20:58:21.341 WARN kycontroller::kymux_controller::server - Kynet accept failed: connection error: Endpoint closed
2026-09-15T20:58:21.341 WARN kycontroller::kymux_controller::server - Kynet accept failed: connection error: Endpoint closed
2026-09-15T20:58:21.341 WARN kycontroller::kymux_controller::server - Kynet accept failed: connection error: Endpoint closed
2026-09-15T20:58:21.341 WARN kycontroller::kymux_controller::server - Kynet accept failed: connection error: Endpoint closed
2026-09-15T20:58:21.341 WARN kycontroller::kymux_controller::server - Kynet accept failed: connection error: Endpoint closed
2026-09-15T20:58:21.341 WARN kycontroller::kymux_controller::server - Kynet accept failed: connection error: Endpoint closed
2026-09-15T20:58:21.341 WARN kycontroller::kymux_controller::server - Kynet accept failed: connection error: Endpoint closed
2026-09-15T20:58:21.341 WARN kycontroller::kymux_controller::server - Kynet accept failed: connection error: Endpoint closed
2026-09-15T20:58:21.341 WARN kycontroller::kymux_controller::server - Kynet accept failed: connection error: Endpoint closed
2026-09-15T20:58:21.341 WARN kycontroller::kymux_controller::server - Kynet accept failed: connection error: Endpoint closed
2026-09-15T20:58:21.341 WARN kycontroller::kymux_controller::server - Kynet accept failed: connection error: Endpoint closed
2026-09-15T20:58:21.341 WARN kycontroller::kymux_controller::server - Kynet accept failed: connection error: Endpoint closed
2026-09-15T20:58:21.341 WARN kycontroller::kymux_controller::server - Kynet accept failed: connection error: Endpoint closed
2026-09-15T20:58:21.341 WARN kycontroller::kymux_controller::server - Kynet accept failed: connection error: Endpoint closed
2026-09-15T20:58:21.341 WARN kycontroller::kymux_controller::server - Kynet accept failed: connection error: Endpoint closed
2026-09-15T20:58:21.341 WARN kycontroller::kymux_controller::server - Kynet accept failed: connection error: Endpoint closed
2026-09-15T20:58:21.341 WARN kycontroller::kymux_controller::server - Kynet accept failed: connection error: Endpoint closed
2026-09-15T20:58:21.341 WARN kycontroller::kymux_controller::server - Kynet accept failed: connection error: Endpoint closed
2026-09-15T20:58:21.341 WARN kycontroller::kymux_controller::server - Kynet accept failed: connection error: Endpoint closed
2026-09-15T20:58:21.341 WARN kycontroller::kymux_controller::server - Kynet accept failed: connection error: Endpoint closed
2026-09-15T20:58:21.341 WARN kycontroller::kymux_controller::server - Kynet accept failed: connection error: Endpoint closed
2026-09-15T20:58:21.341 WARN kycontroller::kymux_controller::server - Kynet accept failed: connection error: Endpoint closed
2026-09-15T20:58:21.341 WARN kycontroller::kymux_controller::server - Kynet accept failed: connection error: Endpoint closed
2026-09-15T20:58:21.341 WARN kycontroller::kymux_controller::server - Kynet accept failed: connection error: Endpoint closed
2026-09-15T20:58:21.341 WARN kycontroller::kymux_controller::server - Kynet accept failed: connection error: Endpoint closed
2026-09-15T20:58:21.342 WARN kycontroller::kymux_controller::server - Kynet accept failed: connection error: Endpoint closed
2026-09-15T20:58:21.342 WARN kycontroller::kymux_controller::server - Kynet accept failed: connection error: Endpoint closed
2026-09-15T20:58:21.342 WARN kycontroller::kymux_controller::server - Kynet accept failed: connection error: Endpoint closed
2026-09-15T20:58:21.342 WARN kycontroller::kymux_controller::server - Kynet accept failed: connection error: Endpoint closed
2026-09-15T20:58:21.342 WARN kycontroller::kymux_controller::server - Kynet accept failed: connection error: Endpoint closed
2026-09-15T20:58:21.342 WARN kycontroller::kymux_controller::server - Kynet accept failed: connection error: Endpoint closed
2026-09-15T20:58:21.342 WARN kycontroller::kymux_controller::server - Kynet accept failed: connection error: Endpoint closed
2026-09-15T20:58:21.342 WARN kycontroller::kymux_controller::server - Kynet accept failed: connection error: Endpoint closed
2026-09-15T20:58:21.342 WARN kycontroller::kymux_controller::server - Kynet accept failed: connection error: Endpoint closed
2026-09-15T20:58:21.342 WARN kycontroller::kymux_controller::server - Kynet accept failed: connection error: Endpoint closed
2026-09-15T20:58:21.342 WARN kycontroller::kymux_controller::server - Kynet accept failed: connection error: Endpoint closed
2026-09-15T20:58:21.342 WARN kycontroller::kymux_controller::server - Kynet accept failed: connection error: Endpoint closed
2026-09-15T20:58:21.342 WARN kycontroller::kymux_controller::server - Kynet accept failed: connection error: Endpoint closed
2026-09-15T20:58:21.342 WARN kycontroller::kymux_controller::server - Kynet accept failed: connection error: Endpoint closed
2026-09-15T20:58:21.342 WARN kycontroller::kymux_controller::server - Kynet accept failed: connection error: Endpoint closed
2026-09-15T20:58:21.342 WARN kycontroller::kymux_controller::server - Kynet accept failed: connection error: Endpoint closed
2026-09-15T20:58:21.342 WARN kycontroller::kymux_controller::server - Kynet accept failed: connection error: Endpoint closed
2026-09-15T20:58:21.342 WARN kycontroller::kymux_controller::server - Kynet accept failed: connection error: Endpoint closed
2026-09-15T20:58:21.342 WARN kycontroller::kymux_controller::server - Kynet accept failed: connection error: Endpoint closed
2026-09-15T20:58:21.342 WARN kycontroller::kymux_controller::server - Kynet accept failed: connection error: Endpoint closed
2026-09-15T20:58:21.342 WARN kycontroller::kymux_controller::server - Kynet accept failed: connection error: Endpoint closed
2026-09-15T20:58:21.342 WARN kycontroller::kymux_controller::server - Kynet accept failed: connection error: Endpoint closed
2026-09-15T20:58:21.342 WARN kycontroller::kymux_controller::server - Kynet accept failed: connection error: Endpoint closed
2026-09-15T20:58:21.342 WARN kycontroller::kymux_controller::server - Kynet accept failed: connection error: Endpoint closed
2026-09-15T20:58:21.342 WARN kycontroller::kymux_controller::server - Kynet accept failed: connection error: Endpoint closed
2026-09-15T20:58:21.342 WARN kycontroller::kymux_controller::server - Kynet accept failed: connection error: Endpoint closed
2026-09-15T20:58:21.342 WARN kycontroller::kymux_controller::server - Kynet accept failed: connection error: Endpoint closed
2026-09-15T20:58:21.342 WARN kycontroller::kymux_controller::server - Kynet accept failed: connection error: Endpoint closed
2026-09-15T20:58:21.342 WARN kycontroller::kymux_controller::server - Kynet accept failed: connection error: Endpoint closed
2026-09-15T20:58:21.342 WARN kycontroller::kymux_controller::server - Kynet accept failed: connection error: Endpoint closed
2026-09-15T20:58:21.342 WARN kycontroller::kymux_controller::server - Kynet accept failed: connection error: Endpoint closed
2026-09-15T20:58:21.342 WARN kycontroller::kymux_controller::server - Kynet accept failed: connection error: Endpoint closed
2026-09-15T20:58:21.342 WARN kycontroller::kymux_controller::server - Kynet accept failed: connection error: Endpoint closed
2026-09-15T20:58:21.342 WARN kycontroller::kymux_controller::server - Kynet accept failed: connection error: Endpoint closed
2026-09-15T20:58:21.342 WARN kycontroller::kymux_controller::server - Kynet accept failed: connection error: Endpoint closed
2026-09-15T20:58:21.342 WARN kycontroller::kymux_controller::server - Kynet accept failed: connection error: Endpoint closed
2026-09-15T20:58:21.342 WARN kycontroller::kymux_controller::server - Kynet accept failed: connection error: Endpoint closed
2026-09-15T20:58:21.342 WARN kycontroller::kymux_controller::server - Kynet accept failed: connection error: Endpoint closed
2026-09-15T20:58:21.342 WARN kycontroller::kymux_controller::server - Kynet accept failed: connection error: Endpoint closed
2026-09-15T20:58:21.342 WARN kycontroller::kymux_controller::server - Kynet accept failed: connection error: Endpoint closed
2026-09-15T20:58:21.342 WARN kycontroller::kymux_controller::server - Kynet accept failed: connection error: Endpoint closed
2026-09-15T20:58:21.342 WARN kycontroller::kymux_controller::server - Kynet accept failed: connection error: Endpoint closed
2026-09-15T20:58:21.342 WARN kycontroller::kymux_controller::server - Kynet accept failed: connection error: Endpoint closed
2026-09-15T20:58:21.342 WARN kycontroller::kymux_controller::server - Kynet accept failed: connection error: Endpoint closed
2026-09-15T20:58:21.342 WARN kycontroller::kymux_controller::server - Kynet accept failed: connection error: Endpoint closed
2026-09-15T20:58:21.342 WARN kycontroller::kymux_controller::server - Kynet accept failed: connection error: Endpoint closed
2026-09-15T20:58:21.342 WARN kycontroller::kymux_controller::server - Kynet accept failed: connection error: Endpoint closed
2026-09-15T20:58:21.342 WARN kycontroller::kymux_controller::server - Kynet accept failed: connection error: Endpoint closed
2026-09-15T20:58:21.342 WARN kycontroller::kymux_controller::server - Kynet accept failed: connection error: Endpoint closed
2026-09-15T20:58:21.342 WARN kycontroller::kymux_controller::server - Kynet accept failed: connection error: Endpoint closed
2026-09-15T20:58:21.342 WARN kycontroller::kymux_controller::server - Kynet accept failed: connection error: Endpoint closed
2026-09-15T20:58:21.342 WARN kycontroller::kymux_controller::server - Kynet accept failed: connection error: Endpoint closed
2026-09-15T20:58:21.342 WARN kycontroller::kymux_controller::server - Kynet accept failed: connection error: Endpoint closed
2026-09-15T20:58:21.342 WARN kycontroller::kymux_controller::server - Kynet accept failed: connection error: Endpoint closed
2026-09-15T20:58:21.342 WARN kycontroller::kymux_controller::server - Kynet accept failed: connection error: Endpoint closed
2026-09-15T20:58:21.342 WARN kycontroller::kymux_controller::server - Kynet accept failed: connection error: Endpoint closed
2026-09-15T20:58:21.342 WARN kycontroller::kymux_controller::server - Kynet accept failed: connection error: Endpoint closed
2026-09-15T20:58:21.342 WARN kycontroller::kymux_controller::server - Kynet accept failed: connection error: Endpoint closed
2026-09-15T20:58:21.342 WARN kycontroller::kymux_controller::server - Kynet accept failed: connection error: Endpoint closed
2026-09-15T20:58:21.342 WARN kycontroller::kymux_controller::server - Kynet accept failed: connection error: Endpoint closed
2026-09-15T20:58:21.342 WARN kycontroller::kymux_controller::server - Kynet accept failed: connection error: Endpoint closed
2026-09-15T20:58:21.342 WARN kycontroller::kymux_controller::server - Kynet accept failed: connection error: Endpoint closed
2026-09-15T20:58:21.342 WARN kycontroller::kymux_controller::server - Kynet accept failed: connection error: Endpoint closed
2026-09-15T20:58:21.342 WARN kycontroller::kymux_controller::server - Kynet accept failed: connection error: Endpoint closed
2026-09-15T20:58:21.342 WARN kycontroller::kymux_controller::server - Kynet accept failed: connection error: Endpoint closed
2026-09-15T20:58:21.342 WARN kycontroller::kymux_controller::server - Kynet accept failed: connection error: Endpoint closed
2026-09-15T20:58:21.342 WARN kycontroller::kymux_controller::server - Kynet accept failed: connection error: Endpoint closed
2026-09-15T20:58:21.342 WARN kycontroller::kymux_controller::server - Kynet accept failed: connection error: Endpoint closed
2026-09-15T20:58:21.342 WARN kycontroller::kymux_controller::server - Kynet accept failed: connection error: Endpoint closed
2026-09-15T20:58:21.342 WARN kycontroller::kymux_controller::server - Kynet accept failed: connection error: Endpoint closed
2026-09-15T20:58:21.342 WARN kycontroller::kymux_controller::server - Kynet accept failed: connection error: Endpoint closed
2026-09-15T20:58:21.342 WARN kycontroller::kymux_controller::server - Kynet accept failed: connection error: Endpoint closed
2026-09-15T20:58:21.342 WARN kycontroller::kymux_controller::server - Kynet accept failed: connection error: Endpoint closed
2026-09-15T20:58:21.342 WARN kycontroller::kymux_controller::server - Kynet accept failed: connection error: Endpoint closed
2026-09-15T20:58:21.342 WARN kycontroller::kymux_controller::server - Kynet accept failed: connection error: Endpoint closed
2026-09-15T20:58:21.342 WARN kycontroller::kymux_controller::server - Kynet accept failed: connection error: Endpoint closed
2026-09-15T20:58:21.342 WARN kycontroller::kymux_controller::server - Kynet accept failed: connection error: Endpoint closed
2026-09-15T20:58:21.342 WARN kycontroller::kymux_controller::server - Kynet accept failed: connection error: Endpoint closed
2026-09-15T20:58:21.342 WARN kycontroller::kymux_controller::server - Kynet accept failed: connection error: Endpoint closed
2026-09-15T20:58:21.342 WARN kycontroller::kymux_controller::server - Kynet accept failed: connection error: Endpoint closed
2026-09-15T20:58:21.342 WARN kycontroller::kymux_controller::server - Kynet accept failed: connection error: Endpoint closed
2026-09-15T20:58:21.342 WARN kycontroller::kymux_controller::server - Kynet accept failed: connection error: Endpoint closed
2026-09-15T20:58:21.342 WARN kycontroller::kymux_controller::server - Kynet accept failed: connection error: Endpoint closed
2026-09-15T20:58:21.342 WARN kycontroller::kymux_controller::server - Kynet accept failed: connection error: Endpoint closed
2026-09-15T20:58:21.342 WARN kycontroller::kymux_controller::server - Kynet accept failed: connection error: Endpoint closed
2026-09-15T20:58:21.342 WARN kycontroller::kymux_controller::server - Kynet accept failed: connection error: Endpoint closed
2026-09-15T20:58:21.342 WARN kycontroller::kymux_controller::server - Kynet accept failed: connection error: Endpoint closed
2026-09-15T20:58:21.342 WARN kycontroller::kymux_controller::server - Kynet accept failed: connection error: Endpoint closed
2026-09-15T20:58:21.342 WARN kycontroller::kymux_controller::server - Kynet accept failed: connection error: Endpoint closed
2026-09-15T20:58:21.342 WARN kycontroller::kymux_controller::server - Kynet accept failed: connection error: Endpoint closed
2026-09-15T20:58:21.342 WARN kycontroller::kymux_controller::server - Kynet accept failed: connection error: Endpoint closed
2026-09-15T20:58:21.342 WARN kycontroller::kymux_controller::server - Kynet accept failed: connection error: Endpoint closed
2026-09-15T20:58:21.342 WARN kycontroller::kymux_controller::server - Kynet accept failed: connection error: Endpoint closed
2026-09-15T20:58:21.342 WARN kycontroller::kymux_controller::server - Kynet accept failed: connection error: Endpoint closed
2026-09-15T20:58:21.342 WARN kycontroller::kymux_controller::server - Kynet accept failed: connection error: Endpoint closed
2026-09-15T20:58:21.342 WARN kycontroller::kymux_controller::server - Kynet accept failed: connection error: Endpoint closed
2026-09-15T20:58:21.342 WARN kycontroller::kymux_controller::server - Kynet accept failed: connection error: Endpoint closed
2026-09-15T20:58:21.342 WARN kycontroller::kymux_controller::server - Kynet accept failed: connection error: Endpoint closed
2026-09-15T20:58:21.342 WARN kycontroller::kymux_controller::server - Kynet accept failed: connection error: Endpoint closed
2026-09-15T20:58:21.342 WARN kycontroller::kymux_controller::server - Kynet accept failed: connection error: Endpoint closed
2026-09-15T20:58:21.342 WARN kycontroller::kymux_controller::server - Kynet accept failed: connection error: Endpoint closed
2026-09-15T20:58:21.342 WARN kycontroller::kymux_controller::server - Kynet accept failed: connection error: Endpoint closed
2026-09-15T20:58:21.342 WARN kycontroller::kymux_controller::server - Kynet accept failed: connection error: Endpoint closed
2026-09-15T20:58:21.342 WARN kycontroller::kymux_controller::server - Kynet accept failed: connection error: Endpoint closed
2026-09-15T20:58:21.342 WARN kycontroller::kymux_controller::server - Kynet accept failed: connection error: Endpoint closed
2026-09-15T20:58:21.342 WARN kycontroller::kymux_controller::server - Kynet accept failed: connection error: Endpoint closed
2026-09-15T20:58:21.342 WARN kycontroller::kymux_controller::server - Kynet accept failed: connection error: Endpoint closed
2026-09-15T20:58:21.342 WARN kycontroller::kymux_controller::server - Kynet accept failed: connection error: Endpoint closed
2026-09-15T20:58:21.342 WARN kycontroller::kymux_controller::server - Kynet accept failed: connection error: Endpoint closed
2026-09-15T20:58:21.342 WARN kycontroller::kymux_controller::server - Kynet accept failed: connection error: Endpoint closed
2026-09-15T20:58:21.342 WARN kycontroller::kymux_controller::server - Kynet accept failed: connection error: Endpoint closed
2026-09-15T20:58:21.342 WARN kycontroller::kymux_controller::server - Kynet accept failed: connection error: Endpoint closed
2026-09-15T20:58:21.342 WARN kycontroller::kymux_controller::server - Kynet accept failed: connection error: Endpoint closed
2026-09-15T20:58:21.342 WARN kycontroller::kymux_controller::server - Kynet accept failed: connection error: Endpoint closed
2026-09-15T20:58:21.343 WARN kycontroller::kymux_controller::server - Kynet accept failed: connection error: Endpoint closed
2026-09-15T20:58:21.343 WARN kycontroller::kymux_controller::server - Kynet accept failed: connection error: Endpoint closed
2026-09-15T20:58:21.343 WARN kycontroller::kymux_controller::server - Kynet accept failed: connection error: Endpoint closed
2026-09-15T20:58:21.343 WARN kycontroller::kymux_controller::server - Kynet accept failed: connection error: Endpoint closed
2026-09-15T20:58:21.343 WARN kycontroller::kymux_controller::server - Kynet accept failed: connection error: Endpoint closed
2026-09-15T20:58:21.343 WARN kycontroller::kymux_controller::server - Kynet accept failed: connection error: Endpoint closed
2026-09-15T20:58:21.343 WARN kycontroller::kymux_controller::server - Kynet accept failed: connection error: Endpoint closed
2026-09-15T20:58:21.343 WARN kycontroller::kymux_controller::server - Kynet accept failed: connection error: Endpoint closed
2026-09-15T20:58:21.343 WARN kycontroller::kymux_controller::server - Kynet accept failed: connection error: Endpoint closed
2026-09-15T20:58:21.343 WARN kycontroller::kymux_controller::server - Kynet accept failed: connection error: Endpoint closed
2026-09-15T20:58:21.343 WARN kycontroller::kymux_controller::server - Kynet accept failed: connection error: Endpoint closed
2026-09-15T20:58:21.343 WARN kycontroller::kymux_controller::server - Kynet accept failed: connection error: Endpoint closed
2026-09-15T20:58:21.343 WARN kycontroller::kymux_controller::server - Kynet accept failed: connection error: Endpoint closed
2026-09-15T20:58:21.343 WARN kycontroller::kymux_controller::server - Kynet accept failed: connection error: Endpoint closed
2026-09-15T20:58:21.343 WARN kycontroller::kymux_controller::server - Kynet accept failed: connection error: Endpoint closed
2026-09-15T20:58:21.343 WARN kycontroller::kymux_controller::server - Kynet accept failed: connection error: Endpoint closed
2026-09-15T20:58:21.343 WARN kycontroller::kymux_controller::server - Kynet accept failed: connection error: Endpoint closed
2026-09-15T20:58:21.343 WARN kycontroller::kymux_controller::server - Kynet accept failed: connection error: Endpoint closed
2026-09-15T20:58:21.343 WARN kycontroller::kymux_controller::server - Kynet accept failed: connection error: Endpoint closed
2026-09-15T20:58:21.343 WARN kycontroller::kymux_controller::server - Kynet accept failed: connection error: Endpoint closed
2026-09-15T20:58:21.343 WARN kycontroller::kymux_controller::server - Kynet accept failed: connection error: Endpoint closed
2026-09-15T20:58:21.343 WARN kycontroller::kymux_controller::server - Kynet accept failed: connection error: Endpoint closed
2026-09-15T20:58:21.343 WARN kycontroller::kymux_controller::server - Kynet accept failed: connection error: Endpoint closed
2026-09-15T20:58:21.343 WARN kycontroller::kymux_controller::server - Kynet accept failed: connection error: Endpoint closed
2026-09-15T20:58:21.343 WARN kycontroller::kymux_controller::server - Kynet accept failed: connection error: Endpoint closed
2026-09-15T20:58:21.343 WARN kycontroller::kymux_controller::server - Kynet accept failed: connection error: Endpoint closed
2026-09-15T20:58:21.343 WARN kycontroller::kymux_controller::server - Kynet accept failed: connection error: Endpoint closed
2026-09-15T20:58:21.343 WARN kycontroller::kymux_controller::server - Kynet accept failed: connection error: Endpoint closed
2026-09-15T20:58:21.343 WARN kycontroller::kymux_controller::server - Kynet accept failed: connection error: Endpoint closed
2026-09-15T20:58:21.343 WARN kycontroller::kymux_controller::server - Kynet accept failed: connection error: Endpoint closed
2026-09-15T20:58:21.343 WARN kycontroller::kymux_controller::server - Kynet accept failed: connection error: Endpoint closed
2026-09-15T20:58:21.343 WARN kycontroller::kymux_controller::server - Kynet accept failed: connection error: Endpoint closed
2026-09-15T20:58:21.343 WARN kycontroller::kymux_controller::server - Kynet accept failed: connection error: Endpoint closed
2026-09-15T20:58:21.343 WARN kycontroller::kymux_controller::server - Kynet accept failed: connection error: Endpoint closed
2026-09-15T20:58:21.343 WARN kycontroller::kymux_controller::server - Kynet accept failed: connection error: Endpoint closed
2026-09-15T20:58:21.343 WARN kycontroller::kymux_controller::server - Kynet accept failed: connection error: Endpoint closed
2026-09-15T20:58:21.343 WARN kycontroller::kymux_controller::server - Kynet accept failed: connection error: Endpoint closed
2026-09-15T20:58:21.343 WARN kycontroller::kymux_controller::server - Kynet accept failed: connection error: Endpoint closed
2026-09-15T20:58:21.343 WARN kycontroller::kymux_controller::server - Kynet accept failed: connection error: Endpoint closed
2026-09-15T20:58:21.343 WARN kycontroller::kymux_controller::server - Kynet accept failed: connection error: Endpoint closed
2026-09-15T20:58:21.343 WARN kycontroller::kymux_controller::server - Kynet accept failed: connection error: Endpoint closed
2026-09-15T20:58:21.343 WARN kycontroller::kymux_controller::server - Kynet accept failed: connection error: Endpoint closed
2026-09-15T20:58:21.343 WARN kycontroller::kymux_controller::server - Kynet accept failed: connection error: Endpoint closed
2026-09-15T20:58:21.343 WARN kycontroller::kymux_controller::server - Kynet accept failed: connection error: Endpoint closed
2026-09-15T20:58:21.343 WARN kycontroller::kymux_controller::server - Kynet accept failed: connection error: Endpoint closed
2026-09-15T20:58:21.343 WARN kycontroller::kymux_controller::server - Kynet accept failed: connection error: Endpoint closed
2026-09-15T20:58:21.343 WARN kycontroller::kymux_controller::server - Kynet accept failed: connection error: Endpoint closed
2026-09-15T20:58:21.343 WARN kycontroller::kymux_controller::server - Kynet accept failed: connection error: Endpoint closed
2026-09-15T20:58:21.343 WARN kycontroller::kymux_controller::server - Kynet accept failed: connection error: Endpoint closed
2026-09-15T20:58:21.343 WARN kycontroller::kymux_controller::server - Kynet accept failed: connection error: Endpoint closed
2026-09-15T20:58:21.343 WARN kycontroller::kymux_controller::server - Kynet accept failed: connection error: Endpoint closed
2026-09-15T20:58:21.343 WARN kycontroller::kymux_controller::server - Kynet accept failed: connection error: Endpoint closed
2026-09-15T20:58:21.343 WARN kycontroller::kymux_controller::server - Kynet accept failed: connection error: Endpoint closed
2026-09-15T20:58:21.343 WARN kycontroller::kymux_controller::server - Kynet accept failed: connection error: Endpoint closed
2026-09-15T20:58:21.343 WARN kycontroller::kymux_controller::server - Kynet accept failed: connection error: Endpoint closed
2026-09-15T20:58:21.343 WARN kycontroller::kymux_controller::server - Kynet accept failed: connection error: Endpoint closed
2026-09-15T20:58:21.343 WARN kycontroller::kymux_controller::server - Kynet accept failed: connection error: Endpoint closed
2026-09-15T20:58:21.343 WARN kycontroller::kymux_controller::server - Kynet accept failed: connection error: Endpoint closed
2026-09-15T20:58:21.343 WARN kycontroller::kymux_controller::server - Kynet accept failed: connection error: Endpoint closed
2026-09-15T20:58:21.343 WARN kycontroller::kymux_controller::server - Kynet accept failed: connection error: Endpoint closed
2026-09-15T20:58:21.343 WARN kycontroller::kymux_controller::server - Kynet accept failed: connection error: Endpoint closed
2026-09-15T20:58:21.343 WARN kycontroller::kymux_controller::server - Kynet accept failed: connection error: Endpoint closed
2026-09-15T20:58:21.343 WARN kycontroller::kymux_controller::server - Kynet accept failed: connection error: Endpoint closed
2026-09-15T20:58:21.343 WARN kycontroller::kymux_controller::server - Kynet accept failed: connection error: Endpoint closed
2026-09-15T20:58:21.343 WARN kycontroller::kymux_controller::server - Kynet accept failed: connection error: Endpoint closed
2026-09-15T20:58:21.343 WARN kycontroller::kymux_controller::server - Kynet accept failed: connection error: Endpoint closed
2026-09-15T20:58:21.343 WARN kycontroller::kymux_controller::server - Kynet accept failed: connection error: Endpoint closed
2026-09-15T20:58:21.343 WARN kycontroller::kymux_controller::server - Kynet accept failed: connection error: Endpoint closed
2026-09-15T20:58:21.343 WARN kycontroller::kymux_controller::server - Kynet accept failed: connection error: Endpoint closed
2026-09-15T20:58:21.343 WARN kycontroller::kymux_controller::server - Kynet accept failed: connection error: Endpoint closed
2026-09-15T20:58:21.343 WARN kycontroller::kymux_controller::server - Kynet accept failed: connection error: Endpoint closed
2026-09-15T20:58:21.343 WARN kycontroller::kymux_controller::server - Kynet accept failed: connection error: Endpoint closed
2026-09-15T20:58:21.343 WARN kycontroller::kymux_controller::server - Kynet accept failed: connection error: Endpoint closed
2026-09-15T20:58:21.343 WARN kycontroller::kymux_controller::server - Kynet accept failed: connection error: Endpoint closed
2026-09-15T20:58:21.343 WARN kycontroller::kymux_controller::server - Kynet accept failed: connection error: Endpoint closed
2026-09-15T20:58:21.343 WARN kycontroller::kymux_controller::server - Kynet accept failed: connection error: Endpoint closed
2026-09-15T20:58:21.343 WARN kycontroller::kymux_controller::server - Kynet accept failed: connection error: Endpoint closed
2026-09-15T20:58:21.343 WARN kycontroller::kymux_controller::server - Kynet accept failed: connection error: Endpoint closed
2026-09-15T20:58:21.343 WARN kycontroller::kymux_controller::server - Kynet accept failed: connection error: Endpoint closed
2026-09-15T20:58:21.343 WARN kycontroller::kymux_controller::server - Kynet accept failed: connection error: Endpoint closed
2026-09-15T20:58:21.343 WARN kycontroller::kymux_controller::server - Kynet accept failed: connection error: Endpoint closed
2026-09-15T20:58:21.343 WARN kycontroller::kymux_controller::server - Kynet accept failed: connection error: Endpoint closed
2026-09-15T20:58:21.343 WARN kycontroller::kymux_controller::server - Kynet accept failed: connection error: Endpoint closed
2026-09-15T20:58:21.343 WARN kycontroller::kymux_controller::server - Kynet accept failed: connection error: Endpoint closed
2026-09-15T20:58:21.343 WARN kycontroller::kymux_controller::server - Kynet accept failed: connection error: Endpoint closed
2026-09-15T20:58:21.343 WARN kycontroller::kymux_controller::server - Kynet accept failed: connection error: Endpoint closed
2026-09-15T20:58:21.343 WARN kycontroller::kymux_controller::server - Kynet accept failed: connection error: Endpoint closed
2026-09-15T20:58:21.343 WARN kycontroller::kymux_controller::server - Kynet accept failed: connection error: Endpoint closed
2026-09-15T20:58:21.343 WARN kycontroller::kymux_controller::server - Kynet accept failed: connection error: Endpoint closed
2026-09-15T20:58:21.343 WARN kycontroller::kymux_controller::server - Kynet accept failed: connection error: Endpoint closed
2026-09-15T20:58:21.343 WARN kycontroller::kymux_controller::server - Kynet accept failed: connection error: Endpoint closed
2026-09-15T20:58:21.343 WARN kycontroller::kymux_controller::server - Kynet accept failed: connection error: Endpoint closed
2026-09-15T20:58:21.343 WARN kycontroller::kymux_controller::server - Kynet accept failed: connection error: Endpoint closed
2026-09-15T20:58:21.343 WARN kycontroller::kymux_controller::server - Kynet accept failed: connection error: Endpoint closed
2026-09-15T20:58:21.343 WARN kycontroller::kymux_controller::server - Kynet accept failed: connection error: Endpoint closed
2026-09-15T20:58:21.343 WARN kycontroller::kymux_controller::server - Kynet accept failed: connection error: Endpoint closed
2026-09-15T20:58:21.343 WARN kycontroller::kymux_controller::server - Kynet accept failed: connection error: Endpoint closed
2026-09-15T20:58:21.343 WARN kycontroller::kymux_controller::server - Kynet accept failed: connection error: Endpoint closed
2026-09-15T20:58:21.343 WARN kycontroller::kymux_controller::server - Kynet accept failed: connection error: Endpoint closed
2026-09-15T20:58:21.343 WARN kycontroller::kymux_controller::server - Kynet accept failed: connection error: Endpoint closed
2026-09-15T20:58:21.343 WARN kycontroller::kymux_controller::server - Kynet accept failed: connection error: Endpoint closed
2026-09-15T20:58:21.343 WARN kycontroller::kymux_controller::server - Kynet accept failed: connection error: Endpoint closed
2026-09-15T20:58:21.343 WARN kycontroller::kymux_controller::server - Kynet accept failed: connection error: Endpoint closed
2026-09-15T20:58:21.343 WARN kycontroller::kymux_controller::server - Kynet accept failed: connection error: Endpoint closed
2026-09-15T20:58:21.343 WARN kycontroller::kymux_controller::server - Kynet accept failed: connection error: Endpoint closed
2026-09-15T20:58:21.343 WARN kycontroller::kymux_controller::server - Kynet accept failed: connection error: Endpoint closed
2026-09-15T20:58:21.343 WARN kycontroller::kymux_controller::server - Kynet accept failed: connection error: Endpoint closed
2026-09-15T20:58:21.343 WARN kycontroller::kymux_controller::server - Kynet accept failed: connection error: Endpoint closed
2026-09-15T20:58:21.343 WARN kycontroller::kymux_controller::server - Kynet accept failed: connection error: Endpoint closed
2026-09-15T20:58:21.343 WARN kycontroller::kymux_controller::server - Kynet accept failed: connection error: Endpoint closed
2026-09-15T20:58:21.343 WARN kycontroller::kymux_controller::server - Kynet accept failed: connection error: Endpoint closed
2026-09-15T20:58:21.343 WARN kycontroller::kymux_controller::server - Kynet accept failed: connection error: Endpoint closed
2026-09-15T20:58:21.343 WARN kycontroller::kymux_controller::server - Kynet accept failed: connection error: Endpoint closed
2026-09-15T20:58:21.343 WARN kycontroller::kymux_controller::server - Kynet accept failed: connection error: Endpoint closed
2026-09-15T20:58:21.343 WARN kycontroller::kymux_controller::server - Kynet accept failed: connection error: Endpoint closed
2026-09-15T20:58:21.343 WARN kycontroller::kymux_controller::server - Kynet accept failed: connection error: Endpoint closed
2026-09-15T20:58:21.344 WARN kycontroller::kymux_controller::server - Kynet accept failed: connection error: Endpoint closed
2026-09-15T20:58:21.344 WARN kycontroller::kymux_controller::server - Kynet accept failed: connection error: Endpoint closed
2026-09-15T20:58:21.344 WARN kycontroller::kymux_controller::server - Kynet accept failed: connection error: Endpoint closed
2026-09-15T20:58:21.344 WARN kycontroller::kymux_controller::server - Kynet accept failed: connection error: Endpoint closed
2026-09-15T20:58:21.344 WARN kycontroller::kymux_controller::server - Kynet accept failed: connection error: Endpoint closed
2026-09-15T20:58:21.344 WARN kycontroller::kymux_controller::server - Kynet accept failed: connection error: Endpoint closed
2026-09-15T20:58:21.344 WARN kycontroller::kymux_controller::server - Kynet accept failed: connection error: Endpoint closed
2026-09-15T20:58:21.344 WARN kycontroller::kymux_controller::server - Kynet accept failed: connection error: Endpoint closed
2026-09-15T20:58:21.344 WARN kycontroller::kymux_controller::server - Kynet accept failed: connection error: Endpoint closed
2026-09-15T20:58:21.344 WARN kycontroller::kymux_controller::server - Kynet accept failed: connection error: Endpoint closed
2026-09-15T20:58:21.344 WARN kycontroller::kymux_controller::server - Kynet accept failed: connection error: Endpoint closed
2026-09-15T20:58:21.344 WARN kycontroller::kymux_controller::server - Kynet accept failed: connection error: Endpoint closed
2026-09-15T20:58:21.344 WARN kycontroller::kymux_controller::server - Kynet accept failed: connection error: Endpoint closed
2026-09-15T20:58:21.344 WARN kycontroller::kymux_controller::server - Kynet accept failed: connection error: Endpoint closed
2026-09-15T20:58:21.344 WARN kycontroller::kymux_controller::server - Kynet accept failed: connection error: Endpoint closed
2026-09-15T20:58:21.344 WARN kycontroller::kymux_controller::server - Kynet accept failed: connection error: Endpoint closed
2026-09-15T20:58:21.344 WARN kycontroller::kymux_controller::server - Kynet accept failed: connection error: Endpoint closed
2026-09-15T20:58:21.344 WARN kycontroller::kymux_controller::server - Kynet accept failed: connection error: Endpoint closed
2026-09-15T20:58:21.344 WARN kycontroller::kymux_controller::server - Kynet accept failed: connection error: Endpoint closed
2026-09-15T20:58:21.344 WARN kycontroller::kymux_controller::server - Kynet accept failed: connection error: Endpoint closed
2026-09-15T20:58:21.344 WARN kycontroller::kymux_controller::server - Kynet accept failed: connection error: Endpoint closed
2026-09-15T20:58:21.344 WARN kycontroller::kymux_controller::server - Kynet accept failed: connection error: Endpoint closed
2026-09-15T20:58:21.344 WARN kycontroller::kymux_controller::server - Kynet accept failed: connection error: Endpoint closed
2026-09-15T20:58:21.344 WARN kycontroller::kymux_controller::server - Kynet accept failed: connection error: Endpoint closed
2026-09-15T20:58:21.344 WARN kycontroller::kymux_controller::server - Kynet accept failed: connection error: Endpoint closed
2026-09-15T20:58:21.344 WARN kycontroller::kymux_controller::server - Kynet accept failed: connection error: Endpoint closed
2026-09-15T20:58:21.344 WARN kycontroller::kymux_controller::server - Kynet accept failed: connection error: Endpoint closed
2026-09-15T20:58:21.344 WARN kycontroller::kymux_controller::server - Kynet accept failed: connection error: Endpoint closed
2026-09-15T20:58:21.344 WARN kycontroller::kymux_controller::server - Kynet accept failed: connection error: Endpoint closed
2026-09-15T20:58:21.344 WARN kycontroller::kymux_controller::server - Kynet accept failed: connection error: Endpoint closed
2026-09-15T20:58:21.344 WARN kycontroller::kymux_controller::server - Kynet accept failed: connection error: Endpoint closed
2026-09-15T20:58:21.344 WARN kycontroller::kymux_controller::server - Kynet accept failed: connection error: Endpoint closed
2026-09-15T20:58:21.344 WARN kycontroller::kymux_controller::server - Kynet accept failed: connection error: Endpoint closed
2026-09-15T20:58:21.344 WARN kycontroller::kymux_controller::server - Kynet accept failed: connection error: Endpoint closed
2026-09-15T20:58:21.344 WARN kycontroller::kymux_controller::server - Kynet accept failed: connection error: Endpoint closed
2026-09-15T20:58:21.344 WARN kycontroller::kymux_controller::server - Kynet accept failed: connection error: Endpoint closed
2026-09-15T20:58:21.344 WARN kycontroller::kymux_controller::server - Kynet accept failed: connection error: Endpoint closed
2026-09-15T20:58:21.344 WARN kycontroller::kymux_controller::server - Kynet accept failed: connection error: Endpoint closed
2026-09-15T20:58:21.344 WARN kycontroller::kymux_controller::server - Kynet accept failed: connection error: Endpoint closed
2026-09-15T20:58:21.344 WARN kycontroller::kymux_controller::server - Kynet accept failed: connection error: Endpoint closed
2026-09-15T20:58:21.344 WARN kycontroller::kymux_controller::server - Kynet accept failed: connection error: Endpoint closed
2026-09-15T20:58:21.344 WARN kycontroller::kymux_controller::server - Kynet accept failed: connection error: Endpoint closed
2026-09-15T20:58:21.344 WARN kycontroller::kymux_controller::server - Kynet accept failed: connection error: Endpoint closed
2026-09-15T20:58:21.344 WARN kycontroller::kymux_controller::server - Kynet accept failed: connection error: Endpoint closed
2026-09-15T20:58:21.344 WARN kycontroller::kymux_controller::server - Kynet accept failed: connection error: Endpoint closed
2026-09-15T20:58:21.344 WARN kycontroller::kymux_controller::server - Kynet accept failed: connection error: Endpoint closed
2026-09-15T20:58:21.344 WARN kycontroller::kymux_controller::server - Kynet accept failed: connection error: Endpoint closed
2026-09-15T20:58:21.344 WARN kycontroller::kymux_controller::server - Kynet accept failed: connection error: Endpoint closed
2026-09-15T20:58:21.344 WARN kycontroller::kymux_controller::server - Kynet accept failed: connection error: Endpoint closed
2026-09-15T20:58:21.344 WARN kycontroller::kymux_controller::server - Kynet accept failed: connection error: Endpoint closed
2026-09-15T20:58:21.344 WARN kycontroller::kymux_controller::server - Kynet accept failed: connection error: Endpoint closed
2026-09-15T20:58:21.344 WARN kycontroller::kymux_controller::server - Kynet accept failed: connection error: Endpoint closed
2026-09-15T20:58:21.344 WARN kycontroller::kymux_controller::server - Kynet accept failed: connection error: Endpoint closed
2026-09-15T20:58:21.344 WARN kycontroller::kymux_controller::server - Kynet accept failed: connection error: Endpoint closed
2026-09-15T20:58:21.344 WARN kycontroller::kymux_controller::server - Kynet accept failed: connection error: Endpoint closed
2026-09-15T20:58:21.344 WARN kycontroller::kymux_controller::server - Kynet accept failed: connection error: Endpoint closed
2026-09-15T20:58:21.344 WARN kycontroller::kymux_controller::server - Kynet accept failed: connection error: Endpoint closed
2026-09-15T20:58:21.344 WARN kycontroller::kymux_controller::server - Kynet accept failed: connection error: Endpoint closed
2026-09-15T20:58:21.344 WARN kycontroller::kymux_controller::server - Kynet accept failed: connection error: Endpoint closed
2026-09-15T20:58:21.344 WARN kycontroller::kymux_controller::server - Kynet accept failed: connection error: Endpoint closed
2026-09-15T20:58:21.344 WARN kycontroller::kymux_controller::server - Kynet accept failed: connection error: Endpoint closed
2026-09-15T20:58:21.344 WARN kycontroller::kymux_controller::server - Kynet accept failed: connection error: Endpoint closed
2026-09-15T20:58:21.344 WARN kycontroller::kymux_controller::server - Kynet accept failed: connection error: Endpoint closed
2026-09-15T20:58:21.344 WARN kycontroller::kymux_controller::server - Kynet accept failed: connection error: Endpoint closed
2026-09-15T20:58:21.344 WARN kycontroller::kymux_controller::server - Kynet accept failed: connection error: Endpoint closed
2026-09-15T20:58:21.344 WARN kycontroller::kymux_controller::server - Kynet accept failed: connection error: Endpoint closed
2026-09-15T20:58:21.344 WARN kycontroller::kymux_controller::server - Kynet accept failed: connection error: Endpoint closed
2026-09-15T20:58:21.344 WARN kycontroller::kymux_controller::server - Kynet accept failed: connection error: Endpoint closed
2026-09-15T20:58:21.344 WARN kycontroller::kymux_controller::server - Kynet accept failed: connection error: Endpoint closed
2026-09-15T20:58:21.344 WARN kycontroller::kymux_controller::server - Kynet accept failed: connection error: Endpoint closed
2026-09-15T20:58:21.344 WARN kycontroller::kymux_controller::server - Kynet accept failed: connection error: Endpoint closed
2026-09-15T20:58:21.344 WARN kycontroller::kymux_controller::server - Kynet accept failed: connection error: Endpoint closed
2026-09-15T20:58:21.344 WARN kycontroller::kymux_controller::server - Kynet accept failed: connection error: Endpoint closed
2026-09-15T20:58:21.344 WARN kycontroller::kymux_controller::server - Kynet accept failed: connection error: Endpoint closed
2026-09-15T20:58:21.344 WARN kycontroller::kymux_controller::server - Kynet accept failed: connection error: Endpoint closed
2026-09-15T20:58:21.344 WARN kycontroller::kymux_controller::server - Kynet accept failed: connection error: Endpoint closed
2026-09-15T20:58:21.344 WARN kycontroller::kymux_controller::server - Kynet accept failed: connection error: Endpoint closed
2026-09-15T20:58:21.344 WARN kycontroller::kymux_controller::server - Kynet accept failed: connection error: Endpoint closed
2026-09-15T20:58:21.344 WARN kycontroller::kymux_controller::server - Kynet accept failed: connection error: Endpoint closed
2026-09-15T20:58:21.344 WARN kycontroller::kymux_controller::server - Kynet accept failed: connection error: Endpoint closed
2026-09-15T20:58:21.344 WARN kycontroller::kymux_controller::server - Kynet accept failed: connection error: Endpoint closed
2026-09-15T20:58:21.344 WARN kycontroller::kymux_controller::server - Kynet accept failed: connection error: Endpoint closed
2026-09-15T20:58:21.344 WARN kycontroller::kymux_controller::server - Kynet accept failed: connection error: Endpoint closed
2026-09-15T20:58:21.344 WARN kycontroller::kymux_controller::server - Kynet accept failed: connection error: Endpoint closed
2026-09-15T20:58:21.344 WARN kycontroller::kymux_controller::server - Kynet accept failed: connection error: Endpoint closed
2026-09-15T20:58:21.344 WARN kycontroller::kymux_controller::server - Kynet accept failed: connection error: Endpoint closed
2026-09-15T20:58:21.344 WARN kycontroller::kymux_controller::server - Kynet accept failed: connection error: Endpoint closed
2026-09-15T20:58:21.344 WARN kycontroller::kymux_controller::server - Kynet accept failed: connection error: Endpoint closed
2026-09-15T20:58:21.344 WARN kycontroller::kymux_controller::server - Kynet accept failed: connection error: Endpoint closed
2026-09-15T20:58:21.344 WARN kycontroller::kymux_controller::server - Kynet accept failed: connection error: Endpoint closed
2026-09-15T20:58:21.344 WARN kycontroller::kymux_controller::server - Kynet accept failed: connection error: Endpoint closed
2026-09-15T20:58:21.344 WARN kycontroller::kymux_controller::server - Kynet accept failed: connection error: Endpoint closed
2026-09-15T20:58:21.344 WARN kycontroller::kymux_controller::server - Kynet accept failed: connection error: Endpoint closed
2026-09-15T20:58:21.344 WARN kycontroller::kymux_controller::server - Kynet accept failed: connection error: Endpoint closed
2026-09-15T20:58:21.344 WARN kycontroller::kymux_controller::server - Kynet accept failed: connection error: Endpoint closed
2026-09-15T20:58:21.344 WARN kycontroller::kymux_controller::server - Kynet accept failed: connection error: Endpoint closed
2026-09-15T20:58:21.344 WARN kycontroller::kymux_controller::server - Kynet accept failed: connection error: Endpoint closed
2026-09-15T20:58:21.344 WARN kycontroller::kymux_controller::server - Kynet accept failed: connection error: Endpoint closed
2026-09-15T20:58:21.344 WARN kycontroller::kymux_controller::server - Kynet accept failed: connection error: Endpoint closed
2026-09-15T20:58:21.344 WARN kycontroller::kymux_controller::server - Kynet accept failed: connection error: Endpoint closed
2026-09-15T20:58:21.344 WARN kycontroller::kymux_controller::server - Kynet accept failed: connection error: Endpoint closed
2026-09-15T20:58:21.344 WARN kycontroller::kymux_controller::server - Kynet accept failed: connection error: Endpoint closed
2026-09-15T20:58:21.344 WARN kycontroller::kymux_controller::server - Kynet accept failed: connection error: Endpoint closed
2026-09-15T20:58:21.344 WARN kycontroller::kymux_controller::server - Kynet accept failed: connection error: Endpoint closed
2026-09-15T20:58:21.344 WARN kycontroller::kymux_controller::server - Kynet accept failed: connection error: Endpoint closed
2026-09-15T20:58:21.344 WARN kycontroller::kymux_controller::server - Kynet accept failed: connection error: Endpoint closed
2026-09-15T20:58:21.344 WARN kycontroller::kymux_controller::server - Kynet accept failed: connection error: Endpoint closed
2026-09-15T20:58:21.345 WARN kycontroller::kymux_controller::server - Kynet accept failed: connection error: Endpoint closed
2026-09-15T20:58:21.345 WARN kycontroller::kymux_controller::server - Kynet accept failed: connection error: Endpoint closed
2026-09-15T20:58:21.345 WARN kycontroller::kymux_controller::server - Kynet accept failed: connection error: Endpoint closed
2026-09-15T20:58:21.345 WARN kycontroller::kymux_controller::server - Kynet accept failed: connection error: Endpoint closed
2026-09-15T20:58:21.345 WARN kycontroller::kymux_controller::server - Kynet accept failed: connection error: Endpoint closed
2026-09-15T20:58:21.345 WARN kycontroller::kymux_controller::server - Kynet accept failed: connection error: Endpoint closed
2026-09-15T20:58:21.345 WARN kycontroller::kymux_controller::server - Kynet accept failed: connection error: Endpoint closed
2026-09-15T20:58:21.345 WARN kycontroller::kymux_controller::server - Kynet accept failed: connection error: Endpoint closed
2026-09-15T20:58:21.345 WARN kycontroller::kymux_controller::server - Kynet accept failed: connection error: Endpoint closed
2026-09-15T20:58:21.345 WARN kycontroller::kymux_controller::server - Kynet accept failed: connection error: Endpoint closed
2026-09-15T20:58:21.345 WARN kycontroller::kymux_controller::server - Kynet accept failed: connection error: Endpoint closed
2026-09-15T20:58:21.345 WARN kycontroller::kymux_controller::server - Kynet accept failed: connection error: Endpoint closed
2026-09-15T20:58:21.345 WARN kycontroller::kymux_controller::server - Kynet accept failed: connection error: Endpoint closed
2026-09-15T20:58:21.345 WARN kycontroller::kymux_controller::server - Kynet accept failed: connection error: Endpoint closed
2026-09-15T20:58:21.345 WARN kycontroller::kymux_controller::server - Kynet accept failed: connection error: Endpoint closed
2026-09-15T20:58:21.345 WARN kycontroller::kymux_controller::server - Kynet accept failed: connection error: Endpoint closed
2026-09-15T20:58:21.345 WARN kycontroller::kymux_controller::server - Kynet accept failed: connection error: Endpoint closed
2026-09-15T20:58:21.345 WARN kycontroller::kymux_controller::server - Kynet accept failed: connection error: Endpoint closed
2026-09-15T20:58:21.345 WARN kycontroller::kymux_controller::server - Kynet accept failed: connection error: Endpoint closed
2026-09-15T20:58:21.345 WARN kycontroller::kymux_controller::server - Kynet accept failed: connection error: Endpoint closed
2026-09-15T20:58:21.345 WARN kycontroller::kymux_controller::server - Kynet accept failed: connection error: Endpoint closed
2026-09-15T20:58:21.345 WARN kycontroller::kymux_controller::server - Kynet accept failed: connection error: Endpoint closed
2026-09-15T20:58:21.345 WARN kycontroller::kymux_controller::server - Kynet accept failed: connection error: Endpoint closed
2026-09-15T20:58:21.345 WARN kycontroller::kymux_controller::server - Kynet accept failed: connection error: Endpoint closed
2026-09-15T20:58:21.345 WARN kycontroller::kymux_controller::server - Kynet accept failed: connection error: Endpoint closed
2026-09-15T20:58:21.345 WARN kycontroller::kymux_controller::server - Kynet accept failed: connection error: Endpoint closed
2026-09-15T20:58:21.345 WARN kycontroller::kymux_controller::server - Kynet accept failed: connection error: Endpoint closed
2026-09-15T20:58:21.345 WARN kycontroller::kymux_controller::server - Kynet accept failed: connection error: Endpoint closed
2026-09-15T20:58:21.345 WARN kycontroller::kymux_controller::server - Kynet accept failed: connection error: Endpoint closed
2026-09-15T20:58:21.345 WARN kycontroller::kymux_controller::server - Kynet accept failed: connection error: Endpoint closed
2026-09-15T20:58:21.345 WARN kycontroller::kymux_controller::server - Kynet accept failed: connection error: Endpoint closed
2026-09-15T20:58:21.345 WARN kycontroller::kymux_controller::server - Kynet accept failed: connection error: Endpoint closed
2026-09-15T20:58:21.345 WARN kycontroller::kymux_controller::server - Kynet accept failed: connection error: Endpoint closed
2026-09-15T20:58:21.345 WARN kycontroller::kymux_controller::server - Kynet accept failed: connection error: Endpoint closed
2026-09-15T20:58:21.345 WARN kycontroller::kymux_controller::server - Kynet accept failed: connection error: Endpoint closed
2026-09-15T20:58:21.345 WARN kycontroller::kymux_controller::server - Kynet accept failed: connection error: Endpoint closed
2026-09-15T20:58:21.345 WARN kycontroller::kymux_controller::server - Kynet accept failed: connection error: Endpoint closed
2026-09-15T20:58:21.345 WARN kycontroller::kymux_controller::server - Kynet accept failed: connection error: Endpoint closed
2026-09-15T20:58:21.345 WARN kycontroller::kymux_controller::server - Kynet accept failed: connection error: Endpoint closed
2026-09-15T20:58:21.345 WARN kycontroller::kymux_controller::server - Kynet accept failed: connection error: Endpoint closed
2026-09-15T20:58:21.345 WARN kycontroller::kymux_controller::server - Kynet accept failed: connection error: Endpoint closed
2026-09-15T20:58:21.345 WARN kycontroller::kymux_controller::server - Kynet accept failed: connection error: Endpoint closed
2026-09-15T20:58:21.345 WARN kycontroller::kymux_controller::server - Kynet accept failed: connection error: Endpoint closed
2026-09-15T20:58:21.345 WARN kycontroller::kymux_controller::server - Kynet accept failed: connection error: Endpoint closed
2026-09-15T20:58:21.345 WARN kycontroller::kymux_controller::server - Kynet accept failed: connection error: Endpoint closed
2026-09-15T20:58:21.345 WARN kycontroller::kymux_controller::server - Kynet accept failed: connection error: Endpoint closed
2026-09-15T20:58:21.345 WARN kycontroller::kymux_controller::server - Kynet accept failed: connection error: Endpoint closed
2026-09-15T20:58:21.345 WARN kycontroller::kymux_controller::server - Kynet accept failed: connection error: Endpoint closed
2026-09-15T20:58:21.345 WARN kycontroller::kymux_controller::server - Kynet accept failed: connection error: Endpoint closed
2026-09-15T20:58:21.345 WARN kycontroller::kymux_controller::server - Kynet accept failed: connection error: Endpoint closed
2026-09-15T20:58:21.345 WARN kycontroller::kymux_controller::server - Kynet accept failed: connection error: Endpoint closed
2026-09-15T20:58:21.345 WARN kycontroller::kymux_controller::server - Kynet accept failed: connection error: Endpoint closed
2026-09-15T20:58:21.345 WARN kycontroller::kymux_controller::server - Kynet accept failed: connection error: Endpoint closed
2026-09-15T20:58:21.345 WARN kycontroller::kymux_controller::server - Kynet accept failed: connection error: Endpoint closed
2026-09-15T20:58:21.345 WARN kycontroller::kymux_controller::server - Kynet accept failed: connection error: Endpoint closed
2026-09-15T20:58:21.345 WARN kycontroller::kymux_controller::server - Kynet accept failed: connection error: Endpoint closed
2026-09-15T20:58:21.345 WARN kycontroller::kymux_controller::server - Kynet accept failed: connection error: Endpoint closed
2026-09-15T20:58:21.345 WARN kycontroller::kymux_controller::server - Kynet accept failed: connection error: Endpoint closed
2026-09-15T20:58:21.345 WARN kycontroller::kymux_controller::server - Kynet accept failed: connection error: Endpoint closed
2026-09-15T20:58:21.345 WARN kycontroller::kymux_controller::server - Kynet accept failed: connection error: Endpoint closed
2026-09-15T20:58:21.345 WARN kycontroller::kymux_controller::server - Kynet accept failed: connection error: Endpoint closed
2026-09-15T20:58:21.345 WARN kycontroller::kymux_controller::server - Kynet accept failed: connection error: Endpoint closed
2026-09-15T20:58:21.345 WARN kycontroller::kymux_controller::server - Kynet accept failed: connection error: Endpoint closed
2026-09-15T20:58:21.345 WARN kycontroller::kymux_controller::server - Kynet accept failed: connection error: Endpoint closed
2026-09-15T20:58:21.345 WARN kycontroller::kymux_controller::server - Kynet accept failed: connection error: Endpoint closed
2026-09-15T20:58:21.345 WARN kycontroller::kymux_controller::server - Kynet accept failed: connection error: Endpoint closed
2026-09-15T20:58:21.345 WARN kycontroller::kymux_controller::server - Kynet accept failed: connection error: Endpoint closed
2026-09-15T20:58:21.345 WARN kycontroller::kymux_controller::server - Kynet accept failed: connection error: Endpoint closed
2026-09-15T20:58:21.345 WARN kycontroller::kymux_controller::server - Kynet accept failed: connection error: Endpoint closed
2026-09-15T20:58:21.345 WARN kycontroller::kymux_controller::server - Kynet accept failed: connection error: Endpoint closed
2026-09-15T20:58:21.345 WARN kycontroller::kymux_controller::server - Kynet accept failed: connection error: Endpoint closed
2026-09-15T20:58:21.345 WARN kycontroller::kymux_controller::server - Kynet accept failed: connection error: Endpoint closed
2026-09-15T20:58:21.345 WARN kycontroller::kymux_controller::server - Kynet accept failed: connection error: Endpoint closed
2026-09-15T20:58:21.345 WARN kycontroller::kymux_controller::server - Kynet accept failed: connection error: Endpoint closed
2026-09-15T20:58:21.345 WARN kycontroller::kymux_controller::server - Kynet accept failed: connection error: Endpoint closed
2026-09-15T20:58:21.345 WARN kycontroller::kymux_controller::server - Kynet accept failed: connection error: Endpoint closed
2026-09-15T20:58:21.345 WARN kycontroller::kymux_controller::server - Kynet accept failed: connection error: Endpoint closed
2026-09-15T20:58:21.345 WARN kycontroller::kymux_controller::server - Kynet accept failed: connection error: Endpoint closed
2026-09-15T20:58:21.345 WARN kycontroller::kymux_controller::server - Kynet accept failed: connection error: Endpoint closed
2026-09-15T20:58:21.345 WARN kycontroller::kymux_controller::server - Kynet accept failed: connection error: Endpoint closed
2026-09-15T20:58:21.345 WARN kycontroller::kymux_controller::server - Kynet accept failed: connection error: Endpoint closed
2026-09-15T20:58:21.345 WARN kycontroller::kymux_controller::server - Kynet accept failed: connection error: Endpoint closed
2026-09-15T20:58:21.345 WARN kycontroller::kymux_controller::server - Kynet accept failed: connection error: Endpoint closed
2026-09-15T20:58:21.345 WARN kycontroller::kymux_controller::server - Kynet accept failed: connection error: Endpoint closed
2026-09-15T20:58:21.345 WARN kycontroller::kymux_controller::server - Kynet accept failed: connection error: Endpoint closed
2026-09-15T20:58:21.345 WARN kycontroller::kymux_controller::server - Kynet accept failed: connection error: Endpoint closed
2026-09-15T20:58:21.345 WARN kycontroller::kymux_controller::server - Kynet accept failed: connection error: Endpoint closed
2026-09-15T20:58:21.345 WARN kycontroller::kymux_controller::server - Kynet accept failed: connection error: Endpoint closed
2026-09-15T20:58:21.345 WARN kycontroller::kymux_controller::server - Kynet accept failed: connection error: Endpoint closed
2026-09-15T20:58:21.345 WARN kycontroller::kymux_controller::server - Kynet accept failed: connection error: Endpoint closed
2026-09-15T20:58:21.345 WARN kycontroller::kymux_controller::server - Kynet accept failed: connection error: Endpoint closed
2026-09-15T20:58:21.345 WARN kycontroller::kymux_controller::server - Kynet accept failed: connection error: Endpoint closed
2026-09-15T20:58:21.345 WARN kycontroller::kymux_controller::server - Kynet accept failed: connection error: Endpoint closed
2026-09-15T20:58:21.345 WARN kycontroller::kymux_controller::server - Kynet accept failed: connection error: Endpoint closed
2026-09-15T20:58:21.345 WARN kycontroller::kymux_controller::server - Kynet accept failed: connection error: Endpoint closed
2026-09-15T20:58:21.345 WARN kycontroller::kymux_controller::server - Kynet accept failed: connection error: Endpoint closed
2026-09-15T20:58:21.345 WARN kycontroller::kymux_controller::server - Kynet accept failed: connection error: Endpoint closed
2026-09-15T20:58:21.345 WARN kycontroller::kymux_controller::server - Kynet accept failed: connection error: Endpoint closed
2026-09-15T20:58:21.345 WARN kycontroller::kymux_controller::server - Kynet accept failed: connection error: Endpoint closed
2026-09-15T20:58:21.345 WARN kycontroller::kymux_controller::server - Kynet accept failed: connection error: Endpoint closed
2026-09-15T20:58:21.345 WARN kycontroller::kymux_controller::server - Kynet accept failed: connection error: Endpoint closed
2026-09-15T20:58:21.345 WARN kycontroller::kymux_controller::server - Kynet accept failed: connection error: Endpoint closed
2026-09-15T20:58:21.345 WARN kycontroller::kymux_controller::server - Kynet accept failed: connection error: Endpoint closed
2026-09-15T20:58:21.345 WARN kycontroller::kymux_controller::server - Kynet accept failed: connection error: Endpoint closed
2026-09-15T20:58:21.345 WARN kycontroller::kymux_controller::server - Kynet accept failed: connection error: Endpoint closed
2026-09-15T20:58:21.345 WARN kycontroller::kymux_controller::server - Kynet accept failed: connection error: Endpoint closed
2026-09-15T20:58:21.345 WARN kycontroller::kymux_controller::server - Kynet accept failed: connection error: Endpoint closed
2026-09-15T20:58:21.345 WARN kycontroller::kymux_controller::server - Kynet accept failed: connection error: Endpoint closed
2026-09-15T20:58:21.345 WARN kycontroller::kymux_controller::server - Kynet accept failed: connection error: Endpoint closed
2026-09-15T20:58:21.345 WARN kycontroller::kymux_controller::server - Kynet accept failed: connection error: Endpoint closed
2026-09-15T20:58:21.345 WARN kycontroller::kymux_controller::server - Kynet accept failed: connection error: Endpoint closed
2026-09-15T20:58:21.345 WARN kycontroller::kymux_controller::server - Kynet accept failed: connection error: Endpoint closed
2026-09-15T20:58:21.345 WARN kycontroller::kymux_controller::server - Kynet accept failed: connection error: Endpoint closed
2026-09-15T20:58:21.345 WARN kycontroller::kymux_controller::server - Kynet accept failed: connection error: Endpoint closed
2026-09-15T20:58:21.345 WARN kycontroller::kymux_controller::server - Kynet accept failed: connection error: Endpoint closed
2026-09-15T20:58:21.346 WARN kycontroller::kymux_controller::server - Kynet accept failed: connection error: Endpoint closed
2026-09-15T20:58:21.346 WARN kycontroller::kymux_controller::server - Kynet accept failed: connection error: Endpoint closed
2026-09-15T20:58:21.346 WARN kycontroller::kymux_controller::server - Kynet accept failed: connection error: Endpoint closed
2026-09-15T20:58:21.346 WARN kycontroller::kymux_controller::server - Kynet accept failed: connection error: Endpoint closed
2026-09-15T20:58:21.346 WARN kycontroller::kymux_controller::server - Kynet accept failed: connection error: Endpoint closed
2026-09-15T20:58:21.346 WARN kycontroller::kymux_controller::server - Kynet accept failed: connection error: Endpoint closed
2026-09-15T20:58:21.346 WARN kycontroller::kymux_controller::server - Kynet accept failed: connection error: Endpoint closed
2026-09-15T20:58:21.346 WARN kycontroller::kymux_controller::server - Kynet accept failed: connection error: Endpoint closed
2026-09-15T20:58:21.346 WARN kycontroller::kymux_controller::server - Kynet accept failed: connection error: Endpoint closed
2026-09-15T20:58:21.346 WARN kycontroller::kymux_controller::server - Kynet accept failed: connection error: Endpoint closed
2026-09-15T20:58:21.346 WARN kycontroller::kymux_controller::server - Kynet accept failed: connection error: Endpoint closed
2026-09-15T20:58:21.346 WARN kycontroller::kymux_controller::server - Kynet accept failed: connection error: Endpoint closed
2026-09-15T20:58:21.346 WARN kycontroller::kymux_controller::server - Kynet accept failed: connection error: Endpoint closed
2026-09-15T20:58:21.346 WARN kycontroller::kymux_controller::server - Kynet accept failed: connection error: Endpoint closed
2026-09-15T20:58:21.346 WARN kycontroller::kymux_controller::server - Kynet accept failed: connection error: Endpoint closed
2026-09-15T20:58:21.346 WARN kycontroller::kymux_controller::server - Kynet accept failed: connection error: Endpoint closed
2026-09-15T20:58:21.346 WARN kycontroller::kymux_controller::server - Kynet accept failed: connection error: Endpoint closed
2026-09-15T20:58:21.346 WARN kycontroller::kymux_controller::server - Kynet accept failed: connection error: Endpoint closed
2026-09-15T20:58:21.346 WARN kycontroller::kymux_controller::server - Kynet accept failed: connection error: Endpoint closed
2026-09-15T20:58:21.346 WARN kycontroller::kymux_controller::server - Kynet accept failed: connection error: Endpoint closed
2026-09-15T20:58:21.346 WARN kycontroller::kymux_controller::server - Kynet accept failed: connection error: Endpoint closed
2026-09-15T20:58:21.346 WARN kycontroller::kymux_controller::server - Kynet accept failed: connection error: Endpoint closed
2026-09-15T20:58:21.346 WARN kycontroller::kymux_controller::server - Kynet accept failed: connection error: Endpoint closed
2026-09-15T20:58:21.346 WARN kycontroller::kymux_controller::server - Kynet accept failed: connection error: Endpoint closed
2026-09-15T20:58:21.346 WARN kycontroller::kymux_controller::server - Kynet accept failed: connection error: Endpoint closed
2026-09-15T20:58:21.346 WARN kycontroller::kymux_controller::server - Kynet accept failed: connection error: Endpoint closed
2026-09-15T20:58:21.346 WARN kycontroller::kymux_controller::server - Kynet accept failed: connection error: Endpoint closed
2026-09-15T20:58:21.346 WARN kycontroller::kymux_controller::server - Kynet accept failed: connection error: Endpoint closed
2026-09-15T20:58:21.346 WARN kycontroller::kymux_controller::server - Kynet accept failed: connection error: Endpoint closed
2026-09-15T20:58:21.346 WARN kycontroller::kymux_controller::server - Kynet accept failed: connection error: Endpoint closed
2026-09-15T20:58:21.346 WARN kycontroller::kymux_controller::server - Kynet accept failed: connection error: Endpoint closed
2026-09-15T20:58:21.346 WARN kycontroller::kymux_controller::server - Kynet accept failed: connection error: Endpoint closed
2026-09-15T20:58:21.346 WARN kycontroller::kymux_controller::server - Kynet accept failed: connection error: Endpoint closed
2026-09-15T20:58:21.346 WARN kycontroller::kymux_controller::server - Kynet accept failed: connection error: Endpoint closed
2026-09-15T20:58:21.346 WARN kycontroller::kymux_controller::server - Kynet accept failed: connection error: Endpoint closed
2026-09-15T20:58:21.346 WARN kycontroller::kymux_controller::server - Kynet accept failed: connection error: Endpoint closed
2026-09-15T20:58:21.346 WARN kycontroller::kymux_controller::server - Kynet accept failed: connection error: Endpoint closed
2026-09-15T20:58:21.346 WARN kycontroller::kymux_controller::server - Kynet accept failed: connection error: Endpoint closed
2026-09-15T20:58:21.346 WARN kycontroller::kymux_controller::server - Kynet accept failed: connection error: Endpoint closed
2026-09-15T20:58:21.346 WARN kycontroller::kymux_controller::server - Kynet accept failed: connection error: Endpoint closed
2026-09-15T20:58:21.346 WARN kycontroller::kymux_controller::server - Kynet accept failed: connection error: Endpoint closed
2026-09-15T20:58:21.346 WARN kycontroller::kymux_controller::server - Kynet accept failed: connection error: Endpoint closed
2026-09-15T20:58:21.346 WARN kycontroller::kymux_controller::server - Kynet accept failed: connection error: Endpoint closed
2026-09-15T20:58:21.346 WARN kycontroller::kymux_controller::server - Kynet accept failed: connection error: Endpoint closed
2026-09-15T20:58:21.346 WARN kycontroller::kymux_controller::server - Kynet accept failed: connection error: Endpoint closed
2026-09-15T20:58:21.346 WARN kycontroller::kymux_controller::server - Kynet accept failed: connection error: Endpoint closed
2026-09-15T20:58:21.346 WARN kycontroller::kymux_controller::server - Kynet accept failed: connection error: Endpoint closed
2026-09-15T20:58:21.346 WARN kycontroller::kymux_controller::server - Kynet accept failed: connection error: Endpoint closed
2026-09-15T20:58:21.346 WARN kycontroller::kymux_controller::server - Kynet accept failed: connection error: Endpoint closed
2026-09-15T20:58:21.346 WARN kycontroller::kymux_controller::server - Kynet accept failed: connection error: Endpoint closed
2026-09-15T20:58:21.346 WARN kycontroller::kymux_controller::server - Kynet accept failed: connection error: Endpoint closed
2026-09-15T20:58:21.346 WARN kycontroller::kymux_controller::server - Kynet accept failed: connection error: Endpoint closed
2026-09-15T20:58:21.346 WARN kycontroller::kymux_controller::server - Kynet accept failed: connection error: Endpoint closed
2026-09-15T20:58:21.346 WARN kycontroller::kymux_controller::server - Kynet accept failed: connection error: Endpoint closed
2026-09-15T20:58:21.346 WARN kycontroller::kymux_controller::server - Kynet accept failed: connection error: Endpoint closed
2026-09-15T20:58:21.346 WARN kycontroller::kymux_controller::server - Kynet accept failed: connection error: Endpoint closed
2026-09-15T20:58:21.346 WARN kycontroller::kymux_controller::server - Kynet accept failed: connection error: Endpoint closed
2026-09-15T20:58:21.346 WARN kycontroller::kymux_controller::server - Kynet accept failed: connection error: Endpoint closed
2026-09-15T20:58:21.346 WARN kycontroller::kymux_controller::server - Kynet accept failed: connection error: Endpoint closed
2026-09-15T20:58:21.346 WARN kycontroller::kymux_controller::server - Kynet accept failed: connection error: Endpoint closed
2026-09-15T20:58:21.346 WARN kycontroller::kymux_controller::server - Kynet accept failed: connection error: Endpoint closed
2026-09-15T20:58:21.346 WARN kycontroller::kymux_controller::server - Kynet accept failed: connection error: Endpoint closed
2026-09-15T20:58:21.346 WARN kycontroller::kymux_controller::server - Kynet accept failed: connection error: Endpoint closed
2026-09-15T20:58:21.346 WARN kycontroller::kymux_controller::server - Kynet accept failed: connection error: Endpoint closed
2026-09-15T20:58:21.346 WARN kycontroller::kymux_controller::server - Kynet accept failed: connection error: Endpoint closed
2026-09-15T20:58:21.346 WARN kycontroller::kymux_controller::server - Kynet accept failed: connection error: Endpoint closed
2026-09-15T20:58:21.346 WARN kycontroller::kymux_controller::server - Kynet accept failed: connection error: Endpoint closed
2026-09-15T20:58:21.346 WARN kycontroller::kymux_controller::server - Kynet accept failed: connection error: Endpoint closed
2026-09-15T20:58:21.346 WARN kycontroller::kymux_controller::server - Kynet accept failed: connection error: Endpoint closed
2026-09-15T20:58:21.346 WARN kycontroller::kymux_controller::server - Kynet accept failed: connection error: Endpoint closed
2026-09-15T20:58:21.346 WARN kycontroller::kymux_controller::server - Kynet accept failed: connection error: Endpoint closed
2026-09-15T20:58:21.346 WARN kycontroller::kymux_controller::server - Kynet accept failed: connection error: Endpoint closed
2026-09-15T20:58:21.346 WARN kycontroller::kymux_controller::server - Kynet accept failed: connection error: Endpoint closed
2026-09-15T20:58:21.346 WARN kycontroller::kymux_controller::server - Kynet accept failed: connection error: Endpoint closed
2026-09-15T20:58:21.346 WARN kycontroller::kymux_controller::server - Kynet accept failed: connection error: Endpoint closed
2026-09-15T20:58:21.346 WARN kycontroller::kymux_controller::server - Kynet accept failed: connection error: Endpoint closed
2026-09-15T20:58:21.346 WARN kycontroller::kymux_controller::server - Kynet accept failed: connection error: Endpoint closed
2026-09-15T20:58:21.346 WARN kycontroller::kymux_controller::server - Kynet accept failed: connection error: Endpoint closed
2026-09-15T20:58:21.346 WARN kycontroller::kymux_controller::server - Kynet accept failed: connection error: Endpoint closed
2026-09-15T20:58:21.346 WARN kycontroller::kymux_controller::server - Kynet accept failed: connection error: Endpoint closed
2026-09-15T20:58:21.346 WARN kycontroller::kymux_controller::server - Kynet accept failed: connection error: Endpoint closed
2026-09-15T20:58:21.346 WARN kycontroller::kymux_controller::server - Kynet accept failed: connection error: Endpoint closed
2026-09-15T20:58:21.346 WARN kycontroller::kymux_controller::server - Kynet accept failed: connection error: Endpoint closed
2026-09-15T20:58:21.346 WARN kycontroller::kymux_controller::server - Kynet accept failed: connection error: Endpoint closed
2026-09-15T20:58:21.346 WARN kycontroller::kymux_controller::server - Kynet accept failed: connection error: Endpoint closed
2026-09-15T20:58:21.346 WARN kycontroller::kymux_controller::server - Kynet accept failed: connection error: Endpoint closed
2026-09-15T20:58:21.346 WARN kycontroller::kymux_controller::server - Kynet accept failed: connection error: Endpoint closed
2026-09-15T20:58:21.346 WARN kycontroller::kymux_controller::server - Kynet accept failed: connection error: Endpoint closed
2026-09-15T20:58:21.346 WARN kycontroller::kymux_controller::server - Kynet accept failed: connection error: Endpoint closed
2026-09-15T20:58:21.346 WARN kycontroller::kymux_controller::server - Kynet accept failed: connection error: Endpoint closed
2026-09-15T20:58:21.346 WARN kycontroller::kymux_controller::server - Kynet accept failed: connection error: Endpoint closed
2026-09-15T20:58:21.346 WARN kycontroller::kymux_controller::server - Kynet accept failed: connection error: Endpoint closed
2026-09-15T20:58:21.346 WARN kycontroller::kymux_controller::server - Kynet accept failed: connection error: Endpoint closed
2026-09-15T20:58:21.346 WARN kycontroller::kymux_controller::server - Kynet accept failed: connection error: Endpoint closed
2026-09-15T20:58:21.346 WARN kycontroller::kymux_controller::server - Kynet accept failed: connection error: Endpoint closed
2026-09-15T20:58:21.346 WARN kycontroller::kymux_controller::server - Kynet accept failed: connection error: Endpoint closed
2026-09-15T20:58:21.346 WARN kycontroller::kymux_controller::server - Kynet accept failed: connection error: Endpoint closed
2026-09-15T20:58:21.346 WARN kycontroller::kymux_controller::server - Kynet accept failed: connection error: Endpoint closed
2026-09-15T20:58:21.346 WARN kycontroller::kymux_controller::server - Kynet accept failed: connection error: Endpoint closed
2026-09-15T20:58:21.346 WARN kycontroller::kymux_controller::server - Kynet accept failed: connection error: Endpoint closed
2026-09-15T20:58:21.346 WARN kycontroller::kymux_controller::server - Kynet accept failed: connection error: Endpoint closed
2026-09-15T20:58:21.346 WARN kycontroller::kymux_controller::server - Kynet accept failed: connection error: Endpoint closed
2026-09-15T20:58:21.346 WARN kycontroller::kymux_controller::server - Kynet accept failed: connection error: Endpoint closed
2026-09-15T20:58:21.346 WARN kycontroller::kymux_controller::server - Kynet accept failed: connection error: Endpoint closed
2026-09-15T20:58:21.346 WARN kycontroller::kymux_controller::server - Kynet accept failed: connection error: Endpoint closed
2026-09-15T20:58:21.346 WARN kycontroller::kymux_controller::server - Kynet accept failed: connection error: Endpoint closed
2026-09-15T20:58:21.346 WARN kycontroller::kymux_controller::server - Kynet accept failed: connection error: Endpoint closed
2026-09-15T20:58:21.346 WARN kycontroller::kymux_controller::server - Kynet accept failed: connection error: Endpoint closed
2026-09-15T20:58:21.346 WARN kycontroller::kymux_controller::server - Kynet accept failed: connection error: Endpoint closed
2026-09-15T20:58:21.346 WARN kycontroller::kymux_controller::server - Kynet accept failed: connection error: Endpoint closed
2026-09-15T20:58:21.346 WARN kycontroller::kymux_controller::server - Kynet accept failed: connection error: Endpoint closed
2026-09-15T20:58:21.346 WARN kycontroller::kymux_controller::server - Kynet accept failed: connection error: Endpoint closed
2026-09-15T20:58:21.346 WARN kycontroller::kymux_controller::server - Kynet accept failed: connection error: Endpoint closed
2026-09-15T20:58:21.346 WARN kycontroller::kymux_controller::server - Kynet accept failed: connection error: Endpoint closed
2026-09-15T20:58:21.346 WARN kycontroller::kymux_controller::server - Kynet accept failed: connection error: Endpoint closed
2026-09-15T20:58:21.347 WARN kycontroller::kymux_controller::server - Kynet accept failed: connection error: Endpoint closed
2026-09-15T20:58:21.347 WARN kycontroller::kymux_controller::server - Kynet accept failed: connection error: Endpoint closed
2026-09-15T20:58:21.347 WARN kycontroller::kymux_controller::server - Kynet accept failed: connection error: Endpoint closed
2026-09-15T20:58:21.347 WARN kycontroller::kymux_controller::server - Kynet accept failed: connection error: Endpoint closed
2026-09-15T20:58:21.347 WARN kycontroller::kymux_controller::server - Kynet accept failed: connection error: Endpoint closed
2026-09-15T20:58:21.347 WARN kycontroller::kymux_controller::server - Kynet accept failed: connection error: Endpoint closed
2026-09-15T20:58:21.347 WARN kycontroller::kymux_controller::server - Kynet accept failed: connection error: Endpoint closed
2026-09-15T20:58:21.347 WARN kycontroller::kymux_controller::server - Kynet accept failed: connection error: Endpoint closed
2026-09-15T20:58:21.347 WARN kycontroller::kymux_controller::server - Kynet accept failed: connection error: Endpoint closed
2026-09-15T20:58:21.347 WARN kycontroller::kymux_controller::server - Kynet accept failed: connection error: Endpoint closed
2026-09-15T20:58:21.347 WARN kycontroller::kymux_controller::server - Kynet accept failed: connection error: Endpoint closed
2026-09-15T20:58:21.347 WARN kycontroller::kymux_controller::server - Kynet accept failed: connection error: Endpoint closed
2026-09-15T20:58:21.347 WARN kycontroller::kymux_controller::server - Kynet accept failed: connection error: Endpoint closed
2026-09-15T20:58:21.347 WARN kycontroller::kymux_controller::server - Kynet accept failed: connection error: Endpoint closed
2026-09-15T20:58:21.347 WARN kycontroller::kymux_controller::server - Kynet accept failed: connection error: Endpoint closed
2026-09-15T20:58:21.347 WARN kycontroller::kymux_controller::server - Kynet accept failed: connection error: Endpoint closed
2026-09-15T20:58:21.347 WARN kycontroller::kymux_controller::server - Kynet accept failed: connection error: Endpoint closed
2026-09-15T20:58:21.347 WARN kycontroller::kymux_controller::server - Kynet accept failed: connection error: Endpoint closed
2026-09-15T20:58:21.347 WARN kycontroller::kymux_controller::server - Kynet accept failed: connection error: Endpoint closed
2026-09-15T20:58:21.347 WARN kycontroller::kymux_controller::server - Kynet accept failed: connection error: Endpoint closed
2026-09-15T20:58:21.347 WARN kycontroller::kymux_controller::server - Kynet accept failed: connection error: Endpoint closed
2026-09-15T20:58:21.347 WARN kycontroller::kymux_controller::server - Kynet accept failed: connection error: Endpoint closed
2026-09-15T20:58:21.347 WARN kycontroller::kymux_controller::server - Kynet accept failed: connection error: Endpoint closed
2026-09-15T20:58:21.347 WARN kycontroller::kymux_controller::server - Kynet accept failed: connection error: Endpoint closed
2026-09-15T20:58:21.347 WARN kycontroller::kymux_controller::server - Kynet accept failed: connection error: Endpoint closed
2026-09-15T20:58:21.347 WARN kycontroller::kymux_controller::server - Kynet accept failed: connection error: Endpoint closed
2026-09-15T20:58:21.347 WARN kycontroller::kymux_controller::server - Kynet accept failed: connection error: Endpoint closed
2026-09-15T20:58:21.347 WARN kycontroller::kymux_controller::server - Kynet accept failed: connection error: Endpoint closed
2026-09-15T20:58:21.347 WARN kycontroller::kymux_controller::server - Kynet accept failed: connection error: Endpoint closed
2026-09-15T20:58:21.347 WARN kycontroller::kymux_controller::server - Kynet accept failed: connection error: Endpoint closed
2026-09-15T20:58:21.347 WARN kycontroller::kymux_controller::server - Kynet accept failed: connection error: Endpoint closed
2026-09-15T20:58:21.347 WARN kycontroller::kymux_controller::server - Kynet accept failed: connection error: Endpoint closed
2026-09-15T20:58:21.347 WARN kycontroller::kymux_controller::server - Kynet accept failed: connection error: Endpoint closed
2026-09-15T20:58:21.347 WARN kycontroller::kymux_controller::server - Kynet accept failed: connection error: Endpoint closed
2026-09-15T20:58:21.347 WARN kycontroller::kymux_controller::server - Kynet accept failed: connection error: Endpoint closed
2026-09-15T20:58:21.347 WARN kycontroller::kymux_controller::server - Kynet accept failed: connection error: Endpoint closed
2026-09-15T20:58:21.347 WARN kycontroller::kymux_controller::server - Kynet accept failed: connection error: Endpoint closed
2026-09-15T20:58:21.347 WARN kycontroller::kymux_controller::server - Kynet accept failed: connection error: Endpoint closed
2026-09-15T20:58:21.347 WARN kycontroller::kymux_controller::server - Kynet accept failed: connection error: Endpoint closed
2026-09-15T20:58:21.347 WARN kycontroller::kymux_controller::server - Kynet accept failed: connection error: Endpoint closed
2026-09-15T20:58:21.347 WARN kycontroller::kymux_controller::server - Kynet accept failed: connection error: Endpoint closed
2026-09-15T20:58:21.347 WARN kycontroller::kymux_controller::server - Kynet accept failed: connection error: Endpoint closed
2026-09-15T20:58:21.347 WARN kycontroller::kymux_controller::server - Kynet accept failed: connection error: Endpoint closed
2026-09-15T20:58:21.347 WARN kycontroller::kymux_controller::server - Kynet accept failed: connection error: Endpoint closed
2026-09-15T20:58:21.347 WARN kycontroller::kymux_controller::server - Kynet accept failed: connection error: Endpoint closed
2026-09-15T20:58:21.347 WARN kycontroller::kymux_controller::server - Kynet accept failed: connection error: Endpoint closed
2026-09-15T20:58:21.347 WARN kycontroller::kymux_controller::server - Kynet accept failed: connection error: Endpoint closed
2026-09-15T20:58:21.347 WARN kycontroller::kymux_controller::server - Kynet accept failed: connection error: Endpoint closed
2026-09-15T20:58:21.347 WARN kycontroller::kymux_controller::server - Kynet accept failed: connection error: Endpoint closed
2026-09-15T20:58:21.347 WARN kycontroller::kymux_controller::server - Kynet accept failed: connection error: Endpoint closed
2026-09-15T20:58:21.347 WARN kycontroller::kymux_controller::server - Kynet accept failed: connection error: Endpoint closed
2026-09-15T20:58:21.347 WARN kycontroller::kymux_controller::server - Kynet accept failed: connection error: Endpoint closed
2026-09-15T20:58:21.347 WARN kycontroller::kymux_controller::server - Kynet accept failed: connection error: Endpoint closed
2026-09-15T20:58:21.347 WARN kycontroller::kymux_controller::server - Kynet accept failed: connection error: Endpoint closed
2026-09-15T20:58:21.347 WARN kycontroller::kymux_controller::server - Kynet accept failed: connection error: Endpoint closed
2026-09-15T20:58:21.347 WARN kycontroller::kymux_controller::server - Kynet accept failed: connection error: Endpoint closed
2026-09-15T20:58:21.347 WARN kycontroller::kymux_controller::server - Kynet accept failed: connection error: Endpoint closed
2026-09-15T20:58:21.347 WARN kycontroller::kymux_controller::server - Kynet accept failed: connection error: Endpoint closed
2026-09-15T20:58:21.347 WARN kycontroller::kymux_controller::server - Kynet accept failed: connection error: Endpoint closed
2026-09-15T20:58:21.347 WARN kycontroller::kymux_controller::server - Kynet accept failed: connection error: Endpoint closed
2026-09-15T20:58:21.347 WARN kycontroller::kymux_controller::server - Kynet accept failed: connection error: Endpoint closed
2026-09-15T20:58:21.347 WARN kycontroller::kymux_controller::server - Kynet accept failed: connection error: Endpoint closed
2026-09-15T20:58:21.347 WARN kycontroller::kymux_controller::server - Kynet accept failed: connection error: Endpoint closed
2026-09-15T20:58:21.347 WARN kycontroller::kymux_controller::server - Kynet accept failed: connection error: Endpoint closed
2026-09-15T20:58:21.347 WARN kycontroller::kymux_controller::server - Kynet accept failed: connection error: Endpoint closed
2026-09-15T20:58:21.347 WARN kycontroller::kymux_controller::server - Kynet accept failed: connection error: Endpoint closed
2026-09-15T20:58:21.347 WARN kycontroller::kymux_controller::server - Kynet accept failed: connection error: Endpoint closed
2026-09-15T20:58:21.347 WARN kycontroller::kymux_controller::server - Kynet accept failed: connection error: Endpoint closed
2026-09-15T20:58:21.347 WARN kycontroller::kymux_controller::server - Kynet accept failed: connection error: Endpoint closed
2026-09-15T20:58:21.347 WARN kycontroller::kymux_controller::server - Kynet accept failed: connection error: Endpoint closed
2026-09-15T20:58:21.347 WARN kycontroller::kymux_controller::server - Kynet accept failed: connection error: Endpoint closed
2026-09-15T20:58:21.347 WARN kycontroller::kymux_controller::server - Kynet accept failed: connection error: Endpoint closed
2026-09-15T20:58:21.347 WARN kycontroller::kymux_controller::server - Kynet accept failed: connection error: Endpoint closed
2026-09-15T20:58:21.347 WARN kycontroller::kymux_controller::server - Kynet accept failed: connection error: Endpoint closed
2026-09-15T20:58:21.347 WARN kycontroller::kymux_controller::server - Kynet accept failed: connection error: Endpoint closed
2026-09-15T20:58:21.347 WARN kycontroller::kymux_controller::server - Kynet accept failed: connection error: Endpoint closed
2026-09-15T20:58:21.347 WARN kycontroller::kymux_controller::server - Kynet accept failed: connection error: Endpoint closed
2026-09-15T20:58:21.347 WARN kycontroller::kymux_controller::server - Kynet accept failed: connection error: Endpoint closed
2026-09-15T20:58:21.347 WARN kycontroller::kymux_controller::server - Kynet accept failed: connection error: Endpoint closed
2026-09-15T20:58:21.347 WARN kycontroller::kymux_controller::server - Kynet accept failed: connection error: Endpoint closed
2026-09-15T20:58:21.347 WARN kycontroller::kymux_controller::server - Kynet accept failed: connection error: Endpoint closed
2026-09-15T20:58:21.347 WARN kycontroller::kymux_controller::server - Kynet accept failed: connection error: Endpoint closed
2026-09-15T20:58:21.347 WARN kycontroller::kymux_controller::server - Kynet accept failed: connection error: Endpoint closed
2026-09-15T20:58:21.347 WARN kycontroller::kymux_controller::server - Kynet accept failed: connection error: Endpoint closed
2026-09-15T20:58:21.347 WARN kycontroller::kymux_controller::server - Kynet accept failed: connection error: Endpoint closed
2026-09-15T20:58:21.347 WARN kycontroller::kymux_controller::server - Kynet accept failed: connection error: Endpoint closed
2026-09-15T20:58:21.347 WARN kycontroller::kymux_controller::server - Kynet accept failed: connection error: Endpoint closed
2026-09-15T20:58:21.347 WARN kycontroller::kymux_controller::server - Kynet accept failed: connection error: Endpoint closed
2026-09-15T20:58:21.347 WARN kycontroller::kymux_controller::server - Kynet accept failed: connection error: Endpoint closed
2026-09-15T20:58:21.347 WARN kycontroller::kymux_controller::server - Kynet accept failed: connection error: Endpoint closed
2026-09-15T20:58:21.347 WARN kycontroller::kymux_controller::server - Kynet accept failed: connection error: Endpoint closed
2026-09-15T20:58:21.347 WARN kycontroller::kymux_controller::server - Kynet accept failed: connection error: Endpoint closed
2026-09-15T20:58:21.347 WARN kycontroller::kymux_controller::server - Kynet accept failed: connection error: Endpoint closed
2026-09-15T20:58:21.347 WARN kycontroller::kymux_controller::server - Kynet accept failed: connection error: Endpoint closed
2026-09-15T20:58:21.347 WARN kycontroller::kymux_controller::server - Kynet accept failed: connection error: Endpoint closed
2026-09-15T20:58:21.347 WARN kycontroller::kymux_controller::server - Kynet accept failed: connection error: Endpoint closed
2026-09-15T20:58:21.347 WARN kycontroller::kymux_controller::server - Kynet accept failed: connection error: Endpoint closed
2026-09-15T20:58:21.347 WARN kycontroller::kymux_controller::server - Kynet accept failed: connection error: Endpoint closed
2026-09-15T20:58:21.347 WARN kycontroller::kymux_controller::server - Kynet accept failed: connection error: Endpoint closed
2026-09-15T20:58:21.347 WARN kycontroller::kymux_controller::server - Kynet accept failed: connection error: Endpoint closed
2026-09-15T20:58:21.347 WARN kycontroller::kymux_controller::server - Kynet accept failed: connection error: Endpoint closed
2026-09-15T20:58:21.347 WARN kycontroller::kymux_controller::server - Kynet accept failed: connection error: Endpoint closed
2026-09-15T20:58:21.347 WARN kycontroller::kymux_controller::server - Kynet accept failed: connection error: Endpoint closed
2026-09-15T20:58:21.347 WARN kycontroller::kymux_controller::server - Kynet accept failed: connection error: Endpoint closed
2026-09-15T20:58:21.347 WARN kycontroller::kymux_controller::server - Kynet accept failed: connection error: Endpoint closed
2026-09-15T20:58:21.347 WARN kycontroller::kymux_controller::server - Kynet accept failed: connection error: Endpoint closed
2026-09-15T20:58:21.347 WARN kycontroller::kymux_controller::server - Kynet accept failed: connection error: Endpoint closed
2026-09-15T20:58:21.347 WARN kycontroller::kymux_controller::server - Kynet accept failed: connection error: Endpoint closed
2026-09-15T20:58:21.347 WARN kycontroller::kymux_controller::server - Kynet accept failed: connection error: Endpoint closed
2026-09-15T20:58:21.347 WARN kycontroller::kymux_controller::server - Kynet accept failed: connection error: Endpoint closed
2026-09-15T20:58:21.347 WARN kycontroller::kymux_controller::server - Kynet accept failed: connection error: Endpoint closed
2026-09-15T20:58:21.347 WARN kycontroller::kymux_controller::server - Kynet accept failed: connection error: Endpoint closed
2026-09-15T20:58:21.347 WARN kycontroller::kymux_controller::server - Kynet accept failed: connection error: Endpoint closed
2026-09-15T20:58:21.347 WARN kycontroller::kymux_controller::server - Kynet accept failed: connection error: Endpoint closed
2026-09-15T20:58:21.347 WARN kycontroller::kymux_controller::server - Kynet accept failed: connection error: Endpoint closed
2026-09-15T20:58:21.347 WARN kycontroller::kymux_controller::server - Kynet accept failed: connection error: Endpoint closed
2026-09-15T20:58:21.348 WARN kycontroller::kymux_controller::server - Kynet accept failed: connection error: Endpoint closed
2026-09-15T20:58:21.348 WARN kycontroller::kymux_controller::server - Kynet accept failed: connection error: Endpoint closed
2026-09-15T20:58:21.348 WARN kycontroller::kymux_controller::server - Kynet accept failed: connection error: Endpoint closed
2026-09-15T20:58:21.348 WARN kycontroller::kymux_controller::server - Kynet accept failed: connection error: Endpoint closed
2026-09-15T20:58:21.348 WARN kycontroller::kymux_controller::server - Kynet accept failed: connection error: Endpoint closed
2026-09-15T20:58:21.348 WARN kycontroller::kymux_controller::server - Kynet accept failed: connection error: Endpoint closed
2026-09-15T20:58:21.348 WARN kycontroller::kymux_controller::server - Kynet accept failed: connection error: Endpoint closed
2026-09-15T20:58:21.348 WARN kycontroller::kymux_controller::server - Kynet accept failed: connection error: Endpoint closed
2026-09-15T20:58:21.348 WARN kycontroller::kymux_controller::server - Kynet accept failed: connection error: Endpoint closed
2026-09-15T20:58:21.348 WARN kycontroller::kymux_controller::server - Kynet accept failed: connection error: Endpoint closed
2026-09-15T20:58:21.348 WARN kycontroller::kymux_controller::server - Kynet accept failed: connection error: Endpoint closed
2026-09-15T20:58:21.348 WARN kycontroller::kymux_controller::server - Kynet accept failed: connection error: Endpoint closed
2026-09-15T20:58:21.348 WARN kycontroller::kymux_controller::server - Kynet accept failed: connection error: Endpoint closed
2026-09-15T20:58:21.348 WARN kycontroller::kymux_controller::server - Kynet accept failed: connection error: Endpoint closed
2026-09-15T20:58:21.348 WARN kycontroller::kymux_controller::server - Kynet accept failed: connection error: Endpoint closed
2026-09-15T20:58:21.348 WARN kycontroller::kymux_controller::server - Kynet accept failed: connection error: Endpoint closed
2026-09-15T20:58:21.348 WARN kycontroller::kymux_controller::server - Kynet accept failed: connection error: Endpoint closed
2026-09-15T20:58:21.348 WARN kycontroller::kymux_controller::server - Kynet accept failed: connection error: Endpoint closed
2026-09-15T20:58:21.348 WARN kycontroller::kymux_controller::server - Kynet accept failed: connection error: Endpoint closed
2026-09-15T20:58:21.348 WARN kycontroller::kymux_controller::server - Kynet accept failed: connection error: Endpoint closed
2026-09-15T20:58:21.348 WARN kycontroller::kymux_controller::server - Kynet accept failed: connection error: Endpoint closed
2026-09-15T20:58:21.348 WARN kycontroller::kymux_controller::server - Kynet accept failed: connection error: Endpoint closed
2026-09-15T20:58:21.348 WARN kycontroller::kymux_controller::server - Kynet accept failed: connection error: Endpoint closed
2026-09-15T20:58:21.348 WARN kycontroller::kymux_controller::server - Kynet accept failed: connection error: Endpoint closed
2026-09-15T20:58:21.348 WARN kycontroller::kymux_controller::server - Kynet accept failed: connection error: Endpoint closed
2026-09-15T20:58:21.348 WARN kycontroller::kymux_controller::server - Kynet accept failed: connection error: Endpoint closed
2026-09-15T20:58:21.348 WARN kycontroller::kymux_controller::server - Kynet accept failed: connection error: Endpoint closed
2026-09-15T20:58:21.348 WARN kycontroller::kymux_controller::server - Kynet accept failed: connection error: Endpoint closed
2026-09-15T20:58:21.348 WARN kycontroller::kymux_controller::server - Kynet accept failed: connection error: Endpoint closed
2026-09-15T20:58:21.348 WARN kycontroller::kymux_controller::server - Kynet accept failed: connection error: Endpoint closed
2026-09-15T20:58:21.348 WARN kycontroller::kymux_controller::server - Kynet accept failed: connection error: Endpoint closed
2026-09-15T20:58:21.348 WARN kycontroller::kymux_controller::server - Kynet accept failed: connection error: Endpoint closed
2026-09-15T20:58:21.348 WARN kycontroller::kymux_controller::server - Kynet accept failed: connection error: Endpoint closed
2026-09-15T20:58:21.348 WARN kycontroller::kymux_controller::server - Kynet accept failed: connection error: Endpoint closed
2026-09-15T20:58:21.348 WARN kycontroller::kymux_controller::server - Kynet accept failed: connection error: Endpoint closed
2026-09-15T20:58:21.348 WARN kycontroller::kymux_controller::server - Kynet accept failed: connection error: Endpoint closed
2026-09-15T20:58:21.348 WARN kycontroller::kymux_controller::server - Kynet accept failed: connection error: Endpoint closed
2026-09-15T20:58:21.348 WARN kycontroller::kymux_controller::server - Kynet accept failed: connection error: Endpoint closed
2026-09-15T20:58:21.348 WARN kycontroller::kymux_controller::server - Kynet accept failed: connection error: Endpoint closed
2026-09-15T20:58:21.348 WARN kycontroller::kymux_controller::server - Kynet accept failed: connection error: Endpoint closed
2026-09-15T20:58:21.348 WARN kycontroller::kymux_controller::server - Kynet accept failed: connection error: Endpoint closed
2026-09-15T20:58:21.348 WARN kycontroller::kymux_controller::server - Kynet accept failed: connection error: Endpoint closed
2026-09-15T20:58:21.348 WARN kycontroller::kymux_controller::server - Kynet accept failed: connection error: Endpoint closed
2026-09-15T20:58:21.348 WARN kycontroller::kymux_controller::server - Kynet accept failed: connection error: Endpoint closed
2026-09-15T20:58:21.348 WARN kycontroller::kymux_controller::server - Kynet accept failed: connection error: Endpoint closed
2026-09-15T20:58:21.348 WARN kycontroller::kymux_controller::server - Kynet accept failed: connection error: Endpoint closed
2026-09-15T20:58:21.348 WARN kycontroller::kymux_controller::server - Kynet accept failed: connection error: Endpoint closed
2026-09-15T20:58:21.348 WARN kycontroller::kymux_controller::server - Kynet accept failed: connection error: Endpoint closed
2026-09-15T20:58:21.348 WARN kycontroller::kymux_controller::server - Kynet accept failed: connection error: Endpoint closed
2026-09-15T20:58:21.348 WARN kycontroller::kymux_controller::server - Kynet accept failed: connection error: Endpoint closed
2026-09-15T20:58:21.348 WARN kycontroller::kymux_controller::server - Kynet accept failed: connection error: Endpoint closed
2026-09-15T20:58:21.348 WARN kycontroller::kymux_controller::server - Kynet accept failed: connection error: Endpoint closed
2026-09-15T20:58:21.348 WARN kycontroller::kymux_controller::server - Kynet accept failed: connection error: Endpoint closed
2026-09-15T20:58:21.348 WARN kycontroller::kymux_controller::server - Kynet accept failed: connection error: Endpoint closed
2026-09-15T20:58:21.348 WARN kycontroller::kymux_controller::server - Kynet accept failed: connection error: Endpoint closed
2026-09-15T20:58:21.348 WARN kycontroller::kymux_controller::server - Kynet accept failed: connection error: Endpoint closed
2026-09-15T20:58:21.348 WARN kycontroller::kymux_controller::server - Kynet accept failed: connection error: Endpoint closed
2026-09-15T20:58:21.348 WARN kycontroller::kymux_controller::server - Kynet accept failed: connection error: Endpoint closed
2026-09-15T20:58:21.348 WARN kycontroller::kymux_controller::server - Kynet accept failed: connection error: Endpoint closed
2026-09-15T20:58:21.348 WARN kycontroller::kymux_controller::server - Kynet accept failed: connection error: Endpoint closed
2026-09-15T20:58:21.348 WARN kycontroller::kymux_controller::server - Kynet accept failed: connection error: Endpoint closed
2026-09-15T20:58:21.348 WARN kycontroller::kymux_controller::server - Kynet accept failed: connection error: Endpoint closed
2026-09-15T20:58:21.348 WARN kycontroller::kymux_controller::server - Kynet accept failed: connection error: Endpoint closed
2026-09-15T20:58:21.348 WARN kycontroller::kymux_controller::server - Kynet accept failed: connection error: Endpoint closed
2026-09-15T20:58:21.348 WARN kycontroller::kymux_controller::server - Kynet accept failed: connection error: Endpoint closed
2026-09-15T20:58:21.348 WARN kycontroller::kymux_controller::server - Kynet accept failed: connection error: Endpoint closed
2026-09-15T20:58:21.348 WARN kycontroller::kymux_controller::server - Kynet accept failed: connection error: Endpoint closed
2026-09-15T20:58:21.348 WARN kycontroller::kymux_controller::server - Kynet accept failed: connection error: Endpoint closed
2026-09-15T20:58:21.348 WARN kycontroller::kymux_controller::server - Kynet accept failed: connection error: Endpoint closed
2026-09-15T20:58:21.348 WARN kycontroller::kymux_controller::server - Kynet accept failed: connection error: Endpoint closed
2026-09-15T20:58:21.348 WARN kycontroller::kymux_controller::server - Kynet accept failed: connection error: Endpoint closed
2026-09-15T20:58:21.348 WARN kycontroller::kymux_controller::server - Kynet accept failed: connection error: Endpoint closed
2026-09-15T20:58:21.348 WARN kycontroller::kymux_controller::server - Kynet accept failed: connection error: Endpoint closed
2026-09-15T20:58:21.348 WARN kycontroller::kymux_controller::server - Kynet accept failed: connection error: Endpoint closed
2026-09-15T20:58:21.348 WARN kycontroller::kymux_controller::server - Kynet accept failed: connection error: Endpoint closed
2026-09-15T20:58:21.348 WARN kycontroller::kymux_controller::server - Kynet accept failed: connection error: Endpoint closed
2026-09-15T20:58:21.348 WARN kycontroller::kymux_controller::server - Kynet accept failed: connection error: Endpoint closed
2026-09-15T20:58:21.348 WARN kycontroller::kymux_controller::server - Kynet accept failed: connection error: Endpoint closed
2026-09-15T20:58:21.348 WARN kycontroller::kymux_controller::server - Kynet accept failed: connection error: Endpoint closed
2026-09-15T20:58:21.348 WARN kycontroller::kymux_controller::server - Kynet accept failed: connection error: Endpoint closed
2026-09-15T20:58:21.348 WARN kycontroller::kymux_controller::server - Kynet accept failed: connection error: Endpoint closed
2026-09-15T20:58:21.348 WARN kycontroller::kymux_controller::server - Kynet accept failed: connection error: Endpoint closed
2026-09-15T20:58:21.348 WARN kycontroller::kymux_controller::server - Kynet accept failed: connection error: Endpoint closed
2026-09-15T20:58:21.348 WARN kycontroller::kymux_controller::server - Kynet accept failed: connection error: Endpoint closed
2026-09-15T20:58:21.348 WARN kycontroller::kymux_controller::server - Kynet accept failed: connection error: Endpoint closed
2026-09-15T20:58:21.348 WARN kycontroller::kymux_controller::server - Kynet accept failed: connection error: Endpoint closed
2026-09-15T20:58:21.348 WARN kycontroller::kymux_controller::server - Kynet accept failed: connection error: Endpoint closed
2026-09-15T20:58:21.348 WARN kycontroller::kymux_controller::server - Kynet accept failed: connection error: Endpoint closed
2026-09-15T20:58:21.348 WARN kycontroller::kymux_controller::server - Kynet accept failed: connection error: Endpoint closed
2026-09-15T20:58:21.348 WARN kycontroller::kymux_controller::server - Kynet accept failed: connection error: Endpoint closed
2026-09-15T20:58:21.348 WARN kycontroller::kymux_controller::server - Kynet accept failed: connection error: Endpoint closed
2026-09-15T20:58:21.348 WARN kycontroller::kymux_controller::server - Kynet accept failed: connection error: Endpoint closed
2026-09-15T20:58:21.348 WARN kycontroller::kymux_controller::server - Kynet accept failed: connection error: Endpoint closed
2026-09-15T20:58:21.348 WARN kycontroller::kymux_controller::server - Kynet accept failed: connection error: Endpoint closed
2026-09-15T20:58:21.348 WARN kycontroller::kymux_controller::server - Kynet accept failed: connection error: Endpoint closed
2026-09-15T20:58:21.348 WARN kycontroller::kymux_controller::server - Kynet accept failed: connection error: Endpoint closed
2026-09-15T20:58:21.348 WARN kycontroller::kymux_controller::server - Kynet accept failed: connection error: Endpoint closed
2026-09-15T20:58:21.348 WARN kycontroller::kymux_controller::server - Kynet accept failed: connection error: Endpoint closed
2026-09-15T20:58:21.348 WARN kycontroller::kymux_controller::server - Kynet accept failed: connection error: Endpoint closed
2026-09-15T20:58:21.348 WARN kycontroller::kymux_controller::server - Kynet accept failed: connection error: Endpoint closed
2026-09-15T20:58:21.348 WARN kycontroller::kymux_controller::server - Kynet accept failed: connection error: Endpoint closed
2026-09-15T20:58:21.348 WARN kycontroller::kymux_controller::server - Kynet accept failed: connection error: Endpoint closed
2026-09-15T20:58:21.348 WARN kycontroller::kymux_controller::server - Kynet accept failed: connection error: Endpoint closed
2026-09-15T20:58:21.348 WARN kycontroller::kymux_controller::server - Kynet accept failed: connection error: Endpoint closed
2026-09-15T20:58:21.348 WARN kycontroller::kymux_controller::server - Kynet accept failed: connection error: Endpoint closed
2026-09-15T20:58:21.348 WARN kycontroller::kymux_controller::server - Kynet accept failed: connection error: Endpoint closed
2026-09-15T20:58:21.348 WARN kycontroller::kymux_controller::server - Kynet accept failed: connection error: Endpoint closed
2026-09-15T20:58:21.348 WARN kycontroller::kymux_controller::server - Kynet accept failed: connection error: Endpoint closed
2026-09-15T20:58:21.348 WARN kycontroller::kymux_controller::server - Kynet accept failed: connection error: Endpoint closed
2026-09-15T20:58:21.348 WARN kycontroller::kymux_controller::server - Kynet accept failed: connection error: Endpoint closed
2026-09-15T20:58:21.348 WARN kycontroller::kymux_controller::server - Kynet accept failed: connection error: Endpoint closed
2026-09-15T20:58:21.348 WARN kycontroller::kymux_controller::server - Kynet accept failed: connection error: Endpoint closed
2026-09-15T20:58:21.348 WARN kycontroller::kymux_controller::server - Kynet accept failed: connection error: Endpoint closed
2026-09-15T20:58:21.348 WARN kycontroller::kymux_controller::server - Kynet accept failed: connection error: Endpoint closed
2026-09-15T20:58:21.348 WARN kycontroller::kymux_controller::server - Kynet accept failed: connection error: Endpoint closed
2026-09-15T20:58:21.348 WARN kycontroller::kymux_controller::server - Kynet accept failed: connection error: Endpoint closed
2026-09-15T20:58:21.349 WARN kycontroller::kymux_controller::server - Kynet accept failed: connection error: Endpoint closed
2026-09-15T20:58:21.349 WARN kycontroller::kymux_controller::server - Kynet accept failed: connection error: Endpoint closed
2026-09-15T20:58:21.349 WARN kycontroller::kymux_controller::server - Kynet accept failed: connection error: Endpoint closed
2026-09-15T20:58:21.349 WARN kycontroller::kymux_controller::server - Kynet accept failed: connection error: Endpoint closed
2026-09-15T20:58:21.349 WARN kycontroller::kymux_controller::server - Kynet accept failed: connection error: Endpoint closed
2026-09-15T20:58:21.349 WARN kycontroller::kymux_controller::server - Kynet accept failed: connection error: Endpoint closed
2026-09-15T20:58:21.349 WARN kycontroller::kymux_controller::server - Kynet accept failed: connection error: Endpoint closed
2026-09-15T20:58:21.349 WARN kycontroller::kymux_controller::server - Kynet accept failed: connection error: Endpoint closed
2026-09-15T20:58:21.349 WARN kycontroller::kymux_controller::server - Kynet accept failed: connection error: Endpoint closed
2026-09-15T20:58:21.349 WARN kycontroller::kymux_controller::server - Kynet accept failed: connection error: Endpoint closed
2026-09-15T20:58:21.349 WARN kycontroller::kymux_controller::server - Kynet accept failed: connection error: Endpoint closed
2026-09-15T20:58:21.349 WARN kycontroller::kymux_controller::server - Kynet accept failed: connection error: Endpoint closed
2026-09-15T20:58:21.349 WARN kycontroller::kymux_controller::server - Kynet accept failed: connection error: Endpoint closed
2026-09-15T20:58:21.349 WARN kycontroller::kymux_controller::server - Kynet accept failed: connection error: Endpoint closed
2026-09-15T20:58:21.349 WARN kycontroller::kymux_controller::server - Kynet accept failed: connection error: Endpoint closed
2026-09-15T20:58:21.349 WARN kycontroller::kymux_controller::server - Kynet accept failed: connection error: Endpoint closed
2026-09-15T20:58:21.349 WARN kycontroller::kymux_controller::server - Kynet accept failed: connection error: Endpoint closed
2026-09-15T20:58:21.349 WARN kycontroller::kymux_controller::server - Kynet accept failed: connection error: Endpoint closed
2026-09-15T20:58:21.349 WARN kycontroller::kymux_controller::server - Kynet accept failed: connection error: Endpoint closed
2026-09-15T20:58:21.349 WARN kycontroller::kymux_controller::server - Kynet accept failed: connection error: Endpoint closed
2026-09-15T20:58:21.349 WARN kycontroller::kymux_controller::server - Kynet accept failed: connection error: Endpoint closed
2026-09-15T20:58:21.349 WARN kycontroller::kymux_controller::server - Kynet accept failed: connection error: Endpoint closed
2026-09-15T20:58:21.349 WARN kycontroller::kymux_controller::server - Kynet accept failed: connection error: Endpoint closed
2026-09-15T20:58:21.349 WARN kycontroller::kymux_controller::server - Kynet accept failed: connection error: Endpoint closed
2026-09-15T20:58:21.349 WARN kycontroller::kymux_controller::server - Kynet accept failed: connection error: Endpoint closed
2026-09-15T20:58:21.349 WARN kycontroller::kymux_controller::server - Kynet accept failed: connection error: Endpoint closed
2026-09-15T20:58:21.349 WARN kycontroller::kymux_controller::server - Kynet accept failed: connection error: Endpoint closed
2026-09-15T20:58:21.349 WARN kycontroller::kymux_controller::server - Kynet accept failed: connection error: Endpoint closed
2026-09-15T20:58:21.349 WARN kycontroller::kymux_controller::server - Kynet accept failed: connection error: Endpoint closed
2026-09-15T20:58:21.349 WARN kycontroller::kymux_controller::server - Kynet accept failed: connection error: Endpoint closed
2026-09-15T20:58:21.349 WARN kycontroller::kymux_controller::server - Kynet accept failed: connection error: Endpoint closed
2026-09-15T20:58:21.349 WARN kycontroller::kymux_controller::server - Kynet accept failed: connection error: Endpoint closed
2026-09-15T20:58:21.349 WARN kycontroller::kymux_controller::server - Kynet accept failed: connection error: Endpoint closed
2026-09-15T20:58:21.349 WARN kycontroller::kymux_controller::server - Kynet accept failed: connection error: Endpoint closed
2026-09-15T20:58:21.349 WARN kycontroller::kymux_controller::server - Kynet accept failed: connection error: Endpoint closed
2026-09-15T20:58:21.349 WARN kycontroller::kymux_controller::server - Kynet accept failed: connection error: Endpoint closed
2026-09-15T20:58:21.349 WARN kycontroller::kymux_controller::server - Kynet accept failed: connection error: Endpoint closed
2026-09-15T20:58:21.349 WARN kycontroller::kymux_controller::server - Kynet accept failed: connection error: Endpoint closed
2026-09-15T20:58:21.349 WARN kycontroller::kymux_controller::server - Kynet accept failed: connection error: Endpoint closed
2026-09-15T20:58:21.349 WARN kycontroller::kymux_controller::server - Kynet accept failed: connection error: Endpoint closed
2026-09-15T20:58:21.349 WARN kycontroller::kymux_controller::server - Kynet accept failed: connection error: Endpoint closed
2026-09-15T20:58:21.349 WARN kycontroller::kymux_controller::server - Kynet accept failed: connection error: Endpoint closed
2026-09-15T20:58:21.349 WARN kycontroller::kymux_controller::server - Kynet accept failed: connection error: Endpoint closed
2026-09-15T20:58:21.349 WARN kycontroller::kymux_controller::server - Kynet accept failed: connection error: Endpoint closed
2026-09-15T20:58:21.349 WARN kycontroller::kymux_controller::server - Kynet accept failed: connection error: Endpoint closed
2026-09-15T20:58:21.349 WARN kycontroller::kymux_controller::server - Kynet accept failed: connection error: Endpoint closed
2026-09-15T20:58:21.349 WARN kycontroller::kymux_controller::server - Kynet accept failed: connection error: Endpoint closed
2026-09-15T20:58:21.349 WARN kycontroller::kymux_controller::server - Kynet accept failed: connection error: Endpoint closed
2026-09-15T20:58:21.349 WARN kycontroller::kymux_controller::server - Kynet accept failed: connection error: Endpoint closed
2026-09-15T20:58:21.349 WARN kycontroller::kymux_controller::server - Kynet accept failed: connection error: Endpoint closed
2026-09-15T20:58:21.349 WARN kycontroller::kymux_controller::server - Kynet accept failed: connection error: Endpoint closed
2026-09-15T20:58:21.349 WARN kycontroller::kymux_controller::server - Kynet accept failed: connection error: Endpoint closed
2026-09-15T20:58:21.349 WARN kycontroller::kymux_controller::server - Kynet accept failed: connection error: Endpoint closed
2026-09-15T20:58:21.349 WARN kycontroller::kymux_controller::server - Kynet accept failed: connection error: Endpoint closed
2026-09-15T20:58:21.349 WARN kycontroller::kymux_controller::server - Kynet accept failed: connection error: Endpoint closed
2026-09-15T20:58:21.349 WARN kycontroller::kymux_controller::server - Kynet accept failed: connection error: Endpoint closed
2026-09-15T20:58:21.349 WARN kycontroller::kymux_controller::server - Kynet accept failed: connection error: Endpoint closed
2026-09-15T20:58:21.349 WARN kycontroller::kymux_controller::server - Kynet accept failed: connection error: Endpoint closed
2026-09-15T20:58:21.349 WARN kycontroller::kymux_controller::server - Kynet accept failed: connection error: Endpoint closed
2026-09-15T20:58:21.349 WARN kycontroller::kymux_controller::server - Kynet accept failed: connection error: Endpoint closed
2026-09-15T20:58:21.349 WARN kycontroller::kymux_controller::server - Kynet accept failed: connection error: Endpoint closed
2026-09-15T20:58:21.349 WARN kycontroller::kymux_controller::server - Kynet accept failed: connection error: Endpoint closed
2026-09-15T20:58:21.349 WARN kycontroller::kymux_controller::server - Kynet accept failed: connection error: Endpoint closed
2026-09-15T20:58:21.349 WARN kycontroller::kymux_controller::server - Kynet accept failed: connection error: Endpoint closed
2026-09-15T20:58:21.349 WARN kycontroller::kymux_controller::server - Kynet accept failed: connection error: Endpoint closed
2026-09-15T20:58:21.349 WARN kycontroller::kymux_controller::server - Kynet accept failed: connection error: Endpoint closed
2026-09-15T20:58:21.349 WARN kycontroller::kymux_controller::server - Kynet accept failed: connection error: Endpoint closed
2026-09-15T20:58:21.349 WARN kycontroller::kymux_controller::server - Kynet accept failed: connection error: Endpoint closed
2026-09-15T20:58:21.349 WARN kycontroller::kymux_controller::server - Kynet accept failed: connection error: Endpoint closed
2026-09-15T20:58:21.349 WARN kycontroller::kymux_controller::server - Kynet accept failed: connection error: Endpoint closed
2026-09-15T20:58:21.349 WARN kycontroller::kymux_controller::server - Kynet accept failed: connection error: Endpoint closed
2026-09-15T20:58:21.349 WARN kycontroller::kymux_controller::server - Kynet accept failed: connection error: Endpoint closed
2026-09-15T20:58:21.349 WARN kycontroller::kymux_controller::server - Kynet accept failed: connection error: Endpoint closed
2026-09-15T20:58:21.349 WARN kycontroller::kymux_controller::server - Kynet accept failed: connection error: Endpoint closed
2026-09-15T20:58:21.349 WARN kycontroller::kymux_controller::server - Kynet accept failed: connection error: Endpoint closed
2026-09-15T20:58:21.349 WARN kycontroller::kymux_controller::server - Kynet accept failed: connection error: Endpoint closed
2026-09-15T20:58:21.349 WARN kycontroller::kymux_controller::server - Kynet accept failed: connection error: Endpoint closed
2026-09-15T20:58:21.349 WARN kycontroller::kymux_controller::server - Kynet accept failed: connection error: Endpoint closed
2026-09-15T20:58:21.349 WARN kycontroller::kymux_controller::server - Kynet accept failed: connection error: Endpoint closed
2026-09-15T20:58:21.349 WARN kycontroller::kymux_controller::server - Kynet accept failed: connection error: Endpoint closed
2026-09-15T20:58:21.349 WARN kycontroller::kymux_controller::server - Kynet accept failed: connection error: Endpoint closed
2026-09-15T20:58:21.349 WARN kycontroller::kymux_controller::server - Kynet accept failed: connection error: Endpoint closed
2026-09-15T20:58:21.349 WARN kycontroller::kymux_controller::server - Kynet accept failed: connection error: Endpoint closed
2026-09-15T20:58:21.349 WARN kycontroller::kymux_controller::server - Kynet accept failed: connection error: Endpoint closed
2026-09-15T20:58:21.349 WARN kycontroller::kymux_controller::server - Kynet accept failed: connection error: Endpoint closed
2026-09-15T20:58:21.349 WARN kycontroller::kymux_controller::server - Kynet accept failed: connection error: Endpoint closed
2026-09-15T20:58:21.349 WARN kycontroller::kymux_controller::server - Kynet accept failed: connection error: Endpoint closed
2026-09-15T20:58:21.349 WARN kycontroller::kymux_controller::server - Kynet accept failed: connection error: Endpoint closed
2026-09-15T20:58:21.349 WARN kycontroller::kymux_controller::server - Kynet accept failed: connection error: Endpoint closed
2026-09-15T20:58:21.349 WARN kycontroller::kymux_controller::server - Kynet accept failed: connection error: Endpoint closed
2026-09-15T20:58:21.349 WARN kycontroller::kymux_controller::server - Kynet accept failed: connection error: Endpoint closed
2026-09-15T20:58:21.349 WARN kycontroller::kymux_controller::server - Kynet accept failed: connection error: Endpoint closed
2026-09-15T20:58:21.349 WARN kycontroller::kymux_controller::server - Kynet accept failed: connection error: Endpoint closed
2026-09-15T20:58:21.349 WARN kycontroller::kymux_controller::server - Kynet accept failed: connection error: Endpoint closed
2026-09-15T20:58:21.349 WARN kycontroller::kymux_controller::server - Kynet accept failed: connection error: Endpoint closed
2026-09-15T20:58:21.349 WARN kycontroller::kymux_controller::server - Kynet accept failed: connection error: Endpoint closed
2026-09-15T20:58:21.349 WARN kycontroller::kymux_controller::server - Kynet accept failed: connection error: Endpoint closed
2026-09-15T20:58:21.349 WARN kycontroller::kymux_controller::server - Kynet accept failed: connection error: Endpoint closed
2026-09-15T20:58:21.349 WARN kycontroller::kymux_controller::server - Kynet accept failed: connection error: Endpoint closed
2026-09-15T20:58:21.349 WARN kycontroller::kymux_controller::server - Kynet accept failed: connection error: Endpoint closed
2026-09-15T20:58:21.349 WARN kycontroller::kymux_controller::server - Kynet accept failed: connection error: Endpoint closed
2026-09-15T20:58:21.349 WARN kycontroller::kymux_controller::server - Kynet accept failed: connection error: Endpoint closed
2026-09-15T20:58:21.349 WARN kycontroller::kymux_controller::server - Kynet accept failed: connection error: Endpoint closed
2026-09-15T20:58:21.349 WARN kycontroller::kymux_controller::server - Kynet accept failed: connection error: Endpoint closed
2026-09-15T20:58:21.349 WARN kycontroller::kymux_controller::server - Kynet accept failed: connection error: Endpoint closed
2026-09-15T20:58:21.349 WARN kycontroller::kymux_controller::server - Kynet accept failed: connection error: Endpoint closed
2026-09-15T20:58:21.349 WARN kycontroller::kymux_controller::server - Kynet accept failed: connection error: Endpoint closed
2026-09-15T20:58:21.349 WARN kycontroller::kymux_controller::server - Kynet accept failed: connection error: Endpoint closed
2026-09-15T20:58:21.349 WARN kycontroller::kymux_controller::server - Kynet accept failed: connection error: Endpoint closed
2026-09-15T20:58:21.349 WARN kycontroller::kymux_controller::server - Kynet accept failed: connection error: Endpoint closed
2026-09-15T20:58:21.349 WARN kycontroller::kymux_controller::server - Kynet accept failed: connection error: Endpoint closed
2026-09-15T20:58:21.349 WARN kycontroller::kymux_controller::server - Kynet accept failed: connection error: Endpoint closed
2026-09-15T20:58:21.349 WARN kycontroller::kymux_controller::server - Kynet accept failed: connection error: Endpoint closed
2026-09-15T20:58:21.349 WARN kycontroller::kymux_controller::server - Kynet accept failed: connection error: Endpoint closed
2026-09-15T20:58:21.349 WARN kycontroller::kymux_controller::server - Kynet accept failed: connection error: Endpoint closed
2026-09-15T20:58:21.349 WARN kycontroller::kymux_controller::server - Kynet accept failed: connection error: Endpoint closed
2026-09-15T20:58:21.350 WARN kycontroller::kymux_controller::server - Kynet accept failed: connection error: Endpoint closed
2026-09-15T20:58:21.350 WARN kycontroller::kymux_controller::server - Kynet accept failed: connection error: Endpoint closed
2026-09-15T20:58:21.350 WARN kycontroller::kymux_controller::server - Kynet accept failed: connection error: Endpoint closed
2026-09-15T20:58:21.350 WARN kycontroller::kymux_controller::server - Kynet accept failed: connection error: Endpoint closed
2026-09-15T20:58:21.350 WARN kycontroller::kymux_controller::server - Kynet accept failed: connection error: Endpoint closed
2026-09-15T20:58:21.350 WARN kycontroller::kymux_controller::server - Kynet accept failed: connection error: Endpoint closed
2026-09-15T20:58:21.350 WARN kycontroller::kymux_controller::server - Kynet accept failed: connection error: Endpoint closed
2026-09-15T20:58:21.350 WARN kycontroller::kymux_controller::server - Kynet accept failed: connection error: Endpoint closed
2026-09-15T20:58:21.350 WARN kycontroller::kymux_controller::server - Kynet accept failed: connection error: Endpoint closed
2026-09-15T20:58:21.350 WARN kycontroller::kymux_controller::server - Kynet accept failed: connection error: Endpoint closed
2026-09-15T20:58:21.350 WARN kycontroller::kymux_controller::server - Kynet accept failed: connection error: Endpoint closed
2026-09-15T20:58:21.350 WARN kycontroller::kymux_controller::server - Kynet accept failed: connection error: Endpoint closed
2026-09-15T20:58:21.350 WARN kycontroller::kymux_controller::server - Kynet accept failed: connection error: Endpoint closed
2026-09-15T20:58:21.350 WARN kycontroller::kymux_controller::server - Kynet accept failed: connection error: Endpoint closed
2026-09-15T20:58:21.350 WARN kycontroller::kymux_controller::server - Kynet accept failed: connection error: Endpoint closed
2026-09-15T20:58:21.350 WARN kycontroller::kymux_controller::server - Kynet accept failed: connection error: Endpoint closed
2026-09-15T20:58:21.350 WARN kycontroller::kymux_controller::server - Kynet accept failed: connection error: Endpoint closed
2026-09-15T20:58:21.350 WARN kycontroller::kymux_controller::server - Kynet accept failed: connection error: Endpoint closed
2026-09-15T20:58:21.350 WARN kycontroller::kymux_controller::server - Kynet accept failed: connection error: Endpoint closed
2026-09-15T20:58:21.350 WARN kycontroller::kymux_controller::server - Kynet accept failed: connection error: Endpoint closed
2026-09-15T20:58:21.350 WARN kycontroller::kymux_controller::server - Kynet accept failed: connection error: Endpoint closed
2026-09-15T20:58:21.350 WARN kycontroller::kymux_controller::server - Kynet accept failed: connection error: Endpoint closed
2026-09-15T20:58:21.350 WARN kycontroller::kymux_controller::server - Kynet accept failed: connection error: Endpoint closed
2026-09-15T20:58:21.350 WARN kycontroller::kymux_controller::server - Kynet accept failed: connection error: Endpoint closed
2026-09-15T20:58:21.350 WARN kycontroller::kymux_controller::server - Kynet accept failed: connection error: Endpoint closed
2026-09-15T20:58:21.350 WARN kycontroller::kymux_controller::server - Kynet accept failed: connection error: Endpoint closed
2026-09-15T20:58:21.350 WARN kycontroller::kymux_controller::server - Kynet accept failed: connection error: Endpoint closed
2026-09-15T20:58:21.350 WARN kycontroller::kymux_controller::server - Kynet accept failed: connection error: Endpoint closed
2026-09-15T20:58:21.350 WARN kycontroller::kymux_controller::server - Kynet accept failed: connection error: Endpoint closed
2026-09-15T20:58:21.350 WARN kycontroller::kymux_controller::server - Kynet accept failed: connection error: Endpoint closed
2026-09-15T20:58:21.350 WARN kycontroller::kymux_controller::server - Kynet accept failed: connection error: Endpoint closed
2026-09-15T20:58:21.350 WARN kycontroller::kymux_controller::server - Kynet accept failed: connection error: Endpoint closed
2026-09-15T20:58:21.350 WARN kycontroller::kymux_controller::server - Kynet accept failed: connection error: Endpoint closed
2026-09-15T20:58:21.350 WARN kycontroller::kymux_controller::server - Kynet accept failed: connection error: Endpoint closed
2026-09-15T20:58:21.350 WARN kycontroller::kymux_controller::server - Kynet accept failed: connection error: Endpoint closed
2026-09-15T20:58:21.350 WARN kycontroller::kymux_controller::server - Kynet accept failed: connection error: Endpoint closed
2026-09-15T20:58:21.350 WARN kycontroller::kymux_controller::server - Kynet accept failed: connection error: Endpoint closed
2026-09-15T20:58:21.350 WARN kycontroller::kymux_controller::server - Kynet accept failed: connection error: Endpoint closed
2026-09-15T20:58:21.350 WARN kycontroller::kymux_controller::server - Kynet accept failed: connection error: Endpoint closed
2026-09-15T20:58:21.350 WARN kycontroller::kymux_controller::server - Kynet accept failed: connection error: Endpoint closed
2026-09-15T20:58:21.350 WARN kycontroller::kymux_controller::server - Kynet accept failed: connection error: Endpoint closed
2026-09-15T20:58:21.350 WARN kycontroller::kymux_controller::server - Kynet accept failed: connection error: Endpoint closed
2026-09-15T20:58:21.350 WARN kycontroller::kymux_controller::server - Kynet accept failed: connection error: Endpoint closed
2026-09-15T20:58:21.350 WARN kycontroller::kymux_controller::server - Kynet accept failed: connection error: Endpoint closed
2026-09-15T20:58:21.350 WARN kycontroller::kymux_controller::server - Kynet accept failed: connection error: Endpoint closed
2026-09-15T20:58:21.350 WARN kycontroller::kymux_controller::server - Kynet accept failed: connection error: Endpoint closed
2026-09-15T20:58:21.350 WARN kycontroller::kymux_controller::server - Kynet accept failed: connection error: Endpoint closed
2026-09-15T20:58:21.350 WARN kycontroller::kymux_controller::server - Kynet accept failed: connection error: Endpoint closed
2026-09-15T20:58:21.350 WARN kycontroller::kymux_controller::server - Kynet accept failed: connection error: Endpoint closed
2026-09-15T20:58:21.350 WARN kycontroller::kymux_controller::server - Kynet accept failed: connection error: Endpoint closed
2026-09-15T20:58:21.350 WARN kycontroller::kymux_controller::server - Kynet accept failed: connection error: Endpoint closed
2026-09-15T20:58:21.350 WARN kycontroller::kymux_controller::server - Kynet accept failed: connection error: Endpoint closed
2026-09-15T20:58:21.350 WARN kycontroller::kymux_controller::server - Kynet accept failed: connection error: Endpoint closed
2026-09-15T20:58:21.350 WARN kycontroller::kymux_controller::server - Kynet accept failed: connection error: Endpoint closed
2026-09-15T20:58:21.350 WARN kycontroller::kymux_controller::server - Kynet accept failed: connection error: Endpoint closed
2026-09-15T20:58:21.350 WARN kycontroller::kymux_controller::server - Kynet accept failed: connection error: Endpoint closed
2026-09-15T20:58:21.350 WARN kycontroller::kymux_controller::server - Kynet accept failed: connection error: Endpoint closed
2026-09-15T20:58:21.350 WARN kycontroller::kymux_controller::server - Kynet accept failed: connection error: Endpoint closed
2026-09-15T20:58:21.350 WARN kycontroller::kymux_controller::server - Kynet accept failed: connection error: Endpoint closed
2026-09-15T20:58:21.350 WARN kycontroller::kymux_controller::server - Kynet accept failed: connection error: Endpoint closed
2026-09-15T20:58:21.350 WARN kycontroller::kymux_controller::server - Kynet accept failed: connection error: Endpoint closed
2026-09-15T20:58:21.350 WARN kycontroller::kymux_controller::server - Kynet accept failed: connection error: Endpoint closed
2026-09-15T20:58:21.350 WARN kycontroller::kymux_controller::server - Kynet accept failed: connection error: Endpoint closed
2026-09-15T20:58:21.350 WARN kycontroller::kymux_controller::server - Kynet accept failed: connection error: Endpoint closed
2026-09-15T20:58:21.350 WARN kycontroller::kymux_controller::server - Kynet accept failed: connection error: Endpoint closed
2026-09-15T20:58:21.350 WARN kycontroller::kymux_controller::server - Kynet accept failed: connection error: Endpoint closed
2026-09-15T20:58:21.350 WARN kycontroller::kymux_controller::server - Kynet accept failed: connection error: Endpoint closed
2026-09-15T20:58:21.350 WARN kycontroller::kymux_controller::server - Kynet accept failed: connection error: Endpoint closed
2026-09-15T20:58:21.350 WARN kycontroller::kymux_controller::server - Kynet accept failed: connection error: Endpoint closed
2026-09-15T20:58:21.350 WARN kycontroller::kymux_controller::server - Kynet accept failed: connection error: Endpoint closed
2026-09-15T20:58:21.350 WARN kycontroller::kymux_controller::server - Kynet accept failed: connection error: Endpoint closed
2026-09-15T20:58:21.350 WARN kycontroller::kymux_controller::server - Kynet accept failed: connection error: Endpoint closed
2026-09-15T20:58:21.350 WARN kycontroller::kymux_controller::server - Kynet accept failed: connection error: Endpoint closed
2026-09-15T20:58:21.350 WARN kycontroller::kymux_controller::server - Kynet accept failed: connection error: Endpoint closed
2026-09-15T20:58:21.350 WARN kycontroller::kymux_controller::server - Kynet accept failed: connection error: Endpoint closed
2026-09-15T20:58:21.350 WARN kycontroller::kymux_controller::server - Kynet accept failed: connection error: Endpoint closed
2026-09-15T20:58:21.350 WARN kycontroller::kymux_controller::server - Kynet accept failed: connection error: Endpoint closed
2026-09-15T20:58:21.350 WARN kycontroller::kymux_controller::server - Kynet accept failed: connection error: Endpoint closed
2026-09-15T20:58:21.350 WARN kycontroller::kymux_controller::server - Kynet accept failed: connection error: Endpoint closed
2026-09-15T20:58:21.350 WARN kycontroller::kymux_controller::server - Kynet accept failed: connection error: Endpoint closed
2026-09-15T20:58:21.350 WARN kycontroller::kymux_controller::server - Kynet accept failed: connection error: Endpoint closed
2026-09-15T20:58:21.350 WARN kycontroller::kymux_controller::server - Kynet accept failed: connection error: Endpoint closed
2026-09-15T20:58:21.350 WARN kycontroller::kymux_controller::server - Kynet accept failed: connection error: Endpoint closed
2026-09-15T20:58:21.350 WARN kycontroller::kymux_controller::server - Kynet accept failed: connection error: Endpoint closed
2026-09-15T20:58:21.350 WARN kycontroller::kymux_controller::server - Kynet accept failed: connection error: Endpoint closed
2026-09-15T20:58:21.350 WARN kycontroller::kymux_controller::server - Kynet accept failed: connection error: Endpoint closed
2026-09-15T20:58:21.350 WARN kycontroller::kymux_controller::server - Kynet accept failed: connection error: Endpoint closed
2026-09-15T20:58:21.350 WARN kycontroller::kymux_controller::server - Kynet accept failed: connection error: Endpoint closed
2026-09-15T20:58:21.350 WARN kycontroller::kymux_controller::server - Kynet accept failed: connection error: Endpoint closed
2026-09-15T20:58:21.350 WARN kycontroller::kymux_controller::server - Kynet accept failed: connection error: Endpoint closed
2026-09-15T20:58:21.350 WARN kycontroller::kymux_controller::server - Kynet accept failed: connection error: Endpoint closed
2026-09-15T20:58:21.350 WARN kycontroller::kymux_controller::server - Kynet accept failed: connection error: Endpoint closed
2026-09-15T20:58:21.350 WARN kycontroller::kymux_controller::server - Kynet accept failed: connection error: Endpoint closed
2026-09-15T20:58:21.350 WARN kycontroller::kymux_controller::server - Kynet accept failed: connection error: Endpoint closed
2026-09-15T20:58:21.350 WARN kycontroller::kymux_controller::server - Kynet accept failed: connection error: Endpoint closed
2026-09-15T20:58:21.350 WARN kycontroller::kymux_controller::server - Kynet accept failed: connection error: Endpoint closed
2026-09-15T20:58:21.350 WARN kycontroller::kymux_controller::server - Kynet accept failed: connection error: Endpoint closed
2026-09-15T20:58:21.350 WARN kycontroller::kymux_controller::server - Kynet accept failed: connection error: Endpoint closed
2026-09-15T20:58:21.350 WARN kycontroller::kymux_controller::server - Kynet accept failed: connection error: Endpoint closed
2026-09-15T20:58:21.350 WARN kycontroller::kymux_controller::server - Kynet accept failed: connection error: Endpoint closed
2026-09-15T20:58:21.350 WARN kycontroller::kymux_controller::server - Kynet accept failed: connection error: Endpoint closed
2026-09-15T20:58:21.350 WARN kycontroller::kymux_controller::server - Kynet accept failed: connection error: Endpoint closed
2026-09-15T20:58:21.350 WARN kycontroller::kymux_controller::server - Kynet accept failed: connection error: Endpoint closed
2026-09-15T20:58:21.350 WARN kycontroller::kymux_controller::server - Kynet accept failed: connection error: Endpoint closed
2026-09-15T20:58:21.350 WARN kycontroller::kymux_controller::server - Kynet accept failed: connection error: Endpoint closed
2026-09-15T20:58:21.350 WARN kycontroller::kymux_controller::server - Kynet accept failed: connection error: Endpoint closed
2026-09-15T20:58:21.350 WARN kycontroller::kymux_controller::server - Kynet accept failed: connection error: Endpoint closed
2026-09-15T20:58:21.350 WARN kycontroller::kymux_controller::server - Kynet accept failed: connection error: Endpoint closed
2026-09-15T20:58:21.350 WARN kycontroller::kymux_controller::server - Kynet accept failed: connection error: Endpoint closed
2026-09-15T20:58:21.350 WARN kycontroller::kymux_controller::server - Kynet accept failed: connection error: Endpoint closed
2026-09-15T20:58:21.350 WARN kycontroller::kymux_controller::server - Kynet accept failed: connection error: Endpoint closed
2026-09-15T20:58:21.350 WARN kycontroller::kymux_controller::server - Kynet accept failed: connection error: Endpoint closed
2026-09-15T20:58:21.350 WARN kycontroller::kymux_controller::server - Kynet accept failed: connection error: Endpoint closed
2026-09-15T20:58:21.350 WARN kycontroller::kymux_controller::server - Kynet accept failed: connection error: Endpoint closed
2026-09-15T20:58:21.350 WARN kycontroller::kymux_controller::server - Kynet accept failed: connection error: Endpoint closed
2026-09-15T20:58:21.350 WARN kycontroller::kymux_controller::server - Kynet accept failed: connection error: Endpoint closed
2026-09-15T20:58:21.350 WARN kycontroller::kymux_controller::server - Kynet accept failed: connection error: Endpoint closed
2026-09-15T20:58:21.351 WARN kycontroller::kymux_controller::server - Kynet accept failed: connection error: Endpoint closed
2026-09-15T20:58:21.351 WARN kycontroller::kymux_controller::server - Kynet accept failed: connection error: Endpoint closed
2026-09-15T20:58:21.351 WARN kycontroller::kymux_controller::server - Kynet accept failed: connection error: Endpoint closed
2026-09-15T20:58:21.351 WARN kycontroller::kymux_controller::server - Kynet accept failed: connection error: Endpoint closed
2026-09-15T20:58:21.351 WARN kycontroller::kymux_controller::server - Kynet accept failed: connection error: Endpoint closed
2026-09-15T20:58:21.351 WARN kycontroller::kymux_controller::server - Kynet accept failed: connection error: Endpoint closed
2026-09-15T20:58:21.351 WARN kycontroller::kymux_controller::server - Kynet accept failed: connection error: Endpoint closed
2026-09-15T20:58:21.351 WARN kycontroller::kymux_controller::server - Kynet accept failed: connection error: Endpoint closed
2026-09-15T20:58:21.351 WARN kycontroller::kymux_controller::server - Kynet accept failed: connection error: Endpoint closed
2026-09-15T20:58:21.351 WARN kycontroller::kymux_controller::server - Kynet accept failed: connection error: Endpoint closed
2026-09-15T20:58:21.351 WARN kycontroller::kymux_controller::server - Kynet accept failed: connection error: Endpoint closed
2026-09-15T20:58:21.351 WARN kycontroller::kymux_controller::server - Kynet accept failed: connection error: Endpoint closed
2026-09-15T20:58:21.351 WARN kycontroller::kymux_controller::server - Kynet accept failed: connection error: Endpoint closed
2026-09-15T20:58:21.351 WARN kycontroller::kymux_controller::server - Kynet accept failed: connection error: Endpoint closed
2026-09-15T20:58:21.351 WARN kycontroller::kymux_controller::server - Kynet accept failed: connection error: Endpoint closed
2026-09-15T20:58:21.351 WARN kycontroller::kymux_controller::server - Kynet accept failed: connection error: Endpoint closed
2026-09-15T20:58:21.351 WARN kycontroller::kymux_controller::server - Kynet accept failed: connection error: Endpoint closed
2026-09-15T20:58:21.351 WARN kycontroller::kymux_controller::server - Kynet accept failed: connection error: Endpoint closed
2026-09-15T20:58:21.351 WARN kycontroller::kymux_controller::server - Kynet accept failed: connection error: Endpoint closed
2026-09-15T20:58:21.351 WARN kycontroller::kymux_controller::server - Kynet accept failed: connection error: Endpoint closed
2026-09-15T20:58:21.351 WARN kycontroller::kymux_controller::server - Kynet accept failed: connection error: Endpoint closed
2026-09-15T20:58:21.351 WARN kycontroller::kymux_controller::server - Kynet accept failed: connection error: Endpoint closed
2026-09-15T20:58:21.351 WARN kycontroller::kymux_controller::server - Kynet accept failed: connection error: Endpoint closed
2026-09-15T20:58:21.351 WARN kycontroller::kymux_controller::server - Kynet accept failed: connection error: Endpoint closed
2026-09-15T20:58:21.351 WARN kycontroller::kymux_controller::server - Kynet accept failed: connection error: Endpoint closed
2026-09-15T20:58:21.351 WARN kycontroller::kymux_controller::server - Kynet accept failed: connection error: Endpoint closed
2026-09-15T20:58:21.351 WARN kycontroller::kymux_controller::server - Kynet accept failed: connection error: Endpoint closed
2026-09-15T20:58:21.351 WARN kycontroller::kymux_controller::server - Kynet accept failed: connection error: Endpoint closed
2026-09-15T20:58:21.351 WARN kycontroller::kymux_controller::server - Kynet accept failed: connection error: Endpoint closed
2026-09-15T20:58:21.351 WARN kycontroller::kymux_controller::server - Kynet accept failed: connection error: Endpoint closed
2026-09-15T20:58:21.351 WARN kycontroller::kymux_controller::server - Kynet accept failed: connection error: Endpoint closed
2026-09-15T20:58:21.351 WARN kycontroller::kymux_controller::server - Kynet accept failed: connection error: Endpoint closed
2026-09-15T20:58:21.351 WARN kycontroller::kymux_controller::server - Kynet accept failed: connection error: Endpoint closed
2026-09-15T20:58:21.351 WARN kycontroller::kymux_controller::server - Kynet accept failed: connection error: Endpoint closed
2026-09-15T20:58:21.351 WARN kycontroller::kymux_controller::server - Kynet accept failed: connection error: Endpoint closed
2026-09-15T20:58:21.351 WARN kycontroller::kymux_controller::server - Kynet accept failed: connection error: Endpoint closed
2026-09-15T20:58:21.351 WARN kycontroller::kymux_controller::server - Kynet accept failed: connection error: Endpoint closed
2026-09-15T20:58:21.351 WARN kycontroller::kymux_controller::server - Kynet accept failed: connection error: Endpoint closed
2026-09-15T20:58:21.351 WARN kycontroller::kymux_controller::server - Kynet accept failed: connection error: Endpoint closed
2026-09-15T20:58:21.351 WARN kycontroller::kymux_controller::server - Kynet accept failed: connection error: Endpoint closed
2026-09-15T20:58:21.351 WARN kycontroller::kymux_controller::server - Kynet accept failed: connection error: Endpoint closed
2026-09-15T20:58:21.351 WARN kycontroller::kymux_controller::server - Kynet accept failed: connection error: Endpoint closed
2026-09-15T20:58:21.351 WARN kycontroller::kymux_controller::server - Kynet accept failed: connection error: Endpoint closed
2026-09-15T20:58:21.351 WARN kycontroller::kymux_controller::server - Kynet accept failed: connection error: Endpoint closed
2026-09-15T20:58:21.351 WARN kycontroller::kymux_controller::server - Kynet accept failed: connection error: Endpoint closed
2026-09-15T20:58:21.351 WARN kycontroller::kymux_controller::server - Kynet accept failed: connection error: Endpoint closed
2026-09-15T20:58:21.351 WARN kycontroller::kymux_controller::server - Kynet accept failed: connection error: Endpoint closed
2026-09-15T20:58:21.351 WARN kycontroller::kymux_controller::server - Kynet accept failed: connection error: Endpoint closed
2026-09-15T20:58:21.351 WARN kycontroller::kymux_controller::server - Kynet accept failed: connection error: Endpoint closed
2026-09-15T20:58:21.351 WARN kycontroller::kymux_controller::server - Kynet accept failed: connection error: Endpoint closed
2026-09-15T20:58:21.351 WARN kycontroller::kymux_controller::server - Kynet accept failed: connection error: Endpoint closed
2026-09-15T20:58:21.351 WARN kycontroller::kymux_controller::server - Kynet accept failed: connection error: Endpoint closed
2026-09-15T20:58:21.351 WARN kycontroller::kymux_controller::server - Kynet accept failed: connection error: Endpoint closed
2026-09-15T20:58:21.351 WARN kycontroller::kymux_controller::server - Kynet accept failed: connection error: Endpoint closed
2026-09-15T20:58:21.351 WARN kycontroller::kymux_controller::server - Kynet accept failed: connection error: Endpoint closed
2026-09-15T20:58:21.351 WARN kycontroller::kymux_controller::server - Kynet accept failed: connection error: Endpoint closed
2026-09-15T20:58:21.351 WARN kycontroller::kymux_controller::server - Kynet accept failed: connection error: Endpoint closed
2026-09-15T20:58:21.351 WARN kycontroller::kymux_controller::server - Kynet accept failed: connection error: Endpoint closed
2026-09-15T20:58:21.351 WARN kycontroller::kymux_controller::server - Kynet accept failed: connection error: Endpoint closed
2026-09-15T20:58:21.351 WARN kycontroller::kymux_controller::server - Kynet accept failed: connection error: Endpoint closed
2026-09-15T20:58:21.351 WARN kycontroller::kymux_controller::server - Kynet accept failed: connection error: Endpoint closed
2026-09-15T20:58:21.351 WARN kycontroller::kymux_controller::server - Kynet accept failed: connection error: Endpoint closed
2026-09-15T20:58:21.351 WARN kycontroller::kymux_controller::server - Kynet accept failed: connection error: Endpoint closed
2026-09-15T20:58:21.351 WARN kycontroller::kymux_controller::server - Kynet accept failed: connection error: Endpoint closed
2026-09-15T20:58:21.351 WARN kycontroller::kymux_controller::server - Kynet accept failed: connection error: Endpoint closed
2026-09-15T20:58:21.351 WARN kycontroller::kymux_controller::server - Kynet accept failed: connection error: Endpoint closed
2026-09-15T20:58:21.351 WARN kycontroller::kymux_controller::server - Kynet accept failed: connection error: Endpoint closed
2026-09-15T20:58:21.351 WARN kycontroller::kymux_controller::server - Kynet accept failed: connection error: Endpoint closed
2026-09-15T20:58:21.351 WARN kycontroller::kymux_controller::server - Kynet accept failed: connection error: Endpoint closed
2026-09-15T20:58:21.351 WARN kycontroller::kymux_controller::server - Kynet accept failed: connection error: Endpoint closed
2026-09-15T20:58:21.351 WARN kycontroller::kymux_controller::server - Kynet accept failed: connection error: Endpoint closed
2026-09-15T20:58:21.351 WARN kycontroller::kymux_controller::server - Kynet accept failed: connection error: Endpoint closed
2026-09-15T20:58:21.351 WARN kycontroller::kymux_controller::server - Kynet accept failed: connection error: Endpoint closed
2026-09-15T20:58:21.351 WARN kycontroller::kymux_controller::server - Kynet accept failed: connection error: Endpoint closed
2026-09-15T20:58:21.351 WARN kycontroller::kymux_controller::server - Kynet accept failed: connection error: Endpoint closed
2026-09-15T20:58:21.351 WARN kycontroller::kymux_controller::server - Kynet accept failed: connection error: Endpoint closed
2026-09-15T20:58:21.351 WARN kycontroller::kymux_controller::server - Kynet accept failed: connection error: Endpoint closed
2026-09-15T20:58:21.351 WARN kycontroller::kymux_controller::server - Kynet accept failed: connection error: Endpoint closed
2026-09-15T20:58:21.351 WARN kycontroller::kymux_controller::server - Kynet accept failed: connection error: Endpoint closed
2026-09-15T20:58:21.351 WARN kycontroller::kymux_controller::server - Kynet accept failed: connection error: Endpoint closed
2026-09-15T20:58:21.351 WARN kycontroller::kymux_controller::server - Kynet accept failed: connection error: Endpoint closed
2026-09-15T20:58:21.351 WARN kycontroller::kymux_controller::server - Kynet accept failed: connection error: Endpoint closed
2026-09-15T20:58:21.351 WARN kycontroller::kymux_controller::server - Kynet accept failed: connection error: Endpoint closed
2026-09-15T20:58:21.351 WARN kycontroller::kymux_controller::server - Kynet accept failed: connection error: Endpoint closed
2026-09-15T20:58:21.351 WARN kycontroller::kymux_controller::server - Kynet accept failed: connection error: Endpoint closed
2026-09-15T20:58:21.351 WARN kycontroller::kymux_controller::server - Kynet accept failed: connection error: Endpoint closed
2026-09-15T20:58:21.351 WARN kycontroller::kymux_controller::server - Kynet accept failed: connection error: Endpoint closed
2026-09-15T20:58:21.351 WARN kycontroller::kymux_controller::server - Kynet accept failed: connection error: Endpoint closed
2026-09-15T20:58:21.351 WARN kycontroller::kymux_controller::server - Kynet accept failed: connection error: Endpoint closed
2026-09-15T20:58:21.351 WARN kycontroller::kymux_controller::server - Kynet accept failed: connection error: Endpoint closed
2026-09-15T20:58:21.351 WARN kycontroller::kymux_controller::server - Kynet accept failed: connection error: Endpoint closed
2026-09-15T20:58:21.351 WARN kycontroller::kymux_controller::server - Kynet accept failed: connection error: Endpoint closed
2026-09-15T20:58:21.351 WARN kycontroller::kymux_controller::server - Kynet accept failed: connection error: Endpoint closed
2026-09-15T20:58:21.351 WARN kycontroller::kymux_controller::server - Kynet accept failed: connection error: Endpoint closed
2026-09-15T20:58:21.351 WARN kycontroller::kymux_controller::server - Kynet accept failed: connection error: Endpoint closed
2026-09-15T20:58:21.351 WARN kycontroller::kymux_controller::server - Kynet accept failed: connection error: Endpoint closed
2026-09-15T20:58:21.351 WARN kycontroller::kymux_controller::server - Kynet accept failed: connection error: Endpoint closed
2026-09-15T20:58:21.351 WARN kycontroller::kymux_controller::server - Kynet accept failed: connection error: Endpoint closed
2026-09-15T20:58:21.351 WARN kycontroller::kymux_controller::server - Kynet accept failed: connection error: Endpoint closed
2026-09-15T20:58:21.351 WARN kycontroller::kymux_controller::server - Kynet accept failed: connection error: Endpoint closed
2026-09-15T20:58:21.351 WARN kycontroller::kymux_controller::server - Kynet accept failed: connection error: Endpoint closed
2026-09-15T20:58:21.351 WARN kycontroller::kymux_controller::server - Kynet accept failed: connection error: Endpoint closed
2026-09-15T20:58:21.351 WARN kycontroller::kymux_controller::server - Kynet accept failed: connection error: Endpoint closed
2026-09-15T20:58:21.351 WARN kycontroller::kymux_controller::server - Kynet accept failed: connection error: Endpoint closed
2026-09-15T20:58:21.351 WARN kycontroller::kymux_controller::server - Kynet accept failed: connection error: Endpoint closed
2026-09-15T20:58:21.351 WARN kycontroller::kymux_controller::server - Kynet accept failed: connection error: Endpoint closed
2026-09-15T20:58:21.351 WARN kycontroller::kymux_controller::server - Kynet accept failed: connection error: Endpoint closed
2026-09-15T20:58:21.351 WARN kycontroller::kymux_controller::server - Kynet accept failed: connection error: Endpoint closed
2026-09-15T20:58:21.351 WARN kycontroller::kymux_controller::server - Kynet accept failed: connection error: Endpoint closed
2026-09-15T20:58:21.351 WARN kycontroller::kymux_controller::server - Kynet accept failed: connection error: Endpoint closed
2026-09-15T20:58:21.351 WARN kycontroller::kymux_controller::server - Kynet accept failed: connection error: Endpoint closed
2026-09-15T20:58:21.351 WARN kycontroller::kymux_controller::server - Kynet accept failed: connection error: Endpoint closed
2026-09-15T20:58:21.351 WARN kycontroller::kymux_controller::server - Kynet accept failed: connection error: Endpoint closed
2026-09-15T20:58:21.351 WARN kycontroller::kymux_controller::server - Kynet accept failed: connection error: Endpoint closed
2026-09-15T20:58:21.352 WARN kycontroller::kymux_controller::server - Kynet accept failed: connection error: Endpoint closed
2026-09-15T20:58:21.352 WARN kycontroller::kymux_controller::server - Kynet accept failed: connection error: Endpoint closed
2026-09-15T20:58:21.352 WARN kycontroller::kymux_controller::server - Kynet accept failed: connection error: Endpoint closed
2026-09-15T20:58:21.352 WARN kycontroller::kymux_controller::server - Kynet accept failed: connection error: Endpoint closed
2026-09-15T20:58:21.352 WARN kycontroller::kymux_controller::server - Kynet accept failed: connection error: Endpoint closed
2026-09-15T20:58:21.352 WARN kycontroller::kymux_controller::server - Kynet accept failed: connection error: Endpoint closed
2026-09-15T20:58:21.352 WARN kycontroller::kymux_controller::server - Kynet accept failed: connection error: Endpoint closed
2026-09-15T20:58:21.352 WARN kycontroller::kymux_controller::server - Kynet accept failed: connection error: Endpoint closed
2026-09-15T20:58:21.352 WARN kycontroller::kymux_controller::server - Kynet accept failed: connection error: Endpoint closed
2026-09-15T20:58:21.352 WARN kycontroller::kymux_controller::server - Kynet accept failed: connection error: Endpoint closed
2026-09-15T20:58:21.352 WARN kycontroller::kymux_controller::server - Kynet accept failed: connection error: Endpoint closed
2026-09-15T20:58:21.352 WARN kycontroller::kymux_controller::server - Kynet accept failed: connection error: Endpoint closed
2026-09-15T20:58:21.352 WARN kycontroller::kymux_controller::server - Kynet accept failed: connection error: Endpoint closed
2026-09-15T20:58:21.352 WARN kycontroller::kymux_controller::server - Kynet accept failed: connection error: Endpoint closed
2026-09-15T20:58:21.352 WARN kycontroller::kymux_controller::server - Kynet accept failed: connection error: Endpoint closed
2026-09-15T20:58:21.352 WARN kycontroller::kymux_controller::server - Kynet accept failed: connection error: Endpoint closed
2026-09-15T20:58:21.352 WARN kycontroller::kymux_controller::server - Kynet accept failed: connection error: Endpoint closed
2026-09-15T20:58:21.352 WARN kycontroller::kymux_controller::server - Kynet accept failed: connection error: Endpoint closed
2026-09-15T20:58:21.352 WARN kycontroller::kymux_controller::server - Kynet accept failed: connection error: Endpoint closed
2026-09-15T20:58:21.352 WARN kycontroller::kymux_controller::server - Kynet accept failed: connection error: Endpoint closed
2026-09-15T20:58:21.352 WARN kycontroller::kymux_controller::server - Kynet accept failed: connection error: Endpoint closed
2026-09-15T20:58:21.352 WARN kycontroller::kymux_controller::server - Kynet accept failed: connection error: Endpoint closed
2026-09-15T20:58:21.352 WARN kycontroller::kymux_controller::server - Kynet accept failed: connection error: Endpoint closed
2026-09-15T20:58:21.352 WARN kycontroller::kymux_controller::server - Kynet accept failed: connection error: Endpoint closed
2026-09-15T20:58:21.352 WARN kycontroller::kymux_controller::server - Kynet accept failed: connection error: Endpoint closed
2026-09-15T20:58:21.352 WARN kycontroller::kymux_controller::server - Kynet accept failed: connection error: Endpoint closed
2026-09-15T20:58:21.352 WARN kycontroller::kymux_controller::server - Kynet accept failed: connection error: Endpoint closed
2026-09-15T20:58:21.352 WARN kycontroller::kymux_controller::server - Kynet accept failed: connection error: Endpoint closed
2026-09-15T20:58:21.352 WARN kycontroller::kymux_controller::server - Kynet accept failed: connection error: Endpoint closed
2026-09-15T20:58:21.352 WARN kycontroller::kymux_controller::server - Kynet accept failed: connection error: Endpoint closed
2026-09-15T20:58:21.352 WARN kycontroller::kymux_controller::server - Kynet accept failed: connection error: Endpoint closed
2026-09-15T20:58:21.352 WARN kycontroller::kymux_controller::server - Kynet accept failed: connection error: Endpoint closed
2026-09-15T20:58:21.352 WARN kycontroller::kymux_controller::server - Kynet accept failed: connection error: Endpoint closed
2026-09-15T20:58:21.352 WARN kycontroller::kymux_controller::server - Kynet accept failed: connection error: Endpoint closed
2026-09-15T20:58:21.352 WARN kycontroller::kymux_controller::server - Kynet accept failed: connection error: Endpoint closed
2026-09-15T20:58:21.352 WARN kycontroller::kymux_controller::server - Kynet accept failed: connection error: Endpoint closed
2026-09-15T20:58:21.352 WARN kycontroller::kymux_controller::server - Kynet accept failed: connection error: Endpoint closed
2026-09-15T20:58:21.352 WARN kycontroller::kymux_controller::server - Kynet accept failed: connection error: Endpoint closed
2026-09-15T20:58:21.352 WARN kycontroller::kymux_controller::server - Kynet accept failed: connection error: Endpoint closed
2026-09-15T20:58:21.352 WARN kycontroller::kymux_controller::server - Kynet accept failed: connection error: Endpoint closed
2026-09-15T20:58:21.352 WARN kycontroller::kymux_controller::server - Kynet accept failed: connection error: Endpoint closed
2026-09-15T20:58:21.352 WARN kycontroller::kymux_controller::server - Kynet accept failed: connection error: Endpoint closed
2026-09-15T20:58:21.352 WARN kycontroller::kymux_controller::server - Kynet accept failed: connection error: Endpoint closed
2026-09-15T20:58:21.352 WARN kycontroller::kymux_controller::server - Kynet accept failed: connection error: Endpoint closed
2026-09-15T20:58:21.352 WARN kycontroller::kymux_controller::server - Kynet accept failed: connection error: Endpoint closed
2026-09-15T20:58:21.352 WARN kycontroller::kymux_controller::server - Kynet accept failed: connection error: Endpoint closed
2026-09-15T20:58:21.352 WARN kycontroller::kymux_controller::server - Kynet accept failed: connection error: Endpoint closed
2026-09-15T20:58:21.352 WARN kycontroller::kymux_controller::server - Kynet accept failed: connection error: Endpoint closed
2026-09-15T20:58:21.352 WARN kycontroller::kymux_controller::server - Kynet accept failed: connection error: Endpoint closed
2026-09-15T20:58:21.352 WARN kycontroller::kymux_controller::server - Kynet accept failed: connection error: Endpoint closed
2026-09-15T20:58:21.352 WARN kycontroller::kymux_controller::server - Kynet accept failed: connection error: Endpoint closed
2026-09-15T20:58:21.352 WARN kycontroller::kymux_controller::server - Kynet accept failed: connection error: Endpoint closed
2026-09-15T20:58:21.352 WARN kycontroller::kymux_controller::server - Kynet accept failed: connection error: Endpoint closed
2026-09-15T20:58:21.352 WARN kycontroller::kymux_controller::server - Kynet accept failed: connection error: Endpoint closed
2026-09-15T20:58:21.352 WARN kycontroller::kymux_controller::server - Kynet accept failed: connection error: Endpoint closed
2026-09-15T20:58:21.352 WARN kycontroller::kymux_controller::server - Kynet accept failed: connection error: Endpoint closed
2026-09-15T20:58:21.352 WARN kycontroller::kymux_controller::server - Kynet accept failed: connection error: Endpoint closed
2026-09-15T20:58:21.352 WARN kycontroller::kymux_controller::server - Kynet accept failed: connection error: Endpoint closed
2026-09-15T20:58:21.352 WARN kycontroller::kymux_controller::server - Kynet accept failed: connection error: Endpoint closed
2026-09-15T20:58:21.352 WARN kycontroller::kymux_controller::server - Kynet accept failed: connection error: Endpoint closed
2026-09-15T20:58:21.352 WARN kycontroller::kymux_controller::server - Kynet accept failed: connection error: Endpoint closed
2026-09-15T20:58:21.352 WARN kycontroller::kymux_controller::server - Kynet accept failed: connection error: Endpoint closed
2026-09-15T20:58:21.352 WARN kycontroller::kymux_controller::server - Kynet accept failed: connection error: Endpoint closed
2026-09-15T20:58:21.352 WARN kycontroller::kymux_controller::server - Kynet accept failed: connection error: Endpoint closed
2026-09-15T20:58:21.352 WARN kycontroller::kymux_controller::server - Kynet accept failed: connection error: Endpoint closed
2026-09-15T20:58:21.352 WARN kycontroller::kymux_controller::server - Kynet accept failed: connection error: Endpoint closed
2026-09-15T20:58:21.352 WARN kycontroller::kymux_controller::server - Kynet accept failed: connection error: Endpoint closed
2026-09-15T20:58:21.352 WARN kycontroller::kymux_controller::server - Kynet accept failed: connection error: Endpoint closed
2026-09-15T20:58:21.352 WARN kycontroller::kymux_controller::server - Kynet accept failed: connection error: Endpoint closed
2026-09-15T20:58:21.352 WARN kycontroller::kymux_controller::server - Kynet accept failed: connection error: Endpoint closed
2026-09-15T20:58:21.352 WARN kycontroller::kymux_controller::server - Kynet accept failed: connection error: Endpoint closed
2026-09-15T20:58:21.352 WARN kycontroller::kymux_controller::server - Kynet accept failed: connection error: Endpoint closed
2026-09-15T20:58:21.352 WARN kycontroller::kymux_controller::server - Kynet accept failed: connection error: Endpoint closed
2026-09-15T20:58:21.352 WARN kycontroller::kymux_controller::server - Kynet accept failed: connection error: Endpoint closed
2026-09-15T20:58:21.352 WARN kycontroller::kymux_controller::server - Kynet accept failed: connection error: Endpoint closed
2026-09-15T20:58:21.352 WARN kycontroller::kymux_controller::server - Kynet accept failed: connection error: Endpoint closed
2026-09-15T20:58:21.352 WARN kycontroller::kymux_controller::server - Kynet accept failed: connection error: Endpoint closed
2026-09-15T20:58:21.352 WARN kycontroller::kymux_controller::server - Kynet accept failed: connection error: Endpoint closed
2026-09-15T20:58:21.352 WARN kycontroller::kymux_controller::server - Kynet accept failed: connection error: Endpoint closed
2026-09-15T20:58:21.352 WARN kycontroller::kymux_controller::server - Kynet accept failed: connection error: Endpoint closed
2026-09-15T20:58:21.352 WARN kycontroller::kymux_controller::server - Kynet accept failed: connection error: Endpoint closed
2026-09-15T20:58:21.352 WARN kycontroller::kymux_controller::server - Kynet accept failed: connection error: Endpoint closed
2026-09-15T20:58:21.352 WARN kycontroller::kymux_controller::server - Kynet accept failed: connection error: Endpoint closed
2026-09-15T20:58:21.352 WARN kycontroller::kymux_controller::server - Kynet accept failed: connection error: Endpoint closed
2026-09-15T20:58:21.352 WARN kycontroller::kymux_controller::server - Kynet accept failed: connection error: Endpoint closed
2026-09-15T20:58:21.352 WARN kycontroller::kymux_controller::server - Kynet accept failed: connection error: Endpoint closed
2026-09-15T20:58:21.352 WARN kycontroller::kymux_controller::server - Kynet accept failed: connection error: Endpoint closed
2026-09-15T20:58:21.352 WARN kycontroller::kymux_controller::server - Kynet accept failed: connection error: Endpoint closed
2026-09-15T20:58:21.352 WARN kycontroller::kymux_controller::server - Kynet accept failed: connection error: Endpoint closed
2026-09-15T20:58:21.352 WARN kycontroller::kymux_controller::server - Kynet accept failed: connection error: Endpoint closed
2026-09-15T20:58:21.352 WARN kycontroller::kymux_controller::server - Kynet accept failed: connection error: Endpoint closed
2026-09-15T20:58:21.352 WARN kycontroller::kymux_controller::server - Kynet accept failed: connection error: Endpoint closed
2026-09-15T20:58:21.352 WARN kycontroller::kymux_controller::server - Kynet accept failed: connection error: Endpoint closed
2026-09-15T20:58:21.352 WARN kycontroller::kymux_controller::server - Kynet accept failed: connection error: Endpoint closed
2026-09-15T20:58:21.352 WARN kycontroller::kymux_controller::server - Kynet accept failed: connection error: Endpoint closed
2026-09-15T20:58:21.352 WARN kycontroller::kymux_controller::server - Kynet accept failed: connection error: Endpoint closed
2026-09-15T20:58:21.352 WARN kycontroller::kymux_controller::server - Kynet accept failed: connection error: Endpoint closed
2026-09-15T20:58:21.352 WARN kycontroller::kymux_controller::server - Kynet accept failed: connection error: Endpoint closed
2026-09-15T20:58:21.352 WARN kycontroller::kymux_controller::server - Kynet accept failed: connection error: Endpoint closed
2026-09-15T20:58:21.352 WARN kycontroller::kymux_controller::server - Kynet accept failed: connection error: Endpoint closed
2026-09-15T20:58:21.352 WARN kycontroller::kymux_controller::server - Kynet accept failed: connection error: Endpoint closed
2026-09-15T20:58:21.352 WARN kycontroller::kymux_controller::server - Kynet accept failed: connection error: Endpoint closed
2026-09-15T20:58:21.352 WARN kycontroller::kymux_controller::server - Kynet accept failed: connection error: Endpoint closed
2026-09-15T20:58:21.352 WARN kycontroller::kymux_controller::server - Kynet accept failed: connection error: Endpoint closed
2026-09-15T20:58:21.352 WARN kycontroller::kymux_controller::server - Kynet accept failed: connection error: Endpoint closed
2026-09-15T20:58:21.352 WARN kycontroller::kymux_controller::server - Kynet accept failed: connection error: Endpoint closed
2026-09-15T20:58:21.352 WARN kycontroller::kymux_controller::server - Kynet accept failed: connection error: Endpoint closed
2026-09-15T20:58:21.352 WARN kycontroller::kymux_controller::server - Kynet accept failed: connection error: Endpoint closed
2026-09-15T20:58:21.352 WARN kycontroller::kymux_controller::server - Kynet accept failed: connection error: Endpoint closed
2026-09-15T20:58:21.352 WARN kycontroller::kymux_controller::server - Kynet accept failed: connection error: Endpoint closed
2026-09-15T20:58:21.352 WARN kycontroller::kymux_controller::server - Kynet accept failed: connection error: Endpoint closed
2026-09-15T20:58:21.352 WARN kycontroller::kymux_controller::server - Kynet accept failed: connection error: Endpoint closed
2026-09-15T20:58:21.352 WARN kycontroller::kymux_controller::server - Kynet accept failed: connection error: Endpoint closed
2026-09-15T20:58:21.352 WARN kycontroller::kymux_controller::server - Kynet accept failed: connection error: Endpoint closed
2026-09-15T20:58:21.352 WARN kycontroller::kymux_controller::server - Kynet accept failed: connection error: Endpoint closed
2026-09-15T20:58:21.352 WARN kycontroller::kymux_controller::server - Kynet accept failed: connection error: Endpoint closed
2026-09-15T20:58:21.352 WARN kycontroller::kymux_controller::server - Kynet accept failed: connection error: Endpoint closed
2026-09-15T20:58:21.353 WARN kycontroller::kymux_controller::server - Kynet accept failed: connection error: Endpoint closed
2026-09-15T20:58:21.353 WARN kycontroller::kymux_controller::server - Kynet accept failed: connection error: Endpoint closed
2026-09-15T20:58:21.353 WARN kycontroller::kymux_controller::server - Kynet accept failed: connection error: Endpoint closed
2026-09-15T20:58:21.353 WARN kycontroller::kymux_controller::server - Kynet accept failed: connection error: Endpoint closed
2026-09-15T20:58:21.353 WARN kycontroller::kymux_controller::server - Kynet accept failed: connection error: Endpoint closed
2026-09-15T20:58:21.353 WARN kycontroller::kymux_controller::server - Kynet accept failed: connection error: Endpoint closed
2026-09-15T20:58:21.353 WARN kycontroller::kymux_controller::server - Kynet accept failed: connection error: Endpoint closed
2026-09-15T20:58:21.353 WARN kycontroller::kymux_controller::server - Kynet accept failed: connection error: Endpoint closed
2026-09-15T20:58:21.353 WARN kycontroller::kymux_controller::server - Kynet accept failed: connection error: Endpoint closed
2026-09-15T20:58:21.353 WARN kycontroller::kymux_controller::server - Kynet accept failed: connection error: Endpoint closed
2026-09-15T20:58:21.353 WARN kycontroller::kymux_controller::server - Kynet accept failed: connection error: Endpoint closed
2026-09-15T20:58:21.353 WARN kycontroller::kymux_controller::server - Kynet accept failed: connection error: Endpoint closed
2026-09-15T20:58:21.353 WARN kycontroller::kymux_controller::server - Kynet accept failed: connection error: Endpoint closed
2026-09-15T20:58:21.353 WARN kycontroller::kymux_controller::server - Kynet accept failed: connection error: Endpoint closed
2026-09-15T20:58:21.353 WARN kycontroller::kymux_controller::server - Kynet accept failed: connection error: Endpoint closed
2026-09-15T20:58:21.353 WARN kycontroller::kymux_controller::server - Kynet accept failed: connection error: Endpoint closed
2026-09-15T20:58:21.353 WARN kycontroller::kymux_controller::server - Kynet accept failed: connection error: Endpoint closed
2026-09-15T20:58:21.353 WARN kycontroller::kymux_controller::server - Kynet accept failed: connection error: Endpoint closed
2026-09-15T20:58:21.353 WARN kycontroller::kymux_controller::server - Kynet accept failed: connection error: Endpoint closed
2026-09-15T20:58:21.353 WARN kycontroller::kymux_controller::server - Kynet accept failed: connection error: Endpoint closed
2026-09-15T20:58:21.353 WARN kycontroller::kymux_controller::server - Kynet accept failed: connection error: Endpoint closed
2026-09-15T20:58:21.353 WARN kycontroller::kymux_controller::server - Kynet accept failed: connection error: Endpoint closed
2026-09-15T20:58:21.353 WARN kycontroller::kymux_controller::server - Kynet accept failed: connection error: Endpoint closed
2026-09-15T20:58:21.353 WARN kycontroller::kymux_controller::server - Kynet accept failed: connection error: Endpoint closed
2026-09-15T20:58:21.353 WARN kycontroller::kymux_controller::server - Kynet accept failed: connection error: Endpoint closed
2026-09-15T20:58:21.353 WARN kycontroller::kymux_controller::server - Kynet accept failed: connection error: Endpoint closed
2026-09-15T20:58:21.353 WARN kycontroller::kymux_controller::server - Kynet accept failed: connection error: Endpoint closed
2026-09-15T20:58:21.353 WARN kycontroller::kymux_controller::server - Kynet accept failed: connection error: Endpoint closed
2026-09-15T20:58:21.353 WARN kycontroller::kymux_controller::server - Kynet accept failed: connection error: Endpoint closed
2026-09-15T20:58:21.353 WARN kycontroller::kymux_controller::server - Kynet accept failed: connection error: Endpoint closed
2026-09-15T20:58:21.353 WARN kycontroller::kymux_controller::server - Kynet accept failed: connection error: Endpoint closed
2026-09-15T20:58:21.353 WARN kycontroller::kymux_controller::server - Kynet accept failed: connection error: Endpoint closed
2026-09-15T20:58:21.353 WARN kycontroller::kymux_controller::server - Kynet accept failed: connection error: Endpoint closed
2026-09-15T20:58:21.353 WARN kycontroller::kymux_controller::server - Kynet accept failed: connection error: Endpoint closed
2026-09-15T20:58:21.353 WARN kycontroller::kymux_controller::server - Kynet accept failed: connection error: Endpoint closed
2026-09-15T20:58:21.353 WARN kycontroller::kymux_controller::server - Kynet accept failed: connection error: Endpoint closed
2026-09-15T20:58:21.353 WARN kycontroller::kymux_controller::server - Kynet accept failed: connection error: Endpoint closed
2026-09-15T20:58:21.353 WARN kycontroller::kymux_controller::server - Kynet accept failed: connection error: Endpoint closed
2026-09-15T20:58:21.353 WARN kycontroller::kymux_controller::server - Kynet accept failed: connection error: Endpoint closed
2026-09-15T20:58:21.353 WARN kycontroller::kymux_controller::server - Kynet accept failed: connection error: Endpoint closed
2026-09-15T20:58:21.353 WARN kycontroller::kymux_controller::server - Kynet accept failed: connection error: Endpoint closed
2026-09-15T20:58:21.353 WARN kycontroller::kymux_controller::server - Kynet accept failed: connection error: Endpoint closed
2026-09-15T20:58:21.353 WARN kycontroller::kymux_controller::server - Kynet accept failed: connection error: Endpoint closed
2026-09-15T20:58:21.353 WARN kycontroller::kymux_controller::server - Kynet accept failed: connection error: Endpoint closed
2026-09-15T20:58:21.353 WARN kycontroller::kymux_controller::server - Kynet accept failed: connection error: Endpoint closed
2026-09-15T20:58:21.353 WARN kycontroller::kymux_controller::server - Kynet accept failed: connection error: Endpoint closed
2026-09-15T20:58:21.353 WARN kycontroller::kymux_controller::server - Kynet accept failed: connection error: Endpoint closed
2026-09-15T20:58:21.353 WARN kycontroller::kymux_controller::server - Kynet accept failed: connection error: Endpoint closed
2026-09-15T20:58:21.353 WARN kycontroller::kymux_controller::server - Kynet accept failed: connection error: Endpoint closed
2026-09-15T20:58:21.353 WARN kycontroller::kymux_controller::server - Kynet accept failed: connection error: Endpoint closed
2026-09-15T20:58:21.353 WARN kycontroller::kymux_controller::server - Kynet accept failed: connection error: Endpoint closed
2026-09-15T20:58:21.353 WARN kycontroller::kymux_controller::server - Kynet accept failed: connection error: Endpoint closed
2026-09-15T20:58:21.353 WARN kycontroller::kymux_controller::server - Kynet accept failed: connection error: Endpoint closed
2026-09-15T20:58:21.353 WARN kycontroller::kymux_controller::server - Kynet accept failed: connection error: Endpoint closed
2026-09-15T20:58:21.353 WARN kycontroller::kymux_controller::server - Kynet accept failed: connection error: Endpoint closed
2026-09-15T20:58:21.353 WARN kycontroller::kymux_controller::server - Kynet accept failed: connection error: Endpoint closed
2026-09-15T20:58:21.353 WARN kycontroller::kymux_controller::server - Kynet accept failed: connection error: Endpoint closed
2026-09-15T20:58:21.353 WARN kycontroller::kymux_controller::server - Kynet accept failed: connection error: Endpoint closed
2026-09-15T20:58:21.353 WARN kycontroller::kymux_controller::server - Kynet accept failed: connection error: Endpoint closed
2026-09-15T20:58:21.353 WARN kycontroller::kymux_controller::server - Kynet accept failed: connection error: Endpoint closed
2026-09-15T20:58:21.353 WARN kycontroller::kymux_controller::server - Kynet accept failed: connection error: Endpoint closed
2026-09-15T20:58:21.353 WARN kycontroller::kymux_controller::server - Kynet accept failed: connection error: Endpoint closed
2026-09-15T20:58:21.353 WARN kycontroller::kymux_controller::server - Kynet accept failed: connection error: Endpoint closed
2026-09-15T20:58:21.353 WARN kycontroller::kymux_controller::server - Kynet accept failed: connection error: Endpoint closed
2026-09-15T20:58:21.353 WARN kycontroller::kymux_controller::server - Kynet accept failed: connection error: Endpoint closed
2026-09-15T20:58:21.353 WARN kycontroller::kymux_controller::server - Kynet accept failed: connection error: Endpoint closed
2026-09-15T20:58:21.353 WARN kycontroller::kymux_controller::server - Kynet accept failed: connection error: Endpoint closed
2026-09-15T20:58:21.353 WARN kycontroller::kymux_controller::server - Kynet accept failed: connection error: Endpoint closed
2026-09-15T20:58:21.353 WARN kycontroller::kymux_controller::server - Kynet accept failed: connection error: Endpoint closed
2026-09-15T20:58:21.353 WARN kycontroller::kymux_controller::server - Kynet accept failed: connection error: Endpoint closed
2026-09-15T20:58:21.353 WARN kycontroller::kymux_controller::server - Kynet accept failed: connection error: Endpoint closed
2026-09-15T20:58:21.353 WARN kycontroller::kymux_controller::server - Kynet accept failed: connection error: Endpoint closed
2026-09-15T20:58:21.353 WARN kycontroller::kymux_controller::server - Kynet accept failed: connection error: Endpoint closed
2026-09-15T20:58:21.353 WARN kycontroller::kymux_controller::server - Kynet accept failed: connection error: Endpoint closed
2026-09-15T20:58:21.353 WARN kycontroller::kymux_controller::server - Kynet accept failed: connection error: Endpoint closed
2026-09-15T20:58:21.353 WARN kycontroller::kymux_controller::server - Kynet accept failed: connection error: Endpoint closed
2026-09-15T20:58:21.353 WARN kycontroller::kymux_controller::server - Kynet accept failed: connection error: Endpoint closed
2026-09-15T20:58:21.353 WARN kycontroller::kymux_controller::server - Kynet accept failed: connection error: Endpoint closed
2026-09-15T20:58:21.353 WARN kycontroller::kymux_controller::server - Kynet accept failed: connection error: Endpoint closed
2026-09-15T20:58:21.353 WARN kycontroller::kymux_controller::server - Kynet accept failed: connection error: Endpoint closed
2026-09-15T20:58:21.353 WARN kycontroller::kymux_controller::server - Kynet accept failed: connection error: Endpoint closed
2026-09-15T20:58:21.353 WARN kycontroller::kymux_controller::server - Kynet accept failed: connection error: Endpoint closed
2026-09-15T20:58:21.353 WARN kycontroller::kymux_controller::server - Kynet accept failed: connection error: Endpoint closed
2026-09-15T20:58:21.353 WARN kycontroller::kymux_controller::server - Kynet accept failed: connection error: Endpoint closed
2026-09-15T20:58:21.353 WARN kycontroller::kymux_controller::server - Kynet accept failed: connection error: Endpoint closed
2026-09-15T20:58:21.353 WARN kycontroller::kymux_controller::server - Kynet accept failed: connection error: Endpoint closed
2026-09-15T20:58:21.353 WARN kycontroller::kymux_controller::server - Kynet accept failed: connection error: Endpoint closed
2026-09-15T20:58:21.353 WARN kycontroller::kymux_controller::server - Kynet accept failed: connection error: Endpoint closed
2026-09-15T20:58:21.353 WARN kycontroller::kymux_controller::server - Kynet accept failed: connection error: Endpoint closed
2026-09-15T20:58:21.353 WARN kycontroller::kymux_controller::server - Kynet accept failed: connection error: Endpoint closed
2026-09-15T20:58:21.353 WARN kycontroller::kymux_controller::server - Kynet accept failed: connection error: Endpoint closed
2026-09-15T20:58:21.353 WARN kycontroller::kymux_controller::server - Kynet accept failed: connection error: Endpoint closed
2026-09-15T20:58:21.353 WARN kycontroller::kymux_controller::server - Kynet accept failed: connection error: Endpoint closed
2026-09-15T20:58:21.353 WARN kycontroller::kymux_controller::server - Kynet accept failed: connection error: Endpoint closed
2026-09-15T20:58:21.353 WARN kycontroller::kymux_controller::server - Kynet accept failed: connection error: Endpoint closed
2026-09-15T20:58:21.353 WARN kycontroller::kymux_controller::server - Kynet accept failed: connection error: Endpoint closed
2026-09-15T20:58:21.353 WARN kycontroller::kymux_controller::server - Kynet accept failed: connection error: Endpoint closed
2026-09-15T20:58:21.353 WARN kycontroller::kymux_controller::server - Kynet accept failed: connection error: Endpoint closed
2026-09-15T20:58:21.353 WARN kycontroller::kymux_controller::server - Kynet accept failed: connection error: Endpoint closed
2026-09-15T20:58:21.353 WARN kycontroller::kymux_controller::server - Kynet accept failed: connection error: Endpoint closed
2026-09-15T20:58:21.353 WARN kycontroller::kymux_controller::server - Kynet accept failed: connection error: Endpoint closed
2026-09-15T20:58:21.353 WARN kycontroller::kymux_controller::server - Kynet accept failed: connection error: Endpoint closed
2026-09-15T20:58:21.353 WARN kycontroller::kymux_controller::server - Kynet accept failed: connection error: Endpoint closed
2026-09-15T20:58:21.353 WARN kycontroller::kymux_controller::server - Kynet accept failed: connection error: Endpoint closed
2026-09-15T20:58:21.353 WARN kycontroller::kymux_controller::server - Kynet accept failed: connection error: Endpoint closed
2026-09-15T20:58:21.353 WARN kycontroller::kymux_controller::server - Kynet accept failed: connection error: Endpoint closed
2026-09-15T20:58:21.353 WARN kycontroller::kymux_controller::server - Kynet accept failed: connection error: Endpoint closed
2026-09-15T20:58:21.353 WARN kycontroller::kymux_controller::server - Kynet accept failed: connection error: Endpoint closed
2026-09-15T20:58:21.353 WARN kycontroller::kymux_controller::server - Kynet accept failed: connection error: Endpoint closed
2026-09-15T20:58:21.354 WARN kycontroller::kymux_controller::server - Kynet accept failed: connection error: Endpoint closed
2026-09-15T20:58:21.354 WARN kycontroller::kymux_controller::server - Kynet accept failed: connection error: Endpoint closed
2026-09-15T20:58:21.354 WARN kycontroller::kymux_controller::server - Kynet accept failed: connection error: Endpoint closed
2026-09-15T20:58:21.354 WARN kycontroller::kymux_controller::server - Kynet accept failed: connection error: Endpoint closed
2026-09-15T20:58:21.354 WARN kycontroller::kymux_controller::server - Kynet accept failed: connection error: Endpoint closed
2026-09-15T20:58:21.354 WARN kycontroller::kymux_controller::server - Kynet accept failed: connection error: Endpoint closed
2026-09-15T20:58:21.354 WARN kycontroller::kymux_controller::server - Kynet accept failed: connection error: Endpoint closed
2026-09-15T20:58:21.354 WARN kycontroller::kymux_controller::server - Kynet accept failed: connection error: Endpoint closed
2026-09-15T20:58:21.354 WARN kycontroller::kymux_controller::server - Kynet accept failed: connection error: Endpoint closed
2026-09-15T20:58:21.354 WARN kycontroller::kymux_controller::server - Kynet accept failed: connection error: Endpoint closed
2026-09-15T20:58:21.354 WARN kycontroller::kymux_controller::server - Kynet accept failed: connection error: Endpoint closed
2026-09-15T20:58:21.354 WARN kycontroller::kymux_controller::server - Kynet accept failed: connection error: Endpoint closed
2026-09-15T20:58:21.354 WARN kycontroller::kymux_controller::server - Kynet accept failed: connection error: Endpoint closed
2026-09-15T20:58:21.354 WARN kycontroller::kymux_controller::server - Kynet accept failed: connection error: Endpoint closed
2026-09-15T20:58:21.354 WARN kycontroller::kymux_controller::server - Kynet accept failed: connection error: Endpoint closed
2026-09-15T20:58:21.354 WARN kycontroller::kymux_controller::server - Kynet accept failed: connection error: Endpoint closed
2026-09-15T20:58:21.354 WARN kycontroller::kymux_controller::server - Kynet accept failed: connection error: Endpoint closed
2026-09-15T20:58:21.354 WARN kycontroller::kymux_controller::server - Kynet accept failed: connection error: Endpoint closed
2026-09-15T20:58:21.354 WARN kycontroller::kymux_controller::server - Kynet accept failed: connection error: Endpoint closed
2026-09-15T20:58:21.354 WARN kycontroller::kymux_controller::server - Kynet accept failed: connection error: Endpoint closed
2026-09-15T20:58:21.354 WARN kycontroller::kymux_controller::server - Kynet accept failed: connection error: Endpoint closed
2026-09-15T20:58:21.354 WARN kycontroller::kymux_controller::server - Kynet accept failed: connection error: Endpoint closed
2026-09-15T20:58:21.354 WARN kycontroller::kymux_controller::server - Kynet accept failed: connection error: Endpoint closed
2026-09-15T20:58:21.354 WARN kycontroller::kymux_controller::server - Kynet accept failed: connection error: Endpoint closed
2026-09-15T20:58:21.354 WARN kycontroller::kymux_controller::server - Kynet accept failed: connection error: Endpoint closed
2026-09-15T20:58:21.354 WARN kycontroller::kymux_controller::server - Kynet accept failed: connection error: Endpoint closed
2026-09-15T20:58:21.354 WARN kycontroller::kymux_controller::server - Kynet accept failed: connection error: Endpoint closed
2026-09-15T20:58:21.354 WARN kycontroller::kymux_controller::server - Kynet accept failed: connection error: Endpoint closed
2026-09-15T20:58:21.354 WARN kycontroller::kymux_controller::server - Kynet accept failed: connection error: Endpoint closed
2026-09-15T20:58:21.354 WARN kycontroller::kymux_controller::server - Kynet accept failed: connection error: Endpoint closed
2026-09-15T20:58:21.354 WARN kycontroller::kymux_controller::server - Kynet accept failed: connection error: Endpoint closed
2026-09-15T20:58:21.354 WARN kycontroller::kymux_controller::server - Kynet accept failed: connection error: Endpoint closed
2026-09-15T20:58:21.354 WARN kycontroller::kymux_controller::server - Kynet accept failed: connection error: Endpoint closed
2026-09-15T20:58:21.354 WARN kycontroller::kymux_controller::server - Kynet accept failed: connection error: Endpoint closed
2026-09-15T20:58:21.354 WARN kycontroller::kymux_controller::server - Kynet accept failed: connection error: Endpoint closed
2026-09-15T20:58:21.354 WARN kycontroller::kymux_controller::server - Kynet accept failed: connection error: Endpoint closed
2026-09-15T20:58:21.354 WARN kycontroller::kymux_controller::server - Kynet accept failed: connection error: Endpoint closed
2026-09-15T20:58:21.354 WARN kycontroller::kymux_controller::server - Kynet accept failed: connection error: Endpoint closed
2026-09-15T20:58:21.354 WARN kycontroller::kymux_controller::server - Kynet accept failed: connection error: Endpoint closed
2026-09-15T20:58:21.354 WARN kycontroller::kymux_controller::server - Kynet accept failed: connection error: Endpoint closed
2026-09-15T20:58:21.354 WARN kycontroller::kymux_controller::server - Kynet accept failed: connection error: Endpoint closed
2026-09-15T20:58:21.354 WARN kycontroller::kymux_controller::server - Kynet accept failed: connection error: Endpoint closed
2026-09-15T20:58:21.354 WARN kycontroller::kymux_controller::server - Kynet accept failed: connection error: Endpoint closed
2026-09-15T20:58:21.354 WARN kycontroller::kymux_controller::server - Kynet accept failed: connection error: Endpoint closed
2026-09-15T20:58:21.354 WARN kycontroller::kymux_controller::server - Kynet accept failed: connection error: Endpoint closed
2026-09-15T20:58:21.354 WARN kycontroller::kymux_controller::server - Kynet accept failed: connection error: Endpoint closed
2026-09-15T20:58:21.354 WARN kycontroller::kymux_controller::server - Kynet accept failed: connection error: Endpoint closed
2026-09-15T20:58:21.354 WARN kycontroller::kymux_controller::server - Kynet accept failed: connection error: Endpoint closed
2026-09-15T20:58:21.354 WARN kycontroller::kymux_controller::server - Kynet accept failed: connection error: Endpoint closed
2026-09-15T20:58:21.354 WARN kycontroller::kymux_controller::server - Kynet accept failed: connection error: Endpoint closed
2026-09-15T20:58:21.354 WARN kycontroller::kymux_controller::server - Kynet accept failed: connection error: Endpoint closed
2026-09-15T20:58:21.354 WARN kycontroller::kymux_controller::server - Kynet accept failed: connection error: Endpoint closed
2026-09-15T20:58:21.354 WARN kycontroller::kymux_controller::server - Kynet accept failed: connection error: Endpoint closed
2026-09-15T20:58:21.354 WARN kycontroller::kymux_controller::server - Kynet accept failed: connection error: Endpoint closed
2026-09-15T20:58:21.354 WARN kycontroller::kymux_controller::server - Kynet accept failed: connection error: Endpoint closed
2026-09-15T20:58:21.354 WARN kycontroller::kymux_controller::server - Kynet accept failed: connection error: Endpoint closed
2026-09-15T20:58:21.354 WARN kycontroller::kymux_controller::server - Kynet accept failed: connection error: Endpoint closed
2026-09-15T20:58:21.354 WARN kycontroller::kymux_controller::server - Kynet accept failed: connection error: Endpoint closed
2026-09-15T20:58:21.354 WARN kycontroller::kymux_controller::server - Kynet accept failed: connection error: Endpoint closed
2026-09-15T20:58:21.354 WARN kycontroller::kymux_controller::server - Kynet accept failed: connection error: Endpoint closed
2026-09-15T20:58:21.354 WARN kycontroller::kymux_controller::server - Kynet accept failed: connection error: Endpoint closed
2026-09-15T20:58:21.354 WARN kycontroller::kymux_controller::server - Kynet accept failed: connection error: Endpoint closed
2026-09-15T20:58:21.354 WARN kycontroller::kymux_controller::server - Kynet accept failed: connection error: Endpoint closed
2026-09-15T20:58:21.354 WARN kycontroller::kymux_controller::server - Kynet accept failed: connection error: Endpoint closed
2026-09-15T20:58:21.354 WARN kycontroller::kymux_controller::server - Kynet accept failed: connection error: Endpoint closed
2026-09-15T20:58:21.354 WARN kycontroller::kymux_controller::server - Kynet accept failed: connection error: Endpoint closed
2026-09-15T20:58:21.354 WARN kycontroller::kymux_controller::server - Kynet accept failed: connection error: Endpoint closed
2026-09-15T20:58:21.354 WARN kycontroller::kymux_controller::server - Kynet accept failed: connection error: Endpoint closed
2026-09-15T20:58:21.354 WARN kycontroller::kymux_controller::server - Kynet accept failed: connection error: Endpoint closed
2026-09-15T20:58:21.354 WARN kycontroller::kymux_controller::server - Kynet accept failed: connection error: Endpoint closed
2026-09-15T20:58:21.354 WARN kycontroller::kymux_controller::server - Kynet accept failed: connection error: Endpoint closed
2026-09-15T20:58:21.354 WARN kycontroller::kymux_controller::server - Kynet accept failed: connection error: Endpoint closed
2026-09-15T20:58:21.354 WARN kycontroller::kymux_controller::server - Kynet accept failed: connection error: Endpoint closed
2026-09-15T20:58:21.354 WARN kycontroller::kymux_controller::server - Kynet accept failed: connection error: Endpoint closed
2026-09-15T20:58:21.354 WARN kycontroller::kymux_controller::server - Kynet accept failed: connection error: Endpoint closed
2026-09-15T20:58:21.354 WARN kycontroller::kymux_controller::server - Kynet accept failed: connection error: Endpoint closed
2026-09-15T20:58:21.354 WARN kycontroller::kymux_controller::server - Kynet accept failed: connection error: Endpoint closed
2026-09-15T20:58:21.354 WARN kycontroller::kymux_controller::server - Kynet accept failed: connection error: Endpoint closed
2026-09-15T20:58:21.354 WARN kycontroller::kymux_controller::server - Kynet accept failed: connection error: Endpoint closed
2026-09-15T20:58:21.354 WARN kycontroller::kymux_controller::server - Kynet accept failed: connection error: Endpoint closed
2026-09-15T20:58:21.354 WARN kycontroller::kymux_controller::server - Kynet accept failed: connection error: Endpoint closed
2026-09-15T20:58:21.354 WARN kycontroller::kymux_controller::server - Kynet accept failed: connection error: Endpoint closed
2026-09-15T20:58:21.354 WARN kycontroller::kymux_controller::server - Kynet accept failed: connection error: Endpoint closed
2026-09-15T20:58:21.354 WARN kycontroller::kymux_controller::server - Kynet accept failed: connection error: Endpoint closed
2026-09-15T20:58:21.354 WARN kycontroller::kymux_controller::server - Kynet accept failed: connection error: Endpoint closed
2026-09-15T20:58:21.354 WARN kycontroller::kymux_controller::server - Kynet accept failed: connection error: Endpoint closed
2026-09-15T20:58:21.354 WARN kycontroller::kymux_controller::server - Kynet accept failed: connection error: Endpoint closed
2026-09-15T20:58:21.354 WARN kycontroller::kymux_controller::server - Kynet accept failed: connection error: Endpoint closed
2026-09-15T20:58:21.354 WARN kycontroller::kymux_controller::server - Kynet accept failed: connection error: Endpoint closed
2026-09-15T20:58:21.354 WARN kycontroller::kymux_controller::server - Kynet accept failed: connection error: Endpoint closed
2026-09-15T20:58:21.354 WARN kycontroller::kymux_controller::server - Kynet accept failed: connection error: Endpoint closed
2026-09-15T20:58:21.354 WARN kycontroller::kymux_controller::server - Kynet accept failed: connection error: Endpoint closed
2026-09-15T20:58:21.354 WARN kycontroller::kymux_controller::server - Kynet accept failed: connection error: Endpoint closed
2026-09-15T20:58:21.354 WARN kycontroller::kymux_controller::server - Kynet accept failed: connection error: Endpoint closed
2026-09-15T20:58:21.354 WARN kycontroller::kymux_controller::server - Kynet accept failed: connection error: Endpoint closed
2026-09-15T20:58:21.354 WARN kycontroller::kymux_controller::server - Kynet accept failed: connection error: Endpoint closed
2026-09-15T20:58:21.354 WARN kycontroller::kymux_controller::server - Kynet accept failed: connection error: Endpoint closed
2026-09-15T20:58:21.354 WARN kycontroller::kymux_controller::server - Kynet accept failed: connection error: Endpoint closed
2026-09-15T20:58:21.354 WARN kycontroller::kymux_controller::server - Kynet accept failed: connection error: Endpoint closed
2026-09-15T20:58:21.354 WARN kycontroller::kymux_controller::server - Kynet accept failed: connection error: Endpoint closed
2026-09-15T20:58:21.354 WARN kycontroller::kymux_controller::server - Kynet accept failed: connection error: Endpoint closed
2026-09-15T20:58:21.354 WARN kycontroller::kymux_controller::server - Kynet accept failed: connection error: Endpoint closed
2026-09-15T20:58:21.354 WARN kycontroller::kymux_controller::server - Kynet accept failed: connection error: Endpoint closed
2026-09-15T20:58:21.354 WARN kycontroller::kymux_controller::server - Kynet accept failed: connection error: Endpoint closed
2026-09-15T20:58:21.354 WARN kycontroller::kymux_controller::server - Kynet accept failed: connection error: Endpoint closed
2026-09-15T20:58:21.354 WARN kycontroller::kymux_controller::server - Kynet accept failed: connection error: Endpoint closed
2026-09-15T20:58:21.354 WARN kycontroller::kymux_controller::server - Kynet accept failed: connection error: Endpoint closed
2026-09-15T20:58:21.354 WARN kycontroller::kymux_controller::server - Kynet accept failed: connection error: Endpoint closed
2026-09-15T20:58:21.354 WARN kycontroller::kymux_controller::server - Kynet accept failed: connection error: Endpoint closed
2026-09-15T20:58:21.354 WARN kycontroller::kymux_controller::server - Kynet accept failed: connection error: Endpoint closed
2026-09-15T20:58:21.354 WARN kycontroller::kymux_controller::server - Kynet accept failed: connection error: Endpoint closed
2026-09-15T20:58:21.354 WARN kycontroller::kymux_controller::server - Kynet accept failed: connection error: Endpoint closed
2026-09-15T20:58:21.354 WARN kycontroller::kymux_controller::server - Kynet accept failed: connection error: Endpoint closed
2026-09-15T20:58:21.354 WARN kycontroller::kymux_controller::server - Kynet accept failed: connection error: Endpoint closed
2026-09-15T20:58:21.354 WARN kycontroller::kymux_controller::server - Kynet accept failed: connection error: Endpoint closed
2026-09-15T20:58:21.355 WARN kycontroller::kymux_controller::server - Kynet accept failed: connection error: Endpoint closed
2026-09-15T20:58:21.355 WARN kycontroller::kymux_controller::server - Kynet accept failed: connection error: Endpoint closed
2026-09-15T20:58:21.355 WARN kycontroller::kymux_controller::server - Kynet accept failed: connection error: Endpoint closed
2026-09-15T20:58:21.355 WARN kycontroller::kymux_controller::server - Kynet accept failed: connection error: Endpoint closed
2026-09-15T20:58:21.355 WARN kycontroller::kymux_controller::server - Kynet accept failed: connection error: Endpoint closed
2026-09-15T20:58:21.355 WARN kycontroller::kymux_controller::server - Kynet accept failed: connection error: Endpoint closed
2026-09-15T20:58:21.355 WARN kycontroller::kymux_controller::server - Kynet accept failed: connection error: Endpoint closed
2026-09-15T20:58:21.355 WARN kycontroller::kymux_controller::server - Kynet accept failed: connection error: Endpoint closed
2026-09-15T20:58:21.355 WARN kycontroller::kymux_controller::server - Kynet accept failed: connection error: Endpoint closed
2026-09-15T20:58:21.355 WARN kycontroller::kymux_controller::server - Kynet accept failed: connection error: Endpoint closed
2026-09-15T20:58:21.355 WARN kycontroller::kymux_controller::server - Kynet accept failed: connection error: Endpoint closed
2026-09-15T20:58:21.355 WARN kycontroller::kymux_controller::server - Kynet accept failed: connection error: Endpoint closed
2026-09-15T20:58:21.355 WARN kycontroller::kymux_controller::server - Kynet accept failed: connection error: Endpoint closed
2026-09-15T20:58:21.355 WARN kycontroller::kymux_controller::server - Kynet accept failed: connection error: Endpoint closed
2026-09-15T20:58:21.355 WARN kycontroller::kymux_controller::server - Kynet accept failed: connection error: Endpoint closed
2026-09-15T20:58:21.355 WARN kycontroller::kymux_controller::server - Kynet accept failed: connection error: Endpoint closed
2026-09-15T20:58:21.355 WARN kycontroller::kymux_controller::server - Kynet accept failed: connection error: Endpoint closed
2026-09-15T20:58:21.355 WARN kycontroller::kymux_controller::server - Kynet accept failed: connection error: Endpoint closed
2026-09-15T20:58:21.355 WARN kycontroller::kymux_controller::server - Kynet accept failed: connection error: Endpoint closed
2026-09-15T20:58:21.355 WARN kycontroller::kymux_controller::server - Kynet accept failed: connection error: Endpoint closed
2026-09-15T20:58:21.355 WARN kycontroller::kymux_controller::server - Kynet accept failed: connection error: Endpoint closed
2026-09-15T20:58:21.355 WARN kycontroller::kymux_controller::server - Kynet accept failed: connection error: Endpoint closed
2026-09-15T20:58:21.355 WARN kycontroller::kymux_controller::server - Kynet accept failed: connection error: Endpoint closed
2026-09-15T20:58:21.355 WARN kycontroller::kymux_controller::server - Kynet accept failed: connection error: Endpoint closed
2026-09-15T20:58:21.355 WARN kycontroller::kymux_controller::server - Kynet accept failed: connection error: Endpoint closed
2026-09-15T20:58:21.355 WARN kycontroller::kymux_controller::server - Kynet accept failed: connection error: Endpoint closed
2026-09-15T20:58:21.355 WARN kycontroller::kymux_controller::server - Kynet accept failed: connection error: Endpoint closed
2026-09-15T20:58:21.355 WARN kycontroller::kymux_controller::server - Kynet accept failed: connection error: Endpoint closed
2026-09-15T20:58:21.355 WARN kycontroller::kymux_controller::server - Kynet accept failed: connection error: Endpoint closed
2026-09-15T20:58:21.355 WARN kycontroller::kymux_controller::server - Kynet accept failed: connection error: Endpoint closed
2026-09-15T20:58:21.355 WARN kycontroller::kymux_controller::server - Kynet accept failed: connection error: Endpoint closed
2026-09-15T20:58:21.355 WARN kycontroller::kymux_controller::server - Kynet accept failed: connection error: Endpoint closed
2026-09-15T20:58:21.355 WARN kycontroller::kymux_controller::server - Kynet accept failed: connection error: Endpoint closed
2026-09-15T20:58:21.355 WARN kycontroller::kymux_controller::server - Kynet accept failed: connection error: Endpoint closed
2026-09-15T20:58:21.355 WARN kycontroller::kymux_controller::server - Kynet accept failed: connection error: Endpoint closed
2026-09-15T20:58:21.355 WARN kycontroller::kymux_controller::server - Kynet accept failed: connection error: Endpoint closed
2026-09-15T20:58:21.355 WARN kycontroller::kymux_controller::server - Kynet accept failed: connection error: Endpoint closed
2026-09-15T20:58:21.355 WARN kycontroller::kymux_controller::server - Kynet accept failed: connection error: Endpoint closed
2026-09-15T20:58:21.355 WARN kycontroller::kymux_controller::server - Kynet accept failed: connection error: Endpoint closed
2026-09-15T20:58:21.355 WARN kycontroller::kymux_controller::server - Kynet accept failed: connection error: Endpoint closed
2026-09-15T20:58:21.355 WARN kycontroller::kymux_controller::server - Kynet accept failed: connection error: Endpoint closed
2026-09-15T20:58:21.355 WARN kycontroller::kymux_controller::server - Kynet accept failed: connection error: Endpoint closed
2026-09-15T20:58:21.355 WARN kycontroller::kymux_controller::server - Kynet accept failed: connection error: Endpoint closed
2026-09-15T20:58:21.355 WARN kycontroller::kymux_controller::server - Kynet accept failed: connection error: Endpoint closed
2026-09-15T20:58:21.355 WARN kycontroller::kymux_controller::server - Kynet accept failed: connection error: Endpoint closed
2026-09-15T20:58:21.355 WARN kycontroller::kymux_controller::server - Kynet accept failed: connection error: Endpoint closed
2026-09-15T20:58:21.355 WARN kycontroller::kymux_controller::server - Kynet accept failed: connection error: Endpoint closed
2026-09-15T20:58:21.355 WARN kycontroller::kymux_controller::server - Kynet accept failed: connection error: Endpoint closed
2026-09-15T20:58:21.355 WARN kycontroller::kymux_controller::server - Kynet accept failed: connection error: Endpoint closed
2026-09-15T20:58:21.355 WARN kycontroller::kymux_controller::server - Kynet accept failed: connection error: Endpoint closed
2026-09-15T20:58:21.355 WARN kycontroller::kymux_controller::server - Kynet accept failed: connection error: Endpoint closed
2026-09-15T20:58:21.355 WARN kycontroller::kymux_controller::server - Kynet accept failed: connection error: Endpoint closed
2026-09-15T20:58:21.355 WARN kycontroller::kymux_controller::server - Kynet accept failed: connection error: Endpoint closed
2026-09-15T20:58:21.355 WARN kycontroller::kymux_controller::server - Kynet accept failed: connection error: Endpoint closed
2026-09-15T20:58:21.355 WARN kycontroller::kymux_controller::server - Kynet accept failed: connection error: Endpoint closed
2026-09-15T20:58:21.355 WARN kycontroller::kymux_controller::server - Kynet accept failed: connection error: Endpoint closed
2026-09-15T20:58:21.355 WARN kycontroller::kymux_controller::server - Kynet accept failed: connection error: Endpoint closed
2026-09-15T20:58:21.355 WARN kycontroller::kymux_controller::server - Kynet accept failed: connection error: Endpoint closed
2026-09-15T20:58:21.355 WARN kycontroller::kymux_controller::server - Kynet accept failed: connection error: Endpoint closed
2026-09-15T20:58:21.355 WARN kycontroller::kymux_controller::server - Kynet accept failed: connection error: Endpoint closed
2026-09-15T20:58:21.355 WARN kycontroller::kymux_controller::server - Kynet accept failed: connection error: Endpoint closed
2026-09-15T20:58:21.355 WARN kycontroller::kymux_controller::server - Kynet accept failed: connection error: Endpoint closed
2026-09-15T20:58:21.355 WARN kycontroller::kymux_controller::server - Kynet accept failed: connection error: Endpoint closed
2026-09-15T20:58:21.355 WARN kycontroller::kymux_controller::server - Kynet accept failed: connection error: Endpoint closed
2026-09-15T20:58:21.355 WARN kycontroller::kymux_controller::server - Kynet accept failed: connection error: Endpoint closed
2026-09-15T20:58:21.355 WARN kycontroller::kymux_controller::server - Kynet accept failed: connection error: Endpoint closed
2026-09-15T20:58:21.355 WARN kycontroller::kymux_controller::server - Kynet accept failed: connection error: Endpoint closed
2026-09-15T20:58:21.355 WARN kycontroller::kymux_controller::server - Kynet accept failed: connection error: Endpoint closed
2026-09-15T20:58:21.355 WARN kycontroller::kymux_controller::server - Kynet accept failed: connection error: Endpoint closed
2026-09-15T20:58:21.355 WARN kycontroller::kymux_controller::server - Kynet accept failed: connection error: Endpoint closed
2026-09-15T20:58:21.355 WARN kycontroller::kymux_controller::server - Kynet accept failed: connection error: Endpoint closed
2026-09-15T20:58:21.355 WARN kycontroller::kymux_controller::server - Kynet accept failed: connection error: Endpoint closed
2026-09-15T20:58:21.355 WARN kycontroller::kymux_controller::server - Kynet accept failed: connection error: Endpoint closed
2026-09-15T20:58:21.355 WARN kycontroller::kymux_controller::server - Kynet accept failed: connection error: Endpoint closed
2026-09-15T20:58:21.355 WARN kycontroller::kymux_controller::server - Kynet accept failed: connection error: Endpoint closed
2026-09-15T20:58:21.355 WARN kycontroller::kymux_controller::server - Kynet accept failed: connection error: Endpoint closed
2026-09-15T20:58:21.355 WARN kycontroller::kymux_controller::server - Kynet accept failed: connection error: Endpoint closed
2026-09-15T20:58:21.355 WARN kycontroller::kymux_controller::server - Kynet accept failed: connection error: Endpoint closed
2026-09-15T20:58:21.355 WARN kycontroller::kymux_controller::server - Kynet accept failed: connection error: Endpoint closed
2026-09-15T20:58:21.355 WARN kycontroller::kymux_controller::server - Kynet accept failed: connection error: Endpoint closed
2026-09-15T20:58:21.355 WARN kycontroller::kymux_controller::server - Kynet accept failed: connection error: Endpoint closed
2026-09-15T20:58:21.355 WARN kycontroller::kymux_controller::server - Kynet accept failed: connection error: Endpoint closed
2026-09-15T20:58:21.355 WARN kycontroller::kymux_controller::server - Kynet accept failed: connection error: Endpoint closed
2026-09-15T20:58:21.355 WARN kycontroller::kymux_controller::server - Kynet accept failed: connection error: Endpoint closed
2026-09-15T20:58:21.355 WARN kycontroller::kymux_controller::server - Kynet accept failed: connection error: Endpoint closed
2026-09-15T20:58:21.355 WARN kycontroller::kymux_controller::server - Kynet accept failed: connection error: Endpoint closed
2026-09-15T20:58:21.355 WARN kycontroller::kymux_controller::server - Kynet accept failed: connection error: Endpoint closed
2026-09-15T20:58:21.355 WARN kycontroller::kymux_controller::server - Kynet accept failed: connection error: Endpoint closed
2026-09-15T20:58:21.355 WARN kycontroller::kymux_controller::server - Kynet accept failed: connection error: Endpoint closed
2026-09-15T20:58:21.355 WARN kycontroller::kymux_controller::server - Kynet accept failed: connection error: Endpoint closed
2026-09-15T20:58:21.355 WARN kycontroller::kymux_controller::server - Kynet accept failed: connection error: Endpoint closed
2026-09-15T20:58:21.355 WARN kycontroller::kymux_controller::server - Kynet accept failed: connection error: Endpoint closed
2026-09-15T20:58:21.355 WARN kycontroller::kymux_controller::server - Kynet accept failed: connection error: Endpoint closed
2026-09-15T20:58:21.355 WARN kycontroller::kymux_controller::server - Kynet accept failed: connection error: Endpoint closed
2026-09-15T20:58:21.355 WARN kycontroller::kymux_controller::server - Kynet accept failed: connection error: Endpoint closed
2026-09-15T20:58:21.355 WARN kycontroller::kymux_controller::server - Kynet accept failed: connection error: Endpoint closed
2026-09-15T20:58:21.355 WARN kycontroller::kymux_controller::server - Kynet accept failed: connection error: Endpoint closed
2026-09-15T20:58:21.355 WARN kycontroller::kymux_controller::server - Kynet accept failed: connection error: Endpoint closed
2026-09-15T20:58:21.355 WARN kycontroller::kymux_controller::server - Kynet accept failed: connection error: Endpoint closed
2026-09-15T20:58:21.355 WARN kycontroller::kymux_controller::server - Kynet accept failed: connection error: Endpoint closed
2026-09-15T20:58:21.355 WARN kycontroller::kymux_controller::server - Kynet accept failed: connection error: Endpoint closed
2026-09-15T20:58:21.355 WARN kycontroller::kymux_controller::server - Kynet accept failed: connection error: Endpoint closed
2026-09-15T20:58:21.355 WARN kycontroller::kymux_controller::server - Kynet accept failed: connection error: Endpoint closed
2026-09-15T20:58:21.355 WARN kycontroller::kymux_controller::server - Kynet accept failed: connection error: Endpoint closed
2026-09-15T20:58:21.355 WARN kycontroller::kymux_controller::server - Kynet accept failed: connection error: Endpoint closed
2026-09-15T20:58:21.355 WARN kycontroller::kymux_controller::server - Kynet accept failed: connection error: Endpoint closed
2026-09-15T20:58:21.355 WARN kycontroller::kymux_controller::server - Kynet accept failed: connection error: Endpoint closed
2026-09-15T20:58:21.355 WARN kycontroller::kymux_controller::server - Kynet accept failed: connection error: Endpoint closed
2026-09-15T20:58:21.355 WARN kycontroller::kymux_controller::server - Kynet accept failed: connection error: Endpoint closed
2026-09-15T20:58:21.355 WARN kycontroller::kymux_controller::server - Kynet accept failed: connection error: Endpoint closed
2026-09-15T20:58:21.355 WARN kycontroller::kymux_controller::server - Kynet accept failed: connection error: Endpoint closed
2026-09-15T20:58:21.356 WARN kycontroller::kymux_controller::server - Kynet accept failed: connection error: Endpoint closed
2026-09-15T20:58:21.356 WARN kycontroller::kymux_controller::server - Kynet accept failed: connection error: Endpoint closed
2026-09-15T20:58:21.356 WARN kycontroller::kymux_controller::server - Kynet accept failed: connection error: Endpoint closed
2026-09-15T20:58:21.356 WARN kycontroller::kymux_controller::server - Kynet accept failed: connection error: Endpoint closed
2026-09-15T20:58:21.356 WARN kycontroller::kymux_controller::server - Kynet accept failed: connection error: Endpoint closed
2026-09-15T20:58:21.356 WARN kycontroller::kymux_controller::server - Kynet accept failed: connection error: Endpoint closed
2026-09-15T20:58:21.356 WARN kycontroller::kymux_controller::server - Kynet accept failed: connection error: Endpoint closed
2026-09-15T20:58:21.356 WARN kycontroller::kymux_controller::server - Kynet accept failed: connection error: Endpoint closed
2026-09-15T20:58:21.356 WARN kycontroller::kymux_controller::server - Kynet accept failed: connection error: Endpoint closed
2026-09-15T20:58:21.356 WARN kycontroller::kymux_controller::server - Kynet accept failed: connection error: Endpoint closed
2026-09-15T20:58:21.356 WARN kycontroller::kymux_controller::server - Kynet accept failed: connection error: Endpoint closed
2026-09-15T20:58:21.356 WARN kycontroller::kymux_controller::server - Kynet accept failed: connection error: Endpoint closed
2026-09-15T20:58:21.356 WARN kycontroller::kymux_controller::server - Kynet accept failed: connection error: Endpoint closed
2026-09-15T20:58:21.356 WARN kycontroller::kymux_controller::server - Kynet accept failed: connection error: Endpoint closed
2026-09-15T20:58:21.356 WARN kycontroller::kymux_controller::server - Kynet accept failed: connection error: Endpoint closed
2026-09-15T20:58:21.356 WARN kycontroller::kymux_controller::server - Kynet accept failed: connection error: Endpoint closed
2026-09-15T20:58:21.356 WARN kycontroller::kymux_controller::server - Kynet accept failed: connection error: Endpoint closed
2026-09-15T20:58:21.356 WARN kycontroller::kymux_controller::server - Kynet accept failed: connection error: Endpoint closed
2026-09-15T20:58:21.356 WARN kycontroller::kymux_controller::server - Kynet accept failed: connection error: Endpoint closed
2026-09-15T20:58:21.356 WARN kycontroller::kymux_controller::server - Kynet accept failed: connection error: Endpoint closed
2026-09-15T20:58:21.356 WARN kycontroller::kymux_controller::server - Kynet accept failed: connection error: Endpoint closed
2026-09-15T20:58:21.356 WARN kycontroller::kymux_controller::server - Kynet accept failed: connection error: Endpoint closed
2026-09-15T20:58:21.356 WARN kycontroller::kymux_controller::server - Kynet accept failed: connection error: Endpoint closed
2026-09-15T20:58:21.356 WARN kycontroller::kymux_controller::server - Kynet accept failed: connection error: Endpoint closed
2026-09-15T20:58:21.356 WARN kycontroller::kymux_controller::server - Kynet accept failed: connection error: Endpoint closed
2026-09-15T20:58:21.356 WARN kycontroller::kymux_controller::server - Kynet accept failed: connection error: Endpoint closed
2026-09-15T20:58:21.356 WARN kycontroller::kymux_controller::server - Kynet accept failed: connection error: Endpoint closed
2026-09-15T20:58:21.356 WARN kycontroller::kymux_controller::server - Kynet accept failed: connection error: Endpoint closed
2026-09-15T20:58:21.356 WARN kycontroller::kymux_controller::server - Kynet accept failed: connection error: Endpoint closed
2026-09-15T20:58:21.356 WARN kycontroller::kymux_controller::server - Kynet accept failed: connection error: Endpoint closed
2026-09-15T20:58:21.356 WARN kycontroller::kymux_controller::server - Kynet accept failed: connection error: Endpoint closed
2026-09-15T20:58:21.356 WARN kycontroller::kymux_controller::server - Kynet accept failed: connection error: Endpoint closed
2026-09-15T20:58:21.356 WARN kycontroller::kymux_controller::server - Kynet accept failed: connection error: Endpoint closed
2026-09-15T20:58:21.356 WARN kycontroller::kymux_controller::server - Kynet accept failed: connection error: Endpoint closed
2026-09-15T20:58:21.356 WARN kycontroller::kymux_controller::server - Kynet accept failed: connection error: Endpoint closed
2026-09-15T20:58:21.356 WARN kycontroller::kymux_controller::server - Kynet accept failed: connection error: Endpoint closed
2026-09-15T20:58:21.356 WARN kycontroller::kymux_controller::server - Kynet accept failed: connection error: Endpoint closed
2026-09-15T20:58:21.356 WARN kycontroller::kymux_controller::server - Kynet accept failed: connection error: Endpoint closed
2026-09-15T20:58:21.356 WARN kycontroller::kymux_controller::server - Kynet accept failed: connection error: Endpoint closed
2026-09-15T20:58:21.356 WARN kycontroller::kymux_controller::server - Kynet accept failed: connection error: Endpoint closed
2026-09-15T20:58:21.356 WARN kycontroller::kymux_controller::server - Kynet accept failed: connection error: Endpoint closed
2026-09-15T20:58:21.356 WARN kycontroller::kymux_controller::server - Kynet accept failed: connection error: Endpoint closed
2026-09-15T20:58:21.356 WARN kycontroller::kymux_controller::server - Kynet accept failed: connection error: Endpoint closed
2026-09-15T20:58:21.356 WARN kycontroller::kymux_controller::server - Kynet accept failed: connection error: Endpoint closed
2026-09-15T20:58:21.356 WARN kycontroller::kymux_controller::server - Kynet accept failed: connection error: Endpoint closed
2026-09-15T20:58:21.356 WARN kycontroller::kymux_controller::server - Kynet accept failed: connection error: Endpoint closed
2026-09-15T20:58:21.356 WARN kycontroller::kymux_controller::server - Kynet accept failed: connection error: Endpoint closed
2026-09-15T20:58:21.356 WARN kycontroller::kymux_controller::server - Kynet accept failed: connection error: Endpoint closed
2026-09-15T20:58:21.356 WARN kycontroller::kymux_controller::server - Kynet accept failed: connection error: Endpoint closed
2026-09-15T20:58:21.356 WARN kycontroller::kymux_controller::server - Kynet accept failed: connection error: Endpoint closed
2026-09-15T20:58:21.356 WARN kycontroller::kymux_controller::server - Kynet accept failed: connection error: Endpoint closed
2026-09-15T20:58:21.356 WARN kycontroller::kymux_controller::server - Kynet accept failed: connection error: Endpoint closed
2026-09-15T20:58:21.356 WARN kycontroller::kymux_controller::server - Kynet accept failed: connection error: Endpoint closed
2026-09-15T20:58:21.356 WARN kycontroller::kymux_controller::server - Kynet accept failed: connection error: Endpoint closed
2026-09-15T20:58:21.356 WARN kycontroller::kymux_controller::server - Kynet accept failed: connection error: Endpoint closed
2026-09-15T20:58:21.356 WARN kycontroller::kymux_controller::server - Kynet accept failed: connection error: Endpoint closed
2026-09-15T20:58:21.356 WARN kycontroller::kymux_controller::server - Kynet accept failed: connection error: Endpoint closed
2026-09-15T20:58:21.356 WARN kycontroller::kymux_controller::server - Kynet accept failed: connection error: Endpoint closed
2026-09-15T20:58:21.356 WARN kycontroller::kymux_controller::server - Kynet accept failed: connection error: Endpoint closed
2026-09-15T20:58:21.356 WARN kycontroller::kymux_controller::server - Kynet accept failed: connection error: Endpoint closed
2026-09-15T20:58:21.356 WARN kycontroller::kymux_controller::server - Kynet accept failed: connection error: Endpoint closed
2026-09-15T20:58:21.356 WARN kycontroller::kymux_controller::server - Kynet accept failed: connection error: Endpoint closed
2026-09-15T20:58:21.356 WARN kycontroller::kymux_controller::server - Kynet accept failed: connection error: Endpoint closed
2026-09-15T20:58:21.356 WARN kycontroller::kymux_controller::server - Kynet accept failed: connection error: Endpoint closed
2026-09-15T20:58:21.356 WARN kycontroller::kymux_controller::server - Kynet accept failed: connection error: Endpoint closed
2026-09-15T20:58:21.356 WARN kycontroller::kymux_controller::server - Kynet accept failed: connection error: Endpoint closed
2026-09-15T20:58:21.356 WARN kycontroller::kymux_controller::server - Kynet accept failed: connection error: Endpoint closed
2026-09-15T20:58:21.356 WARN kycontroller::kymux_controller::server - Kynet accept failed: connection error: Endpoint closed
2026-09-15T20:58:21.356 WARN kycontroller::kymux_controller::server - Kynet accept failed: connection error: Endpoint closed
2026-09-15T20:58:21.356 WARN kycontroller::kymux_controller::server - Kynet accept failed: connection error: Endpoint closed
2026-09-15T20:58:21.356 WARN kycontroller::kymux_controller::server - Kynet accept failed: connection error: Endpoint closed
2026-09-15T20:58:21.356 WARN kycontroller::kymux_controller::server - Kynet accept failed: connection error: Endpoint closed
2026-09-15T20:58:21.356 WARN kycontroller::kymux_controller::server - Kynet accept failed: connection error: Endpoint closed
2026-09-15T20:58:21.356 WARN kycontroller::kymux_controller::server - Kynet accept failed: connection error: Endpoint closed
2026-09-15T20:58:21.356 WARN kycontroller::kymux_controller::server - Kynet accept failed: connection error: Endpoint closed
2026-09-15T20:58:21.356 WARN kycontroller::kymux_controller::server - Kynet accept failed: connection error: Endpoint closed
2026-09-15T20:58:21.356 WARN kycontroller::kymux_controller::server - Kynet accept failed: connection error: Endpoint closed
2026-09-15T20:58:21.356 WARN kycontroller::kymux_controller::server - Kynet accept failed: connection error: Endpoint closed
2026-09-15T20:58:21.356 WARN kycontroller::kymux_controller::server - Kynet accept failed: connection error: Endpoint closed
2026-09-15T20:58:21.356 WARN kycontroller::kymux_controller::server - Kynet accept failed: connection error: Endpoint closed
2026-09-15T20:58:21.356 WARN kycontroller::kymux_controller::server - Kynet accept failed: connection error: Endpoint closed
2026-09-15T20:58:21.356 WARN kycontroller::kymux_controller::server - Kynet accept failed: connection error: Endpoint closed
2026-09-15T20:58:21.356 WARN kycontroller::kymux_controller::server - Kynet accept failed: connection error: Endpoint closed
2026-09-15T20:58:21.356 WARN kycontroller::kymux_controller::server - Kynet accept failed: connection error: Endpoint closed
2026-09-15T20:58:21.356 WARN kycontroller::kymux_controller::server - Kynet accept failed: connection error: Endpoint closed
2026-09-15T20:58:21.356 WARN kycontroller::kymux_controller::server - Kynet accept failed: connection error: Endpoint closed
2026-09-15T20:58:21.356 WARN kycontroller::kymux_controller::server - Kynet accept failed: connection error: Endpoint closed
2026-09-15T20:58:21.356 WARN kycontroller::kymux_controller::server - Kynet accept failed: connection error: Endpoint closed
2026-09-15T20:58:21.356 WARN kycontroller::kymux_controller::server - Kynet accept failed: connection error: Endpoint closed
2026-09-15T20:58:21.356 WARN kycontroller::kymux_controller::server - Kynet accept failed: connection error: Endpoint closed
2026-09-15T20:58:21.356 WARN kycontroller::kymux_controller::server - Kynet accept failed: connection error: Endpoint closed
2026-09-15T20:58:21.356 WARN kycontroller::kymux_controller::server - Kynet accept failed: connection error: Endpoint closed
2026-09-15T20:58:21.356 WARN kycontroller::kymux_controller::server - Kynet accept failed: connection error: Endpoint closed
2026-09-15T20:58:21.356 WARN kycontroller::kymux_controller::server - Kynet accept failed: connection error: Endpoint closed
2026-09-15T20:58:21.356 WARN kycontroller::kymux_controller::server - Kynet accept failed: connection error: Endpoint closed
2026-09-15T20:58:21.356 WARN kycontroller::kymux_controller::server - Kynet accept failed: connection error: Endpoint closed
2026-09-15T20:58:21.356 WARN kycontroller::kymux_controller::server - Kynet accept failed: connection error: Endpoint closed
2026-09-15T20:58:21.356 WARN kycontroller::kymux_controller::server - Kynet accept failed: connection error: Endpoint closed
2026-09-15T20:58:21.356 WARN kycontroller::kymux_controller::server - Kynet accept failed: connection error: Endpoint closed
2026-09-15T20:58:21.356 WARN kycontroller::kymux_controller::server - Kynet accept failed: connection error: Endpoint closed
2026-09-15T20:58:21.356 WARN kycontroller::kymux_controller::server - Kynet accept failed: connection error: Endpoint closed
2026-09-15T20:58:21.356 WARN kycontroller::kymux_controller::server - Kynet accept failed: connection error: Endpoint closed
2026-09-15T20:58:21.356 WARN kycontroller::kymux_controller::server - Kynet accept failed: connection error: Endpoint closed
2026-09-15T20:58:21.356 WARN kycontroller::kymux_controller::server - Kynet accept failed: connection error: Endpoint closed
2026-09-15T20:58:21.356 WARN kycontroller::kymux_controller::server - Kynet accept failed: connection error: Endpoint closed
2026-09-15T20:58:21.356 WARN kycontroller::kymux_controller::server - Kynet accept failed: connection error: Endpoint closed
2026-09-15T20:58:21.356 WARN kycontroller::kymux_controller::server - Kynet accept failed: connection error: Endpoint closed
2026-09-15T20:58:21.356 WARN kycontroller::kymux_controller::server - Kynet accept failed: connection error: Endpoint closed
2026-09-15T20:58:21.356 WARN kycontroller::kymux_controller::server - Kynet accept failed: connection error: Endpoint closed
2026-09-15T20:58:21.356 WARN kycontroller::kymux_controller::server - Kynet accept failed: connection error: Endpoint closed
2026-09-15T20:58:21.356 WARN kycontroller::kymux_controller::server - Kynet accept failed: connection error: Endpoint closed
2026-09-15T20:58:21.356 WARN kycontroller::kymux_controller::server - Kynet accept failed: connection error: Endpoint closed
2026-09-15T20:58:21.356 WARN kycontroller::kymux_controller::server - Kynet accept failed: connection error: Endpoint closed
2026-09-15T20:58:21.356 WARN kycontroller::kymux_controller::server - Kynet accept failed: connection error: Endpoint closed
2026-09-15T20:58:21.356 WARN kycontroller::kymux_controller::server - Kynet accept failed: connection error: Endpoint closed
2026-09-15T20:58:21.356 WARN kycontroller::kymux_controller::server - Kynet accept failed: connection error: Endpoint closed
2026-09-15T20:58:21.357 WARN kycontroller::kymux_controller::server - Kynet accept failed: connection error: Endpoint closed
2026-09-15T20:58:21.357 WARN kycontroller::kymux_controller::server - Kynet accept failed: connection error: Endpoint closed
2026-09-15T20:58:21.357 WARN kycontroller::kymux_controller::server - Kynet accept failed: connection error: Endpoint closed
2026-09-15T20:58:21.357 WARN kycontroller::kymux_controller::server - Kynet accept failed: connection error: Endpoint closed
2026-09-15T20:58:21.357 WARN kycontroller::kymux_controller::server - Kynet accept failed: connection error: Endpoint closed
2026-09-15T20:58:21.357 WARN kycontroller::kymux_controller::server - Kynet accept failed: connection error: Endpoint closed
2026-09-15T20:58:21.357 WARN kycontroller::kymux_controller::server - Kynet accept failed: connection error: Endpoint closed
2026-09-15T20:58:21.357 WARN kycontroller::kymux_controller::server - Kynet accept failed: connection error: Endpoint closed
2026-09-15T20:58:21.357 WARN kycontroller::kymux_controller::server - Kynet accept failed: connection error: Endpoint closed
2026-09-15T20:58:21.357 WARN kycontroller::kymux_controller::server - Kynet accept failed: connection error: Endpoint closed
2026-09-15T20:58:21.357 WARN kycontroller::kymux_controller::server - Kynet accept failed: connection error: Endpoint closed
2026-09-15T20:58:21.357 WARN kycontroller::kymux_controller::server - Kynet accept failed: connection error: Endpoint closed
2026-09-15T20:58:21.357 WARN kycontroller::kymux_controller::server - Kynet accept failed: connection error: Endpoint closed
2026-09-15T20:58:21.357 WARN kycontroller::kymux_controller::server - Kynet accept failed: connection error: Endpoint closed
2026-09-15T20:58:21.357 WARN kycontroller::kymux_controller::server - Kynet accept failed: connection error: Endpoint closed
2026-09-15T20:58:21.357 WARN kycontroller::kymux_controller::server - Kynet accept failed: connection error: Endpoint closed
2026-09-15T20:58:21.357 WARN kycontroller::kymux_controller::server - Kynet accept failed: connection error: Endpoint closed
2026-09-15T20:58:21.357 WARN kycontroller::kymux_controller::server - Kynet accept failed: connection error: Endpoint closed
2026-09-15T20:58:21.357 WARN kycontroller::kymux_controller::server - Kynet accept failed: connection error: Endpoint closed
2026-09-15T20:58:21.357 WARN kycontroller::kymux_controller::server - Kynet accept failed: connection error: Endpoint closed
2026-09-15T20:58:21.357 WARN kycontroller::kymux_controller::server - Kynet accept failed: connection error: Endpoint closed
2026-09-15T20:58:21.357 WARN kycontroller::kymux_controller::server - Kynet accept failed: connection error: Endpoint closed
2026-09-15T20:58:21.357 WARN kycontroller::kymux_controller::server - Kynet accept failed: connection error: Endpoint closed
2026-09-15T20:58:21.357 WARN kycontroller::kymux_controller::server - Kynet accept failed: connection error: Endpoint closed
2026-09-15T20:58:21.357 WARN kycontroller::kymux_controller::server - Kynet accept failed: connection error: Endpoint closed
2026-09-15T20:58:21.357 WARN kycontroller::kymux_controller::server - Kynet accept failed: connection error: Endpoint closed
2026-09-15T20:58:21.357 WARN kycontroller::kymux_controller::server - Kynet accept failed: connection error: Endpoint closed
2026-09-15T20:58:21.357 WARN kycontroller::kymux_controller::server - Kynet accept failed: connection error: Endpoint closed
2026-09-15T20:58:21.357 WARN kycontroller::kymux_controller::server - Kynet accept failed: connection error: Endpoint closed
2026-09-15T20:58:21.357 WARN kycontroller::kymux_controller::server - Kynet accept failed: connection error: Endpoint closed
2026-09-15T20:58:21.357 WARN kycontroller::kymux_controller::server - Kynet accept failed: connection error: Endpoint closed
2026-09-15T20:58:21.357 WARN kycontroller::kymux_controller::server - Kynet accept failed: connection error: Endpoint closed
2026-09-15T20:58:21.357 WARN kycontroller::kymux_controller::server - Kynet accept failed: connection error: Endpoint closed
2026-09-15T20:58:21.357 WARN kycontroller::kymux_controller::server - Kynet accept failed: connection error: Endpoint closed
2026-09-15T20:58:21.357 WARN kycontroller::kymux_controller::server - Kynet accept failed: connection error: Endpoint closed
2026-09-15T20:58:21.357 WARN kycontroller::kymux_controller::server - Kynet accept failed: connection error: Endpoint closed
2026-09-15T20:58:21.357 WARN kycontroller::kymux_controller::server - Kynet accept failed: connection error: Endpoint closed
2026-09-15T20:58:21.357 WARN kycontroller::kymux_controller::server - Kynet accept failed: connection error: Endpoint closed
2026-09-15T20:58:21.357 WARN kycontroller::kymux_controller::server - Kynet accept failed: connection error: Endpoint closed
2026-09-15T20:58:21.357 WARN kycontroller::kymux_controller::server - Kynet accept failed: connection error: Endpoint closed
2026-09-15T20:58:21.357 WARN kycontroller::kymux_controller::server - Kynet accept failed: connection error: Endpoint closed
2026-09-15T20:58:21.357 WARN kycontroller::kymux_controller::server - Kynet accept failed: connection error: Endpoint closed
2026-09-15T20:58:21.357 WARN kycontroller::kymux_controller::server - Kynet accept failed: connection error: Endpoint closed
2026-09-15T20:58:21.357 WARN kycontroller::kymux_controller::server - Kynet accept failed: connection error: Endpoint closed
2026-09-15T20:58:21.357 WARN kycontroller::kymux_controller::server - Kynet accept failed: connection error: Endpoint closed
2026-09-15T20:58:21.357 WARN kycontroller::kymux_controller::server - Kynet accept failed: connection error: Endpoint closed
2026-09-15T20:58:21.357 WARN kycontroller::kymux_controller::server - Kynet accept failed: connection error: Endpoint closed
2026-09-15T20:58:21.357 WARN kycontroller::kymux_controller::server - Kynet accept failed: connection error: Endpoint closed
2026-09-15T20:58:21.357 WARN kycontroller::kymux_controller::server - Kynet accept failed: connection error: Endpoint closed
2026-09-15T20:58:21.357 WARN kycontroller::kymux_controller::server - Kynet accept failed: connection error: Endpoint closed
2026-09-15T20:58:21.357 WARN kycontroller::kymux_controller::server - Kynet accept failed: connection error: Endpoint closed
2026-09-15T20:58:21.357 WARN kycontroller::kymux_controller::server - Kynet accept failed: connection error: Endpoint closed
2026-09-15T20:58:21.357 WARN kycontroller::kymux_controller::server - Kynet accept failed: connection error: Endpoint closed
2026-09-15T20:58:21.357 WARN kycontroller::kymux_controller::server - Kynet accept failed: connection error: Endpoint closed
2026-09-15T20:58:21.357 WARN kycontroller::kymux_controller::server - Kynet accept failed: connection error: Endpoint closed
2026-09-15T20:58:21.357 WARN kycontroller::kymux_controller::server - Kynet accept failed: connection error: Endpoint closed
2026-09-15T20:58:21.357 WARN kycontroller::kymux_controller::server - Kynet accept failed: connection error: Endpoint closed
2026-09-15T20:58:21.357 WARN kycontroller::kymux_controller::server - Kynet accept failed: connection error: Endpoint closed
2026-09-15T20:58:21.357 WARN kycontroller::kymux_controller::server - Kynet accept failed: connection error: Endpoint closed
2026-09-15T20:58:21.357 WARN kycontroller::kymux_controller::server - Kynet accept failed: connection error: Endpoint closed
2026-09-15T20:58:21.357 WARN kycontroller::kymux_controller::server - Kynet accept failed: connection error: Endpoint closed
2026-09-15T20:58:21.357 WARN kycontroller::kymux_controller::server - Kynet accept failed: connection error: Endpoint closed
2026-09-15T20:58:21.357 WARN kycontroller::kymux_controller::server - Kynet accept failed: connection error: Endpoint closed
2026-09-15T20:58:21.357 WARN kycontroller::kymux_controller::server - Kynet accept failed: connection error: Endpoint closed
2026-09-15T20:58:21.357 WARN kycontroller::kymux_controller::server - Kynet accept failed: connection error: Endpoint closed
2026-09-15T20:58:21.357 WARN kycontroller::kymux_controller::server - Kynet accept failed: connection error: Endpoint closed
2026-09-15T20:58:21.357 WARN kycontroller::kymux_controller::server - Kynet accept failed: connection error: Endpoint closed
2026-09-15T20:58:21.357 WARN kycontroller::kymux_controller::server - Kynet accept failed: connection error: Endpoint closed
2026-09-15T20:58:21.357 WARN kycontroller::kymux_controller::server - Kynet accept failed: connection error: Endpoint closed
2026-09-15T20:58:21.357 WARN kycontroller::kymux_controller::server - Kynet accept failed: connection error: Endpoint closed
2026-09-15T20:58:21.357 WARN kycontroller::kymux_controller::server - Kynet accept failed: connection error: Endpoint closed
2026-09-15T20:58:21.357 WARN kycontroller::kymux_controller::server - Kynet accept failed: connection error: Endpoint closed
2026-09-15T20:58:21.357 WARN kycontroller::kymux_controller::server - Kynet accept failed: connection error: Endpoint closed
2026-09-15T20:58:21.357 WARN kycontroller::kymux_controller::server - Kynet accept failed: connection error: Endpoint closed
2026-09-15T20:58:21.357 WARN kycontroller::kymux_controller::server - Kynet accept failed: connection error: Endpoint closed
2026-09-15T20:58:21.357 WARN kycontroller::kymux_controller::server - Kynet accept failed: connection error: Endpoint closed
2026-09-15T20:58:21.357 WARN kycontroller::kymux_controller::server - Kynet accept failed: connection error: Endpoint closed
2026-09-15T20:58:21.357 WARN kycontroller::kymux_controller::server - Kynet accept failed: connection error: Endpoint closed
2026-09-15T20:58:21.357 WARN kycontroller::kymux_controller::server - Kynet accept failed: connection error: Endpoint closed
2026-09-15T20:58:21.357 WARN kycontroller::kymux_controller::server - Kynet accept failed: connection error: Endpoint closed
2026-09-15T20:58:21.357 WARN kycontroller::kymux_controller::server - Kynet accept failed: connection error: Endpoint closed
2026-09-15T20:58:21.357 WARN kycontroller::kymux_controller::server - Kynet accept failed: connection error: Endpoint closed
2026-09-15T20:58:21.357 WARN kycontroller::kymux_controller::server - Kynet accept failed: connection error: Endpoint closed
2026-09-15T20:58:21.357 WARN kycontroller::kymux_controller::server - Kynet accept failed: connection error: Endpoint closed
2026-09-15T20:58:21.357 WARN kycontroller::kymux_controller::server - Kynet accept failed: connection error: Endpoint closed
2026-09-15T20:58:21.357 WARN kycontroller::kymux_controller::server - Kynet accept failed: connection error: Endpoint closed
2026-09-15T20:58:21.357 WARN kycontroller::kymux_controller::server - Kynet accept failed: connection error: Endpoint closed
2026-09-15T20:58:21.357 WARN kycontroller::kymux_controller::server - Kynet accept failed: connection error: Endpoint closed
2026-09-15T20:58:21.357 WARN kycontroller::kymux_controller::server - Kynet accept failed: connection error: Endpoint closed
2026-09-15T20:58:21.357 WARN kycontroller::kymux_controller::server - Kynet accept failed: connection error: Endpoint closed
2026-09-15T20:58:21.357 WARN kycontroller::kymux_controller::server - Kynet accept failed: connection error: Endpoint closed
2026-09-15T20:58:21.357 WARN kycontroller::kymux_controller::server - Kynet accept failed: connection error: Endpoint closed
2026-09-15T20:58:21.357 WARN kycontroller::kymux_controller::server - Kynet accept failed: connection error: Endpoint closed
2026-09-15T20:58:21.357 WARN kycontroller::kymux_controller::server - Kynet accept failed: connection error: Endpoint closed
2026-09-15T20:58:21.357 WARN kycontroller::kymux_controller::server - Kynet accept failed: connection error: Endpoint closed
2026-09-15T20:58:21.357 WARN kycontroller::kymux_controller::server - Kynet accept failed: connection error: Endpoint closed
2026-09-15T20:58:21.357 WARN kycontroller::kymux_controller::server - Kynet accept failed: connection error: Endpoint closed
2026-09-15T20:58:21.357 WARN kycontroller::kymux_controller::server - Kynet accept failed: connection error: Endpoint closed
2026-09-15T20:58:21.357 WARN kycontroller::kymux_controller::server - Kynet accept failed: connection error: Endpoint closed
2026-09-15T20:58:21.357 WARN kycontroller::kymux_controller::server - Kynet accept failed: connection error: Endpoint closed
2026-09-15T20:58:21.357 WARN kycontroller::kymux_controller::server - Kynet accept failed: connection error: Endpoint closed
2026-09-15T20:58:21.357 WARN kycontroller::kymux_controller::server - Kynet accept failed: connection error: Endpoint closed
2026-09-15T20:58:21.357 WARN kycontroller::kymux_controller::server - Kynet accept failed: connection error: Endpoint closed
2026-09-15T20:58:21.357 WARN kycontroller::kymux_controller::server - Kynet accept failed: connection error: Endpoint closed
2026-09-15T20:58:21.357 WARN kycontroller::kymux_controller::server - Kynet accept failed: connection error: Endpoint closed
2026-09-15T20:58:21.357 WARN kycontroller::kymux_controller::server - Kynet accept failed: connection error: Endpoint closed
2026-09-15T20:58:21.357 WARN kycontroller::kymux_controller::server - Kynet accept failed: connection error: Endpoint closed
2026-09-15T20:58:21.357 WARN kycontroller::kymux_controller::server - Kynet accept failed: connection error: Endpoint closed
2026-09-15T20:58:21.357 WARN kycontroller::kymux_controller::server - Kynet accept failed: connection error: Endpoint closed
2026-09-15T20:58:21.357 WARN kycontroller::kymux_controller::server - Kynet accept failed: connection error: Endpoint closed
2026-09-15T20:58:21.357 WARN kycontroller::kymux_controller::server - Kynet accept failed: connection error: Endpoint closed
2026-09-15T20:58:21.357 WARN kycontroller::kymux_controller::server - Kynet accept failed: connection error: Endpoint closed
2026-09-15T20:58:21.358 WARN kycontroller::kymux_controller::server - Kynet accept failed: connection error: Endpoint closed
2026-09-15T20:58:21.358 WARN kycontroller::kymux_controller::server - Kynet accept failed: connection error: Endpoint closed
2026-09-15T20:58:21.358 WARN kycontroller::kymux_controller::server - Kynet accept failed: connection error: Endpoint closed
2026-09-15T20:58:21.358 WARN kycontroller::kymux_controller::server - Kynet accept failed: connection error: Endpoint closed
2026-09-15T20:58:21.358 WARN kycontroller::kymux_controller::server - Kynet accept failed: connection error: Endpoint closed
2026-09-15T20:58:21.358 WARN kycontroller::kymux_controller::server - Kynet accept failed: connection error: Endpoint closed
2026-09-15T20:58:21.358 WARN kycontroller::kymux_controller::server - Kynet accept failed: connection error: Endpoint closed
2026-09-15T20:58:21.358 WARN kycontroller::kymux_controller::server - Kynet accept failed: connection error: Endpoint closed
2026-09-15T20:58:21.358 WARN kycontroller::kymux_controller::server - Kynet accept failed: connection error: Endpoint closed
2026-09-15T20:58:21.358 WARN kycontroller::kymux_controller::server - Kynet accept failed: connection error: Endpoint closed
2026-09-15T20:58:21.358 WARN kycontroller::kymux_controller::server - Kynet accept failed: connection error: Endpoint closed
2026-09-15T20:58:21.358 WARN kycontroller::kymux_controller::server - Kynet accept failed: connection error: Endpoint closed
2026-09-15T20:58:21.358 WARN kycontroller::kymux_controller::server - Kynet accept failed: connection error: Endpoint closed
2026-09-15T20:58:21.358 WARN kycontroller::kymux_controller::server - Kynet accept failed: connection error: Endpoint closed
2026-09-15T20:58:21.358 WARN kycontroller::kymux_controller::server - Kynet accept failed: connection error: Endpoint closed
2026-09-15T20:58:21.358 WARN kycontroller::kymux_controller::server - Kynet accept failed: connection error: Endpoint closed
2026-09-15T20:58:21.358 WARN kycontroller::kymux_controller::server - Kynet accept failed: connection error: Endpoint closed
2026-09-15T20:58:21.358 WARN kycontroller::kymux_controller::server - Kynet accept failed: connection error: Endpoint closed
2026-09-15T20:58:21.358 WARN kycontroller::kymux_controller::server - Kynet accept failed: connection error: Endpoint closed
2026-09-15T20:58:21.358 WARN kycontroller::kymux_controller::server - Kynet accept failed: connection error: Endpoint closed
2026-09-15T20:58:21.358 WARN kycontroller::kymux_controller::server - Kynet accept failed: connection error: Endpoint closed
2026-09-15T20:58:21.358 WARN kycontroller::kymux_controller::server - Kynet accept failed: connection error: Endpoint closed
2026-09-15T20:58:21.358 WARN kycontroller::kymux_controller::server - Kynet accept failed: connection error: Endpoint closed
2026-09-15T20:58:21.358 WARN kycontroller::kymux_controller::server - Kynet accept failed: connection error: Endpoint closed
2026-09-15T20:58:21.358 WARN kycontroller::kymux_controller::server - Kynet accept failed: connection error: Endpoint closed
2026-09-15T20:58:21.358 WARN kycontroller::kymux_controller::server - Kynet accept failed: connection error: Endpoint closed
2026-09-15T20:58:21.358 WARN kycontroller::kymux_controller::server - Kynet accept failed: connection error: Endpoint closed
2026-09-15T20:58:21.358 WARN kycontroller::kymux_controller::server - Kynet accept failed: connection error: Endpoint closed
2026-09-15T20:58:21.358 WARN kycontroller::kymux_controller::server - Kynet accept failed: connection error: Endpoint closed
2026-09-15T20:58:21.358 WARN kycontroller::kymux_controller::server - Kynet accept failed: connection error: Endpoint closed
2026-09-15T20:58:21.358 WARN kycontroller::kymux_controller::server - Kynet accept failed: connection error: Endpoint closed
2026-09-15T20:58:21.358 WARN kycontroller::kymux_controller::server - Kynet accept failed: connection error: Endpoint closed
2026-09-15T20:58:21.358 WARN kycontroller::kymux_controller::server - Kynet accept failed: connection error: Endpoint closed
2026-09-15T20:58:21.358 WARN kycontroller::kymux_controller::server - Kynet accept failed: connection error: Endpoint closed
2026-09-15T20:58:21.358 WARN kycontroller::kymux_controller::server - Kynet accept failed: connection error: Endpoint closed
2026-09-15T20:58:21.358 WARN kycontroller::kymux_controller::server - Kynet accept failed: connection error: Endpoint closed
2026-09-15T20:58:21.358 WARN kycontroller::kymux_controller::server - Kynet accept failed: connection error: Endpoint closed
2026-09-15T20:58:21.358 WARN kycontroller::kymux_controller::server - Kynet accept failed: connection error: Endpoint closed
2026-09-15T20:58:21.358 WARN kycontroller::kymux_controller::server - Kynet accept failed: connection error: Endpoint closed
2026-09-15T20:58:21.358 WARN kycontroller::kymux_controller::server - Kynet accept failed: connection error: Endpoint closed
2026-09-15T20:58:21.358 WARN kycontroller::kymux_controller::server - Kynet accept failed: connection error: Endpoint closed
2026-09-15T20:58:21.358 WARN kycontroller::kymux_controller::server - Kynet accept failed: connection error: Endpoint closed
2026-09-15T20:58:21.358 WARN kycontroller::kymux_controller::server - Kynet accept failed: connection error: Endpoint closed
2026-09-15T20:58:21.358 WARN kycontroller::kymux_controller::server - Kynet accept failed: connection error: Endpoint closed
2026-09-15T20:58:21.358 WARN kycontroller::kymux_controller::server - Kynet accept failed: connection error: Endpoint closed
2026-09-15T20:58:21.358 WARN kycontroller::kymux_controller::server - Kynet accept failed: connection error: Endpoint closed
2026-09-15T20:58:21.358 WARN kycontroller::kymux_controller::server - Kynet accept failed: connection error: Endpoint closed
2026-09-15T20:58:21.358 WARN kycontroller::kymux_controller::server - Kynet accept failed: connection error: Endpoint closed
2026-09-15T20:58:21.358 WARN kycontroller::kymux_controller::server - Kynet accept failed: connection error: Endpoint closed
2026-09-15T20:58:21.358 WARN kycontroller::kymux_controller::server - Kynet accept failed: connection error: Endpoint closed
2026-09-15T20:58:21.358 WARN kycontroller::kymux_controller::server - Kynet accept failed: connection error: Endpoint closed
2026-09-15T20:58:21.358 WARN kycontroller::kymux_controller::server - Kynet accept failed: connection error: Endpoint closed
2026-09-15T20:58:21.358 WARN kycontroller::kymux_controller::server - Kynet accept failed: connection error: Endpoint closed
2026-09-15T20:58:21.358 WARN kycontroller::kymux_controller::server - Kynet accept failed: connection error: Endpoint closed
2026-09-15T20:58:21.358 WARN kycontroller::kymux_controller::server - Kynet accept failed: connection error: Endpoint closed
2026-09-15T20:58:21.358 WARN kycontroller::kymux_controller::server - Kynet accept failed: connection error: Endpoint closed
2026-09-15T20:58:21.358 WARN kycontroller::kymux_controller::server - Kynet accept failed: connection error: Endpoint closed
2026-09-15T20:58:21.358 WARN kycontroller::kymux_controller::server - Kynet accept failed: connection error: Endpoint closed
2026-09-15T20:58:21.358 WARN kycontroller::kymux_controller::server - Kynet accept failed: connection error: Endpoint closed
2026-09-15T20:58:21.358 WARN kycontroller::kymux_controller::server - Kynet accept failed: connection error: Endpoint closed
2026-09-15T20:58:21.358 WARN kycontroller::kymux_controller::server - Kynet accept failed: connection error: Endpoint closed
2026-09-15T20:58:21.358 WARN kycontroller::kymux_controller::server - Kynet accept failed: connection error: Endpoint closed
2026-09-15T20:58:21.358 WARN kycontroller::kymux_controller::server - Kynet accept failed: connection error: Endpoint closed
2026-09-15T20:58:21.358 WARN kycontroller::kymux_controller::server - Kynet accept failed: connection error: Endpoint closed
2026-09-15T20:58:21.358 WARN kycontroller::kymux_controller::server - Kynet accept failed: connection error: Endpoint closed
2026-09-15T20:58:21.358 WARN kycontroller::kymux_controller::server - Kynet accept failed: connection error: Endpoint closed
2026-09-15T20:58:21.358 WARN kycontroller::kymux_controller::server - Kynet accept failed: connection error: Endpoint closed
2026-09-15T20:58:21.358 WARN kycontroller::kymux_controller::server - Kynet accept failed: connection error: Endpoint closed
2026-09-15T20:58:21.358 WARN kycontroller::kymux_controller::server - Kynet accept failed: connection error: Endpoint closed
2026-09-15T20:58:21.358 WARN kycontroller::kymux_controller::server - Kynet accept failed: connection error: Endpoint closed
2026-09-15T20:58:21.358 WARN kycontroller::kymux_controller::server - Kynet accept failed: connection error: Endpoint closed
2026-09-15T20:58:21.358 WARN kycontroller::kymux_controller::server - Kynet accept failed: connection error: Endpoint closed
2026-09-15T20:58:21.358 WARN kycontroller::kymux_controller::server - Kynet accept failed: connection error: Endpoint closed
2026-09-15T20:58:21.358 WARN kycontroller::kymux_controller::server - Kynet accept failed: connection error: Endpoint closed
2026-09-15T20:58:21.358 WARN kycontroller::kymux_controller::server - Kynet accept failed: connection error: Endpoint closed
2026-09-15T20:58:21.358 WARN kycontroller::kymux_controller::server - Kynet accept failed: connection error: Endpoint closed
2026-09-15T20:58:21.358 WARN kycontroller::kymux_controller::server - Kynet accept failed: connection error: Endpoint closed
2026-09-15T20:58:21.358 WARN kycontroller::kymux_controller::server - Kynet accept failed: connection error: Endpoint closed
2026-09-15T20:58:21.358 WARN kycontroller::kymux_controller::server - Kynet accept failed: connection error: Endpoint closed
2026-09-15T20:58:21.358 WARN kycontroller::kymux_controller::server - Kynet accept failed: connection error: Endpoint closed
2026-09-15T20:58:21.358 WARN kycontroller::kymux_controller::server - Kynet accept failed: connection error: Endpoint closed
2026-09-15T20:58:21.358 WARN kycontroller::kymux_controller::server - Kynet accept failed: connection error: Endpoint closed
2026-09-15T20:58:21.358 WARN kycontroller::kymux_controller::server - Kynet accept failed: connection error: Endpoint closed
2026-09-15T20:58:21.358 WARN kycontroller::kymux_controller::server - Kynet accept failed: connection error: Endpoint closed
2026-09-15T20:58:21.358 WARN kycontroller::kymux_controller::server - Kynet accept failed: connection error: Endpoint closed
2026-09-15T20:58:21.358 WARN kycontroller::kymux_controller::server - Kynet accept failed: connection error: Endpoint closed
2026-09-15T20:58:21.358 WARN kycontroller::kymux_controller::server - Kynet accept failed: connection error: Endpoint closed
2026-09-15T20:58:21.358 WARN kycontroller::kymux_controller::server - Kynet accept failed: connection error: Endpoint closed
2026-09-15T20:58:21.358 WARN kycontroller::kymux_controller::server - Kynet accept failed: connection error: Endpoint closed
2026-09-15T20:58:21.358 WARN kycontroller::kymux_controller::server - Kynet accept failed: connection error: Endpoint closed
2026-09-15T20:58:21.358 WARN kycontroller::kymux_controller::server - Kynet accept failed: connection error: Endpoint closed
2026-09-15T20:58:21.358 WARN kycontroller::kymux_controller::server - Kynet accept failed: connection error: Endpoint closed
2026-09-15T20:58:21.358 WARN kycontroller::kymux_controller::server - Kynet accept failed: connection error: Endpoint closed
2026-09-15T20:58:21.358 WARN kycontroller::kymux_controller::server - Kynet accept failed: connection error: Endpoint closed
2026-09-15T20:58:21.358 WARN kycontroller::kymux_controller::server - Kynet accept failed: connection error: Endpoint closed
2026-09-15T20:58:21.358 WARN kycontroller::kymux_controller::server - Kynet accept failed: connection error: Endpoint closed
2026-09-15T20:58:21.358 WARN kycontroller::kymux_controller::server - Kynet accept failed: connection error: Endpoint closed
2026-09-15T20:58:21.358 WARN kycontroller::kymux_controller::server - Kynet accept failed: connection error: Endpoint closed
2026-09-15T20:58:21.358 WARN kycontroller::kymux_controller::server - Kynet accept failed: connection error: Endpoint closed
2026-09-15T20:58:21.358 WARN kycontroller::kymux_controller::server - Kynet accept failed: connection error: Endpoint closed
2026-09-15T20:58:21.358 WARN kycontroller::kymux_controller::server - Kynet accept failed: connection error: Endpoint closed
2026-09-15T20:58:21.358 WARN kycontroller::kymux_controller::server - Kynet accept failed: connection error: Endpoint closed
2026-09-15T20:58:21.358 WARN kycontroller::kymux_controller::server - Kynet accept failed: connection error: Endpoint closed
2026-09-15T20:58:21.358 WARN kycontroller::kymux_controller::server - Kynet accept failed: connection error: Endpoint closed
2026-09-15T20:58:21.358 WARN kycontroller::kymux_controller::server - Kynet accept failed: connection error: Endpoint closed
2026-09-15T20:58:21.358 WARN kycontroller::kymux_controller::server - Kynet accept failed: connection error: Endpoint closed
2026-09-15T20:58:21.358 WARN kycontroller::kymux_controller::server - Kynet accept failed: connection error: Endpoint closed
2026-09-15T20:58:21.358 WARN kycontroller::kymux_controller::server - Kynet accept failed: connection error: Endpoint closed
2026-09-15T20:58:21.358 WARN kycontroller::kymux_controller::server - Kynet accept failed: connection error: Endpoint closed
2026-09-15T20:58:21.358 WARN kycontroller::kymux_controller::server - Kynet accept failed: connection error: Endpoint closed
2026-09-15T20:58:21.358 WARN kycontroller::kymux_controller::server - Kynet accept failed: connection error: Endpoint closed
2026-09-15T20:58:21.358 WARN kycontroller::kymux_controller::server - Kynet accept failed: connection error: Endpoint closed
2026-09-15T20:58:21.358 WARN kycontroller::kymux_controller::server - Kynet accept failed: connection error: Endpoint closed
2026-09-15T20:58:21.359 WARN kycontroller::kymux_controller::server - Kynet accept failed: connection error: Endpoint closed
2026-09-15T20:58:21.359 WARN kycontroller::kymux_controller::server - Kynet accept failed: connection error: Endpoint closed
2026-09-15T20:58:21.359 WARN kycontroller::kymux_controller::server - Kynet accept failed: connection error: Endpoint closed
2026-09-15T20:58:21.359 WARN kycontroller::kymux_controller::server - Kynet accept failed: connection error: Endpoint closed
2026-09-15T20:58:21.359 WARN kycontroller::kymux_controller::server - Kynet accept failed: connection error: Endpoint closed
2026-09-15T20:58:21.359 WARN kycontroller::kymux_controller::server - Kynet accept failed: connection error: Endpoint closed
2026-09-15T20:58:21.359 WARN kycontroller::kymux_controller::server - Kynet accept failed: connection error: Endpoint closed
2026-09-15T20:58:21.359 WARN kycontroller::kymux_controller::server - Kynet accept failed: connection error: Endpoint closed
2026-09-15T20:58:21.359 WARN kycontroller::kymux_controller::server - Kynet accept failed: connection error: Endpoint closed
2026-09-15T20:58:21.359 WARN kycontroller::kymux_controller::server - Kynet accept failed: connection error: Endpoint closed
2026-09-15T20:58:21.359 WARN kycontroller::kymux_controller::server - Kynet accept failed: connection error: Endpoint closed
2026-09-15T20:58:21.359 WARN kycontroller::kymux_controller::server - Kynet accept failed: connection error: Endpoint closed
2026-09-15T20:58:21.359 WARN kycontroller::kymux_controller::server - Kynet accept failed: connection error: Endpoint closed
2026-09-15T20:58:21.359 WARN kycontroller::kymux_controller::server - Kynet accept failed: connection error: Endpoint closed
2026-09-15T20:58:21.359 WARN kycontroller::kymux_controller::server - Kynet accept failed: connection error: Endpoint closed
2026-09-15T20:58:21.359 WARN kycontroller::kymux_controller::server - Kynet accept failed: connection error: Endpoint closed
2026-09-15T20:58:21.359 WARN kycontroller::kymux_controller::server - Kynet accept failed: connection error: Endpoint closed
2026-09-15T20:58:21.359 WARN kycontroller::kymux_controller::server - Kynet accept failed: connection error: Endpoint closed
2026-09-15T20:58:21.359 WARN kycontroller::kymux_controller::server - Kynet accept failed: connection error: Endpoint closed
2026-09-15T20:58:21.359 WARN kycontroller::kymux_controller::server - Kynet accept failed: connection error: Endpoint closed
2026-09-15T20:58:21.359 WARN kycontroller::kymux_controller::server - Kynet accept failed: connection error: Endpoint closed
2026-09-15T20:58:21.359 WARN kycontroller::kymux_controller::server - Kynet accept failed: connection error: Endpoint closed
2026-09-15T20:58:21.359 WARN kycontroller::kymux_controller::server - Kynet accept failed: connection error: Endpoint closed
2026-09-15T20:58:21.359 WARN kycontroller::kymux_controller::server - Kynet accept failed: connection error: Endpoint closed
2026-09-15T20:58:21.359 WARN kycontroller::kymux_controller::server - Kynet accept failed: connection error: Endpoint closed
2026-09-15T20:58:21.359 WARN kycontroller::kymux_controller::server - Kynet accept failed: connection error: Endpoint closed
2026-09-15T20:58:21.359 WARN kycontroller::kymux_controller::server - Kynet accept failed: connection error: Endpoint closed
2026-09-15T20:58:21.359 WARN kycontroller::kymux_controller::server - Kynet accept failed: connection error: Endpoint closed
2026-09-15T20:58:21.359 WARN kycontroller::kymux_controller::server - Kynet accept failed: connection error: Endpoint closed
2026-09-15T20:58:21.359 WARN kycontroller::kymux_controller::server - Kynet accept failed: connection error: Endpoint closed
2026-09-15T20:58:21.359 WARN kycontroller::kymux_controller::server - Kynet accept failed: connection error: Endpoint closed
2026-09-15T20:58:21.359 WARN kycontroller::kymux_controller::server - Kynet accept failed: connection error: Endpoint closed
2026-09-15T20:58:21.359 WARN kycontroller::kymux_controller::server - Kynet accept failed: connection error: Endpoint closed
2026-09-15T20:58:21.359 WARN kycontroller::kymux_controller::server - Kynet accept failed: connection error: Endpoint closed
2026-09-15T20:58:21.359 WARN kycontroller::kymux_controller::server - Kynet accept failed: connection error: Endpoint closed
2026-09-15T20:58:21.359 WARN kycontroller::kymux_controller::server - Kynet accept failed: connection error: Endpoint closed
2026-09-15T20:58:21.359 WARN kycontroller::kymux_controller::server - Kynet accept failed: connection error: Endpoint closed
2026-09-15T20:58:21.359 WARN kycontroller::kymux_controller::server - Kynet accept failed: connection error: Endpoint closed
2026-09-15T20:58:21.359 WARN kycontroller::kymux_controller::server - Kynet accept failed: connection error: Endpoint closed
2026-09-15T20:58:21.359 WARN kycontroller::kymux_controller::server - Kynet accept failed: connection error: Endpoint closed
2026-09-15T20:58:21.359 WARN kycontroller::kymux_controller::server - Kynet accept failed: connection error: Endpoint closed
2026-09-15T20:58:21.359 WARN kycontroller::kymux_controller::server - Kynet accept failed: connection error: Endpoint closed
2026-09-15T20:58:21.359 WARN kycontroller::kymux_controller::server - Kynet accept failed: connection error: Endpoint closed
2026-09-15T20:58:21.359 WARN kycontroller::kymux_controller::server - Kynet accept failed: connection error: Endpoint closed
2026-09-15T20:58:21.359 WARN kycontroller::kymux_controller::server - Kynet accept failed: connection error: Endpoint closed
2026-09-15T20:58:21.359 WARN kycontroller::kymux_controller::server - Kynet accept failed: connection error: Endpoint closed
2026-09-15T20:58:21.359 WARN kycontroller::kymux_controller::server - Kynet accept failed: connection error: Endpoint closed
2026-09-15T20:58:21.359 WARN kycontroller::kymux_controller::server - Kynet accept failed: connection error: Endpoint closed
2026-09-15T20:58:21.359 WARN kycontroller::kymux_controller::server - Kynet accept failed: connection error: Endpoint closed
2026-09-15T20:58:21.359 WARN kycontroller::kymux_controller::server - Kynet accept failed: connection error: Endpoint closed
2026-09-15T20:58:21.359 WARN kycontroller::kymux_controller::server - Kynet accept failed: connection error: Endpoint closed
2026-09-15T20:58:21.359 WARN kycontroller::kymux_controller::server - Kynet accept failed: connection error: Endpoint closed
2026-09-15T20:58:21.359 WARN kycontroller::kymux_controller::server - Kynet accept failed: connection error: Endpoint closed
2026-09-15T20:58:21.359 WARN kycontroller::kymux_controller::server - Kynet accept failed: connection error: Endpoint closed
2026-09-15T20:58:21.359 WARN kycontroller::kymux_controller::server - Kynet accept failed: connection error: Endpoint closed
2026-09-15T20:58:21.359 WARN kycontroller::kymux_controller::server - Kynet accept failed: connection error: Endpoint closed
2026-09-15T20:58:21.359 WARN kycontroller::kymux_controller::server - Kynet accept failed: connection error: Endpoint closed
2026-09-15T20:58:21.359 WARN kycontroller::kymux_controller::server - Kynet accept failed: connection error: Endpoint closed
2026-09-15T20:58:21.359 WARN kycontroller::kymux_controller::server - Kynet accept failed: connection error: Endpoint closed
2026-09-15T20:58:21.359 WARN kycontroller::kymux_controller::server - Kynet accept failed: connection error: Endpoint closed
2026-09-15T20:58:21.359 WARN kycontroller::kymux_controller::server - Kynet accept failed: connection error: Endpoint closed
2026-09-15T20:58:21.359 WARN kycontroller::kymux_controller::server - Kynet accept failed: connection error: Endpoint closed
2026-09-15T20:58:21.359 WARN kycontroller::kymux_controller::server - Kynet accept failed: connection error: Endpoint closed
2026-09-15T20:58:21.359 WARN kycontroller::kymux_controller::server - Kynet accept failed: connection error: Endpoint closed
2026-09-15T20:58:21.359 WARN kycontroller::kymux_controller::server - Kynet accept failed: connection error: Endpoint closed
2026-09-15T20:58:21.359 WARN kycontroller::kymux_controller::server - Kynet accept failed: connection error: Endpoint closed
2026-09-15T20:58:21.359 WARN kycontroller::kymux_controller::server - Kynet accept failed: connection error: Endpoint closed
2026-09-15T20:58:21.359 WARN kycontroller::kymux_controller::server - Kynet accept failed: connection error: Endpoint closed
2026-09-15T20:58:21.359 WARN kycontroller::kymux_controller::server - Kynet accept failed: connection error: Endpoint closed
2026-09-15T20:58:21.359 WARN kycontroller::kymux_controller::server - Kynet accept failed: connection error: Endpoint closed
2026-09-15T20:58:21.359 WARN kycontroller::kymux_controller::server - Kynet accept failed: connection error: Endpoint closed
2026-09-15T20:58:21.359 WARN kycontroller::kymux_controller::server - Kynet accept failed: connection error: Endpoint closed
2026-09-15T20:58:21.359 WARN kycontroller::kymux_controller::server - Kynet accept failed: connection error: Endpoint closed
2026-09-15T20:58:21.359 WARN kycontroller::kymux_controller::server - Kynet accept failed: connection error: Endpoint closed
2026-09-15T20:58:21.359 WARN kycontroller::kymux_controller::server - Kynet accept failed: connection error: Endpoint closed
2026-09-15T20:58:21.359 WARN kycontroller::kymux_controller::server - Kynet accept failed: connection error: Endpoint closed
2026-09-15T20:58:21.359 WARN kycontroller::kymux_controller::server - Kynet accept failed: connection error: Endpoint closed
2026-09-15T20:58:21.359 WARN kycontroller::kymux_controller::server - Kynet accept failed: connection error: Endpoint closed
2026-09-15T20:58:21.359 WARN kycontroller::kymux_controller::server - Kynet accept failed: connection error: Endpoint closed
2026-09-15T20:58:21.359 WARN kycontroller::kymux_controller::server - Kynet accept failed: connection error: Endpoint closed
2026-09-15T20:58:21.359 WARN kycontroller::kymux_controller::server - Kynet accept failed: connection error: Endpoint closed
2026-09-15T20:58:21.359 WARN kycontroller::kymux_controller::server - Kynet accept failed: connection error: Endpoint closed
2026-09-15T20:58:21.359 WARN kycontroller::kymux_controller::server - Kynet accept failed: connection error: Endpoint closed
2026-09-15T20:58:21.359 WARN kycontroller::kymux_controller::server - Kynet accept failed: connection error: Endpoint closed
2026-09-15T20:58:21.359 WARN kycontroller::kymux_controller::server - Kynet accept failed: connection error: Endpoint closed
2026-09-15T20:58:21.359 WARN kycontroller::kymux_controller::server - Kynet accept failed: connection error: Endpoint closed
2026-09-15T20:58:21.359 WARN kycontroller::kymux_controller::server - Kynet accept failed: connection error: Endpoint closed
2026-09-15T20:58:21.359 WARN kycontroller::kymux_controller::server - Kynet accept failed: connection error: Endpoint closed
2026-09-15T20:58:21.359 WARN kycontroller::kymux_controller::server - Kynet accept failed: connection error: Endpoint closed
2026-09-15T20:58:21.359 WARN kycontroller::kymux_controller::server - Kynet accept failed: connection error: Endpoint closed
2026-09-15T20:58:21.359 WARN kycontroller::kymux_controller::server - Kynet accept failed: connection error: Endpoint closed
2026-09-15T20:58:21.359 WARN kycontroller::kymux_controller::server - Kynet accept failed: connection error: Endpoint closed
2026-09-15T20:58:21.359 WARN kycontroller::kymux_controller::server - Kynet accept failed: connection error: Endpoint closed
2026-09-15T20:58:21.359 WARN kycontroller::kymux_controller::server - Kynet accept failed: connection error: Endpoint closed
2026-09-15T20:58:21.359 WARN kycontroller::kymux_controller::server - Kynet accept failed: connection error: Endpoint closed
2026-09-15T20:58:21.359 WARN kycontroller::kymux_controller::server - Kynet accept failed: connection error: Endpoint closed
2026-09-15T20:58:21.359 WARN kycontroller::kymux_controller::server - Kynet accept failed: connection error: Endpoint closed
2026-09-15T20:58:21.359 WARN kycontroller::kymux_controller::server - Kynet accept failed: connection error: Endpoint closed
2026-09-15T20:58:21.359 WARN kycontroller::kymux_controller::server - Kynet accept failed: connection error: Endpoint closed
2026-09-15T20:58:21.359 WARN kycontroller::kymux_controller::server - Kynet accept failed: connection error: Endpoint closed
2026-09-15T20:58:21.359 WARN kycontroller::kymux_controller::server - Kynet accept failed: connection error: Endpoint closed
2026-09-15T20:58:21.359 WARN kycontroller::kymux_controller::server - Kynet accept failed: connection error: Endpoint closed
2026-09-15T20:58:21.359 WARN kycontroller::kymux_controller::server - Kynet accept failed: connection error: Endpoint closed
2026-09-15T20:58:21.359 WARN kycontroller::kymux_controller::server - Kynet accept failed: connection error: Endpoint closed
2026-09-15T20:58:21.359 WARN kycontroller::kymux_controller::server - Kynet accept failed: connection error: Endpoint closed
2026-09-15T20:58:21.359 WARN kycontroller::kymux_controller::server - Kynet accept failed: connection error: Endpoint closed
2026-09-15T20:58:21.359 WARN kycontroller::kymux_controller::server - Kynet accept failed: connection error: Endpoint closed
2026-09-15T20:58:21.359 WARN kycontroller::kymux_controller::server - Kynet accept failed: connection error: Endpoint closed
2026-09-15T20:58:21.359 WARN kycontroller::kymux_controller::server - Kynet accept failed: connection error: Endpoint closed
2026-09-15T20:58:21.359 WARN kycontroller::kymux_controller::server - Kynet accept failed: connection error: Endpoint closed
2026-09-15T20:58:21.359 WARN kycontroller::kymux_controller::server - Kynet accept failed: connection error: Endpoint closed
2026-09-15T20:58:21.359 WARN kycontroller::kymux_controller::server - Kynet accept failed: connection error: Endpoint closed
2026-09-15T20:58:21.359 WARN kycontroller::kymux_controller::server - Kynet accept failed: connection error: Endpoint closed
2026-09-15T20:58:21.359 WARN kycontroller::kymux_controller::server - Kynet accept failed: connection error: Endpoint closed
2026-09-15T20:58:21.359 WARN kycontroller::kymux_controller::server - Kynet accept failed: connection error: Endpoint closed
2026-09-15T20:58:21.359 WARN kycontroller::kymux_controller::server - Kynet accept failed: connection error: Endpoint closed
2026-09-15T20:58:21.360 WARN kycontroller::kymux_controller::server - Kynet accept failed: connection error: Endpoint closed
2026-09-15T20:58:21.360 WARN kycontroller::kymux_controller::server - Kynet accept failed: connection error: Endpoint closed
2026-09-15T20:58:21.360 WARN kycontroller::kymux_controller::server - Kynet accept failed: connection error: Endpoint closed
2026-09-15T20:58:21.360 WARN kycontroller::kymux_controller::server - Kynet accept failed: connection error: Endpoint closed
2026-09-15T20:58:21.360 WARN kycontroller::kymux_controller::server - Kynet accept failed: connection error: Endpoint closed
2026-09-15T20:58:21.360 WARN kycontroller::kymux_controller::server - Kynet accept failed: connection error: Endpoint closed
2026-09-15T20:58:21.360 WARN kycontroller::kymux_controller::server - Kynet accept failed: connection error: Endpoint closed
2026-09-15T20:58:21.360 WARN kycontroller::kymux_controller::server - Kynet accept failed: connection error: Endpoint closed
2026-09-15T20:58:21.360 WARN kycontroller::kymux_controller::server - Kynet accept failed: connection error: Endpoint closed
2026-09-15T20:58:21.360 WARN kycontroller::kymux_controller::server - Kynet accept failed: connection error: Endpoint closed
2026-09-15T20:58:21.360 WARN kycontroller::kymux_controller::server - Kynet accept failed: connection error: Endpoint closed
2026-09-15T20:58:21.360 WARN kycontroller::kymux_controller::server - Kynet accept failed: connection error: Endpoint closed
2026-09-15T20:58:21.360 WARN kycontroller::kymux_controller::server - Kynet accept failed: connection error: Endpoint closed
2026-09-15T20:58:21.360 WARN kycontroller::kymux_controller::server - Kynet accept failed: connection error: Endpoint closed
2026-09-15T20:58:21.360 WARN kycontroller::kymux_controller::server - Kynet accept failed: connection error: Endpoint closed
2026-09-15T20:58:21.360 WARN kycontroller::kymux_controller::server - Kynet accept failed: connection error: Endpoint closed
2026-09-15T20:58:21.360 WARN kycontroller::kymux_controller::server - Kynet accept failed: connection error: Endpoint closed
2026-09-15T20:58:21.360 WARN kycontroller::kymux_controller::server - Kynet accept failed: connection error: Endpoint closed
2026-09-15T20:58:21.360 WARN kycontroller::kymux_controller::server - Kynet accept failed: connection error: Endpoint closed
2026-09-15T20:58:21.360 WARN kycontroller::kymux_controller::server - Kynet accept failed: connection error: Endpoint closed
2026-09-15T20:58:21.360 WARN kycontroller::kymux_controller::server - Kynet accept failed: connection error: Endpoint closed
2026-09-15T20:58:21.360 WARN kycontroller::kymux_controller::server - Kynet accept failed: connection error: Endpoint closed
2026-09-15T20:58:21.360 WARN kycontroller::kymux_controller::server - Kynet accept failed: connection error: Endpoint closed
2026-09-15T20:58:21.360 WARN kycontroller::kymux_controller::server - Kynet accept failed: connection error: Endpoint closed
2026-09-15T20:58:21.360 WARN kycontroller::kymux_controller::server - Kynet accept failed: connection error: Endpoint closed
2026-09-15T20:58:21.360 WARN kycontroller::kymux_controller::server - Kynet accept failed: connection error: Endpoint closed
2026-09-15T20:58:21.360 WARN kycontroller::kymux_controller::server - Kynet accept failed: connection error: Endpoint closed
2026-09-15T20:58:21.360 WARN kycontroller::kymux_controller::server - Kynet accept failed: connection error: Endpoint closed
2026-09-15T20:58:21.360 WARN kycontroller::kymux_controller::server - Kynet accept failed: connection error: Endpoint closed
2026-09-15T20:58:21.360 WARN kycontroller::kymux_controller::server - Kynet accept failed: connection error: Endpoint closed
2026-09-15T20:58:21.360 WARN kycontroller::kymux_controller::server - Kynet accept failed: connection error: Endpoint closed
2026-09-15T20:58:21.360 WARN kycontroller::kymux_controller::server - Kynet accept failed: connection error: Endpoint closed
2026-09-15T20:58:21.360 WARN kycontroller::kymux_controller::server - Kynet accept failed: connection error: Endpoint closed
2026-09-15T20:58:21.360 WARN kycontroller::kymux_controller::server - Kynet accept failed: connection error: Endpoint closed
2026-09-15T20:58:21.360 WARN kycontroller::kymux_controller::server - Kynet accept failed: connection error: Endpoint closed
2026-09-15T20:58:21.360 WARN kycontroller::kymux_controller::server - Kynet accept failed: connection error: Endpoint closed
2026-09-15T20:58:21.360 WARN kycontroller::kymux_controller::server - Kynet accept failed: connection error: Endpoint closed
2026-09-15T20:58:21.360 WARN kycontroller::kymux_controller::server - Kynet accept failed: connection error: Endpoint closed
2026-09-15T20:58:21.360 WARN kycontroller::kymux_controller::server - Kynet accept failed: connection error: Endpoint closed
2026-09-15T20:58:21.360 WARN kycontroller::kymux_controller::server - Kynet accept failed: connection error: Endpoint closed
2026-09-15T20:58:21.360 WARN kycontroller::kymux_controller::server - Kynet accept failed: connection error: Endpoint closed
2026-09-15T20:58:21.360 WARN kycontroller::kymux_controller::server - Kynet accept failed: connection error: Endpoint closed
2026-09-15T20:58:21.360 WARN kycontroller::kymux_controller::server - Kynet accept failed: connection error: Endpoint closed
2026-09-15T20:58:21.360 WARN kycontroller::kymux_controller::server - Kynet accept failed: connection error: Endpoint closed
2026-09-15T20:58:21.360 WARN kycontroller::kymux_controller::server - Kynet accept failed: connection error: Endpoint closed
2026-09-15T20:58:21.360 WARN kycontroller::kymux_controller::server - Kynet accept failed: connection error: Endpoint closed
2026-09-15T20:58:21.360 WARN kycontroller::kymux_controller::server - Kynet accept failed: connection error: Endpoint closed
2026-09-15T20:58:21.360 WARN kycontroller::kymux_controller::server - Kynet accept failed: connection error: Endpoint closed
2026-09-15T20:58:21.360 WARN kycontroller::kymux_controller::server - Kynet accept failed: connection error: Endpoint closed
2026-09-15T20:58:21.360 WARN kycontroller::kymux_controller::server - Kynet accept failed: connection error: Endpoint closed
2026-09-15T20:58:21.360 WARN kycontroller::kymux_controller::server - Kynet accept failed: connection error: Endpoint closed
2026-09-15T20:58:21.360 WARN kycontroller::kymux_controller::server - Kynet accept failed: connection error: Endpoint closed
2026-09-15T20:58:21.360 WARN kycontroller::kymux_controller::server - Kynet accept failed: connection error: Endpoint closed
2026-09-15T20:58:21.360 WARN kycontroller::kymux_controller::server - Kynet accept failed: connection error: Endpoint closed
2026-09-15T20:58:21.360 WARN kycontroller::kymux_controller::server - Kynet accept failed: connection error: Endpoint closed
2026-09-15T20:58:21.360 WARN kycontroller::kymux_controller::server - Kynet accept failed: connection error: Endpoint closed
2026-09-15T20:58:21.360 WARN kycontroller::kymux_controller::server - Kynet accept failed: connection error: Endpoint closed
2026-09-15T20:58:21.360 WARN kycontroller::kymux_controller::server - Kynet accept failed: connection error: Endpoint closed
2026-09-15T20:58:21.360 WARN kycontroller::kymux_controller::server - Kynet accept failed: connection error: Endpoint closed
2026-09-15T20:58:21.360 WARN kycontroller::kymux_controller::server - Kynet accept failed: connection error: Endpoint closed
2026-09-15T20:58:21.360 WARN kycontroller::kymux_controller::server - Kynet accept failed: connection error: Endpoint closed
2026-09-15T20:58:21.360 WARN kycontroller::kymux_controller::server - Kynet accept failed: connection error: Endpoint closed
2026-09-15T20:58:21.360 WARN kycontroller::kymux_controller::server - Kynet accept failed: connection error: Endpoint closed
2026-09-15T20:58:21.360 WARN kycontroller::kymux_controller::server - Kynet accept failed: connection error: Endpoint closed
2026-09-15T20:58:21.360 WARN kycontroller::kymux_controller::server - Kynet accept failed: connection error: Endpoint closed
2026-09-15T20:58:21.360 WARN kycontroller::kymux_controller::server - Kynet accept failed: connection error: Endpoint closed
2026-09-15T20:58:21.360 WARN kycontroller::kymux_controller::server - Kynet accept failed: connection error: Endpoint closed
2026-09-15T20:58:21.360 WARN kycontroller::kymux_controller::server - Kynet accept failed: connection error: Endpoint closed
2026-09-15T20:58:21.360 WARN kycontroller::kymux_controller::server - Kynet accept failed: connection error: Endpoint closed
2026-09-15T20:58:21.360 WARN kycontroller::kymux_controller::server - Kynet accept failed: connection error: Endpoint closed
2026-09-15T20:58:21.360 WARN kycontroller::kymux_controller::server - Kynet accept failed: connection error: Endpoint closed
2026-09-15T20:58:21.360 WARN kycontroller::kymux_controller::server - Kynet accept failed: connection error: Endpoint closed
2026-09-15T20:58:21.360 WARN kycontroller::kymux_controller::server - Kynet accept failed: connection error: Endpoint closed
2026-09-15T20:58:21.360 WARN kycontroller::kymux_controller::server - Kynet accept failed: connection error: Endpoint closed
2026-09-15T20:58:21.360 WARN kycontroller::kymux_controller::server - Kynet accept failed: connection error: Endpoint closed
2026-09-15T20:58:21.360 WARN kycontroller::kymux_controller::server - Kynet accept failed: connection error: Endpoint closed
2026-09-15T20:58:21.360 WARN kycontroller::kymux_controller::server - Kynet accept failed: connection error: Endpoint closed
2026-09-15T20:58:21.360 WARN kycontroller::kymux_controller::server - Kynet accept failed: connection error: Endpoint closed
2026-09-15T20:58:21.360 WARN kycontroller::kymux_controller::server - Kynet accept failed: connection error: Endpoint closed
2026-09-15T20:58:21.360 WARN kycontroller::kymux_controller::server - Kynet accept failed: connection error: Endpoint closed
2026-09-15T20:58:21.360 WARN kycontroller::kymux_controller::server - Kynet accept failed: connection error: Endpoint closed
2026-09-15T20:58:21.360 WARN kycontroller::kymux_controller::server - Kynet accept failed: connection error: Endpoint closed
2026-09-15T20:58:21.360 WARN kycontroller::kymux_controller::server - Kynet accept failed: connection error: Endpoint closed
2026-09-15T20:58:21.360 WARN kycontroller::kymux_controller::server - Kynet accept failed: connection error: Endpoint closed
2026-09-15T20:58:21.360 WARN kycontroller::kymux_controller::server - Kynet accept failed: connection error: Endpoint closed
2026-09-15T20:58:21.360 WARN kycontroller::kymux_controller::server - Kynet accept failed: connection error: Endpoint closed
2026-09-15T20:58:21.360 WARN kycontroller::kymux_controller::server - Kynet accept failed: connection error: Endpoint closed
2026-09-15T20:58:21.360 WARN kycontroller::kymux_controller::server - Kynet accept failed: connection error: Endpoint closed
2026-09-15T20:58:21.360 WARN kycontroller::kymux_controller::server - Kynet accept failed: connection error: Endpoint closed
2026-09-15T20:58:21.360 WARN kycontroller::kymux_controller::server - Kynet accept failed: connection error: Endpoint closed
2026-09-15T20:58:21.360 WARN kycontroller::kymux_controller::server - Kynet accept failed: connection error: Endpoint closed
2026-09-15T20:58:21.360 WARN kycontroller::kymux_controller::server - Kynet accept failed: connection error: Endpoint closed
2026-09-15T20:58:21.360 WARN kycontroller::kymux_controller::server - Kynet accept failed: connection error: Endpoint closed
2026-09-15T20:58:21.360 WARN kycontroller::kymux_controller::server - Kynet accept failed: connection error: Endpoint closed
2026-09-15T20:58:21.360 WARN kycontroller::kymux_controller::server - Kynet accept failed: connection error: Endpoint closed
2026-09-15T20:58:21.360 WARN kycontroller::kymux_controller::server - Kynet accept failed: connection error: Endpoint closed
2026-09-15T20:58:21.360 WARN kycontroller::kymux_controller::server - Kynet accept failed: connection error: Endpoint closed
2026-09-15T20:58:21.360 WARN kycontroller::kymux_controller::server - Kynet accept failed: connection error: Endpoint closed
2026-09-15T20:58:21.360 WARN kycontroller::kymux_controller::server - Kynet accept failed: connection error: Endpoint closed
2026-09-15T20:58:21.360 WARN kycontroller::kymux_controller::server - Kynet accept failed: connection error: Endpoint closed
2026-09-15T20:58:21.360 WARN kycontroller::kymux_controller::server - Kynet accept failed: connection error: Endpoint closed
2026-09-15T20:58:21.360 WARN kycontroller::kymux_controller::server - Kynet accept failed: connection error: Endpoint closed
2026-09-15T20:58:21.360 WARN kycontroller::kymux_controller::server - Kynet accept failed: connection error: Endpoint closed
2026-09-15T20:58:21.360 WARN kycontroller::kymux_controller::server - Kynet accept failed: connection error: Endpoint closed
2026-09-15T20:58:21.360 WARN kycontroller::kymux_controller::server - Kynet accept failed: connection error: Endpoint closed
2026-09-15T20:58:21.360 WARN kycontroller::kymux_controller::server - Kynet accept failed: connection error: Endpoint closed
2026-09-15T20:58:21.360 WARN kycontroller::kymux_controller::server - Kynet accept failed: connection error: Endpoint closed
2026-09-15T20:58:21.360 WARN kycontroller::kymux_controller::server - Kynet accept failed: connection error: Endpoint closed
2026-09-15T20:58:21.360 WARN kycontroller::kymux_controller::server - Kynet accept failed: connection error: Endpoint closed
2026-09-15T20:58:21.360 WARN kycontroller::kymux_controller::server - Kynet accept failed: connection error: Endpoint closed
2026-09-15T20:58:21.360 WARN kycontroller::kymux_controller::server - Kynet accept failed: connection error: Endpoint closed
2026-09-15T20:58:21.360 WARN kycontroller::kymux_controller::server - Kynet accept failed: connection error: Endpoint closed
2026-09-15T20:58:21.360 WARN kycontroller::kymux_controller::server - Kynet accept failed: connection error: Endpoint closed
2026-09-15T20:58:21.361 WARN kycontroller::kymux_controller::server - Kynet accept failed: connection error: Endpoint closed
2026-09-15T20:58:21.361 WARN kycontroller::kymux_controller::server - Kynet accept failed: connection error: Endpoint closed
2026-09-15T20:58:21.361 WARN kycontroller::kymux_controller::server - Kynet accept failed: connection error: Endpoint closed
2026-09-15T20:58:21.361 WARN kycontroller::kymux_controller::server - Kynet accept failed: connection error: Endpoint closed
2026-09-15T20:58:21.361 WARN kycontroller::kymux_controller::server - Kynet accept failed: connection error: Endpoint closed
2026-09-15T20:58:21.361 WARN kycontroller::kymux_controller::server - Kynet accept failed: connection error: Endpoint closed
2026-09-15T20:58:21.361 WARN kycontroller::kymux_controller::server - Kynet accept failed: connection error: Endpoint closed
2026-09-15T20:58:21.361 WARN kycontroller::kymux_controller::server - Kynet accept failed: connection error: Endpoint closed
2026-09-15T20:58:21.361 WARN kycontroller::kymux_controller::server - Kynet accept failed: connection error: Endpoint closed
2026-09-15T20:58:21.361 WARN kycontroller::kymux_controller::server - Kynet accept failed: connection error: Endpoint closed
2026-09-15T20:58:21.361 WARN kycontroller::kymux_controller::server - Kynet accept failed: connection error: Endpoint closed
2026-09-15T20:58:21.361 WARN kycontroller::kymux_controller::server - Kynet accept failed: connection error: Endpoint closed
2026-09-15T20:58:21.361 WARN kycontroller::kymux_controller::server - Kynet accept failed: connection error: Endpoint closed
2026-09-15T20:58:21.361 WARN kycontroller::kymux_controller::server - Kynet accept failed: connection error: Endpoint closed
2026-09-15T20:58:21.361 WARN kycontroller::kymux_controller::server - Kynet accept failed: connection error: Endpoint closed
2026-09-15T20:58:21.361 WARN kycontroller::kymux_controller::server - Kynet accept failed: connection error: Endpoint closed
2026-09-15T20:58:21.361 WARN kycontroller::kymux_controller::server - Kynet accept failed: connection error: Endpoint closed
2026-09-15T20:58:21.361 WARN kycontroller::kymux_controller::server - Kynet accept failed: connection error: Endpoint closed
2026-09-15T20:58:21.361 WARN kycontroller::kymux_controller::server - Kynet accept failed: connection error: Endpoint closed
2026-09-15T20:58:21.361 WARN kycontroller::kymux_controller::server - Kynet accept failed: connection error: Endpoint closed
2026-09-15T20:58:21.361 WARN kycontroller::kymux_controller::server - Kynet accept failed: connection error: Endpoint closed
2026-09-15T20:58:21.361 WARN kycontroller::kymux_controller::server - Kynet accept failed: connection error: Endpoint closed
2026-09-15T20:58:21.361 WARN kycontroller::kymux_controller::server - Kynet accept failed: connection error: Endpoint closed
2026-09-15T20:58:21.361 WARN kycontroller::kymux_controller::server - Kynet accept failed: connection error: Endpoint closed
2026-09-15T20:58:21.361 WARN kycontroller::kymux_controller::server - Kynet accept failed: connection error: Endpoint closed
2026-09-15T20:58:21.361 WARN kycontroller::kymux_controller::server - Kynet accept failed: connection error: Endpoint closed
2026-09-15T20:58:21.361 WARN kycontroller::kymux_controller::server - Kynet accept failed: connection error: Endpoint closed
2026-09-15T20:58:21.361 WARN kycontroller::kymux_controller::server - Kynet accept failed: connection error: Endpoint closed
2026-09-15T20:58:21.361 WARN kycontroller::kymux_controller::server - Kynet accept failed: connection error: Endpoint closed
2026-09-15T20:58:21.361 WARN kycontroller::kymux_controller::server - Kynet accept failed: connection error: Endpoint closed
2026-09-15T20:58:21.361 WARN kycontroller::kymux_controller::server - Kynet accept failed: connection error: Endpoint closed
2026-09-15T20:58:21.361 WARN kycontroller::kymux_controller::server - Kynet accept failed: connection error: Endpoint closed
2026-09-15T20:58:21.361 WARN kycontroller::kymux_controller::server - Kynet accept failed: connection error: Endpoint closed
2026-09-15T20:58:21.361 WARN kycontroller::kymux_controller::server - Kynet accept failed: connection error: Endpoint closed
2026-09-15T20:58:21.361 WARN kycontroller::kymux_controller::server - Kynet accept failed: connection error: Endpoint closed
2026-09-15T20:58:21.361 WARN kycontroller::kymux_controller::server - Kynet accept failed: connection error: Endpoint closed
2026-09-15T20:58:21.361 WARN kycontroller::kymux_controller::server - Kynet accept failed: connection error: Endpoint closed
2026-09-15T20:58:21.361 WARN kycontroller::kymux_controller::server - Kynet accept failed: connection error: Endpoint closed
2026-09-15T20:58:21.361 WARN kycontroller::kymux_controller::server - Kynet accept failed: connection error: Endpoint closed
2026-09-15T20:58:21.361 WARN kycontroller::kymux_controller::server - Kynet accept failed: connection error: Endpoint closed
2026-09-15T20:58:21.361 WARN kycontroller::kymux_controller::server - Kynet accept failed: connection error: Endpoint closed
2026-09-15T20:58:21.361 WARN kycontroller::kymux_controller::server - Kynet accept failed: connection error: Endpoint closed
2026-09-15T20:58:21.361 WARN kycontroller::kymux_controller::server - Kynet accept failed: connection error: Endpoint closed
2026-09-15T20:58:21.361 WARN kycontroller::kymux_controller::server - Kynet accept failed: connection error: Endpoint closed
2026-09-15T20:58:21.361 WARN kycontroller::kymux_controller::server - Kynet accept failed: connection error: Endpoint closed
2026-09-15T20:58:21.361 WARN kycontroller::kymux_controller::server - Kynet accept failed: connection error: Endpoint closed
2026-09-15T20:58:21.361 WARN kycontroller::kymux_controller::server - Kynet accept failed: connection error: Endpoint closed
2026-09-15T20:58:21.361 WARN kycontroller::kymux_controller::server - Kynet accept failed: connection error: Endpoint closed
2026-09-15T20:58:21.361 WARN kycontroller::kymux_controller::server - Kynet accept failed: connection error: Endpoint closed
2026-09-15T20:58:21.361 WARN kycontroller::kymux_controller::server - Kynet accept failed: connection error: Endpoint closed
2026-09-15T20:58:21.361 WARN kycontroller::kymux_controller::server - Kynet accept failed: connection error: Endpoint closed
2026-09-15T20:58:21.361 WARN kycontroller::kymux_controller::server - Kynet accept failed: connection error: Endpoint closed
2026-09-15T20:58:21.361 WARN kycontroller::kymux_controller::server - Kynet accept failed: connection error: Endpoint closed
2026-09-15T20:58:21.361 WARN kycontroller::kymux_controller::server - Kynet accept failed: connection error: Endpoint closed
2026-09-15T20:58:21.361 WARN kycontroller::kymux_controller::server - Kynet accept failed: connection error: Endpoint closed
2026-09-15T20:58:21.361 WARN kycontroller::kymux_controller::server - Kynet accept failed: connection error: Endpoint closed
2026-09-15T20:58:21.361 WARN kycontroller::kymux_controller::server - Kynet accept failed: connection error: Endpoint closed
2026-09-15T20:58:21.361 WARN kycontroller::kymux_controller::server - Kynet accept failed: connection error: Endpoint closed
2026-09-15T20:58:21.361 WARN kycontroller::kymux_controller::server - Kynet accept failed: connection error: Endpoint closed
2026-09-15T20:58:21.361 WARN kycontroller::kymux_controller::server - Kynet accept failed: connection error: Endpoint closed
2026-09-15T20:58:21.361 WARN kycontroller::kymux_controller::server - Kynet accept failed: connection error: Endpoint closed
2026-09-15T20:58:21.361 WARN kycontroller::kymux_controller::server - Kynet accept failed: connection error: Endpoint closed
2026-09-15T20:58:21.361 WARN kycontroller::kymux_controller::server - Kynet accept failed: connection error: Endpoint closed
2026-09-15T20:58:21.361 WARN kycontroller::kymux_controller::server - Kynet accept failed: connection error: Endpoint closed
2026-09-15T20:58:21.361 WARN kycontroller::kymux_controller::server - Kynet accept failed: connection error: Endpoint closed
2026-09-15T20:58:21.361 WARN kycontroller::kymux_controller::server - Kynet accept failed: connection error: Endpoint closed
2026-09-15T20:58:21.361 WARN kycontroller::kymux_controller::server - Kynet accept failed: connection error: Endpoint closed
2026-09-15T20:58:21.361 WARN kycontroller::kymux_controller::server - Kynet accept failed: connection error: Endpoint closed
2026-09-15T20:58:21.361 WARN kycontroller::kymux_controller::server - Kynet accept failed: connection error: Endpoint closed
2026-09-15T20:58:21.361 WARN kycontroller::kymux_controller::server - Kynet accept failed: connection error: Endpoint closed
2026-09-15T20:58:21.361 WARN kycontroller::kymux_controller::server - Kynet accept failed: connection error: Endpoint closed
2026-09-15T20:58:21.361 WARN kycontroller::kymux_controller::server - Kynet accept failed: connection error: Endpoint closed
2026-09-15T20:58:21.361 WARN kycontroller::kymux_controller::server - Kynet accept failed: connection error: Endpoint closed
2026-09-15T20:58:21.361 WARN kycontroller::kymux_controller::server - Kynet accept failed: connection error: Endpoint closed
2026-09-15T20:58:21.361 WARN kycontroller::kymux_controller::server - Kynet accept failed: connection error: Endpoint closed
2026-09-15T20:58:21.361 WARN kycontroller::kymux_controller::server - Kynet accept failed: connection error: Endpoint closed
2026-09-15T20:58:21.361 WARN kycontroller::kymux_controller::server - Kynet accept failed: connection error: Endpoint closed
2026-09-15T20:58:21.361 WARN kycontroller::kymux_controller::server - Kynet accept failed: connection error: Endpoint closed
2026-09-15T20:58:21.361 WARN kycontroller::kymux_controller::server - Kynet accept failed: connection error: Endpoint closed
2026-09-15T20:58:21.361 WARN kycontroller::kymux_controller::server - Kynet accept failed: connection error: Endpoint closed
2026-09-15T20:58:21.361 WARN kycontroller::kymux_controller::server - Kynet accept failed: connection error: Endpoint closed
2026-09-15T20:58:21.361 WARN kycontroller::kymux_controller::server - Kynet accept failed: connection error: Endpoint closed
2026-09-15T20:58:21.361 WARN kycontroller::kymux_controller::server - Kynet accept failed: connection error: Endpoint closed
2026-09-15T20:58:21.361 WARN kycontroller::kymux_controller::server - Kynet accept failed: connection error: Endpoint closed
2026-09-15T20:58:21.361 WARN kycontroller::kymux_controller::server - Kynet accept failed: connection error: Endpoint closed
2026-09-15T20:58:21.361 WARN kycontroller::kymux_controller::server - Kynet accept failed: connection error: Endpoint closed
2026-09-15T20:58:21.361 WARN kycontroller::kymux_controller::server - Kynet accept failed: connection error: Endpoint closed
2026-09-15T20:58:21.361 WARN kycontroller::kymux_controller::server - Kynet accept failed: connection error: Endpoint closed
2026-09-15T20:58:21.361 WARN kycontroller::kymux_controller::server - Kynet accept failed: connection error: Endpoint closed
2026-09-15T20:58:21.361 WARN kycontroller::kymux_controller::server - Kynet accept failed: connection error: Endpoint closed
2026-09-15T20:58:21.361 WARN kycontroller::kymux_controller::server - Kynet accept failed: connection error: Endpoint closed
2026-09-15T20:58:21.361 WARN kycontroller::kymux_controller::server - Kynet accept failed: connection error: Endpoint closed
2026-09-15T20:58:21.361 WARN kycontroller::kymux_controller::server - Kynet accept failed: connection error: Endpoint closed
2026-09-15T20:58:21.361 WARN kycontroller::kymux_controller::server - Kynet accept failed: connection error: Endpoint closed
2026-09-15T20:58:21.361 WARN kycontroller::kymux_controller::server - Kynet accept failed: connection error: Endpoint closed
2026-09-15T20:58:21.361 WARN kycontroller::kymux_controller::server - Kynet accept failed: connection error: Endpoint closed
2026-09-15T20:58:21.361 WARN kycontroller::kymux_controller::server - Kynet accept failed: connection error: Endpoint closed
2026-09-15T20:58:21.361 WARN kycontroller::kymux_controller::server - Kynet accept failed: connection error: Endpoint closed
2026-09-15T20:58:21.361 WARN kycontroller::kymux_controller::server - Kynet accept failed: connection error: Endpoint closed
2026-09-15T20:58:21.361 WARN kycontroller::kymux_controller::server - Kynet accept failed: connection error: Endpoint closed
2026-09-15T20:58:21.361 WARN kycontroller::kymux_controller::server - Kynet accept failed: connection error: Endpoint closed
2026-09-15T20:58:21.361 WARN kycontroller::kymux_controller::server - Kynet accept failed: connection error: Endpoint closed
2026-09-15T20:58:21.361 WARN kycontroller::kymux_controller::server - Kynet accept failed: connection error: Endpoint closed
2026-09-15T20:58:21.361 WARN kycontroller::kymux_controller::server - Kynet accept failed: connection error: Endpoint closed
2026-09-15T20:58:21.361 WARN kycontroller::kymux_controller::server - Kynet accept failed: connection error: Endpoint closed
2026-09-15T20:58:21.361 WARN kycontroller::kymux_controller::server - Kynet accept failed: connection error: Endpoint closed
2026-09-15T20:58:21.361 WARN kycontroller::kymux_controller::server - Kynet accept failed: connection error: Endpoint closed
2026-09-15T20:58:21.361 WARN kycontroller::kymux_controller::server - Kynet accept failed: connection error: Endpoint closed
2026-09-15T20:58:21.361 WARN kycontroller::kymux_controller::server - Kynet accept failed: connection error: Endpoint closed
2026-09-15T20:58:21.361 WARN kycontroller::kymux_controller::server - Kynet accept failed: connection error: Endpoint closed
2026-09-15T20:58:21.361 WARN kycontroller::kymux_controller::server - Kynet accept failed: connection error: Endpoint closed
2026-09-15T20:58:21.361 WARN kycontroller::kymux_controller::server - Kynet accept failed: connection error: Endpoint closed
2026-09-15T20:58:21.361 WARN kycontroller::kymux_controller::server - Kynet accept failed: connection error: Endpoint closed
2026-09-15T20:58:21.361 WARN kycontroller::kymux_controller::server - Kynet accept failed: connection error: Endpoint closed
2026-09-15T20:58:21.361 WARN kycontroller::kymux_controller::server - Kynet accept failed: connection error: Endpoint closed
2026-09-15T20:58:21.361 WARN kycontroller::kymux_controller::server - Kynet accept failed: connection error: Endpoint closed
2026-09-15T20:58:21.361 WARN kycontroller::kymux_controller::server - Kynet accept failed: connection error: Endpoint closed
2026-09-15T20:58:21.362 WARN kycontroller::kymux_controller::server - Kynet accept failed: connection error: Endpoint closed
2026-09-15T20:58:21.362 WARN kycontroller::kymux_controller::server - Kynet accept failed: connection error: Endpoint closed
2026-09-15T20:58:21.362 WARN kycontroller::kymux_controller::server - Kynet accept failed: connection error: Endpoint closed
2026-09-15T20:58:21.362 WARN kycontroller::kymux_controller::server - Kynet accept failed: connection error: Endpoint closed
2026-09-15T20:58:21.362 WARN kycontroller::kymux_controller::server - Kynet accept failed: connection error: Endpoint closed
2026-09-15T20:58:21.362 WARN kycontroller::kymux_controller::server - Kynet accept failed: connection error: Endpoint closed
2026-09-15T20:58:21.362 WARN kycontroller::kymux_controller::server - Kynet accept failed: connection error: Endpoint closed
2026-09-15T20:58:21.362 WARN kycontroller::kymux_controller::server - Kynet accept failed: connection error: Endpoint closed
2026-09-15T20:58:21.362 WARN kycontroller::kymux_controller::server - Kynet accept failed: connection error: Endpoint closed
2026-09-15T20:58:21.362 WARN kycontroller::kymux_controller::server - Kynet accept failed: connection error: Endpoint closed
2026-09-15T20:58:21.362 WARN kycontroller::kymux_controller::server - Kynet accept failed: connection error: Endpoint closed
2026-09-15T20:58:21.362 WARN kycontroller::kymux_controller::server - Kynet accept failed: connection error: Endpoint closed
2026-09-15T20:58:21.362 WARN kycontroller::kymux_controller::server - Kynet accept failed: connection error: Endpoint closed
2026-09-15T20:58:21.362 WARN kycontroller::kymux_controller::server - Kynet accept failed: connection error: Endpoint closed
2026-09-15T20:58:21.362 WARN kycontroller::kymux_controller::server - Kynet accept failed: connection error: Endpoint closed
2026-09-15T20:58:21.362 WARN kycontroller::kymux_controller::server - Kynet accept failed: connection error: Endpoint closed
2026-09-15T20:58:21.362 WARN kycontroller::kymux_controller::server - Kynet accept failed: connection error: Endpoint closed
2026-09-15T20:58:21.362 WARN kycontroller::kymux_controller::server - Kynet accept failed: connection error: Endpoint closed
2026-09-15T20:58:21.362 WARN kycontroller::kymux_controller::server - Kynet accept failed: connection error: Endpoint closed
2026-09-15T20:58:21.362 WARN kycontroller::kymux_controller::server - Kynet accept failed: connection error: Endpoint closed
2026-09-15T20:58:21.362 WARN kycontroller::kymux_controller::server - Kynet accept failed: connection error: Endpoint closed
2026-09-15T20:58:21.362 WARN kycontroller::kymux_controller::server - Kynet accept failed: connection error: Endpoint closed
2026-09-15T20:58:21.362 WARN kycontroller::kymux_controller::server - Kynet accept failed: connection error: Endpoint closed
2026-09-15T20:58:21.362 WARN kycontroller::kymux_controller::server - Kynet accept failed: connection error: Endpoint closed
2026-09-15T20:58:21.362 WARN kycontroller::kymux_controller::server - Kynet accept failed: connection error: Endpoint closed
2026-09-15T20:58:21.362 WARN kycontroller::kymux_controller::server - Kynet accept failed: connection error: Endpoint closed
2026-09-15T20:58:21.362 WARN kycontroller::kymux_controller::server - Kynet accept failed: connection error: Endpoint closed
2026-09-15T20:58:21.362 WARN kycontroller::kymux_controller::server - Kynet accept failed: connection error: Endpoint closed
2026-09-15T20:58:21.362 WARN kycontroller::kymux_controller::server - Kynet accept failed: connection error: Endpoint closed
2026-09-15T20:58:21.362 WARN kycontroller::kymux_controller::server - Kynet accept failed: connection error: Endpoint closed
2026-09-15T20:58:21.362 WARN kycontroller::kymux_controller::server - Kynet accept failed: connection error: Endpoint closed
2026-09-15T20:58:21.362 WARN kycontroller::kymux_controller::server - Kynet accept failed: connection error: Endpoint closed
2026-09-15T20:58:21.362 WARN kycontroller::kymux_controller::server - Kynet accept failed: connection error: Endpoint closed
2026-09-15T20:58:21.362 WARN kycontroller::kymux_controller::server - Kynet accept failed: connection error: Endpoint closed
2026-09-15T20:58:21.362 WARN kycontroller::kymux_controller::server - Kynet accept failed: connection error: Endpoint closed
2026-09-15T20:58:21.362 WARN kycontroller::kymux_controller::server - Kynet accept failed: connection error: Endpoint closed
2026-09-15T20:58:21.362 WARN kycontroller::kymux_controller::server - Kynet accept failed: connection error: Endpoint closed
2026-09-15T20:58:21.362 WARN kycontroller::kymux_controller::server - Kynet accept failed: connection error: Endpoint closed
2026-09-15T20:58:21.362 WARN kycontroller::kymux_controller::server - Kynet accept failed: connection error: Endpoint closed
2026-09-15T20:58:21.362 WARN kycontroller::kymux_controller::server - Kynet accept failed: connection error: Endpoint closed
2026-09-15T20:58:21.362 WARN kycontroller::kymux_controller::server - Kynet accept failed: connection error: Endpoint closed
2026-09-15T20:58:21.362 WARN kycontroller::kymux_controller::server - Kynet accept failed: connection error: Endpoint closed
2026-09-15T20:58:21.362 WARN kycontroller::kymux_controller::server - Kynet accept failed: connection error: Endpoint closed
2026-09-15T20:58:21.362 WARN kycontroller::kymux_controller::server - Kynet accept failed: connection error: Endpoint closed
2026-09-15T20:58:21.362 WARN kycontroller::kymux_controller::server - Kynet accept failed: connection error: Endpoint closed
2026-09-15T20:58:21.362 WARN kycontroller::kymux_controller::server - Kynet accept failed: connection error: Endpoint closed
2026-09-15T20:58:21.362 WARN kycontroller::kymux_controller::server - Kynet accept failed: connection error: Endpoint closed
2026-09-15T20:58:21.362 WARN kycontroller::kymux_controller::server - Kynet accept failed: connection error: Endpoint closed
2026-09-15T20:58:21.362 WARN kycontroller::kymux_controller::server - Kynet accept failed: connection error: Endpoint closed
2026-09-15T20:58:21.362 WARN kycontroller::kymux_controller::server - Kynet accept failed: connection error: Endpoint closed
2026-09-15T20:58:21.362 WARN kycontroller::kymux_controller::server - Kynet accept failed: connection error: Endpoint closed
2026-09-15T20:58:21.362 WARN kycontroller::kymux_controller::server - Kynet accept failed: connection error: Endpoint closed
2026-09-15T20:58:21.362 WARN kycontroller::kymux_controller::server - Kynet accept failed: connection error: Endpoint closed
2026-09-15T20:58:21.362 WARN kycontroller::kymux_controller::server - Kynet accept failed: connection error: Endpoint closed
2026-09-15T20:58:21.362 WARN kycontroller::kymux_controller::server - Kynet accept failed: connection error: Endpoint closed
2026-09-15T20:58:21.362 WARN kycontroller::kymux_controller::server - Kynet accept failed: connection error: Endpoint closed
2026-09-15T20:58:21.362 WARN kycontroller::kymux_controller::server - Kynet accept failed: connection error: Endpoint closed
2026-09-15T20:58:21.362 WARN kycontroller::kymux_controller::server - Kynet accept failed: connection error: Endpoint closed
2026-09-15T20:58:21.362 WARN kycontroller::kymux_controller::server - Kynet accept failed: connection error: Endpoint closed
2026-09-15T20:58:21.362 WARN kycontroller::kymux_controller::server - Kynet accept failed: connection error: Endpoint closed
2026-09-15T20:58:21.362 WARN kycontroller::kymux_controller::server - Kynet accept failed: connection error: Endpoint closed
2026-09-15T20:58:21.362 WARN kycontroller::kymux_controller::server - Kynet accept failed: connection error: Endpoint closed
2026-09-15T20:58:21.362 WARN kycontroller::kymux_controller::server - Kynet accept failed: connection error: Endpoint closed
2026-09-15T20:58:21.362 WARN kycontroller::kymux_controller::server - Kynet accept failed: connection error: Endpoint closed
2026-09-15T20:58:21.362 WARN kycontroller::kymux_controller::server - Kynet accept failed: connection error: Endpoint closed
2026-09-15T20:58:21.362 WARN kycontroller::kymux_controller::server - Kynet accept failed: connection error: Endpoint closed
2026-09-15T20:58:21.362 WARN kycontroller::kymux_controller::server - Kynet accept failed: connection error: Endpoint closed
2026-09-15T20:58:21.362 WARN kycontroller::kymux_controller::server - Kynet accept failed: connection error: Endpoint closed
2026-09-15T20:58:21.362 WARN kycontroller::kymux_controller::server - Kynet accept failed: connection error: Endpoint closed
2026-09-15T20:58:21.362 WARN kycontroller::kymux_controller::server - Kynet accept failed: connection error: Endpoint closed
2026-09-15T20:58:21.362 WARN kycontroller::kymux_controller::server - Kynet accept failed: connection error: Endpoint closed
2026-09-15T20:58:21.362 WARN kycontroller::kymux_controller::server - Kynet accept failed: connection error: Endpoint closed
2026-09-15T20:58:21.362 WARN kycontroller::kymux_controller::server - Kynet accept failed: connection error: Endpoint closed
2026-09-15T20:58:21.362 WARN kycontroller::kymux_controller::server - Kynet accept failed: connection error: Endpoint closed
2026-09-15T20:58:21.362 WARN kycontroller::kymux_controller::server - Kynet accept failed: connection error: Endpoint closed
2026-09-15T20:58:21.362 WARN kycontroller::kymux_controller::server - Kynet accept failed: connection error: Endpoint closed
2026-09-15T20:58:21.362 WARN kycontroller::kymux_controller::server - Kynet accept failed: connection error: Endpoint closed
2026-09-15T20:58:21.362 WARN kycontroller::kymux_controller::server - Kynet accept failed: connection error: Endpoint closed
2026-09-15T20:58:21.362 WARN kycontroller::kymux_controller::server - Kynet accept failed: connection error: Endpoint closed
2026-09-15T20:58:21.362 WARN kycontroller::kymux_controller::server - Kynet accept failed: connection error: Endpoint closed
2026-09-15T20:58:21.362 WARN kycontroller::kymux_controller::server - Kynet accept failed: connection error: Endpoint closed
2026-09-15T20:58:21.362 WARN kycontroller::kymux_controller::server - Kynet accept failed: connection error: Endpoint closed
2026-09-15T20:58:21.362 WARN kycontroller::kymux_controller::server - Kynet accept failed: connection error: Endpoint closed
2026-09-15T20:58:21.362 WARN kycontroller::kymux_controller::server - Kynet accept failed: connection error: Endpoint closed
2026-09-15T20:58:21.362 WARN kycontroller::kymux_controller::server - Kynet accept failed: connection error: Endpoint closed
2026-09-15T20:58:21.362 WARN kycontroller::kymux_controller::server - Kynet accept failed: connection error: Endpoint closed
2026-09-15T20:58:21.362 WARN kycontroller::kymux_controller::server - Kynet accept failed: connection error: Endpoint closed
2026-09-15T20:58:21.362 WARN kycontroller::kymux_controller::server - Kynet accept failed: connection error: Endpoint closed
2026-09-15T20:58:21.362 WARN kycontroller::kymux_controller::server - Kynet accept failed: connection error: Endpoint closed
2026-09-15T20:58:21.362 WARN kycontroller::kymux_controller::server - Kynet accept failed: connection error: Endpoint closed
2026-09-15T20:58:21.362 WARN kycontroller::kymux_controller::server - Kynet accept failed: connection error: Endpoint closed
2026-09-15T20:58:21.362 WARN kycontroller::kymux_controller::server - Kynet accept failed: connection error: Endpoint closed
2026-09-15T20:58:21.362 WARN kycontroller::kymux_controller::server - Kynet accept failed: connection error: Endpoint closed
2026-09-15T20:58:21.362 WARN kycontroller::kymux_controller::server - Kynet accept failed: connection error: Endpoint closed
2026-09-15T20:58:21.362 WARN kycontroller::kymux_controller::server - Kynet accept failed: connection error: Endpoint closed
2026-09-15T20:58:21.362 WARN kycontroller::kymux_controller::server - Kynet accept failed: connection error: Endpoint closed
2026-09-15T20:58:21.362 WARN kycontroller::kymux_controller::server - Kynet accept failed: connection error: Endpoint closed
2026-09-15T20:58:21.362 WARN kycontroller::kymux_controller::server - Kynet accept failed: connection error: Endpoint closed
2026-09-15T20:58:21.362 WARN kycontroller::kymux_controller::server - Kynet accept failed: connection error: Endpoint closed
2026-09-15T20:58:21.362 WARN kycontroller::kymux_controller::server - Kynet accept failed: connection error: Endpoint closed
2026-09-15T20:58:21.362 WARN kycontroller::kymux_controller::server - Kynet accept failed: connection error: Endpoint closed
2026-09-15T20:58:21.362 WARN kycontroller::kymux_controller::server - Kynet accept failed: connection error: Endpoint closed
2026-09-15T20:58:21.362 WARN kycontroller::kymux_controller::server - Kynet accept failed: connection error: Endpoint closed
2026-09-15T20:58:21.362 WARN kycontroller::kymux_controller::server - Kynet accept failed: connection error: Endpoint closed
2026-09-15T20:58:21.362 WARN kycontroller::kymux_controller::server - Kynet accept failed: connection error: Endpoint closed
2026-09-15T20:58:21.362 WARN kycontroller::kymux_controller::server - Kynet accept failed: connection error: Endpoint closed
2026-09-15T20:58:21.362 WARN kycontroller::kymux_controller::server - Kynet accept failed: connection error: Endpoint closed
2026-09-15T20:58:21.362 WARN kycontroller::kymux_controller::server - Kynet accept failed: connection error: Endpoint closed
2026-09-15T20:58:21.362 WARN kycontroller::kymux_controller::server - Kynet accept failed: connection error: Endpoint closed
2026-09-15T20:58:21.362 WARN kycontroller::kymux_controller::server - Kynet accept failed: connection error: Endpoint closed
2026-09-15T20:58:21.362 WARN kycontroller::kymux_controller::server - Kynet accept failed: connection error: Endpoint closed
2026-09-15T20:58:21.362 WARN kycontroller::kymux_controller::server - Kynet accept failed: connection error: Endpoint closed
2026-09-15T20:58:21.362 WARN kycontroller::kymux_controller::server - Kynet accept failed: connection error: Endpoint closed
2026-09-15T20:58:21.362 WARN kycontroller::kymux_controller::server - Kynet accept failed: connection error: Endpoint closed
2026-09-15T20:58:21.363 WARN kycontroller::kymux_controller::server - Kynet accept failed: connection error: Endpoint closed
2026-09-15T20:58:21.363 WARN kycontroller::kymux_controller::server - Kynet accept failed: connection error: Endpoint closed
2026-09-15T20:58:21.363 WARN kycontroller::kymux_controller::server - Kynet accept failed: connection error: Endpoint closed
2026-09-15T20:58:21.363 WARN kycontroller::kymux_controller::server - Kynet accept failed: connection error: Endpoint closed
2026-09-15T20:58:21.363 WARN kycontroller::kymux_controller::server - Kynet accept failed: connection error: Endpoint closed
2026-09-15T20:58:21.363 INFO kycontroller - Session stopped
2026-09-15T20:58:21.363 WARN kycontroller::kymux_controller::server - Kynet accept failed: connection error: Endpoint closed
2026-09-15T20:58:21.363 WARN kycontroller::kymux_controller::server - Kynet accept failed: connection error: Endpoint closed
2026-09-15T20:58:21.363 WARN kycontroller::kymux_controller::server - Kynet accept failed: connection error: Endpoint closed
2026-09-15T20:58:21.363 INFO actix_web::middleware::logger - ::ffff:127.0.0.1 "POST /session/logout HTTP/1.1" 200 0 "-" "-" 0.067112
